datetime,PC1,PC2,PC3,PC4,PC5
2023-10-01 00:00:00,-0.3614152046043482,-0.5771345608621723,-0.3524412082508115,-0.1954295840888975,-0.3902847303001463
2023-10-01 00:15:00,-0.19397460617819492,-1.5827583854328446,-0.1774121790207125,-0.19108525193540293,-0.5644985364872767
2023-10-01 00:20:00,-0.19296555649858244,-1.5595454456550868,-0.17824359816934388,-0.16272214437265742,-0.7061759438628203
2023-10-01 00:25:00,-0.1898620048683162,-1.5101686495561477,-0.17887176904394728,-0.3422709440647769,-0.7076448713451408
2023-10-01 00:30:00,-0.0733845627858707,-1.4825971462702965,-0.3014247259026273,-0.4036699354330761,-0.5260772322833891
2023-10-01 00:35:00,-0.07936979578768273,-1.6000209758090131,-0.17956499547084007,-0.3488830992290571,-0.4862585853190512
2023-10-01 00:40:00,-0.07774806030031552,-1.661019635394574,-0.18026700894919506,-0.3584289097948955,-0.5523403177345578
2023-10-01 00:45:00,-0.522556621464453,-1.7024198050898063,-0.17785227481517094,-0.3329720975033074,-0.5647731485103835
2023-10-01 00:50:00,-0.5217667420493682,-1.6362647839938977,-0.17797254551888997,-0.335149797377935,-0.47073486183456276
2023-10-01 00:55:00,-0.522864624673487,-1.594834689445926,-0.17760132468361287,-0.32951273376659834,-0.4712556296748554
2023-10-01 01:00:00,-0.5770558802406704,-1.5941016714866671,-0.5590407409585496,-0.35217939233679724,-0.5974776494796884
2023-10-01 01:05:00,-0.5769776048439299,-1.6580744187536764,-0.17824449304525272,-0.3348717939759081,-0.5759651783252563
2023-10-01 01:10:00,-0.5785820236719419,-1.615173960267839,-0.17798688425904524,-0.3290275643049757,-0.7062456209387229
2023-10-01 01:15:00,-0.5576163011319573,-1.4972016179781125,-0.17964753145741086,-0.351789628392434,-0.5557832147179101
2023-10-01 01:20:00,-0.5579653776754097,-1.5755002579157413,-0.1799199065488997,-0.19264781304068926,-0.5263395850429217
2023-10-01 01:25:00,-0.5603588695038014,-1.5799771365374604,-0.17858796246135095,-0.33803943724393876,-0.5572231107054002
2023-10-01 01:30:00,-0.8760835960626709,-1.7202875360615855,-0.62660346345784,-0.3575155850996244,-0.5802584709541575
2023-10-01 01:35:00,-0.8741624843844945,-1.7039206464434367,-0.17960955136738688,-0.35259953703689473,-0.45866888816324375
2023-10-01 01:40:00,-0.8767234111492678,-1.6948924993575112,-0.178620031400402,-0.3391186533910425,-0.43320853341526755
2023-10-01 01:45:00,-0.9695082997649268,-1.6342171806859622,-0.17933226081945108,-0.3400170101990063,-0.4518701044840502
2023-10-01 01:50:00,-0.9650789635644078,-1.5756490373718621,-0.18095946494584605,-0.36211380606034216,-0.4362300375539534
2023-10-01 01:55:00,-0.9620460152488318,-1.5330870521838285,-0.18209644836508082,-0.37740700936894334,-0.4346740344234083
2023-10-01 02:00:00,-1.235814435083598,-1.5028474221000763,-0.6933520560161295,-0.3884478838813979,-0.42338913495846564
2023-10-01 02:05:00,-1.2361437256374739,-1.527081610427349,-0.18197990135044614,-0.37352603217821345,-0.47291480028228666
2023-10-01 02:10:00,-1.2349046323396402,-1.596722280890965,-0.18250544316700537,-0.38090437111214187,-0.5258250664185886
2023-10-01 02:15:00,-1.3596976945717394,-1.69561271276848,-0.18322138026572918,-0.38666486538526607,-0.39534025110867776
2023-10-01 02:20:00,-1.3566154033916127,-1.6040801533022038,-0.18453395495380975,-0.403096470639294,-0.44720407646367655
2023-10-01 02:25:00,-1.356729741594165,-1.6245264990368118,-0.1845391255471333,-0.40304122672342824,-0.47401746534595246
2023-10-01 02:30:00,-1.353942910144002,-1.5973069216304738,-0.8063285851016196,-0.4364387690308786,-0.38577205116581953
2023-10-01 02:35:00,-1.3504313756762225,-1.563961271135047,-0.18842252468929047,-0.450446471538545,-0.37038937653479526
2023-10-01 02:40:00,-1.3521086926437533,-1.56036425323291,-0.18860749332740592,-0.28668777310402044,-0.4886180180861621
2023-10-01 02:45:00,-1.6264187517564705,-1.5255197657030946,-0.1876395485892691,-0.3110418242064583,-0.37879575725782
2023-10-01 02:50:00,-1.6240026977562287,-1.5815442898968788,-0.1881431156312219,-0.4453342106955165,-0.4066354245029909
2023-10-01 02:55:00,-1.620346120820908,-1.428227510489661,-0.18952488910873677,-0.4631026848310917,-0.3779426524700093
2023-10-01 03:00:00,-1.6731207299329984,-1.584554488139737,-0.19156895491520196,-0.4849147457212821,-0.2386174810166387
2023-10-01 03:05:00,-1.6751807826930971,-1.6399800602633703,-0.19108491219869012,-0.47701320917037726,-0.37339743327334973
2023-10-01 03:10:00,-1.6750039527172815,-1.5282950814920135,-0.19189392205284161,-0.31387727845760927,-0.4236244238489217
2023-10-01 03:15:00,-1.9364742503348582,-1.5891337191398331,-0.18875881266210584,-0.4476203357943314,-0.3473774422648732
2023-10-01 03:20:00,-1.9363351315899038,-1.6989158448733603,-0.18863952535020084,-0.44778902318232267,-0.30727815643320633
2023-10-01 03:25:00,-1.9379668377282984,-1.6581131909799895,-0.1882265842006605,-0.4406674170024223,-0.374919537442565
2023-10-01 03:30:00,-1.988088534773154,-1.5928474078912025,-0.7011693005782622,-0.4672272739230684,-0.3956042221560103
2023-10-01 03:35:00,-1.9870551743510976,-1.6500374123079935,-0.19008677103302105,-0.4578057960718695,-0.3642476679344589
2023-10-01 03:40:00,-1.9885989591320978,-1.6539324075564832,-0.18967418107478093,-0.45120926015124574,-0.43187816647202926
2023-10-01 03:45:00,-2.0773249002673237,-1.5377011313834477,-0.19212296160139133,-0.47779299018035915,-0.4346732815523369
2023-10-01 03:50:00,-2.075698023934797,-1.4297323424087574,-0.19260905332462616,-0.48438148446667273,-0.3535528662981596
2023-10-01 03:55:00,-2.0774051067014376,-1.3525376074898925,-0.19261208589016718,-0.34033138061462787,-0.4052868398802064
2023-10-01 04:00:00,-2.269007873546442,-1.2987344346093144,-1.1155171410956963,-0.3184408854440868,-0.3909489894077805
2023-10-01 04:05:00,-2.2595978887175217,-1.4311114671187677,-0.19425435883491873,-0.5047067879051301,-0.44428527970659343
2023-10-01 04:10:00,-2.2587849979851518,-1.4734231635820956,-0.19518719264743303,-0.3447507973008077,-0.49430154499652335
2023-10-01 04:15:00,-2.3715028986524596,-1.3252030489071427,-0.198556701143245,-0.39163043840092276,-0.4846366971749695
2023-10-01 04:20:00,-2.3738749050021597,-1.3728640014698295,-0.19751085007162267,-0.38589567593215207,-0.43251688148269146
2023-10-01 04:25:00,-2.3720853542292533,-1.3375323507047574,-0.19781559939216142,-0.5466511254210865,-0.4878925118235144
2023-10-01 04:30:00,-2.7385435116255317,-1.4849635041750349,-1.1239207131839986,-0.46402123854181465,-0.36398863238454526
2023-10-01 04:35:00,-2.7281839772853327,-1.4880117816950076,-0.19808107397351413,-0.5477247737933744,-0.4780463250634674
2023-10-01 04:40:00,-2.730440310337873,-1.4969577812844754,-0.19706712339101648,-0.534843827975045,-0.3989645031775533
2023-10-01 04:45:00,-2.675678439008052,-1.4140515504346505,-0.19937696762593893,-0.5609449661694385,-0.61450944206982
2023-10-01 04:50:00,-2.673631236909518,-1.3137564289176111,-0.19974428337134512,-0.5675586452972959,-0.41704526175042894
2023-10-01 04:55:00,-2.6759796584730884,-1.4103425230209599,-0.19891085511382398,-0.556561946376015,-0.4584086595799284
2023-10-01 05:00:00,-2.7430884596505942,-1.4601185835786181,-1.2279885321611015,-0.44545793056631444,-0.4106633938360876
2023-10-01 05:05:00,-2.733709977551263,-1.41562513471911,-0.1964489229934837,-0.5254631837786352,-0.38365969420985635
2023-10-01 05:10:00,-2.7289086054681153,-1.4319220940613202,-0.19825085398323125,-0.5503100786105452,-0.407999601542881
2023-10-01 05:15:00,-2.728382349362115,-1.402886564902321,-0.20086630589321758,-0.5933589641692364,-0.3380396835874243
2023-10-01 05:20:00,-2.733366630977276,-1.4824321201249149,-0.19905240638409868,-0.5687312882894722,-0.36734462893589764
2023-10-01 05:25:00,-2.7366578445391823,-1.5618689505319685,-0.1979178200897598,-0.55317051786098,-0.4225396842485637
2023-10-01 05:30:00,-2.9464693581370938,-1.6475931891131474,-1.568009293090059,-0.4663721532603222,-0.31657016026092577
2023-10-01 05:35:00,-2.9434172545215,-1.6907345145162878,-0.19560164596969104,-0.5231002006605526,-0.6172636127945328
2023-10-01 05:40:00,-2.9429126000033903,-1.7776466592694984,-0.19572409945634717,-0.5258121197052157,-0.617074744415893
2023-10-01 05:45:00,-2.8865571599417947,-1.5948125042904597,-0.19712136649701456,-0.5403272370644574,-0.6110426977207924
2023-10-01 05:50:00,-2.8887463544419374,-1.4876003494427308,-0.19603978375391673,-0.5261930209011001,-0.4558129838646956
2023-10-01 05:55:00,-2.8882740743612954,-1.5052903619850508,-0.19619956650505369,-0.5286176980680292,-0.4555886753671932
2023-10-01 06:00:00,-2.8615062439714394,-1.4451204189182445,-1.5679378445483603,-0.4286623271182315,-0.39766813829902964
2023-10-01 06:05:00,-2.8452624789826975,-1.4740263645305705,-0.19822793115333426,-0.5554575990022218,-0.4091318129892229
2023-10-01 06:10:00,-2.8449014229679714,-1.5407495003640905,-0.19831231610970715,-0.5574059264790076,-0.408999938318737
2023-10-01 06:15:00,-2.824526258334092,-1.3912613477089595,-0.19634913921361843,-0.53201927671552,-0.47254160968257874
2023-10-01 06:20:00,-2.8234971958151776,-1.3145750017666393,-0.1966255753976394,-0.5358779942668774,-0.4051148984211014
2023-10-01 06:25:00,-2.8256660437410948,-1.3600002073262432,-0.19595540810651643,-0.5261879745668636,-0.47309101390505187
2023-10-01 06:30:00,-2.8399382146521934,-1.3336027329889153,-1.4533216827286572,-0.4304092840129957,-0.3607943950783383
2023-10-01 06:35:00,-2.822299906354822,-1.2464959038331993,-0.19942582510593013,-0.5686050330132376,-0.44527094843358006
2023-10-01 06:40:00,-2.82142902284705,-1.255534492220339,-0.19973720633849992,-0.5730341711905724,-0.4448399972895857
2023-10-01 06:45:00,-2.915996093852989,-1.2153067140813785,-0.1978986091241802,-0.5520180430850838,-0.38809532887237425
2023-10-01 06:50:00,-2.91668041039188,-1.3260867239359642,-0.1977544763182101,-0.550210819333023,-0.46874452754833434
2023-10-01 06:55:00,-2.9163535815315265,-1.29099025725152,-0.19789865727115408,-0.5518045110607235,-0.46855412011315833
2023-10-01 07:00:00,-3.08959560567474,-1.3696814457292705,-1.388962076360625,-0.3900756905810432,-0.30284667106455243
2023-10-01 07:05:00,-3.078609667809252,-1.4100663866544103,-0.19378278626626808,-0.5041135448353883,-0.4330939719475057
2023-10-01 07:10:00,-3.078021727521044,-1.3889244438705828,-0.19392022762669336,-0.5063235591724131,-0.39267116815636555
2023-10-01 07:15:00,-2.982487194638707,-1.376758446184768,-0.1957716845872788,-0.5311488570355906,-0.33880637808602065
2023-10-01 07:20:00,-2.9824126436956724,-1.321553335252002,-0.19605301841331738,-0.5331355620277973,-0.43232112011947554
2023-10-01 07:25:00,-2.9831276721585938,-1.422264549471713,-0.1955977739568264,-0.5287159728375759,-0.37927347491274366
2023-10-01 07:30:00,-2.8291967118216537,-1.4442822569901965,-1.5606007662490586,-0.41328567179674996,-0.3032581234192247
2023-10-01 07:35:00,-2.8119637357340874,-1.4087921008191617,-0.19869751962060447,-0.5603080186871904,-0.3918931817039592
2023-10-01 07:40:00,-2.808639115274616,-1.4982421897756009,-0.20022138597755504,-0.4540429467765916,-0.3746175840529408
2023-10-01 07:45:00,-2.726029963975729,-1.406943220807548,-0.2011516980191655,-0.5845162815782006,-0.3639921610790176
2023-10-01 07:50:00,-2.7255491394609663,-1.4551424129827526,-0.2014771716129904,-0.5885018492838702,-0.44400955457011426
2023-10-01 07:55:00,-2.730507398692095,-1.4878153022259246,-0.1996753398105537,-0.5636787433525988,-0.45989615110833443
2023-10-01 08:00:00,-2.7900367360135423,-1.4910696940094765,-1.6121689811996485,-0.2737861539591624,-0.3922365375678077
2023-10-01 08:05:00,-2.7715821025274985,-1.4127103210721232,-0.1996028358513013,-0.3958832222676462,-0.4364870515586238
2023-10-01 08:10:00,-2.7706055333748174,-1.4620621870976855,-0.19966892067915246,-0.42103394238586084,-0.35621331023461345
2023-10-01 08:15:00,-2.7197190061707768,-1.5442004182572064,-0.20175495755650122,-0.40029820491337376,-0.5886337286953591
2023-10-01 08:20:00,-2.733795745310611,-1.0628106475270709,-0.19641693009787348,-0.3237703158404677,-0.3588741365487361
2023-10-01 08:25:00,-2.7331526816466893,-1.2779433089773677,-0.19643753799308108,-0.32689765277496624,-0.33196953232998644
2023-10-01 08:30:00,-2.687741475634399,-1.2810662885072048,-1.5437507103784858,-0.24053708008491329,-0.3566778749864752
2023-10-01 08:35:00,-2.676635133659237,-1.2343955941663218,-0.19758283722378567,-0.34761433684443405,-0.2921218281940402
2023-10-01 08:40:00,-2.6753667258654055,-1.060690813855179,-0.19852891293258998,-0.28266936129246983,-0.34348967820224363
2023-10-01 08:45:00,-2.5708904312219696,-1.0699714021981408,-0.20045814639422876,-0.38685293543606236,-0.4010338148441114
2023-10-01 08:50:00,-2.57374111491146,-1.1206516726539146,-0.19924516198830527,-0.35660569594073765,-0.3220111503066444
2023-10-01 08:55:00,-2.5739859947806902,-1.0057577014706185,-0.19899346309955898,-0.4197008817563452,-0.3098894869918046
2023-10-01 09:00:00,-2.8288507052664538,-1.139636510203435,-1.3894354138582796,-0.4199415955053281,-0.32527206307842105
2023-10-01 09:05:00,-2.814348021754961,-1.1408942139265876,-0.19804502722716896,-0.5425431307644514,-0.3216567032634487
2023-10-01 09:10:00,-2.812199303243128,-1.189123323925866,-0.19937855657233147,-0.42403065949878466,-0.3850210273855928
2023-10-01 09:15:00,-2.533897428071737,-1.2004021230067785,-0.20060428966729782,-0.5720730422316737,-0.34707807508955874
2023-10-01 09:20:00,-2.5343192638966863,-1.342068604510396,-0.2007213644375855,-0.4094046847181971,-0.277558516435008
2023-10-01 09:25:00,-2.5360908781490674,-1.3252792298015168,-0.19989944519175876,-0.5626436393783355,-0.4284967632920039
2023-10-01 09:30:00,-2.5558985626435855,-1.3616004639944406,-1.3637116766886244,-0.4642521862185522,-0.34494114375949275
2023-10-01 09:35:00,-2.544734381949418,-1.2950845348296818,-0.2004001132243441,-0.5688486216888605,-0.41515765688990675
2023-10-01 09:40:00,-2.5420029593017364,-1.2753439768964863,-0.20119592503971734,-0.5809473200058712,-0.32017605949688266
2023-10-01 09:45:00,-2.6667509332524317,-1.1626636645366948,-0.20329499231793283,-0.4878492847028093,-0.3435517002639865
2023-10-01 09:50:00,-2.6702780822003644,-1.1813720278507893,-0.20149542990595906,-0.5929682440352536,-0.30753976988669923
2023-10-01 09:55:00,-2.6712205425321707,-1.20082509524198,-0.20122981832072462,-0.5889587569510141,-0.34813962134897325
2023-10-01 10:00:00,-2.8042530587358834,-1.0814441434215605,-1.366712740282363,-0.2913408362715805,-0.2779193129295235
2023-10-01 10:05:00,-2.79126235528534,-1.0487402997357602,-0.20012322155369752,-0.5763729956216764,-0.4134110558892632
2023-10-01 10:10:00,-2.7889563008940317,-1.0662139356475695,-0.20073739019399162,-0.5863824369707843,-0.31867083499811755
2023-10-01 10:15:00,-3.003428897784832,-1.048196047887314,-0.19792245778713488,-0.5575661342047996,-0.3391341825119136
2023-10-01 10:20:00,-3.003658007690428,-1.0341596482885393,-0.19787952249415117,-0.5566240617878538,-0.35260934681710054
2023-10-01 10:25:00,-3.0018412320734327,-1.0140411939194656,-0.19905230948735042,-0.40564335880570934,-0.33531991267481087
2023-10-01 10:30:00,-2.669333286420955,-1.1746625405393352,-0.20121115237149217,-0.4356409811824037,-0.3145897915419314
2023-10-01 10:35:00,-2.6720071439050512,-1.212248540911696,-0.19994474376213678,-0.5693976139316297,-0.41227753460191446
2023-10-01 10:40:00,-2.675640511985347,-1.2983468280243862,-0.19831210546291714,-0.5491882858845988,-0.3072027204811133
2023-10-01 10:45:00,-2.624250989748309,-1.2522819727026449,-0.19842729321651484,-0.5453315580049268,-0.35139754783331434
2023-10-01 10:50:00,-2.6199824117355504,-1.1999471299493505,-0.200175641580876,-0.5680881310502941,-0.4160661822173317
2023-10-01 10:55:00,-2.6217321648010476,-1.118587547490779,-0.1994106578005348,-0.5576134608510235,-0.33666115215517717
2023-10-01 11:00:00,-2.7115894636838473,-1.230825286638183,-0.8264951169084621,-0.5629342978295864,-0.39151406767019226
2023-10-01 11:05:00,-2.7169587601149656,-1.1864041813948265,-0.19704956591060283,-0.38502838272154905,-0.4364328933158314
2023-10-01 11:10:00,-2.7183326860437105,-1.0033052754431535,-0.19691257596373835,-0.33524103177694203,-0.47629027859250717
2023-10-01 11:15:00,-2.6788242868025547,-1.0733624734992373,-0.19892692815173202,-0.36325395215768486,-0.40741689050369223
2023-10-01 11:20:00,-2.6820092046768593,-1.1253060615718071,-0.19750763396519758,-0.40454276949828016,-0.39676251495558834
2023-10-01 11:25:00,-2.6868450470503475,-1.1679911646128893,-0.19586627590401162,-0.3813068471297212,-0.46607725780507386
2023-10-01 11:30:00,-2.573884001985579,-1.1897445679449923,-1.4479055101573075,-0.2729588132501429,-0.39220530114925795
2023-10-01 11:35:00,-2.571140946994961,-1.0950176303544934,-0.1924588267943423,-0.3043196918375324,-0.4493726959907322
2023-10-01 11:40:00,-2.565562614406892,-1.1565945390482666,-0.19374604014331323,-0.49895515324217204,-0.38289394475803196
2023-10-01 11:45:00,-2.607927313607806,-1.141470787227185,-0.19292404950728678,-0.3389623776568677,-0.3589729355020094
2023-10-01 11:50:00,-2.622851868110034,-1.0810028011653194,-0.18789902432118516,-0.2440376229399768,-0.4997304824418976
2023-10-01 11:55:00,-2.614028179809088,-1.1618101814350101,-0.1910169115921768,-0.27373467538834084,-0.45497431868268995
2023-10-01 12:00:00,-2.6568586428219287,-1.0397030943171934,-1.3953725514147224,-0.19603488996973972,-0.2808907205464974
2023-10-01 12:05:00,-2.653000793068086,-1.0620478264247755,-0.19455280189134255,-0.14230608160040448,-0.3808082479433291
2023-10-01 12:10:00,-2.650355116131376,-1.0405028958213913,-0.1957959616445268,-0.14295432803767988,-0.4727872543483029
2023-10-01 12:15:00,-2.6705350663585783,-0.8374069646567852,-0.19579013515813173,-0.17388465855486743,-0.3620236346581041
2023-10-01 12:20:00,-2.6730878569640977,-0.8917108965270655,-0.19505174477413006,-0.1480816564940317,-0.44330117637191796
2023-10-01 12:25:00,-2.668056673405248,-1.0254316981958636,-0.19642872178959106,-0.207839689656881,-0.33457968843986174
2023-10-01 12:30:00,-3.090262125574591,-1.0851326973593138,-1.3447088207123432,-0.1391962540472157,-0.27502348367438423
2023-10-01 12:35:00,-3.083509159485194,-1.1152885520808935,-0.19292489508797947,-0.23102972993908621,-0.39060063082652385
2023-10-01 12:40:00,-3.0846934650934372,-1.1492077715487823,-0.19250644566937877,-0.23275076231905134,-0.4180965027537739
2023-10-01 12:45:00,-3.0878588092895036,-1.1663364493396902,-0.19121814398174042,-0.28225071473564667,-0.46102354798535694
2023-10-01 12:50:00,-3.084345896410131,-1.053071485783601,-0.19185086913559649,-0.4736791358927625,-0.39559400102507924
2023-10-01 12:55:00,-3.084752666848906,-1.086164841050771,-0.19158682110913952,-0.47094513120236486,-0.35571099723034577
2023-10-01 13:00:00,-2.8560660529230844,-0.9476619648650153,-1.5939459491276364,-0.4035451810834268,-0.27668959093079
2023-10-01 13:05:00,-2.8456306685268693,-0.8845540450797265,-0.19503342398057266,-0.5052521202501887,-0.33201915369260493
2023-10-01 13:10:00,-2.8459007693229603,-0.9867183888617614,-0.19501585860107637,-0.5052846712551134,-0.3990844723093052
2023-10-01 13:15:00,-2.8973593921938554,-0.9452138283404405,-0.19393386141023836,-0.49157950674909406,-0.4447935963018208
2023-10-01 13:20:00,-2.894542241653276,-1.054443761099783,-0.19528378821377013,-0.33679706890932937,-0.37346310277603406
2023-10-01 13:25:00,-2.8953142585715375,-1.1036116290927178,-0.19435276691412584,-0.500517550561594,-0.3502887174908946
2023-10-01 13:30:00,-3.0976514164100495,-0.7934337838867347,-1.7133929787905635,-0.17668209385865918,-0.281415793477842
2023-10-01 13:35:00,-3.086998886128627,-0.6707692987183529,-0.19081640046060894,-0.4568724609182448,-0.24956403998784288
2023-10-01 13:40:00,-3.0854194846599268,-0.7644703811947077,-0.1915718711068235,-0.4669936448796186,-0.35580563094017637
2023-10-01 13:45:00,-3.081560921441819,-0.8859369336380343,-0.19289368291263304,-0.4867624127782929,-0.3539567800405002
2023-10-01 13:50:00,-3.08205712764018,-1.0210054106601598,-0.1927702487615611,-0.48570777188244996,-0.4211603837760709
2023-10-01 13:55:00,-3.0838062958819186,-1.0639304060315082,-0.19207077150026738,-0.47667666119004454,-0.4087005840619286
2023-10-01 14:00:00,-3.0940826561599892,-1.0755342537499442,-1.2824341201715135,-0.37036729420782677,-0.28368978011386065
2023-10-01 14:05:00,-3.082524012039837,-1.0540423779820047,-0.19260712688846873,-0.4836445895654776,-0.43479012298811986
2023-10-01 14:10:00,-3.0858761405158712,-0.9828028861282813,-0.1913730503086002,-0.4660437009955029,-0.4096802584860482
2023-10-01 14:15:00,-3.009803394657799,-0.8453859439445665,-0.1946781228420841,-0.5101122960611245,-0.3432880942913894
2023-10-01 14:20:00,-3.005551888758381,-0.8787025237872543,-0.1962366121091994,-0.5319592490638638,-0.3545468205168912
2023-10-01 14:25:00,-3.0049454382367156,-0.7718766423929324,-0.19656446013637915,-0.5350861105860648,-0.367533045390972
2023-10-01 14:30:00,-3.092032610494443,-0.8689651369385064,-1.4806193171502022,-0.37193829049156496,-0.27062216165204417
2023-10-01 14:35:00,-3.0809793699601626,-0.5034433954241667,-0.19346956229174236,-0.489760286689335,-0.39349093805161967
2023-10-01 14:40:00,-3.077320369206432,-0.05054440361244463,-0.19552449799660648,-0.36735262281787584,-0.3619610566734434
2023-10-01 14:45:00,-3.077695930723749,-0.717335213680784,-0.19445447495544965,-0.5062914184284962,-0.3652585130497156
2023-10-01 14:50:00,-3.0853727609068318,-1.0738222146199443,-0.19197558489344457,-0.32184815891727575,-0.4067469066142655
2023-10-01 14:55:00,-3.090535391122546,-0.862866546492142,-0.19029156859851618,-0.2513538448490643,-0.36826354452091725
2023-10-01 15:00:00,-3.0975836195256026,-0.8116016766782337,-1.749320273095512,-0.2076680519764476,-0.3112603238959831
2023-10-01 15:05:00,-3.083788147436394,-0.8377435378783715,-0.19263223827931425,-0.299115229625941,-0.325009782517567
2023-10-01 15:10:00,-3.0811369034413056,-0.9684032789688551,-0.19353508770685163,-0.3425313897020667,-0.3777956508948607
2023-10-01 15:15:00,-2.8436011664811267,-1.0437936140296167,-0.19925847843035127,-0.4260817834408382,-0.4453409794481971
2023-10-01 15:20:00,-2.8440416898763297,-0.6682660927766384,-0.19930130983613298,-0.3561603973106561,-0.3237332254378293
2023-10-01 15:25:00,-2.8469285226406256,-0.2972656451049973,-0.19903261158247545,-0.18244738555834106,-0.3219446146043224
2023-10-01 15:30:00,-3.094185715591353,0.052923489212501854,-1.586270862934398,-0.12902803329763649,-0.2612283065190587
2023-10-01 15:35:00,-3.087594569895825,-0.07556500507432994,-0.1917304391336979,-0.2852680014432004,-0.3131151796409312
2023-10-01 15:40:00,-3.083114670291134,-0.5613998088388511,-0.19315989963858368,-0.29513926225078174,-0.35106811376652947
2023-10-01 15:45:00,-3.0038386457751014,-0.837883662661125,-0.19411061804707955,-0.36315103263919774,-0.34111589285051686
2023-10-01 15:50:00,-3.003092080541134,-0.9122221918072285,-0.1938318292643297,-0.49937835561440835,-0.3165381183655977
2023-10-01 15:55:00,-2.9976206426773415,-0.8074205030541737,-0.19590283910835365,-0.5269174233268704,-0.3137100787214953
2023-10-01 16:00:00,-2.7014120949247022,-0.9866849702485299,-1.612652087587416,-0.2650640326585077,-0.25270972364896466
2023-10-01 16:05:00,-2.694323653815184,-1.0932972504706056,-0.19688887879063646,-0.35695366080413604,-0.3341776069037161
2023-10-01 16:10:00,-2.6975872015267606,-0.9752991123499212,-0.1956756783676562,-0.32456086240046783,-0.2686059604612954
2023-10-01 16:15:00,-2.6515022575001237,-0.8505439145734635,-0.1961702873369246,-0.3333359302240937,-0.39139851368691825
2023-10-01 16:20:00,-2.647286565582297,-0.8200451491734362,-0.19705145699654233,-0.5226257990039361,-0.33893360215357426
2023-10-01 16:25:00,-2.6464786041450754,-0.7231501286439586,-0.19741508342096073,-0.5265475711626864,-0.3384553417501664
2023-10-01 16:30:00,-2.610788624531159,-0.6359082522175369,-1.376980084154126,-0.41411936822983364,-0.3771241964486706
2023-10-01 16:35:00,-2.593485008353308,-0.7006869874763335,-0.1994135870188377,-0.5518839348111454,-0.3996607680802263
2023-10-01 16:40:00,-2.5979869896741006,-0.8714102949378582,-0.19780307534956926,-0.5305941725579003,-0.46890454608954035
2023-10-01 16:45:00,-2.4836132222368055,-0.9012690247420228,-0.20059256798109787,-0.5647036422156058,-0.341351410244117
2023-10-01 16:50:00,-2.4882186064880627,0.3195995144453955,-0.2005125955220207,-0.3640714939912516,-0.4063122653725255
2023-10-01 16:55:00,-2.4570274888078725,1.33772441039463,-0.21281243877651304,-0.4036318788241679,-0.3074978479674339
2023-10-01 17:00:00,-2.4792857668369295,0.07425370371887428,-1.561543533729647,-0.11961060848000715,-0.34225022593421217
2023-10-01 17:05:00,-2.473986662900898,-0.4946693574742716,-0.21215568794628584,-0.024510870272356062,-0.3089456465071333
2023-10-01 17:10:00,-2.4780659418736497,-0.43103516442685036,-0.20969089891691486,-0.34281188249792255,-0.35738886504769735
2023-10-01 17:15:00,-2.454952098105381,-0.8697550075157298,-0.19760966286129103,-0.3513155393856649,-0.34557140585354434
2023-10-01 17:20:00,-2.45997336304237,-0.7884810668480201,-0.19579739710579733,-0.31801284870615815,-0.3211575284771047
2023-10-01 17:25:00,-2.4601085794486734,-0.582691861463049,-0.1957714144336402,-0.3159595249594203,-0.2675881554428208
2023-10-01 17:30:00,-2.297088808261606,-0.5488725141939366,-1.2357564409717026,-0.31185578651646745,-0.28085803023836425
2023-10-01 17:35:00,-2.279927503892925,-0.7478643813595908,-0.20031132034851565,-0.4003868631072492,-0.3325648944099988
2023-10-01 17:40:00,-2.279616550495341,-0.675404871336488,-0.20011922045442151,-0.44329663620024706,-0.23956588239489554
2023-10-01 17:45:00,-2.4633691385262786,-0.5794871907197319,-0.19529993779796845,-0.5168028430857305,-0.28991648987476953
2023-10-01 17:50:00,-2.4621009865243844,-0.6389688690734681,-0.19587400717215253,-0.5245542834104631,-0.35617770982938224
2023-10-01 17:55:00,-2.458962590841277,-0.6818378190910678,-0.19708093706147628,-0.5412655186859119,-0.3947447274057167
2023-10-01 18:00:00,-2.2445812208356504,-0.7960699040246622,-0.19990384152850355,-0.5831862376974353,-0.35764630619174675
2023-10-01 18:05:00,-2.2472107407230726,-0.8828621946486115,-0.19915902950729916,-0.5722110515373515,-0.4793702559871924
2023-10-01 18:10:00,-2.2523859910370874,-0.9158329557344894,-0.19724709776374524,-0.5460450285635893,-0.48199565151271156
2023-10-01 18:15:00,-2.0769429468398117,-0.8492595379869907,-0.19857223291001921,-0.5622316543199635,-0.4775847763689059
2023-10-01 18:20:00,-2.072999731848176,-0.8442701657731363,-0.1998918869326627,-0.5812287855039409,-0.42211578944891076
2023-10-01 18:25:00,-2.068978518143097,-0.7576030640982935,-0.201359402057156,-0.6009635843362596,-0.39328836091303315
2023-10-01 18:30:00,-2.140962392987425,-0.6478832909896851,-0.5046408632757875,-0.36693953285618486,-0.5072779239187033
2023-10-01 18:35:00,-2.1422756592017875,-0.7857818621643893,-0.1972124108476044,-0.3516480494787419,-0.48951238310184014
2023-10-01 18:40:00,-2.143173542378941,-1.0331513815222766,-0.196522342330805,-0.3755774343694349,-0.45057340915630306
2023-10-01 18:45:00,-2.021701506803894,-1.160696954924473,-0.19536082988030118,-0.3385011798847515,-0.3688203951382888
2023-10-01 18:50:00,-2.0240482314998163,-0.7734785144729814,-0.1950637686376674,-0.23950341612751216,-0.3680949540993226
2023-10-01 18:55:00,-2.016982739474125,0.030284652857043452,-0.1991367670103768,0.006919024200203445,-0.3586934601071951
2023-10-01 19:00:00,-1.5986234291484345,0.3196922505622718,-0.9461715328237907,-0.19381316060882037,-0.3533529789715257
2023-10-01 19:05:00,-1.5976253615596887,0.10198580540646582,-0.21061747192363187,-0.2482352443063975,-0.3379161009544237
2023-10-01 19:10:00,-1.6234946006733422,-0.7386613166097198,-0.20149765545596607,0.16959287912557608,-0.3327866345597109
2023-10-01 19:15:00,-1.5969594214054248,-1.0776585065382622,-0.19517884111456985,0.6245527056460513,-0.43230612720146144
2023-10-01 19:20:00,-1.5871790077556176,-1.2922328695704306,-0.19871405939251469,0.6106298316782504,-0.42687695125814457
2023-10-01 19:25:00,-1.5894796255140065,-1.3203091760839534,-0.19861109326317516,0.9191327298470076,-0.3289368990784848
2023-10-01 19:30:00,-1.4988563217622388,-0.6984513285317414,-0.07533277121339545,0.5118523665986057,-0.39421442038746324
2023-10-01 19:35:00,-1.4866425413298165,-0.175876091699606,-0.19920251909196857,-0.06257885614239321,-0.3315081937134306
2023-10-01 19:40:00,-1.4830695718177396,0.10356643771582907,-0.2001239127617065,-0.3045515714954667,-0.4005321201154263
2023-10-01 19:45:00,-1.7197479955418506,0.05098461074579613,-0.19109405085968878,-0.2500847220008734,-0.3079417857504629
2023-10-01 19:50:00,-1.7186849542271745,-0.3859223022203021,-0.191301719765904,-0.26464105152242484,-0.37472172252404845
2023-10-01 19:55:00,-1.708244465036205,-0.09330212040056289,-0.19559936308393067,-0.19364076204794567,-0.3134834376246757
2023-10-01 20:00:00,-1.4455154103553132,1.5553161642231743,0.5461355084894396,-0.2360914846882283,-0.33849940362383013
2023-10-01 20:05:00,-1.4413991047581247,1.2644792172422399,-0.21608147137565442,-0.2588604631606421,-0.39537616498468037
2023-10-01 20:10:00,-1.4532583695895354,0.9993264318083525,-0.21116731375439277,-0.3585644565137229,-0.4579790925429466
2023-10-01 20:15:00,-1.6968321164937097,1.1369516774174784,-0.20354054095768895,-0.1854714339277424,-0.36199226031888876
2023-10-01 20:20:00,-1.6884669632398837,2.16471686518043,-0.20726407519252604,-0.19599040559032474,-0.28962852493748353
2023-10-01 20:25:00,-1.699932092713378,1.2431104240779076,-0.202170772168159,-0.15964039370791466,-0.21625497710180105
2023-10-01 20:30:00,-1.5553870502570948,2.510993242576117,-0.23498937292807137,-0.3415353274086091,-0.20065578418532423
2023-10-01 20:35:00,-1.5777861370680368,0.6562278761072675,-0.20926073475405582,-0.21147522254894432,-0.03769017342897525
2023-10-01 20:40:00,-1.605837945864882,0.5767883359031126,-0.19876435001950418,-0.11214850163906677,-0.025912737274833057
2023-10-01 20:45:00,-1.0268417551028808,1.9388171034176518,-0.20522446180408188,-0.2550980320505947,0.10167682702827649
2023-10-01 20:50:00,-1.0254668168391408,2.4564506448770986,-0.2059332225502466,-0.25245597326193,0.18311456802306372
2023-10-01 20:55:00,-1.0374398166417569,0.7939971806550147,-0.20013209118740163,-0.3478435766911864,0.06606413450201404
2023-10-01 21:00:00,-1.1207826102465488,-0.22943012176655023,0.3766950720992524,-0.2913521962886024,-0.09588081345234042
2023-10-01 21:05:00,-1.1305590522467757,-0.055022996602068455,-0.18517760275420828,-0.14565255814647565,0.0076691793180437735
2023-10-01 21:10:00,-1.106328125671282,0.7203445741512643,-0.19456071132938285,-0.28911660135391054,-0.006720340926659398
2023-10-01 21:15:00,-1.0173683694007294,0.5072103649878964,-0.19085906156580848,-0.23000380627601943,0.017351984270884396
2023-10-01 21:20:00,-1.016734917797799,0.7610196697183643,-0.19145473082418302,-0.23419909103939382,-0.06236569798119335
2023-10-01 21:25:00,-1.0149872791039116,-0.2099451542629657,-0.19131721608298347,-0.3474896575625182,-0.17106287857804237
2023-10-01 21:30:00,-0.3125206539280501,-0.615739864265935,0.07630220912433207,-0.4745323209372834,-0.2759776952127288
2023-10-01 21:35:00,-0.3315311235219779,-0.8355163066628628,-0.18791270645676908,-0.43465185149889474,-0.24286973737090248
2023-10-01 21:40:00,-0.3276778414395479,-0.8898184026126232,-0.18903462249922665,-0.4523232042440843,-0.1340056993316304
2023-10-01 21:45:00,-0.32991374260642164,-1.0205124976563889,-0.17956429750875835,-0.22306132669920362,-0.27106020824739924
2023-10-01 21:50:00,-0.33115837911501966,-1.0321963380622006,-0.17922472948182197,-0.21772412342872713,-0.32517770815521163
2023-10-01 21:55:00,-0.28201046250016104,3.0938797299920844,-0.20052758745335889,-0.27821887842201887,-0.2271814163680036
2023-10-01 22:00:00,0.331242589780357,1.9291890046654891,0.31915316570644414,-0.512765208157656,-0.29945019623209856
2023-10-01 22:05:00,0.2966180559966817,0.6175211392179073,-0.19564676628367367,-0.39080895931111703,-0.1408191391319727
2023-10-01 22:10:00,0.26754822981262666,-0.8442769750359254,-0.18348624546247824,-0.40251310668535867,-0.1594431091718607
2023-10-01 22:15:00,0.16357779027087338,-0.9782361529932513,-0.1782073923793957,-0.3428782071969077,-0.3086217841599237
2023-10-01 22:20:00,0.1654428891414285,-1.0921067827642643,-0.17877644616650495,-0.3522880263724338,-0.2943981348606436
2023-10-01 22:25:00,0.1658163529128013,-1.1303317559839128,-0.17891629762979583,-0.35449240681660293,-0.30760993016205235
2023-10-01 22:30:00,0.13225459073666868,-1.0018089486569568,0.10607363790907123,-0.3749727969478151,-0.3953748104003994
2023-10-01 22:35:00,0.12084414902517546,-0.9300170429727822,-0.17944271260707784,-0.23628611964043877,-0.17283820491206706
2023-10-01 22:40:00,0.11719135794040836,-1.1120648564595046,-0.17776794812791266,-0.34013876449355646,-0.2572906058267825
2023-10-01 22:45:00,0.2614573798904941,-1.277317016422962,-0.1751391799803059,-0.1802168534110932,-0.31383891257348234
2023-10-01 22:50:00,0.25740423392878425,-1.2763524120569145,-0.17374600223164252,-0.15293942819394765,-0.3424821049519403
2023-10-01 22:55:00,0.25852170401589847,-1.1943297996052566,-0.1745174254651765,-0.09437549805454563,-0.38076012753556093
2023-10-01 23:00:00,0.5507658438779478,-1.2268632050274328,0.3287604733507088,-0.26531191072255117,-0.4975100902465463
2023-10-01 23:05:00,0.5403557385764318,-1.3284086023242088,-0.1755187351984701,-0.3053717879132772,-0.3152180666534983
2023-10-01 23:10:00,0.5428781546091531,-1.343392281371284,-0.17710233754537721,-0.1996144352864266,-0.4320422178254757
2023-10-01 23:15:00,0.4475862604816448,-1.5059154155752967,-0.17476474885397306,-0.29919027726930886,-0.38535047576637277
2023-10-01 23:20:00,0.44404694479488405,-1.5490580993551404,-0.17353469209543784,-0.2820638546821587,-0.4272745555789813
2023-10-01 23:25:00,0.44574074726887386,-1.3978750024011313,-0.17468849894444483,-0.16978121586951697,-0.4374215212539151
2023-10-01 23:30:00,0.7106563507918088,-1.3749668723756048,0.27823960919680124,-0.3085895872125374,-0.6235270762701046
2023-10-01 23:35:00,0.7033079144740089,-1.280581962259,-0.1766557834917803,-0.19072836733021276,-0.40651982618889215
2023-10-01 23:40:00,0.7030369602141936,-1.3774425565074686,-0.1766610703566852,-0.14655557023504545,-0.4192909420260622
2023-10-01 23:45:00,0.7112546216478934,-0.9553158678432199,-0.17802912112018723,-0.13322671417762375,-0.38817886768882554
2023-10-01 23:50:00,0.7115258642299735,-1.209895384590252,-0.17803957212592092,-0.1357595570040524,-0.4283449002697054
2023-10-01 23:55:00,0.7004657412136123,-1.4088978430668193,-0.17395186417869984,-0.1102981579321509,-0.5148160497145364
2023-10-02 00:00:00,0.7258548963920783,-0.5288113418669899,0.3919561710279495,-0.28064968649374644,-0.47223910726643076
2023-10-02 00:15:00,0.6402995945839375,-1.308326824227576,-0.17422764173123506,-0.14923663194050055,-0.4192076232884212
2023-10-02 00:20:00,0.6423756680177864,-1.344138138064838,-0.17512746374231886,-0.17589755287022374,-0.5120571194746002
2023-10-02 00:25:00,0.6396499173091515,-1.2598267083106447,-0.1740699141704039,-0.1609330884804423,-0.4598792721137317
2023-10-02 00:30:00,0.6069630420427846,-1.1893783719498707,0.595781852554953,-0.27896324389204125,-0.6709710437123355
2023-10-02 00:35:00,0.5923676077727444,-1.293579317810675,-0.17425749206127478,-0.10610713681519757,-0.4560982673810283
2023-10-02 00:40:00,0.5919492778979185,-1.4651901942909398,-0.17393571425063592,-0.11866244137440436,-0.4567049939643552
2023-10-02 00:45:00,0.6166481176613816,-1.4435776250955152,-0.17390172098278914,-0.11365668602879003,-0.5265462378148826
2023-10-02 00:50:00,0.6264601117668216,-0.8757144905584385,-0.17828556119259778,-0.06949760817995233,-0.5595544408027243
2023-10-02 00:55:00,0.6180289603503486,-1.2247995731974335,-0.17435756102438543,-0.16291198463654877,-0.49975355912850733
2023-10-02 01:00:00,0.6848046348824826,-1.254449215384795,0.6319595478057448,-0.48466896206917615,-0.7134101828102366
2023-10-02 01:05:00,0.6701335133388094,-1.317132201711774,-0.1768988268944973,-0.19160573911734607,-0.5253330822517809
2023-10-02 01:10:00,0.6731823402406109,-1.1123672773177846,-0.1781550905730793,-0.14017530428017264,-0.42883846163287936
2023-10-02 01:15:00,0.5802414177975775,-0.8661420492302131,-0.1775000380549754,-0.32185699078331964,-0.4370129616422756
2023-10-02 01:20:00,0.5835443727551364,-0.40485254471916,-0.17943250513870773,-0.21632284412264732,-0.4327377270251199
2023-10-02 01:25:00,0.5828493265870465,-0.4260001256855947,-0.17947101388939427,-0.2152508114293628,-0.5668134380172756
2023-10-02 01:30:00,0.8386893584315699,-0.16428801026009218,-0.18323845305606393,-0.2127633557310885,-0.48040580678343037
2023-10-02 01:35:00,0.8381774403967435,-0.28036704922753897,-0.18274209745714307,-0.2602468266242353,-0.45494912051433545
2023-10-02 01:40:00,0.8346369578042917,-0.9805716545666319,-0.18052236870436855,-0.36483819743321844,-0.44615183280300474
2023-10-02 01:45:00,0.6397078757740028,-1.2459399518636942,-0.17924081576415699,-0.34312379895035067,-0.4902837698582094
2023-10-02 01:50:00,0.6374329633736426,-1.210699352724977,-0.1791552391435073,-0.160758527180255,-0.5550397105368691
2023-10-02 01:55:00,0.640479545628311,-1.2061074095565298,-0.17951998090786336,-0.3467193215110249,-0.4764949940659733
2023-10-02 02:00:00,0.5140000046004546,-1.2661395466255938,-0.39749814867141375,-0.23225477079494752,-0.5607701843919441
2023-10-02 02:05:00,0.5159472272310635,-1.176132079604768,-0.1805748293508991,-0.22553794617586562,-0.3860116955184008
2023-10-02 02:10:00,0.5136600517789823,-1.13202527896557,-0.17980231284740728,-0.2140869747328136,-0.40049895696707466
2023-10-02 02:15:00,0.606935914632674,-1.2622878184647925,-0.1795799150357787,-0.2135966063530789,-0.4421205191095946
2023-10-02 02:20:00,0.6104936305665124,-0.3373815917333941,-0.18191388575453474,-0.11478856477927557,-0.43748888105889494
2023-10-02 02:25:00,0.6224180615728806,0.09820527944672501,-0.18637370263182687,-0.18758808608021632,-0.3645844119378331
2023-10-02 02:30:00,0.7654967576609405,0.9234347231219106,1.2637268234805537,-0.50153829056468,-0.6046952246602816
2023-10-02 02:35:00,0.7460257681763615,1.5937978803607546,-0.19487861340651996,-0.23799373672019972,-0.36596619407263686
2023-10-02 02:40:00,0.7412051040617629,1.0971301021024131,-0.19264590257038175,-0.2799342750408744,-0.41008333694877236
2023-10-02 02:45:00,0.6711818501501282,-0.12713089976495479,-0.18448606463222939,-0.2499698663575376,-0.43148856731638874
2023-10-02 02:50:00,0.6587791189574616,-1.2504421779014185,-0.17886763848027493,-0.3266361139204228,-0.5079637756553433
2023-10-02 02:55:00,0.6552964044016942,-1.3833538824218778,-0.17737955829130572,-0.308249002294701,-0.4563283159645783
2023-10-02 03:00:00,0.34706801897951345,-1.2123055436855616,1.2808653396143608,-0.3772002684146075,-0.7173902120125223
2023-10-02 03:05:00,0.3235763891766858,-1.2364581152734782,-0.17564034853468852,-0.10818151631942445,-0.44135502914566266
2023-10-02 03:10:00,0.3279305261829846,-1.0247181974475226,-0.1773559587091345,-0.1370397604141212,-0.43914295622951255
2023-10-02 03:15:00,0.5610295546445505,-1.2652144670498062,-0.17867622174796433,-0.12698416164498508,-0.4768666877296074
2023-10-02 03:20:00,0.5733362826019132,-0.5233892409245056,-0.1835947218932092,-0.17982680780543267,-0.4165089394309769
2023-10-02 03:25:00,0.5764511357131396,-0.36646661563885086,-0.18495867589143455,-0.18883942776530188,-0.4548048803863042
2023-10-02 03:30:00,0.5954803061716777,-1.1457826705073626,1.2942026935561208,-0.39490180868564534,-0.7301829026897116
2023-10-02 03:35:00,0.5664278019160854,-1.3715026427012422,-0.17551150263208679,-0.14926355319396797,-0.46058104631720853
2023-10-02 03:40:00,0.5677685916540568,-1.4698906270042393,-0.17586257962786894,-0.14827725005232706,-0.41973184944477454
2023-10-02 03:45:00,0.47089501802322176,-1.5705495876228817,-0.1760317233841256,-0.14972249889587133,-0.5459653279688291
2023-10-02 03:50:00,0.47573136894333484,-1.0409478882397936,-0.17820860481594994,-0.11446198779181313,-0.4752066157310519
2023-10-02 03:55:00,0.5276924299422129,1.9262679289318938,-0.19940288266079007,-0.2479078242140766,-0.3242515231445638
2023-10-02 04:00:00,0.4528248409585565,0.17277990414247105,1.134450279299001,-0.5199453318460876,-0.7176723752855114
2023-10-02 04:05:00,0.4039271470816962,-0.7504431067973566,-0.18136434020656547,-0.1700286985913682,-0.44652316610738096
2023-10-02 04:10:00,0.40210561935867817,-0.47983364173674903,-0.18094885691057083,-0.12381590748237264,-0.41982104816551763
2023-10-02 04:15:00,0.6206603447845862,-0.22028260386582962,-0.17742757848824903,-0.11722718254482083,-0.31679556936529085
2023-10-02 04:20:00,0.6301033619995646,0.5354329295268403,-0.1820154134206905,-0.09466021532646515,-0.4705945514729253
2023-10-02 04:25:00,0.6144252251308467,-0.6738651393529742,-0.17535069153353527,-0.024049353242015046,-0.45276665480871864
2023-10-02 04:30:00,0.6500008077096319,-0.6761310618481048,1.1733693101255318,-0.3791815085994845,-0.6462587422084536
2023-10-02 04:35:00,0.6337140462627082,-0.4101385959011722,-0.1812976420605779,-0.11616119896504466,-0.47823830068283896
2023-10-02 04:40:00,0.6358758817205875,-1.064161004370108,-0.1813977057262189,-0.14862591543550147,-0.41118622714749786
2023-10-02 04:45:00,0.5872977107466866,-1.0416568889257969,-0.17813040750612552,-0.14720782487417086,-0.3562789361076438
2023-10-02 04:50:00,0.5885274772814577,-1.0888009920670059,-0.1784984133127828,-0.16789141871534824,-0.3559645948506991
2023-10-02 04:55:00,0.5811427251486414,-1.4648836953320494,-0.17540700696119405,-0.2854194938038255,-0.5232416147020048
2023-10-02 05:00:00,0.5859798008577392,-1.3277234975026404,0.8996352117803802,-0.5918757692534024,-0.6844128580403103
2023-10-02 05:05:00,0.5620787433902584,-1.2625339745363533,-0.17982726054867282,-0.14241393318488318,-0.423959745648387
2023-10-02 05:10:00,0.5694777875966099,-0.85853291919445,-0.18240272856800097,-0.22759103954643342,-0.3139118146378503
2023-10-02 05:15:00,0.7588657936571268,-0.9876237456629765,-0.1843142191907214,-0.25875915351083423,-0.3825765873903784
2023-10-02 05:20:00,0.7581270629778095,-1.0954416081049836,-0.18413398534223788,-0.20480114404179842,-0.3820854757966941
2023-10-02 05:25:00,0.758552948399078,-1.1450938372915251,-0.18374589222946117,-0.3806384969194252,-0.41188826985090954
2023-10-02 05:30:00,0.5867046149142301,-1.0823094250310332,0.9539410340347201,-0.5068011934255369,-0.6294621138044462
2023-10-02 05:35:00,0.5661134772440928,-1.0764100137636952,-0.18547136983306903,-0.4025156304778778,-0.43626036482120467
2023-10-02 05:40:00,0.5629485817630068,-1.0668239236722326,-0.18489327480398215,-0.2132523228169165,-0.4346042933703705
2023-10-02 05:45:00,0.8802994783317737,-1.1494158952411042,-0.19056553744045426,-0.26014748498673973,-0.4218714402296196
2023-10-02 05:50:00,0.8837384595358068,-1.0978748124758602,-0.19174836529908892,-0.2913621231314672,-0.3936307151885223
2023-10-02 05:55:00,0.8857661800207676,-1.063707833667688,-0.1923845889237636,-0.35961400061408005,-0.4204050293562008
2023-10-02 06:00:00,0.30314519473237594,-1.0930007159286002,0.9392259669708387,-0.4948391641108545,-0.7390584890214981
2023-10-02 06:05:00,0.2764255287972373,-1.2453504645725881,-0.18525283616473892,-0.27930253037319913,-0.520051083860766
2023-10-02 06:10:00,0.2763618122245413,-0.672627902166706,-0.18553272146185887,-0.23280085448229318,-0.4118779535562518
2023-10-02 06:15:00,0.5662811581095607,-0.2632618007035063,-0.19617595780695063,-0.3279769105146223,-0.4132975080847878
2023-10-02 06:20:00,0.5653825036034859,-0.7984774174542753,-0.19541113373827823,-0.3608216601799485,-0.4415629941465271
2023-10-02 06:25:00,0.5526443140773636,-1.0364804630165336,-0.1904377496938949,-0.32497008832274527,-0.4219374764483953
2023-10-02 06:30:00,0.5249409571112968,-0.9524143951023483,0.9830299853059077,-0.6352106605144789,-0.6469777813682247
2023-10-02 06:35:00,0.496933182882167,-0.8996868825080827,-0.19100470114951865,-0.46992618967846267,-0.4008903758642353
2023-10-02 06:40:00,0.49689408664266993,-0.7323171553935259,-0.19110925631000772,-0.46943022299708276,-0.4007851829859334
2023-10-02 06:45:00,0.738024813521469,-0.5512850692077468,-0.19581591961040004,-0.3087714579212472,-0.3806549340707876
2023-10-02 06:50:00,0.736934342398412,-0.5725319446531606,-0.19536967064576502,-0.33253233907041757,-0.4084992538990877
2023-10-02 06:55:00,0.7377539431735617,-0.3737006250156921,-0.19582666087401499,-0.3216677221586694,-0.39429809640691
2023-10-02 07:00:00,0.5701188305359407,-0.16068194103556363,1.265324888201963,-0.6087418434071746,-0.6217639566987607
2023-10-02 07:05:00,0.5480153430092073,-0.4899494577709162,-0.19746761300042864,-0.41065158779309335,-0.4703399877791246
2023-10-02 07:10:00,0.5495964894585103,-0.4406156854814841,-0.19848333087492656,-0.4365251201174884,-0.6661595805020843
2023-10-02 07:15:00,0.5999376753700173,-0.4877251353852337,-0.19741054151486914,-0.3493251401007623,-0.4205560213620692
2023-10-02 07:20:00,0.6097349530535591,-0.20592381275599891,-0.20109373768518912,-0.39771162430851537,-0.37530771913838284
2023-10-02 07:25:00,0.6185249721959639,0.12974456519938565,-0.20453973388774857,-0.44162989797340724,-0.37063932406348704
2023-10-02 07:30:00,0.7875470855003311,0.8078429686608093,1.7934692786366286,-0.6440252688414232,-0.598643390717603
2023-10-02 07:35:00,0.7505190399964319,0.042905410907701856,-0.19535208913261728,-0.3249388007189188,-0.4219182969596572
2023-10-02 07:40:00,0.750864913264787,-0.5027218275982688,-0.1948401441818694,-0.3847216806807421,-0.39648460615028275
2023-10-02 07:45:00,0.5491791165062362,-0.360776553024394,-0.1916111161949664,-0.3331237287138459,-0.3943149136283268
2023-10-02 07:50:00,0.5529461254849799,-0.35690300500094685,-0.1932087654806655,-0.29484980649576437,-0.4047128438942429
2023-10-02 07:55:00,0.5617097480296265,-0.01310351224332442,-0.19658948782536628,-0.3381319848563698,-0.37330910988871163
2023-10-02 08:00:00,0.524697094292978,-0.12820639180751922,2.4762308827695825,-0.6033806464930657,-0.6424217291053193
2023-10-02 08:05:00,0.4785719431993467,-0.6053086526782666,-0.1847173101066634,-0.23914736154400779,-0.38319858228345166
2023-10-02 08:10:00,0.4739528571153145,-0.7199058446043148,-0.18330751884523402,-0.17444633214168934,-0.47839667404393404
2023-10-02 08:15:00,0.5829143649013108,-0.6989686096521841,-0.18460757853577459,-0.17924754763381026,-0.4761019050264753
2023-10-02 08:20:00,0.5803207835237174,-0.5770042781676972,-0.18342147352121851,-0.207577394230659,-0.3978932600801836
2023-10-02 08:25:00,0.5830424976201855,-0.6310217311011604,-0.18447816114664708,-0.20009325866605326,-0.40953264282499485
2023-10-02 08:30:00,0.46866038872689203,-0.8078144640732191,1.2473613326855286,-0.4662449397220802,-0.6707807941422208
2023-10-02 08:35:00,0.4447003596185439,-0.9830316697403101,-0.18646951276576734,-0.25679654195980256,-0.49011416493386334
2023-10-02 08:40:00,0.44594608628876986,-0.8022087047433758,-0.18727011789303352,-0.23495051662572797,-0.5422998570671509
2023-10-02 08:45:00,0.5190764594877629,-0.19374136405177592,-0.1887509245042256,-0.16325266162282184,-0.46543116276042434
2023-10-02 08:50:00,0.5233809576276497,-0.052984995696891274,-0.19014976204785164,-0.21955094919984527,-0.3969785079215686
2023-10-02 08:55:00,0.5258158365609871,-0.633437059628152,-0.19070174943487694,-0.24826432611543184,-0.44994133785959683
2023-10-02 09:00:00,0.8105227799545189,-0.6722925253309089,-0.19567489717350703,-0.3065600312793624,-0.44456262532360274
2023-10-02 09:05:00,0.8092248481828075,-0.3434394077261568,-0.19529793668952986,-0.28351523837890213,-0.36447193410958617
2023-10-02 09:10:00,0.8074426439336474,-0.6146442967134308,-0.19429898654652877,-0.30323824179868136,-0.33936475916596087
2023-10-02 09:15:00,0.789872674217791,-0.13049830428303982,-0.19860780064584832,-0.2938621689177515,-0.21757867249282326
2023-10-02 09:20:00,0.7794432614476746,-0.5198438624754261,-0.19424144006265284,-0.32803553868146584,-0.22472492468632926
2023-10-02 09:25:00,0.7808620565972026,1.2763241939240595,-0.19599670286023024,-0.3243180039381202,-0.19579549876933755
2023-10-02 09:30:00,0.7808254625811725,0.6323045758325619,-0.6765145449405472,-0.23693452787757321,0.13734264796348258
2023-10-02 09:35:00,0.7597832563726216,-0.10438629063566596,-0.1958927214278034,-0.18006478843107576,0.11142318278018737
2023-10-02 09:40:00,0.7585290304906512,0.16920674368685695,-0.1940869605613494,-0.1535611301338835,0.7930738301852835
2023-10-02 09:45:00,0.6733653442541475,0.5388048674486793,-0.1947385189950373,-0.13748162205321549,0.7730521923073884
2023-10-02 09:50:00,0.6805063991110814,1.5928655413578443,-0.1976592704822825,-0.03540437910330377,1.1542494271317945
2023-10-02 09:55:00,0.6397099020347684,2.140215832124381,-0.18345474349975682,0.022302744872922477,0.7971781858922671
2023-10-02 10:00:00,0.270085992078593,-0.41429335438595116,1.5167378466032633,-0.5343461979339955,0.4498345105863178
2023-10-02 10:05:00,0.22509623431800074,-0.8179624851607998,-0.18842763522645684,-0.2581997886745607,0.41282147723888357
2023-10-02 10:10:00,0.21897148156890045,-0.8669918386919814,-0.18646055697044622,-0.19270705661420995,0.330151905317273
2023-10-02 10:15:00,0.45915350206439054,-0.9476843560311604,-0.19149538228983384,-0.250546588673449,0.30076266953734393
2023-10-02 10:20:00,0.458580755607407,-0.9635777659991006,-0.1914646368284194,-0.19007715154271337,0.30154040949578287
2023-10-02 10:25:00,0.4547653132756824,-1.1674389672409122,-0.18989176528943705,-0.22986810907847266,0.2315378818118813
2023-10-02 10:30:00,0.2293946751957076,-0.79162492464702,1.086317074584375,-0.4651087100709162,0.06312639268884375
2023-10-02 10:35:00,0.20730781970084913,-0.7939799314567587,-0.18908578605162024,-0.29582365866599236,0.17882915272813257
2023-10-02 10:40:00,0.20404402781270692,-1.134889605155303,-0.1877449652747284,-0.2805968275539007,0.1368211106264281
2023-10-02 10:45:00,0.4772272669414036,-1.1168180586043266,-0.19041697193768625,-0.30673274978889287,0.0454033205584905
2023-10-02 10:50:00,0.47910973136923446,-0.9265461386449846,-0.1909829864226871,-0.44159886854500113,-0.022693276845633922
2023-10-02 10:55:00,0.47807700502409417,-1.0013167840357564,-0.19046092416784252,-0.4357670647286061,0.016846466709599515
2023-10-02 11:00:00,0.3926521674199977,-1.0473957695722704,1.090718183854351,-0.604486652334591,-0.18275572433221346
2023-10-02 11:05:00,0.3712973168796179,-1.1765159989226468,-0.18491410190092222,-0.3821627943420148,-0.15724977874894303
2023-10-02 11:10:00,0.37246987382901864,-1.0973496646453367,-0.18561314032563625,-0.3896709363573748,-0.2502014595095005
2023-10-02 11:15:00,0.16898009063983366,-1.1063167146931123,-0.1910396487012473,-0.4454282282491116,-0.21036834476916288
2023-10-02 11:20:00,0.16749145041772925,-1.030646725276475,-0.19015094529940785,-0.4345794366398021,-0.03723105628323301
2023-10-02 11:25:00,0.16858996800138956,-0.9130344724566869,-0.18977549715523045,-0.4331074863976354,0.3378096018666542
2023-10-02 11:30:00,0.15661194085244556,-1.1311335315151319,0.643129530465977,-0.6756828984417147,-0.23860107930674782
2023-10-02 11:35:00,0.1379602630490555,-1.1368987001325837,-0.19373741676483633,-0.3502754758652171,-0.03294778220051055
2023-10-02 11:40:00,0.14021130613193228,-1.0481799598073511,-0.19461062292116602,-0.4894062604946009,-0.2079116694081965
2023-10-02 11:45:00,-0.33250226928310844,-1.05124337231898,-0.18880527990360454,-0.4313502885578494,0.09815334778685698
2023-10-02 11:50:00,-0.31668338744805336,-0.6566629066329838,-0.1942060874709199,-0.3258900071449111,0.6445331323506487
2023-10-02 11:55:00,-0.33686462187847904,-0.7114781168260779,-0.18811102953136147,-0.28577415430343167,-0.008422912179280572
2023-10-02 12:00:00,0.23858650733749667,-0.5509283724169741,0.38135405187268584,-0.41726591173122973,-0.1173131008993646
2023-10-02 12:05:00,0.23609856086260672,-0.2071865628651637,-0.19719075142064207,-0.17210346912703853,0.15947797235497221
2023-10-02 12:10:00,0.23941088025944418,0.2972585526047862,-0.1990577236495728,-0.1829637690777452,0.041310554203133155
2023-10-02 12:15:00,0.6411986688322114,0.26090321681761136,-0.20516296955062416,-0.16113665490197263,0.884199204164998
2023-10-02 12:20:00,0.6447009852551717,-0.278267521749371,-0.20300161663848004,-0.17030714080356305,2.195695155550492
2023-10-02 12:25:00,0.6412108691902694,-0.40524704566443587,-0.20504832705139786,-0.24636336542553738,0.614801497812042
2023-10-02 12:30:00,0.31130112090740875,-0.8225995305693262,1.020789045033652,-0.4522652445690462,0.12845966836160783
2023-10-02 12:35:00,0.2892434877835048,-1.2739704584465201,-0.1938191226873741,-0.29281157355699833,0.07106063480539968
2023-10-02 12:40:00,0.2847072250128362,-1.1628296673611533,-0.19241738337718023,-0.29313892431986427,-0.03851137878315752
2023-10-02 12:45:00,0.43323686323071464,-0.8207232857062685,-0.1978068707654113,-0.29291568506446797,-0.00010118731830256004
2023-10-02 12:50:00,0.4360578040639731,-0.6715149834037981,-0.1989774248216684,-0.3441162194121833,-0.06610207753113122
2023-10-02 12:55:00,0.4367863137537895,-0.4688121842717611,-0.19963552051550298,-0.31985771370305804,-0.13190340782314974
2023-10-02 13:00:00,-0.11467106282122969,-0.5745753868532615,0.6050111868750879,-0.48848120540639767,-0.3302134623533507
2023-10-02 13:05:00,-0.13805107902342356,-1.0526924832162659,-0.1930237764816767,-0.2776389339090324,-0.2702725895624452
2023-10-02 13:10:00,-0.1447340329977866,-1.2775212279406127,-0.1903948334122963,-0.2439041248855242,-0.26042678104210143
2023-10-02 13:15:00,-1.0582806232441537,-1.4660332386365065,-0.1893928178070965,-0.25361979490672204,-0.3592433266857341
2023-10-02 13:20:00,-1.0508048571710984,-0.9154087511245327,-0.19254253776118513,-0.29073953795249996,-0.36844681331851664
2023-10-02 13:25:00,-1.046678812460016,-1.0155288770802655,-0.19346052151533402,-0.48795004735151803,-0.3964755077293699
2023-10-02 13:30:00,-1.9587032310258645,-1.2555938222032461,0.12944269706787512,-0.6328366102879017,-0.5522566424507683
2023-10-02 13:35:00,-1.9747172109168074,-1.2216111331997892,-0.19194113433656068,-0.4838938700765571,-0.31716421216599955
2023-10-02 13:40:00,-1.973640294633973,-1.0997098405957095,-0.19245136661733964,-0.4893779226622519,-0.32990355395017484
2023-10-02 13:45:00,-1.5852414970319724,-1.0882185471978163,-0.1985210121602782,-0.4314573630324757,-0.3450523921332111
2023-10-02 13:50:00,-1.5855890774151145,-1.0702835140004388,-0.19816133287619217,-0.427686498051638,-0.23824078634238532
2023-10-02 13:55:00,-1.5840281458966765,-0.8844921470660366,-0.19838865485299834,-0.5602045159140843,-0.2129204220019767
2023-10-02 14:00:00,-1.4744598748859439,-0.7062780150398426,0.5759999361335153,-0.6538783199846763,-0.41400509385963946
2023-10-02 14:05:00,-1.4812094719089755,-0.3138512166993798,-0.19724778431092554,-0.3661257192145497,-0.2527417907056253
2023-10-02 14:10:00,-1.4727296281641522,-0.12160032180703269,-0.20049542674709608,-0.39409273098125974,-0.23469546565900432
2023-10-02 14:15:00,-0.5680382491662093,-0.3930846441996734,-0.20516586498730852,-0.48453803763144404,-0.12105930171823556
2023-10-02 14:20:00,-0.5640672440087766,-0.5182218118684178,-0.20661571861655811,-0.5351015317485864,-0.1999238180401064
2023-10-02 14:25:00,-0.5630660322408053,-0.3188061955945443,-0.20712273515873175,-0.539793616092845,-0.19927141696656128
2023-10-02 14:30:00,-0.7455101021281332,0.4583391932472847,-0.20113800798323164,-0.31885006371191194,-0.19696149472411453
2023-10-02 14:35:00,-0.7320480445193128,1.4655482550082803,-0.20714711090090887,-0.2406105822004779,-0.14663855530346293
2023-10-02 14:40:00,-0.7197379778462731,2.341666981815006,-0.21408719242926305,0.2821445125298384,-0.08878360752909363
2023-10-02 14:45:00,-0.41300060476484723,1.8607096871909303,-0.22817170254355723,0.13717722342026975,-0.15046860408804097
2023-10-02 14:50:00,-0.3989410066035091,1.87807507921811,-0.23231127484216052,-0.16230821933008024,-0.0407226345855279
2023-10-02 14:55:00,-0.4006806760436668,1.4067616799089813,-0.23091310852733704,-0.3133334646322641,-0.08502276357718493
2023-10-02 15:00:00,-0.46167244114490663,1.4925351401923668,1.6234921085734617,-0.3888868867332436,0.02599172990687094
2023-10-02 15:05:00,-0.4529979982596662,1.80253700521207,-0.22530607524985924,-0.505227734015722,-0.138602198799378
2023-10-02 15:10:00,-0.46722749600793095,1.554277112070713,-0.22161595847510446,0.047806456874493634,-0.17703679390990187
2023-10-02 15:15:00,1.3142594298298318,1.6565477562261721,-0.2516315932698784,-0.24949876274411195,-0.0439970737980917
2023-10-02 15:20:00,1.3127608517748068,1.652312210607045,-0.24940322127026962,-0.7232306709880867,-0.013653940396392924
2023-10-02 15:25:00,1.2912365606778342,2.6619599255500193,-0.2422163620675582,-0.560264197555046,0.07082448411082504
2023-10-02 15:30:00,-0.1520440542692205,2.377053275015343,5.986530569321148,-0.765942613574029,-0.32328335191639995
2023-10-02 15:35:00,-0.1766689545019674,1.3363805719764554,-0.22151661391326466,-0.49465331886985414,-0.1619655740138581
2023-10-02 15:40:00,-0.17100806280956687,1.2699944340987526,-0.22332035610531847,-0.5217237417207063,-0.06556822611379418
2023-10-02 15:45:00,-0.2058847255190559,0.7241376236154488,-0.2164638811001313,-0.5058327080610399,-0.14956810312815164
2023-10-02 15:50:00,-0.2262405257189795,0.5312176954302378,-0.2089366151721024,-0.41068320887012194,-0.18681948734808335
2023-10-02 15:55:00,-0.23304967864535392,1.2741374324892645,-0.20877632901918106,0.14247974378624353,-0.22011359843635397
2023-10-02 16:00:00,-0.4029788092203286,0.5548698771148024,11.520269704321857,0.7435036886235046,0.20455120102492982
2023-10-02 16:05:00,-0.4107587591393612,0.4187069319042306,-0.21703502271086797,-0.2326429100642407,-0.1725700509314475
2023-10-02 16:10:00,-0.4183369373165551,0.669883711421102,-0.21390788420896775,-0.39620407733689794,-0.23344520027561944
2023-10-02 16:15:00,0.6059340180815267,0.859668201888072,-0.21365427019388475,-0.3870125312644031,-0.15253005646912807
2023-10-02 16:20:00,0.6036441111668396,1.1366674128809893,-0.21295397206328825,-0.37440199446673883,-0.126730687307095
2023-10-02 16:25:00,0.6355235420256117,1.4871266520064936,-0.22494490249335433,-0.5213937205972011,-0.13692115502876762
2023-10-02 16:30:00,1.0407499908613989,1.5546990840015198,7.804845389943238,-0.39603522732202073,-0.08712835892299696
2023-10-02 16:35:00,1.0525256553655917,1.7537615411127245,-0.21517119074897548,-0.4094479406022051,-0.13908872799360456
2023-10-02 16:40:00,1.0487101031387798,1.50405047773937,-0.2136700919940633,-0.3984582862936604,-0.181441352082863
2023-10-02 16:45:00,0.9098795673576966,2.243880471847627,-0.2369100594750939,-0.6769365730172333,-0.10448932386571354
2023-10-02 16:50:00,0.8848664891099577,0.9796468862191584,-0.226913831078885,-0.4861938854489162,-0.036560766493462016
2023-10-02 16:55:00,0.876007553700175,0.8589270564379371,-0.22384556483122042,-0.4803927440636396,-0.20223497283733874
2023-10-02 17:00:00,0.7613299689335613,0.45880533294536185,5.625078874881626,-0.6846774362393027,-0.24853500620013355
2023-10-02 17:05:00,0.7403756909040136,0.06499486727363037,-0.2149334339130682,-0.47753182583526915,-0.17828973976614373
2023-10-02 17:10:00,0.7338391315112947,-0.05359090888185142,-0.21251843068705853,-0.4376429587339415,-0.1948997131752736
2023-10-02 17:15:00,2.056322248237445,0.13078903502445094,-0.2036415905211965,-0.30529362749765926,-0.24538464060539364
2023-10-02 17:20:00,2.0617282714989056,0.44130661655599274,-0.20591550960305488,-0.2884527357808035,-0.21488514977621578
2023-10-02 17:25:00,2.076624957784273,0.6787646010296071,-0.21179656476864023,-0.3656857661288517,-0.3275657684143794
2023-10-02 17:30:00,0.8904255877102731,0.5399096294511257,4.16562101897025,-0.5853722413429735,-0.39837100857029395
2023-10-02 17:35:00,0.8783271106288335,0.5521096413120544,-0.21818465472713788,-0.4600421427282106,-0.21791390438034128
2023-10-02 17:40:00,0.8843192855127189,0.34939753059942175,-0.22059595504149476,-0.49366805511076733,-0.37551297475228085
2023-10-02 17:45:00,0.8252479036432963,0.3387525145814868,-0.21975065830656476,-0.4811780616271128,-0.35831440907195516
2023-10-02 17:50:00,0.8190144128189069,0.3993395858549692,-0.2176093261676212,-0.38372967711844996,-0.3067037667213564
2023-10-02 17:55:00,0.7877566834411498,0.8627150663998537,-0.20675726931776045,-0.1081525586466983,-0.2530560505333689
2023-10-02 18:00:00,0.5010451018420098,1.2613595812753364,5.122968281985499,-0.25862426079703604,-0.405506305793808
2023-10-02 18:05:00,0.4909324821546559,0.7003718844962333,-0.19918404829382286,-0.13321614413639168,-0.3207552853492495
2023-10-02 18:10:00,0.5066253011390219,0.15815844559083703,-0.2059814953274629,0.18080591059466342,-0.3727297926411969
2023-10-02 18:15:00,0.6100719725545606,-0.13661658492140327,-0.21515694533614255,-0.1419767099064208,-0.40178114919167407
2023-10-02 18:20:00,0.5946363136199063,0.010542663722516629,-0.20880528782590735,-0.25626093486481044,-0.33283131036089164
2023-10-02 18:25:00,0.5611253756208499,0.5465581478697807,-0.19701869769933877,-0.08595805257816168,-0.376016597712499
2023-10-02 18:30:00,0.41793701653832543,-0.05592197625540687,3.1339042294947657,-0.3657239837340475,-0.5685196340019926
2023-10-02 18:35:00,0.39491492668901357,0.04851420279058506,-0.2010633572649871,-0.1864216048271198,-0.4603709003563363
2023-10-02 18:40:00,0.3701529794761401,0.3276652590424345,-0.19218085589322742,-0.045301377549217925,-0.4322229504815288
2023-10-02 18:45:00,0.10236416676552437,0.04584600541605831,-0.19317756776846184,-0.06303403766273132,-0.3937540300878401
2023-10-02 18:50:00,0.08879647286214265,0.05548963289512358,-0.18817906534985956,-0.0011896245431958364,-0.38732792064955657
2023-10-02 18:55:00,0.10307591432353962,-0.356837861778256,-0.1929551415532831,-0.11742274275119109,-0.3812654642560965
2023-10-02 19:00:00,-0.1610813260283268,-0.4160568008069568,2.15835439774546,-0.3190214068576865,-0.3588786758943259
2023-10-02 19:05:00,-0.17393756268503582,-0.6054941598755623,-0.1938683382276504,-0.23774053238298615,-0.35795382594017977
2023-10-02 19:10:00,-0.1848800078635075,-0.5752043775391226,-0.1900862795169174,-0.12465642436636863,-0.36235364288539745
2023-10-02 19:15:00,-0.55864348166895,-0.6023199119910129,-0.19457438802568708,-0.2411758909675009,-0.3703064146412573
2023-10-02 19:20:00,-0.5621576251296002,-0.6271202167769114,-0.19327450522903103,-0.22338656209712723,-0.37209053194326097
2023-10-02 19:25:00,-0.5649290357770389,-0.7367494767652042,-0.19236968172366833,-0.21097529315816807,-0.4537948619190957
2023-10-02 19:30:00,-0.38616691918097623,-0.797742231128174,1.076003197912922,-0.3921126188472967,-0.5500496638523109
2023-10-02 19:35:00,-0.38688087629789286,-0.8887256255261233,-0.20068632154331317,-0.399326718462752,-0.4429509018762631
2023-10-02 19:40:00,-0.3871795363201217,-0.8125123690847383,-0.2006296545972141,-0.3311954993832409,-0.34823055484558463
2023-10-02 19:45:00,-0.5168529881876524,-0.5659375315518895,-0.20337114474415807,-0.37294673328284883,-0.3440050017222468
2023-10-02 19:50:00,-0.5229513462875264,-0.7061159106727197,-0.20106039801063838,-0.3571438496016807,-0.374186291094138
2023-10-02 19:55:00,-0.5221866778951728,-0.9374841569671679,-0.20084192983006702,-0.3956680228326569,-0.2810442810774008
2023-10-02 20:00:00,-1.1073252072784465,-0.8427581336799604,1.2177180643878562,-0.5198290008603043,-0.3667610903279892
2023-10-02 20:05:00,-1.1226689873596218,-1.1711967891170112,-0.19706468278298583,-0.37821132929325696,-0.24923510893453024
2023-10-02 20:10:00,-1.1288683074803056,-1.2497182191545522,-0.19478899802511498,-0.39153920056185904,-0.33344646212065754
2023-10-02 20:15:00,-1.1035363806830107,-1.1846613214185089,-0.19572711218825214,-0.3915745628648415,-0.27342282747950036
2023-10-02 20:20:00,-1.0972805927200364,-1.1770973609675903,-0.19802500670787307,-0.4011645728044308,-0.24312543676295675
2023-10-02 20:25:00,-1.092689669035259,-1.062311391726781,-0.20000129317942975,-0.4628512003115112,-0.38849415481338423
2023-10-02 20:30:00,-0.9990833184564899,-0.996357928843564,0.516098514407106,-0.4557778315413001,-0.4822827986528237
2023-10-02 20:35:00,-1.0118459094493153,-1.0950882175792551,-0.19406985939826973,-0.3814507666890116,-0.3606289429684585
2023-10-02 20:40:00,-0.9999649949755883,-0.9799058988285497,-0.1987021952915103,-0.44313112433767626,-0.44817390428373677
2023-10-02 20:45:00,-1.2046168062704963,-0.7892039433686089,-0.1999297523725104,-0.4602893960430322,-0.43417760540268935
2023-10-02 20:50:00,-1.2056561409681557,-0.8701346513813636,-0.1990116050252133,-0.5823047590217684,-0.41040354330737305
2023-10-02 20:55:00,-1.2059372645905304,-0.9051476045260862,-0.19900429332354075,-0.45826260587889245,-0.28797148539765915
2023-10-02 21:00:00,-0.9706835258850167,-0.7952001699221193,0.39380859606842444,-0.5714655002433289,-0.3975141418987488
2023-10-02 21:05:00,-0.9829018701368349,-0.892088530769537,-0.1974284588246225,-0.44324516936997377,-0.36377653707755686
2023-10-02 21:10:00,-0.9812633548607833,-0.8919716560651596,-0.19821079664867455,-0.4529847885040512,-0.443183157851349
2023-10-02 21:15:00,-1.3875518806800193,-0.9454322746936885,-0.20013119646770014,-0.4728998558579001,-0.3162164173742458
2023-10-02 21:20:00,-1.3898640739864836,-1.0586833856959623,-0.198992170862881,-0.4596509051084938,-0.22385961032777996
2023-10-02 21:25:00,-1.3910104616422259,-1.1049848514723195,-0.19872530310569403,-0.45536103921228943,-0.3047004444310288
2023-10-02 21:30:00,-1.7705953034767927,-1.1400740213602736,0.07204693630085404,-0.5024206942004537,-0.2893131424355868
2023-10-02 21:35:00,-1.7798437544427128,-1.222409940903704,-0.19966604637638521,-0.5892274561144272,-0.39305731297460406
2023-10-02 21:40:00,-1.7769284297496597,-1.1962029997931738,-0.20077920445053227,-0.6041976333723567,-0.4049444137512984
2023-10-02 21:45:00,-1.5315635111340873,-1.1501379647369712,-0.204481925289306,-0.5154854377437962,-0.32692508293207734
2023-10-02 21:50:00,-1.530210222115918,-1.0647109488161655,-0.20509087765844256,-0.5152145450468207,-0.33941793185239866
2023-10-02 21:55:00,-1.5229662307660377,-0.9635829037589461,-0.2078061972428748,-0.5517157588180082,-0.33570128943582594
2023-10-02 22:00:00,-1.4362788434782523,-0.942923091429854,-0.201294637341831,-0.4837956409531994,-0.360201498695809
2023-10-02 22:05:00,-1.439763289568132,-0.8859165488508999,-0.20021721188471567,-0.4672304577308902,-0.42876874336155396
2023-10-02 22:10:00,-1.4481026008556894,-1.1116298121300465,-0.19715596506115185,-0.3821849171833568,-0.43232020077627253
2023-10-02 22:15:00,-1.5631221578866883,-1.2534836486042489,-0.19528728346425814,-0.40682055796233557,-0.37651213014122825
2023-10-02 22:20:00,-1.565186516568082,-1.268249192980781,-0.19470782365029313,-0.3978229865990276,-0.45779108379044586
2023-10-02 22:25:00,-1.5652195262664952,-1.3221585703120924,-0.1949461439312771,-0.3483446968149339,-0.5103927830579449
2023-10-02 22:30:00,-1.3757573553877236,-1.366218520811858,-0.4491613905763922,-0.2342631611622938,-0.5156394336501368
2023-10-02 22:35:00,-1.3803708425335324,-1.2669472974821139,-0.190278760183708,-0.048338710352670906,-0.6426707886717258
2023-10-02 22:40:00,-1.3741070534055593,-1.2472984673302492,-0.19100187450441036,-0.3037105032997583,-0.2871369967644999
2023-10-02 22:45:00,-0.9118668183243589,-1.1765704541789397,-0.190511120985599,-0.2844296122327342,-0.29677382881712605
2023-10-02 22:50:00,-0.9112470371848462,-1.1968558309704758,-0.1913053410786963,-0.366022428024705,-0.6544982009666799
2023-10-02 22:55:00,-0.9105581149129548,-1.2419460563968667,-0.19173787777164067,-0.3048245097328678,-0.6529742300987328
2023-10-02 23:00:00,-0.7759526361348547,-1.2454334165727707,-0.04533255191249178,-0.33732247154052236,-0.4020726957754769
2023-10-02 23:05:00,-0.7852902146803165,-1.3301266172961328,-0.186698070932431,-0.31119997559624657,-0.322601109559266
2023-10-02 23:10:00,-0.7848938716222494,-1.3158921552731409,-0.18783771457311269,-0.26930743092562004,-0.6781249202375295
2023-10-02 23:15:00,-1.318297924392398,-1.260362704006131,-0.18975656396591048,-0.28246327889309364,-0.3105493604647204
2023-10-02 23:20:00,-1.3174444424786127,-1.1856650597542875,-0.19012112920615798,-0.2866289337589199,-0.3100642704355283
2023-10-02 23:25:00,-1.3162710807834743,-1.165547095076116,-0.19138278013011192,-0.29901854088559493,-0.6661349436060043
2023-10-02 23:30:00,-1.0455306292548086,-1.1700309340832589,-0.02261919312273498,-0.3585616064643831,-0.748220998920069
2023-10-02 23:35:00,-1.0520350420237004,-1.1818043019427444,-0.18798182902723012,-0.32562120390580324,-0.6800083976846396
2023-10-02 23:40:00,-1.0526720902045448,-1.0277779428815443,-0.18711029220959222,-0.2940028410590848,-0.32295118840558645
2023-10-02 23:45:00,-0.46913304755101176,-0.9296035137680629,-0.18162649399351893,-0.23354469313204884,-0.36482664719209323
2023-10-02 23:50:00,-0.46911987297526564,-0.9564010768842682,-0.181898342192612,-0.2137597287751268,-0.45803891317877965
2023-10-02 23:55:00,-0.4674441787635643,-0.8890934079112611,-0.18251291899824243,-0.20698629546314376,-0.41676136297982785
2023-10-03 00:00:00,-0.47509007146441273,-0.5667844814834709,0.2921366538402093,-0.21033680268596017,-0.4208010745188649
2023-10-03 00:15:00,0.684687684509242,-0.4353000551185834,-0.17878507632166823,-0.196831853608792,-0.4614614850750719
2023-10-03 00:20:00,0.6875266271893691,-0.2583012487856349,-0.1799871022939778,-0.1890524833826064,-0.446126791068729
2023-10-03 00:25:00,0.696212944814137,-0.006942448133337402,-0.18353181894053533,-0.18248594442583477,-0.4540035476414101
2023-10-03 00:30:00,0.7137091004995271,0.042701483348079314,1.1024215228030758,-0.2829088628796958,-0.5593483216726884
2023-10-03 00:35:00,0.6992874747832436,-0.17027893061144903,-0.18025054529441495,-0.16673898470732582,-0.5281179617137739
2023-10-03 00:40:00,0.6941498923246372,-0.3826485415993193,-0.17816110183578943,-0.17007386883343353,-0.5447676659916632
2023-10-03 00:45:00,0.6572377200179997,-0.4383380696305083,-0.1752044269332284,-0.08029121363627408,-0.4974560349395962
2023-10-03 00:50:00,0.6546628116386577,-0.5109730177681895,-0.1743975768723906,-0.0688097290311433,-0.5790352323002268
2023-10-03 00:55:00,0.6535317527545113,-0.5839155945208144,-0.17377959498944354,-0.06196247655856573,-0.512797863414064
2023-10-03 01:00:00,1.6006180241535586,-0.5160759084464832,1.2422301737228283,-0.0359539482912675,-0.6614737016642358
2023-10-03 01:05:00,1.5935318723802732,-0.5114822784055277,-0.1722463639782426,-0.07811639612337659,-0.5517818578078374
2023-10-03 01:10:00,1.5930648930436975,-0.5407465563214087,-0.17207893873124772,-0.0685827395363255,-0.5519032042554837
2023-10-03 01:15:00,1.7250798371829956,-0.7123283065962132,-0.16933692716541024,-0.008859544932732562,-0.49187544396860094
2023-10-03 01:20:00,1.7204287110040606,-0.8644196992709674,-0.16776849491216528,0.08639623475360303,-0.4929805444121858
2023-10-03 01:25:00,1.7171557660003987,-0.9390823383319178,-0.1679888963437833,0.5488490254220872,-0.48633971703464096
2023-10-03 01:30:00,0.9837544722589285,-0.9675718377964757,1.287090400218586,0.3853981247413452,-0.4794144421290151
2023-10-03 01:35:00,0.987184180237518,-0.8810268995563296,-0.1726351965175288,-0.024914904107315377,-0.48623718680151257
2023-10-03 01:40:00,0.9936636204499188,-0.6842137541091609,-0.17553931000128586,0.03540635124946575,-0.5212005863780409
2023-10-03 01:45:00,1.8149944104430877,-0.4406281285351263,-0.1669844627574085,0.8844896288683333,-0.5135857506549473
2023-10-03 01:50:00,1.8077773368076184,-0.32604324425320114,-0.16455319697610232,0.9867588744528003,-0.47580023208467714
2023-10-03 01:55:00,1.814328915918876,-0.3922342957980722,-0.16717855077070334,1.0102786919038311,-0.5115960251621067
2023-10-03 02:00:00,2.7783881813292344,-0.3739257241757737,2.0808380512789286,1.249650124135283,-0.603906449392121
2023-10-03 02:05:00,2.770115591523184,-0.3547031054905117,-0.15532230627384494,1.3307827194387387,-0.433908789705573
2023-10-03 02:10:00,2.7674058662344923,-0.40554918670088264,-0.1542046971484598,1.2492303109326475,-0.530660595201288
2023-10-03 02:15:00,3.4333725204557815,-0.40314298201489585,-0.14916783723562324,1.1454282813338037,-0.4616277088462427
2023-10-03 02:20:00,3.435012174699461,-0.2843512648490009,-0.14918266645367176,0.8769457767548041,-0.5457893178998591
2023-10-03 02:25:00,3.432639508364565,-0.3300599288443455,-0.14854038072667672,1.0049739137157014,-0.4913748499734345
2023-10-03 02:30:00,2.541574174312232,-0.4349779255947722,5.351535382931614,0.6061357147351901,-0.7988331139222941
2023-10-03 02:35:00,2.508085829278584,-0.8853063415239927,-0.14795545695344983,0.836248348598588,-0.5652461676962723
2023-10-03 02:40:00,2.5075403730598906,-0.9778660427167615,-0.1472954094894194,0.7091568782212987,-0.5813821568123428
2023-10-03 02:45:00,1.2342098230029703,-1.0806016447904745,-0.16083866498048166,0.6198837635474996,-0.5072310904628061
2023-10-03 02:50:00,1.2343079936066894,-1.1686768405191346,-0.1608830560667065,0.640833087274069,-0.5068432101922269
2023-10-03 02:55:00,1.232374880707759,-1.2270553497333474,-0.1603633875481131,0.7004121890317963,-0.5336599871607792
2023-10-03 03:00:00,0.6045626971368371,-1.2327566569055413,2.3551771695688513,0.6780894113654939,-0.7322434945731802
2023-10-03 03:05:00,0.5832217251507917,-1.4239901735330114,-0.16828914503456288,0.7782532553445207,-0.581509337861374
2023-10-03 03:10:00,0.5841466247164014,-1.5166811582755333,-0.16939644907938317,1.0177368363946186,-0.5899113129463418
2023-10-03 03:15:00,0.05518055445742269,-1.4078844789386211,-0.17762640027766866,0.7919420777907797,-0.5437960458659381
2023-10-03 03:20:00,0.057533923771279145,-1.387000173785969,-0.17739459877502178,0.43458291240847186,-0.5624262097964455
2023-10-03 03:25:00,0.05930719756585334,-1.2751236600016471,-0.17821268763220818,0.35128722937143125,-0.7057073721074157
2023-10-03 03:30:00,-0.13109704713041273,-0.9213105768922167,1.4218192117145847,0.1091837721782458,-0.7844719314407891
2023-10-03 03:35:00,-0.13249317863771537,-1.050058323751289,-0.18152787094292716,0.1448895126189533,-0.5297375258056112
2023-10-03 03:40:00,-0.13133149039373512,-1.1308308661169608,-0.18164822861044522,0.044891929933332686,-0.5577061540506858
2023-10-03 03:45:00,-0.21779816837337188,-0.8762843483005618,-0.18974929970634813,0.08552222842527835,-0.5245613521736885
2023-10-03 03:50:00,-0.2130838525444292,-0.08050844312834866,-0.19170838264494175,0.021382444878687023,-0.442173600456922
2023-10-03 03:55:00,-0.2091480821926274,0.1719513550135035,-0.1931159944484118,-0.00381562273284927,-0.3599092276986343
2023-10-03 04:00:00,-0.7940998513791341,-0.3046279905539348,0.4115653438539769,0.02836405492628328,-0.5372622518130835
2023-10-03 04:05:00,-0.7855781633159231,-0.049318888390350986,-0.20116336368416748,0.08001761113214322,-0.40447877386933084
2023-10-03 04:10:00,-0.7721560415575869,1.1518138905871111,-0.20608627069031527,-0.14163191895026866,-0.26607666025390025
2023-10-03 04:15:00,-0.7795738464465289,0.9620295429761309,-0.20707980985489202,-0.22244538618076837,-0.22999083332943535
2023-10-03 04:20:00,-0.7921668408517129,0.09467010260205594,-0.20183293835680335,-0.2189103313117637,-0.30490179104921594
2023-10-03 04:25:00,-0.7861047080352876,0.25208809200301646,-0.2041236784277418,-0.2785811033951594,-0.32901939584307044
2023-10-03 04:30:00,-1.1908467636594733,0.10002135144545156,-0.5071591032268725,-0.3320994070738984,-0.4162117359603357
2023-10-03 04:35:00,-1.2057270563226428,-0.21192484474917406,-0.195289335276532,-0.2722171089267937,-0.40990685437873353
2023-10-03 04:40:00,-1.2054686789969848,0.495875371817138,-0.19610433664343196,-0.14850493389903996,-0.3267299429713932
2023-10-03 04:45:00,-0.9742482659555689,2.3779305983735997,-0.2005980309848719,-0.0996014667601573,-0.16984162089145785
2023-10-03 04:50:00,-0.9935252209174585,2.2399726284120156,-0.1934772570513707,-0.046512976710109066,-0.24729925345966258
2023-10-03 04:55:00,-1.012811409443478,1.7082713292546303,-0.18624886118004197,0.07833416029057642,-0.2969657491882367
2023-10-03 05:00:00,-1.0156372922521442,4.253104610275101,-0.33876226817804017,0.15493441672636538,-0.23544121105548563
2023-10-03 05:05:00,-1.0024754671126663,4.089540719934487,-0.19150260724188142,0.10943857194156521,-0.2274983452348358
2023-10-03 05:10:00,-1.0011877183259994,1.8111161086997365,-0.19002369330040053,-0.0018094141843769801,-0.23043142210525386
2023-10-03 05:15:00,-1.0331877516359798,1.5254149958920795,-0.19812456740775056,-0.18333219911551688,-0.28663555260495643
2023-10-03 05:20:00,-1.037969219271136,1.949464202279967,-0.19690349019681008,-0.0715262481233957,-0.2603637276542854
2023-10-03 05:25:00,-1.0451407955017933,2.32328830912231,-0.1943344410325056,-0.06228816271916614,-0.21073862229461657
2023-10-03 05:30:00,-1.335297185440235,1.3806277162998744,-0.19711660862387326,-0.15010133279949225,-0.2299103502871695
2023-10-03 05:35:00,-1.3381585915418883,1.1101644324134186,-0.19630145925814516,-0.06559741327142649,-0.3104366141930537
2023-10-03 05:40:00,-1.3439325999616674,1.1772371213231623,-0.1946182995783743,0.04938222821525952,-0.3517900944832111
2023-10-03 05:45:00,-1.4276871749913378,2.543492312518661,-0.19449620035535878,0.10830337594993467,-0.26044192282225476
2023-10-03 05:50:00,-1.4144653131141847,1.5890722183440136,-0.1984970496061689,0.03341433924429176,-0.2011537012338068
2023-10-03 05:55:00,-1.418770816249871,1.6847905951714301,-0.19643292795951756,-0.1246223571240902,-0.2199804698739304
2023-10-03 06:00:00,-1.4366133367352487,0.32847582129512976,-0.19797788113681147,-0.2910009928010846,-0.3151727512192892
2023-10-03 06:05:00,-1.4299591249957408,0.5105081561203125,-0.20067488272912656,-0.3107172300549337,-0.35153955488590366
2023-10-03 06:10:00,-1.4221155302982647,0.3617927209470399,-0.20335807626164182,-0.4017788219210826,-0.38876564141180914
2023-10-03 06:15:00,-1.5554915426472649,0.17859872535901836,-0.2025517609407579,-0.3788056213780136,-0.3241366637357001
2023-10-03 06:20:00,-1.5567035758868704,-0.33075559479764843,-0.2013954640070544,-0.45192601700699847,-0.2864879786764492
2023-10-03 06:25:00,-1.561052973892167,-0.7147667792903819,-0.19979102808430396,-0.4104301662991411,-0.3687885320790578
2023-10-03 06:30:00,-1.4583775014110496,-0.726769027287166,-0.596127909051749,-0.4516599691443982,-0.37543421354410844
2023-10-03 06:35:00,-1.4531410773600129,-0.6643967212590688,-0.20539031193114404,-0.4426055386772613,-0.37897372580620514
2023-10-03 06:40:00,-1.4489133735295758,-0.4032914747285184,-0.20712555815118586,-0.4709737658275647,-0.39016051169375043
2023-10-03 06:45:00,-1.3293566926150573,-0.25842923042562943,-0.20897501942692878,-0.5282029776799805,-0.3119855538578884
2023-10-03 06:50:00,-1.3395210427391322,-0.1348572443352529,-0.20552643509147148,-0.433542206130924,-0.32956637363510644
2023-10-03 06:55:00,-1.341696519181055,0.03810879256369146,-0.20499491793651278,-0.40853186252607465,-0.37037766630135094
2023-10-03 07:00:00,-1.5228514465503658,0.8952825144519617,0.3223503118897422,-0.319173087168383,-0.3288633043057164
2023-10-03 07:05:00,-1.5195503453664572,0.5795807608626092,-0.20680075202101206,-0.35532176919583947,-0.44920295161139906
2023-10-03 07:10:00,-1.514303391298858,0.09572088256527313,-0.2083860987241016,-0.39761655174625665,-0.4739392761533726
2023-10-03 07:15:00,-1.3394511388799277,0.8418275681248648,-0.20986558183558304,-0.36684790032029124,-0.4672999351746031
2023-10-03 07:20:00,-1.3414348812029382,4.284751340547531,-0.21178301758420948,-0.20460821065355614,-0.3426916730728443
2023-10-03 07:25:00,-1.355593302090338,4.32418664250722,-0.2069476742429028,-0.0023363801515892124,-0.2938677314862664
2023-10-03 07:30:00,-1.2844758432969128,4.846378256294655,0.032825916108327864,0.21135093656303675,-0.29440130571544937
2023-10-03 07:35:00,-1.3010421901275384,5.416928131797561,-0.18739546263247187,0.3419306210814079,-0.043103694770135786
2023-10-03 07:40:00,-1.2939318732953375,5.8148423895618135,-0.19007886092321125,0.28603457997313664,0.01385205219308443
2023-10-03 07:45:00,-1.1284759980559258,4.86562720262789,-0.1963516109871282,0.2178266661856513,0.06961365988695149
2023-10-03 07:50:00,-1.1317849223127883,5.635736300403684,-0.19561095022377717,0.2882837484881164,0.17644382006205273
2023-10-03 07:55:00,-1.1309771747140587,5.018641116499107,-0.19482220882091142,0.19230642394948674,0.32173595336200494
2023-10-03 08:00:00,-1.0995555693982033,4.40917399790988,1.1091738165183782,0.033484314992332495,0.3557569943559044
2023-10-03 08:05:00,-1.1571827347149508,6.40901968718903,-0.17686070483357583,0.5674454668010713,0.8094324670303563
2023-10-03 08:10:00,-1.0791654208044652,5.20972364563598,-0.2034746117641311,0.10417744891672419,1.1807083465932098
2023-10-03 08:15:00,-1.1977091500544612,3.300073161063134,-0.20033499048647604,-0.048884035795041955,1.184815324376246
2023-10-03 08:20:00,-1.2042873541686714,2.225178450986669,-0.19712864381386727,-0.06875522778578175,1.1262801072444801
2023-10-03 08:25:00,-1.213565970449875,1.4796759685701946,-0.19292759852055016,-0.04290623920074505,1.2142636495477384
2023-10-03 08:30:00,-1.2008941500320167,-0.5568787582472602,0.428260184147075,-0.3766100464578027,-0.30456666288303347
2023-10-03 08:45:00,-1.4106831052720916,2.8154752651212727,-0.20110055511160863,0.015876606657750657,1.16622053804847
2023-10-03 08:50:00,-1.4118838978278405,1.6473258671082704,-0.19922795404165658,-0.04908155796372728,1.3238690481388282
2023-10-03 08:55:00,-1.4200229538909854,1.4094830650495858,-0.19644608850289016,0.033206584724164774,1.2268048645422802
2023-10-03 09:00:00,-1.7241418283107004,1.8322100649802955,1.8260208492489463,0.1111404651374236,1.078342950539888
2023-10-03 09:05:00,-1.7394871840750386,2.0941253038214267,-0.1854015228981229,0.3182644542238015,0.9978684745227249
2023-10-03 09:10:00,-1.7358026760723329,1.5957303678461188,-0.1880489950605648,0.8021437988278703,1.0087642873178493
2023-10-03 09:15:00,-1.5222995943166386,1.0031541379298796,-0.19339516710588797,0.4050207180626729,1.2365950812512005
2023-10-03 09:20:00,-1.5331130706591,1.449912254465434,-0.18746149995232161,0.19114109186818018,1.8279980446501252
2023-10-03 09:25:00,-1.5267595777700438,1.3642462678818403,-0.18861821485773042,0.1306663976407213,2.258367576349058
2023-10-03 09:30:00,-1.375097168877339,-0.03057085464379296,0.5098676635193025,-0.25564667244472516,2.114083188484034
2023-10-03 09:35:00,-1.374807001473037,0.5232915770394618,-0.19232718757893827,-0.26158022017973526,1.929674505309579
2023-10-03 09:40:00,-1.3723708973925035,0.5059680040071632,-0.19320385876779136,-0.27395558967217587,1.930885926865355
2023-10-03 09:45:00,-1.643151277015902,-0.06820590535786644,-0.19243067041420317,-0.2738976978687257,1.4951678829235246
2023-10-03 09:50:00,-1.6422837138065434,-0.367607976855947,-0.19299533652325154,-0.2824854297675398,1.2947984722364534
2023-10-03 09:55:00,-1.644249480256035,-0.17978772785813119,-0.19250346550556793,-0.27292171864298215,1.2538350627163843
2023-10-03 10:00:00,-1.3808623699387421,-0.492017974520952,0.781120477982943,-0.1771567954792412,1.2408526471753771
2023-10-03 10:05:00,-1.3666496476827028,0.20267274131111243,-0.19165935418358687,-0.2587763378632162,1.4299334173292126
2023-10-03 10:10:00,-1.3631357298971833,0.2521870755143184,-0.19309962237911513,-0.2774700479400103,1.3782477892797964
2023-10-03 10:15:00,-1.1695631847197854,0.4647160851193198,-0.19425735225513394,-0.27766872930125874,1.1475244689281188
2023-10-03 10:20:00,-1.163557952450794,0.6101481809164285,-0.19974621388515879,-0.333211035484059,-0.24025736963614217
2023-10-03 10:25:00,-1.1629210943195687,-0.12533816439239107,-0.19945646244898999,-0.33774707479154353,-0.24048531940376672
2023-10-03 10:30:00,-1.4345001090663723,-0.49714977457264803,0.25406400008836927,-0.2585206081385055,-0.23649602535220673
2023-10-03 10:35:00,-1.4222137475663301,-0.2256149544221562,-0.1982941604646699,-0.3210488237808074,-0.2503533261414491
2023-10-03 10:40:00,-1.4175879866721928,0.43686026668390454,-0.20045248480834837,-0.3433101361262152,-0.24753490726345237
2023-10-03 12:25:00,-1.2339260667527419,0.27699749885558833,-0.22184446632033666,-0.6373201937586017,-0.22637908458289743
2023-10-03 12:30:00,-0.9420364206158571,0.995992085289416,-0.2195062627025479,-0.5866753114340351,-0.20128927455652879
2023-10-03 12:35:00,-0.9443544341734795,1.43278073132722,-0.2189704789633036,-0.574151866416769,-0.20212879795422173
2023-10-03 12:40:00,-0.9486199728711872,1.204397488718733,-0.21725178365114028,-0.5529434093579189,-0.20444273020823206
2023-10-03 12:45:00,-1.1432182337967205,0.9902201707848883,-0.2062958762500855,-0.40500838036832415,-0.21997317657209142
2023-10-03 12:50:00,-1.144286375743216,0.47143259762683004,-0.2034797512805386,-0.17365466051408496,0.9730953525073096
2023-10-03 12:55:00,-1.1432948463463783,0.15890094154871806,-0.20419821602256508,-0.2523831985194238,0.6244622482263446
2023-10-03 13:00:00,-1.1922422097078351,0.19553391119081714,1.2491913706937827,-0.32188079815320125,0.09769244156322428
2023-10-03 13:05:00,-1.1978693383424988,0.26992739898002227,-0.20681488696134875,-0.21506629527322046,0.18238597347116414
2023-10-03 13:10:00,-1.1848225646893191,0.2771744822387965,-0.21145328490490106,-0.3486964245626818,0.14758341240508174
2023-10-03 13:15:00,-1.4829043559128545,-0.4479705981939071,-0.20971271656126095,-0.39002716413282995,-0.04455530515939659
2023-10-03 13:20:00,-1.489968691574133,-0.05592853112716571,-0.20578075305630605,-0.24639277235163837,0.7962439906730919
2023-10-03 13:25:00,-1.4884678982237425,1.0841170719845385,-0.2014330046671082,-0.22381409728882326,3.2576949675560334
2023-10-03 13:30:00,-1.8312511836611207,0.622719199208958,0.7048206684527382,-0.2830114894770723,1.8018597161306593
2023-10-03 13:35:00,-1.8320708612682497,0.28655363787767346,-0.20370248072114702,-0.2684648889420862,1.322834367997457
2023-10-03 13:40:00,-1.833086426452878,-0.020453678983965586,-0.2052614548871095,-0.19532765107860658,0.50805849691932
2023-10-03 13:45:00,-1.5730032534620009,0.286198090815849,-0.2083237099936914,-0.2324422355404534,0.37626845156085537
2023-10-03 13:50:00,-1.5678984518089514,0.28947056666822074,-0.20960064454687224,-0.3221555956900864,0.5380250621149179
2023-10-03 13:55:00,-1.5613597797498138,0.17173703581887972,-0.21213745758885022,-0.4087555619801645,0.3664697882652449
2023-10-03 14:00:00,-1.8236563533403383,-0.34951078184906587,-0.20840175080436985,-0.40090577842287517,0.34735543740311353
2023-10-03 14:05:00,-1.825010857469047,-0.5094838144081031,-0.20777758249999406,-0.35141958674759294,0.41418065433458406
2023-10-03 14:10:00,-1.8213756987782368,-0.015417211253514454,-0.20856906580562326,-0.2934707047055111,0.8989373905996526
2023-10-03 14:15:00,-1.2579602292605754,0.29832118631130305,-0.21660561006987353,-0.40597126605855877,0.8248365631092914
2023-10-03 14:20:00,-1.2610724431366604,0.22483605279913016,-0.21650167115779395,-0.26201707679539604,0.5449393005539167
2023-10-03 14:25:00,-1.2589462183167428,0.10985639832336969,-0.21737212889078,-0.3343438349818621,0.384387054338888
2023-10-03 14:30:00,-1.2700890002297454,-0.11676886331309509,0.29854106819587106,-0.2582055363782311,0.2905160018196599
2023-10-03 14:35:00,-1.2714276908028184,-0.34962533106988775,-0.21375307385819325,-0.29523119081472377,0.2739791542378159
2023-10-03 14:40:00,-1.2688520993652035,-0.05674066889702341,-0.21441139294704592,-0.389486354144758,0.3675147228355734
2023-10-03 14:45:00,-1.6015409801802214,-0.008302244616370228,-0.2116951550395178,-0.37441135830143796,0.29297471579111284
2023-10-03 14:50:00,-1.6063856749304006,-0.44975387912975673,-0.20998872636179236,-0.37076728110952045,0.10272123659782548
2023-10-03 14:55:00,-1.6110022180935157,-0.9319904909155473,-0.20731088912119763,-0.4885605704773321,0.17760311081609717
2023-10-03 15:00:00,-1.6276192352783052,-1.0743842677846485,0.5293025334561969,-0.46450920504862464,0.0768013686879755
2023-10-03 15:05:00,-1.6269893897297936,-0.9392562757194737,-0.20283298040879424,-0.4089262841814227,-0.011087002234371134
2023-10-03 15:10:00,-1.6160955715575882,-0.6339284314701161,-0.20782862566098867,-0.1619704669919289,0.08044167488658416
2023-10-03 15:15:00,-1.392122050323921,-0.3860216352788044,-0.21189216531118438,-0.24213384159855567,0.05073307666381009
2023-10-03 15:20:00,-1.3980741853834455,-0.3579157536021286,-0.21023255963383614,-0.13886811259021947,-0.0577911511353792
2023-10-03 15:25:00,-1.4016884513058692,-0.1926317954646375,-0.20897275427224143,-0.12838783883006136,-0.046274654360419464
2023-10-03 15:30:00,-1.9602625191772196,-0.48933059563429077,0.45161687338476,-0.1588258685087112,-0.12966282446238522
2023-10-03 15:35:00,-1.972770633960881,-0.5172959990613302,-0.19939306702093107,-0.13135615662819103,-0.12062225521366197
2023-10-03 15:40:00,-1.9790229909313164,-0.27364709206596605,-0.19728437251914216,-0.099270323083628,-0.12358621913596274
2023-10-03 15:45:00,-1.7496057423162552,-0.7426016883006031,-0.20049154006374198,-0.16594244409364337,-0.08595619386742753
2023-10-03 15:50:00,-1.7632302631862617,-0.5382368193535347,-0.19587766129808712,-0.01272568858779171,-0.06435791762324951
2023-10-03 15:55:00,-1.773087080326407,-0.3975820910924791,-0.1924046795803454,0.054353679733161235,-0.0555299222352679
2023-10-03 16:00:00,-1.7534325206300585,-0.5079973653854479,1.0339607286942292,-0.19501371927968464,-0.047221029860639196
2023-10-03 16:05:00,-1.761449984010819,-0.4636165355162225,-0.1992416983248154,-0.08084151425299414,-0.056318984968092366
2023-10-03 16:10:00,-1.757551140764108,-0.5829919201771135,-0.20046988755976156,-0.13417926790581494,-0.05507558024094874
2023-10-03 16:15:00,-1.7653860417712683,-0.4734278369390163,-0.1956482928863654,-0.11482277619945477,-0.08272632021003147
2023-10-03 16:20:00,-1.7748176576449952,-0.10809586331995671,-0.19250102955011045,0.001722832414655394,-0.005739884219610498
2023-10-03 16:25:00,-1.747986578808289,0.2928462380395248,-0.20276859562777375,-0.0752248324962797,0.009130853007718159
2023-10-03 16:30:00,-1.6336859974883948,0.6186827987062786,0.8934025557194132,-0.2636144198537026,0.0184206888366949
2023-10-03 16:35:00,-1.6362002939255966,0.9989623238642169,-0.2060457735553428,-0.202518758010882,0.22119500067955009
2023-10-03 16:40:00,-1.6447530720895782,0.4307748745450585,-0.20205630526767726,-0.22492753814087824,0.32216781610313283
2023-10-03 16:45:00,-1.6168217490272445,0.21184802808646055,-0.19902365356531662,-0.15705270608667346,0.4034548944172952
2023-10-03 16:50:00,-1.6146131845545495,0.05506141476159281,-0.19984099644077033,-0.16952785657089683,0.35097022552410373
2023-10-03 16:55:00,-1.60958456273174,0.08440738765873976,-0.20205975320355973,-0.10383100578349996,0.3284916660271689
2023-10-03 17:00:00,-1.557759877597013,0.7272209118595395,0.6299207924426143,-0.023476377739956828,0.36424237843351764
2023-10-03 17:05:00,-1.5652325838437247,0.722802755123567,-0.19896455134498287,-0.014732698088433993,0.473917287109812
2023-10-03 17:10:00,-1.5595731169519245,0.21596773447411244,-0.20052179330025105,-0.13719866929067473,0.4078248807702058
2023-10-03 17:15:00,-1.547131818491805,1.2966326525914527,-0.21406306844053083,-0.2838059327815178,0.5573708286346148
2023-10-03 17:20:00,-1.598784673335648,0.9795793949575233,-0.19484426037993963,-0.1240775995848925,0.4490930832056029
2023-10-03 17:25:00,-1.5865955292842102,0.503749383394972,-0.1988129193328204,-0.2967052649404428,0.3592596197990391
2023-10-03 17:30:00,-1.6156074271814924,-0.24311838340785574,1.0192002006349377,-0.33400049811062615,0.13523102155715333
2023-10-03 17:35:00,-1.6323031868242983,-0.060633142557193424,-0.19258475640779352,-0.20589594690268437,0.09887504350398763
2023-10-03 17:40:00,-1.626106406234895,-0.37136778189416286,-0.19473063907654153,-0.27289362606448847,0.007557880822814357
2023-10-03 17:45:00,-1.3290684768592158,-0.5583265978436531,-0.19726841301486905,-0.3110766597790347,-0.065001900062192
2023-10-03 17:50:00,-1.3326662997276548,-0.3170866607863969,-0.1959831013618709,-0.31693337570176666,-0.04036603679692128
2023-10-03 17:55:00,-1.3274115596156981,0.4194988978317316,-0.1987084777068361,-0.20781645227720594,0.03214910094926609
2023-10-03 18:00:00,-1.2319143134820514,0.8271465779949723,0.07517675292389846,-0.21923563285105874,0.09235685459910922
2023-10-03 18:05:00,-1.2305155882925167,0.8219302795695868,-0.2002621636876229,-0.1923314342824028,0.04331464930909496
2023-10-03 18:10:00,-1.2273491222555766,2.2164144013979867,-0.2028426863709206,-0.06413341486480352,0.06195578851527519
2023-10-03 18:15:00,-1.0916159078960115,1.665837455499919,-0.19163875366687846,0.1102947006445713,0.10585530818223002
2023-10-03 18:20:00,-1.076809375284696,2.454402415433293,-0.19740980886924095,-0.021645128648884925,0.11279012439678941
2023-10-03 18:25:00,-1.0722696970402565,0.19142841295644666,-0.1973151453850823,-0.15007433735606254,0.031310439663481196
2023-10-03 18:30:00,-1.1886602274920908,0.16034413961703897,0.08993843000196966,-0.31244648170392353,-0.11268294963674855
2023-10-03 18:35:00,-1.203658520169151,0.21289218025089093,-0.19285585924715873,-0.2057912608025684,-0.09463178472354644
2023-10-03 18:40:00,-1.2039098753517643,0.9662649187422357,-0.1933985827975178,-0.14419956756036334,-0.053009645305816526
2023-10-03 18:45:00,-0.8535637754357427,0.9658799954769628,-0.1950818056549135,-0.19527344939922558,-0.00539045129427734
2023-10-03 18:50:00,-0.8429516173063772,0.7125194611272428,-0.1990922294523403,-0.20080199197067797,-0.06614926863321437
2023-10-03 18:55:00,-0.8456435751249105,0.2010357249564912,-0.19762295627212073,-0.2639827094801744,-0.12275436448525161
2023-10-03 19:00:00,-0.976047028299284,0.7606928186063252,-0.0046375536282678405,-0.24792041154292868,-0.22095183584956515
2023-10-03 19:05:00,-0.9594775652288482,2.3617160677674573,-0.2056879348435482,-0.12660669828574275,-0.06891925141620434
2023-10-03 19:10:00,-0.9477381553986489,3.6495172517955146,-0.2108595100983726,-0.11530615907364575,0.046114323890986846
2023-10-03 19:15:00,-1.0664593082190603,3.5568022495559988,-0.20931367689902505,-0.09704574234810856,-0.07375925861739074
2023-10-03 19:20:00,-1.0763642308609933,3.0524690885858674,-0.20527546565077243,-0.11557878944025456,-0.1471937807101475
2023-10-03 19:25:00,-1.1131111734789532,2.594128607266544,-0.19130573912221085,0.12287920932263094,0.008689993614229672
2023-10-03 19:30:00,-0.8980175756296725,4.964357589632557,-0.013934705772507765,-0.09102252456987797,-0.008544317211142481
2023-10-03 19:35:00,-0.9084488605394491,3.824545561622673,-0.20464717874705438,-0.05259200198557301,-0.0722487860353059
2023-10-03 19:40:00,-0.9459691517392265,2.692175845710014,-0.19011326684785315,0.0760254178210634,-0.1598730924523353
2023-10-03 19:45:00,-0.8712434313175719,2.3974575520184436,-0.1976738963906149,-0.0461290522450526,-0.04006717680867128
2023-10-03 19:50:00,-0.8642410287974424,4.629664238357431,-0.20224278096021442,0.1579599301811682,0.11649526373903357
2023-10-03 19:55:00,-0.8575503811703694,5.7953993018771115,-0.2056279203267216,0.142242016537045,0.09430121465735106
2023-10-03 20:00:00,-0.8288405754500406,5.804173433688402,-0.3594062615233352,0.3188902935765168,0.15733871595717097
2023-10-03 20:05:00,-0.8274507204739662,5.038044313903091,-0.19430755827019483,0.3086662928360812,0.13652754799568984
2023-10-03 20:10:00,-0.8238570915868713,7.131368013827882,-0.19713312127966406,0.37927332762400423,0.24837133322636049
2023-10-03 20:15:00,-0.8035452857411797,2.5662927232908874,-0.2002976704353958,-0.17239458754114578,0.17973355469046196
2023-10-03 20:20:00,-0.8262715493420704,0.3046080517013267,-0.19009024157845616,-0.21246676165807218,0.08362770594688256
2023-10-03 20:25:00,-0.830573232645686,0.1374561476435836,-0.18858260598414242,-0.18388993495923805,0.014664257394261622
2023-10-03 20:30:00,-0.6371526331852057,0.28293012302918014,-0.37925416751864877,-0.2109703004351588,0.019174798566872965
2023-10-03 20:35:00,-0.6425371415780587,0.1635738332655367,-0.18917576453122176,-0.13460904992476982,-0.015166119413543048
2023-10-03 20:40:00,-0.6464663339939308,-0.010947260979913795,-0.1874404605583915,-0.130691055182239,0.0358764524068495
2023-10-03 20:45:00,-0.7637772155698899,0.029831019834514735,-0.18785772386493774,-0.1372128281942586,-0.03446180562030806
2023-10-03 20:50:00,-0.758680627940083,0.7086380662082489,-0.190128012902775,-0.13568907261004348,0.03589542620854963
2023-10-03 20:55:00,-0.760465664677573,0.8153356315113334,-0.18971908124239298,-0.16193448778377353,-0.08583609357276038
2023-10-03 21:00:00,-0.7309441468748809,-0.030685849763956292,-0.6024615319612516,-0.11863152657682076,-0.036891599250300014
2023-10-03 21:05:00,-0.7301680417825276,-0.4182446658239866,-0.1862485349070468,-0.1307007153354363,-0.07809671606839437
2023-10-03 21:10:00,-0.7246580680331327,-0.7833023108524167,-0.18806801299255757,-0.17689892249943504,-0.1293746055183762
2023-10-03 21:15:00,-0.42338185706645376,-0.6115713655826877,-0.19364893146559567,-0.22565346222422894,-0.10627670015170815
2023-10-03 21:20:00,-0.42862127251824306,-0.5148785254831215,-0.19161738218238217,-0.2657086432969982,-0.1234501468643971
2023-10-03 21:25:00,-0.4388942642124136,-0.6308919866144732,-0.188165192509468,-0.16570599436379654,-0.2213247816329806
2023-10-03 21:30:00,-0.5328612214433786,-0.33569796535555335,-0.18463456679492568,-0.10108185937279685,-0.1931009170284138
2023-10-03 21:35:00,-0.5193128421758623,-0.4454043331217931,-0.18931979164924068,-0.1770488846117787,-0.11970755768017385
2023-10-03 21:40:00,-0.5261713283202407,-0.20022724312568582,-0.1869056174382024,-0.15826275104522503,-0.10992114991581452
2023-10-03 21:45:00,-0.6616687339033436,-0.3475621206557128,-0.18285609475207318,-0.12194678868642485,-0.2330781464714742
2023-10-03 21:50:00,-0.6554601523438507,-0.3463655497154893,-0.18511246168007064,-0.12776150507991677,-0.1893993484244004
2023-10-03 21:55:00,-0.6469336690903814,-0.29287279682325557,-0.1882891569337341,-0.16258491004133585,-0.18492179104824757
2023-10-03 22:00:00,-0.3870916096765347,-0.0013384053109245964,-0.5932052991872087,-0.21458591224301432,-0.21954413300900216
2023-10-03 22:05:00,-0.3954826671845584,0.17289165079133392,-0.19225096201161168,-0.17341119826734808,-0.21567047555935484
2023-10-03 22:10:00,-0.4070529130113322,-0.44127442402725897,-0.18726787038609036,-0.22417769987853867,-0.2373307729241679
2023-10-03 22:15:00,-0.5677610952436822,-0.3700794183018939,-0.1822528455740937,-0.09113629514917333,-0.24622400067792763
2023-10-03 22:20:00,-0.5688161663475829,-0.18875984449800398,-0.1818904478157883,-0.12728282408768624,-0.26076340691900834
2023-10-03 22:25:00,-0.5659129232402291,-0.07103455970702938,-0.18311543303786462,-0.11687816176244312,-0.258753022100366
2023-10-03 22:30:00,-0.4810760403284085,-0.008003817010825337,-0.4754458014684968,-0.193638672854242,-0.24097704845122347
2023-10-03 22:35:00,-0.48740928638204095,-0.32977207718288076,-0.18613415848183967,-0.2107700385516643,-0.3184792790090911
2023-10-03 22:40:00,-0.4895763715750481,-0.3570801028218034,-0.18541598004327084,-0.2005890924335911,-0.3596836090780542
2023-10-03 22:45:00,-0.49675535237564084,-0.4576524511550154,-0.1873752826265893,-0.2668576930155228,-0.25830956605980043
2023-10-03 22:50:00,-0.4988090030716089,-0.5978656674654265,-0.18663563569886374,-0.22348883792920454,-0.258827271863958
2023-10-03 22:55:00,-0.4971389205399121,-0.7860188112846993,-0.18714212415361114,-0.23255079021528258,-0.2714947424534469
2023-10-03 23:00:00,-0.4627306711747573,-0.3213766748068653,-0.3345068480337626,-0.21045991562143015,-0.26598504694661557
2023-10-03 23:05:00,-0.47387376129344044,-0.3924225881833126,-0.18801169544913282,-0.21372263097912286,-0.3201398990813873
2023-10-03 23:10:00,-0.4840268601739803,-0.644405534559923,-0.18416176742687257,-0.17153736287905816,-0.35231567741452985
2023-10-03 23:15:00,-0.17759487799403584,-0.7744280888744257,-0.18717860300157585,-0.22129319602682535,-0.24275209534313563
2023-10-03 23:20:00,-0.18206300337358514,-0.6369404226237688,-0.1856763543995183,-0.198671315818082,-0.25826158327601434
2023-10-03 23:25:00,-0.18298471958224893,-0.40255691165904917,-0.1854243446263491,-0.21852045666179795,-0.2590188031934668
2023-10-03 23:30:00,-0.3787573591788698,-0.4279934012663511,-0.7435546908115573,-0.18896205088920795,-0.25845319741979456
2023-10-03 23:35:00,-0.38110940290376266,-0.6336253761898273,-0.18539229154844705,-0.204002829456745,-0.19951807845390898
2023-10-03 23:40:00,-0.3810414715219301,-0.7010603724314364,-0.18549190100623553,-0.20546258204294557,-0.2529909052108345
2023-10-03 23:45:00,-0.30498425700353016,-0.7125217267254704,-0.18762741895487772,-0.23357751528813747,-0.32760964956703476
2023-10-03 23:50:00,-0.3014020503860285,-1.0305451636340333,-0.18854145353122964,-0.29359141662578964,-0.3134616937321782
2023-10-03 23:55:00,-0.3039210409106989,-1.0238917541116956,-0.18737466830583074,-0.2617893565943987,-0.18078164313843395
2023-10-04 00:00:00,-0.2894495654737294,-0.577623409274901,-0.6788365215376839,-0.2677749821624702,-0.2829097568665029
2023-10-04 00:15:00,-0.4805809472522777,-0.6568468076389427,-0.18407732147330846,-0.35448023436162407,-0.3248527533886818
2023-10-04 00:20:00,-0.4797125381425915,-0.7253117657977136,-0.18449905545693365,-0.36022135107147213,-0.3912842036992267
2023-10-04 00:25:00,-0.483785335276585,-0.585752752785807,-0.18345990554444302,-0.18574833434986915,-0.32356457998508004
2023-10-04 00:30:00,-1.102190882802754,-0.26360150012136674,-0.7543885072999947,-0.2086804789974279,-0.2804951632825142
2023-10-04 00:35:00,-1.101552072459032,-0.6026915457433579,-0.1841100572536177,-0.366888951458409,-0.26185842137362164
2023-10-04 00:40:00,-1.1029608984993227,-0.8192390253510455,-0.183564976000181,-0.36111033979212837,-0.31618110779791175
2023-10-04 00:45:00,-1.1097270363201515,-0.7852860559122887,-0.18547813924401993,-0.3817340749168689,-0.3716390664734479
2023-10-04 00:50:00,-1.1089607086874522,-0.5308002255451872,-0.18584639472722275,-0.3844332399877729,-0.33097804924046503
2023-10-04 00:55:00,-1.1096735887889297,-0.5890362067318451,-0.18548354035400338,-0.380437036203102,-0.30465638568841147
2023-10-04 01:00:00,-0.8545942187935498,-0.6457343222420602,-0.40935346886117946,-0.3398234664108899,-0.26035153524414467
2023-10-04 01:05:00,-0.8424985399630521,-0.4899954401647212,-0.1890155178153125,-0.2823683510024702,-0.4073174833565952
2023-10-04 01:10:00,-0.844656215452057,-0.48240634769456936,-0.1877258796858038,-0.40654580622851805,-0.3842091498734715
2023-10-04 01:15:00,-0.8806662859402616,-0.5898133892071029,-0.18598038179767418,-0.3902364713447345,-0.30974649863211123
2023-10-04 01:20:00,-0.8837372989457477,-0.7082755562702268,-0.1847449420106288,-0.3746417600691138,-0.2980180436205456
2023-10-04 01:25:00,-0.8873686080927592,-0.9664336907088973,-0.18354341650880113,-0.35913749747314694,-0.43366002709599516
2023-10-04 01:30:00,-0.9035919393060104,-1.0155198660800395,-0.39819604252512447,-0.32106729521262795,-0.34856671504095554
2023-10-04 01:35:00,-0.8996653026572683,-1.0805413259227734,-0.18402920335173695,-0.3633894766485087,-0.39457920283823955
2023-10-04 01:40:00,-0.8968709750073937,-1.2202200813492952,-0.18504179279094748,-0.37852904386083447,-0.4333668954065119
2023-10-04 01:45:00,-1.016700579825002,-1.1529446349143722,-0.18544169126776205,-0.38362035961639646,-0.5113725849060103
2023-10-04 01:50:00,-1.0149778625619186,-1.150892527177906,-0.18582630978230413,-0.3903964908974707,-0.4036107337197629
2023-10-04 01:55:00,-1.0194118377778216,-0.8150168625779838,-0.18483441791759583,-0.23996088663378115,-0.389851063278799
2023-10-04 02:00:00,-0.8727801147729815,-0.5598596970139806,-0.7691081745141853,-0.3250914699723199,-0.35356543157905546
2023-10-04 02:05:00,-0.8642775913403168,-0.5735832593470426,-0.1866382990536529,-0.21295218869826749,-0.46523193182043426
2023-10-04 02:10:00,-0.8647029897323236,-0.5452986731651173,-0.18635643172171482,-0.22662473367717414,-0.42565141751010926
2023-10-04 02:15:00,-0.9815017730988901,-0.8936273227291285,-0.1872070631771931,-0.2603066375089938,-0.5109567273380695
2023-10-04 02:20:00,-0.9796899442915036,-0.8060753974251355,-0.18791676199696764,-0.23520022854099204,-0.45591545759674107
2023-10-04 02:25:00,-0.9738913690869083,-0.9699452369405275,-0.18933120043766893,-0.4331333961406802,-0.44291442695431466
2023-10-04 02:30:00,-1.2633426485271406,-1.1013231245725434,-0.6727216790615179,-0.2240196046383174,-0.42453300058370674
2023-10-04 02:35:00,-1.2675861093908374,-0.6995738873490915,-0.18486023209617725,-0.19946927693348318,-0.5228032106861098
2023-10-04 02:40:00,-1.277970890097459,-0.4570732460033045,-0.18121208635036132,-0.14619131236802518,-0.5144819094975935
2023-10-04 02:45:00,-1.5116884704575786,-0.4593971791580115,-0.18175349647581948,-0.15419792580836336,-0.45921775969573314
2023-10-04 02:50:00,-1.51000491543101,-0.733465737502009,-0.18201979387556788,-0.16201862129210107,-0.39177128326995525
2023-10-04 02:55:00,-1.5119486336004528,-0.4810780958736583,-0.18189881519054976,-0.1039400212163303,-0.4985215107698037
2023-10-04 03:00:00,-1.5479957114780631,2.1698789135758596,-0.620927977896509,0.015559952267395403,-0.3238580247191638
2023-10-04 03:05:00,-1.494116909815264,2.159749740784844,-0.19822378894521994,-0.03256667327606956,-0.2345888110577417
2023-10-04 03:10:00,-1.4837197163902973,3.7315767674883307,-0.20336903348518906,0.017731710345197,-0.18625121963203733
2023-10-04 03:15:00,-1.421448666989099,4.199377372997814,-0.2161925558409939,-0.1774295918080446,-0.19417676795226693
2023-10-04 03:20:00,-1.4297315247536557,3.772926080251067,-0.21277503611793644,-0.21208045038269024,-0.2668602747700362
2023-10-04 03:25:00,-1.4705080949585536,1.7778280340183528,-0.1959772504833174,-0.20920637421234042,-0.35936809807092707
2023-10-04 03:30:00,-1.6622222261301265,0.20529433025832391,-0.35972480425699555,-0.24262469283094315,-0.36337743605027967
2023-10-04 03:35:00,-1.6662707073297218,-0.5781466943449507,-0.1854079602431782,-0.3753092888457848,-0.3420231021393753
2023-10-04 03:40:00,-1.671154886888252,-0.3123110917168405,-0.18399848032897115,-0.3515487218089529,-0.42444585680677527
2023-10-04 03:45:00,-1.7125993351649857,-0.19845259292579745,-0.18683955943052513,-0.212885775630388,-0.48002371717721365
2023-10-04 03:50:00,-1.702835772557372,-0.40639386715886183,-0.1897627804030157,-0.43137434054766044,-0.5051391549858825
2023-10-04 03:55:00,-1.7018972770713454,-0.6610535120939772,-0.19036861775632877,-0.3016189007022587,-0.5023341566873681
2023-10-04 04:00:00,-1.746109335975903,-0.6815028947890497,-0.45508934590623934,-0.2633030775236067,-0.42554863225949496
2023-10-04 04:05:00,-1.7353866114789362,-1.0844465479337615,-0.1945906903159978,-0.3307544326715943,-0.37341382136539747
2023-10-04 04:10:00,-1.7447525785143527,-1.0226078289970875,-0.19149288945052487,-0.28539763970109144,-0.4983202387413064
2023-10-04 04:15:00,-1.8455616236564039,-0.32436068669800344,-0.19356812692648903,-0.24079891382242619,-0.38399773283313027
2023-10-04 04:20:00,-1.852222724208182,-0.36045379161440005,-0.19110490804984842,-0.26659666236587787,-0.4686206564309195
2023-10-04 04:25:00,-1.8634762671408478,-0.3337948845702304,-0.18695582512029016,-0.20905683364713235,-0.4475378511341812
2023-10-04 04:30:00,-1.987973188693479,0.30361009728789784,-0.5092114097061322,-0.2123124976340895,-0.39717798350931005
2023-10-04 04:35:00,-1.9835246296019908,0.08399077471842277,-0.18825363099542564,-0.2242606607384446,-0.36066430994458903
2023-10-04 04:40:00,-1.978571679505596,-0.07166398633862768,-0.19000499546617164,-0.2330866889255111,-0.3579832659473339
2023-10-04 04:45:00,-2.007701922133726,0.0720081629035414,-0.18842120834026457,-0.22689303193063134,-0.36071872905325764
2023-10-04 04:50:00,-2.0001024200863817,-0.34042056835201523,-0.1911298705594651,-0.22546681267661098,-0.3965137731809563
2023-10-04 04:55:00,-1.992641474065077,-0.7205859460358294,-0.19351782913964874,-0.33146139433515254,-0.4610881406516533
2023-10-04 05:00:00,-1.844133694720791,-0.32017547769257304,-0.19522009204775861,-0.3167779414328178,-0.3507747797512723
2023-10-04 05:05:00,-1.8454551800085452,0.9967504153880683,-0.19563179157759705,-0.2819340480646478,-0.2965559164414507
2023-10-04 05:10:00,-1.83390389175828,-0.41405473869457043,-0.19881811596600477,-0.35128307029081834,-0.2919590084700133
2023-10-04 05:15:00,-1.87143130320859,0.7307120733713718,-0.2024242775701917,-0.3179200048647377,-0.3218155907787649
2023-10-04 05:20:00,-1.853746708895402,2.2597220966220446,-0.21023891993279406,-0.254051224516848,-0.2154854541348866
2023-10-04 05:25:00,-1.8552066656892723,3.488984445287799,-0.21095691327249605,-0.12002365845631749,-0.19962323625636308
2023-10-04 05:30:00,-1.7386709284638515,3.2556672508044433,-0.2572658196819999,-0.21036655646541624,-0.20500305760408197
2023-10-04 05:35:00,-1.7363390322469971,1.8740677225889868,-0.2090439855007246,-0.28502817451943063,-0.24482689319604428
2023-10-04 05:40:00,-1.7230746245010424,0.5953834923941884,-0.21291530010381818,-0.43053654096182503,-0.32066583905417634
2023-10-04 05:45:00,-1.7939425119719257,-0.5793902732443731,-0.20265057993501961,-0.44427847534938714,-0.4230888448116411
2023-10-04 05:50:00,-1.8082387479910396,-0.6547997464042628,-0.19701192423752323,-0.3690644347000053,-0.27002083433956403
2023-10-04 05:55:00,-1.8084507255190054,-0.4958636269931381,-0.19716320125729547,-0.35165473765874167,-0.29642015700285623
2023-10-04 06:00:00,-1.5708043236724303,-0.22523423508385707,-0.23950720469114223,-0.4136137390764493,-0.29226093445828755
2023-10-04 06:05:00,-1.58750125051673,-0.06240343570173039,-0.19440055760461933,-0.30460488894870724,-0.2146735344551667
2023-10-04 06:10:00,-1.5756647241915243,-0.12333766227658492,-0.19879583989025712,-0.3571650385350769,-0.24869481548572073
2023-10-04 06:15:00,-1.5862018476782067,-0.24417558655749644,-0.19914924838771475,-0.4089338287608921,-0.20179877724253167
2023-10-04 06:20:00,-1.5945716579504445,-0.0959294979535334,-0.19633638743738813,-0.32488489199793047,-0.20512328070003508
2023-10-04 06:25:00,-1.5917956248263772,0.09293589884083273,-0.1976196339444717,-0.2972465663274061,-0.20281606823324036
2023-10-04 06:30:00,-1.6569997846896025,-0.062311654752753694,-0.20335057181706703,-0.4452049116914068,-0.36471013098566213
2023-10-04 06:35:00,-1.6564566738490336,-0.35770576251629843,-0.20286953165116636,-0.4193932181432316,-0.4011896819033485
2023-10-04 06:40:00,-1.6487933167194928,-0.49029754111926055,-0.2057897172953941,-0.3922666078453316,-0.39620050432370124
2023-10-04 06:45:00,-1.340430894971561,-0.31161520977032375,-0.2103132007536868,-0.48999461891544444,-0.28966857583130284
2023-10-04 06:50:00,-1.3493332946122603,-0.04719629651048535,-0.20736462854052318,-0.41984872371464504,-0.3068420095708188
2023-10-04 06:55:00,-1.3529209376092746,0.02744708596419304,-0.20621731053905965,-0.36845453950408025,-0.30797247870821576
2023-10-04 07:00:00,-1.1887698224604126,0.1001576170269378,0.0666615914241356,-0.4824718819366046,-0.3563333984824353
2023-10-04 07:05:00,-1.1890650455807479,-0.22293314933739075,-0.2087467287405624,-0.48642554003685085,-0.35977931299035265
2023-10-04 07:10:00,-1.1880866780106505,-0.2688324985802345,-0.20891771337799223,-0.4902668936368695,-0.2925319404810967
2023-10-04 07:15:00,-1.610513585119618,-0.526450970029138,-0.20026739306451508,-0.3978317346367308,-0.33268640137602495
2023-10-04 07:20:00,-1.6097918486650473,-0.6463774828834178,-0.20053414743927503,-0.3939354005787772,-0.3589768217162251
2023-10-04 07:25:00,-1.6236267393948103,-0.01695716056699666,-0.1960512873865525,-0.2387712816467805,-0.2971246926388159
2023-10-04 07:30:00,-1.4609318729066705,0.29679394113433705,0.44581113712852444,-0.3926510539913734,-0.34555574284531637
2023-10-04 07:35:00,-1.4754324469754516,0.22227862616862007,-0.19833963562486057,-0.26207949461980645,-0.2358057901110853
2023-10-04 07:40:00,-1.471390478674645,0.147836941487857,-0.19976858852006504,-0.29975084161887977,-0.2608577791755462
2023-10-04 07:45:00,-1.1968137920009636,0.07677169607521306,-0.2020360404510009,-0.39696997025369496,-0.23036639728668648
2023-10-04 07:50:00,-1.1945030127922498,-0.0512678854746439,-0.20275763909453878,-0.40868393097340194,-0.2159450651909046
2023-10-04 07:55:00,-1.1923338375775272,0.03542182722664369,-0.2037368436717881,-0.4290321366966355,-0.2817365523732169
2023-10-04 08:00:00,-1.2830598117297107,-0.16825409335867275,1.0179086900536702,-0.49878254422658563,-0.4168310381329859
2023-10-04 08:05:00,-1.3031992965199355,-0.5271866180626883,-0.19690071084781322,-0.34125244050407755,-0.3334313373307566
2023-10-04 08:10:00,-1.302643953264275,-0.5505496970588792,-0.19697783716314318,-0.3772125992839379,-0.33379049426950447
2023-10-04 08:15:00,-1.1923284727128491,-0.4193765713731039,-0.19351047673268174,-0.31651028975679174,-0.3533882748540293
2023-10-04 08:20:00,-1.1926493402002893,-0.36657132929646796,-0.1932502194038236,-0.321862568684082,-0.28687936508882955
2023-10-04 08:25:00,-1.1942499490953553,-0.2787695423169389,-0.19287832578995387,-0.30631955731223,-0.3408958934777638
2023-10-04 08:30:00,-1.2492765979841323,-0.21189760710494832,0.8723343553202901,-0.6269684817572811,-0.47946251340817625
2023-10-04 08:35:00,-1.2702815660179645,-0.44157495654178025,-0.18989099909086202,-0.44171423814471383,-0.36613881150981153
2023-10-04 08:40:00,-1.2714879354817163,-0.42538773486403997,-0.19010374611575362,-0.26934458355850266,-0.40368407071286466
2023-10-04 08:45:00,-0.7788380820140489,-0.5662990249052005,-0.19406436916094258,-0.3094310801522152,-0.34903376742979414
2023-10-04 08:50:00,-0.7730914715469687,-0.4787474546765736,-0.19587270701384796,-0.37805236066759623,-0.2533553862316998
2023-10-04 08:55:00,-0.7725587650959617,-0.2434737445700767,-0.1964349360288138,-0.34801006327881073,-0.2923677083897229
2023-10-04 09:00:00,-0.9609245676238197,-0.22112709001483133,1.0136477419385874,-0.5136127348437317,-0.3531058523903098
2023-10-04 09:05:00,-0.9803267526051108,-0.42538898993163293,-0.19219592914007566,-0.4677955584977876,-0.26493517623035456
2023-10-04 09:10:00,-0.9755892960686642,-0.4092067121397833,-0.1941509089226935,-0.4934784975413774,-0.3560430418322198
2023-10-04 09:15:00,-0.4480808452727214,-0.2076492255505433,-0.2009673509969769,-0.4161792367799407,-0.23287825277391372
2023-10-04 09:20:00,-0.45689403916811544,-0.36901303853568185,-0.1978884481008213,-0.3144486650899492,-0.26306172784305987
2023-10-04 09:25:00,-0.45801866249395534,-0.5414926787516763,-0.1970696228625183,-0.357701605725331,-0.21125838079844653
2023-10-04 09:30:00,-0.2722948399490826,-0.4290433319907963,1.1249915295064588,-0.5334543593895683,-0.329987526725254
2023-10-04 09:35:00,-0.2838359082811864,0.08568851503289429,-0.19982649209169512,-0.3534401061505522,-0.06942510297039238
2023-10-04 09:40:00,-0.28993512092704016,-0.06469317788591777,-0.19726247992274148,-0.3549088757195769,-0.019797449362783458
2023-10-04 09:45:00,-0.446805527105265,0.4039248207870961,-0.19180033815177952,-0.2004532008548468,-0.014065996040830949
2023-10-04 09:50:00,-0.4467606631759216,-0.06168517251205611,-0.19125807564569658,-0.24212460927113275,0.024902600137751175
2023-10-04 09:55:00,-0.4413032280860817,0.2761548029037664,-0.19357442196357286,-0.25291502717779113,0.0148459443501668
2023-10-04 10:00:00,0.25600270443208484,1.0683041739020396,1.1291264712499935,-0.47792023102352343,0.11684410187983046
2023-10-04 10:05:00,0.2373824336188712,0.9986441802889772,-0.20491625635336097,-0.33586536175266296,0.3599475459146425
2023-10-04 10:10:00,0.2379109651369937,0.7821632115163515,-0.20479504716518926,-0.3207211565745987,0.45384983598155404
2023-10-04 10:15:00,0.5154405572503872,0.3898665794142652,-0.21022625681084003,-0.445839413402649,0.41407212519196407
2023-10-04 10:20:00,0.5124283178701281,-0.0007997250389421281,-0.209299278319356,-0.4094288029003465,0.25245153915245677
2023-10-04 10:25:00,0.5069111396477831,0.04331985687865497,-0.20731723338537741,-0.38141647966194614,0.24970732546628668
2023-10-04 10:30:00,-0.3094584715644682,0.607158343424686,1.0750643069266022,-0.3692786945231304,0.12311742545484895
2023-10-04 10:35:00,-0.3270236651372688,0.6445334741394932,-0.19608222760684496,-0.2514468046405246,0.24811583359730122
2023-10-04 10:40:00,-0.3188468798197281,-0.3681003799363495,-0.1982355368071424,-0.3955475186011294,0.15612044994550622
2023-10-04 10:45:00,-0.47740855537327964,-0.36337476885500153,-0.20161924144132057,-0.5912378289185413,0.04892489954656811
2023-10-04 10:50:00,-0.4784753902726879,-0.4265942146430809,-0.20192029743147905,-0.4294774177532709,-0.04219429014432812
2023-10-04 10:55:00,-0.48177381451458,-0.5529830922381959,-0.20045678835575406,-0.44556212715220067,-0.01785600223833795
2023-10-04 11:00:00,-0.11096506676322361,-0.4974799290496631,0.9598085223003895,-0.8191901091627336,-0.17148806787433668
2023-10-04 11:05:00,-0.13210596833250857,-0.39611045306247616,-0.2049856800354526,-0.6273596738224648,0.05413426494721324
2023-10-04 11:10:00,-0.13150775134206483,0.04400655043196178,-0.20601302220096124,-0.48827740586115215,0.044051661098763864
2023-10-04 11:15:00,0.07608762669926107,0.6036479481547931,-0.20835587396784502,-0.48812683330522,0.2698672152607654
2023-10-04 11:20:00,0.07723790182545605,-0.020038746432212914,-0.20790815454749492,-0.6623719561836368,0.21344368419119034
2023-10-04 11:25:00,0.06977800532792752,-0.5488432313740875,-0.20508655610156393,-0.6277038043354493,0.0890977666256099
2023-10-04 11:30:00,-0.11105572148715209,-0.5136077410203633,1.0073159244023446,-0.6400382981711688,-0.10334294928817067
2023-10-04 11:35:00,-0.1277956512346716,-0.29122430323920256,-0.20756134295570658,-0.4872837680443087,0.09624892555307078
2023-10-04 11:40:00,-0.1294154889684304,-0.21232790192834386,-0.20718924031286637,-0.4294109900310404,0.09641639013460093
2023-10-04 11:45:00,0.01959648133053725,0.13477190423900176,-0.20636953413825102,-0.4268189413900723,0.09692641781407198
2023-10-04 11:50:00,0.020450201665225175,0.5133739641681557,-0.20684029088449613,-0.38726062605355854,0.20524682053982984
2023-10-04 11:55:00,0.026702820029244304,0.07901922049016531,-0.2089746936229341,-0.5142158077344573,0.006036677783454146
2023-10-04 12:00:00,-0.039570345099916894,-0.035849019438345904,0.9972688706422334,-0.58633538536365,-0.1574591616065764
2023-10-04 12:05:00,-0.05916231068067671,0.7563854157831186,-0.20434625338641502,-0.35971068446394394,0.05632949414717951
2023-10-04 12:10:00,-0.06542018220100154,-0.0699466574639968,-0.20124194212850496,-0.4292902309462319,0.010647560487197956
2023-10-04 12:15:00,-0.07020969312121232,0.025656045989981544,-0.20396257448439242,-0.439277489660361,0.07416178961944161
2023-10-04 12:20:00,-0.06706838524831629,0.28515339685948815,-0.20523171265168508,-0.4542671259280945,0.1026396171719059
2023-10-04 12:25:00,-0.05820995695961686,0.8039910361196145,-0.2080649686028454,-0.4159240584735534,0.5495699219056326
2023-10-04 12:30:00,-0.4125392720116631,1.8502248084010524,-0.202276958473562,-0.2224793299615748,1.055712568797044
2023-10-04 12:35:00,-0.41237644663215683,3.042513234994737,-0.2008746902046347,-0.109713349573942,2.193515421406673
2023-10-04 12:40:00,-0.41673901739351316,3.214638742594063,-0.19903331768366636,-0.07591203051918986,2.365201177972564
2023-10-04 12:45:00,-0.23329716050203705,2.5465308712158827,-0.2097679421735899,-0.2660503776771284,1.9848203392300734
2023-10-04 12:50:00,-0.2435286198593026,2.2259926349458166,-0.20608011847744398,-0.28472488381444433,1.7645215528753104
2023-10-04 12:55:00,-0.24589050045551508,2.001274719660489,-0.20451972079270128,-0.22656237046994934,2.0577244159201555
2023-10-04 13:00:00,-0.43285479940056476,1.0850889030681192,-0.08833356560358106,-0.3044189284781637,1.8284942426491468
2023-10-04 13:05:00,-0.44354296738060406,1.844629787533839,-0.19966233803266897,-0.13711121699138115,2.4575723323355816
2023-10-04 13:10:00,-0.44381025067045937,3.714446003130307,-0.1974353572929689,0.02200525759633805,4.143764003459399
2023-10-04 13:15:00,-0.5247191078764709,3.269803051729165,-0.20241344844535236,-0.10515876580446547,3.577432675244333
2023-10-04 13:20:00,-0.5357799533564818,3.132241082338261,-0.19520917952003758,-0.016534393781471226,4.920671064621262
2023-10-04 13:25:00,-0.527561128509688,4.562479661603254,-0.19536113970152919,0.11893569498902097,6.811387340049789
2023-10-04 13:30:00,-0.6965839303247761,3.546487821991278,0.7932975138428077,-0.134112253585243,5.407221569654049
2023-10-04 13:35:00,-0.7033861877096966,2.9276435660531086,-0.20355861877418224,-0.14169812628027445,4.243332520587054
2023-10-04 13:40:00,-0.691260477571028,2.388423614203977,-0.20652724724859323,-0.19560932969769865,4.716389425143689
2023-10-04 13:45:00,-0.6094372320008865,3.5031275138378493,-0.2135388592470714,-0.29085780712226456,4.878833796971467
2023-10-04 13:50:00,-0.6149489075319499,2.7149017124229835,-0.21008210983741418,-0.26579113277923055,5.2492033913632765
2023-10-04 13:55:00,-0.6231918697332987,2.892952368735552,-0.20812401706547382,-0.23953492960884432,4.831049236726305
2023-10-04 14:00:00,-0.34140494966962104,3.920457721546204,0.30532490043975374,-0.22327145408956003,6.527137932466291
2023-10-04 14:05:00,-0.34223228241489506,5.222194547177447,-0.2071808393662362,-0.0015173074939580098,8.242013696919216
2023-10-04 14:10:00,-0.3449003881494067,4.765094306383152,-0.2068555043739772,-0.12352574036339879,7.63707097509972
2023-10-04 14:15:00,-0.7499575195939767,4.550226358026493,-0.19470593732777058,0.05075256128358419,8.17797236972239
2023-10-04 14:20:00,-0.738072793470649,4.596728527225951,-0.1994343152940524,-0.06304695718542798,7.9560075529534275
2023-10-04 14:25:00,-0.7300598911424052,4.423655061369696,-0.20616068853324662,-0.1351697878101437,6.250637041051917
2023-10-04 14:30:00,-0.11160272926115535,3.632002909218534,0.17853647688677757,-0.30681769798034636,6.815572186381266
2023-10-04 14:35:00,-0.12181459740384111,2.9969742873132916,-0.21341231906721034,-0.2507156667663676,6.181332937539444
2023-10-04 14:40:00,-0.12759326562932158,3.468371877545303,-0.21377775442369165,-0.22069814297134374,5.271041418772367
2023-10-04 14:45:00,0.01494630944286156,2.6592109898929577,-0.22074553545045061,-0.4690859769458821,4.720610378949438
2023-10-04 14:50:00,0.011017147042960243,2.1113818782835665,-0.21856425588646164,-0.3965672481754125,4.946132300350161
2023-10-04 14:55:00,0.011769430047033734,2.5158929359754425,-0.22063909963790887,-0.43708858982835763,4.25196890894334
2023-10-04 15:00:00,-0.4189724326405676,2.3452768216876483,0.2615156327472173,-0.28300153657004695,4.571112714696669
2023-10-04 15:05:00,-0.41497060869965763,2.4386046966236807,-0.21160925400900102,-0.2961253887135534,5.343880766780565
2023-10-04 15:10:00,-0.40944514247993624,2.451743989482013,-0.21467393531725443,-0.3239254341593436,4.906150555570968
2023-10-04 15:15:00,-0.4058566070257462,3.758105485134486,-0.2173355878725444,-0.23269921520850673,4.85552728068818
2023-10-04 15:20:00,-0.4207847849383432,4.453903137756936,-0.2109230762046614,-0.1019687987391865,5.543632156431125
2023-10-04 15:25:00,-0.4240225116843311,3.5716934072703888,-0.206616060090872,-0.17727553019652792,6.474004315373047
2023-10-04 15:30:00,-0.9096371901682412,4.236863649922267,0.5154295088624061,-0.0019499067741792586,6.011386480330038
2023-10-04 15:35:00,-0.9115650435743762,4.457541881876188,-0.2005847395565898,-0.06635275560600287,6.500583679885635
2023-10-04 15:40:00,-0.902466511113967,4.062838297539107,-0.2020702265145764,-0.05010397640863396,7.253497129008171
2023-10-04 15:45:00,-0.7447942120146431,4.053720196315101,-0.21392369739574146,-0.27167327498506116,5.670804138524076
2023-10-04 15:50:00,-0.7438829224107265,3.9451464725392342,-0.21502120765943758,-0.31703138481499515,5.256613285651942
2023-10-04 15:55:00,-0.748960773166598,2.40690280591707,-0.21012074179172294,-0.29545013958390604,6.0804258193700775
2023-10-04 16:00:00,-1.1082135035277303,2.6923719403226585,0.336181946489114,-0.27389194113751186,3.746248534699393
2023-10-04 16:05:00,-1.1025959445303524,3.699506533470051,-0.20877089537577673,-0.19934573962263274,3.720095700101052
2023-10-04 16:10:00,-1.0970641117283721,4.214961114234118,-0.2097378234402844,-0.1983217713879196,4.364452148669052
2023-10-04 16:15:00,-0.8595016231928615,2.5280098743255692,-0.21464284541147682,-0.49404941783205386,2.6591936706972263
2023-10-04 16:20:00,-0.8624629885640414,2.6945709534595887,-0.21419330597041433,-0.38984331996512717,2.566045981780247
2023-10-04 16:25:00,-0.8521194388795229,2.117347900403223,-0.21846139048245009,-0.4843041930803909,2.1295666291983335
2023-10-04 16:30:00,-1.2195374203043075,1.9251240247724346,-0.1865471680899952,-0.37228452337696877,2.0176113458019387
2023-10-04 16:35:00,-1.2236756357527863,2.4018709402309484,-0.21150018009736876,-0.3034449021190201,2.015140156613134
2023-10-04 16:40:00,-1.2247514449070818,1.5371764980901215,-0.2111153106973851,-0.3974847516117375,1.611694112222753
2023-10-04 16:45:00,-1.1122032539834832,0.8197397429336613,-0.21168768671729807,-0.522569427212495,1.348946976234219
2023-10-04 16:50:00,-1.1020478927600834,1.1786999612740912,-0.21628379305635798,-0.485480817877177,1.2091346915102088
2023-10-04 16:55:00,-1.1054238810224892,1.720884785301037,-0.21609927153016986,-0.371268571908026,1.062813626589229
2023-10-04 17:00:00,-1.0757747040387053,0.8837852091437387,-0.40687128049407784,-0.4779329145353206,0.8801629683880842
2023-10-04 17:05:00,-1.0813002758281705,0.46002845099986345,-0.2083517458357733,-0.4651605910824975,0.8609590661161258
2023-10-04 17:10:00,-1.0768506826051085,0.6387227835603606,-0.21026845806511837,-0.4464748334675965,0.8507396904783884
2023-10-04 17:15:00,-0.9035557498961543,0.025604073531763884,-0.20890871378287443,-0.4703095826242056,0.6617455508938974
2023-10-04 17:20:00,-0.905358459935513,-0.2852723717313352,-0.20837095495038432,-0.4729067278714198,0.5002310294233422
2023-10-04 17:25:00,-0.910728732111942,-0.4319202931251982,-0.20656168612399045,-0.39729609602236815,0.4582871192307686
2023-10-04 17:30:00,-0.7950876586460824,-0.45279541616279917,-0.34943119930811944,-0.4178731833071676,0.2302510757361734
2023-10-04 17:35:00,-0.8050691988547409,-0.7328747012298036,-0.20312465277600125,-0.4346318754964142,0.20313090265420863
2023-10-04 17:40:00,-0.7959729801786813,-0.47095224621790593,-0.20660494712855892,-0.4209356873424065,0.30242917494860544
2023-10-04 17:45:00,-0.8086109494901577,-0.20053746671793504,-0.2071728120481251,-0.4403569524715729,0.2903063078111578
2023-10-04 17:50:00,-0.8206054914148078,-0.23775488615154408,-0.20284136486433477,-0.40558176463181744,0.21702841613620946
2023-10-04 17:55:00,-0.8114419872932656,-0.11517056403137178,-0.2059754301271842,-0.6184878708071712,0.1118322320202439
2023-10-04 18:00:00,-0.3352255415566339,-0.08476852397687323,-0.4567329995310508,-0.5011807680139679,0.118110788206161
2023-10-04 18:05:00,-0.3362987691599763,0.009278473570877648,-0.21072987825206593,-0.4955764439692118,0.12057414482193941
2023-10-04 18:10:00,-0.32825390534107896,0.08327883205267367,-0.2136403390908752,-0.569402833336081,0.1107019201729071
2023-10-04 18:15:00,-0.9260921116856123,-0.35302459168089845,-0.2038548189192885,-0.5985065700866247,0.0462823912539286
2023-10-04 18:20:00,-0.9230587716849553,-0.23128241912784317,-0.20562058062356908,-0.4492833603378036,0.03762246557619328
2023-10-04 18:25:00,-0.9238447853856175,-0.2873483201609639,-0.20551208052753625,-0.45559957627003833,-0.06977705858986785
2023-10-04 18:30:00,-0.8107500161060748,-0.3333811958085905,-0.15584181042913015,-0.6842773372271144,0.0020811800938101126
2023-10-04 18:35:00,-0.8180054804478692,-0.3864192269600062,-0.20791487158749614,-0.646887512301551,-0.04853520019717351
2023-10-04 18:40:00,-0.8146058711435903,-0.18651275380739546,-0.20986951661065897,-0.4994614255811568,-0.056953644184663754
2023-10-04 18:45:00,-0.49628283812477547,-0.08086332444491375,-0.2131277169912418,-0.5451957654579074,-0.043417655513732084
2023-10-04 18:50:00,-0.49946293599319647,-0.3588762220099704,-0.211405490086102,-0.5351465683872036,0.10147373572453376
2023-10-04 18:55:00,-0.49802733268343685,-0.285559259894976,-0.21198135704579862,-0.5423102012877924,0.10224619131694791
2023-10-04 19:00:00,-0.6908878262707385,0.13081897109033436,-0.3403873488187011,-0.5016083906322104,-0.020548897944649286
2023-10-04 19:05:00,-0.6884914793493632,0.3766556445030805,-0.21178935278285765,-0.5131851868764161,0.039507966913039864
2023-10-04 19:10:00,-0.6965359513163193,-0.33411921615951423,-0.20787294348670327,-0.6470857986715493,-0.00834744501703066
2023-10-04 19:15:00,-0.9408151901810411,-0.566328084372759,-0.2046063202501041,-0.4478441048268569,-0.16374149224742168
2023-10-04 19:20:00,-0.9407877583743078,-0.6517900903401819,-0.20385776220386645,-0.6028467919573115,-0.08661464829678847
2023-10-04 19:25:00,-0.9422433261071554,-0.47982350442239274,-0.20366330317529108,-0.5968695224927252,-0.18067041319867966
2023-10-04 19:30:00,-0.9217688936658088,-0.5187680298116091,-0.1999749971419531,-0.5549546546800811,-0.1394139810315821
2023-10-04 19:35:00,-0.9268638248096421,-0.9158179842721835,-0.19774193380869054,-0.5291130833367248,-0.10222351643974893
2023-10-04 19:40:00,-0.9220235478486285,-0.8157292742473334,-0.19954862681631258,-0.5532187866319148,-0.08636930253305562
2023-10-04 19:45:00,-0.6776041570801541,-1.1684743547459715,-0.20095537319974083,-0.5680555887996658,-0.1201538167082135
2023-10-04 19:50:00,-0.6812888374965178,-1.122052601028669,-0.1996437423336561,-0.5493015377028846,-0.1219737124191779
2023-10-04 19:55:00,-0.6817138005981183,-0.9734067575285315,-0.19947157327456974,-0.5459096232239233,-0.06868074492835242
2023-10-04 20:00:00,-0.9657706436838932,-0.4019144501798556,-0.20127596638104067,-0.5703630613852556,-0.06201464812116301
2023-10-04 20:05:00,-0.9425004981637221,1.165113591416942,-0.21120419677938781,-0.443617085183349,0.15554286943157167
2023-10-04 20:10:00,-0.9339151335008298,1.8378892689725177,-0.21455865507665037,-0.45859613218760753,0.3076599186909999
2023-10-04 20:15:00,-1.110072669893559,1.3417780415551976,-0.20922059824035177,-0.4822529074962778,0.20802017931447747
2023-10-04 20:20:00,-1.124461010185502,0.7817448182439617,-0.20360309194070977,-0.4106032545301303,0.1870180066297458
2023-10-04 20:25:00,-1.144775355585287,-0.3169810856498892,-0.1953901298059878,-0.3347970414755951,0.14882550520195756
2023-10-04 20:30:00,-1.00600185697231,-0.4316265658564418,-0.48040487703423373,-0.5585132655730491,-0.07935781763323517
2023-10-04 20:35:00,-1.0086150512514522,-0.3748879258791909,-0.19882811900108127,-0.5399024366798936,-0.01242001991466742
2023-10-04 20:40:00,-1.0109460643416024,-0.4351425209177935,-0.1979040723324249,-0.5279542208778746,-0.0002904642802924291
2023-10-04 20:45:00,-1.1052366819206716,-0.6423502387698765,-0.19768740358548212,-0.5273975994223179,-0.07362587041976949
2023-10-04 20:50:00,-1.1065656074573453,-0.676820729210518,-0.1970860264496455,-0.5199944245865249,-0.03427545107188815
2023-10-04 20:55:00,-1.1114124531659957,-0.5991397179872485,-0.1954031532827273,-0.4955391661486924,-0.05000541033541777
2023-10-04 21:00:00,-1.1564172232851915,-0.2836724424525882,-0.13526797155347128,-0.5395681035899001,-0.07650908490084889
2023-10-04 21:05:00,-1.155595800968718,-0.5130201661612892,-0.19987546175760543,-0.3904881149177468,-0.09056609384550353
2023-10-04 21:10:00,-1.1588860464994115,-0.5295356287342763,-0.19905793742888786,-0.3685657585505509,-0.25226638226228315
2023-10-04 21:15:00,-1.0267196084059218,-0.49501239228434724,-0.19791192670470353,-0.3629442597361663,-0.18002734500121684
2023-10-04 21:20:00,-1.018930394694332,-0.36885327323863115,-0.20084022571602103,-0.39374673808918575,-0.16251907306224794
2023-10-04 21:25:00,-1.0104128894656652,-0.22315269946071903,-0.20381013090342412,-0.44318365902934503,-0.06484624975145623
2023-10-04 21:30:00,-1.0498951177849298,-0.41608147123918743,-0.2719272719745182,-0.5329290725737575,-0.13330694123683864
2023-10-04 21:35:00,-1.0464588631943026,-0.3257391947309303,-0.20160549616555082,-0.43086002835713944,-0.20029159642311414
2023-10-04 21:40:00,-1.0495056264503675,-0.3109579099667195,-0.20048068583508463,-0.4320944066258842,-0.21547031779129242
2023-10-04 21:45:00,-0.9199484009330791,-0.4446724151017548,-0.20214594953707785,-0.5784545252804996,-0.19363595792925992
2023-10-04 21:50:00,-0.9204720244856783,-0.6341097917510291,-0.20239002915237886,-0.4126019067036969,-0.20432781447411322
2023-10-04 21:55:00,-0.9149633100090581,-0.49625801027094807,-0.20437903899812948,-0.4477781914341831,-0.16156807409245022
2023-10-04 22:00:00,-0.991270274232413,-0.39824750006917986,-0.015236801077368538,-0.5571049353201334,-0.18354404215613448
2023-10-04 22:05:00,-0.9939188728195267,-0.6129892920545993,-0.2005142630249224,-0.5645590673037219,-0.2734725340508884
2023-10-04 22:10:00,-0.9975586202229224,-0.6892436852109839,-0.19968511311818168,-0.4163914515728222,-0.3263061806715442
2023-10-04 22:15:00,-1.009469156548441,-0.5430681580433933,-0.2005334293109042,-0.4371219117579192,-0.2945106687794897
2023-10-04 22:20:00,-1.0131572519364345,-0.6377660376002203,-0.19883951671574943,-0.5421740118416514,-0.35212145165860165
2023-10-04 22:25:00,-1.0172351630827343,-0.6429818217369312,-0.19725576830502725,-0.520788797555352,-0.3141327983378292
2023-10-04 22:30:00,-1.0558000840824096,-0.22326259621665534,-0.3076745035451471,-0.3016656172209302,-0.31265941039561057
2023-10-04 22:35:00,-1.0649229395090454,-0.016695112553538595,-0.193723927918456,-0.2544940602440694,-0.22567333443520343
2023-10-04 22:40:00,-1.0589870395693577,-0.10729355089679098,-0.19579860530828355,-0.29297071753606074,-0.22291388331400044
2023-10-04 22:45:00,-0.6208379366377924,-0.541253709664713,-0.2002481870860238,-0.5483194523381907,-0.27005095621890773
2023-10-04 22:50:00,-0.622095018185709,-0.7166596660436468,-0.19981820052762558,-0.5434789190900603,-0.3375534625855084
2023-10-04 22:55:00,-0.6206797029183423,-0.6597730656541343,-0.2001911438989115,-0.5490888000457577,-0.2567161614873932
2023-10-04 23:00:00,-0.7104020240353017,-0.5424380981349954,-0.3455640046676405,-0.5310585130536868,-0.19016073499610145
2023-10-04 23:05:00,-0.7062603222250519,-0.4748083741969348,-0.20097483646668213,-0.5618511679971908,-0.2030019071101324
2023-10-04 23:10:00,-0.7118265886394995,-0.731330807174311,-0.19876151474091103,-0.5341016133764562,-0.20599277437038377
2023-10-04 23:15:00,-0.5703663883027492,-0.7934767825660184,-0.19763144119282608,-0.5124067479729968,-0.20886221886422654
2023-10-04 23:20:00,-0.5677705246462497,-0.6000798240925587,-0.19883862257278753,-0.5261905487582142,-0.2608047766777061
2023-10-04 23:25:00,-0.5620840028883507,-0.48259386815080024,-0.2008745224360203,-0.5538231542561242,-0.20447254580553728
2023-10-04 23:30:00,-0.8343256546300098,-0.5814984879989309,-0.4625612769843799,-0.4757974985293824,-0.25965972238723356
2023-10-04 23:35:00,-0.8306914649314738,-0.6422764388650748,-0.1978090093436712,-0.3527674166453519,-0.3530465014660722
2023-10-04 23:40:00,-0.8300248682950077,-0.6882722463597046,-0.19790419896499886,-0.3721818947975244,-0.32636092559281016
2023-10-04 23:45:00,-0.8665622710566165,-0.6211225211763873,-0.19694325005397187,-0.3606403826967099,-0.26543510487898586
2023-10-04 23:50:00,-0.8670925111319318,-0.7058886140096913,-0.1969887677581758,-0.3436509710165831,-0.3722355425269882
2023-10-04 23:55:00,-0.867309929379376,-0.736354655360466,-0.19607453497572364,-0.5037128839703946,-0.2553014250587939
2023-10-05 00:00:00,-0.867861742116264,-0.5951740060841019,-0.4533868792282976,-0.2727924103916114,-0.23371283106790253
2023-10-05 00:15:00,-0.8489689987888805,-0.5247881196204682,-0.1977687195531409,-0.3539460568532696,-0.3086857181427864
2023-10-05 00:20:00,-0.8506996396383907,-0.714974368140039,-0.19709769036403244,-0.35471684097636863,-0.3632393290298693
2023-10-05 00:25:00,-0.8595282927358607,-0.8796485567712006,-0.19372472842775032,-0.30159701076376566,-0.3409546977603021
2023-10-05 00:30:00,-0.9580325374134518,-0.9582975867475755,-0.5875237283873511,-0.4039927561612243,-0.2449598746288307
2023-10-05 00:35:00,-0.9467816709413825,-0.7170111775428807,-0.19461881428246075,-0.48568398719389705,-0.3413569695889441
2023-10-05 00:40:00,-0.9511528301946255,-0.9822918501569222,-0.19265148652786754,-0.4625453598714398,-0.263675154993424
2023-10-05 00:45:00,-0.8127131389514674,-0.8643265646847239,-0.193216653227502,-0.3288037554516332,-0.22793819356434325
2023-10-05 00:50:00,-0.8139400519459236,-0.8065303568033193,-0.19253456309449637,-0.45395532100191976,-0.29768133868011143
2023-10-05 00:55:00,-0.8104846294686734,-0.9106353129665166,-0.1935989954891843,-0.47067662789267806,-0.24263949178959343
2023-10-05 01:00:00,-0.5564581729747221,-1.049141871036893,-0.6410959125304713,-0.46861573328123907,-0.3333023213810916
2023-10-05 01:05:00,-0.5527483972993266,-1.208742536846353,-0.19658289926266584,-0.5028783199243382,-0.33889004881765883
2023-10-05 01:10:00,-0.5551768121652159,-1.377454767252702,-0.19566891144173584,-0.4916033238796709,-0.3802761070220973
2023-10-05 01:15:00,-0.847547066402267,-1.2704735374709564,-0.1927011938066936,-0.32421361736972376,-0.6368613391247138
2023-10-05 01:20:00,-0.8469600874292974,-1.3475171730912172,-0.19204411241291736,-0.45438347989471645,-0.4699768287744474
2023-10-05 01:25:00,-0.8490180276713435,-1.548542948976958,-0.19096653478999784,-0.4428523920748928,-0.39108708417542404
2023-10-05 01:30:00,-0.6008796920060083,-1.4524613409363918,-0.8000427329441425,-0.3964128609989198,-0.3542251949239618
2023-10-05 01:35:00,-0.5982788397387675,-1.4530158999247684,-0.18905743940419054,-0.42021968824876194,-0.3635619324535381
2023-10-05 01:40:00,-0.602544805461806,-1.2500948612060574,-0.1880691214019707,-0.2597457820940291,-0.3496252280256204
2023-10-05 01:45:00,-1.0157281075397584,-1.1562100875300345,-0.19024149605660592,-0.425668107420933,-0.3638309961861184
2023-10-05 01:50:00,-1.0135881363083075,-1.0963383588852245,-0.191003615823469,-0.4359186740272398,-0.3360214717846461
2023-10-05 01:55:00,-1.0218568607239653,-0.8287870452017786,-0.18796165164341602,-0.3918382424370838,-0.24656106323469718
2023-10-05 02:00:00,-1.1258734344331103,-0.8695163608832301,-0.8715931872665692,-0.3634878241044678,-0.3818410423386375
2023-10-05 02:05:00,-1.1165021886037334,-0.9097565136784456,-0.18967621538528667,-0.2921728393318315,-0.4492367673915105
2023-10-05 02:10:00,-1.1152400052317037,-0.7569438321180454,-0.19015329213896245,-0.297584985198083,-0.4084543218833965
2023-10-05 02:15:00,-0.972841020070551,-0.9583856437353732,-0.19272509962634862,-0.2979149000100932,-0.2935289447187287
2023-10-05 02:20:00,-0.9681793607918602,-0.7701845924579708,-0.1938674210926019,-0.4742630656590613,-0.21386634449023884
2023-10-05 02:25:00,-0.9707767505711393,-0.7142191166860281,-0.19295933296083861,-0.46100168254345286,-0.21513228443388907
2023-10-05 02:30:00,-1.2014811461518518,-0.7076721548188538,-0.5765455139727076,-0.2627866760127784,-0.3661452781531118
2023-10-05 02:35:00,-1.1947135495428083,-0.6030673671155204,-0.1898794910322965,-0.2650814817474605,-0.2555973030803064
2023-10-05 02:40:00,-1.1822402474301823,-0.29800489738375746,-0.1948672265268876,-0.27061290036658214,-0.26137544150615233
2023-10-05 02:45:00,-1.0373596170745607,0.7662226501999849,-0.20152710617212002,-0.22420142178499328,-0.243739182313326
2023-10-05 02:50:00,-1.0402709276658644,0.719376614716158,-0.20005365185708754,-0.32433952953748685,-0.2473865244429208
2023-10-05 02:55:00,-1.056980914842069,0.020310198422634405,-0.19351221693304443,-0.29182436423383007,-0.3506417621701902
2023-10-05 03:00:00,-1.2573823075201507,0.11317118847133965,-0.41591760521901183,-0.25027989557642233,-0.3157544041142083
2023-10-05 03:05:00,-1.2577250522169747,0.104037233020137,-0.19289026248007451,-0.24760769191997414,-0.2994318686412333
2023-10-05 03:10:00,-1.2645043763153818,-0.4921101686412674,-0.18950729898904603,-0.41928783252686475,-0.3871591638619474
2023-10-05 03:15:00,-1.253533188690401,-0.4950945715629702,-0.19033334847014133,-0.26230016969005326,-0.28904441837329936
2023-10-05 03:20:00,-1.25002833069227,-0.34117294285361205,-0.19185146105890033,-0.2976603431144719,-0.3675445354583385
2023-10-05 03:25:00,-1.245948551666668,-0.4444593611015085,-0.1932668454979068,-0.31853699383310113,-0.36557317498310976
2023-10-05 03:30:00,-1.210052580075659,1.230548502228082,-0.19895235515518114,-0.27806251146325567,-0.22907623916706304
2023-10-05 03:35:00,-1.2194238509247948,0.05941172720876818,-0.19479307251108674,-0.23341236667042595,-0.2746943232356493
2023-10-05 03:40:00,-1.2058410746838375,1.3957843813600883,-0.20087239297899756,-0.20876194636571144,-0.21181135535717438
2023-10-05 03:45:00,-1.1966345655978943,0.9176871697985014,-0.20278267123408453,-0.2749722437551951,-0.2233338384043492
2023-10-05 03:50:00,-1.2082881475447258,-0.2626212526480505,-0.19746775146349504,-0.3339894843801003,-0.2989393209034029
2023-10-05 03:55:00,-1.2144791811096545,-0.4622996180794582,-0.19486324938931068,-0.3266032339490397,-0.24928513832760632
2023-10-05 04:00:00,-1.4783798412892224,-0.4533582004225887,-0.14120045812374155,-0.32480830240904685,-0.3403972255871338
2023-10-05 04:05:00,-1.482892591069088,-0.6728204087149855,-0.18986836858074438,-0.4313880364271834,-0.2415888270655577
2023-10-05 04:10:00,-1.4810118441951132,-0.5498206580069177,-0.1908871632315257,-0.4426467391192376,-0.3473060338670111
2023-10-05 04:15:00,-1.2753232188186079,-0.29524793168205177,-0.1943555801014788,-0.4786204200809427,-0.30998592024574
2023-10-05 04:20:00,-1.276614403430989,-0.4830059262207524,-0.19368982740826665,-0.47192493818746756,-0.2840889048391851
2023-10-05 04:25:00,-1.2709241343925675,-0.6415418233188837,-0.19553116774915189,-0.5000679915601303,-0.22797423785219414
2023-10-05 04:30:00,-1.3579691505308453,-0.8342524924783807,-0.12622654740306816,-0.5209025047267314,-0.3758257252644373
2023-10-05 04:35:00,-1.3615971047644706,-0.8455496957248905,-0.19433033892448306,-0.49039905682630697,-0.3580564026690074
2023-10-05 04:40:00,-1.3612369715333545,-0.6427767089178806,-0.194452499054309,-0.490646185880468,-0.2910078750967819
2023-10-05 04:45:00,-1.3478283992872933,-0.6827913503824863,-0.19450045252780565,-0.4921445067921534,-0.3085465851610104
2023-10-05 04:50:00,-1.3503702651408138,-0.8679971397220099,-0.19353333833181957,-0.48032383383791233,-0.3499945308154508
2023-10-05 04:55:00,-1.348950438477219,-0.9868986151073206,-0.19396704525935538,-0.48773019307314314,-0.3493714087151317
2023-10-05 05:00:00,-1.4089941030974473,-0.8765630782166783,-0.12669085472108557,-0.4892786217989707,-0.3154013708397812
2023-10-05 05:05:00,-1.406950009949876,-0.7009158044873183,-0.19436558811734586,-0.49515041823713823,-0.3597470152760143
2023-10-05 05:10:00,-1.401102182261779,-0.4099821025672487,-0.19730059678114573,-0.36272590137953936,-0.3802493412364704
2023-10-05 05:15:00,-1.347713484562197,-0.46830210832596264,-0.1976813821933715,-0.3659312612736334,-0.3672897081144597
2023-10-05 05:20:00,-1.3512267412393248,-0.638277271501724,-0.1961903755400081,-0.3561531201912823,-0.34265092292969407
2023-10-05 05:25:00,-1.3570636529713975,-0.6621673139680545,-0.19410097163650664,-0.31869231835768014,-0.3587943434560541
2023-10-05 05:30:00,-1.3894351113257726,-0.5624001870830196,-0.3756262767580079,-0.3469708368861015,-0.365737017815826
2023-10-05 05:35:00,-1.388679406502544,-0.49140497070468075,-0.1936845411428474,-0.4809635341511761,-0.3286167177311342
2023-10-05 05:40:00,-1.3847105488819273,-0.5068828179349091,-0.19524441923173635,-0.5020761385254265,-0.380007253353666
2023-10-05 05:45:00,-1.346921713325674,-0.6771435000750846,-0.1977022703160435,-0.5368935803535568,-0.432970767295455
2023-10-05 05:50:00,-1.3516614578153867,-0.8324456915634567,-0.1957704912075709,-0.5124220029677411,-0.395441407227939
2023-10-05 05:55:00,-1.3526678591692278,-0.7847167363168895,-0.19537584533627678,-0.5067505709100073,-0.3692275246037442
2023-10-05 06:00:00,-1.519661672919401,-0.6142575193690497,-0.19545287290512803,-0.3578878295199424,-0.3372239752999726
2023-10-05 06:05:00,-1.5236204779196103,-0.4478082705467816,-0.1942415199141391,-0.3216647073071985,-0.365470875507396
2023-10-05 06:10:00,-1.5176414787059458,-0.4872599123568656,-0.19624577006317756,-0.35926470107940606,-0.3092800735376295
2023-10-05 06:15:00,-1.4549344686539671,-0.7845452757575574,-0.1969401333275467,-0.34417708395283,-0.2578080842986002
2023-10-05 06:20:00,-1.4547454471607904,-0.7957452157122805,-0.1965987669208197,-0.524754502331263,-0.34111015634093905
2023-10-05 06:25:00,-1.4525787459196153,-0.7807939614126823,-0.19746132801119778,-0.5361940558579202,-0.366696712765072
2023-10-05 06:30:00,-1.5868730209447326,-0.6737342957564096,-0.02805266886903006,-0.4254280528552196,-0.4063822497163365
2023-10-05 06:35:00,-1.5919461017913206,-0.47765718182742417,-0.196980717220361,-0.39048628131838725,-0.36363373900098345
2023-10-05 06:40:00,-1.592674669726502,-0.29097624066657857,-0.1967442812006632,-0.3604690319920641,-0.2833500372164996
2023-10-05 06:45:00,-1.4018822515341816,-0.41521326140466003,-0.19902259718866358,-0.38677239439775307,-0.355210988916672
2023-10-05 06:50:00,-1.3992580596262438,-0.41387958247891976,-0.19995415805909456,-0.4082707974685527,-0.3540462763206326
2023-10-05 06:55:00,-1.4061546272452374,-0.41865843946677184,-0.19749161666677378,-0.36541210274987374,-0.3707070631680167
2023-10-05 07:00:00,-1.4600850165451953,-0.5436979338473311,-0.31805870432616834,-0.3235697020304249,-0.34745495288143835
2023-10-05 07:05:00,-1.4602523204976434,-0.42926423068070313,-0.19241217542639014,-0.4647566417643885,-0.3041895455104681
2023-10-05 07:10:00,-1.4557942844488994,-0.27033987339043636,-0.1942743675971594,-0.4880376358499862,-0.35520030716762785
2023-10-05 07:15:00,-1.445027728732505,-0.3388582898737065,-0.1927598469416328,-0.4719399169666208,-0.26472300900006346
2023-10-05 07:20:00,-1.4456205020363513,-0.4520544183879016,-0.1927082932863747,-0.47108449409095254,-0.37184185241683143
2023-10-05 07:25:00,-1.4416792267307004,-0.5723084537560357,-0.19456568346727376,-0.3379604937891149,-0.36708513953219685
2023-10-05 07:30:00,-1.5709596405073656,-0.6148422428603465,-0.4244931045399994,-0.35671255760823767,-0.35604430646264235
2023-10-05 07:35:00,-1.570621979154685,-0.5574904246398051,-0.19575252201939183,-0.342014956993117,-0.3858684789219961
2023-10-05 07:40:00,-1.5693328935258108,-0.5189770120630703,-0.19628456553195936,-0.3571655995374222,-0.41203005614820615
2023-10-05 07:45:00,-1.3511193521568625,-0.10752621478984148,-0.1991760584566638,-0.3750664529188273,-0.4676517347657585
2023-10-05 07:50:00,-1.3519329839825822,-0.07174877465542269,-0.19857118415871997,-0.3766459087802547,-0.3347737961826612
2023-10-05 07:55:00,-1.3582100529460652,-0.18742317582800347,-0.19600254598345468,-0.3854726670455915,-0.3120989775577043
2023-10-05 08:00:00,-1.2486067894061361,-0.3444113417920738,-0.15843362087609927,-0.3861296883604036,-0.4177108633787792
2023-10-05 08:05:00,-1.2504523146393276,-0.4622592058949231,-0.1972516710309546,-0.3606705505371546,-0.46673582981156214
2023-10-05 08:10:00,-1.2492165988666704,-0.2452800795788715,-0.19791497628353982,-0.2915022800480634,-0.384530682477113
2023-10-05 08:15:00,-1.2354659971253616,-0.243853196609906,-0.19839831728875865,-0.3468465786286448,-0.3648066027542592
2023-10-05 08:20:00,-1.2374836219734648,-0.35263470155420473,-0.19755785215745172,-0.34501450274687,-0.3660565853318898
2023-10-05 08:25:00,-1.2420163379116946,-0.427921676603174,-0.19581964734112375,-0.32195692997891545,-0.3550516317592761
2023-10-05 08:30:00,-1.200478456210861,-0.49450609894100306,0.062429851737304316,-0.3685132717883965,-0.39286426671203895
2023-10-05 08:35:00,-1.2046968472840047,-0.8502056708421685,-0.19524995074939594,-0.3374504140631507,-0.36475658717774717
2023-10-05 08:40:00,-1.2040307619254336,-1.0165522494255845,-0.19523659175491614,-0.37360294964646823,-0.3518185910879664
2023-10-05 08:45:00,-1.3174181264125813,-0.8233682931720493,-0.19335657313644752,-0.3145338520265413,-0.4145750242519214
2023-10-05 08:50:00,-1.3153161453060467,-0.898574596834741,-0.19421961803043744,-0.31813629008931843,-0.4667867633357605
2023-10-05 08:55:00,-1.3155711354318231,-0.6352712809229678,-0.1940683395774574,-0.3144487092134,-0.359994434812098
2023-10-05 09:00:00,-1.4418151505574468,-0.7097922964657029,-0.4728244262809603,-0.3676144969458668,-0.38751511377240194
2023-10-05 09:05:00,-1.4458740591875867,-0.7912239790564858,-0.1963829081916235,-0.34674295076270933,-0.43168923791556896
2023-10-05 09:10:00,-1.4509444165020149,-0.7790262390149654,-0.1949636543646406,-0.3327908184967069,-0.6300273824560848
2023-10-05 09:15:00,-1.646836790965576,-0.8319775172651652,-0.1939603336679611,-0.33451636377917116,-0.37069199689770277
2023-10-05 09:20:00,-1.6477695612809131,-1.0496328625693787,-0.19295857768891894,-0.4746409272568917,-0.3606905091246223
2023-10-05 09:25:00,-1.6518489214038028,-0.8676762705472437,-0.19230163459196498,-0.2688397437753012,-0.399158099039373
2023-10-05 09:30:00,-1.4509508230054515,-0.6463088070178667,-0.5024398433680375,-0.36011671109980703,-0.4287448863689038
2023-10-05 09:35:00,-1.4570459758826506,-0.6734345342005962,-0.19688428871464345,-0.3511834221625955,-0.4710524247509811
2023-10-05 09:40:00,-1.4587275360801621,-0.5678042026010918,-0.19636126384110225,-0.3090744302542676,-0.43118834851027465
2023-10-05 09:45:00,-1.582562185992366,-0.6143160277331003,-0.19464991448194546,-0.21400389877707968,-0.49022330681015225
2023-10-05 09:50:00,-1.5809713038833646,-0.9770067256903646,-0.19546097262216305,-0.17629897295118863,-0.6310515369659211
2023-10-05 09:55:00,-1.5819522007000977,-0.8180320478242193,-0.19448638955252698,-0.22397341251437156,-0.39684408696130036
2023-10-05 10:00:00,-1.601067746875411,-0.5636701543015825,-0.3147113100568998,-0.2005340169103538,-0.5075298430036461
2023-10-05 10:05:00,-1.6036664706366182,-0.4783513406796263,-0.19211662488398346,-0.22289928777577675,-0.507356840226331
2023-10-05 10:10:00,-1.6041642110934635,-0.5740674755275655,-0.19165185846491442,-0.2859344356992009,-0.5089022593025138
2023-10-05 10:15:00,-1.5290432204545823,-1.1706364553365651,-0.1928052887048402,-0.3107478316861167,-0.6501472557696331
2023-10-05 10:20:00,-1.5260808019798355,-1.459001955190487,-0.19403105494593878,-0.22008393569489998,-0.646887306766022
2023-10-05 10:25:00,-1.5276206015613625,-1.4597864441842006,-0.19322250318567227,-0.2870639989101427,-0.6490603414575619
2023-10-05 10:30:00,-1.3945465435870505,-1.4829946702825472,-0.2800439696728094,-0.2991649385192721,-0.659647439503199
2023-10-05 10:35:00,-1.4003617484046547,-1.4428508160163858,-0.19194588163031082,-0.2638745298585021,-0.6475734387966614
2023-10-05 10:40:00,-1.4015679687971718,-1.436249952846012,-0.19151040044693554,-0.25775046757610653,-0.6481747388813822
2023-10-05 10:45:00,-1.328613623306401,-1.4045540568222232,-0.18968087746207218,-0.23752359030778927,-0.6565841806455092
2023-10-05 10:50:00,-1.3260733028441674,-1.3954761931284527,-0.18979521700696503,-0.24387418819407525,-0.29862485092341506
2023-10-05 10:55:00,-1.328565918041505,-1.402761717276193,-0.18888045314080076,-0.23125625258512367,-0.29988301020139985
2023-10-05 11:00:00,-1.2435651560835372,-1.4137366800642435,-0.18865400610675864,-0.2306888347536139,-0.30320597203313865
2023-10-05 11:05:00,-1.2438256442313975,-1.4200599916864038,-0.18937356614275325,-0.23588599494169796,-0.6600174583157533
2023-10-05 11:10:00,-1.2425589669126258,-1.3878564742420896,-0.18985865767027513,-0.24224735616604753,-0.6593568603560858
2023-10-05 11:15:00,-1.343895002319538,-1.365945261745823,-0.18813120046026632,-0.2284243420772606,-0.6660963778013431
2023-10-05 11:20:00,-1.3391359421400038,-1.2555695278438166,-0.19032572422681845,-0.13702233529480087,-0.6614655690541411
2023-10-05 11:25:00,-1.338641371768631,-1.2040445926219137,-0.18975165563086943,-0.2588676801562891,-0.49454044698346245
2023-10-05 11:30:00,-1.256275263980345,-1.1429785920302273,-0.7636969559949232,-0.3249888965727994,-0.4125396019986249
2023-10-05 11:35:00,-1.258795340479835,-1.1098957092966093,-0.1904844065115358,-0.30614319204634793,-0.3410691146087075
2023-10-05 11:40:00,-1.256613763154256,-0.9861724793959126,-0.19150691371944947,-0.21755954883778214,-0.2580171968166511
2023-10-05 11:45:00,-1.2713453857731356,-1.0626764440080172,-0.19408255076211928,-0.17264948854287376,-0.2341151553845098
2023-10-05 11:50:00,-1.2710075036667186,-1.0643458715945733,-0.19423521528605295,-0.17463403306714023,-0.2472880055242941
2023-10-05 11:55:00,-1.274425546928256,-0.8657932236354607,-0.19296006994516654,-0.1891552511516293,-0.2227938737366264
2023-10-05 12:00:00,-1.433029736417811,-0.9654072824099487,-0.7614130718791289,-0.2634833680475355,-0.24435700641707186
2023-10-05 12:05:00,-1.4331487828881053,-1.0211465267740374,-0.1943222734179115,-0.2748434218685051,-0.23831662653368285
2023-10-05 12:10:00,-1.4367573265119373,-1.1868616088531225,-0.19280715713044158,-0.2813636911023478,-0.24071433781851923
2023-10-05 12:15:00,-1.6243628681577513,-1.0037122983637712,-0.19203261674342245,-0.22808208061018664,-0.24525218539027815
2023-10-05 12:20:00,-1.6284459610945012,-1.0027634391253155,-0.1906045028113965,-0.2078996242626058,-0.27398292189096424
2023-10-05 12:25:00,-1.6245787057189804,-1.1206327081667806,-0.1918707074519491,-0.22724231579426737,-0.24545300830280076
2023-10-05 12:30:00,-1.5389990006821388,-1.1355390397525607,-0.8029138757424882,-0.2625480626357731,-0.4093625771743718
2023-10-05 12:35:00,-1.534103207943607,-1.0118442504475587,-0.19371261788874683,-0.3353834889947862,-0.3689188176831185
2023-10-05 12:40:00,-1.5368623335279032,-0.9931523501802739,-0.19277269636257688,-0.3050665796245438,-0.36998839528542826
2023-10-05 12:45:00,-1.4690616622072161,-1.006293714015205,-0.18814032627279206,-0.24939787145574585,-0.3860371245470555
2023-10-05 12:50:00,-1.4680799023140536,-1.0457613986274605,-0.18832489904696184,-0.2700542636115505,-0.3458661499007185
2023-10-05 12:55:00,-1.4647486553066438,-0.9209821842517272,-0.18972093666342002,-0.28746236744568876,-0.38411523790886215
2023-10-05 13:00:00,-1.1184234556902706,-1.1981725470692814,-0.6520738077471564,-0.3070384363064068,-0.35635998485908754
2023-10-05 13:05:00,-1.12098811752688,-1.0557972217263392,-0.19108069270937217,-0.24726521596149648,-0.3138966950475586
2023-10-05 13:10:00,-1.1222319097751876,-1.134153997385794,-0.19050568411898403,-0.2992104287380856,-0.3690019959276023
2023-10-05 13:15:00,-1.1851024928181633,-1.101839836714095,-0.19153330912150957,-0.31629016149992045,-0.3919269652785245
2023-10-05 13:20:00,-1.18402251350048,-1.1148267925733926,-0.19201001957938965,-0.32253514052851584,-0.4314090728992584
2023-10-05 13:25:00,-1.1845876502276371,-1.2327965684436606,-0.19182359001313584,-0.27886679498188516,-0.4176821887117673
2023-10-05 13:30:00,-1.0618283728821105,-1.366881029869116,-0.611271685481981,-0.2569096210347147,-0.5026938351239658
2023-10-05 13:35:00,-1.060805909069368,-1.032048054184103,-0.18977771386256598,-0.28902133190262413,-0.43529891432610873
2023-10-05 13:40:00,-1.0617933670896211,-0.8432273520064567,-0.18952073608751818,-0.2834580121241258,-0.42231883640163875
2023-10-05 13:45:00,-0.7023487653240839,-0.7171631208629652,-0.1906293161721712,-0.4583749204600367,-0.502097180240469
2023-10-05 13:50:00,-0.699495437771874,-0.6815267590537133,-0.19197725253134665,-0.3108544646520844,-0.3909469169962487
2023-10-05 13:55:00,-0.701616860996146,-0.6501553824974385,-0.19139016179513088,-0.25953049623254715,-0.4045663294532638
2023-10-05 14:00:00,-0.9487757858608048,-0.7351195190062927,-0.796878495429582,-0.2146405470838598,-0.5021809876383613
2023-10-05 14:05:00,-0.9512018055937943,-0.7384713894662758,-0.19006316220775113,-0.27624175554650865,-0.4941248736862033
2023-10-05 14:10:00,-0.9508677025741744,-0.8978803581614131,-0.1899417528207317,-0.26046799717722935,-0.41374933053685564
2023-10-05 14:15:00,-0.8787570591905521,-0.5659410248907031,-0.19635914894599543,-0.26884068351310697,-0.3315013595609582
2023-10-05 14:20:00,-0.8803572296617476,-0.6803386493515152,-0.19560584359514122,-0.2686266982137728,-0.305871425143523
2023-10-05 14:25:00,-0.8798913665068036,-0.8736086735844669,-0.19564994326239032,-0.296546747177814,-0.3462520911006387
2023-10-05 14:30:00,-1.0192215250347876,-0.9396101477058647,-0.5147803909273392,-0.26920292491357767,-0.36010776665402794
2023-10-05 14:35:00,-1.0233411760066935,-0.7956080284460447,-0.19419824038889458,-0.24948072835372614,-0.3830675873978252
2023-10-05 14:40:00,-1.0217777527479643,-0.6054530095562554,-0.19499936292062053,-0.26621404870999615,-0.4356419562044331
2023-10-05 14:45:00,-1.089479409873434,-0.6613493996385935,-0.19572279228987333,-0.34121280985550356,-0.3569749218196812
2023-10-05 14:50:00,-1.0917337398499305,-0.9037180811666797,-0.1947204294993727,-0.3134489857646442,-0.3313122586878135
2023-10-05 14:55:00,-1.091221169725606,-0.7308596431698008,-0.19498406691554512,-0.34885599440854825,-0.35821122611992323
2023-10-05 15:00:00,-1.241659717000226,-0.6113634324627033,-0.5816727714807933,-0.32243365156544984,-0.39745331432674763
2023-10-05 15:05:00,-1.2444470799196021,-0.6786162580113108,-0.19240139430761324,-0.25763801331944247,-0.37363768914849604
2023-10-05 15:10:00,-1.240004566444821,-0.8908743379721906,-0.19380650136889965,-0.33858271571555526,-0.4259782656692719
2023-10-05 15:15:00,-1.0665931598625877,-1.1192143837872808,-0.19684600932314186,-0.29225564804422416,-0.41686708829782504
2023-10-05 15:20:00,-1.0701758035876874,-1.0380447727058963,-0.1956536558211637,-0.2660717782936847,-0.43179302722502594
2023-10-05 15:25:00,-1.072707325941303,-0.9513088778031333,-0.1949138788666148,-0.25408525730625825,-0.48634773992120345
2023-10-05 15:30:00,-1.1342828279426371,-0.7716884404204308,-0.4884757888884623,-0.2523024739776166,-0.5086994212577366
2023-10-05 15:35:00,-1.1317405697906777,-0.6965097071349357,-0.1958161257261915,-0.26695553122513366,-0.5165683709045084
2023-10-05 15:40:00,-1.132439496589185,-0.5808020673225551,-0.1955550779964659,-0.270893713585743,-0.4903151321624844
2023-10-05 15:45:00,-0.9065971497547574,-0.45450317043879174,-0.19886881896437236,-0.2865106604121181,-0.48297556268471425
2023-10-05 15:50:00,-0.9095387034774506,-0.4686485537869195,-0.19768959921614981,-0.2625315555872037,-0.4309695754614133
2023-10-05 15:55:00,-0.9106556934596267,-0.404958416716787,-0.19738076770649648,-0.24048453930876224,-0.4311805973751384
2023-10-05 16:00:00,-0.8344693907839459,-0.5384197943281944,-0.5722803689422562,-0.2312034889989505,-0.4471499476862594
2023-10-05 16:05:00,-0.8402106892567897,-0.5640120565699093,-0.19484169788387531,-0.16088627810742634,-0.4790571976156828
2023-10-05 16:10:00,-0.8411618097581506,-0.3211092205168269,-0.19429553624850573,-0.21123456544098693,-0.40040771562472266
2023-10-05 16:15:00,-0.938460805419451,-0.3540354835332328,-0.19375957700779992,-0.2387178512412241,-0.4761531546510328
2023-10-05 16:20:00,-0.9382075515435384,-0.3946476719387986,-0.1938843394949153,-0.24058272009262094,-0.5027291471970723
2023-10-05 16:25:00,-0.9271174044371449,-0.33167771586182376,-0.19797592835973785,-0.2966908610761333,-0.49711019420414104
2023-10-05 16:30:00,-0.8067905944119093,-0.4031353920575287,-0.31410764172924244,-0.3237767949591689,-0.4996542229948227
2023-10-05 16:35:00,-0.8145627182288976,-0.5310531498965834,-0.19659440620562008,-0.32490371843844,-0.44629772052360495
2023-10-05 16:40:00,-0.8172647929660106,-0.7586947876426628,-0.19546578934476563,-0.35358302927885826,-0.5152660123004777
2023-10-05 16:45:00,-0.5464953121248023,-0.7677031630442879,-0.200250913408756,-0.3979013801410821,-0.48278272769618763
2023-10-05 16:50:00,-0.5421116215810247,-0.6683342990317132,-0.20194787498669392,-0.4118126295907063,-0.4803547715697742
2023-10-05 16:55:00,-0.5341191607892646,-0.4110962218983025,-0.20507380442307183,-0.44373040672961983,-0.4759953803157971
2023-10-05 17:00:00,-0.522387013880603,-0.5570336221248795,-0.21544627535378486,-0.43975421126752023,-0.44789529970864606
2023-10-05 17:05:00,-0.5281118146460968,-0.8083899078678788,-0.20377603137784392,-0.36500894810958695,-0.33318369809485965
2023-10-05 17:10:00,-0.5275139843409465,-0.7771624888023105,-0.2040430876855633,-0.35986173792987985,-0.33270981429280666
2023-10-05 17:15:00,-0.8130562663238146,-0.8548359485038757,-0.19866695550501956,-0.28315921501898,-0.43017557014182006
2023-10-05 17:20:00,-0.8164967033931116,-1.0428783439514595,-0.1969525299222435,-0.28856763259238694,-0.3258235517862855
2023-10-05 17:25:00,-0.8186995316790915,-0.9862708203392835,-0.19625387608316056,-0.2861999711100825,-0.3670479412188642
2023-10-05 17:30:00,-0.9288776248876455,-1.22938372270498,-0.3175264282150377,-0.32034583152332835,-0.3891518665383518
2023-10-05 17:35:00,-0.9360558731923151,-1.1864684025245018,-0.19286309461624124,-0.34223494064747306,-0.41639025856121575
2023-10-05 17:40:00,-0.9338014272708149,-0.8468291797545111,-0.19376223786322724,-0.32670143043186534,-0.3078711211174338
2023-10-05 17:45:00,-0.6927777997709114,-0.408354578569662,-0.19710733383223156,-0.34491245859615843,-0.3352398320194777
2023-10-05 17:50:00,-0.6921391051002865,-0.5632264051354756,-0.19734522218586364,-0.33264850873202084,-0.3614012175647717
2023-10-05 17:55:00,-0.6942884986756249,-0.5186790082393045,-0.19666134666374033,-0.33895349028052907,-0.41609330040828113
2023-10-05 18:00:00,-0.8532613314946716,-0.2660041760572162,-0.613207952717021,-0.3789091601185394,-0.4749380891538647
2023-10-05 18:05:00,-0.8588207403619136,-0.20302655683217175,-0.1951487523559743,-0.3425067962280113,-0.4291867602151738
2023-10-05 18:10:00,-0.8585334225088667,-0.36333064754816663,-0.19553393980239958,-0.27222290766161755,-0.4944656732550205
2023-10-05 18:15:00,-0.6441103991720931,-0.3662281324967072,-0.2018378291777802,-0.3346948245605131,-0.4681931292930717
2023-10-05 18:20:00,-0.6466229387320204,-0.6148185813331402,-0.20053005508052554,-0.3207255734626415,-0.3763024490204569
2023-10-05 18:25:00,-0.6501696309043024,-0.6266988788186613,-0.199189086591242,-0.3526050264814252,-0.43234621592592404
2023-10-05 18:30:00,-0.63391117033514,-0.5428933033630501,-0.20090618659246512,-0.39007080486703294,-0.44116617377211786
2023-10-05 18:35:00,-0.6292050984062444,-0.5299440320340629,-0.20326137734284944,-0.34374824023979533,-0.6062450314997195
2023-10-05 18:40:00,-0.6316451607300608,-0.7718156450785206,-0.2017349685628405,-0.3615542053435894,-0.45277421476718954
2023-10-05 18:45:00,-0.988028511248512,-0.921224111334687,-0.1976697916869005,-0.3144379889191489,-0.49138207690331215
2023-10-05 18:50:00,-0.9882814502857912,-1.1276009477837292,-0.19767701285079373,-0.340551222898121,-0.634271333907432
2023-10-05 18:55:00,-0.9893800807959668,-1.3117222471299328,-0.19695277221126486,-0.2920538510759516,-0.49205101884883146
2023-10-05 19:00:00,-0.9866313742460262,-1.1049290269826488,-0.38465517914518393,-0.2533168823012118,-0.41312740434501843
2023-10-05 19:05:00,-0.9930837570902604,-0.9973711363074181,-0.1917719221167639,-0.26396247673606343,-0.6564590622857893
2023-10-05 19:10:00,-1.0000674521373232,-0.9898686123724899,-0.18922872672570162,-0.22858161941093935,-0.6599637116550341
2023-10-05 19:15:00,-1.1465271702687232,-1.1611175513088596,-0.1938156747287549,-0.33636253198203475,-0.5132068330526556
2023-10-05 19:20:00,-1.1415803054944595,-1.1529245528355219,-0.1955347502108472,-0.36070532058734983,-0.47071504610338394
2023-10-05 19:25:00,-1.1454254217973034,-1.0985982858787817,-0.19392515368586352,-0.33919811281022477,-0.36593997887239527
2023-10-05 19:30:00,-1.1464730134214616,-1.1779715255978174,-0.7082237202715054,-0.3506918540146728,-0.40635944368389687
2023-10-05 19:35:00,-1.1483350091595055,-1.082167501486088,-0.19453455249722204,-0.31494669509478407,-0.5097909212536603
2023-10-05 19:40:00,-1.1467251106700245,-0.7765677548850932,-0.19534258703770666,-0.2641812050615403,-0.4276902368514316
2023-10-05 19:45:00,-1.239278005921445,-0.670840453373858,-0.19771683147796332,-0.3293089731869761,-0.453171058469215
2023-10-05 19:50:00,-1.2368641031120993,-0.8530753924335953,-0.1983995102686805,-0.39141911487378445,-0.4930079898290542
2023-10-05 19:55:00,-1.2409776316561556,-0.7852468101203159,-0.19705358298413417,-0.3379394347912019,-0.4944179130113617
2023-10-05 20:00:00,-1.202420045804524,-0.7766714795124938,-0.7268113941466469,-0.36173160366336576,-0.5068470138548485
2023-10-05 20:05:00,-1.2097291255078328,-0.8275431358063837,-0.19599359248605155,-0.266846265303246,-0.6341560402493484
2023-10-05 20:10:00,-1.2094250190502882,-0.7064207990583539,-0.19581054757467525,-0.28186684839412046,-0.49208554016756323
2023-10-05 20:15:00,-1.2919174517427685,-0.8314505283182385,-0.19536840805507819,-0.35813955590767466,-0.4805322879299726
2023-10-05 20:20:00,-1.2911657888352819,-0.7407463192153269,-0.19573379581232575,-0.353674509927765,-0.4799364034716385
2023-10-05 20:25:00,-1.2858912023240439,-0.7434172317334501,-0.19777883781934288,-0.31464465420747095,-0.43607375640155754
2023-10-05 20:30:00,-1.3292581254624205,-0.4742110230882958,-0.2399325491509542,-0.3932220662007521,-0.47371187361344824
2023-10-05 20:35:00,-1.32557868027687,-0.43581697479032294,-0.19994689009866454,-0.41575803287626967,-0.37458876524703894
2023-10-05 20:40:00,-1.3250157197915697,-0.5782721790573571,-0.20002050905864477,-0.41864067913219805,-0.3610813528701813
2023-10-05 20:45:00,-1.4527178928704676,-0.7032720147601078,-0.19788183140834842,-0.3986241497245858,-0.4002200965334761
2023-10-05 20:50:00,-1.4549293879851037,-0.6428453768601041,-0.19726689172535353,-0.3801725507029405,-0.4544668877512526
2023-10-05 20:55:00,-1.458260189389699,-0.7613369085955783,-0.1963893510040075,-0.3752198080636619,-0.6518350600698828
2023-10-05 21:00:00,-1.3375387231482605,-0.7985792851713271,-0.1375482801711017,-0.39472236619930245,-0.382396441391291
2023-10-05 21:05:00,-1.3434146846781208,-1.0441269572410834,-0.19652535795144221,-0.37521348541666844,-0.454455486450446
2023-10-05 21:10:00,-1.3449801606857654,-1.0032268746667194,-0.1959830683189216,-0.367227459283029,-0.45521347333240975
2023-10-05 21:15:00,-1.4479676116572227,-1.1371241580068612,-0.19274393095907816,-0.3400011114990745,-0.3693099617920868
2023-10-05 21:20:00,-1.4476176227497257,-1.008202867754094,-0.19307784764757246,-0.32579434626483583,-0.3954005567333832
2023-10-05 21:25:00,-1.4510844965279397,-1.2007042499723066,-0.19164539281642196,-0.30834549436493397,-0.3839561320207674
2023-10-05 21:30:00,-1.6159655390221883,-1.082590062759108,-0.348216378065906,-0.2788036258024736,-0.49375142490297247
2023-10-05 21:35:00,-1.6141078113555636,-1.1354486959926753,-0.1904668729632703,-0.24383271470027598,-0.6614384529026612
2023-10-05 21:40:00,-1.6166005980870508,-1.2889968617953034,-0.18926092352662957,-0.2883839276757656,-0.6638700229230996
2023-10-05 21:45:00,-1.6994458600850624,-0.9404071319277343,-0.19491448153543153,-0.33688701665793663,-0.5060190178602737
2023-10-05 21:50:00,-1.693371108062351,-0.7198741242629593,-0.19756061659311722,-0.38614207508969095,-0.6452165664496458
2023-10-05 21:55:00,-1.7075412322437429,-1.0648521163767257,-0.1921447541803829,-0.31497090711030645,-0.6525955568210347
2023-10-05 22:00:00,-1.6502413222734402,-1.2275598122798523,-0.6304314455573677,-0.24119797284741798,-0.6503370167701032
2023-10-05 22:05:00,-1.6418728996974143,-1.0581115960144756,-0.19063678844812018,-0.29175255610669815,-0.6549517354645049
2023-10-05 22:10:00,-1.64024877740645,-1.0275055584929846,-0.19125111850972681,-0.2999475685568673,-0.6541130492465662
2023-10-05 22:15:00,-1.61634306890111,-1.1583684252923994,-0.19235738663585705,-0.34541767093352793,-0.6520164844714622
2023-10-05 22:20:00,-1.6214763928255735,-1.4290682095821812,-0.19004579173033298,-0.2929408101860055,-0.5122399784673834
2023-10-05 22:25:00,-1.622283067036614,-1.4603318933772238,-0.1899752969402383,-0.31589228222206817,-0.6552274818518223
2023-10-05 22:30:00,-1.4265541510929223,-1.3618682731231082,-0.5311705508081894,-0.44230211679773457,-0.479060500642879
2023-10-05 22:35:00,-1.4168520847049544,-0.9279520280220872,-0.19481547469868957,-0.327190464927329,-0.445733238083597
2023-10-05 22:40:00,-1.421595203653777,-0.9638592132296546,-0.19251663268416055,-0.4776191359113244,-0.46473361658926526
2023-10-05 22:45:00,-1.3476123007347636,-1.3770542186628445,-0.191000547895229,-0.46092362553389654,-0.3643362660428759
2023-10-05 22:50:00,-1.3436914900249965,-1.410957121787046,-0.1926521650741441,-0.482797357947129,-0.46904267229294244
2023-10-05 22:55:00,-1.3391314190623718,-1.2090290152865661,-0.19445956070886672,-0.5055454080918143,-0.4666016194735317
2023-10-05 23:00:00,-1.507318802354208,-1.260080242306798,-0.7101338941350336,-0.4448691201873839,-0.5056562307037762
2023-10-05 23:05:00,-1.5026479729319728,-1.2520984184307409,-0.19216251442943214,-0.47474068621580834,-0.5076183260190231
2023-10-05 23:10:00,-1.5038020961240124,-1.398748560065228,-0.19163724818920463,-0.46915336445267736,-0.5083088249584381
2023-10-05 23:15:00,-1.497802356684121,-1.5003323268254116,-0.1915491859893489,-0.4669011605191474,-0.5029271266374494
2023-10-05 23:20:00,-1.4947757928638095,-1.1224122793587912,-0.19324823264200588,-0.4841569784714368,-0.6432144806506127
2023-10-05 23:25:00,-1.4963160170476246,-1.020155800268311,-0.19275877823863413,-0.4761701806397365,-0.6439123691381239
2023-10-05 23:30:00,-1.6732059868541924,-0.8920009607053413,-0.830022799741699,-0.46565764991796377,-0.6413980095098145
2023-10-05 23:35:00,-1.667950511138448,-1.0042474760500881,-0.1940296690510352,-0.4997853962995888,-0.5058527202767542
2023-10-05 23:40:00,-1.6691698107185844,-1.0119736326069955,-0.19357924651727562,-0.4936205755594727,-0.5064724613893934
2023-10-05 23:45:00,-1.5600631239568754,-0.9328158770113607,-0.19578238414915114,-0.5180700026079936,-0.4943787769385951
2023-10-05 23:50:00,-1.5607974523989299,-1.0258388861904968,-0.1952340836831674,-0.5128124051225234,-0.4015043028554169
2023-10-05 23:55:00,-1.5592102130226009,-0.9523155316094848,-0.19601855833845597,-0.5219404188441185,-0.4673058471453381
2023-10-06 00:00:00,-1.5604389700198358,-0.5898341251027714,-0.6162067601105579,-0.29508315890007336,-0.25374983041300153
2023-10-06 00:15:00,-2.0801700410626434,-0.9941366183097613,-0.196005519790116,-0.3254600647120574,-0.32391822363895645
2023-10-06 00:20:00,-2.083452733263148,-1.219085570791764,-0.19470914770751072,-0.3097122331614133,-0.35239802443749657
2023-10-06 00:25:00,-2.0899010246581167,-1.4358134473368327,-0.19201853642906025,-0.2759634588863642,-0.2758209404204349
2023-10-06 00:30:00,-2.2077530926249906,-1.25385200925631,-0.6898884161544974,-0.22827942500087756,-0.34434007967989644
2023-10-06 00:35:00,-2.2078644947443378,-1.3232030022066594,-0.1903939439543831,-0.2504799773862323,-0.46708095845608993
2023-10-06 00:40:00,-2.211765581206637,-1.40382261547044,-0.18885192412768267,-0.23036909678860198,-0.44244295152737234
2023-10-06 00:45:00,-2.2992408491983287,-1.3454124454383574,-0.19155367972018666,-0.2656732961488854,-0.39445169695366866
2023-10-06 00:50:00,-2.2944308418265473,-1.2229110082752965,-0.19333466963258836,-0.28934292862568894,-0.36528487775132384
2023-10-06 00:55:00,-2.290499522719628,-1.048345672481871,-0.19492381173486925,-0.30919673073605475,-0.37651053986171334
2023-10-06 01:00:00,-2.3941584993290532,-1.04871972654252,-0.9375691885651298,-0.25038110744040337,-0.47261450978779757
2023-10-06 01:05:00,-2.3829062093905433,-0.9388841387267998,-0.1964562217256794,-0.3281257503021442,-0.493263411491047
2023-10-06 01:10:00,-2.3894068217086444,-1.1127054445297322,-0.19396065386827274,-0.2954943636606581,-0.4966611777701597
2023-10-06 01:15:00,-2.38259191417941,-1.0125740147628335,-0.19524413888711759,-0.3081213320992171,-0.6339990895846879
2023-10-06 01:20:00,-2.3811157917775914,-0.7594200737053736,-0.195636277001404,-0.31255956541111984,-0.4910069234153633
2023-10-06 01:25:00,-2.3807838895122706,-0.8878425848376135,-0.19566622329350644,-0.31446998306531093,-0.49093686620094845
2023-10-06 01:30:00,-2.362509682380396,-1.0662573712131675,-0.8504571015825084,-0.2781317485140251,-0.6052237844528376
2023-10-06 01:35:00,-2.3510368893868447,-0.7009792454375917,-0.19910427315165327,-0.35912208104267723,-0.6309742865876754
2023-10-06 01:40:00,-2.354036635305987,-0.831552917910185,-0.19791692286504545,-0.344153750582212,-0.6325791815539185
2023-10-06 01:45:00,-2.3020567928246396,-0.9172916990397075,-0.19716464856189475,-0.33419797666345846,-0.6362671247345917
2023-10-06 01:50:00,-2.3050258555301957,-1.0846205988739948,-0.19596240106931614,-0.31945053765395,-0.6378839858003088
2023-10-06 01:55:00,-2.3077679994696503,-1.218957630719374,-0.19486638174245483,-0.30579425840308616,-0.6393622200952839
2023-10-06 02:00:00,-2.1251668671700914,-0.936556889815428,-0.19735796491701224,-0.33522944126446536,-0.6311598448161518
2023-10-06 02:05:00,-2.120667033144406,-0.8002023385622082,-0.19877060246385875,-0.3551978577432414,-0.4867452622126734
2023-10-06 02:10:00,-2.1219537418182988,-0.879558351278995,-0.19824472825705253,-0.34881892286073,-0.4874521213657455
2023-10-06 02:15:00,-1.9297739730784873,-0.9585589052111827,-0.19952395179941315,-0.3594122696521353,-0.47892163698237417
2023-10-06 02:20:00,-1.9322135663522721,-0.8574453543420082,-0.19867488612546286,-0.3466270055067244,-0.4667446987103343
2023-10-06 02:25:00,-1.934839911262873,-0.7831265498795208,-0.19779986856260937,-0.33342933700187144,-0.48133919601337377
2023-10-06 02:30:00,-1.94759635594791,-0.9050217089000208,-0.3769159662617485,-0.34492210666505635,-0.48846315161825066
2023-10-06 02:35:00,-1.9498495418879849,-1.011474737848277,-0.19696029903274898,-0.3280418268187351,-0.4522106897031964
2023-10-06 02:40:00,-1.9519177618704535,-0.860849317346987,-0.1962206856613776,-0.31656409040874095,-0.41315326496897736
2023-10-06 02:45:00,-2.069802990729773,-0.9786161180641834,-0.19288671604709123,-0.2774539304383844,-0.4668300505795107
2023-10-06 02:50:00,-2.0687687071911562,-1.0142106998655103,-0.19305522049260615,-0.2812996512459007,-0.3863668402551561
2023-10-06 02:55:00,-2.0696335945598827,-0.7516510311907334,-0.19298723303580823,-0.27693599262682,-0.4132644171190051
2023-10-06 03:00:00,-1.999814736886542,-0.07698592198408324,-0.8005827530219065,-0.23515928087567844,-0.2873900737864614
2023-10-06 03:05:00,-1.9966545932030468,-0.5083529455594435,-0.1940186922970062,-0.28391264013721157,-0.332733110511109
2023-10-06 03:10:00,-1.9957192043241918,-0.5194698124887258,-0.19447457468797194,-0.28964482938100494,-0.38558625086610016
2023-10-06 03:15:00,-2.0753669046969097,-0.6343044241344414,-0.19325245678248026,-0.27869678501860223,-0.36655912839461485
2023-10-06 03:20:00,-2.0720075000219262,-0.7384570094627135,-0.19446563057305102,-0.2963915939394275,-0.39160638560610916
2023-10-06 03:25:00,-2.076319749224562,-1.242688360329139,-0.1926258823016242,-0.2761666951723469,-0.4341352876966252
2023-10-06 03:30:00,-1.6634300470774095,-1.4601219403219736,-0.8232917967083985,-0.20665692505492633,-0.3307758656650848
2023-10-06 03:35:00,-1.6527376531479334,-1.3162128472246866,-0.19452807753714058,-0.2935186799046105,-0.4636566210213734
2023-10-06 03:40:00,-1.6540336404011937,-1.2504401046053866,-0.19413245816132396,-0.28707756761443376,-0.47758821661815354
2023-10-06 03:45:00,-1.3672269547745726,-1.2391344167360203,-0.19230509749927377,-0.2567405223911014,-0.4983994850961375
2023-10-06 03:50:00,-1.3665421526846202,-1.0093977464651045,-0.19268748617040568,-0.25955871896663874,-0.4845575193034501
2023-10-06 03:55:00,-1.3660547612145817,-1.1294372646872182,-0.19281073143414826,-0.26248523694214976,-0.49773088351056133
2023-10-06 04:00:00,-1.2744165546065174,-1.093428145642569,-1.030331558372761,-0.1902771842760528,-0.4271000181099754
2023-10-06 04:05:00,-1.2650253276343377,-1.1596471530500874,-0.1933466088795736,-0.2698198804051146,-0.44021900308533285
2023-10-06 04:10:00,-1.2651283641466282,-1.2681433029514888,-0.19335441409665752,-0.27046326464138665,-0.4936634105500258
2023-10-06 04:15:00,-1.4049456694803728,-1.3355832305022342,-0.19232091915913396,-0.2621917965344015,-0.5041603717199207
2023-10-06 04:20:00,-1.4042167130278618,-1.1282772533816512,-0.19270349658970296,-0.26527366022410703,-0.49031319334946744
2023-10-06 04:25:00,-1.4065616456932608,-1.0781855378667642,-0.19169972244729622,-0.2518434101319469,-0.4114908129659051
2023-10-06 04:30:00,-1.4320047472056388,-0.9084436595681504,-1.0043677811347704,-0.18434828790536337,-0.37443800293802426
2023-10-06 04:35:00,-1.4223536679676665,-0.6120625984588973,-0.1932448195409817,-0.2648142640296406,-0.3620462955267288
2023-10-06 04:40:00,-1.420239649215323,-0.6503412022195635,-0.19398908426897615,-0.27559484418400976,-0.36101408294582743
2023-10-06 04:45:00,-1.8372757129653479,-0.7785614668206325,-0.19162401583912575,-0.2549379149107309,-0.3801871826362616
2023-10-06 04:50:00,-1.8375671142060932,-0.9956677499011968,-0.19133294501002268,-0.2536045881556643,-0.3671698422379798
2023-10-06 04:55:00,-1.8346597094839991,-1.1617244822166386,-0.19227601319151932,-0.26863290957574887,-0.36583410127691984
2023-10-06 05:00:00,-1.9561603505040024,-1.2233217963752434,-0.8781468068082113,-0.21689175781118064,-0.40177679605586214
2023-10-06 05:05:00,-1.9492941692417864,-1.1242146807308997,-0.19393653764602878,-0.28898835926152133,-0.4919418139401334
2023-10-06 05:10:00,-1.9478051028314933,-0.8545452809065464,-0.194997495507886,-0.29864436714009274,-0.6330031705581596
2023-10-06 05:15:00,-2.082959197460796,-0.818800369177422,-0.19820755073903323,-0.34609553100270496,-0.4877460571969767
2023-10-06 05:20:00,-2.0842224781452248,-0.804096731529991,-0.19775700264070242,-0.3396679275385006,-0.48837118947967667
2023-10-06 05:25:00,-2.0880097607246326,-0.9827364239760836,-0.19597270359911959,-0.3186066876660017,-0.3704679799250656
2023-10-06 05:30:00,-2.1271279147791953,-1.066840710569529,-0.9558366861670979,-0.2328664578290417,-0.44625728747375193
2023-10-06 05:35:00,-2.1195296060530593,-1.0152967021135868,-0.1950551452919419,-0.30581442120957225,-0.49147678720815263
2023-10-06 05:40:00,-2.121973007748791,-1.1697661640917105,-0.19374780614498535,-0.291276999030704,-0.3595550016794363
2023-10-06 05:45:00,-2.2845041506236656,-1.0120544254712571,-0.19106868519729103,-0.25923463588734164,-0.4399003043251061
2023-10-06 05:50:00,-2.286578419240629,-1.0065705041731003,-0.19022383823542868,-0.24798466336384764,-0.40096069116539873
2023-10-06 05:55:00,-2.2813310182482036,-1.0429618049577707,-0.19205165116367567,-0.2741536039613371,-0.3716993309318383
2023-10-06 06:00:00,-2.2354878304596237,-1.0794383544899024,-0.9034150645892989,-0.26260979803123147,-0.4095814595736669
2023-10-06 06:05:00,-2.231180517859343,-0.8919489260200562,-0.19533335672455798,-0.3123937597283944,-0.40773143589865746
2023-10-06 06:10:00,-2.229088812778982,-0.762649091447047,-0.19615784504991277,-0.32251996740959055,-0.3932590849144971
2023-10-06 06:15:00,-2.3654672987665446,-0.7974928066762755,-0.19534259805397328,-0.3100411074841656,-0.4013402776161344
2023-10-06 06:20:00,-2.367577867956696,-0.5794070519515999,-0.19491087207212682,-0.30041651980676853,-0.4821967678788035
2023-10-06 06:25:00,-2.364186360128504,-0.5180278464672421,-0.1959166312260936,-0.31530554824562124,-0.3605130507284994
2023-10-06 06:30:00,-2.326686796060661,-0.6749304730383568,-0.9208195862345282,-0.266383900658831,-0.37594542255909746
2023-10-06 06:35:00,-2.3183642179601307,-0.5950706367680278,-0.19912736314795837,-0.3476207879957254,-0.6183900201893018
2023-10-06 06:40:00,-2.318857407445021,-0.6469371799359843,-0.1985538885408681,-0.3423809385986736,-0.4633615106312505
2023-10-06 06:45:00,-2.6073301895023087,-0.7930973460318075,-0.20292179570798297,-0.392997014914002,-0.4109399405841024
2023-10-06 06:50:00,-2.6066609095652016,-0.6001582540901821,-0.20336420881633846,-0.39653127923363196,-0.4371126581355402
2023-10-06 06:55:00,-2.5970738523169854,-0.3121922100644346,-0.20709770935286226,-0.4448426766190189,-0.44540687584154515
2023-10-06 07:00:00,-2.538107235955077,-0.5419112313283132,-0.6722453862310129,-0.38691635166448485,-0.39468993206950853
2023-10-06 07:05:00,-2.5336241312485503,-0.8156271722044691,-0.20694684588465337,-0.4463949821988535,-0.46106742461720773
2023-10-06 07:10:00,-2.5371477672397567,-0.8936377645656439,-0.2059010993394439,-0.431025148510634,-0.591554254874072
2023-10-06 07:15:00,-2.824452363633498,-0.7334933423516479,-0.2011577011597912,-0.38029214158778185,-0.484090130964082
2023-10-06 07:20:00,-2.824358409306988,-0.8171687600210747,-0.20142803916234203,-0.38326386772435567,-0.6127608124497246
2023-10-06 07:25:00,-2.822002826676669,-0.5648891443582932,-0.20246672864466328,-0.39475142336058616,-0.6113889744556575
2023-10-06 07:30:00,-2.6359387027014405,-0.6075725465143798,-0.7578502721607276,-0.3359846986105111,-0.5539838829712057
2023-10-06 07:35:00,-2.625309010242615,-0.7874366694863993,-0.20497575719405886,-0.42078431449185805,-0.44316970934072936
2023-10-06 07:40:00,-2.6245135671127215,-0.7701415815915906,-0.20527830717070664,-0.42478432987291803,-0.442758243730776
2023-10-06 07:45:00,-2.7972080245034436,-0.5308227490371464,-0.20322168425682743,-0.39845340027179454,-0.476646042832004
2023-10-06 07:50:00,-2.7922356339313383,-0.5307600111299515,-0.2050056280798774,-0.4234069931884582,-0.46082301709620277
2023-10-06 07:55:00,-2.80145487151039,-0.9042268473749352,-0.2013456572753864,-0.37711167403044676,-0.4524108294020298
2023-10-06 08:00:00,-2.351389268765937,-0.9537219410193495,-0.9132836330359979,-0.3778533649291985,-0.4182171687179931
2023-10-06 08:05:00,-2.3507243688864814,-0.2638373206652837,-0.2051916558208668,-0.4048363050389531,-0.35524411463287225
2023-10-06 08:10:00,-2.346873214174043,-0.28149494089889876,-0.20673746874535653,-0.4255980753458074,-0.4199477177113391
2023-10-06 08:15:00,-2.0556901374331873,-0.6760872892284233,-0.20193217935788935,-0.36781409405472054,-0.6050293780866814
2023-10-06 08:20:00,-2.0601563546802972,-0.09117958947715318,-0.20017741249040658,-0.33985054820106414,-0.3715982764239479
2023-10-06 08:25:00,-2.064032789216704,0.4046655158060252,-0.19911486836467304,-0.31932500387558765,-0.3731786124540993
2023-10-06 08:30:00,-2.1007663807664514,0.094382273395002,-0.8397783426975624,-0.2784944922379735,-0.37860904435614023
2023-10-06 08:35:00,-2.104718781355559,0.5896268726520278,-0.19626101475985488,-0.28406657052569223,-0.3483341143227005
2023-10-06 08:40:00,-2.11746830734568,1.9429467876852187,-0.19235510653972243,-0.21535088565030566,-0.26046317737884983
2023-10-06 08:45:00,-1.8964271069761707,2.489276464813095,-0.18214667634830886,-0.06390533799033489,-0.25196728005026003
2023-10-06 08:50:00,-1.8954406048986856,2.3249224545990073,-0.18251238702037187,-0.07016895955594474,-0.3048938060868789
2023-10-06 08:55:00,-1.8738570907006253,3.355663947638107,-0.191212091708569,-0.17843457770561208,-0.3332535043675791
2023-10-06 09:00:00,-1.8894674303948484,0.7416542634329526,-1.3075766109438838,-0.27149755857912533,-0.27935413172523554
2023-10-06 09:05:00,-1.89755498632529,1.1651692978975394,-0.19644919719908283,-0.2799146576034433,-0.2967329106941353
2023-10-06 09:10:00,-1.9012418951198173,2.3357003078125484,-0.19565940902170795,-0.25696149640048455,-0.17779768921834488
2023-10-06 09:15:00,-1.5201968479256096,0.1386133047830413,-0.20576681251051498,-0.40869746837824544,-0.23127130718353894
2023-10-06 09:20:00,-1.5321925304294421,0.5894883440704195,-0.20174011022953708,-0.3473520964983737,-0.25029019768916644
2023-10-06 09:25:00,-1.5354482878551572,0.7059239856623809,-0.2006347039627079,-0.330646933033224,-0.2518418284195439
2023-10-06 09:30:00,-1.3950516485813829,0.7047475746818724,-0.20040715744928286,-0.32361891144956156,-0.16719771523169502
2023-10-06 09:35:00,-1.3932470890902109,0.35945908418411626,-0.2007287442170428,-0.3326486273485331,-0.12657867006330045
2023-10-06 09:40:00,-1.401785791165141,0.8166540608927214,-0.1976620496412612,-0.28637935280935695,-0.010617073104472796
2023-10-06 09:45:00,-1.5968061810726415,2.0608129078169557,-0.18855415733340591,-0.16049078408002743,0.07301712895033774
2023-10-06 09:50:00,-1.6132510607795085,4.106373862356754,-0.18342405042602086,-0.06890139119156781,0.3194245049696248
2023-10-06 09:55:00,-1.6234739688388706,4.471524721083473,-0.17973862280061648,-0.014747615473532915,0.40782008727369007
2023-10-06 10:00:00,-1.3571047504128604,4.873726414053306,-0.12721730824127206,-0.06303180253464691,0.698093616496236
2023-10-06 10:05:00,-1.338830042109563,4.697311815709594,-0.190001694248338,-0.15622225283155688,0.9022956307166933
2023-10-06 10:10:00,-1.3354053055766648,2.739286694527681,-0.1896165898776477,-0.1751169447949786,1.0091387745209959
2023-10-06 10:15:00,-1.3955748825200014,3.813353328640879,-0.18420501486690816,-0.09195308499282777,1.3099226778631918
2023-10-06 10:20:00,-1.3941471310381328,4.266733303636963,-0.18474194303531372,-0.09595106665361224,1.4442031818316348
2023-10-06 10:25:00,-1.381463543306373,3.409749556644322,-0.18827243142948685,-0.1578598725045778,1.6631035586272624
2023-10-06 10:30:00,-1.4946098555086387,1.5372305030096551,-0.3882718301071384,-0.10724293061956905,1.9893940267267225
2023-10-06 10:45:00,-1.5041614319491388,2.8734945979713444,-0.18454370019785554,-0.11499611207595735,1.8111203714554645
2023-10-06 12:15:00,-1.9809662292127206,3.6226712414927933,-0.1708122922059729,0.05521338425247301,3.5369397443559545
2023-10-06 12:20:00,-1.9429945794426449,2.009099216497159,-0.18517528333803504,-0.1531952172471748,2.8354123123051505
2023-10-06 12:25:00,-1.9435226775186183,2.5438624817918107,-0.18527047723846402,-0.14883880984744716,2.8754951452803446
2023-10-06 12:30:00,-2.216872216509945,4.169169247210505,-0.7579546403342676,0.16200715020601758,3.2984321602981512
2023-10-06 12:35:00,-2.2115496829975676,4.574098424629942,-0.16921371966328505,0.07293302401539008,3.592629652265421
2023-10-06 12:40:00,-2.17704890444171,2.6331265135689748,-0.18167996413103968,-0.11531104111451798,3.062308680040614
2023-10-06 12:45:00,-2.1860021104993885,3.367678787224179,-0.17832246364131252,-0.0637754087299608,3.324776115118533
2023-10-06 13:00:00,-0.591810470907338,5.189503598146431,-0.8989828552089812,-0.13402467804254556,4.952624709711382
2023-10-06 13:05:00,-0.6453068807733436,6.300936831143698,-0.1739571627054037,0.07250378669014453,5.173303213187957
2023-10-06 13:10:00,-0.6168894113551422,4.699985351720062,-0.1853014925532677,-0.09111258671607675,4.267184204384088
2023-10-06 13:15:00,-2.114681490514586,4.758254456614799,-0.16909892314022415,0.06379352100380775,5.214574148119468
2023-10-06 13:20:00,-2.111596109277958,3.8603606800226515,-0.16811899243200099,0.058223869636571286,5.854856352683604
2023-10-06 13:25:00,-2.128723581509434,5.692046457550483,-0.16102791367796432,0.16528250805602507,6.780076579402621
2023-10-06 13:30:00,-2.152228201821262,5.022243699387375,-0.46271594857691617,0.18408227327601698,6.261010272325112
2023-10-06 13:35:00,-2.1176636360813728,2.8545360050498942,-0.17877073214767827,-0.08500469793154108,4.683381132100298
2023-10-06 13:40:00,-2.122667245237422,4.330406885385898,-0.1796752327943293,-0.07038775490794147,3.949279582552139
2023-10-06 13:45:00,-2.075107463806472,2.2571265707883694,-0.1873147360305992,-0.19290641370833186,3.477286136859406
2023-10-06 13:50:00,-2.085513197797857,2.1645141931455316,-0.18455312557986922,-0.14908955717636588,2.9924124904222555
2023-10-06 13:55:00,-2.1223447011188123,4.82008900324021,-0.17290633048302856,0.04300228588806645,3.015827664438427
2023-10-06 14:00:00,-2.2933834707516865,2.115838878667742,-0.455840119661635,-0.07390245415435145,3.165093593397302
2023-10-06 14:05:00,-2.3025033508926076,2.2209104937479283,-0.18017081975296417,-0.09474960744717904,2.857834795055351
2023-10-06 14:10:00,-2.3053856394934127,2.3173677033978435,-0.1791875428452753,-0.07997271409479098,2.856443520032135
2023-10-06 14:15:00,-2.5757265915690746,5.469317844515295,-0.16930645980640482,0.1002686905000569,3.31888808799483
2023-10-06 14:20:00,-2.6035926553066764,9.51898116277344,-0.15815832108168196,0.2792963707605084,4.986291158884345
2023-10-06 14:25:00,-2.5754016121408077,7.7367631686330895,-0.16454962334103815,0.15416668274068301,6.144682257694476
2023-10-06 14:30:00,-2.5671012934495803,5.517808973928001,0.12944915455544767,0.022006373362727216,5.1937679047909295
2023-10-06 14:35:00,-2.5700372772669318,4.998478120606678,-0.17635347467184442,-0.019160382516893885,4.514500543971813
2023-10-06 14:40:00,-2.551378322264842,4.247466474725605,-0.1834246304603192,-0.12136557488022638,4.176963386685681
2023-10-06 14:45:00,-2.468462262083717,3.224620395072549,-0.18635824121363984,-0.1635615075882042,3.6165432015041943
2023-10-06 14:50:00,-2.4799234047966388,3.145059429864399,-0.18352661013764865,-0.11680257070798451,2.9979687754017736
2023-10-06 14:55:00,-2.4997060998778347,2.7053727677797443,-0.17679084520668148,-0.023657053850063853,2.641354305942313
2023-10-06 15:00:00,-2.696521853628094,6.378639481698223,-0.47161982021814197,0.11436490229665021,2.7123620155198123
2023-10-06 15:05:00,-2.6739978111579226,3.402231116203126,-0.18032892175076107,-0.06722044732763668,2.325156276951762
2023-10-06 15:10:00,-2.6480253381844086,0.8761861143280503,-0.1890228067008675,-0.21134489202335532,1.896749779100012
2023-10-06 15:15:00,-2.7240475782807705,0.6258679647091278,-0.18761132100780753,-0.19617828697737424,1.642049379136301
2023-10-06 15:20:00,-2.7391694388262087,0.6640326216263223,-0.18227319789190213,-0.12069791598739574,1.5678680036845138
2023-10-06 15:25:00,-2.7211735005418505,0.6275357370118163,-0.18954843079676137,-0.2177854253639385,1.2571967791403849
2023-10-06 15:30:00,-2.436895701530857,0.44219243656177004,-0.7273562801242368,-0.18754045468277544,1.2271941901833394
2023-10-06 15:35:00,-2.4373705884895855,0.04021385166110995,-0.1916754919035898,-0.23978760561887955,1.0432183511477566
2023-10-06 15:40:00,-2.434451024993201,0.20537538924953094,-0.19319463285544014,-0.2569607446333608,0.8982833368628156
2023-10-06 15:45:00,-2.7364929255077834,0.24437371785864312,-0.19133572754733832,-0.2392769367859798,0.7464568579173179
2023-10-06 15:50:00,-2.7397267425325036,0.17485189586413258,-0.19016749886611375,-0.22349989130732156,0.7181329337080816
2023-10-06 15:55:00,-2.7331527159089086,0.12584350575881328,-0.1925316761540909,-0.2568999579962175,0.7213950707150482
2023-10-06 16:00:00,-2.513650075762673,-0.04469856677221884,-0.9285435552910077,-0.19917665327919784,0.7807203091751065
2023-10-06 16:05:00,-2.503627356137752,-0.036815360431459894,-0.1973460148021839,-0.31351565409655285,0.56352922766463
2023-10-06 16:10:00,-2.511203935476958,-0.2323670087913197,-0.19459533431364381,-0.27668549715658747,0.49297281357632844
2023-10-06 16:15:00,-2.6284051137504347,-0.3942430580064229,-0.19358509006867886,-0.2675855108354346,0.3601607139128248
2023-10-06 16:20:00,-2.6230846892848065,-0.34678442393844094,-0.1953155913276034,-0.2925178860282319,0.46942002499504815
2023-10-06 16:25:00,-2.618837457188177,-0.6541455023729121,-0.19689197409298131,-0.31653066635051297,0.364766132858297
2023-10-06 16:30:00,-2.5387163588185335,-0.8001597789755679,-0.6688208541037526,-0.25582110345269604,0.41020119339124606
2023-10-06 16:35:00,-2.5439800657435097,-0.7370091921379981,-0.19515219603373105,-0.28990534792045236,0.27545752174446236
2023-10-06 16:40:00,-2.5446485676447628,-0.5702341530994678,-0.19536312049844737,-0.28889351246455,0.12873116344459584
2023-10-06 16:45:00,-2.497240654076318,0.32640099196506617,-0.1876926983336518,-0.1905818122529919,0.22318840998547917
2023-10-06 16:50:00,-2.480868626036047,-0.6749768954168603,-0.19289500821520014,-0.27484050088976936,0.2573043696966673
2023-10-06 16:55:00,-2.476803163994947,-0.4859128319271929,-0.19475748366007745,-0.29704869032657116,0.1529325940954117
2023-10-06 17:00:00,-2.1633903521694173,-0.55083010706163,-0.19665750678202423,-0.3133300515062139,0.18067212032240518
2023-10-06 17:05:00,-2.1623262459846724,-0.5454396669216949,-0.19714141041981972,-0.3194415253645571,0.14125054788160565
2023-10-06 17:10:00,-2.168666669422476,-0.3756979684612653,-0.1948258662142823,-0.2860387553130707,0.19146184401832356
2023-10-06 17:15:00,-2.1287817992505453,-0.7111133473772405,-0.19365173394399274,-0.2743663357439689,0.15892546699001597
2023-10-06 17:20:00,-2.1227766130514367,-1.0407763499830336,-0.19588435845054866,-0.3075697570377979,0.041826153901859044
2023-10-06 17:25:00,-2.1153297365770727,-1.3297904427352998,-0.19867193253955012,-0.3480063390275568,-0.07451725100475161
2023-10-06 17:30:00,-2.0351029429228107,-1.0746996433810838,-0.4888090967812861,-0.3509923669725883,0.04071998303076263
2023-10-06 17:35:00,-2.032574275432863,-1.1485490969521104,-0.1990375619172268,-0.36076987252034143,-0.06206744210022987
2023-10-06 17:40:00,-2.0318788834019488,-1.1334252737422719,-0.19930206428018124,-0.3642667914746893,-0.061709600181757134
2023-10-06 17:45:00,-1.8578070412244585,-0.7744192257625114,-0.19942579278726164,-0.3511100525626922,-0.0395997467160155
2023-10-06 17:50:00,-1.8644610705353468,-0.5008755837874327,-0.19691657718860162,-0.3147187785719153,0.0771218526763761
2023-10-06 17:55:00,-1.8574444327275956,-0.3980399737307221,-0.19973357737553832,-0.3515490225990277,0.0008119259065385936
2023-10-06 18:00:00,-1.9616411146599348,-1.0376379518095427,-1.4968625149120218,-0.31028291915788386,-0.09267120400722052
2023-10-06 18:05:00,-1.951764782336665,-1.0263203349843988,-0.2027777717648792,-0.40545177225763146,-0.1560855443022219
2023-10-06 18:10:00,-1.9534381699736885,-0.9753832858087444,-0.20205037145339985,-0.3956669335314547,-0.0903006761745226
2023-10-06 18:15:00,-1.871255861710408,-1.0388877858031877,-0.19512433649834757,-0.31649374054188795,-0.16423224784827672
2023-10-06 18:20:00,-1.8815585116081468,-0.8332535394005723,-0.19141898898536908,-0.26319215287525166,-0.12930552663162417
2023-10-06 18:25:00,-1.8954878101205328,-0.24178348712144362,-0.18681706788810207,-0.19204113363927752,-0.16250389182475056
2023-10-06 18:30:00,-2.057349820597586,1.7123004390077077,-1.286948541704568,-0.11480339654219943,0.02140062529277225
2023-10-06 18:35:00,-2.0437483375693364,1.0373649927186026,-0.19114875609334994,-0.22259212022664343,-0.0820416449620443
2023-10-06 18:40:00,-2.0685617294606296,1.4904475157913977,-0.18244623966441856,-0.09629117219957134,-0.10749534244859203
2023-10-06 18:45:00,-1.9420817491739113,2.443918926055133,-0.17866540669137268,-0.0342622935190117,-0.047639003403998285
2023-10-06 18:55:00,-1.918322345020522,2.1309394786416633,-0.1873776486074621,-0.06537668228864224,-0.02094423819508466
2023-10-06 19:00:00,-1.615754553799196,2.237339332662015,-0.909211032294842,0.0009565042014565411,0.06424023982466821
2023-10-06 19:05:00,-1.5984361703731962,1.3649003969218647,-0.1948667488468811,-0.22214379302345766,0.05929853437745828
2023-10-06 19:10:00,-1.592154996395622,0.7821169919719905,-0.19683678516711003,-0.25576067263175156,0.022065039076424344
2023-10-06 19:15:00,-1.5051113835219074,1.281020076816079,-0.19366149725486148,-0.11859517083320595,0.10678488649060151
2023-10-06 19:20:00,-1.5073824855442768,1.7988295925846471,-0.19309621216823936,-0.08059583639620203,0.18638049016140432
2023-10-06 19:25:00,-1.4956420828930137,1.938745125389748,-0.19737380212534297,-0.17204756449423772,0.1917788561980016
2023-10-06 19:30:00,-1.6462459075456704,1.745978135195794,-0.8436633520481798,-0.20210156505105703,0.2776580887511433
2023-10-06 19:35:00,-1.6629366476343421,2.3405859207195157,-0.19243248884669356,-0.14802660833189127,0.17587272841378598
2023-10-06 19:40:00,-1.6516621781297713,2.956143820597057,-0.19703020045012926,-0.11365278901004865,0.2901847415445135
2023-10-06 19:45:00,-1.434879174329132,3.0689091410002027,-0.18948147078989006,0.033523949574292326,0.20277683361849755
2023-10-06 19:50:00,-1.3967282585187462,1.9362921036305842,-0.20274151525751505,-0.0804316687804003,0.27587437444098506
2023-10-06 19:55:00,-1.3857097634191964,1.5354291808222262,-0.2061805495602879,-0.27496652568075297,0.21196665189239622
2023-10-06 20:00:00,-1.6437857698675031,0.7339911613406805,-0.57118286074311,-0.26819939455726166,0.28661956651574777
2023-10-06 20:05:00,-1.647671992486131,0.32183598834138094,-0.196824364128844,-0.26876238146850673,0.20195395280042214
2023-10-06 20:10:00,-1.6531999231477663,0.9882172027226881,-0.19549191172607064,-0.17524503480047302,0.20087122221659195
2023-10-06 20:15:00,-2.2294318115346243,1.878331481333017,-0.1967442499848719,-0.18026773216331693,0.2806245941728914
2023-10-06 20:20:00,-2.2307831927861046,1.6034743166285104,-0.19583594907003699,-0.2217007214025332,0.3054665835584842
2023-10-06 20:25:00,-2.2325537536436606,1.9012449288323519,-0.19557231709716255,-0.18882542243558761,0.2652953544803804
2023-10-06 20:30:00,-2.475436960799548,1.200698615628514,-1.09446582558451,-0.1863678985724684,0.41699372553160574
2023-10-06 20:35:00,-2.4848422295250616,3.2539031476710685,-0.20255511072992335,-0.10144084658551594,0.5660890277387696
2023-10-06 20:40:00,-2.511648847583453,4.347465793597156,-0.19316169432260802,0.08064664301132739,0.7805554350375539
2023-10-06 20:45:00,-2.688277806460275,3.958903096811588,-0.20297705426456636,-0.08535381688668121,0.6015636922450822
2023-10-06 20:50:00,-2.675027609787996,3.083034000436509,-0.2063893885343846,-0.19722732875723878,0.8863027492628252
2023-10-06 20:55:00,-2.6894364425132204,3.9787270949334235,-0.20150367497352958,-0.021554154569304367,1.1345340408123619
2023-10-06 21:00:00,-2.616566144600985,2.9321222112479757,-1.1168060175609396,0.3112380697222924,1.642930797681569
2023-10-06 21:05:00,-2.599278309886826,0.7400177791578241,-0.19288421874894932,-0.0807741260283251,1.4921475321109436
2023-10-06 21:10:00,-2.5757216876146587,-0.2016541568235105,-0.20101004700770436,-0.2941619518908973,1.2885641564854782
2023-10-06 21:15:00,-2.8793390404515273,-0.15006953061603462,-0.20856753040238327,-0.371022340496396,1.0855200956492894
2023-10-06 21:20:00,-2.876425985576324,-0.19195120303666452,-0.20967598117277397,-0.3534876672819226,1.1008619909960564
2023-10-06 21:25:00,-2.886386539922053,1.2650914168570246,-0.20614072404911468,-0.4414903650429999,1.2939656281016507
2023-10-06 21:30:00,-2.9308339794331273,0.7956034908878248,-1.4265676208760059,-0.2175283943463955,1.4007107524965692
2023-10-06 21:35:00,-2.928456560214724,-0.4862371196149319,-0.19031856303796013,-0.21493966777158216,1.133913942525318
2023-10-06 21:40:00,-2.9213391092182723,0.03265234517294962,-0.19331639746707047,-0.19263056756343186,1.2055009070728844
2023-10-06 21:45:00,-2.638671765867748,0.9753486029461593,-0.195251480394457,-0.28717929825447036,1.171286164353801
2023-10-06 21:50:00,-2.6337542002247782,0.59358444677487,-0.19678728740437576,-0.33763699628187177,1.1330667803451628
2023-10-06 21:55:00,-2.623447243412625,0.3669948109419465,-0.20046687352889217,-0.36618043918844434,1.1385205473258762
2023-10-06 22:00:00,-2.7126293325157573,0.20792278423410882,-1.6431049329486187,-0.31889753350646916,1.0210469333649008
2023-10-06 22:05:00,-2.710832132077799,-0.3967233335182578,-0.19646655569523114,-0.5290051509741905,0.8439660402358379
2023-10-06 22:10:00,-2.7139818861445946,-1.1364455986219766,-0.19497549621028876,-0.5158181139782544,0.7619323022108142
2023-10-06 22:15:00,-2.603244258926257,-1.0645188462315627,-0.1965311263195933,-0.32256642323968565,0.7318021164095034
2023-10-06 22:25:00,-2.5992016635876944,-0.7722044776535808,-0.197615552976172,-0.5434128634830374,0.7036608768116803
2023-10-06 22:30:00,-2.5448685332364884,-0.9249671899488291,-1.3021659269859345,-0.4069860941442414,0.5819286829989461
2023-10-06 22:35:00,-2.538227272339852,-0.8143842932312259,-0.19530179890526628,-0.3638264322399696,0.5135466644430728
2023-10-06 22:40:00,-2.5368992999651234,-0.7635627444871017,-0.19534343080414676,-0.5065000695693856,0.5250130302267101
2023-10-06 22:45:00,-2.2810191998465372,-1.1115056264795966,-0.19365001555602898,-0.5016726017642442,0.385848854209063
2023-10-06 22:50:00,-2.2827011503032377,-1.2198887182213056,-0.1932345116475771,-0.49552838510719854,0.26508390218866107
2023-10-06 22:55:00,-2.280669156809037,-1.4135697963700826,-0.1938996792494709,-0.506655654713256,0.23932665986424745
2023-10-06 23:00:00,-2.1882632198665255,-1.4412233764497997,-1.0917314793994461,-0.3429982221934948,0.3301267346195261
2023-10-06 23:05:00,-2.1749700571031445,-1.1771613745034615,-0.1917674316344989,-0.4773971423070949,0.14378455277988197
2023-10-06 23:10:00,-2.1802846267285845,-1.2841450748789947,-0.18992912892422653,-0.3205974735716042,0.24994365326529694
2023-10-06 23:15:00,-2.173620098521983,-1.253601418857324,-0.18909378679864203,-0.4469895869094506,0.12756366750516582
2023-10-06 23:20:00,-2.174046037834434,-1.104994914493916,-0.18964882832018407,-0.31794382323429077,0.049964633292906936
2023-10-06 23:25:00,-2.1713834013342805,-1.1466216989698443,-0.19019999365747914,-0.45983345118488256,0.03555839526559905
2023-10-06 23:30:00,-1.980397905294912,-1.4217090425900116,-1.36352958366821,-0.346032695387521,0.13936650187443822
2023-10-06 23:35:00,-1.9669520145964534,-1.3450300317509276,-0.19255622809142406,-0.3272093233848412,0.04017633408501794
2023-10-06 23:40:00,-1.9679423963702483,-1.0720574150878457,-0.19188802323477577,-0.47382092782544727,0.037033757450296086
2023-10-06 23:45:00,-2.02503998587715,-1.0097939628000747,-0.19385938947625606,-0.3517363433435815,-0.08469280483811344
2023-10-06 23:50:00,-2.0259432829392687,-1.0066104979048016,-0.19305797806561406,-0.4912017070550732,-0.08784122467738906
2023-10-06 23:55:00,-2.0286117151594105,-1.218477981150029,-0.19196439768460924,-0.4782998278972961,-0.10265713011156526
2023-10-07 00:00:00,-2.0278993441249997,-0.6295961007176594,-1.4496271358722415,-0.21375819855558417,-0.1666709053105924
2023-10-07 00:15:00,-2.02220435459293,-1.4692133487069579,-0.19282342842344477,-0.35601394608452513,-0.14015808980466057
2023-10-07 00:20:00,-2.0236621878228105,-1.4363199221362979,-0.19195510827163795,-0.4769342233186873,-0.16988822891426178
2023-10-07 00:25:00,-2.0243522704984174,-1.5152973261489748,-0.19226949793922504,-0.3226242710850277,-0.22071040320457344
2023-10-07 00:30:00,-2.0737768678697157,-1.4703633649350836,-0.19081646351559664,-0.3168874853624088,-0.0954902783703557
2023-10-07 00:35:00,-2.0745931373510715,-1.3081289453829437,-0.1904766804873128,-0.3029978674574415,-0.015750312780807553
2023-10-07 00:40:00,-2.0693777467969108,-1.2116545918382835,-0.19263173697978975,-0.33073035322720107,-0.0929427740503356
2023-10-07 00:45:00,-2.0335401999918594,-0.9329785121966675,-0.19318855902366058,-0.33779542930183487,-0.10895296262362669
2023-10-07 00:50:00,-2.036502463676515,-1.0981725164209915,-0.19217369896514824,-0.3245548408717723,-0.19044923878250913
2023-10-07 00:55:00,-2.0330620196445786,-1.1306776353673997,-0.1934366080948056,-0.3423084498638873,-0.2020607472972356
2023-10-07 01:00:00,-1.9312674873704319,-1.2186251248914162,-0.5223218402206091,-0.31365796972560883,-0.19466728240913603
2023-10-07 01:05:00,-1.9271125379769785,-0.8907277562256963,-0.19152611531639613,-0.3235828069623274,-0.1190123704238403
2023-10-07 01:10:00,-1.9269569078648823,-0.9946939662397086,-0.19145205956421557,-0.33235702805558354,-0.10585146208204133
2023-10-07 01:15:00,-1.533112479084826,-0.994628750817673,-0.19309210535798826,-0.49690600050337086,-0.08377562751764007
2023-10-07 01:20:00,-1.539132127915968,-1.1333323423909052,-0.1913310095107249,-0.32344323808058945,-0.11084633873555338
2023-10-07 01:25:00,-1.5422786903739838,-1.0577947527755382,-0.190201611192123,-0.29887397433797985,-0.08559804722881242
2023-10-07 01:30:00,-1.5373437283375653,-0.8895587554574664,-1.2056042173302883,-0.17777284770189977,-0.013170286892510664
2023-10-07 01:35:00,-1.5157317375915416,-0.7970711375693074,-0.19336235870634855,-0.35035785625886706,-0.135246478137006
2023-10-07 01:40:00,-1.5147160618562192,-0.836745999084199,-0.19361305075387295,-0.3548657866700981,-0.09482967156412174
2023-10-07 01:45:00,-1.3942812538670448,-0.8675855711610199,-0.19313698527360956,-0.3630956734750705,-0.10374139221439811
2023-10-07 01:50:00,-1.39442122334859,-0.849478629475669,-0.19288469829296812,-0.3606728497095429,-0.01061135666711952
2023-10-07 01:55:00,-1.3939780906249455,-0.988155772346023,-0.19321470453243206,-0.34884043353405647,-0.10338521369373346
2023-10-07 02:00:00,-1.323442139019491,-1.2559077722594336,-1.1118983222064747,-0.32437751245166707,-0.12400110746798039
2023-10-07 02:05:00,-1.3166455993843105,-1.464281250357477,-0.1863807639807906,-0.4187233020963844,-0.2873563917178805
2023-10-07 02:10:00,-1.3191277728088826,-1.3959228852385392,-0.1855846627542591,-0.406509355401869,-0.31518034365571496
2023-10-07 02:15:00,-1.214775405568709,-1.3735306545998176,-0.1828142226149507,-0.3771104281880572,-0.27309400648329973
2023-10-07 02:20:00,-1.216384367203581,-1.655578696915674,-0.18208800200857445,-0.36994491518819034,-0.3007401945027345
2023-10-07 02:25:00,-1.2142272371263096,-1.5139237931946075,-0.1830980296233783,-0.3815950485975754,-0.3528025468211395
2023-10-07 02:30:00,-1.0032868362253136,-1.4215985182177269,-1.2754371313776085,-0.29104819520012676,-0.24311422935540603
2023-10-07 02:35:00,-0.9892788573476885,-1.3011565868052177,-0.18648166948527517,-0.41582616720762666,-0.35262459261364565
2023-10-07 02:40:00,-0.9930227885725598,-1.4612304829704694,-0.18506295972443654,-0.39762498180556133,-0.3812520875345925
2023-10-07 02:45:00,-1.079720906405348,-1.3105924584036115,-0.18464290739967898,-0.3949148492336887,-0.39865873508992344
2023-10-07 02:50:00,-1.0757661681044934,-1.262769601229145,-0.18605886119544535,-0.41438409517785657,-0.37001277551193296
2023-10-07 02:55:00,-1.0775539289577365,-1.408110634612793,-0.1853950160895811,-0.4063120586689937,-0.41095781490141287
2023-10-07 03:00:00,-0.8917944461081899,-1.5034387693371059,-1.366094865985382,-0.34486890136119325,-0.32006576720806446
2023-10-07 03:05:00,-0.8763353966910252,-1.4236354829237077,-0.19068190394088527,-0.4657973257885194,-0.3185563036480366
2023-10-07 03:10:00,-0.8796305463222861,-1.5994337075058709,-0.18966036337119446,-0.4518407522350961,-0.45346500740465956
2023-10-07 03:15:00,-0.94339983852067,-1.498269816371231,-0.18850131362869638,-0.4390747304629237,-0.44291816346880125
2023-10-07 03:20:00,-0.9396568125932614,-1.58965745247919,-0.18983289250037982,-0.4584473448563982,-0.45441833734390397
2023-10-07 03:25:00,-0.9380278305013184,-1.601991626663085,-0.19032686662199064,-0.4659954705116151,-0.41367468969690174
2023-10-07 03:30:00,-0.7541510931437464,-1.7290229621529767,-1.430604440560684,-0.35462873722427307,-0.5996821344507725
2023-10-07 03:35:00,-0.743315190619605,-1.4621458546217851,-0.1895372851320147,-0.4485815896179043,-0.5213503248913313
2023-10-07 03:40:00,-0.743165194159401,-1.2171188253999263,-0.19055835797562853,-0.3000653614721072,-0.6466578539313356
2023-10-07 03:45:00,-1.0043329400291978,-1.36854823418933,-0.18647414013826547,-0.414708903227134,-0.6700180910720896
2023-10-07 03:50:00,-1.0068847225991662,-1.6109214427599867,-0.18537088738363258,-0.4022095085596872,-0.6714811532320174
2023-10-07 03:55:00,-1.0085600835055255,-1.6214881954445017,-0.18487120175381716,-0.2560570767814646,-0.5281043178538777
2023-10-07 04:00:00,-0.9871927484427775,-1.7178237935574752,-1.4369688330471289,-0.11633972556783259,-0.48183420725492365
2023-10-07 04:05:00,-0.972848459501848,-1.3833785850010656,-0.184616949016423,-0.22897124184750964,-0.4760659140158489
2023-10-07 04:10:00,-0.9722299412064207,-0.7000657859891058,-0.18544998365201937,-0.23187970420223109,-0.5284928641847497
2023-10-07 04:15:00,-0.9651617973244278,-0.7418756673630325,-0.1837915505933866,-0.1881440989914094,-0.5384829462333341
2023-10-07 04:20:00,-0.9732133671695198,-0.6701195037805672,-0.1806375722724658,-0.1615623997320261,-0.4495989367053777
2023-10-07 04:25:00,-0.9785588107248248,-0.5093120649532832,-0.1788927515140143,-0.13493712266210237,-0.49210092402079886
2023-10-07 04:30:00,-0.20646828114129553,-0.6813178165514079,-1.4360482513698734,-0.10252680336854109,-0.33757008451499537
2023-10-07 04:35:00,-0.1982072858247008,-0.8613234369003636,-0.18120296681089634,-0.1859762124630964,-0.37517738185906985
2023-10-07 04:40:00,-0.19319948552384775,-0.8629052736938126,-0.18228787833978172,-0.36038590963409894,-0.26899953332444293
2023-10-07 04:45:00,-0.07396941974753063,-0.9775722697575299,-0.17841534574062137,-0.3210496870029498,-0.3472176716041764
2023-10-07 04:50:00,-0.0779410715528621,-0.78707382421372,-0.17780349904962625,-0.1348614606781196,-0.4125059270058511
2023-10-07 04:55:00,-0.07193487526619635,-0.48706976509824895,-0.18018601604760665,-0.18104626050347455,-0.4228762520072393
2023-10-07 05:00:00,0.03974406991271475,-0.5739255278481606,-1.074055019179835,-0.09527293507717888,-0.3526652923175453
2023-10-07 05:05:00,0.041254470635420384,-0.47011370510916933,-0.17764370047371092,-0.10584394563251587,-0.32272542169558743
2023-10-07 05:10:00,0.050730453949930004,0.0838341218015128,-0.18141996176098907,-0.18517819798161717,-0.3314625489075762
2023-10-07 05:15:00,0.6423426592069188,-0.20031844069840932,-0.18239877552267286,-0.19859082443440584,-0.2805829031741227
2023-10-07 05:20:00,0.6389294278571016,-0.45009767490106845,-0.18130367151616533,-0.16792628177229585,-0.40198197491429916
2023-10-07 05:25:00,0.6346969865048271,-0.5229162869318835,-0.17973800004689994,-0.14687175329062177,-0.41747591665520456
2023-10-07 05:30:00,0.8277347525588333,-0.0899397879206744,-0.7970109322092378,-0.09120699760714741,-0.26165351861971614
2023-10-07 05:35:00,0.845909112536215,0.4967304880071408,-0.18899524282409988,-0.11680772952349952,-0.4248127277181772
2023-10-07 05:40:00,0.8485860190255492,-0.05773771843475519,-0.18949087982845778,-0.1389068242581116,-0.3974118318969669
2023-10-07 05:45:00,1.113344892082417,1.2493572284116394,-0.183795744979673,-0.006671737632510579,-0.41174290465916147
2023-10-07 05:50:00,1.118244773973126,0.8937378404407815,-0.18469565408806862,-0.15857417264310086,-0.31877234086075706
2023-10-07 05:55:00,1.1138959965705972,-0.1640158323251473,-0.18269816572761874,-0.14936143799314058,-0.4816195734116548
2023-10-07 06:00:00,1.0199958892406156,-0.04210099193987027,-1.094045898201994,-0.25993786567920213,-0.4128938698824622
2023-10-07 06:05:00,1.0272526032299276,-0.6178841934232554,-0.18171657707695496,-0.20700678060048544,-0.5742291278711141
2023-10-07 06:10:00,1.0217038279264326,-0.7679078291334618,-0.17987995800898268,-0.181516574318732,-0.7054905630137531
2023-10-07 06:15:00,1.3887791597879284,-0.9772794095695083,-0.1797737315727038,-0.17078220282059745,-0.7046839708664969
2023-10-07 06:20:00,1.3962719377981503,-0.8473332957953287,-0.1826001466111319,-0.20853833423782936,-0.7008218050830408
2023-10-07 06:25:00,1.4005990579868481,-1.0235598372673993,-0.1840013161423336,-0.24680771167015986,-0.6990781788963041
2023-10-07 06:30:00,1.5932877978856328,-0.7036295257505086,-0.9922258940383656,-0.25277926829334246,-0.6356412702232459
2023-10-07 06:35:00,1.5944256383243645,-0.6044036622441831,-0.18927659227597576,-0.24766756918773125,-0.543648491997024
2023-10-07 06:40:00,1.5963149804820245,-0.3094288279959107,-0.19081258071504975,-0.1550259070899189,-0.6688877788240353
2023-10-07 06:45:00,1.859349632347429,1.5366207343671516,-0.19954453287149157,0.025459598297883856,-0.48002638548149323
2023-10-07 06:50:00,1.8794289051418287,3.212487755572352,-0.20749855097611103,-0.04423249525190312,-0.18874006031391938
2023-10-07 06:55:00,1.8914615075361154,4.165631637308927,-0.21229740933413485,-0.23280851005708486,-0.25092766813454165
2023-10-07 07:00:00,2.2540234516858595,4.257905428835483,-1.158995303688613,-0.06425758609224537,0.03068554036889291
2023-10-07 07:05:00,2.251882429303042,2.9996883044600526,-0.20335624728722626,-0.24154355368066166,-0.08553784906959848
2023-10-07 07:10:00,2.2507279794781994,2.1975056987363017,-0.20177334063845767,-0.3884606044842622,-0.049634773058190564
2023-10-07 07:15:00,1.8074837278982192,0.5033634787749716,-0.18917601623311348,-0.4456197983428835,-0.14180156440011998
2023-10-07 07:20:00,1.804643413601035,-0.4407928019296428,-0.1881126273451644,-0.27552995213534087,-0.19421050304607523
2023-10-07 07:25:00,1.8096032205611374,-0.037140199355086764,-0.19048082540660935,-0.23643923795958371,-0.21684105401697817
2023-10-07 07:30:00,1.7590711538869603,0.2058993665087659,-1.0801379330595287,0.022226947191510065,-0.032010323293881135
2023-10-07 07:35:00,1.7462164189019027,2.9348679699195155,-0.18463414582791074,-0.0042845840808816765,-0.04466090679567888
2023-10-07 07:40:00,1.7805860269676685,2.114653160066729,-0.1967126739122409,-0.11520088806963887,0.013121381466137751
2023-10-07 07:45:00,1.8973648285694318,1.8240184465870248,-0.21371654564067463,-0.3199574107831758,-0.018688083764551017
2023-10-07 07:50:00,1.8727288360271208,2.1041812267740925,-0.20470199869691094,-0.2339200750801039,0.008313723004669708
2023-10-07 07:55:00,1.8801403171606672,2.3724626344308,-0.20715877465583973,-0.3660492902464522,0.06367439759191147
2023-10-07 08:00:00,2.041374581935177,0.7242598435604677,-0.20594392735388647,-0.415992559851938,0.22074178286566226
2023-10-07 08:05:00,2.01871485650681,-0.19734192496025338,-0.19705128278079626,-0.30307322566734035,0.1953537119179979
2023-10-07 08:10:00,2.0065836139394584,-0.6411806238066813,-0.19211651537922267,-0.28191931395706316,0.2147908481452545
2023-10-07 08:15:00,1.4640446447286,-0.6891886432709818,-0.18605825465338682,-0.06334833575496313,0.2463989009719677
2023-10-07 08:20:00,1.4891430380775073,1.8398652073384036,-0.19726289992225413,-0.08135424556810833,0.30276241429999695
2023-10-07 08:25:00,1.5063302179622176,1.3900521724814479,-0.20257092691357853,-0.3364995278123712,0.34784389284452794
2023-10-07 08:30:00,1.7189809660396325,0.032274375684712274,-0.4088746142451241,-0.23740400394686192,0.32676602272638483
2023-10-07 08:35:00,1.7042171290254222,-0.6504949773495666,-0.18580201972797794,-0.15876886429772166,0.26541446114220096
2023-10-07 08:40:00,1.7045482673892969,-0.38923058966300433,-0.18617873438887647,-0.11953498224568668,0.29313496059394056
2023-10-07 08:45:00,1.3753932343588122,1.4903169366740951,-0.186933448919266,-0.1585193631807566,0.3146028212426027
2023-10-07 08:50:00,1.3900614767308481,0.291193856474883,-0.19138635732985917,-0.2592352096635159,0.30731937186639013
2023-10-07 08:55:00,1.396916047498123,-0.026339472610533904,-0.1932640740183259,-0.3488270942350883,0.40263240886600127
2023-10-07 09:00:00,1.51333047937441,-0.18889927714622462,-1.1771205673490077,-0.3983557527171066,0.41356310673362556
2023-10-07 09:05:00,1.5197466307219927,-0.5642279583182988,-0.19122645928048299,-0.4795131570192829,0.28810115714039947
2023-10-07 09:10:00,1.521333117826625,-0.6746811580639226,-0.19172698717884157,-0.48774905573930616,0.2888115513579529
2023-10-07 09:15:00,1.4121964294878806,-0.8086525494675753,-0.18770853457382997,-0.4338703551129827,0.24346875796115727
2023-10-07 09:20:00,1.412834148881083,-0.912187912991813,-0.1885834724945635,-0.30556710167758444,0.12644193245563937
2023-10-07 09:25:00,1.4186851558364482,-0.7251889151353166,-0.19084704252446233,-0.32666503251827794,0.14297497351294866
2023-10-07 09:30:00,1.5874777802306657,-0.4598355928992584,-1.0140004373633722,-0.23500047912197425,0.32537667943704296
2023-10-07 09:35:00,1.588216152202755,-0.6300469932768459,-0.1915352714196382,-0.47244060548079747,0.14586175499636556
2023-10-07 09:40:00,1.5886116209495362,-0.6214338182572574,-0.1916857073752702,-0.47442931777302527,0.14606308375224494
2023-10-07 09:45:00,1.8395851151620224,-0.5916308230910087,-0.19239325648794575,-0.3247129763847061,0.045278846275343954
2023-10-07 09:50:00,1.8352238016157927,-0.5579511940590394,-0.19080781978987496,-0.32703449436989396,0.016044869591728884
2023-10-07 09:55:00,1.8313414174521068,-0.812206890444865,-0.18879658035465652,-0.4336152027289866,0.01154800274069921
2023-10-07 10:00:00,2.193381341890659,-0.8732299489166271,-1.1181111675749187,-0.36364201947437874,0.12957423530880055
2023-10-07 10:05:00,2.204453753668558,-0.8556075316464545,-0.19243084937804508,-0.4820679259313396,0.05927078683524866
2023-10-07 10:10:00,2.2028523097673562,-0.9925374677230662,-0.19181037546419827,-0.47468208433719505,0.03174591377428074
2023-10-07 10:15:00,1.9309215020711301,-0.9322867258995242,-0.18911574635499828,-0.43863714160251926,-0.009657498661857913
2023-10-07 10:20:00,1.9309003261317588,-0.8118213495655452,-0.1891324302602893,-0.4378300656632825,0.01703246030378985
2023-10-07 10:25:00,1.927167833181252,-0.8737895447330466,-0.1877569630193112,-0.4192693620252973,0.001799966816931769
2023-10-07 10:30:00,2.2639574789687624,-1.0945523845203677,-1.142981483884469,-0.3473859685137173,0.15360265639318885
2023-10-07 10:35:00,2.276810577366027,-0.8197150071119381,-0.19265429907283416,-0.4743676544723556,0.04600861407871013
2023-10-07 10:40:00,2.2820343378892547,-0.6885670266515089,-0.1945619626867897,-0.49987667344795256,0.08864886466277476
2023-10-07 10:45:00,2.2199413459250215,-0.9233782452870374,-0.18978780864043585,-0.4391137952868635,0.15059417045595427
2023-10-07 10:50:00,2.2227742807705795,-0.8117596179723637,-0.1916111840323232,-0.3136492783590317,0.04829058897561351
2023-10-07 10:55:00,2.2292135291646273,-0.5889022649684764,-0.19362275078911495,-0.48720294075915616,0.06234847314628961
2023-10-07 11:00:00,2.1427661675061778,-0.7142749682327694,-1.1442816400059888,-0.3780595699355598,-0.07117363390077794
2023-10-07 11:05:00,2.1497242764178277,-0.6817450566337636,-0.19241992684695883,-0.34401037205144863,-0.18141602447058772
2023-10-07 11:10:00,2.1435348361115603,-0.7575562318898208,-0.1901820227009517,-0.2806064240146177,-0.17068201215471046
2023-10-07 11:15:00,2.3087658389096597,-0.5931666783543915,-0.19061912874551626,-0.25082050865115335,-0.1193188148391494
2023-10-07 11:20:00,2.3149163364095426,-0.4849338863791648,-0.1929836931561583,-0.306746409964474,-0.16982414386801775
2023-10-07 11:25:00,2.3135483134628636,-0.5498961529781904,-0.19256481217706745,-0.3091492481489076,-0.23724433545867166
2023-10-07 11:30:00,2.3097362275382185,-0.6508693818979319,-1.0215929086355984,-0.21973391560787064,-0.09238674077600802
2023-10-07 11:35:00,2.316199014086369,-0.6677272777164514,-0.19390149296053028,-0.3252972176778183,-0.10510621311417792
2023-10-07 11:40:00,2.3182184712610177,-0.6035173592512079,-0.19437575537675317,-0.4862544430510513,-0.186677165487209
2023-10-07 11:45:00,2.1180022985864317,-0.7046350479892582,-0.1919669111211665,-0.4643662835691533,-0.17456589601029437
2023-10-07 11:50:00,2.1128118339823647,-0.8687221269061881,-0.1902729802585218,-0.3040307370532127,-0.12158090779025803
2023-10-07 11:55:00,2.106515931614747,-0.8847559020561668,-0.18755583376259416,-0.4057536019448768,-0.140559939212278
2023-10-07 12:00:00,2.5125292766246585,-0.5923007941326757,-1.0580838740049654,-0.3795391611153696,-0.04367267670178822
2023-10-07 12:05:00,2.518411984073427,-0.5885638267373772,-0.1948879518633215,-0.32402545111237036,-0.10435757158827837
2023-10-07 12:10:00,2.5155433507791063,-0.6106691992031383,-0.1936420553709857,-0.30809118110075456,-0.02598371290530098
2023-10-07 12:15:00,2.765557064869577,-0.5759006392741325,-0.20063796290418484,-0.39871642953736974,-0.04953155343486829
2023-10-07 12:20:00,2.763686860465631,-0.4742919595293939,-0.20035513163552435,-0.37529558514147987,-0.16985199444546661
2023-10-07 12:25:00,2.7669489706859496,-0.35751730019505895,-0.20133565686878915,-0.41388786964348556,-0.07543637956070166
2023-10-07 12:30:00,2.7259844335168237,-0.647053776256637,-1.0109382318139184,-0.3039620186714382,0.0277665935467442
2023-10-07 12:35:00,2.725829650920487,-0.954249441126855,-0.19895476013412133,-0.33944519503117593,-0.09641372186471561
2023-10-07 12:40:00,2.7287531136579695,-0.943307579193285,-0.20042705495136728,-0.30008392982205284,-0.18703294699913012
2023-10-07 12:45:00,2.6645835653633747,-0.37909888118622675,-0.20145537888290366,-0.3689979208735965,-0.0911197800666818
2023-10-07 12:50:00,2.6662534445709225,-0.5341539801597001,-0.20184096020600295,-0.3932327877204531,-0.06408692042907589
2023-10-07 12:55:00,2.661054355057906,-0.8537830145791916,-0.1998261162253696,-0.3437741555303691,-0.0797987785849803
2023-10-07 13:00:00,2.7913099158850025,-0.927078054049162,-0.9734172458324286,-0.2199462872687352,-0.13756627939253574
2023-10-07 13:05:00,2.795195007324224,-0.7188396772252935,-0.20104923885248577,-0.32880809834878644,-0.08972330788530297
2023-10-07 13:10:00,2.788667055659228,-0.7913569051674741,-0.19831807707305396,-0.3672156125362821,-0.06779410780405755
2023-10-07 13:15:00,2.765563370730102,-0.6569573400234417,-0.19812614795891706,-0.4978127429972762,-0.06888269844098327
2023-10-07 13:20:00,2.773602792023256,-0.4548601380104459,-0.20191610798873993,-0.4073493772792742,-0.1819523088917272
2023-10-07 13:25:00,2.7673418381303465,-0.5485032629781484,-0.19950804447987736,-0.38354469671708163,-0.17201549754608758
2023-10-07 13:30:00,2.498520195097547,-0.815953673642764,-1.1196881051091232,-0.36009676013987363,-0.13756142636301308
2023-10-07 13:35:00,2.508707192938391,-0.7036350977549692,-0.19647216942662188,-0.33101270792698534,-0.13880035251447756
2023-10-07 13:40:00,2.50294017457743,-0.9211398013409062,-0.19393276207650523,-0.4445829441859204,-0.22432861224410353
2023-10-07 13:45:00,3.1239448452341225,-0.9543862886275355,-0.20275932534915664,-0.5445845487956511,-0.19765107141295898
2023-10-07 13:50:00,3.1240352720190527,-0.9709337875868893,-0.2031831455880889,-0.4036921031417486,-0.1683755028261044
2023-10-07 13:55:00,3.1249605362542154,-1.0554307638657285,-0.2029054693583082,-0.5486978762245731,-0.130696744855289
2023-10-07 14:00:00,2.9950142558655912,-1.2906264383419601,-0.9965647698346716,-0.40639027482605705,-0.18318734507263607
2023-10-07 14:05:00,3.004201266660153,-1.1057613777325614,-0.2009160712343441,-0.3679341012543711,-0.19244932520981237
2023-10-07 14:10:00,2.9989398967045333,-0.4809069850080257,-0.19941342197932796,-0.3481564602389669,-0.19477976613102113
2023-10-07 14:15:00,3.1671465402388828,-0.5150074449191897,-0.2000364390583549,-0.3368075669094019,-0.22080636578899082
2023-10-07 14:20:00,3.16381913230142,-0.5780235325956621,-0.19823106578526556,-0.4765707303685424,-0.21215503033162877
2023-10-07 14:25:00,3.1614854596721806,-0.8036913707870801,-0.1974636962948339,-0.4670882856272436,-0.31993290072008757
2023-10-07 14:30:00,3.625005406260724,-0.9758498619829707,-1.3592266938671775,-0.44345264945153506,-0.20545630384231733
2023-10-07 14:35:00,3.643374649403837,-0.9618983849913322,-0.20887481424274607,-0.44209673306725206,-0.21522736548132654
2023-10-07 14:40:00,3.6432512502846257,-0.6903786620588882,-0.20886972471566712,-0.43979363399702537,-0.14856866480450648
2023-10-07 14:45:00,3.81119441689097,-0.5837008955119308,-0.20914837126935512,-0.42767293033702475,-0.22581135780429326
2023-10-07 14:50:00,3.812310277255175,-0.8479639300563155,-0.20949010753919414,-0.43478722852148477,-0.27866591579063127
2023-10-07 14:55:00,3.813313326235892,-1.2943955859477083,-0.20953482648065483,-0.4324666960828867,-0.26504329577360647
2023-10-07 15:00:00,3.2191490654967265,-1.4321222988677131,-1.2283214294364686,-0.25026888457323654,-0.24651918791266147
2023-10-07 15:05:00,3.231504331161704,-1.4249748483465847,-0.20325766663645112,-0.3718326133356053,-0.3230362107562168
2023-10-07 15:10:00,3.2259862476458294,-1.5603764913772753,-0.20053670726888687,-0.4917311523588786,-0.2754757378957988
2023-10-07 15:15:00,3.6668786401014586,-1.5588714836516764,-0.20434050202711307,-0.5338620740360598,-0.3083567722973506
2023-10-07 15:20:00,3.6722336791392465,-1.3768221155014875,-0.20691269406770008,-0.4121401789268109,-0.30275347562595
2023-10-07 15:25:00,3.675377382928185,-1.2213769927877678,-0.2075592180751153,-0.5753568041370333,-0.2506228143154398
2023-10-07 15:30:00,3.5654642008546915,-1.293068253132815,-0.20757968142959368,-0.43639677398075327,-0.30234666121321097
2023-10-07 15:35:00,3.5659211512906053,-1.2476529742070162,-0.20811036336167987,-0.4331051325125302,-0.4349715440103724
2023-10-07 15:40:00,3.567241945702379,-0.9024215601117336,-0.20825715523775035,-0.5869329318168088,-0.39691813234771484
2023-10-07 15:45:00,4.332079165297676,-0.911784456407787,-0.20556082079945986,-0.368541312739742,-0.40260309223226737
2023-10-07 15:50:00,4.329088841340465,-0.41286418632674404,-0.20458365842979934,-0.3587927605122684,-0.3107613461399436
2023-10-07 15:55:00,4.334141565557487,-0.16454702844711583,-0.20638954121521308,-0.4395239158692288,-0.2957790389825849
2023-10-07 16:00:00,3.7010037458276006,-0.7997279690930447,-0.3447316563553748,-0.5296732522638273,-0.17667101217287018
2023-10-07 16:05:00,3.6912002818816925,-1.0457508438938956,-0.20006438703419524,-0.4741909465499582,-0.053562747502796264
2023-10-07 16:10:00,3.7009305553541485,-1.3011119642572029,-0.20395318228834558,-0.5280770496542986,-0.2750191858667113
2023-10-07 16:15:00,3.9766481142529084,-1.061160186305031,-0.2108227156424531,-0.5883742230250207,-0.14769410695929
2023-10-07 16:20:00,3.9942460946832896,-1.0206773340776296,-0.21724266985176666,-0.6772343207226477,-0.1255186890976
2023-10-07 16:25:00,4.000666703491586,-1.0045435846110355,-0.22018541490824164,-0.578601979584452,-0.18632169311960484
2023-10-07 16:30:00,4.035182780668623,-0.2514373384617639,-0.5378752612609845,-0.478959897971381,-0.08105826189084692
2023-10-07 16:35:00,4.05363127680376,-1.2793467272416448,-0.2121585757779202,-0.6116792685723895,-0.12123369091414239
2023-10-07 16:40:00,4.0567648891678925,-1.1365122379309172,-0.21340348548105045,-0.6273041660970119,-0.11955463456683647
2023-10-07 16:45:00,4.510268947398352,-0.7269659149516837,-0.21686071442064817,-0.6455305884296164,-0.08276011471396444
2023-10-07 16:50:00,4.502936676962722,-0.603389078154767,-0.21448664651239688,-0.6098542060048042,-0.17947418267571402
2023-10-07 16:55:00,4.50672626266686,-0.6211965264302195,-0.2156735870708057,-0.6276331420585587,-0.09776905166438991
2023-10-07 17:00:00,4.57882569358599,-0.274067423211364,-1.4504775208988665,-0.46459131302799106,-0.2101977610538308
2023-10-07 17:05:00,4.602831470672841,-0.7221068465624678,-0.21692955854725515,-0.6392991510982572,-0.3207256817120742
2023-10-07 17:10:00,4.600495431380236,-0.8655739503503133,-0.2166986366725923,-0.4079055223174008,-0.31789709870459043
2023-10-07 17:15:00,5.338510220128072,-0.5317284017712139,-0.22920955871322274,-0.5020399234002718,-0.312336295385293
2023-10-07 17:20:00,5.338008609808509,-0.09098238130830615,-0.22909928887640646,-0.5050034173104218,-0.21929396449957198
2023-10-07 17:25:00,5.347588992484272,0.23208540449833204,-0.2330780387150717,-0.4569351660591117,-0.18584824211432424
2023-10-07 17:30:00,5.297640552727534,0.36636040283390664,-0.8123649614285616,-0.49495671180889433,-0.1040062492911209
2023-10-07 17:35:00,5.275684915083911,0.05857924821962697,-0.23003029765563007,-0.2633611176800757,-0.1446243692870125
2023-10-07 17:40:00,5.235089303853261,4.262896563188223,-0.21742400710101073,-0.13392071047331475,0.04929906866922621
2023-10-07 17:45:00,4.921575640489942,0.5437055201361353,-0.2287946213236914,-0.5497206314273096,0.03997382894390374
2023-10-07 17:50:00,4.900776567008715,0.14142346651727167,-0.2212202165554407,-0.4392824315327998,-0.09035147494847749
2023-10-07 17:55:00,4.8920607452159555,0.12938577527653974,-0.21785197791281552,-0.4591061244325677,-0.10923698900057316
2023-10-07 18:00:00,4.663115782216545,-0.12585450603710463,-1.2454636349955415,-0.2764733140150969,-0.12535741464988578
2023-10-07 18:05:00,4.679693166255657,-0.1514045587996916,-0.21666935937222023,-0.4594936802165708,-0.24081599589864564
2023-10-07 18:10:00,4.691180508148489,-0.285286950205921,-0.2209714275555169,-0.446059425668102,-0.220502527062442
2023-10-07 18:15:00,4.54171526416851,-0.14444530506267528,-0.22259677191835303,-0.45435304820179734,-0.13979354136786137
2023-10-07 18:20:00,4.539877435355969,0.4528255878987555,-0.22340220905039723,-0.24811653840363168,-0.3094740835075455
2023-10-07 18:25:00,4.543624425779071,3.1702951225720515,-0.22661585013609006,-0.22079342128318255,-0.2117122233952913
2023-10-07 18:30:00,4.668578064631264,1.9225776595230393,-0.6489865488171587,-0.08291599786441534,0.012695598361743145
2023-10-07 18:35:00,4.65504087859459,6.988299901437142,-0.22276508687973087,-0.3001741985963693,0.1492441312129042
2023-10-07 18:40:00,4.678948881588301,3.0406043506602356,-0.2282850221009467,-0.5885504136682307,0.10213132315906044
2023-10-07 18:45:00,5.188929435175108,0.4136183291932773,-0.23528271912896748,-0.8465209856355648,0.07862918434352996
2023-10-07 18:50:00,5.1859096720466775,-0.3666882009092375,-0.2336573465700053,-0.8328501555512745,0.06322600959303898
2023-10-07 18:55:00,5.185194136742722,-0.7600686057153173,-0.23348964156480473,-0.6976320195781535,0.09163835781381358
2023-10-07 19:00:00,4.530540527902992,-1.0021543826210968,-1.3877356080799603,-0.7224106397902971,0.17382002374029945
2023-10-07 19:05:00,4.537650970908066,-0.7385298663704628,-0.23039225626925053,-0.8207095748306833,0.06424365529782516
2023-10-07 19:10:00,4.525873069436354,-0.5355463814999184,-0.2272220327482698,-0.4617853827173318,0.0640627008978231
2023-10-07 19:15:00,4.321031566140395,0.20153593374960818,-0.23591831679253497,-0.22087798086440058,0.004980201042539164
2023-10-07 19:20:00,4.371440835850565,1.4980241066537159,-0.2547798268162734,-0.5357708383547236,0.13649501867550035
2023-10-07 19:25:00,4.386842362205298,0.5982890360178809,-0.2592636354766981,-0.7666454885957339,0.140733957432735
2023-10-07 19:30:00,4.704920293333821,0.21563010490565598,-1.5208116350285816,-0.5967945281158568,0.14828594683065505
2023-10-07 19:35:00,4.75872459252239,1.283927449816476,-0.2662844155593485,-0.814855084165473,0.11171063049810961
2023-10-07 19:40:00,4.761136789468133,1.227199394007818,-0.2669933474052907,-0.9241457315243277,0.03128706014426862
2023-10-07 19:45:00,6.484444003190988,1.1706721921725627,-0.24103291776428765,-0.6478790932945595,-0.11046586255596015
2023-10-07 19:50:00,6.4888559179565535,0.8450213744981776,-0.24240724960339688,-0.6626441806080302,-0.09504437098376861
2023-10-07 19:55:00,6.486812429377236,0.8815978794647266,-0.24160888646092515,-0.676119122776442,-0.09649327164767968
2023-10-07 20:00:00,6.760143528412471,0.7528404680009965,1.4855497486568454,-0.6784232101274714,-0.24660554174547633
2023-10-07 20:05:00,6.755237756845338,0.7495017357100017,-0.23332015058113847,-0.637400522074991,-0.266691558204917
2023-10-07 20:10:00,6.749872817894394,0.7592670207883218,-0.23122527060028508,-0.6254039317702794,-0.2297790204765157
2023-10-07 20:15:00,7.513209331331608,0.33781026356701754,-0.2131538857321044,-0.49970845337903264,-0.26753329240256274
2023-10-07 20:20:00,7.479214665912206,-0.5102909890737485,-0.2004738215137523,-0.31525223832876675,-0.40465796451682445
2023-10-07 20:25:00,7.4624110575570395,-0.9596104897000235,-0.19411011054299757,-0.16632290941792022,-0.3590485382870999
2023-10-07 20:30:00,5.600659079610548,-0.32498523442868776,5.23550926407536,-0.8968853679297819,-0.47947335652893625
2023-10-07 20:35:00,5.585333398873527,-0.006347771390960005,-0.2302615971349448,-0.5411803843404038,-0.13206842957105652
2023-10-07 20:40:00,5.584062035927067,-0.055362942510920256,-0.22945307191980172,-0.6384848048910109,-0.14798028413743516
2023-10-07 20:45:00,6.597103351788393,-0.20385633678764578,-0.18836565133420438,-0.22958500057493603,-0.4699203574199424
2023-10-07 20:50:00,6.588832286564864,-0.28585803110767305,-0.18522804734016768,-0.18735559751172923,-0.44754032976340336
2023-10-07 20:55:00,6.580125996218239,-0.4398437067656975,-0.1816405471714834,-0.14930282243035423,-0.33248214041811025
2023-10-07 21:00:00,6.276095606462189,-0.19677463122985703,4.285530993137024,-0.6723700341526203,-0.5529671478389603
2023-10-07 21:05:00,6.2367157372198,-0.35794081305480513,-0.19443989290661248,-0.24139469652855783,-0.3018897581103848
2023-10-07 21:10:00,6.234463846453228,-0.27769184131012825,-0.19386696443242152,-0.19059340100477204,-0.3288201867738905
2023-10-07 21:15:00,8.379071034146707,-0.048402021947066706,-0.18490192741248124,-0.0974479209320292,-0.3085685241445297
2023-10-07 21:20:00,8.383491803992088,-0.20735565093851868,-0.18673369430231518,-0.05752306880310956,-0.3584768487839991
2023-10-07 21:25:00,8.363188135511585,0.16761207243681658,-0.18001370774202377,0.1650140379014808,-0.37947323586776965
2023-10-07 21:30:00,8.199195412742448,1.2044774650799699,5.643152722832948,-0.07751480923054815,-0.49790005321719566
2023-10-07 21:35:00,8.180578149480635,0.7502164296006149,-0.16592316374741797,0.20225449931425518,-0.3725572807311266
2023-10-07 21:40:00,8.200064047092617,0.04862771674475668,-0.1724267812650848,0.021529512612932223,-0.4312734042083009
2023-10-07 21:45:00,7.189037597871773,-0.07162675638824456,-0.18997074339321526,-0.1504541879513112,-0.32352685577561774
2023-10-07 21:50:00,7.197936804387603,-0.012338514012803599,-0.19347385899061667,-0.14007045218875566,-0.33127130945822186
2023-10-07 21:55:00,7.200037085423929,0.29468198421296604,-0.1944276193309662,-0.14995207337622923,-0.31669017240645503
2023-10-07 22:00:00,4.744903187866376,1.1079189821807585,5.847537295542544,-0.6265058186627857,-0.45581276371639723
2023-10-07 22:05:00,4.7144761607428025,1.1564988760487152,-0.20812213243189448,-0.275905399471184,-0.19396178993047045
2023-10-07 22:10:00,4.7270719737794975,1.4953638943209508,-0.212815081676652,-0.35432474242675555,-0.14778179937997585
2023-10-07 22:15:00,3.8780280322003158,1.477942554740867,-0.22761759382375735,-0.6063941648729655,-0.07418001621795549
2023-10-07 22:20:00,3.8731377365286797,0.8432152138530271,-0.22534760795788675,-0.6314197719817475,-0.1312012911831715
2023-10-07 22:25:00,3.858193489922275,0.14140832495798047,-0.21908210162793207,-0.6523244478232457,-0.14102098424667683
2023-10-07 22:30:00,2.9719122033356573,-0.6356771056991799,3.6262676483167247,-0.7604551107212251,-0.2337637424265327
2023-10-07 22:35:00,2.9520478943684267,-1.0194209738610034,-0.20074783213204073,-0.4673299985698594,-0.17540173183020633
2023-10-07 22:40:00,2.95258465722195,-1.1185482936457194,-0.20101635475696403,-0.45507908147066845,-0.21480745120120806
2023-10-07 22:45:00,2.1436409183014025,-1.4074317387063615,-0.1937126695750374,-0.3941646935370794,-0.26003649348068303
2023-10-07 22:50:00,2.1385515744449295,-1.4330690597840616,-0.19202107713282404,-0.36989546761106795,-0.34240765620801056
2023-10-07 22:55:00,2.144592714016308,-1.3031926278283148,-0.19433947739425375,-0.38416263571908454,-0.32568110302291453
2023-10-07 23:00:00,1.8604245333629221,-1.337582427471312,-0.18476311367930212,-0.27628305119059343,-0.3696379153114379
2023-10-07 23:05:00,1.8592866047673016,-1.373858741118867,-0.1841082768206259,-0.268902059062812,-0.27714986087867494
2023-10-07 23:10:00,1.8604489322478694,-1.3513240648056035,-0.18456548198879547,-0.19339001694889482,-0.16867861695713474
2023-10-07 23:15:00,2.371176787123347,-1.3069719183976172,-0.1918277924736914,-0.2715802708417757,-0.1728949257744426
2023-10-07 23:20:00,2.3660552627144678,-1.3236723719400765,-0.1900385698173104,-0.2464070325279997,-0.21537905050422876
2023-10-07 23:25:00,2.36755513176284,-1.222104173328629,-0.19076689483039072,-0.23026155537681844,-0.22740483158815916
2023-10-07 23:30:00,2.592071166720539,-1.0165286275082264,-0.12538887965526155,-0.0376851812522521,-0.21822091026697205
2023-10-07 23:35:00,2.596340934816461,-0.5524080612351976,-0.18293564762806694,-0.06437490992177981,-0.09872698701592852
2023-10-07 23:40:00,2.607911104553833,-0.02270613283750677,-0.18810849260059503,0.10969113085126177,-0.008424946385232272
2023-10-07 23:45:00,3.0891750625672882,4.699418310986184,-0.1874702417537805,0.21286589093158545,0.032871891645137936
2023-10-07 23:50:00,3.1299068272896506,4.878514799291859,-0.2018025319448601,-0.06951754589260772,0.22485971143779498
2023-10-07 23:55:00,3.09970710596182,3.6402945122543886,-0.19002931600016187,0.12916640675851673,0.2229432540553609
2023-10-08 00:00:00,3.0233820962595823,-0.6055037740249033,0.3418531034427714,0.0720936122024391,-0.41765327169076844
2023-10-08 00:15:00,1.9352596342563118,0.21459666776926625,-0.1837497421497547,-0.20642569074298617,0.29820233045859695
2023-10-08 00:20:00,1.9122535996844423,-0.9232469095166744,-0.17435492331123512,-0.1311071130856674,0.31163977696542644
2023-10-08 00:25:00,1.8972823652112623,-1.2833154923100671,-0.16884978450163637,-0.05760183825902121,0.21075918482864714
2023-10-08 00:30:00,1.0518911399907154,-1.1617346217596172,-0.1847052233135948,-0.02164107776268999,0.2418740008034811
2023-10-08 00:35:00,1.07124744796889,-0.809699214902537,-0.17591949637093904,-0.0986512945214209,0.21873822499398105
2023-10-08 00:40:00,1.1034248583129547,0.29555412549856447,-0.18851089393422316,-0.15437545661857177,0.35733501635482656
2023-10-08 00:45:00,0.9307309446790412,1.845082539960067,-0.20138005947483975,-0.0775544437530437,0.49956373420550854
2023-10-08 00:50:00,0.8487699080135054,6.527187788946831,-0.17413148295003628,0.4490843044469721,0.8891483087434799
2023-10-08 00:55:00,0.94647901418796,4.496216430537435,-0.20715477070996988,-0.15427170784493602,1.2936803433264015
2023-10-08 01:00:00,0.8893359954857939,4.611280805231219,-0.4759147304043092,-0.29848573924850363,1.365662074067367
2023-10-08 01:05:00,0.8899223642559488,2.537885727264811,-0.20526807035966915,-0.41582602963515525,1.015860366666926
2023-10-08 01:10:00,0.8822804750259673,0.8150070966557549,-0.20156198554922108,-0.43963010935858027,0.7969361699323286
2023-10-08 01:15:00,0.7263391240908528,-0.34510256286652974,-0.19265744705648577,-0.3276184672266927,0.6505449062922604
2023-10-08 01:20:00,0.7353178844145484,0.06574686126755792,-0.19611263859609696,-0.44480326421035815,0.6008329358924879
2023-10-08 01:25:00,0.7063038326594901,-0.5833489301729998,-0.1844955802998225,-0.45267165700722967,0.6094704473362794
2023-10-08 01:30:00,0.7206662806531816,-1.428850862417641,-1.1898357508363135,-0.07571685261904522,0.40592235992591347
2023-10-08 01:35:00,0.7322757703522416,-1.3264010876025183,-0.1752517619476523,-0.1645199538253353,0.22044877568782756
2023-10-08 01:40:00,0.7450486783055013,-0.7938519575960478,-0.1803386117336149,-0.20426831757538064,0.24100197588910507
2023-10-08 01:45:00,1.2769193475843905,-0.8074719798004357,-0.1822197072042371,-0.19163283307446072,0.2277105843847769
2023-10-08 01:50:00,1.2682778323701176,-0.6812702468195767,-0.17907307181305987,-0.1632658616481185,0.23645646193432196
2023-10-08 01:55:00,1.275706196241458,-0.7244946374565564,-0.18201503131711386,-0.23565169389836568,0.08000063670669617
2023-10-08 02:00:00,0.6863884377926378,-0.9850383910938132,-0.9330166944947309,-0.13358202719056328,0.14237706558696608
2023-10-08 02:05:00,0.6916659780914511,-0.7950124865529805,-0.17906088166219467,-0.22663821013923072,0.06956687419442543
2023-10-08 02:10:00,0.6991633750467043,-0.6286872851944463,-0.18202367669520944,-0.24079572401529672,0.060603327097818634
2023-10-08 02:15:00,1.1607863369995646,-0.7783951145653091,-0.18728823337410044,-0.19407551168076445,0.17789393294933364
2023-10-08 02:20:00,1.153554184817974,-0.8734633081141777,-0.18476033517115734,-0.15090059863405447,0.10785080427608847
2023-10-08 02:25:00,1.1511291464430455,-0.8777034647470943,-0.18422940335976995,-0.06822304502390894,0.05477490944851358
2023-10-08 02:30:00,0.9607743602619709,-1.0998859650405266,0.061210110941339636,-0.023463081128507337,0.01443485586973085
2023-10-08 02:35:00,0.9639350761311231,-1.170901336128159,-0.18049864707760488,-0.13131101790409938,-0.028415177649863465
2023-10-08 02:40:00,0.9589012574615593,-1.3118869619009086,-0.1785093737830954,-0.12193896611741005,-0.03135063955163766
2023-10-08 02:45:00,0.6836576143698063,-1.3863829076103786,-0.1776250863655368,-0.09958572633145639,-0.09974821847051897
2023-10-08 02:50:00,0.6836531461102625,-1.3648353688908474,-0.1779740560340951,-0.04524371240894749,-0.1651792654614255
2023-10-08 02:55:00,0.6982901120327205,-1.081242652005807,-0.1835948540562596,-0.09514206798221887,-0.15716990289289795
2023-10-08 03:00:00,0.7660614744776334,-0.9492074533022329,-0.26921003851356945,0.14180225748572822,-0.12691574403376005
2023-10-08 03:05:00,0.7647085382753194,-1.1613176863912973,-0.1838473753421404,0.4746289421000835,-0.22574041974752201
2023-10-08 03:10:00,0.7645356588959927,-1.2283806020059367,-0.18357552366798702,0.43593486365113565,-0.21332653072827815
2023-10-08 03:15:00,0.7153273189870479,-1.2769849402283544,-0.18772840235949617,1.4582448431052486,-0.20262029792604094
2023-10-08 03:20:00,0.7162871492763622,-1.1762106383992612,-0.1911201690343731,2.3655518960850412,-0.17171792556851925
2023-10-08 03:25:00,0.7201873996857808,-1.1741291690511104,-0.19144863644803475,2.0126709610169646,-0.1759888382471992
2023-10-08 03:30:00,0.729296173667881,-1.2354607190448799,0.08164741944539261,2.5767770732409363,-0.10505300619142857
2023-10-08 03:35:00,0.74610328584078,-1.1374082129389516,-0.19499919792547366,2.1537336422631483,-0.10860866184498585
2023-10-08 03:40:00,0.7354912929238191,-1.1792548827208862,-0.19354908854506436,2.9525329252076644,-0.10004090058543587
2023-10-08 03:45:00,0.8564075369185438,-1.2179579955705324,-0.1945882521812627,2.635193353506556,-0.10781696545338103
2023-10-08 03:50:00,0.8531639512901287,-1.214251929067113,-0.1913675435693554,2.0413561344645834,-0.10757009181359868
2023-10-08 03:55:00,0.8456406924426224,-1.18171012304895,-0.18910235688282306,2.1327368111331872,-0.22995056073904882
2023-10-08 04:00:00,0.989257294661389,-1.1040498041679987,1.8989244300168198,2.035553376503242,-0.14090186714565506
2023-10-08 04:05:00,1.0070901889803612,-1.0624494388795176,-0.18754954503220922,1.3792134060374013,-0.2656920183990656
2023-10-08 04:10:00,1.0023220452867851,-1.2152910768559875,-0.18356194304138748,0.7530925459555778,-0.2803612021166898
2023-10-08 04:15:00,0.9564801962686343,-1.2556753534527798,-0.187155287967087,0.9226337160581356,-0.26273316898065935
2023-10-08 04:20:00,0.95340358395488,-0.9081811559136744,-0.18586177281699753,0.8119722701043613,-0.26639549358338976
2023-10-08 04:25:00,0.9568092843601367,-0.9826088237123196,-0.18729071430453414,0.8576815705078827,-0.2768518874557382
2023-10-08 04:30:00,0.8890073878711539,-1.160469396574102,3.10721757915079,1.182774910180621,-0.11955061089878499
2023-10-08 04:35:00,0.9160915050230071,-1.041901875859916,-0.18680469085866855,0.9945656962705626,-0.2840312468453816
2023-10-08 04:40:00,0.9148219357548047,-0.9988909607964721,-0.18585398450416538,0.8912837821483319,-0.22024210025248378
2023-10-08 04:45:00,0.9344681394763173,-0.7980366135825951,-0.18521236053162948,0.952039810653788,-0.25150291988689666
2023-10-08 04:50:00,0.9382827298154657,-0.8476231438266532,-0.18713502236969554,1.0093693508098331,-0.38109010826412987
2023-10-08 04:55:00,0.9464568749503747,-0.8129293736300249,-0.18989805491257022,0.9698829685122514,-0.2706031806473758
2023-10-08 05:00:00,1.3183487845496045,-0.8582787090427973,3.4650592840455166,1.0493035076346016,-0.18548994824301882
2023-10-08 05:05:00,1.3268316631889459,-0.8988579769134601,-0.19146361585533433,0.704502332517163,-0.3945416364202276
2023-10-08 05:10:00,1.3235241795506494,-0.7471882637853665,-0.1896639959716621,0.5563176522108633,-0.33273333072332756
2023-10-08 05:15:00,0.9643737546985486,-0.5380223881889907,-0.18043870598602013,0.5097016879797185,-0.4272090955062838
2023-10-08 05:20:00,0.9681479389937717,-0.7436485956905544,-0.18206088120803457,0.6089915350043966,-0.42324574073157595
2023-10-08 05:25:00,0.898846162928225,0.5825857392118574,-0.15722009521200095,0.9745198370284394,-0.23094071239680078
2023-10-08 05:30:00,1.1437259828667856,-0.7185426096867222,4.439604527655629,1.1454619358790041,-0.18562348763144773
2023-10-08 05:35:00,1.1422738015219045,-0.291043362202845,-0.18124101222762032,2.2157609498037534,-0.32601471823869027
2023-10-08 05:40:00,1.1553393688271705,-0.38083945249656814,-0.18931618178410925,3.1547179754317396,-0.327294139380607
2023-10-08 05:45:00,1.255700881493325,-0.8561556918793359,-0.19468492053002867,3.0418086063283147,-0.36031150694158615
2023-10-08 05:50:00,1.2160028093389774,-0.3652299865405474,-0.17814867765213077,2.5150619571912243,-0.393528689294648
2023-10-08 05:55:00,1.224279768442877,-0.2543811127571397,-0.18474356917785265,3.5831718687940914,-0.3020846537792791
2023-10-08 06:00:00,1.2743594929783064,0.05674901335339966,4.742581201963356,4.70616949887657,-0.067665080796761
2023-10-08 06:05:00,1.3216297030070783,-0.39548631024752334,-0.18934745200314998,2.3265434126099653,-0.27783139097947257
2023-10-08 06:10:00,1.3218973999274057,-0.4480874995766608,-0.18974173554205528,2.4360843098546816,-0.26237315352658935
2023-10-08 06:15:00,1.154454335185344,-0.08472382533307114,-0.1821984779720731,2.299469434381036,-0.18108438169702123
2023-10-08 06:20:00,1.1680309503247985,-0.42771638893671343,-0.1850566101300256,1.5052720471561887,-0.41398766662178854
2023-10-08 06:25:00,1.1324367458104687,-0.014864445339513943,-0.1721513698480342,1.6798285479266366,-0.3519592468888191
2023-10-08 06:30:00,1.268116742490676,0.20486973471706313,-0.16892216832684923,1.7639210262928398,-0.3767339801071668
2023-10-08 06:35:00,1.3112044492186887,-0.3276058586970023,-0.18417271144558245,1.4396853205213913,-0.4637512415094764
2023-10-08 06:40:00,1.321091085674617,-0.5106670439025562,-0.1912762833601398,2.481485803040902,-0.4517818868347229
2023-10-08 06:45:00,1.210970089112277,-0.5191880405274644,-0.18742762179790404,2.795286932477237,-0.381136319391074
2023-10-08 06:50:00,1.2194680627061574,-0.6637735177452846,-0.18875823280479923,2.245185389650166,-0.38645287823250135
2023-10-08 06:55:00,1.2070126491366115,-0.6120532458985254,-0.1839547162563906,2.1806540069877376,-0.44821926591921346
2023-10-08 07:00:00,1.646236799491751,-0.9200032440754207,9.172167825868716,2.7895183527051874,0.11753899037412706
2023-10-08 07:05:00,1.7081607253018478,-0.7798399790074938,-0.1852572372879237,2.291639914610724,-0.367296371782404
2023-10-08 07:10:00,1.703301502988105,-0.6915679056955426,-0.18013400786858488,1.2794158826004691,-0.3890688140654429
2023-10-08 07:15:00,1.8189720257541484,-0.28769738627090796,-0.1770282380927395,0.8413970115102056,-0.34374816312317996
2023-10-08 07:20:00,1.7831764712102862,0.3977650558566186,-0.16442549373311482,1.0728918642957235,-0.2805850629339896
2023-10-08 07:25:00,1.7568499838715583,0.633086780552006,-0.15477261376660145,1.1515012864118157,-0.2813875255201972
2023-10-08 07:30:00,1.7692177799191429,0.9797187990464408,8.404721118400758,1.2587273664193102,-0.06094909876393317
2023-10-08 07:35:00,1.8128509053075017,1.182794254415518,-0.1533319195485158,0.9504760925496748,-0.3216180866027938
2023-10-08 07:40:00,1.832448365940965,0.8867795276956942,-0.15976924140154933,0.7165520929861698,-0.2879232709690907
2023-10-08 07:45:00,2.049625295117805,1.2088027042768896,-0.14875392660452744,0.7270003564255293,-0.35938540348999126
2023-10-08 07:50:00,2.048294478768157,1.2724230331393651,-0.14822176412996144,0.7345478709529395,-0.32013207144536965
2023-10-08 07:55:00,2.0410224139995212,1.4421937761432821,-0.14572262724127744,0.8201086089104467,-0.26960563849155533
2023-10-08 08:00:00,2.4007865345894985,2.0740191071167646,11.425214788604455,0.7546941173209111,-0.07699648032737318
2023-10-08 08:05:00,2.398297283565543,1.997081480617942,-0.14186143622767536,0.730894415390526,-0.23745613609433086
2023-10-08 08:10:00,2.4140810140537257,1.4820225635147886,-0.14723833142139223,0.6257445329473335,-0.25693912827812254
2023-10-08 08:15:00,2.824702527220102,1.5566895945325725,-0.15032414719465134,0.5430210357377173,-0.3269946322259265
2023-10-08 08:20:00,2.8377833200522637,1.2716280135229028,-0.15423520452997286,0.2947307003556487,-0.2974543458971071
2023-10-08 08:25:00,2.8913750943212513,-0.04156804038186732,-0.1730864192229058,-0.005352560940891038,-0.4048667982649618
2023-10-08 08:30:00,4.07996724897963,-0.6176029418355776,15.655447962035609,-0.3104842907257812,-0.32847943969976223
2023-10-08 08:35:00,4.056281819287358,-0.7598506514208236,-0.18010403561097776,-0.05567066737782337,-0.4203967521079303
2023-10-08 08:40:00,4.0723909265323295,-1.0471074504658278,-0.18550918626099558,-0.20062739994716222,-0.3871162319970825
2023-10-08 08:45:00,5.1491010639152375,-1.0450595756487484,-0.1900154656064351,-0.16108411626865507,-0.37867912358492883
2023-10-08 08:50:00,5.149582897080125,-1.0996644480342368,-0.19018298558655167,-0.16388683991813974,-0.3917716817459648
2023-10-08 08:55:00,5.146351626792931,-1.0661892911318507,-0.1891155761003411,-0.1968682083699465,-0.500594505051026
2023-10-08 09:00:00,4.714679837602638,-0.8434678445843479,4.490712168916145,-0.10017344507193954,-0.36361523156985054
2023-10-08 09:05:00,4.700204636700363,-0.4567788690277661,-0.17505629888274626,-0.02899646415448904,-0.40469510467684133
2023-10-08 09:10:00,4.711658162317548,-0.7445227988396853,-0.1789794677706069,-0.10338257959769839,-0.39945097440385763
2023-10-08 09:15:00,5.02000465933331,-0.8728659996332075,-0.18240012461839566,-0.13821100696340058,-0.355008031159823
2023-10-08 09:20:00,5.021181674977909,-0.9429983868459555,-0.18256612104043105,-0.14262159170638594,-0.2614303903262762
2023-10-08 09:25:00,5.033059887628372,-1.0669939894072378,-0.18693466356234476,-0.2040213725161982,-0.30872130012657356
2023-10-08 09:30:00,4.392623934743826,-1.1859239847513101,1.352209890710444,-0.11825351200654162,-0.3246905541823963
2023-10-08 09:35:00,4.400239277276798,-1.031993375931733,-0.18484305469696952,-0.10645024731193796,-0.3384875446351462
2023-10-08 09:40:00,4.399309211632319,-1.148698475681568,-0.18399892634146378,-0.1635192655260485,-0.2471881383737228
2023-10-08 09:45:00,3.470326595128071,-1.0722320092829736,-0.17793372480011208,-0.09362905687044287,-0.29018907843097724
2023-10-08 09:50:00,3.462114156551982,-0.8576610939358595,-0.1749760806064471,-0.0669778085163593,-0.26787267938038145
2023-10-08 09:55:00,3.4412392383278476,-0.46728741663536877,-0.16742194379294018,0.04117553702683696,-0.1850378803376243
2023-10-08 10:00:00,3.4869254354988626,-0.42378187745215345,1.9665090985411349,-0.03957027792354339,-0.08727096953453564
2023-10-08 10:05:00,3.5165412976204324,-0.9101770585599318,-0.185152779410983,-0.1397557043934085,-0.22657472899487832
2023-10-08 10:10:00,3.5213556588623405,-1.0423558250034979,-0.18653754005461345,-0.21086471978295826,-0.1719796123768701
2023-10-08 10:15:00,3.0496787936238974,-1.0088861311398922,-0.18819970348584134,-0.25181294200653553,-0.018375969419350206
2023-10-08 10:20:00,3.0504522482485603,-0.9116177761352715,-0.18822874671620293,-0.40107001701497624,-0.08707089692168726
2023-10-08 10:25:00,3.0453887507337947,-0.9773564409731591,-0.18609016108777654,-0.3735892255782498,0.016658644600901655
2023-10-08 10:30:00,1.261836132226554,-0.8506423172475024,0.8613956990969748,-0.1385352010735418,0.06825665558904859
2023-10-08 10:35:00,1.2694179480689551,-0.7542895688085487,-0.18233952623247351,-0.19415549773828947,0.06992807597403536
2023-10-08 10:40:00,1.2721025716017569,-0.9798712422204906,-0.18333759877750389,-0.20148887358604722,0.004800059607739076
2023-10-08 10:45:00,0.5737953793815866,-0.8214551208865485,-0.18087048483064497,-0.19308354590425775,-0.1053230549400088
2023-10-08 10:50:00,0.5693072965225104,-0.8110477759612051,-0.1794141492771138,-0.15550649187714022,-0.16044065131504107
2023-10-08 10:55:00,0.5722310870806688,-0.8970805254809654,-0.1802763759678822,-0.18557082185446638,-0.11946268315800576
2023-10-08 11:00:00,1.2083768630702998,-0.961607428616684,0.39214689372061146,-0.18353470514979894,-0.080741759813724
2023-10-08 11:05:00,1.213633340250195,-0.8876582729745803,-0.1861621050031625,-0.20241863831216517,-0.09278161491089312
2023-10-08 11:10:00,1.2163999782036297,-0.9551944579965127,-0.187141765261103,-0.2491516098135921,-0.1451969678174059
2023-10-08 11:15:00,0.7458419404001351,0.028830200431298376,-0.17116444143695023,0.07944754863385993,-0.24346891085925826
2023-10-08 11:20:00,0.7869676937770191,-0.391777563578786,-0.1848377052019052,-0.2349925568464183,0.06719854679691438
2023-10-08 11:25:00,0.7747481638156676,-0.6484369791098145,-0.1807061630427035,-0.1613836538597591,-0.1381940607741142
2023-10-08 11:30:00,0.8409510488697048,0.5295583217659772,0.2395247413661435,-0.00477944438274802,-0.024297778897723905
2023-10-08 11:35:00,0.8766813208171372,-0.2057486964442132,-0.1893422948782357,-0.2870329487418875,0.1237197038235706
2023-10-08 11:40:00,0.8767472153751745,-0.6925969278533319,-0.1896649533809681,-0.24473570596160452,-0.0883666911421514
2023-10-08 11:45:00,0.8626940207379001,-0.6643965394398734,-0.19086043786656948,-0.2503377442394247,-0.19414803522428242
2023-10-08 11:50:00,0.8147809701531928,2.4698235614466792,-0.1763165748756626,0.4056837319026024,0.057434679540552175
2023-10-08 11:55:00,0.6835827949925166,8.674669313180333,-0.13061946996311233,1.4233814501955497,1.4240295991052665
2023-10-08 12:00:00,0.19135826624178975,9.286218437751714,0.24617205882826237,1.6814514541370174,3.8156178085107206
2023-10-08 12:05:00,0.27627249253972797,7.404392640191996,-0.140157122305204,0.6490460742825821,6.326555693728446
2023-10-08 12:10:00,0.39943363021918443,0.44963072646333874,-0.1879547097149993,-0.28435335482549773,2.657870302888003
2023-10-08 12:15:00,-0.08016948896596081,-0.43920157805164106,-0.18876021606772403,-0.28432140229795855,1.030583931982593
2023-10-08 12:20:00,-0.09220766292311237,-0.75925016432127,-0.18512452663082743,-0.1912126731511479,0.6529204852235447
2023-10-08 12:25:00,-0.08585050355089467,-0.8360426473901318,-0.18822708464804372,-0.035766281167280076,0.5665706482549764
2023-10-08 12:30:00,-0.18080146990865018,2.446569761536898,0.17641609872823394,0.02646255069519891,1.209774000739361
2023-10-08 12:35:00,-0.2248657980244126,0.2580196162258246,-0.1717267273343225,0.2798915567506848,0.6916509667210232
2023-10-08 12:40:00,-0.25399470533334606,9.127634803067588,-0.16467325961379403,0.47296247512266654,1.8797937955309303
2023-10-08 12:45:00,0.24296459217703992,-0.6951823815746877,-0.19277735992028508,-0.3707241094980482,2.512309689394778
2023-10-08 12:50:00,0.23199512655948876,-1.0451777150472885,-0.19252385865587365,-0.34753402115059095,0.7656439817607139
2023-10-08 12:55:00,0.227540884949669,-1.4559639647249836,-0.19137301339612708,-0.28319236389711067,0.4981968180225579
2023-10-08 13:00:00,0.09137764041676018,-1.1205329239703974,-0.2600416231422085,-0.11052468336442674,0.4453871293662552
2023-10-08 13:05:00,0.09625542586101297,-0.0896726906183087,-0.18913454001628674,-0.2337880495012149,0.525924277974023
2023-10-08 13:10:00,0.09683218370554524,-0.35602005712291324,-0.18944868370762138,-0.27193189907644366,0.35266311688255203
2023-10-08 13:15:00,-0.1642259304051851,0.8323582218879751,-0.19114876831711747,-0.1486507566869433,0.3866622830684523
2023-10-08 13:20:00,-0.12859547210301744,2.8350951137747087,-0.20204233965544974,-0.15183197428916392,2.1495462785626147
2023-10-08 13:25:00,-0.0961216364612312,4.023209959302035,-0.20735196224844446,-0.3123488288758742,5.301851216927738
2023-10-08 13:30:00,-0.6359341823492347,3.417326395550645,-0.8999968943075787,0.09923895906446702,3.7546201777885306
2023-10-08 13:35:00,-0.6183268141981589,2.7568786790756805,-0.19558499578473354,-0.1201449125016324,3.866781343620727
2023-10-08 13:40:00,-0.6830573219988679,3.4932279388798624,-0.17495589730494562,0.3029103210654211,2.9199320412831278
2023-10-08 13:45:00,-0.44496132033128377,5.722333533769503,-0.20622552533169328,-0.20665133593993743,2.463110140403032
2023-10-08 13:50:00,-0.47220048450662094,6.048188437709174,-0.197499841841216,0.021293738463273693,2.1590745541899734
2023-10-08 13:55:00,-0.44315195340096586,3.0907920788353063,-0.20391427806139986,-0.20370124588128313,2.953849503346172
2023-10-08 14:00:00,-0.11705178214694885,3.62212613852053,-0.20266979388429496,0.065299222620896,2.817721878683661
2023-10-08 14:05:00,-0.13806122120983236,5.562505602232336,-0.19534570475354737,0.07004206333078745,3.098869462201833
2023-10-08 14:10:00,-0.1078232744162104,3.1075203554871726,-0.20714336354689283,-0.27751817229269504,1.7802981846214867
2023-10-08 14:15:00,-0.1815676751948935,-0.201824692818743,-0.19709610075871395,-0.13761724752285842,0.8968014058109868
2023-10-08 14:20:00,-0.2591272538121726,3.511195378830788,-0.1709539797238353,0.46005868809599065,1.3424943858563203
2023-10-08 14:25:00,-0.24050551657854982,4.2186236110356266,-0.1731028677591613,0.2297118119078707,3.342335174620466
2023-10-08 14:30:00,-0.5513399590795535,2.896285537439384,0.012254351544424023,0.3589416026431418,7.271005427213563
2023-10-08 14:35:00,-0.472284956952137,0.9512435253873023,-0.19732665687166928,-0.20822718315465683,4.731523782987768
2023-10-08 14:40:00,-0.49881351597973794,2.0080887395221767,-0.1945982311802266,-0.24262477576157315,1.8465551213650075
2023-10-08 14:45:00,-0.6716134923250366,1.4772414630478388,-0.19540871187543213,-0.22618492280935323,1.283145311494401
2023-10-08 14:50:00,-0.6967688261835437,0.6314013416992525,-0.18644935096383286,-0.15532701941754923,0.8437697734085434
2023-10-08 14:55:00,-0.686018159046149,0.33387608199556773,-0.18939648757808947,-0.30950081381939637,1.033053704506318
2023-10-08 15:00:00,0.006271076944558996,-0.1657580286989294,0.08366110074510516,-0.25590864312857436,0.296524700464121
2023-10-08 15:05:00,0.007998748008711327,-0.06808615861239402,-0.1923007187791791,-0.3492017585755019,0.08706180455696211
2023-10-08 15:10:00,0.009127172498059171,-0.285222117922409,-0.1924135439971638,-0.48494191524801883,-0.034508194718343356
2023-10-08 15:15:00,-0.5012980048646929,-0.7909305116885403,-0.18974254121783354,-0.45883312377368696,-0.09953352923626754
2023-10-08 15:20:00,-0.49294296109890345,-0.9275626047472697,-0.1926639098800723,-0.5011717124145709,-0.08215166546192217
2023-10-08 15:25:00,-0.495554975702732,-1.180132131283111,-0.19156195998817596,-0.48862766734271745,-0.09694291199421858
2023-10-08 15:30:00,-0.710122439207793,-1.1290118074977975,0.2794961704614297,-0.25213399052948265,-0.11709527890374977
2023-10-08 15:35:00,-0.706891962809407,-0.7364892097973315,-0.1891705620038906,-0.3017622769408735,-0.17866061453070115
2023-10-08 15:40:00,-0.7078274010512204,-0.7134157346725554,-0.18911102852126174,-0.28292629755918397,-0.2718320960814753
2023-10-08 15:45:00,-0.7275059436407595,-0.8179514723704524,-0.19437861026638917,-0.369875249672302,-0.2261938556879893
2023-10-08 15:50:00,-0.7218665973576017,-1.1092244695347475,-0.19598553772186442,-0.39704960666869815,-0.11728232544043972
2023-10-08 15:55:00,-0.71997434073454,-1.173986286622827,-0.1963728675662463,-0.5515125285348518,-0.21206724141867286
2023-10-08 16:00:00,-0.6597873515210645,-1.2653179815343887,0.7796989917575413,-0.4554029883116786,-0.16736435723111898
2023-10-08 16:05:00,-0.6552814819918815,-1.3325021027951887,-0.19494609029001514,-0.33120734378675,-0.2920332547789779
2023-10-08 16:10:00,-0.652534780246679,-1.2449973351314685,-0.1957800687123859,-0.3674277709161808,-0.22459793191416616
2023-10-08 16:15:00,-0.34112289637291177,-1.106716693897565,-0.19680386110977302,-0.37404558758170253,-0.2339361979713325
2023-10-08 16:20:00,-0.33965827271136545,-1.0358937349932618,-0.19731380005223237,-0.3565020041583672,-0.16627388034015173
2023-10-08 16:25:00,-0.3410068487842331,-1.031619710767363,-0.19697264799837044,-0.34276873745535874,-0.2199507698884329
2023-10-08 16:30:00,-0.26489489114872,-0.8498036693751604,-0.6041591628744069,-0.3636473952990876,-0.1578361037478012
2023-10-08 16:35:00,-0.25368271770459183,-0.6981849298364471,-0.2029263286112993,-0.4817621538890172,-0.18699438662025414
2023-10-08 16:40:00,-0.2647912355788477,-1.0211043653220968,-0.1986296322567506,-0.4016940587515715,-0.152518736051262
2023-10-08 16:45:00,-0.17427186870731984,-1.1700455217180803,-0.1982028955925349,-0.35352400754690316,-0.20032264373877162
2023-10-08 16:50:00,-0.1728455549485245,-1.0040847064847884,-0.19880757749961242,-0.4087306971800093,-0.25351487693803154
2023-10-08 16:55:00,-0.15707515467750624,-0.7396861675171096,-0.20473176222757458,-0.4557019554028652,-0.1916594841436554
2023-10-08 17:00:00,-0.44625515644362423,-0.750045217595819,-0.32953706919144193,-0.4165188494684455,-0.29413257571195556
2023-10-08 17:05:00,-0.43797773128109146,-0.4297176753554952,-0.20474667962080098,-0.3414756355772282,-0.34242120284922967
2023-10-08 17:10:00,-0.43447271012729904,0.4804436587130094,-0.20666107909045603,-0.284787083281396,-0.23236771618679383
2023-10-08 17:15:00,-0.40623096095307615,0.45639220734959624,-0.2101530761302045,-0.32917160956175967,-0.22926984567424025
2023-10-08 17:20:00,-0.3950302523545317,0.26665875234975756,-0.2139713666028241,-0.41756762972528394,-0.21108797199829543
2023-10-08 17:25:00,-0.3876385733559725,0.3826513208443952,-0.2166777646734858,-0.4866002136527142,-0.2211648665239089
2023-10-08 17:30:00,0.4218200934990102,0.800752551237017,0.6674016296572158,-0.6209288767935692,-0.17312885952582893
2023-10-08 17:35:00,0.42548480075936085,1.3160178585284765,-0.2377159270861496,-0.41159895615849124,-0.12065505229266862
2023-10-08 17:40:00,0.3625783653292221,1.2837324389574325,-0.21515221695746012,0.03311836716647356,-0.14994005642006383
2023-10-08 17:45:00,-0.04747409756485176,0.13000503693442123,-0.21971061960709976,-0.30822622006204026,-0.2693701023316268
2023-10-08 17:50:00,-0.05817991147340897,0.6395620152975555,-0.21575538046066575,-0.3872565557465976,-0.2901637899296381
2023-10-08 17:55:00,-0.09515213107484206,2.2916730121372133,-0.2022133225450587,-0.3974304707117538,-0.07220400368421953
2023-10-08 18:00:00,-0.35831002345852675,1.2708329813694554,6.7280932726697245,-1.0297052055864249,-0.5981436534169355
2023-10-08 18:05:00,-0.3959490771187991,-0.7731069932734281,-0.19852554886588158,-0.39725508335674387,-0.23512037526792573
2023-10-08 18:10:00,-0.4033484410533471,-0.23471060130741325,-0.1963388041700973,-0.37602784232892494,-0.3184484557647975
2023-10-08 18:15:00,-0.46314515584192484,-0.2392738206604996,-0.19035587592901101,-0.22586588298940632,-0.3713607364996207
2023-10-08 18:20:00,-0.42245790873827177,-0.13022169336543948,-0.2057487481107603,-0.34669374016953475,-0.4289254497755504
2023-10-08 18:25:00,-0.39873012851615525,0.48631715641202333,-0.2144362239372171,-0.49493495933196635,-0.28427847401936684
2023-10-08 18:30:00,-0.054028883535868516,-0.17117122527933945,0.016701775148010023,-0.22737426014674683,-0.30515040196854715
2023-10-08 18:35:00,-0.050113860404804575,3.8485351261139984,-0.2147034974468918,0.0856747955059911,-0.051757952484698236
2023-10-08 18:40:00,-0.050184457879144155,2.014979261203838,-0.21386785159994717,0.3939403645395011,0.17842832648574772
2023-10-08 18:45:00,-0.056569959306533406,3.782080016218915,-0.22367637788553654,1.2109966407181707,0.3783354844099035
2023-10-08 18:50:00,-0.03312892635098093,2.3513170283235687,-0.23470733800705604,2.322224007584847,0.6511473648435501
2023-10-08 18:55:00,-0.07083058783981654,0.11359768303047553,-0.21655665661447943,1.4003466467188297,0.25121338408488103
2023-10-08 19:00:00,0.09883536187853315,2.1988242579713018,-0.24553410929457942,0.2818408965963982,0.8560361404288268
2023-10-08 19:05:00,0.09393570485356242,2.17369213143911,-0.21370355336715358,0.2724609916885763,1.3760013107132751
2023-10-08 19:10:00,0.08878365824438046,0.2222238619241172,-0.21341807656903922,0.4490947175841868,0.3256833157017
2023-10-08 19:15:00,0.7132834453246596,0.22087466339164985,-0.21135950315418453,0.34483992075319325,0.35510245901489706
2023-10-08 19:20:00,0.7216054677181498,3.484883550982478,-0.21536000516063014,-0.03624045882823591,0.44822670410964327
2023-10-08 19:25:00,0.7340392228987769,3.3440762465378353,-0.22003031852758292,-0.028693793777651203,0.45568985304278375
2023-10-08 19:30:00,1.2484230429207797,4.897538207687034,2.6232820646184853,0.07003440188888638,0.6117014492876534
2023-10-08 19:35:00,1.247648078146397,4.781743346336469,-0.21293195693398065,0.4194147210640542,0.7789482409827794
2023-10-08 19:40:00,1.2786525990965796,4.206894828286994,-0.22263291995167495,0.19003043872415848,1.2044426513547366
2023-10-08 19:45:00,0.7781844289885338,3.9953693869343656,-0.23191755042590884,-0.1837055377465184,1.353962634813481
2023-10-08 19:50:00,0.7725037290754189,2.2837135817062846,-0.23153132810267185,0.4003967251537676,0.9087503990752691
2023-10-08 19:55:00,0.7433110545932151,1.2340226365443303,-0.23001675968401103,3.3023834448827807,0.5995565848870525
2023-10-08 20:00:00,0.9413701815277222,-0.05740364928264317,0.5409806681402017,3.282394972043201,0.42504363018689584
2023-10-08 20:05:00,0.9314076670093092,-0.583995905671454,-0.20688546752920248,2.6743391778950563,0.3339987814630813
2023-10-08 20:10:00,0.9366493870079307,-0.3481009619684072,-0.2070340833477256,1.9851365359170117,0.2181665386399217
2023-10-08 20:15:00,1.2180006087906223,-0.7346683034886292,-0.2033497191932265,1.3897802468860738,0.1521002575652518
2023-10-08 20:20:00,1.2073275793531717,-0.9557171210613608,-0.19728443477676802,0.7650138373238268,0.040922231060735795
2023-10-08 20:25:00,1.1833256585877707,1.55800539956386,-0.19015482021433427,0.8438431835963128,0.029845063438777086
2023-10-08 20:30:00,1.5545355859605035,9.313083246069594,3.878610983020473,0.3641695644805767,0.5746356012402357
2023-10-08 20:35:00,1.5810357330965201,-0.22906295142634303,-0.19674545563865636,-0.13253794100739885,0.6254737971113955
2023-10-08 20:40:00,1.5828286852815339,-1.0568256257430961,-0.19667972801312575,-0.2308756143254122,0.5577137627577391
2023-10-08 20:45:00,1.5814676394697376,-0.8276492855626417,-0.19584165777129536,0.11523592812526472,0.4339964958824274
2023-10-08 20:50:00,1.5910489952369207,-0.7700673572357413,-0.2058849761618096,1.9200990890401757,0.30088159528107855
2023-10-08 20:55:00,1.5877416786814882,-1.0676376537511343,-0.20408000409252897,1.7617096926359586,0.21605258710431674
2023-10-08 21:00:00,1.6926355288256798,-1.16402182254632,1.165393996136412,1.0131316679255014,0.1376069669632643
2023-10-08 21:05:00,1.6936507255399516,-1.1311232844712884,-0.19091646455238695,0.2160730603971268,0.08320561539703741
2023-10-08 21:10:00,1.7020400445768866,-0.9202595662565254,-0.19387043166058404,0.03873333992601279,0.005372789561153781
2023-10-08 21:15:00,1.59028470466656,-0.7185600956882333,-0.19911224412761455,0.42242632998688445,0.029967030539031905
2023-10-08 21:20:00,1.6012937772551463,-0.286352040064198,-0.20765511213814478,1.649313618590678,0.05979322590633484
2023-10-08 21:25:00,1.6050617903491637,-0.4524538810476344,-0.20769731642468936,1.2036911937353971,-0.02608463821422706
2023-10-08 21:30:00,1.5167357003465973,-0.7732719048729735,-0.19789467591191434,0.21317015541893886,-0.09689739899215015
2023-10-08 21:35:00,1.5194546825920436,-0.7693025731558196,-0.20144950465487496,0.9294856856842952,-0.14827019984519388
2023-10-08 21:40:00,1.5125817204041185,-0.9173292071409422,-0.1986127365627391,0.8769951072582387,-0.18002275269289247
2023-10-08 21:45:00,1.4758759248503348,-0.9550947386843407,-0.19245728979923438,0.031447600247298695,-0.35234476841494844
2023-10-08 21:50:00,1.4855160818980704,-0.7475941185324542,-0.19597448403517298,-0.023960611688442275,-0.2943626730177398
2023-10-08 21:55:00,1.484525659697708,-0.7770186402950123,-0.19582046599888236,0.059841073002984836,-0.2801316034703138
2023-10-08 22:00:00,1.5075619894878323,-1.0491607505394807,1.283605311209927,1.339539886844796,-0.1787843586879918
2023-10-08 22:05:00,1.5198189451500932,-1.1029028194931336,-0.19969365345264256,2.501052913924909,-0.29496975997066516
2023-10-08 22:10:00,1.5539737272681668,0.5429607953345084,-0.21165169539629686,1.8600418166835764,-0.23227319004287242
2023-10-08 22:15:00,2.4038674032001044,1.962630300942356,-0.22681965533721127,0.8016764937471178,-0.19366662024955283
2023-10-08 22:20:00,2.373117257744972,0.4493865541128145,-0.21403238115444895,0.8053652795280595,-0.21304557888034137
2023-10-08 22:25:00,2.3606172061294988,-0.04594515721707659,-0.20860165088189103,0.710535527008138,-0.22264083135821033
2023-10-08 22:30:00,1.9420704732063678,0.6329510083651639,1.951843356890121,0.4416032560835196,-0.23214631797613483
2023-10-08 22:35:00,1.9193516269766948,-0.12163465188549386,-0.19750960434559786,0.39495360657214695,-0.2845074818740351
2023-10-08 22:40:00,1.9019334836893438,-0.5342934379044229,-0.19096381549043845,0.5138728356348861,-0.2929840991506777
2023-10-08 22:45:00,2.0180931460489853,-0.5710563129203006,-0.18943574582383702,0.06283433881122713,-0.3247612647544586
2023-10-08 22:50:00,2.0122179626523558,-0.7248952794780151,-0.18768051701438426,0.17705630304218714,-0.4191910478134943
2023-10-08 22:55:00,2.02088010327286,-0.6532982767822599,-0.19055993772693144,0.022983014067018342,-0.43012676613651635
2023-10-08 23:00:00,3.673499795016258,-0.6614006355540316,2.8093157967104068,0.19935605397697312,-0.45554243015820406
2023-10-08 23:05:00,3.6944046158455124,-0.17224718685369184,-0.17460489139823512,0.017006097215127275,-0.5056002078813612
2023-10-08 23:10:00,3.703749965331455,-0.14622493199289785,-0.178094539510531,-0.03081520557940829,-0.5274506249201178
2023-10-08 23:15:00,3.2038167341870243,-0.2865820515143633,-0.19558597140404338,-0.14958194018538365,-0.4373908944384344
2023-10-08 23:20:00,3.199561717139002,-0.39609014902960077,-0.19548280619936645,0.27890215279324837,-0.5116635045115684
2023-10-08 23:25:00,3.1891805073427744,-0.6501957353914161,-0.1925888481376538,0.7336746118595983,-0.40332186111277635
2023-10-08 23:30:00,2.981578403609723,-1.0736646115069903,2.3953453657403316,0.6319164401830262,-0.3776424090376339
2023-10-08 23:35:00,2.9684606864627274,-1.0967352617249062,-0.1725621822392608,0.3729263205694945,-0.4273649583145988
2023-10-08 23:40:00,2.964215965092228,-1.161150585833037,-0.17079365461647775,0.3795395675389868,-0.37671546928092514
2023-10-08 23:45:00,2.6787579700453796,-1.1865375439399364,-0.1699526129875733,0.3278041363397755,-0.4616280154096791
2023-10-08 23:50:00,2.6750542325946927,-1.0987204408107938,-0.16805937944543556,0.18220395416891796,-0.4399483573481326
2023-10-08 23:55:00,2.6749553191832813,-1.294476555094393,-0.1678418138186276,0.15042122196007734,-0.4672973972648166
2023-10-09 00:00:00,2.66217418204359,-0.6283682549504053,2.615494187991491,0.058814516360359594,-0.3176225281804392
2023-10-09 00:15:00,1.5572603397742921,-1.4206034705804935,-0.1730030958243839,0.08374678001688562,-0.47127723812032607
2023-10-09 00:20:00,1.5516968218467084,-1.6307954745653774,-0.17056045224563451,0.04109302002083886,-0.4622727502826581
2023-10-09 00:25:00,1.5563888528224725,-1.6621427458274172,-0.17224966732877614,0.01723815622798795,-0.4599400639759966
2023-10-09 00:30:00,1.3808937367201775,-1.5085222151207642,1.9912429655289707,0.022177633703565257,-0.22409998304073867
2023-10-09 00:35:00,1.3947052285355532,-1.124543147745656,-0.18093609277708336,-0.14206107474833898,-0.41128289290030035
2023-10-09 00:40:00,1.390736012274419,-1.2129447299903107,-0.17943880920858957,-0.14641295099414026,-0.4536298611805131
2023-10-09 00:45:00,1.3656912573704143,-1.361091471994487,-0.17452255801243355,-0.12971797801229398,-0.4038669291861577
2023-10-09 00:50:00,1.3640696076180399,-1.4577537985253304,-0.17414381689157768,-0.0836415942992694,-0.47042709596225224
2023-10-09 00:55:00,1.360832367250256,-1.4231354899193003,-0.17274301387660396,-0.06525910796575192,-0.36578258690050847
2023-10-09 01:00:00,1.5676235604073376,-1.5029998263661024,0.5796309112727124,-0.03189410820978548,-0.40926860557046835
2023-10-09 01:05:00,1.5697634604188977,-1.5178786846854992,-0.17457397327056073,-0.003979628442857633,-0.44858166461202365
2023-10-09 01:10:00,1.5699452161828167,-1.4837385056563916,-0.17484998629806894,0.042001010369860696,-0.46086681503368443
2023-10-09 01:15:00,1.226476423543285,-1.5091238428168576,-0.17289834433869866,0.07116014560672208,-0.4625240978564239
2023-10-09 01:20:00,1.229001029223091,-1.517629235096971,-0.17365381115427983,0.01931486637725874,-0.4487173199585496
2023-10-09 01:25:00,1.2255246356160663,-1.5210484437451817,-0.17294175765965927,0.2257925295764989,-0.4203842595195265
2023-10-09 01:30:00,1.5138175674268213,-1.5793761020208428,0.33737720060902776,-0.054872367986714,-0.30495484498042225
2023-10-09 01:35:00,1.5183206208887587,-1.513983338308826,-0.1793479263075159,-0.18910260954926664,-0.4086321743354882
2023-10-09 01:40:00,1.5124268475327813,-1.4829508276532084,-0.17957671408600503,0.49060768083096895,-0.4923518938494686
2023-10-09 01:45:00,1.4922130966757403,-1.403399621088609,-0.18002505246849443,1.0315541221404092,-0.4517395771089256
2023-10-09 01:50:00,1.5037382367161913,-1.0199388465607089,-0.18276531382898395,0.512383868509955,-0.36136256514453524
2023-10-09 01:55:00,1.4997167048238542,-1.0969135583059348,-0.18179474806258084,0.6812164100874624,-0.3872156046858167
2023-10-09 02:00:00,1.489209240020657,-1.4722157208732982,0.9039746281471922,0.9984669505333673,-0.37994359143991546
2023-10-09 02:05:00,1.4856454637301515,-1.4553012398396343,-0.177848126190057,1.696168747124487,-0.41905058210108626
2023-10-09 02:10:00,1.487999934627559,-1.4288939165760561,-0.18374759069578117,3.1340832174607334,-0.4969394350796712
2023-10-09 02:15:00,1.5501614577468514,-1.5829041084864395,-0.1951039988804398,4.390669671054834,-0.37192089787599625
2023-10-09 02:20:00,1.5513122074021495,-1.5970763317540317,-0.20326515901874292,6.730660065242827,-0.3407573098266914
2023-10-09 02:25:00,1.5440374288191638,-1.5623689520504551,-0.19414324305486774,4.813938917606161,-0.3543759443237605
2023-10-09 02:30:00,1.3170782642065848,-1.5897311303463768,1.3090456214460107,2.6817157295180842,-0.32450413035570463
2023-10-09 02:35:00,1.327062250590737,-1.609947512615567,-0.1845242390533515,2.4450804698682505,-0.5219121303302101
2023-10-09 02:40:00,1.326162349608178,-1.6940086759954605,-0.18465931177019634,2.6464911030450162,-0.46564273269980755
2023-10-09 02:45:00,1.399996619071115,-1.7260606950689663,-0.17355362718898182,1.7973365744789476,-0.5540995048284375
2023-10-09 02:50:00,1.3939218926061117,-1.6413218579800333,-0.16813201347579118,0.9122140140615045,-0.46802170165073
2023-10-09 02:55:00,1.3891259750160618,-1.6204673359319939,-0.16676266740683454,1.0382426517876437,-0.48179156935760103
2023-10-09 03:00:00,1.5141608065723258,-1.8555636594747094,5.778630701649358,1.2246381698534492,-0.23756615606163548
2023-10-09 03:05:00,1.5489128027366237,-1.6982856638216726,-0.17493936034958782,0.8238623332886618,-0.4288054768013706
2023-10-09 03:10:00,1.5558492907443764,-1.6188723961571017,-0.17809471055502485,0.9613719400588706,-0.42203529849781163
2023-10-09 03:15:00,1.70382672247946,-1.6484789176656534,-0.18505367030986739,2.1121816895091,-0.4507554861086653
2023-10-09 03:20:00,1.6978354690699564,-1.6657340591422878,-0.18714206987132612,3.492712134888996,-0.36215492741740973
2023-10-09 03:25:00,1.6943251840562301,-1.6251683815385565,-0.18462464078071586,3.126096772740173,-0.3710811815527966
2023-10-09 03:30:00,1.8217579607527081,-1.6495655946223973,1.7054968656424006,7.209808940856623,-0.18312248034078904
2023-10-09 03:35:00,1.8389820239714032,-1.6335533927268489,-0.1973328421627717,5.209959024256529,-0.3209255174795341
2023-10-09 03:40:00,1.8328850903683087,-1.7337366834235777,-0.19313565812842884,4.643946611032506,-0.3617754503698943
2023-10-09 03:45:00,1.7318150405822443,-1.7631211665615374,-0.20345701083415707,8.150576079036716,-0.43138787333829665
2023-10-09 03:50:00,1.7247981940500308,-1.716263217180027,-0.19439719881790996,6.258252374598967,-0.3912911239397085
2023-10-09 03:55:00,1.7178195080211713,-1.7372117000536442,-0.18453413100109162,4.017824474143124,-0.5170238108885433
2023-10-09 04:00:00,1.6789983487176336,-1.7949342622086164,3.6595981900106827,3.3076083553313613,-0.39002675772288176
2023-10-09 04:05:00,1.710424552226305,-1.5305587326176489,-0.18606397995242416,3.328473346150549,-0.5178351948985126
2023-10-09 04:10:00,1.706471647092541,-1.3720939419488762,-0.17833672964923514,1.452410957234226,-0.4888002216755011
2023-10-09 04:15:00,1.9240880180768163,-1.3107298523678177,-0.1718641258454142,0.4386837673305649,-0.43517567333436746
2023-10-09 04:20:00,1.9211547294576423,-1.6229743117131068,-0.17293414293320158,0.965160730411477,-0.7143168776395482
2023-10-09 04:25:00,1.9255225225024737,-1.752044577686611,-0.176448595607208,1.5542417036790372,-0.7007824982168575
2023-10-09 04:30:00,1.6208636626305652,-1.928428609257196,4.511306418578305,0.8765835388848954,-0.405968070528515
2023-10-09 04:35:00,1.6569915256208667,-1.6473158997475341,-0.16751528405422922,0.27592828424853694,-0.610094837994655
2023-10-09 04:40:00,1.6549472251683341,-1.4915313367165655,-0.16661711971683416,0.21622626504876893,-0.5990487345009559
2023-10-09 04:45:00,1.8823689588566404,-1.555947374423657,-0.16658670430160485,0.09323225420560188,-0.6088041605866485
2023-10-09 04:50:00,1.884630160061063,-1.5439761837400776,-0.16756564737346807,0.14496238642358203,-0.5799309139623545
2023-10-09 04:55:00,1.8907727585707998,-1.3869511269282053,-0.16980599075164715,0.09889749050978897,-0.5504652591942253
2023-10-09 05:00:00,2.116260157599723,-1.3283138245707486,-0.1684490826874668,0.021473364604257583,-0.6107218222876563
2023-10-09 05:05:00,2.1254431445585107,-1.061350149405702,-0.1723764299694594,0.09295402061993535,-0.6037106948324584
2023-10-09 05:10:00,2.1294650489664955,-0.8536109172558262,-0.17430097401667424,0.166962023309354,-0.599777285430731
2023-10-09 05:15:00,2.2782759658206033,-0.15372040419492952,-0.17721164919592416,0.3596552551735304,-0.5537624904966651
2023-10-09 05:20:00,2.2923618498453417,-0.5037774064026046,-0.1812454159655174,-0.0835159646498477,-0.7081427997212175
2023-10-09 05:25:00,2.287900422297065,-0.7766492169101783,-0.1793462081276329,-0.08492717211421365,-0.7110284535817161
2023-10-09 05:30:00,2.0568536697884405,-0.5653864096755697,1.4915870894279852,0.3580244096405413,-0.397012975381378
2023-10-09 05:35:00,2.0654140685534417,-0.852039786995271,-0.17598336816975765,0.27946942932180546,-0.4596652372780689
2023-10-09 05:40:00,2.0702067104686734,-0.829817681785868,-0.17827777086680405,0.38766296191563165,-0.49458452972635786
2023-10-09 05:45:00,2.3680334708598934,-0.6700695858252324,-0.18449278472164346,0.6289864833358959,-0.46399188391356505
2023-10-09 05:50:00,2.374143823221287,-0.38316382423401074,-0.1884755501580923,1.012273542044854,-0.5326096899982099
2023-10-09 05:55:00,2.376059915608994,-0.1647603466889382,-0.1907312808509699,1.4097952454076546,-0.5504224082244313
2023-10-09 06:00:00,2.3086967214756426,-0.3615925977433898,1.268250772026461,0.3457405481191766,-0.3680776000711325
2023-10-09 06:05:00,2.3327576689861216,0.5849274663269608,-0.19798696546955064,-0.18176395114950897,-0.41895370286265804
2023-10-09 06:10:00,2.3545085487087754,0.9600949423409326,-0.20593956819497997,-0.329543270946168,-0.3553677438487792
2023-10-09 06:15:00,2.762252168990387,1.0142138913323653,-0.21403652109573307,-0.3788464861149175,-0.48815039059219945
2023-10-09 06:20:00,2.7463261552670613,1.1646326011069414,-0.20879779671220589,-0.1087013051017605,-0.4261416660540279
2023-10-09 06:25:00,2.7347705983177564,0.7831695711643726,-0.20433836082568055,-0.09930979422233581,-0.5127779794649898
2023-10-09 06:30:00,3.051901422849305,0.22993735840007207,4.44610201901861,0.035073787674640824,-0.4015400214410755
2023-10-09 06:35:00,3.043955250579604,0.9597577054050137,-0.200512246901492,0.12384636815597605,-0.45012726183516955
2023-10-09 06:40:00,3.046114186392155,1.3693705287308873,-0.20066288230085408,-0.16835103156561282,-0.4540121382057183
2023-10-09 06:45:00,2.5360519054056976,1.7578498036999997,-0.19494142076030516,-0.12122229213401237,-0.5544989032325478
2023-10-09 06:50:00,2.5247508599077704,2.6925007661310887,-0.1913001942060976,-0.012670083416998247,-0.41255828451884324
2023-10-09 06:55:00,2.508498620265196,3.0835609396250456,-0.18588370775982999,0.13275660059002545,-0.4325424651410608
2023-10-09 07:00:00,3.3433712403479627,3.715685522374436,6.149561670553026,0.07903971900161434,-0.22804226810402187
2023-10-09 07:05:00,3.342346601687391,3.832046521593139,-0.18756741441247024,0.19232256068399614,-0.20414421077284878
2023-10-09 07:10:00,3.37232857475362,3.663737543828633,-0.1985200799947515,0.02294693318230261,-0.2691576895906833
2023-10-09 07:15:00,3.0380170622084117,4.238109813834519,-0.1797501617890268,0.2073561551833942,-0.40898065363419
2023-10-09 07:20:00,3.0156516512092413,4.066118527487706,-0.17149913451076332,0.36829753030963247,-0.3663663301895183
2023-10-09 07:25:00,2.9726600228712083,4.444574788925949,-0.1562177151685918,0.6097939987255958,-0.41380747217084085
2023-10-09 07:30:00,4.182449215077504,4.03935075872732,6.124914894048725,0.1650112102452246,-0.10484227738432096
2023-10-09 07:35:00,4.189622054995444,3.8181237326943056,-0.17959298462847656,0.18148831516355587,-0.2089758484158251
2023-10-09 07:40:00,4.2118967395345015,3.3111258353406248,-0.1881904376668189,0.3101197345412963,-0.20689957254021155
2023-10-09 07:45:00,3.724546810348193,7.865842541230627,-0.11651312356002544,1.373694577400247,0.09409425646103735
2023-10-09 07:50:00,3.8594633709610657,5.904520395696277,-0.16460958149246688,0.6121736719837764,-0.053304355404028045
2023-10-09 07:55:00,3.8899711599827547,4.91568015716921,-0.17493765112179743,0.32005289752833244,-0.18723975863275133
2023-10-09 08:00:00,4.403700194553383,3.829167676791843,11.000432616397282,-0.33985605134297564,-0.27596648981295385
2023-10-09 08:05:00,4.398998490391334,2.4207661381577967,-0.20221159032951397,-0.2187994752667662,-0.2135309550621124
2023-10-09 08:10:00,4.411841766059173,2.1223747187260984,-0.20686929660040426,-0.28589145726512666,-0.28695774436575
2023-10-09 08:15:00,4.0760562030889105,1.3039101047255919,-0.202446155000869,-0.28709915905269306,-0.3914872992028117
2023-10-09 08:20:00,4.0643933233248415,0.7412780403091864,-0.19795467939804234,-0.1982072179675042,-0.42373665013672307
2023-10-09 08:25:00,4.046410498961868,0.5412755961849472,-0.19161569664968273,-0.005973490079901012,-0.44429873610306075
2023-10-09 08:30:00,4.076266624998808,0.29929430745431845,12.063046791018218,-0.051432066895213215,-0.4321593390026439
2023-10-09 08:35:00,4.051365031215815,0.5767507382864047,-0.1878601339601045,0.13380264553928845,-0.4951557249701447
2023-10-09 08:40:00,4.063814520318789,0.3293940095221423,-0.19177337353031876,-0.08673825967055912,-0.5185633659412683
2023-10-09 08:45:00,3.1151842868959965,-0.1904420116589008,-0.1819541533375688,-0.003698963917720227,-0.5279579861926523
2023-10-09 08:50:00,3.1190273847025334,0.09431321776153943,-0.1861423863887596,0.8479794565819638,-0.39009289291652754
2023-10-09 08:55:00,3.128965212548664,0.13326957685738972,-0.19229387289999225,1.5565562770625017,-0.3708785360925319
2023-10-09 09:00:00,3.2924623047148334,-0.04254556100601502,3.132798672986004,0.10000143545082571,-0.3661735187756644
2023-10-09 09:05:00,3.3157530964607154,0.24037939477469075,-0.19060793411859978,-0.15315870028713205,-0.4465441210017307
2023-10-09 09:10:00,3.3218863494347786,0.5002123180711957,-0.19251959879900912,-0.24396539183346821,-0.3116868195237494
2023-10-09 09:15:00,3.664790256004112,0.7204957275277603,-0.1928180295876049,-0.06113653644174871,-0.4304770162236391
2023-10-09 09:20:00,3.6545665983072326,0.793451400955333,-0.1893726823798511,0.10931810788637618,-0.3669921817836418
2023-10-09 09:25:00,3.6476078322224086,0.6968454165448156,-0.18729845466585496,0.2685601673557605,-0.4213244069858531
2023-10-09 09:30:00,4.969769293056014,0.4539361427784437,4.175695174343206,0.1459872201178411,-0.4321913065823991
2023-10-09 09:35:00,4.973195410049958,0.4769509045789536,-0.19637452291271498,-0.0679097184178692,-0.4377052536552578
2023-10-09 09:40:00,4.96810738891965,0.37354247153741654,-0.19402974662972156,-0.1112810305897214,-0.3620074812652663
2023-10-09 09:45:00,4.756683860619892,0.2098790911073615,-0.19413320116701097,-0.13019534959191167,-0.3735378216759864
2023-10-09 09:50:00,4.751035900738248,0.24712144857480797,-0.19178968141786143,-0.19538558077959975,-0.3781059026575857
2023-10-09 09:55:00,4.748788791937651,0.49877492140085966,-0.19127219585078245,-0.13640991161491675,-0.3648973974930533
2023-10-09 10:00:00,4.41224391811086,0.2511053952572157,5.109297014184601,0.042327458424185546,-0.3799740795474019
2023-10-09 10:05:00,4.420890310102023,-0.19969494006994706,-0.18553882100405325,-0.17664797961527853,-0.5339435844929538
2023-10-09 10:10:00,4.4047422181465015,-0.39410619141595526,-0.17946331770082513,-0.07076054045172482,-0.4886678424616671
2023-10-09 10:15:00,4.094477389072534,-0.13776587039349242,-0.17307988364969087,0.01701282620048611,-0.5107646748176561
2023-10-09 10:20:00,4.0998870002892005,-0.08782021004422186,-0.17467678616133142,-0.031126381159706153,-0.3624283281953882
2023-10-09 10:25:00,4.106442529036945,-0.20413933365788692,-0.17674722338062065,-0.07069749312720704,-0.2664469840090284
2023-10-09 10:30:00,4.33412896136063,-0.11373188701687702,3.285584740767838,-0.15099685984188507,-0.09428629280978715
2023-10-09 10:35:00,4.346842556935226,-0.45182677601492344,-0.18986918667870475,-0.22197259741340025,-0.06943094623585773
2023-10-09 10:40:00,4.338258281085381,-0.5032069773165259,-0.18644002952898578,-0.2005861738868259,0.005421069792818285
2023-10-09 10:45:00,4.244454845002225,-0.4753520940624049,-0.20268037561257185,-0.3502884714762167,0.08951474272358367
2023-10-09 10:50:00,4.2534555167857535,-0.4944754218644337,-0.20583879380647857,-0.4111029323114603,0.12027662059699377
2023-10-09 10:55:00,4.245541462368063,-0.5166343020098946,-0.20287884089971236,-0.37863428680682404,0.12940695566159285
2023-10-09 11:00:00,3.007239169270811,-0.17270696434838864,1.1924075368189684,0.1809315854578562,0.05607336812786237
2023-10-09 11:05:00,3.0244452936293644,-0.08371680257611151,-0.1729081741442774,0.011358718557206016,-0.006736466622179392
2023-10-09 11:10:00,3.0473693791109517,-0.25743518056809644,-0.18147115342596806,-0.08362402765415998,-0.10110250327080943
2023-10-09 11:15:00,3.743450513916711,-0.026378501053288542,-0.18997275035675462,-0.2450156242282766,0.04895256842031147
2023-10-09 11:20:00,3.74770984882872,-0.34747154498482685,-0.1912828380399031,-0.2911205826451332,0.02386388049425994
2023-10-09 11:25:00,3.7586798171786713,-0.649365353391208,-0.1954249676371081,-0.2778960874990399,-0.022631414054935944
2023-10-09 11:30:00,3.9859797863383037,-0.312605865749903,1.1461523577311101,-0.22765929982457941,0.09840764632335917
2023-10-09 11:35:00,3.995661653947205,-0.18514049422338336,-0.20013453134054732,-0.33515184176956436,0.0037261065812424577
2023-10-09 11:40:00,4.002619662979939,-0.1809177929125081,-0.20269273212246308,-0.3464957326372209,0.03420857675504253
2023-10-09 11:45:00,4.236458344083957,-0.1853727872619457,-0.2066242816730082,-0.36380844624513137,0.03179611101582694
2023-10-09 11:50:00,4.231135691545652,-0.25710428634595295,-0.204584317864686,-0.3606698375312066,0.01535200453477658
2023-10-09 11:55:00,4.227180672264217,-0.4416605741296266,-0.2028061474384515,-0.3553942901697057,0.07929892810040594
2023-10-09 12:00:00,4.39163378496606,-0.5668000317844071,-0.029333352791606485,-0.1869791525298168,0.028375745099072213
2023-10-09 12:05:00,4.38819238273296,-0.5278077761047171,-0.19045177303689612,-0.20060985132393608,-0.1469450438715022
2023-10-09 12:10:00,4.380577275476251,-0.2995775995616822,-0.18738533295047707,-0.22220019007621555,-0.045586998661793214
2023-10-09 12:15:00,4.263390283803362,-0.11745038545420508,-0.1975191347241477,-0.25935923974667224,-0.09684332538841157
2023-10-09 12:20:00,4.255627996703656,0.31603007028579627,-0.194877090144894,-0.22636040378760605,-0.06075082074090833
2023-10-09 12:25:00,4.263111395966241,-0.01915278678935795,-0.19721084962602753,-0.30371503331705707,-0.04470001883027561
2023-10-09 12:30:00,2.814263874328563,-0.527461419126701,-0.19322947332460225,-0.3092805826222542,0.00258194154575065
2023-10-09 12:35:00,2.8091863090067575,-0.6796197812543155,-0.19169708938695715,-0.23915213962540915,-0.11866812310452084
2023-10-09 12:40:00,2.812698997482293,-0.8268324646893435,-0.1927076116485237,-0.23186478561926457,-0.010393002801622517
2023-10-09 12:45:00,2.971287581535213,-0.7513158123571836,-0.19977778588634978,-0.3184595171920938,0.08786543449460267
2023-10-09 12:50:00,2.968185985071852,-0.576954261171899,-0.1989914636242652,-0.21605617452892323,0.11458541372479392
2023-10-09 12:55:00,2.960762984212759,-0.11334404669018815,-0.19649164842944647,-0.1286016338276787,0.23152855027570815
2023-10-09 13:00:00,2.903191249322619,-0.13629059264497057,0.27284755998142535,-0.15876111140398522,0.20798888236768037
2023-10-09 13:05:00,2.902900706101028,-0.7204946801296989,-0.18875158256358318,-0.15246831266267177,0.12926064647184038
2023-10-09 13:10:00,2.9055576107236796,-0.8475272165914634,-0.18961474081017793,-0.19009127720403043,0.10351364079635991
2023-10-09 13:15:00,2.088274451450987,-0.8389377004788442,-0.19113581638814064,-0.1508730081372698,0.06358473151127605
2023-10-09 13:20:00,2.092470489658207,-0.6676811555340715,-0.19250763611382632,-0.2096864823270628,0.13145003755489484
2023-10-09 13:25:00,2.094813398503612,-0.5970174278659091,-0.19330513222797396,-0.24463755231071238,0.1455103957401313
2023-10-09 13:30:00,3.701666754585198,-0.6825455473937864,-0.20752157269864524,-0.22253039485548357,0.19164166158291873
2023-10-09 13:40:00,3.712932024615562,-0.8166160529684704,-0.19771743181943752,-0.3178536952253308,0.09567301811000947
2023-10-09 13:45:00,3.7096905930602726,-0.6568719737302106,-0.19648420848355272,-0.3319077608664486,0.1201198493661553
2023-10-09 14:00:00,2.5384992801121777,-0.31253365812221023,-0.22403519096548763,-0.01530497159384151,0.20280722881622668
2023-10-09 14:05:00,2.548935220595194,-0.30296422358958386,-0.18213532098628665,-0.09658073620403251,0.03723802947875503
2023-10-09 14:10:00,2.554342500541801,-0.20454456817211208,-0.18429066109601938,-0.10869991708865444,0.013773006000289627
2023-10-09 14:15:00,3.5203583815365898,-0.3793974018431435,-0.196622832037508,-0.27521532727678566,0.17018845198665453
2023-10-09 14:20:00,3.5250397548505354,-0.5349173072190343,-0.19819018410827602,-0.2989930871182058,0.18569325108787607
2023-10-09 14:25:00,3.5279820387724277,-0.5433449579053047,-0.198901665500078,-0.32712733141434525,0.3195881132386509
2023-10-09 14:30:00,3.295442857809319,-0.352147296165992,0.996668006417085,-0.13267145728412028,0.47118284451545894
2023-10-09 14:35:00,3.3097673060004773,-0.254470181492674,-0.19270622111439925,-0.22796442693214572,0.24251674039353832
2023-10-09 14:40:00,3.3138449630009346,-0.43114426565795827,-0.19416016528214375,-0.24968886212827007,0.20461503623335858
2023-10-09 14:45:00,3.5321892815525318,-0.1331431397172212,-0.19874876839928704,-0.2970902034135791,0.22118976304694168
2023-10-09 14:50:00,3.541200561886535,0.1902127884036615,-0.20219126767334064,-0.31757890954810913,0.29275077652793313
2023-10-09 14:55:00,3.5373937022316304,0.501511487302594,-0.20094767653323456,-0.27313700576388594,0.3578602768673687
2023-10-09 15:00:00,3.5188605656130054,0.40336948518590565,1.1904192797198034,-0.2035376568963663,-0.18152272103619663
2023-10-09 15:15:00,4.126604874996808,0.18207778058682791,-0.20429772843513685,-0.4284304655775335,0.23213051893087205
2023-10-09 15:20:00,4.124414731965144,0.17455105064413776,-0.20365196476417774,-0.3785992221073455,0.21847816095130076
2023-10-09 15:25:00,4.121013183919692,0.12925673748189798,-0.2024955802111061,-0.3543887095751092,0.17706297039333002
2023-10-09 15:30:00,3.80351700851389,0.5569285867888031,1.2201720441144015,-0.28566619233818175,0.1251950077255183
2023-10-09 15:35:00,3.8154944267408375,0.9594128791140911,-0.20417546633310835,-0.2798320199001103,0.18334014315285338
2023-10-09 15:40:00,3.8066682256937487,1.2735852133781809,-0.20095784764976912,-0.2728472923117261,0.21821772363911152
2023-10-09 15:45:00,4.080499261020807,0.9109975660438541,-0.20811498424914227,-0.380411331905629,0.2270948382550374
2023-10-09 15:50:00,4.10241850529831,0.6906018231715785,-0.21589778036810614,-0.44340422601523766,0.3317139838451948
2023-10-09 15:55:00,4.113174108884626,1.23936179020848,-0.21985607427729295,-0.5101322665494927,0.4699402147511297
2023-10-09 16:00:00,4.065673905237066,1.0654829861193795,1.6286731201845197,-0.46775548033334047,0.4702840192520561
2023-10-09 16:05:00,4.049127724423973,0.9547078496833268,-0.20738531834412638,-0.3248574955775187,0.5357706351808743
2023-10-09 16:10:00,4.034130530310948,2.006852494418107,-0.2028600225128947,-0.17658325168839523,0.5435951274911334
2023-10-09 16:15:00,4.411138691549247,0.89927372274894,-0.22276111913582797,-0.393693093818541,0.4258817719898789
2023-10-09 16:20:00,4.409463076678528,1.4843930020017775,-0.22265319179846532,-0.3288766667303474,0.46630293931795186
2023-10-09 16:25:00,4.392878455793915,2.5539889412445547,-0.2167365602505854,-0.36603431510964674,0.5493194874306778
2023-10-09 16:30:00,4.633673711946914,1.54196548407094,2.209608610364186,-0.5523250590205048,0.5319332422464921
2023-10-09 16:35:00,4.634451177848884,1.6192099250422525,-0.2285001444383131,-0.4656288300138468,0.5176239087037241
2023-10-09 16:40:00,4.630889312881697,1.776799788427442,-0.22794882643475672,-0.2443653622018625,0.5330074294369637
2023-10-09 16:45:00,4.54017788532857,1.2027238457165517,-0.2268353148326221,-0.4911417578024402,0.3749396150654124
2023-10-09 16:50:00,4.525629130198934,1.0579320346830825,-0.2208701356560745,-0.557311267644258,0.40470120408833066
2023-10-09 16:55:00,4.523408018884356,0.8091892443950092,-0.22039778383327527,-0.49461080802419954,0.2584434990833623
2023-10-09 17:00:00,4.4594760062662475,0.5975315374166467,5.806525505904914,-0.48546460881472664,0.1355250416474812
2023-10-09 17:05:00,4.436280286022572,0.6733848033547695,-0.2076770190901956,-0.17521164577464768,0.15938377125394157
2023-10-09 17:10:00,4.4513777426582735,1.3805515257222407,-0.21720603819294004,0.7614349573221452,0.10682647869123058
2023-10-09 17:15:00,5.208676544404235,2.1593490225689305,-0.22373324538964803,0.8867997303608235,0.012438937324009285
2023-10-09 17:20:00,5.206590784060657,1.7509749919598763,-0.22428681931408048,1.355723131192414,-0.020126802493581984
2023-10-09 17:25:00,5.065105625112611,4.325452876466731,-0.17659701195192404,2.852191232778288,0.11088889649816544
2023-10-09 17:30:00,5.032771962873222,5.476081942468225,3.0847800839289654,2.6777409817348956,0.20268430454106195
2023-10-09 17:35:00,5.20482575000942,2.4333540018238793,-0.20066289316109184,1.3784963004142998,-0.0031268966280555187
2023-10-09 17:40:00,5.2038332629815285,2.3609569300863122,-0.20176406609225578,1.7391523133730145,-0.14294542074257893
2023-10-09 17:45:00,3.356605022788506,1.7813134508362072,-0.20431098173893975,3.5117343135285415,-0.21280688663576955
2023-10-09 17:50:00,3.3476193803942618,2.1221093417698724,-0.20925557200346132,6.021230291106545,-0.11794069244810297
2023-10-09 17:55:00,3.37260203217087,2.0067238731902357,-0.21415605227832446,4.4956753913312255,-0.330607796179751
2023-10-09 18:00:00,4.179813832566431,2.5941271374043433,11.101855175471528,5.111540357235085,-0.4351466872486755
2023-10-09 18:05:00,4.109595625268502,2.90601286291696,-0.19020336524082423,5.4194304211336775,-0.2570421485112505
2023-10-09 18:10:00,4.104858437459637,2.877888753084896,-0.18799728497840365,5.294879947637332,-0.2754881360796996
2023-10-09 18:15:00,3.9110404552642293,4.17552933015304,-0.15867607652920218,6.718206419185955,-0.13612134291026826
2023-10-09 18:20:00,3.964168580508209,3.7652574783847843,-0.1721274607826312,4.638044636921759,-0.2762304317560942
2023-10-09 18:25:00,3.998554370226723,2.9065068106208565,-0.17993571787763785,3.1598079844753673,-0.350272930245739
2023-10-09 18:30:00,3.8141611647538194,2.529762796337913,12.643049637912888,3.9617820919999844,-0.2543557491461138
2023-10-09 18:35:00,3.820083576665847,2.4350955584113136,-0.19858193700826346,5.598284308238597,-0.09635997904029218
2023-10-09 18:40:00,3.822336366438617,2.417573939925311,-0.2071136117460359,7.9713085202995195,0.0024096847524616802
2023-10-09 18:45:00,3.6814318207625547,2.8107733359026046,-0.18265848339607477,7.332969371445551,-0.1819456207785145
2023-10-09 18:50:00,3.590069559771417,3.7569295419473807,-0.14503708682191646,6.453879124282911,-0.026796615689600997
2023-10-09 18:55:00,3.517760881391654,4.504278295791904,-0.11790213465223771,6.375955170942013,-0.15050425884169857
2023-10-09 19:00:00,2.128625512820336,4.206829262653483,13.37493241503229,5.607623586426515,-0.11671088461153986
2023-10-09 19:05:00,2.1678512132306174,4.09187139989059,-0.12719678972356185,4.045515899954097,-0.11368903985791082
2023-10-09 19:10:00,2.171284243609564,3.5116828730484957,-0.12574981781068856,3.293883627484615,-0.17916811954836875
2023-10-09 19:15:00,2.252749005854484,4.600890303008101,-0.11368350898953918,2.7470443123761545,-0.1601311398229999
2023-10-09 19:20:00,2.340520814558388,2.680359228163253,-0.14476730565458817,2.3593772754680025,-0.20916915276305476
2023-10-09 19:25:00,2.343722134516938,2.5986044312230083,-0.14854589369284088,3.0968438926127106,-0.2731090746604734
2023-10-09 19:30:00,2.290009947730863,2.136845625437236,22.272107874104023,3.9376101398655052,-0.2025200524003776
2023-10-09 19:35:00,2.2934019773441268,3.1016792450907578,-0.1448215738295923,3.6304004723730277,-0.10005291729599167
2023-10-09 19:40:00,2.2368598015313426,3.873818101241179,-0.12414342244074873,3.795024898321593,-0.05062004004979303
2023-10-09 19:45:00,2.442757342107296,5.693533053039469,-0.09145483491318249,4.609072127357533,-0.06114550459736614
2023-10-09 19:50:00,2.4668637710015755,5.3819627197306845,-0.09818304499870888,4.029513463118677,0.08809039014694267
2023-10-09 19:55:00,2.5131472857071175,4.230544459909866,-0.11810980690765092,4.840720050552147,-0.042341508313619915
2023-10-09 20:00:00,2.5694548355270226,4.2272809665215245,-0.10994765611616349,5.309117780888869,0.024326999764522468
2023-10-09 20:05:00,2.561333381545111,4.287440653311861,-0.10650268550692639,5.162634740507023,-0.02301524143168932
2023-10-09 20:10:00,2.5911705639128715,3.409861964146129,-0.12062454352867322,6.153343687408244,-0.02708213185591088
2023-10-09 20:15:00,2.2633934710164936,3.333503610951895,-0.11994035779794487,6.309540095670035,-0.13400993824503182
2023-10-09 20:20:00,2.2773953956376913,3.367674863218347,-0.12718857464023928,6.852654558007771,-0.15525721872248632
2023-10-09 20:25:00,2.2704441401680864,3.4724207888194907,-0.1289071815101345,8.19648747009095,-0.08115193813201602
2023-10-09 20:30:00,3.034008750893583,3.1492759467902176,18.904128474095366,7.188144196893853,0.9425624601720595
2023-10-09 20:35:00,3.145950765885737,3.8213048354329158,-0.10469885109996131,4.7092186802331675,-0.14243014676559929
2023-10-09 20:40:00,3.098295225227553,4.124091816437545,-0.09024079496153252,5.871907506414269,-0.016308707160936645
2023-10-09 20:45:00,2.622100780907374,4.241065709682891,-0.08093332530424861,6.121744383864438,-0.010326683986274543
2023-10-09 20:50:00,2.611760275500431,4.443273477710767,-0.07457832419224017,5.3654183658202195,-0.003982626707406943
2023-10-09 20:55:00,2.5884715798763867,4.876100753300571,-0.0666988761079737,5.569398422999051,-0.027037918620944772
2023-10-09 21:00:00,3.557838842700603,4.950268995260182,18.354099099733123,5.712593690227129,0.07504906565479197
2023-10-09 21:05:00,3.62927855233948,4.054942234106373,-0.08927813142655965,4.885611318675841,0.08025877075740394
2023-10-09 21:10:00,3.643571069749151,3.589952475941689,-0.09279483719248574,4.367945040774526,0.038991519859786786
2023-10-09 21:15:00,3.1781457576356806,3.421120123501237,-0.08898861050672723,4.331960966115107,0.01241282011512457
2023-10-09 21:20:00,3.1763303610563765,3.635756741730821,-0.08837567204844296,4.310285850464898,0.011071834186089964
2023-10-09 21:25:00,3.1752297327542105,3.6429457549657442,-0.09161459292734409,5.420564307045547,0.03118027348642441
2023-10-09 21:30:00,3.623857147511423,3.054844652617434,19.903067737468017,4.8080046893303745,0.00586094465872072
2023-10-09 21:35:00,3.6477986919403165,2.7363117903744962,-0.0885895733899804,5.293619259737311,-0.04277892315885263
2023-10-09 21:40:00,3.6481243269864896,2.7853321794687025,-0.08654934206832529,4.558912774549307,-0.14913107445189672
2023-10-09 21:45:00,3.5483150308696967,2.8311215635699742,-0.08852746621232407,4.7534892672082005,-0.08751552645472364
2023-10-09 21:50:00,3.519664866402169,3.303953798423785,-0.07955980317925263,5.249415214778714,-0.09502167945887915
2023-10-09 21:55:00,3.5481457350097654,2.9321043297196643,-0.08968710930989779,5.056386165377767,-0.1481984814439287
2023-10-09 22:00:00,3.3462000129213423,2.6437755008426516,20.4307202418082,4.471599230077701,-0.01924111123358237
2023-10-09 22:05:00,3.3181005482021764,3.0113775713162543,-0.08235889698369117,4.4987786168772255,-0.05143182514646895
2023-10-09 22:10:00,3.3272831229613766,2.98976797593081,-0.08699450345653467,4.856760255975319,-0.026008842417035886
2023-10-09 22:15:00,3.4396588142947855,2.718904023363448,-0.08741565979857706,5.697261120909144,-0.026068321243373476
2023-10-09 22:20:00,3.451899159637241,2.6130280150446774,-0.09651594226408468,7.0658795334140185,0.006760382382716432
2023-10-09 22:25:00,3.4662069660891404,2.548412156559383,-0.11019230557163713,9.566959877613456,0.048771143794820115
2023-10-09 22:30:00,4.696858659031879,2.6255532211827464,21.35268648812908,7.882236535055516,-0.06655450819119053
2023-10-09 22:35:00,4.686163236842588,2.9675025970177376,-0.08865570350668946,5.578845025167539,-0.13434634350251073
2023-10-09 22:40:00,4.665511428099267,2.9211230063083975,-0.08128711003597873,5.80132565177365,-0.06298776151954454
2023-10-09 22:45:00,4.535253762372517,2.7791435131615088,-0.082632837870895,5.787117189562648,-0.2137184556932075
2023-10-09 22:50:00,4.529657323840956,2.8765027020364875,-0.07584478816065743,4.409544308772502,-0.16318920246842153
2023-10-09 22:55:00,4.5100107689985975,3.1570156192381025,-0.06726336371707199,4.067486919302023,-0.1148183331656041
2023-10-09 23:00:00,5.541838670604218,3.1035997595574485,24.873953914061506,4.1301933914667766,-0.1273381214977285
2023-10-09 23:05:00,5.570239853666085,3.020966239205963,-0.07050302644884361,4.087299326525558,-0.2408203190278248
2023-10-09 23:10:00,5.588793791654735,3.016921052690378,-0.07695359684843901,3.9158952718810704,-0.20642618865985105
2023-10-09 23:15:00,5.70610027497539,3.063533609662423,-0.056208465359557126,3.8501712058652386,-0.3003976737368174
2023-10-09 23:20:00,5.690408966144137,3.213275955929116,-0.049365345408198494,3.548686691961556,-0.32856742094082936
2023-10-09 23:25:00,5.695651067071744,3.0412783984448835,-0.049641638601037305,3.071103091981371,-0.3212324396866037
2023-10-09 23:30:00,6.393520488067159,3.3912858316028074,23.895706972482245,2.923445162699162,-0.32720059978767196
2023-10-09 23:35:00,6.382963950647145,3.198797030105395,-0.05366639281167264,3.2926049262857213,-0.20628608918202015
2023-10-09 23:40:00,6.408813756481567,2.610544294071887,-0.06304704645001397,3.1575813704088747,-0.3529252850179143
2023-10-09 23:45:00,5.191416391109841,2.555943575354647,-0.05486306468546223,3.4057643867695617,-0.350584265698228
2023-10-09 23:50:00,5.2090719207380864,2.5085386783950527,-0.06123653082285425,3.3243797863332007,-0.31507488658922483
2023-10-09 23:55:00,5.2213903410605225,2.3248551465141327,-0.06711979179693262,3.704050243799526,-0.32727162430612744
2023-10-10 00:00:00,5.463585918255094,-0.500349095269893,23.91683980977187,-0.22253675947951085,-0.7396804505630923
