datetime,CH4,NOX,NO,NO2,SO2,H2S,Benzene,Toluene,Ethylbenzene,PM1 FIDAS,PM2.5 FIDAS,PM4 FIDAS,PM10 FIDAS,TSP FIDAS
2024-01-01 00:00:00,132454.73880000002,64.19316708,7.02891072,51.54096500396728,4.430587504,4.2541566,0.02256102834535696,0.14075567484119422,0.020591260281974,0.5123904761019666,0.5287570330501524,0.7943138926142486,1.062319278748155,1.3492827724387502
2024-01-01 00:15:00,6248.995852112456,1.9919863898653514,0.5308342844301076,1.3106574158777418,0.469024037808643,0.798289840326811,1.04,4.48,0.64,0.5102979521808804,0.5243700983084371,0.7874642849044012,1.061814013846116,1.3839566467198314
2024-01-01 00:20:00,6410.581038072383,1.552758111078144,0.40305783697147685,1.105699877941323,0.4624007988646099,0.8725189570837072,1.04,4.48,0.64,0.5102979521808804,0.5243700983084371,0.7874642849044012,1.061814013846116,1.3839566467198314
2024-01-01 00:25:00,6302.855580771624,1.7710891546181518,0.43974978534056675,1.2497493925745156,0.49244101043759625,0.8923351249899644,1.04,4.48,0.64,0.5102979521808804,0.5243700983084371,0.7874642849044012,1.061814013846116,1.3839566467198314
2024-01-01 00:30:00,5912.4522352070935,3.1213724242300374,0.7184733984303835,2.110282059516025,0.568421561341963,0.8006794050806852,0.02256102834535696,0.13596823158370483,0.023259406699226014,0.5130545779934138,0.5307391072834184,0.7951075398963338,1.062319278748155,1.3500370365289984
2024-01-01 00:35:00,5979.751703920537,4.359858629316308,1.0880106573314572,2.7562336174030397,0.7790478072866818,0.7294373178465988,1.04,4.48,0.64,0.5130545779934138,0.5307391072834184,0.7951075398963338,1.062319278748155,1.3500370365289984
2024-01-01 00:40:00,6127.8298645194645,2.2444368193595055,0.7566045022154871,1.2038718997765174,0.5967263826057265,0.7575020617008248,1.04,4.48,0.64,0.5130545779934138,0.5307391072834184,0.7951075398963338,1.062319278748155,1.3500370365289984
2024-01-01 00:45:00,6706.887604865005,1.1493942390421583,0.4231699416148909,0.7159326488045117,0.48231157733894126,1.0473488302994858,1.04,4.48,0.64,0.5220153254455275,0.5550504481576427,0.8387939913947882,1.1066508030991529,1.4126089338525365
2024-01-01 00:50:00,6504.85426661843,1.0050283060515213,0.30756932613786997,0.7792050415724879,0.4427475802028733,0.992007330681019,1.04,4.48,0.64,0.5220153254455275,0.5550504481576427,0.8387939913947882,1.1066508030991529,1.4126089338525365
2024-01-01 00:55:00,6545.259395026679,1.0016098094852768,0.282232001832642,0.833944595411503,0.4203781782962121,1.0431153316677404,1.04,4.48,0.64,0.5220153254455275,0.5550504481576427,0.8387939913947882,1.1066508030991529,1.4126089338525365
2024-01-01 01:00:00,6545.2607311111005,1.0319802100127222,0.2713909366059994,0.8940265265638639,0.41097542737176834,0.9193220788668577,0.02256102834535696,0.1383618444514238,0.023259406699226014,0.5243700983084371,0.5720874059092719,0.8789940614133863,1.2073327006256396,1.598285331222182
2024-01-01 01:05:00,6558.728543248368,0.9981429432388907,0.4166666666666667,0.8939785841686687,0.41721730319874684,0.9856577423970759,1.04,4.48,0.64,0.5243700983084371,0.5720874059092719,0.8789940614133863,1.2073327006256396,1.598285331222182
2024-01-01 01:10:00,6370.18900781907,0.9251594667133667,0.27137758330343204,0.7940300661990682,0.4078554749933905,0.7752146199604343,1.04,4.48,0.64,0.5243700983084371,0.5720874059092719,0.8789940614133863,1.2073327006256396,1.598285331222182
2024-01-01 01:15:00,6235.538730552351,1.2763567542854886,0.3430093065013,0.9560799891445814,0.4140698827587356,0.5655077692875453,1.04,4.48,0.64,0.5274694303938381,0.5810473302580436,0.8910967624225777,1.2064928512013653,1.5908350008721837
2024-01-01 01:20:00,5912.457576006365,1.11071935705315,0.3464890909619212,0.8001188603830393,0.38652603782726647,0.6257912660776276,1.04,4.48,0.64,0.5274694303938381,0.5810473302580436,0.8910967624225777,1.2064928512013653,1.5908350008721837
2024-01-01 01:25:00,6006.678603426082,1.2477296359098284,0.48867932818680865,0.707493308241294,0.3895163821861115,0.4130034044831842,1.04,4.48,0.64,0.5274694303938381,0.5810473302580436,0.8910967624225777,1.2064928512013653,1.5908350008721837
2024-01-01 01:30:00,5845.164960147854,1.1244999572898313,0.4908458279992949,0.6165543557260693,0.38352991024833016,0.6342981490700587,1.04,4.48,0.64,0.5281098370604357,0.5898889726041673,0.9185990202476814,1.2617964376237554,1.6877369463278336
2024-01-01 01:35:00,6612.606743215782,0.9844191882027242,0.37567978044306277,0.6522337033384428,0.38352249698408947,0.8212364217567651,1.04,4.48,0.64,0.5281098370604357,0.5898889726041673,0.9185990202476814,1.2617964376237554,1.6877369463278336
2024-01-01 01:40:00,6100.909946747405,1.0281618319860186,0.3663027709020013,0.6991302821414324,0.40164340492716827,0.9487205232123538,1.04,4.48,0.64,0.5281098370604357,0.5898889726041673,0.9185990202476814,1.2617964376237554,1.6877369463278336
2024-01-01 01:45:00,6289.400390582069,1.028108760198142,0.297480926402087,0.8213160966020701,0.36030745317300406,0.7324789648000155,1.04,4.48,0.64,0.5265216044950103,0.5841266985851614,0.9002799564579897,1.25360918950046,1.698528775146303
2024-01-01 01:50:00,6222.079125599641,0.96427000941278,0.2723194271704943,0.8274238416165096,0.3688589402806164,0.825829126260731,1.04,4.48,0.64,0.5265216044950103,0.5841266985851614,0.9002799564579897,1.25360918950046,1.698528775146303
2024-01-01 01:55:00,6033.602339029184,0.9377990089687451,0.27332761777869596,0.7998367560816085,0.36885175263209163,0.598945340201258,1.04,4.48,0.64,0.5265216044950103,0.5841266985851614,0.9002799564579897,1.25360918950046,1.698528775146303
2024-01-01 02:00:00,6168.226583469373,0.8858151348355879,0.2845146421877879,0.7237961048783242,0.35468290310284445,0.8150685027767639,0.02353720459187964,0.12161184152869324,0.01929378138157474,0.5287570330501524,0.5941725338653748,0.9262834123528284,1.2737821634800826,1.7176099673674463
2024-01-01 02:05:00,6289.401726340916,0.8761752559150853,0.2857254267344553,0.7126248960810908,0.3519063421287588,0.7998881407363173,1.04,4.48,0.64,0.5287570330501524,0.5941725338653748,0.9262834123528284,1.2737821634800826,1.7176099673674463
2024-01-01 02:10:00,6060.5269054302225,0.8665863336273655,0.2894760140137177,0.6961988674837579,0.33839273672741427,0.6941569930958923,1.04,4.48,0.64,0.5287570330501524,0.5941725338653748,0.9262834123528284,1.2737821634800826,1.7176099673674463
2024-01-01 02:15:00,5939.382320006444,0.8760748770395342,0.3059341146665203,0.6723474252197268,0.32802412103856665,0.6032981812509652,1.04,4.48,0.64,0.5225935322982863,0.560817260790001,0.8498118379970945,1.1266592208826944,1.445536578575582
2024-01-01 02:20:00,5872.087473806446,1.0277376151981947,0.3909385024981506,0.6646661968667557,0.34913841948150265,0.6390225034273093,1.04,4.48,0.64,0.5225935322982863,0.560817260790001,0.8498118379970945,1.1266592208826944,1.445536578575582
2024-01-01 02:25:00,6100.915288716552,1.3365551839680758,0.49725545426825657,0.7670247551530562,0.3574393722696443,0.692194620583765,1.04,4.48,0.64,0.5225935322982863,0.560817260790001,0.8498118379970945,1.1266592208826944,1.445536578575582
2024-01-01 02:30:00,6073.99216763176,1.7585131702359333,0.5665612339184627,1.0364064790851988,0.3924317907111129,0.7416843611633426,0.021587033144922906,0.12639620247459968,0.01929378138157474,0.5184293587365592,0.5559217570845739,0.8453401682163223,1.154775411064853,1.5473344822629655
2024-01-01 02:35:00,6141.302809045359,0.8950993544285109,0.32277206069284264,0.6594512847465382,0.3630697328389021,0.7482315457177013,1.04,4.48,0.64,0.5184293587365592,0.5559217570845739,0.8453401682163223,1.154775411064853,1.5473344822629655
2024-01-01 02:40:00,5885.547066747121,0.9242368992028334,0.31336139903088805,0.6987854131952536,0.343685161750938,0.7181086712902512,1.04,4.48,0.64,0.5184293587365592,0.5559217570845739,0.8453401682163223,1.154775411064853,1.5473344822629655
2024-01-01 02:45:00,6087.453627077732,0.9603810722672689,0.31643423692563544,0.7236054866822071,0.3383471615515047,0.6014897850138438,1.04,4.48,0.64,0.5179044313384469,0.5537544582213312,0.8425888677166344,1.1280443253702401,1.4691780014688487
2024-01-01 02:50:00,6181.694773064129,1.0890025346550698,0.34980991371431336,0.775635084255745,0.35461396331203476,0.8683992824662258,1.04,4.48,0.64,0.5179044313384469,0.5537544582213312,0.8425888677166344,1.1280443253702401,1.4691780014688487
2024-01-01 02:55:00,6235.550751718691,1.2967160194930236,0.4046519242170701,0.8679578159772994,0.3863837025188809,0.9678291224637745,1.04,4.48,0.64,0.5179044313384469,0.5537544582213312,0.8425888677166344,1.1280443253702401,1.4691780014688487
2024-01-01 03:00:00,6195.159149011972,1.1619281408660052,0.3342252094367899,0.8678605552449179,0.3893730820830354,0.8181529348506644,0.021587033144922906,0.12041594578792295,0.01929378138157474,0.5179044313384469,0.5554853733447893,0.8464500930356142,1.154025996240986,1.5321540392532338
2024-01-01 03:05:00,6073.993503083934,0.8660376078495126,0.3015195616495127,0.6721076356044521,0.36019526820926595,0.8291630958534169,1.04,4.48,0.64,0.5179044313384469,0.5554853733447893,0.8464500930356142,1.154025996240986,1.5321540392532338
2024-01-01 03:10:00,5858.633446620542,0.8659877039458064,0.2946109819349176,0.6852010035606065,0.34907068979511247,0.6038097478524921,1.04,4.48,0.64,0.5179044313384469,0.5554853733447893,0.8464500930356142,1.154025996240986,1.5321540392532338
2024-01-01 03:15:00,5549.153963266871,0.9011444338028177,0.27970024205944166,0.7490531823491897,0.3463397135818365,0.44513768677583415,1.04,4.48,0.64,0.5161240161046567,0.5503635162326805,0.8458944615021426,1.12186106537307,1.4425324953012324
2024-01-01 03:20:00,5670.238867551953,0.9434998836260661,0.295942104993923,0.7490483335719791,0.3545725661804226,0.4877837184710869,1.04,4.48,0.64,0.5161240161046567,0.5503635162326805,0.8458944615021426,1.12186106537307,1.4425324953012324
2024-01-01 03:25:00,5360.8427607648755,0.869010406578377,0.3014817378451528,0.6746136011642133,0.33829506163279793,0.5277771385236008,1.04,4.48,0.64,0.5161240161046567,0.5503635162326805,0.8458944615021426,1.12186106537307,1.4425324953012324
2024-01-01 03:30:00,5266.709225396739,0.943396546105303,0.3102307471633771,0.7205701219689721,0.3382885296613978,0.44331111379843613,0.021587033144922906,0.1323782459469833,0.020591260281974,0.5137353404234519,0.5495307088780389,0.8486859489823075,1.1555262870224978,1.5252462096330548
2024-01-01 03:35:00,5118.81520100326,1.2214540310425925,0.4145907129288871,0.7873847751382412,0.3229065561354031,0.36602978073997694,1.04,4.48,0.64,0.5137353404234519,0.5495307088780389,0.8486859489823075,1.1555262870224978,1.5252462096330548
2024-01-01 03:40:00,5253.264522661431,1.0541293561031355,0.3678692767318004,0.7177817546427093,0.3382755468108558,0.4605808945707318,1.04,4.48,0.64,0.5137353404234519,0.5495307088780389,0.8486859489823075,1.1555262870224978,1.5252462096330548
2024-01-01 03:45:00,5401.193050273251,1.9821099958055424,0.8185968932602146,0.8807316821859994,0.3382690152929082,0.6611071981411865,1.04,4.48,0.64,0.5130545779934138,0.5482928049865328,0.839871418730272,1.1600620673050213,1.5438056872547141
2024-01-01 03:50:00,4715.68973844221,16.702715270488177,4.931390823457338,9.17133269119305,0.7972302798369113,0.6146601702897483,1.04,4.48,0.64,0.5130545779934138,0.5482928049865328,0.839871418730272,1.1600620673050213,1.5438056872547141
2024-01-01 03:55:00,4930.6466163427185,9.827903887912422,2.6599207073639293,5.783976612828163,1.3294764619649106,0.5219305308304455,1.04,4.48,0.64,0.5130545779934138,0.5482928049865328,0.839871418730272,1.1600620673050213,1.5438056872547141
2024-01-01 04:00:00,5374.295232478494,6.1972996258705635,1.798444499467205,3.4874217390530604,0.9398046812149216,0.6063689216249482,0.02061552812808831,0.11922013252802564,0.01680029761641144,0.5141984052872977,0.5563595959449248,0.8590072409473625,1.1915972473952765,1.592072862654219
2024-01-01 04:05:00,5535.704508289678,3.7604831790495443,0.9620768963778705,2.3588662917179994,0.7379108755603576,0.8147573420837397,1.04,4.48,0.64,0.5141984052872977,0.5563595959449248,0.8590072409473625,1.1915972473952765,1.592072862654219
2024-01-01 04:10:00,5454.996145521245,4.7242399166305535,1.2136686896948334,2.923161344938569,0.7158181028076454,0.841131604979958,1.04,4.48,0.64,0.5141984052872977,0.5563595959449248,0.8590072409473625,1.1915972473952765,1.592072862654219
2024-01-01 04:15:00,5549.15796691504,4.014502684960798,0.8985534076460328,2.7088958780774286,0.6321184459838372,0.7106738794447298,1.04,4.48,0.64,0.5168761940735905,0.5559217570845739,0.8520794329169082,1.1503009388851249,1.5015738410081605
2024-01-01 04:20:00,6100.927308147247,1.9892317279045626,0.43082691369967563,1.4756645646129796,0.5330780654175866,1.114523230220046,1.04,4.48,0.64,0.5168761940735905,0.5559217570845739,0.8520794329169082,1.1503009388851249,1.5015738410081605
2024-01-01 04:25:00,6222.095153596845,1.4075290486226455,0.36221855441906897,1.0423317718602552,0.5261585000953505,1.1999619932549364,1.04,4.48,0.64,0.5168761940735905,0.5559217570845739,0.8520794329169082,1.1503009388851249,1.5015738410081605
2024-01-01 04:30:00,6410.611764184883,1.4511208173236514,0.4084066926867568,1.0017130029378076,0.4554055026897989,1.034224652053895,0.02061552812808831,0.12400387090732289,0.018027756377319945,0.5163729272531626,0.5533254015495764,0.8492482322619224,1.1379143201489295,1.472339634731063
2024-01-01 04:35:00,6666.506174914212,1.2598808349138542,0.3408255303530121,0.9449989925176301,0.4295330218775548,1.1305628941179657,1.04,4.48,0.64,0.5163729272531626,0.5533254015495764,0.8492482322619224,1.1379143201489295,1.472339634731063
2024-01-01 04:40:00,6558.755265258874,0.9459676870610112,0.2905024814505178,0.7631849259178424,0.3773401203564461,1.1688533703176973,1.04,4.48,0.64,0.5163729272531626,0.5533254015495764,0.8492482322619224,1.1379143201489295,1.472339634731063
2024-01-01 04:45:00,6451.013369267689,2.4845464705142537,0.6610583569870301,1.5784242374747246,0.4852516829933504,0.9877178748240423,1.04,4.48,0.64,0.5176446657698697,0.5691959240894123,0.8930459338690255,1.312764354330205,1.8843035848822238
2024-01-01 04:50:00,6653.039768872351,2.8200198943289174,0.7272651546322891,1.80092730972989,0.45210107525008963,0.9433625373703847,1.04,4.48,0.64,0.5176446657698697,0.5691959240894123,0.8930459338690255,1.312764354330205,1.8843035848822238
2024-01-01 04:55:00,6760.8020011876415,3.1606481330219416,0.9374814590060866,1.8085286691861917,0.5469108726471039,1.1332717049323169,1.04,4.48,0.64,0.5176446657698697,0.5691959240894123,0.8930459338690255,1.312764354330205,1.8843035848822238
2024-01-01 05:00:00,6828.157555163542,2.4615644591221435,0.6610163038205302,1.556249670183157,0.4818708011666303,1.2436446463310773,0.02256102834535696,0.12639620247459968,0.021914607000811125,0.5189614629237898,0.5691959240894123,0.8827702758928848,1.2140972984073393,1.637639765027706
2024-01-01 05:05:00,6922.461593073947,1.7828416209066138,0.46434303361676366,1.2196321858440355,0.5021148764718444,1.1694580290396277,1.04,4.48,0.64,0.5189614629237898,0.5691959240894123,0.8827702758928848,1.2140972984073393,1.637639765027706
2024-01-01 05:10:00,6747.331864250601,1.2916433919815171,0.33059695400829825,0.9946785489819902,0.44231859285907327,0.9948906800854063,1.04,4.48,0.64,0.5189614629237898,0.5691959240894123,0.8827702758928848,1.2140972984073393,1.637639765027706
2024-01-01 05:15:00,6504.887667507773,1.428771950427395,0.3676393588650939,1.0522711506084592,0.4619018566765529,0.8465526410177117,1.04,4.48,0.64,0.5189614629237898,0.5682429058070149,0.886588878793322,1.2081738285528287,1.6070469812671937
2024-01-01 05:20:00,6895.51936450674,2.3587878585722843,0.6096846376711896,1.5377069724153487,0.5399049314128883,1.03079377196431,1.04,4.48,0.64,0.5189614629237898,0.5682429058070149,0.886588878793322,1.2081738285528287,1.6070469812671937
2024-01-01 05:25:00,6437.552230668011,2.226108230925147,0.5569914559267135,1.4936466088662883,0.5054823027968749,0.8886142940294206,1.04,4.48,0.64,0.5189614629237898,0.5682429058070149,0.886588878793322,1.2081738285528287,1.6070469812671937
2024-01-01 05:30:00,6195.175176555516,1.999720775560134,0.48801057504095036,1.3879632207063806,0.4684869458867773,0.744041692017333,0.02256102834535696,0.14195266816794952,0.023259406699226014,0.5168761940735905,0.5554853733447893,0.8498118379970945,1.1771325328950857,1.577321780741013
2024-01-01 05:35:00,6747.337209513645,2.9457146891567487,0.6679666100302188,2.0179081444200375,0.6463925554855978,0.7593155269432008,1.04,4.48,0.64,0.5168761940735905,0.5554853733447893,0.8498118379970945,1.1771325328950857,1.577321780741013
2024-01-01 05:40:00,6504.890339578964,3.248369860314861,0.7366588193489687,2.2065450477609185,0.5890513254037966,1.125332965244155,1.04,4.48,0.64,0.5168761940735905,0.5554853733447893,0.8498118379970945,1.1771325328950857,1.577321780741013
2024-01-01 05:45:00,6477.956194736343,1.7674889905999756,0.4557212565812797,1.2193758352355593,0.5925934926515424,0.877903553765452,1.04,4.48,0.64,0.5149067876810326,0.5533254015495764,0.8515105636455721,1.1415122644982838,1.4787156589419077
2024-01-01 05:50:00,6801.222648691166,2.5789816132044505,0.6258319341913835,1.7259938307442557,0.7303275845398952,1.0180046166685595,1.04,4.48,0.64,0.5149067876810326,0.5533254015495764,0.8515105636455721,1.1415122644982838,1.4787156589419077
2024-01-01 05:55:00,6531.827819412556,2.0295306936208015,0.5098844037738225,1.380583221242728,0.5713391370171446,0.8869121839336636,1.04,4.48,0.64,0.5149067876810326,0.5533254015495764,0.8515105636455721,1.1415122644982838,1.4787156589419077
2024-01-01 06:00:00,6451.021385081729,1.4720063339416771,0.3769231605083026,1.0759994659662606,0.5398320813320983,0.8274676303052964,0.02256102834535696,0.13596823158370483,0.023259406699226014,0.5123904761019666,0.5411552457474658,0.8223161435846922,1.1034592199080127,1.4191842727426203
2024-01-01 06:05:00,6437.556238524322,1.4209424430457733,0.41420174588351516,0.9643816590117003,0.5328881305652371,0.8959334731661777,1.04,4.48,0.64,0.5123904761019666,0.5411552457474658,0.8223161435846922,1.1034592199080127,1.4191842727426203
2024-01-01 06:10:00,6222.107174594922,2.2104726372505588,0.6026146830029645,1.405933344034758,0.6463244854275991,0.8144444806395372,1.04,4.48,0.64,0.5123904761019666,0.5411552457474658,0.8223161435846922,1.1034592199080127,1.4191842727426203
2024-01-01 06:15:00,6410.62378744654,2.5710856868537513,0.5410498614514108,1.8562551279982877,0.6972381494548922,0.913835244006852,1.04,4.48,0.64,0.5100990099970789,0.535956154923143,0.8189074673001828,1.1053691691014365,1.4277955035648489
2024-01-01 06:20:00,6087.477665579421,5.735535578796806,1.4274529122294135,3.5977355493365692,0.6826161971588186,0.7621048329892552,1.04,4.48,0.64,0.5100990099970789,0.535956154923143,0.8189074673001828,1.1053691691014365,1.4277955035648489
2024-01-01 06:25:00,5872.111506209322,3.878329955397995,0.9494657544509977,2.4947515336126735,0.8829561825627429,0.6928704760520762,1.04,4.48,0.64,0.5100990099970789,0.535956154923143,0.8189074673001828,1.1053691691014365,1.4277955035648489
2024-01-01 06:30:00,6302.898325635328,3.7743361567544227,0.964138789737157,2.3693329270859005,0.7265653081382641,0.816941294854854,0.021587033144922906,0.13596823158370483,0.023259406699226014,0.8333333333333334,0.5249761899362675,0.796714152001833,1.0695888228660582,1.3664567318433467
2024-01-01 06:35:00,6141.329520075402,1.7074291117496072,0.41210527147084397,1.2367599120338812,0.5783229599135895,0.8148207296338257,1.04,4.48,0.64,0.8333333333333334,0.5249761899362675,0.796714152001833,1.0695888228660582,1.3664567318433467
2024-01-01 06:40:00,6208.647758484229,3.8858722287335214,0.7964154069159378,2.7422745440844474,0.7228659208309404,0.9320463522920092,1.04,4.48,0.64,0.8333333333333334,0.5249761899362675,0.796714152001833,1.0695888228660582,1.3664567318433467
2024-01-01 06:45:00,6558.7712984654845,2.2782165543341804,0.5319917216068495,1.5849225286940174,0.6789213125824606,1.0841272240292659,1.04,4.48,0.64,0.8333333333333334,0.5156316514722501,0.7811520722625013,1.0457705293227573,2.0833333333333335
2024-01-01 06:50:00,6370.22908379695,1.2370488091321274,0.33204170205596345,0.9409086065791785,0.48839737142599254,0.8900603579026102,1.04,4.48,0.64,0.8333333333333334,0.5156316514722501,0.7811520722625013,1.0457705293227573,2.0833333333333335
2024-01-01 06:55:00,6572.241945011566,1.0045534874866247,0.2864781800935832,0.825765208051074,0.45844260836941286,0.9768714103186881,1.04,4.48,0.64,0.8333333333333334,0.5156316514722501,0.7811520722625013,1.0457705293227573,2.0833333333333335
2024-01-01 07:00:00,6451.030736864849,0.9118105631247131,0.28898018925774205,0.7364202319625776,0.41352488781341035,0.9791998002849379,0.021587033144922906,0.13477151034250526,0.020591260281974,0.8333333333333334,0.8333333333333334,1.25,1.6666666666666667,2.0833333333333335
2024-01-01 07:05:00,6047.09656895036,0.7686615738437174,0.28770816557255097,0.6195763914355772,0.3830314003268076,0.6186565331888203,1.04,4.48,0.64,0.8333333333333334,0.8333333333333334,1.25,1.6666666666666667,2.0833333333333335
2024-01-01 07:10:00,6289.4377918304335,0.7510730975812018,0.2728927795213041,0.6359692747094473,0.3487458523705423,0.6676308023800298,1.04,4.48,0.64,0.8333333333333334,0.8333333333333334,1.25,1.6666666666666667,2.0833333333333335
2024-01-01 07:15:00,6653.058475818621,1.1103574582058533,0.3654952026180622,0.7683158064845037,0.3741874304236713,0.868346275872132,1.04,4.48,0.64,0.8333333333333334,0.8333333333333334,1.25,1.6666666666666667,2.0833333333333335
2024-01-01 07:20:00,6343.3010521811775,0.9708068311966656,0.32866088075162475,0.7110953887888299,0.3626669396492238,0.9840546787202707,1.04,4.48,0.64,0.8333333333333334,0.8333333333333334,1.25,1.6666666666666667,2.0833333333333335
2024-01-01 07:25:00,6141.336197833035,0.7337167132963152,0.2941542559770464,0.582964096904149,0.3433066831433918,0.6635162012947103,1.04,4.48,0.64,0.8333333333333334,0.8333333333333334,1.25,1.6666666666666667,2.0833333333333335
2024-01-01 07:30:00,6383.700044197366,0.7508895425879464,0.32055397634377364,0.5604312611195081,0.32262100236457975,0.7130723428528662,0.021587033144922906,0.11682876358157693,0.020591260281974,0.8333333333333334,0.5104987757086201,0.7718612310512817,1.6666666666666667,2.0833333333333335
2024-01-01 07:35:00,6356.768986767993,0.9147025425685467,0.3336165540705404,0.6580784839405979,0.3276256403899599,0.7828079632461847,1.04,4.48,0.64,0.8333333333333334,0.5104987757086201,0.7718612310512817,1.6666666666666667,2.0833333333333335
2024-01-01 07:40:00,6195.189868470668,0.9739287970462696,0.33869095149843537,0.6973335066026558,0.32260884667066303,0.7457578492194968,1.04,4.48,0.64,0.8333333333333334,0.5104987757086201,0.7718612310512817,1.6666666666666667,2.0833333333333335
2024-01-01 07:45:00,6087.48701388581,0.8600834101315376,0.31427386464956647,0.6455649470386602,0.3129304846358268,0.5583911619286609,1.04,4.48,0.64,0.8333333333333334,0.5132796508726992,0.7778823561439094,1.0457705293227573,2.0833333333333335
2024-01-01 07:50:00,6356.770322616396,0.8349533775015358,0.29957701441397533,0.650470658031754,0.3225966916652259,0.5854549323750292,1.04,4.48,0.64,0.8333333333333334,0.5132796508726992,0.7778823561439094,1.0457705293227573,2.0833333333333335
2024-01-01 07:55:00,6680.0034683871045,0.8011055442103016,0.2827454744514753,0.655427186692178,0.3225906396371381,1.1465031576376408,1.04,4.48,0.64,0.8333333333333334,0.5132796508726992,0.7778823561439094,1.0457705293227573,2.0833333333333335
2024-01-01 08:00:00,7380.626887139235,0.7564245195818138,0.2738493595283811,0.6381583356379383,0.310571974714243,1.3322810610530058,0.02061552812808831,0.11682876358157693,0.018027756377319945,0.8333333333333334,0.5186945151049893,0.7904430150238535,1.0535142381572258,2.0833333333333335
2024-01-01 08:05:00,6935.960312514457,0.983681865681832,0.31270317333335956,0.7504744490748717,0.33530633324050974,1.2688889498695393,1.04,4.48,0.64,0.8333333333333334,0.5186945151049893,0.7904430150238535,1.0535142381572258,2.0833333333333335
2024-01-01 08:10:00,6989.852302451296,0.8884988920705524,0.29953972219585834,0.6944535724229037,0.3225724341486716,1.104019726585789,1.04,4.48,0.64,0.8333333333333334,0.5186945151049893,0.7904430150238535,1.0535142381572258,2.0833333333333335
2024-01-01 08:15:00,7124.591521668103,0.7858401071283002,0.30093469750875046,0.6102587456278189,0.32256635759138297,1.2079985755947986,1.04,4.48,0.64,0.8333333333333334,0.5249761899362675,0.8029659021403088,1.0685280763742242,1.3577186748365804
2024-01-01 08:20:00,7259.343358841329,0.8756028571817213,0.30092527766284477,0.6810765684050418,0.32756963511879833,1.2194423974172468,1.04,4.48,0.64,0.8333333333333334,0.5249761899362675,0.8029659021403088,1.0685280763742242,1.3577186748365804
2024-01-01 08:25:00,7811.944598690085,0.9502392309848735,0.3268801230327954,0.69710328685903,0.3486444113770378,1.5357146637747001,1.04,4.48,0.64,0.8333333333333334,0.5249761899362675,0.8029659021403088,1.0685280763742242,1.3577186748365804
2024-01-01 08:30:00,8162.4600633249265,1.0170502193444977,0.3301598201804388,0.7474679640550017,0.34591745382937195,1.6501295440282533,0.02256102834535696,0.13357484793178692,0.023259406699226014,0.8333333333333334,0.5396378415196621,0.8404121845856354,1.1415122644982838,1.4938621087637238
2024-01-01 08:35:00,8472.57968356049,1.6689915832808675,0.49843419501674097,1.0580030983023316,0.3378917356781872,1.8243362253451325,1.04,4.48,0.64,0.8333333333333334,0.5396378415196621,0.8404121845856354,1.1415122644982838,1.4938621087637238
2024-01-01 08:40:00,8823.19789122813,1.4374014256891054,0.44261356740928853,0.9337853714522202,0.35413169943135764,2.0149808549688544,1.04,4.48,0.64,0.8333333333333334,0.5396378415196621,0.8404121845856354,1.1415122644982838,1.4938621087637238
2024-01-01 08:45:00,9295.252886217406,1.517731830854592,0.4426001793054252,1.006946519768306,0.4009869193083735,2.086423334799043,1.04,4.48,0.64,0.5111125120753747,0.5446613626832731,0.8314069039886546,1.1329414150784674,1.4851612707042963
2024-01-01 08:50:00,8958.065470511838,1.739354536723321,0.47878419582706944,1.1548596606231147,0.41335127953187367,2.0820646077033613,1.04,4.48,0.64,0.5111125120753747,0.5446613626832731,0.8314069039886546,1.1329414150784674,1.4851612707042963
2024-01-01 08:55:00,8701.828493185862,1.918573660547402,0.5138144190958854,1.2680094057094546,0.47478322027754105,1.621300381558134,1.04,4.48,0.64,0.5111125120753747,0.5446613626832731,0.8314069039886546,1.1329414150784674,1.4851612707042963
2024-01-01 09:00:00,8391.681766957729,5.819092786962684,1.5070473861171432,3.5583735248162207,0.5957798652207765,1.2908052126819973,1.04,4.48,0.64,0.512609988197655,0.5572396252959763,0.8685297922351312,1.2014807530709761,1.6196913286178944
2024-01-01 09:05:00,8620.91777040399,6.67447030671979,1.489531656519944,4.436666364829005,0.6895883081990789,1.724691869596494,1.04,4.48,0.64,0.512609988197655,0.5572396252959763,0.8685297922351312,1.2014807530709761,1.6196913286178944
2024-01-01 09:10:00,6558.788667772904,9.305836618592359,1.6974046160921155,6.741501636332866,0.9429070610295174,1.2343284209507654,1.04,4.48,0.64,0.512609988197655,0.5572396252959763,0.8685297922351312,1.2014807530709761,1.6196913286178944
2024-01-01 09:15:00,5710.639777945698,11.927917763814309,2.795859578187948,7.67196455185374,0.8301176114290483,0.6030217515251087,1.04,4.48,0.64,0.5214441484953111,0.6057755359867217,0.9710521304234906,1.5322927266028512,2.3771798417452557
2024-01-01 09:20:00,5872.128862945183,14.170744117704595,3.24321287101325,9.22667590593236,1.3941825505616199,0.5080212091786154,1.04,4.48,0.64,0.5214441484953111,0.6057755359867217,0.9710521304234906,1.5322927266028512,2.3771798417452557
2024-01-01 09:25:00,5428.121380638499,13.04920994247948,3.3468914587288268,7.94743599227833,1.2940559607597568,0.48801886504621933,1.04,4.48,0.64,0.5214441484953111,0.6057755359867217,0.9710521304234906,1.5322927266028512,2.3771798417452557
2024-01-01 09:30:00,5549.185992452887,14.20950067593612,3.842780499360377,8.346970503418294,1.6299075368348321,0.5592441680547958,0.026476404589747454,0.13596823158370483,0.028792360097775936,0.5324368507156506,0.6478765314471577,1.0717478061559071,1.5805619253923586,2.250974011400398
2024-01-01 09:35:00,5253.289867078234,13.46436982444651,4.01489194552849,7.339470810653677,1.6298945256434885,0.47225311719765345,1.04,4.48,0.64,0.5324368507156506,0.6478765314471577,1.0717478061559071,1.5805619253923586,2.250974011400398
2024-01-01 09:40:00,4675.414519194224,6.511521403428068,1.6120991439841925,4.085619682808678,1.3132515167351246,0.377225140067017,1.04,4.48,0.64,0.5324368507156506,0.6478765314471577,1.0717478061559071,1.5805619253923586,2.250974011400398
2024-01-01 09:45:00,4944.108373697548,10.240206768969722,2.8311924084286284,5.9330301381015405,1.1482528687296993,0.39131882798910356,1.04,4.48,0.64,0.5307391072834184,0.651067584817429,1.0829466468852469,1.6286528942656873,2.3720784135437007
2024-01-01 09:50:00,4796.306454107799,17.493029083614505,4.840378753684159,10.10020132772354,1.4712852905014797,0.4489766468424861,1.04,4.48,0.64,0.5307391072834184,0.651067584817429,1.0829466468852469,1.6286528942656873,2.3720784135437007
2024-01-01 09:55:00,5186.063115117122,18.71578708561779,5.182350714377125,10.798600850441735,1.8703150790947831,0.5698422061658143,1.04,4.48,0.64,0.5307391072834184,0.651067584817429,1.0829466468852469,1.6286528942656873,2.3720784135437007
2024-01-01 10:00:00,5670.274906616646,8.937074521698392,2.3893780943465552,5.309921391727585,1.8508844400664513,0.8844147985791398,0.02256102834535696,0.1323782459469833,0.01680029761641144,0.5327813810560575,0.6478765314471577,1.0581176494133344,1.5805619253923586,2.389099411912363
2024-01-01 10:05:00,5791.384097539102,8.743180465174536,2.3565817416617327,5.166846505082891,1.9246750949311655,0.9671107536370332,1.04,4.48,0.64,0.5327813810560575,0.6478765314471577,1.0581176494133344,1.5805619253923586,2.389099411912363
2024-01-01 10:10:00,5333.9787312679055,8.72763185832337,2.114620271049951,5.522358905492998,1.9479783016395777,0.9761719250542203,1.04,4.48,0.64,0.5327813810560575,0.6478765314471577,1.0581176494133344,1.5805619253923586,2.389099411912363
2024-01-01 10:15:00,5105.399434255369,14.818581577502085,4.123736159232355,8.525261424119615,2.8715466053598573,0.6847890112429197,1.04,4.48,0.64,0.5314132102234569,0.6491502137410108,1.0769028925580988,1.6251033813268618,2.4284200625097796
2024-01-01 10:20:00,4702.278882198568,20.443245283760326,6.130016914732044,11.074550988075199,2.5515520852291282,0.652573218648214,1.04,4.48,0.64,0.5314132102234569,0.6491502137410108,1.0769028925580988,1.6251033813268618,2.4284200625097796
2024-01-01 10:25:00,4702.278882198568,20.81592574399761,6.20605242747564,11.33062243703244,2.9730325809571507,0.6036788781943638,1.04,4.48,0.64,0.5314132102234569,0.6491502137410108,1.0769028925580988,1.6251033813268618,2.4284200625097796
2024-01-01 10:30:00,5495.3817838316445,12.695695317780238,3.503672546210443,7.35433846263838,2.898827775341049,0.7611558710310933,0.021587033144922906,0.1299852299301732,0.01929378138157474,0.5320939766620179,0.6472410679182834,1.0743224097076258,1.6203780423098801,2.577404896402581
2024-01-01 10:35:00,5576.097713620373,17.384161840753382,5.354654907518679,9.204471568828803,3.6646525599188746,1.0711732463790917,1.04,4.48,0.64,0.5320939766620179,0.6472410679182834,1.0743224097076258,1.6203780423098801,2.577404896402581
2024-01-01 10:40:00,5589.553302657974,15.497675045950476,4.665631496946367,8.374295279568384,3.101868172841413,1.1391080498478017,1.04,4.48,0.64,0.5320939766620179,0.6472410679182834,1.0743224097076258,1.6203780423098801,2.577404896402581
2024-01-01 10:45:00,5468.478651658226,14.620479992167393,4.2680450724594925,8.106553635739065,3.015924830032663,0.945470869624279,1.04,4.48,0.64,0.5352391988634614,0.6555730317821197,1.1109654180036388,1.5933738575739216,2.2659655778497605
2024-01-01 10:50:00,4997.869830475964,12.15620636600616,3.32406254275983,7.090671246517931,2.63727494534296,0.6657858885925757,1.04,4.48,0.64,0.5352391988634614,0.6555730317821197,1.1109654180036388,1.5933738575739216,2.2659655778497605
2024-01-01 10:55:00,3964.34307653202,7.514060974163142,1.6996895054345234,4.94973048562531,1.4672618622198859,0.44352853499647854,1.04,4.48,0.64,0.5352391988634614,0.6555730317821197,1.1109654180036388,1.5933738575739216,2.2659655778497605
2024-01-01 11:00:00,3857.1684677222806,6.557238433217686,1.3918506874146142,4.4706831862453,1.4749728357881653,0.3139441971292972,0.02061552812808831,0.12041594578792295,0.018027756377319945,0.5374095272694744,0.6627405223765934,1.095127389850149,1.6776200404143962,2.8309185788362052
2024-01-01 11:05:00,4420.325358634627,5.945575739640978,1.230009730378264,4.111853957692869,1.5832096230587733,0.3456397742379919,1.04,4.48,0.64,0.5374095272694744,0.6627405223765934,1.095127389850149,1.6776200404143962,2.8309185788362052
2024-01-01 11:10:00,3870.562098053485,7.645674451107185,1.802584802249957,4.922663499900648,1.2630597618443218,0.44360064803356913,1.04,4.48,0.64,0.5374095272694744,0.6627405223765934,1.095127389850149,1.6776200404143962,2.8309185788362052
2024-01-01 11:15:00,3723.2693275118754,4.797151664530383,0.7572365974310331,3.7109309952925726,0.9388562353151804,0.31678955768904743,1.04,4.48,0.64,0.5341760009584856,0.6614295124954737,1.103902169578446,1.758100110915189,2.7807833428730113
2024-01-01 11:20:00,3522.591019387867,2.926621891331996,0.49798188421001255,2.279960433070015,0.5848655524712553,0.2826346089794051,1.04,4.48,0.64,0.5341760009584856,0.6614295124954737,1.103902169578446,1.758100110915189,2.7807833428730113
2024-01-01 11:25:00,3495.8495873304196,2.502919914877878,0.4526921153829944,1.940405576818503,0.501444768052665,0.28940110854322687,1.04,4.48,0.64,0.5341760009584856,0.6614295124954737,1.103902169578446,1.758100110915189,2.7807833428730113
2024-01-01 11:30:00,3509.219775520226,2.9954116919178024,0.5627827493331724,2.2382848214884357,0.5357624388625766,0.2826347034406893,0.018681541692269404,0.1108519733698954,0.0145,0.5355968633216591,0.6588178807530956,1.0890216526773009,1.618018541302911,2.7255428817026526
2024-01-01 11:35:00,3282.0912678943178,2.396360606860967,0.502334488890637,1.7497516092997754,0.4811880961608343,0.2794502249818848,1.04,4.48,0.64,0.5355968633216591,0.6588178807530956,1.0890216526773009,1.618018541302911,2.7255428817026526
2024-01-01 11:40:00,3242.045871077867,1.8343726875997581,0.40730014045075985,1.3674876696728198,0.46785687671416365,0.27074936551708484,1.04,4.48,0.64,0.5355968633216591,0.6588178807530956,1.0890216526773009,1.618018541302911,2.7255428817026526
2024-01-01 11:45:00,4567.992554752669,2.4570522605538234,0.5627409326021936,1.7088352112832024,0.5777430401961294,0.374104310081991,1.04,4.48,0.64,0.5345287644271354,0.6647134721065913,1.1189567283858657,1.6393294360804969,2.407875412059353
2024-01-01 11:50:00,3549.3352997942766,5.233445492420343,1.1629251584919955,3.507145877628802,1.0677961269610767,0.740329637118514,1.04,4.48,0.64,0.5345287644271354,0.6647134721065913,1.1189567283858657,1.6393294360804969,2.407875412059353
2024-01-01 11:55:00,3469.1150788250293,6.20828065480953,1.6644450102162867,3.7035699928519383,0.8672281692874821,0.2966803354170614,1.04,4.48,0.64,0.5345287644271354,0.6647134721065913,1.1189567283858657,1.6393294360804969,2.407875412059353
2024-01-01 12:00:00,3362.215163413953,7.711117016904397,2.1396115203343067,4.470800842128545,1.8195043312965224,0.32708631876850985,0.018681541692269404,0.12878881939050457,0.0125,0.5385164807134505,0.6834881125520765,1.1450201046269886,1.8040239050522582,2.8722632191357396
2024-01-01 12:05:00,3161.9930075955135,3.886285147863081,0.8462532279753924,2.6639879442523635,0.829760352507404,0.28155753730481203,1.04,4.48,0.64,0.5385164807134505,0.6834881125520765,1.1450201046269886,1.8040239050522582,2.8722632191357396
2024-01-01 12:10:00,3135.318750796552,1.8938946210581955,0.45257164069377737,1.3456711534208827,0.5184416471402736,0.2664933459649537,1.04,4.48,0.64,0.5385164807134505,0.6834881125520765,1.1450201046269886,1.8040239050522582,2.8722632191357396
2024-01-01 12:15:00,3055.3360930016875,1.5557706609092778,0.3592695106881179,1.1886272797997597,0.48111923169414816,0.2626897994639733,1.04,4.48,0.64,0.5388886712485242,0.6903448413655309,1.1641787491618287,1.8090207986642939,2.7647162603059288
2024-01-01 12:20:00,3042.0104679127753,1.5557145921806041,0.3913777240804368,1.129066023976905,0.4546175624977921,0.4166666666666667,1.04,4.48,0.64,0.5388886712485242,0.6903448413655309,1.1641787491618287,1.8090207986642939,2.7647162603059288
2024-01-01 12:25:00,3042.0104679127753,1.8712612375184132,0.4674351408014572,1.2988500029500667,0.41927739890068205,0.26415200453481325,1.04,4.48,0.64,0.5388886712485242,0.6903448413655309,1.1641787491618287,1.8090207986642939,2.7647162603059288
2024-01-01 12:30:00,2975.4097291527064,1.5666393335468303,0.3721898874963349,1.1744696939559005,0.41926939112807526,0.26730153703505133,0.01772004514666935,0.12400387090732289,0.0125,0.5438713083073973,0.6889673432028546,1.1486513831445988,1.6191980268021573,2.416427942232087
2024-01-01 12:35:00,3015.365422548017,1.4238638505466592,0.35559639496893675,1.0701541624983304,0.40988406225270807,0.26340597635051505,1.04,4.48,0.64,0.5438713083073973,0.6889673432028546,1.1486513831445988,1.6191980268021573,2.416427942232087
2024-01-01 12:40:00,3028.6864634505896,1.49678291693751,0.3759391946804337,1.1011625520460093,0.4224057222303349,0.2634041055542273,1.04,4.48,0.64,0.5438713083073973,0.6889673432028546,1.1486513831445988,1.6191980268021573,2.416427942232087
2024-01-01 12:45:00,3015.365422548017,1.5812013180928588,0.36841087566499015,1.1955009667049121,0.4098683477831014,0.4166666666666667,1.04,4.48,0.64,0.5466635162510848,0.7221087175765156,1.2305670887846791,1.9680002540650243,3.2094292327452867
2024-01-01 12:50:00,2988.7270327885344,1.592202523233161,0.3484191143200541,1.2450500956752824,0.406762268882477,0.4166666666666667,1.04,4.48,0.64,0.5466635162510848,0.7221087175765156,1.2305670887846791,1.9680002540650243,3.2094292327452867
2024-01-01 12:55:00,2975.4097291527064,1.6327603860249584,0.3501790489494974,1.2806825138978184,0.37661436820326405,0.2633984797198747,1.04,4.48,0.64,0.5466635162510848,0.7221087175765156,1.2305670887846791,1.9680002540650243,3.2094292327452867
2024-01-01 13:00:00,2962.095478197696,1.5920900941886489,0.34839595776391913,1.2449882064353957,0.376607057141631,0.4166666666666667,0.018681541692269404,0.11204713293966964,0.0125,0.5745337239884183,0.7787226720726705,1.3040560724140662,2.187457485301143,3.671349070845757
2024-01-01 13:05:00,2975.4097291527064,1.5588877240994647,0.34487026297803614,1.2201063717768421,0.38846168233067085,0.26127876445181536,1.04,4.48,0.64,0.5745337239884183,0.7787226720726705,1.3040560724140662,2.187457485301143,3.671349070845757
2024-01-01 13:10:00,2975.4097291527064,1.5294361506787497,0.35732204094473174,1.1671897381468055,0.37659237567396064,0.4166666666666667,1.04,4.48,0.64,0.5745337239884183,0.7787226720726705,1.3040560724140662,2.187457485301143,3.671349070845757
2024-01-01 13:15:00,2922.159390681864,1.643630990671958,0.368338280926028,1.2555891498482818,0.3795245144877589,0.4166666666666667,1.04,4.48,0.64,0.557681808919746,0.7559689147048311,1.2544844997049585,2.203481846986718,4.0516436171015835
2024-01-01 13:20:00,2922.159390681864,1.766093434231121,0.3328545835808137,1.446666883928589,0.3736562913689908,0.2612728143303702,1.04,4.48,0.64,0.557681808919746,0.7559689147048311,1.2544844997049585,2.203481846986718,4.0516436171015835
2024-01-01 13:25:00,2922.159390681864,1.606565697143236,0.3090474898300099,1.3450985623395528,0.3884316020924544,0.4166666666666667,1.04,4.48,0.64,0.557681808919746,0.7559689147048311,1.2544844997049585,2.203481846986718,4.0516436171015835
2024-01-01 13:30:00,2922.159390681864,1.573329310256043,0.3166600205516797,1.2947555303052085,0.3944543707810468,0.4166666666666667,0.018681541692269404,0.10846197490364998,0.0116619037896906,0.5630994583552714,0.7665252768174055,1.3465951730197165,2.0316476687654283,3.25
2024-01-01 13:35:00,2935.4696243896,1.6471062052102456,0.32297653085250916,1.3522622975400735,0.3621377765135723,0.2648877240615918,1.04,4.48,0.64,0.5630994583552714,0.7665252768174055,1.3465951730197165,2.0316476687654283,3.25
2024-01-01 13:40:00,2922.159390681864,1.6359524449754876,0.3166394015793814,1.3558354214792083,0.37072438087854787,0.26488594669451604,1.04,4.48,0.64,0.5630994583552714,0.7665252768174055,1.3465951730197165,2.0316476687654283,3.25
2024-01-01 13:45:00,2922.160710920312,1.6580990039154058,0.31819208393952064,1.3738746421541264,0.3649686014621039,0.26337969706171016,1.04,4.48,0.64,0.5672953375447396,0.7507329751649383,1.2670238513934928,2.0055877567436435,3.4858307474689587
2024-01-01 13:50:00,2922.159390681864,1.7136774829069354,0.31506851792040413,1.4355384204650392,0.3765338034947452,0.4166666666666667,1.04,4.48,0.64,0.5672953375447396,0.7507329751649383,1.2670238513934928,2.0055877567436435,3.4858307474689587
2024-01-01 13:55:00,2908.8523053578133,1.6950567208918068,0.3150582493437535,1.4173206567943883,0.3564811261513291,0.26337594482328125,1.04,4.48,0.64,0.5672953375447396,0.7507329751649383,1.2670238513934928,2.0055877567436435,3.4858307474689587
2024-01-01 14:00:00,2895.5457533305344,1.5693109549207926,0.32779349399169766,1.2659770565027224,0.3564741860301727,0.2641172137982597,0.02061552812808831,0.11682876358157693,0.01345362404707371,0.5701543650626557,0.7871873982731178,1.3686003945637308,2.1661399423859944,3.661948115416165
2024-01-01 14:05:00,2882.2397608273222,1.525149876107628,0.3447327795109056,1.187940700324503,0.37945079006307925,0.4166666666666667,1.04,4.48,0.64,0.5701543650626557,0.7871873982731178,1.3686003945637308,2.1661399423859944,3.661948115416165
2024-01-01 14:10:00,2895.5444334598224,1.4300792430354978,0.3553724563603342,1.076452720304664,0.3765045051810168,0.4166666666666667,1.04,4.48,0.64,0.5701543650626557,0.7871873982731178,1.3686003945637308,2.1661399423859944,3.661948115416165
2024-01-01 14:15:00,2908.850985301972,1.455525418386606,0.3429682429087637,1.1248491475049063,0.37649719580046137,0.4166666666666667,1.04,4.48,0.64,0.5663532466579494,0.7492422839108855,1.2554466296900082,1.8605808232914798,2.8488769717206117
2024-01-01 14:20:00,2922.159390681864,1.6577056531206202,0.3196943185472024,1.3700425716283988,0.36778315109647813,0.26124896975449025,1.04,4.48,0.64,0.5663532466579494,0.7492422839108855,1.2554466296900082,1.8605808232914798,2.8488769717206117
2024-01-01 14:25:00,2922.159390681864,1.82504397467563,0.33778138178068484,1.4937457330149502,0.37356182382588515,0.26336466272106557,1.04,4.48,0.64,0.5663532466579494,0.7492422839108855,1.2554466296900082,1.8605808232914798,2.8488769717206117
2024-01-01 14:30:00,2922.159390681864,1.9110549139103978,0.35173810096067415,1.5487444564253836,0.3706522626894253,0.4166666666666667,0.021587033144922906,0.122807817340754,0.0125,0.5790198614900874,0.7703220105903764,1.3099526709007465,1.8202859665448174,2.572159404080548
2024-01-01 14:35:00,2922.159390681864,1.8137280933783524,0.3165259451107694,1.5303199223230501,0.35642566572237855,0.4166666666666667,1.04,4.48,0.64,0.5790198614900874,0.7703220105903764,1.3099526709007465,1.8202859665448174,2.572159404080548
2024-01-01 14:40:00,2908.8523053578133,1.7168306041310541,0.301623362112538,1.4716855445201107,0.3481378419870551,0.4166666666666667,1.04,4.48,0.64,0.5790198614900874,0.7703220105903764,1.3099526709007465,1.8202859665448174,2.572159404080548
2024-01-01 14:45:00,2908.850985301972,1.7763144578203625,0.29742317586737127,1.5412584623528096,0.36488335022395063,0.4166666666666667,1.04,4.48,0.64,0.5815573918367817,0.7810249675906655,1.3001323009601753,2.036872664159446,3.163437370962163
2024-01-01 14:50:00,2895.5444334598224,2.189516208680456,0.3134092308517094,1.909030693821757,0.37644597360888965,0.4166666666666667,1.04,4.48,0.64,0.5815573918367817,0.7810249675906655,1.3001323009601753,2.036872664159446,3.163437370962163
2024-01-01 14:55:00,2895.5444334598224,2.500582829732926,0.33432406050108027,2.168787218939977,0.3882961850856314,0.26335335672498444,1.04,4.48,0.64,0.5815573918367817,0.7810249675906655,1.3001323009601753,2.036872664159446,3.163437370962163
2024-01-01 15:00:00,2882.2397608273222,2.2499498161559117,0.34811834556366433,1.8902616233466984,0.40347673125756844,0.2612330516862783,0.021587033144922906,0.10846197490364998,0.01345362404707371,0.6086123561019773,0.8320006009613214,1.4029067538507325,2.1157410640246126,3.1781415953352363
2024-01-01 15:05:00,2895.5444334598224,2.034640596014642,0.30884933710465096,1.7669212474401337,0.4413380233557091,0.4166666666666667,1.04,4.48,0.64,0.6086123561019773,0.8320006009613214,1.4029067538507325,2.1157410640246126,3.1781415953352363
2024-01-01 15:10:00,2882.2397608273222,2.1250636812765955,0.3211762190735569,1.826587948813721,0.4510661283004036,0.4166666666666667,1.04,4.48,0.64,0.6086123561019773,0.8320006009613214,1.4029067538507325,2.1157410640246126,3.1781415953352363
2024-01-01 15:15:00,2882.2397608273222,2.261143319236634,0.3643400762523246,1.8677166244100865,0.44132155002908247,0.4166666666666667,1.04,4.48,0.64,0.7492422839108855,1.0103880442681417,1.6353257290215915,2.471813150300807,4.0383288622894495
2024-01-01 15:20:00,2908.850985301972,2.4470514494961484,0.3534100071225062,2.074286662514522,0.4807998437253937,0.26261874662758944,1.04,4.48,0.64,0.7492422839108855,1.0103880442681417,1.6353257290215915,2.471813150300807,4.0383288622894495
2024-01-01 15:25:00,2908.849665246148,2.5192790414086597,0.31333821016526386,2.23667377362717,0.4477850172019415,0.4166666666666667,1.04,4.48,0.64,0.7492422839108855,1.0103880442681417,1.6353257290215915,2.471813150300807,4.0383288622894495
2024-01-01 15:30:00,2922.1580704434336,2.671670282817834,0.31797394906609566,2.3769353241504327,0.47410601151391724,0.4166666666666667,0.0422965719651132,0.09055385138137416,0.01680029761641144,1.1512467155219162,1.465907227623904,2.159989666641949,3.0656816534010836,4.7552333276086465
2024-01-01 15:35:00,2908.849665246148,2.6639844260279624,0.3259541897494389,2.3503387844051145,0.4412886042475416,0.2640822957464209,1.04,4.48,0.64,1.1512467155219162,1.465907227623904,2.159989666641949,3.0656816534010836,4.7552333276086465
2024-01-01 15:40:00,2908.850985301972,2.7670033327752876,0.33932341594194154,2.422476557739576,0.45101608059187537,0.2715925485746069,1.04,4.48,0.64,1.1512467155219162,1.465907227623904,2.159989666641949,3.0656816534010836,4.7552333276086465
2024-01-01 15:45:00,2908.850985301972,3.1152282741204904,0.3462541761815029,2.753966764672532,0.44775178284607586,0.2648412842074959,1.04,4.48,0.64,0.8561687917694735,1.1341622458890086,1.7395816048694006,2.5460994187187582,3.7598691466592293
2024-01-01 15:50:00,2908.849665246148,3.2110531025954403,0.3444923040217767,2.853300927881609,0.43804076290930943,0.2633326169930531,1.04,4.48,0.64,0.8561687917694735,1.1341622458890086,1.7395816048694006,2.5460994187187582,3.7598691466592293
2024-01-01 15:55:00,2922.1580704434336,2.9695344433663293,0.30580038985799973,2.70423965540616,0.438032604812605,0.2612111245090854,1.04,4.48,0.64,0.8561687917694735,1.1341622458890086,1.7395816048694006,2.5460994187187582,3.7598691466592293
2024-01-01 16:00:00,2922.1580704434336,2.858514065368573,0.35691975446352175,2.4755997118997324,0.40956260330503613,0.26332884259390177,0.0462709412050371,0.08697677851012878,0.01680029761641144,2.090669749147388,2.388911048992825,3.235720284573436,4.318865852281129,6.003572603042292
2024-01-01 16:05:00,2935.4683039710417,2.835517079338216,0.3716650496409048,2.4223487672419464,0.434804579167827,0.26407124255631564,1.04,4.48,0.64,2.090669749147388,2.388911048992825,3.235720284573436,4.318865852281129,6.003572603042292
2024-01-01 16:10:00,2935.466983552499,2.8010599293276988,0.33415777806303165,2.4679166225954634,0.42523280300811295,0.26641329520392193,1.04,4.48,0.64,2.090669749147388,2.388911048992825,3.235720284573436,4.318865852281129,6.003572603042292
2024-01-01 16:15:00,2922.1580704434336,2.9119026405471287,0.33080181071437725,2.5859079293437266,0.4379998093492888,0.26332316778903453,1.04,4.48,0.64,1.5441894313846343,1.8835753236863133,2.661460681655846,3.6871941907092443,5.317022098882043
2024-01-01 16:20:00,2922.1580704434336,3.0381984076570556,0.3375235177521597,2.69648385343873,0.4126416494184887,0.26406571383703126,1.04,4.48,0.64,1.5441894313846343,1.8835753236863133,2.661460681655846,3.6871941907092443,5.317022098882043
2024-01-01 16:25:00,2922.1580704434336,3.1109582878326485,0.3868745020749423,2.665958895201705,0.40334492821482965,0.26891569135086146,1.04,4.48,0.64,1.5441894313846343,1.8835753236863133,2.661460681655846,3.6871941907092443,5.317022098882043
2024-01-01 16:30:00,2922.156750205021,2.9614936201590036,0.3496794196384931,2.5934542120437656,0.42520059213785305,0.2633175011664863,1.04,4.48,0.64,0.964689069078737,1.2292798704932901,1.8332375296180252,2.604154421304543,4.013613832944071
2024-01-01 16:35:00,2922.1580704434336,2.8543047308134573,0.32259463156755225,2.547687065554337,0.4064114215926099,0.2680589728785707,1.04,4.48,0.64,0.964689069078737,1.2292798704932901,1.8332375296180252,2.604154421304543,4.013613832944071
2024-01-01 16:40:00,2922.156750205021,2.915454098726414,0.33577969734624763,2.5781419938014802,0.35905438798920103,0.26331372168272515,1.04,4.48,0.64,0.964689069078737,1.2292798704932901,1.8332375296180252,2.604154421304543,4.013613832944071
2024-01-01 16:45:00,2922.1580704434336,2.9230534622474496,0.33917691222038265,2.578115547180965,0.3479692520011863,0.4166666666666667,1.04,4.48,0.64,0.8456500458227387,1.0806312969741345,1.602359510222347,2.2759569965181683,3.392670924212957
2024-01-01 16:50:00,2922.156750205021,2.965102969069164,0.3514113821224311,2.593336962298239,0.3479624802394928,0.27066914936896963,1.04,4.48,0.64,0.8456500458227387,1.0806312969741345,1.602359510222347,2.2759569965181683,3.392670924212957
2024-01-01 16:55:00,2922.156750205021,3.0684687175539627,0.36042764531152144,2.677211111730531,0.339884862479971,0.2672165115600049,1.04,4.48,0.64,0.8456500458227387,1.0806312969741345,1.602359510222347,2.2759569965181683,3.392670924212957
2024-01-01 17:00:00,2922.156750205021,3.0186066426508136,0.3307032662252865,2.692427266328217,0.3219302093017609,0.26721489863254555,0.03931920650267501,0.08459314393022639,0.01929378138157474,0.7388748202503588,0.9552989061021687,1.468384745221769,2.060437392885307,3.1084105262979667
2024-01-01 17:05:00,2935.466983552499,3.099021627792843,0.3478293762042332,2.7344033780627117,0.3372297628037561,0.26257821834444706,1.04,4.48,0.64,0.7388748202503588,0.9552989061021687,1.468384745221769,2.060437392885307,3.1084105262979667
2024-01-01 17:10:00,2922.1554299666277,3.029989183880766,0.337411470981896,2.688556493444238,0.34522188248871105,0.262576285022063,1.04,4.48,0.64,0.7388748202503588,0.9552989061021687,1.468384745221769,2.060437392885307,3.1084105262979667
2024-01-01 17:15:00,2935.4656631339767,2.7774157100467134,0.3085920788980306,2.505558907050872,0.32191208526084797,0.4166666666666667,1.04,4.48,0.64,0.8168941179859236,1.0069140976270023,1.471480886726022,2.0264269663622225,2.9101347047860173
2024-01-01 17:20:00,2935.466983552499,2.773539470882284,0.3071017362336907,2.505527671648411,0.3219060023658106,0.2672084396621494,1.04,4.48,0.64,0.8168941179859236,1.0069140976270023,1.471480886726022,2.0264269663622225,2.9101347047860173
2024-01-01 17:25:00,2935.4656631339767,2.781126037352971,0.3041730684509832,2.520722287909814,0.32189996991516384,0.266388119433709,1.04,4.48,0.64,0.8168941179859236,1.0069140976270023,1.471480886726022,2.0264269663622225,2.9101347047860173
2024-01-01 17:30:00,2922.156750205021,2.6779725115261273,0.30708212410343866,2.410394649121422,0.3294248195214249,0.2625685393567178,0.0422965719651132,0.08221046162137761,0.01929378138157474,0.7286288492778749,0.8988932083401231,1.3011126930439192,1.7655098413772718,2.6547060100884994
2024-01-01 17:35:00,2908.8483451903426,2.6512107305130166,0.358509318811968,2.2662162549012685,0.3268806462757575,0.4166666666666667,1.04,4.48,0.64,0.7286288492778749,0.8988932083401231,1.3011126930439192,1.7655098413772718,2.6547060100884994
2024-01-01 17:40:00,2895.543113589129,2.53681472009185,0.34951689692002597,2.171573433248687,0.34789507557522503,0.4166666666666667,1.04,4.48,0.64,0.7286288492778749,0.8988932083401231,1.3011126930439192,1.7655098413772718,2.6547060100884994
2024-01-01 17:45:00,2895.541793718453,2.293568249358691,0.31458790467332975,2.009353817678983,0.33981937292272124,0.26256273500025934,1.04,4.48,0.64,0.6700119401921133,0.8192685762312626,1.2050420075665413,1.5875418104730343,2.132717515284197
2024-01-01 17:50:00,2895.541793718453,2.2101928195670104,0.32083933189758446,1.911679152660359,0.3293997469943395,0.26637971328651155,1.04,4.48,0.64,0.6700119401921133,0.8192685762312626,1.2050420075665413,1.5875418104730343,2.132717515284197
2024-01-01 17:55:00,2895.541793718453,2.0892528377966766,0.3161138809572477,1.803164333101868,0.342472072482046,0.2632853102120203,1.04,4.48,0.64,0.6700119401921133,0.8192685762312626,1.2050420075665413,1.5875418104730343,2.132717515284197
2024-01-01 18:00:00,2895.541793718453,1.8002237887070427,0.3305719344731302,1.4850874929545899,0.3478680787702061,0.26255691813900706,0.03337663853655728,0.07625850772208961,0.01680029761641144,0.6365814951755981,0.735934779718964,1.0700346910264171,1.405051244617078,1.9695136455480577
2024-01-01 18:05:00,2895.541793718453,1.5628813292233006,0.33222651868635356,1.2502132475936034,0.3451484238806813,0.26115913679322866,1.04,4.48,0.64,0.6365814951755981,0.735934779718964,1.0700346910264171,1.405051244617078,1.9695136455480577
2024-01-01 18:10:00,2882.237121461353,1.515069969239561,0.3192133972031107,1.2323987733923947,0.339786674259169,0.4166666666666667,1.04,4.48,0.64,0.6365814951755981,0.735934779718964,1.0700346910264171,1.405051244617078,1.9695136455480577
2024-01-01 18:15:00,2882.237121461353,1.3982824618721013,0.31147340695704984,1.1373029164117143,0.3169631060667402,0.2632777249206249,1.04,4.48,0.64,0.596888599321515,0.6653728278191108,0.9589711987333092,1.2992575764643437,1.8106904760339355
2024-01-01 18:20:00,2882.237121461353,1.2900761905316724,0.32397998097788155,1.0068005884713533,0.32183347353880454,0.26184155677986815,1.04,4.48,0.64,0.596888599321515,0.6653728278191108,0.9589711987333092,1.2992575764643437,1.8106904760339355
2024-01-01 18:25:00,2882.2358017783977,1.3295115779491362,0.335545768982722,1.0202921803102922,0.32182741802875026,0.4166666666666667,1.04,4.48,0.64,0.596888599321515,0.6653728278191108,0.9589711987333092,1.2992575764643437,1.8106904760339355
2024-01-01 18:30:00,2882.237121461353,1.394488901271124,0.31917162127856163,1.1163313434809543,0.33450373559474167,0.2618375966999241,0.028442925306655785,0.06556706490304412,0.0145,0.5825813247950882,0.6322728841252011,0.9110410748149612,1.234868515267921,2.0604717906343684
2024-01-01 18:35:00,2895.5404738477973,1.3546333253494476,0.302601540811828,1.1162904659754451,0.33711311428542234,0.26183562357987744,1.04,4.48,0.64,0.5825813247950882,0.6322728841252011,0.9110410748149612,1.234868515267921,2.0604717906343684
2024-01-01 18:40:00,2895.5404738477973,1.2970201988034158,0.30402874191860846,1.057635990625228,0.30305263620164535,0.2625414126260447,1.04,4.48,0.64,0.5825813247950882,0.6322728841252011,0.9110410748149612,1.234868515267921,2.0604717906343684
2024-01-01 18:45:00,2895.541793718453,1.4052057726849405,0.2750301153805008,1.242811200074248,0.29868836382305725,0.26801878905392995,1.04,4.48,0.64,0.5825813247950882,0.6286183261725671,0.9069729874698584,1.2392836640575877,1.8501340491975171
2024-01-01 18:50:00,2882.2358017783977,1.5109555058627164,0.2877759357153844,1.3071040667178015,0.3075385225591597,0.26401023577881993,1.04,4.48,0.64,0.5825813247950882,0.6286183261725671,0.9069729874698584,1.2392836640575877,1.8501340491975171
2024-01-01 18:55:00,2882.237121461353,1.4669946685726039,0.3144449492528461,1.1967213334789504,0.3121613817357591,0.4166666666666667,1.04,4.48,0.64,0.5825813247950882,0.6286183261725671,0.9069729874698584,1.2392836640575877,1.8501340491975171
2024-01-01 19:00:00,2895.5404738477973,1.6656695387423393,0.31443473052474963,1.3900261327475327,0.31215567121978244,0.26113706928408925,0.028442925306655785,0.05138248728895867,0.0125,0.5830951894845301,0.6184626100258609,0.886588878793322,1.2252607885670708,1.9129045977256682
2024-01-01 19:05:00,2895.541793718453,1.6952811990634422,0.3159698407688389,1.415400827459188,0.31932690750440873,0.4166666666666667,1.04,4.48,0.64,0.5830951894845301,0.6184626100258609,0.886588878793322,1.2252607885670708,1.9129045977256682
2024-01-01 19:10:00,2895.5404738477973,1.7547061712489753,0.30253485569782534,1.506600390265333,0.32177302672045915,0.26325682811343337,1.04,4.48,0.64,0.5830951894845301,0.6184626100258609,0.886588878793322,1.2252607885670708,1.9129045977256682
2024-01-01 19:15:00,2895.5404738477973,1.7286037092525002,0.3011037966129327,1.4846030516528013,0.3217669980607887,0.2655491929285081,1.04,4.48,0.64,0.5537544582213312,0.5775127704215726,0.8361244883389075,1.137199300914312,1.6196913286178944
2024-01-01 19:20:00,2895.5404738477973,2.1109334730456886,0.3238520762034017,1.806376334753575,0.3121327593549959,0.26554744055240875,1.04,4.48,0.64,0.5537544582213312,0.5775127704215726,0.8361244883389075,1.137199300914312,1.6196913286178944
2024-01-01 19:25:00,2882.2358017783977,2.718687426607016,0.3206395120079681,2.41731687665211,0.3217548910223304,0.26325111817003466,1.04,4.48,0.64,0.5537544582213312,0.5775127704215726,0.8361244883389075,1.137199300914312,1.6196913286178944
2024-01-01 19:30:00,2882.2358017783977,2.829434884040402,0.3143735209423728,2.5428353261926535,0.3344268953762076,0.2688612482081746,0.024515301344262524,0.052560060882765346,0.0125,0.5520470994398938,0.5785162054774265,0.8414978074837747,1.1436892060345765,1.492767898904582
2024-01-01 19:35:00,2882.2358017783977,2.5317280029297384,0.30683727438309594,2.2654590614688397,0.33183116892543635,0.26800326838129146,1.04,4.48,0.64,0.5520470994398938,0.5785162054774265,0.8414978074837747,1.1436892060345765,1.492767898904582
2024-01-01 19:40:00,2895.539153977159,1.7953667516009015,0.30536335537479886,1.5394384937780936,0.334414068762471,0.2655404395339768,1.04,4.48,0.64,0.5520470994398938,0.5785162054774265,0.8414978074837747,1.1436892060345765,1.492767898904582
2024-01-01 19:45:00,2895.5404738477973,1.5103394641640941,0.30978735307123134,1.249584292476657,0.32173072925690055,0.2706233808280231,1.04,4.48,0.64,0.562640204749003,0.591486263576763,0.8526496115052185,1.1436892060345765,1.8664126017577143
2024-01-01 19:50:00,2908.8470251345557,1.5029547905229905,0.325406553175243,1.206987288457006,0.31445939931897227,0.2715317026064079,1.04,4.48,0.64,0.562640204749003,0.591486263576763,0.8526496115052185,1.1436892060345765,1.8664126017577143
2024-01-01 19:55:00,2908.845705078786,1.5874308580533663,0.34920357301675786,1.2388728641743523,0.3052022461211352,0.27245750968315796,1.04,4.48,0.64,0.562640204749003,0.591486263576763,0.8526496115052185,1.1436892060345765,1.8664126017577143
2024-01-01 20:00:00,2908.8470251345557,1.5321833715870057,0.33533426775326136,1.2140063692252605,0.3051967991107213,0.26885238259305066,0.027459060435491962,0.06201161181585268,0.0125,0.5466635162510848,0.560817260790001,0.8165168951099542,1.0817376068159967,1.4755188917801088
2024-01-01 20:05:00,2908.8470251345557,1.4479691170981104,0.33701958877693594,1.1296760533996302,0.321706570256491,0.4166666666666667,1.04,4.48,0.64,0.5466635162510848,0.560817260790001,0.8165168951099542,1.0817376068159967,1.4755188917801088
2024-01-01 20:10:00,2895.5404738477973,1.4260627043387712,0.3173932302907939,1.1505814357006112,0.32170051838292146,0.2632339740343607,1.04,4.48,0.64,0.5466635162510848,0.560817260790001,0.8165168951099542,1.0817376068159967,1.4755188917801088
2024-01-01 20:15:00,2895.539153977159,1.4005737394479305,0.3082364269383868,1.1470484995161965,0.3396230746238515,0.26799082537991115,1.04,4.48,0.64,0.5363170703977266,0.5462600113499065,0.8016871210141772,1.0695888228660582,1.3569392027648106
2024-01-01 20:20:00,2908.845705078786,1.5172806338891907,0.33192943502815414,1.2068067486998844,0.32168844026624743,0.2632301632730214,1.04,4.48,0.64,0.5363170703977266,0.5462600113499065,0.8016871210141772,1.0695888228660582,1.3569392027648106
2024-01-01 20:25:00,2895.539153977159,1.546598762208348,0.3237135266879273,1.2529069574787777,0.3120583822488974,0.2625005883413698,1.04,4.48,0.64,0.5363170703977266,0.5462600113499065,0.8016871210141772,1.0695888228660582,1.3569392027648106
2024-01-01 20:30:00,2895.539153977159,1.4112984524372054,0.3220968543780642,1.1260343855915256,0.32167636284110107,0.4166666666666667,0.029427877939124318,0.05138248728895867,0.0125,0.525281829116523,0.5317527620990793,0.7860146563519029,1.0493445573309084,1.4144765816371794
2024-01-01 20:35:00,2882.2344820954604,1.3822259610067509,0.3421031428772308,1.056965275155866,0.30515853830772416,0.2624966917798794,1.04,4.48,0.64,0.525281829116523,0.5317527620990793,0.7860146563519029,1.0493445573309084,1.4144765816371794
2024-01-01 20:40:00,2882.2344820954604,1.4402895407478846,0.32207570348572456,1.1539006096583995,0.31921359366750185,0.26473502627143625,1.04,4.48,0.64,0.525281829116523,0.5317527620990793,0.7860146563519029,1.0493445573309084,1.4144765816371794
2024-01-01 20:45:00,2882.2344820954604,1.4475220738230485,0.32691793192094837,1.1503727641017705,0.32413770764162486,0.263967487406385,1.04,4.48,0.64,0.5255891931917931,0.5297405025104273,0.7808174178385111,1.6666666666666667,2.0833333333333335
2024-01-01 20:50:00,2895.539153977159,1.4876395818909713,0.3473096905945561,1.146854649508332,0.3369383008422596,0.4166666666666667,1.04,4.48,0.64,0.5255891931917931,0.5297405025104273,0.7808174178385111,1.6666666666666667,2.0833333333333335
2024-01-01 20:55:00,2895.539153977159,1.487583456774594,0.3490643972082418,1.1433298924712765,0.3317298096299373,0.26321681200643854,1.04,4.48,0.64,0.5255891931917931,0.5297405025104273,0.7808174178385111,1.6666666666666667,2.0833333333333335
2024-01-01 21:00:00,2882.2344820954604,1.3964446998123918,0.33184149225730397,1.0911879775817892,0.33692535413123165,0.26248693913104143,0.024515301344262524,0.050205975739945535,0.01345362404707371,0.5153882032022076,0.5189614629237898,1.25,1.6666666666666667,2.0833333333333335
2024-01-01 21:05:00,2882.2344820954604,1.31694927823799,0.3051985484167925,1.0739173504763413,0.3073885723199155,0.26108678670824287,1.04,4.48,0.64,0.5153882032022076,0.5189614629237898,1.25,1.6666666666666667,2.0833333333333335
2024-01-01 21:10:00,2882.2344820954604,1.2276041259438863,0.2940155795842929,1.0159025302900822,0.3191778457914907,0.4166666666666667,1.04,4.48,0.64,0.5153882032022076,0.5189614629237898,1.25,1.6666666666666667,2.0833333333333335
2024-01-01 21:15:00,2882.2344820954604,1.150025106217197,0.2862866377298323,0.9622505176053786,0.3216220104367867,0.2617722378401898,1.04,4.48,0.64,0.5281098370604357,0.5317527620990793,0.7825076613043479,1.6666666666666667,2.0833333333333335
2024-01-01 21:20:00,2882.2344820954604,1.1745180816613707,0.2717362931082098,1.029383721705815,0.31674534859182374,0.26177024312530023,1.04,4.48,0.64,0.5281098370604357,0.5317527620990793,0.7825076613043479,1.6666666666666667,2.0833333333333335
2024-01-01 21:25:00,2882.2344820954604,1.3347164110478333,0.28146439403439627,1.153603565314285,0.3216099619175172,0.2617682619091046,1.04,4.48,0.64,0.5281098370604357,0.5317527620990793,0.7825076613043479,1.6666666666666667,2.0833333333333335
2024-01-01 21:30:00,2882.233162412541,1.3274610142277026,0.31412875166770526,1.0634720482220406,0.33427317608045937,0.26550182709473136,0.0304138126514911,0.05491812087098392,0.01345362404707371,0.525281829116523,0.5304045625746445,0.7825076613043479,1.0628264204469138,1.4744571882560715
2024-01-01 21:35:00,2882.2344820954604,1.2700444052577085,0.3080785859826857,1.0225315954769412,0.32159788898848063,0.2679659023988952,1.04,4.48,0.64,0.525281829116523,0.5304045625746445,0.7825076613043479,1.0628264204469138,1.4744571882560715
2024-01-01 21:40:00,2882.233162412541,1.3309491236729736,0.3334272509563896,1.0259034680991759,0.3240704430182746,0.2639469765734141,1.04,4.48,0.64,0.525281829116523,0.5304045625746445,0.7825076613043479,1.0628264204469138,1.4744571882560715
2024-01-01 21:45:00,2882.2344820954604,1.298559261860968,0.32515994669412773,1.0123303866848403,0.339505376194532,0.2663002471936426,1.04,4.48,0.64,0.5246722786654542,0.5287570330501524,0.7814884260179417,1.6666666666666667,1.3672658848958386
2024-01-01 21:50:00,2882.2344820954604,1.2770242255657558,0.3022304026058774,1.0428325443490092,0.3215797683442772,0.26394324554293913,1.04,4.48,0.64,0.5246722786654542,0.5287570330501524,0.7814884260179417,1.6666666666666667,1.3672658848958386
2024-01-01 21:55:00,2882.233162412541,1.3235860529643397,0.32352185910008224,1.0394053814575963,0.321573720110776,0.26470782131440745,1.04,4.48,0.64,0.5246722786654542,0.5287570330501524,0.7814884260179417,1.6666666666666667,1.3672658848958386
2024-01-01 22:00:00,2882.2344820954604,1.2483771445500373,0.3300471746901876,0.9553787106912904,0.3215676720510621,0.27058783140985704,0.024515301344262524,0.052560060882765346,0.01345362404707371,0.5223035515866229,0.5271517807994203,0.7801532157211172,1.6666666666666667,1.3553877673935235
2024-01-01 22:05:00,2882.233162412541,1.3019240258355327,0.3050822971448271,1.0598303520428696,0.33947921854945873,0.2679565238511966,1.04,4.48,0.64,0.5223035515866229,0.5271517807994203,0.7801532157211172,1.6666666666666667,1.3553877673935235
2024-01-01 22:10:00,2882.2344820954604,1.2625201869685316,0.2874392152851294,1.0666477528878446,0.3215556015469178,0.2773297279546032,1.04,4.48,0.64,0.5223035515866229,0.5271517807994203,0.7801532157211172,1.6666666666666667,1.3553877673935235
2024-01-01 22:15:00,2882.233162412541,1.2517725375367026,0.27368828594410943,1.0976152145425617,0.3166806548570408,0.2705838544617252,1.04,4.48,0.64,0.5234739726099092,0.5281098370604357,0.779495837063932,1.0462104233852767,2.0833333333333335
2024-01-01 22:20:00,2882.233162412541,1.2374876785706257,0.4166666666666667,1.1079679030445997,0.3421218562279374,0.27058253749560085,1.04,4.48,0.64,0.5234739726099092,0.5281098370604357,0.779495837063932,1.0462104233852767,2.0833333333333335
2024-01-01 22:25:00,2882.233162412541,1.410016106594373,0.2979542608637607,1.1813308008042511,0.3240154328148648,0.2804682545522506,1.04,4.48,0.64,0.5234739726099092,0.5281098370604357,0.779495837063932,1.0462104233852767,2.0833333333333335
2024-01-01 22:30:00,2882.233162412541,1.5746354520423367,0.30945905091476045,1.312943211047684,0.3215314877068681,0.2783581275926852,0.021587033144922906,0.0572796648034885,0.0125,0.5307391072834184,0.5370437598557496,0.7904430150238535,1.06747470696031,1.392657890510085
2024-01-01 22:35:00,2882.233162412541,1.3990141695979397,0.28615386379003105,1.2024221376731232,0.31665714418481694,0.2714911778065433,1.04,4.48,0.64,0.5307391072834184,0.5370437598557496,0.7904430150238535,1.06747470696031,1.392657890510085
2024-01-01 22:40:00,2882.233162412541,1.3374869483800584,0.2768371826840349,1.1706791081257097,0.32151941927867317,0.2733674802991946,1.04,4.48,0.64,0.5307391072834184,0.5370437598557496,0.7904430150238535,1.06747470696031,1.392657890510085
2024-01-01 22:45:00,2868.9303960857383,1.4025314994645746,0.27468820663136856,1.241344043596442,0.3050164961557835,0.26794400636059956,1.04,4.48,0.64,0.5307391072834184,0.5355968633216591,0.7889404540267916,1.0498001000190464,2.0833333333333335
2024-01-01 22:50:00,2868.9303960857383,1.4680193058446291,0.4166666666666667,1.3271782159870937,0.3215073264549713,0.26627814033492125,1.04,4.48,0.64,0.5307391072834184,0.5355968633216591,0.7889404540267916,1.0498001000190464,2.0833333333333335
2024-01-01 22:55:00,2829.0337980734826,1.301370650829728,0.4166666666666667,1.1670704101904104,0.3290177190107797,0.27432916876295893,1.04,4.48,0.64,0.5307391072834184,0.5355968633216591,0.7889404540267916,1.0498001000190464,2.0833333333333335
2024-01-01 23:00:00,2868.9303960857383,1.3084921406877108,0.2898914439566306,1.1042755486178202,0.32149525941353235,0.2670978465140832,0.02061552812808831,0.07863841300535,0.0125,0.5192301994298868,0.5246722786654542,0.7808174178385111,1.6666666666666667,2.0833333333333335
2024-01-01 23:05:00,2868.9303960857383,1.2619140900294998,0.3315667309853323,0.9649465746419995,0.31187539325447144,0.2724143941225155,1.04,4.48,0.64,0.5192301994298868,0.5246722786654542,0.7808174178385111,1.6666666666666667,2.0833333333333335
2024-01-01 23:10:00,2868.9303960857383,1.1662947605677885,0.34698666520313887,0.8484095788975557,0.29841307484981905,0.27241325011563083,1.04,4.48,0.64,0.5192301994298868,0.5246722786654542,0.7808174178385111,1.6666666666666667,2.0833333333333335
2024-01-01 23:15:00,2868.9303960857383,1.1873406539783744,0.34697513766504445,0.8673211599147171,0.3142215909720958,0.2696723033834954,1.04,4.48,0.64,0.8333333333333334,0.8333333333333334,1.25,1.6666666666666667,2.0833333333333335
2024-01-01 23:20:00,2868.9290765931582,1.2297256735616187,0.34520860872645914,0.9090243219878483,0.32147115249286234,0.26626790900669245,1.04,4.48,0.64,0.8333333333333334,0.8333333333333334,1.25,1.6666666666666667,2.0833333333333335
2024-01-01 23:25:00,2855.629561754222,1.2438837134973932,0.33152281074125267,0.9482698006383842,0.3367377220707422,0.2696694774010472,1.04,4.48,0.64,0.8333333333333334,0.8333333333333334,1.25,1.6666666666666667,2.0833333333333335
2024-01-01 23:30:00,2868.9290765931582,1.0619639526057436,0.30347188242639095,0.8388947571725208,0.3214590875285419,0.26966806869533705,0.01772004514666935,0.10368336414295207,0.0116619037896906,0.8333333333333334,0.8333333333333334,1.25,1.6666666666666667,2.0833333333333335
2024-01-01 23:35:00,2868.9303960857383,0.9973971663274537,0.2801068521267701,0.8357407576082182,0.314198387882126,0.27240755727523147,1.04,4.48,0.64,0.8333333333333334,0.8333333333333334,1.25,1.6666666666666667,2.0833333333333335
2024-01-01 23:40:00,2855.6282424546253,0.8791329533160618,0.4166666666666667,0.7630389950776783,0.31658075444881933,0.2687869954221205,1.04,4.48,0.64,0.8333333333333334,0.8333333333333334,1.25,1.6666666666666667,2.0833333333333335
2024-01-01 23:45:00,3656.36295413548,2.172172825115835,0.4528246746036886,1.6153411728160423,0.2983767617220512,0.3470664860679615,1.04,4.48,0.64,0.8333333333333334,0.8333333333333334,1.25,1.6666666666666667,2.0833333333333335
2024-01-01 23:50:00,2895.535194365356,3.597780059904896,0.6790376060495241,2.644332180650713,0.3189871821698887,0.3570752051905531,1.04,4.48,0.64,0.8333333333333334,0.8333333333333334,1.25,1.6666666666666667,2.0833333333333335
2024-01-01 23:55:00,2882.2318427296423,1.4599903040903706,0.3576080229463059,1.1005071075038733,0.3214288905316843,0.2696610089740047,1.04,4.48,0.64,0.8333333333333334,0.8333333333333334,1.25,1.6666666666666667,2.0833333333333335
2024-01-02 00:15:00,2922.1501490132287,6.402646971906597,1.5174742245177564,4.122842121974074,0.3446548016071503,0.288357970950685,1.04,4.48,0.64,0.8333333333333334,0.8333333333333334,1.25,1.6666666666666667,2.0833333333333335
2024-01-02 00:20:00,3095.3158706983872,18.15370145445304,5.322374649509747,10.022663425883502,0.37269798927933645,0.32050724363185307,1.04,4.48,0.64,0.8333333333333334,0.8333333333333334,1.25,1.6666666666666667,2.0833333333333335
2024-01-02 00:25:00,2988.717784982865,8.340507227542224,2.4915206009658664,4.559106815227425,0.4468887770252793,0.3905765570993221,1.04,4.48,0.64,0.8333333333333334,0.8333333333333334,1.25,1.6666666666666667,2.0833333333333335
2024-01-02 00:30:00,3202.011200475817,13.858970985489504,3.110830142311795,9.118100252891068,0.47318117441080076,0.4147310674201084,0.01772004514666935,0.11563321322180752,0.0116619037896906,0.8333333333333334,0.8333333333333334,1.25,1.6666666666666667,2.0833333333333335
2024-01-02 00:35:00,4125.22036464851,11.052364729409483,2.4990816864403675,7.252774136467617,0.5205422985886428,0.6335620671163974,1.04,4.48,0.64,0.8333333333333334,0.8333333333333334,1.25,1.6666666666666667,2.0833333333333335
2024-01-02 00:40:00,4903.849553911716,11.08725916003914,2.428374770154877,7.396144256834781,0.5377951391022336,0.8997014131921768,1.04,4.48,0.64,0.8333333333333334,0.8333333333333334,1.25,1.6666666666666667,2.0833333333333335
2024-01-02 00:45:00,4917.287886056066,7.975830517330135,1.6803480113486513,5.440104022479654,0.6046739104964218,0.943140377111939,1.04,4.48,0.64,0.8333333333333334,0.8333333333333334,1.25,1.6666666666666667,2.0833333333333335
2024-01-02 00:50:00,4903.849553911716,6.309369867321257,1.4548463326381325,4.126483243559963,0.6153839142054598,1.1249304113058196,1.04,4.48,0.64,0.8333333333333334,0.8333333333333334,1.25,1.6666666666666667,2.0833333333333335
2024-01-02 00:55:00,5011.3667815869585,6.115699847396691,1.2951117902546112,4.180412384613328,0.5833355011255126,1.1458661482419705,1.04,4.48,0.64,0.8333333333333334,0.8333333333333334,1.25,1.6666666666666667,2.0833333333333335
2024-01-02 01:00:00,6505.033295397216,2.8372708267884756,0.47398945279674737,2.2332494789651256,0.640517834237664,1.3387669724583797,0.014866068747318507,0.10726714315203886,0.0125,0.8333333333333334,0.5130545779934138,1.25,1.0462104233852767,2.0833333333333335
2024-01-02 01:05:00,8230.064217359124,1.9564421214219954,0.5111411789459025,1.3084512448806704,0.5412209371767538,1.8094440645024432,1.04,4.48,0.64,0.8333333333333334,0.5130545779934138,1.25,1.0462104233852767,2.0833333333333335
2024-01-02 01:10:00,6114.525393073619,10.97449418339484,2.2415860211816754,7.570398158236981,0.6153456323917321,2.176744855928873,1.04,4.48,0.64,0.8333333333333334,0.5130545779934138,1.25,1.0462104233852767,2.0833333333333335
2024-01-02 01:15:00,4071.5925029382706,13.097757158181137,2.4990223312892765,9.296226257732766,0.7169443362460299,0.8186212738492572,1.04,4.48,0.64,0.8333333333333334,0.5310753242243514,0.8046928358075521,1.1053691691014365,1.4415352926654277
2024-01-02 01:20:00,4232.5122103243875,8.85976545727055,1.6025078728994542,6.442549739468655,0.6260829797011942,0.4263805408098762,1.04,4.48,0.64,0.8333333333333334,0.5310753242243514,0.8046928358075521,1.1053691691014365,1.4415352926654277
2024-01-02 01:25:00,3817.006992117921,7.913443960387458,1.5849497139985942,5.524984909849623,0.665800258096965,0.4206562456389488,1.04,4.48,0.64,0.8333333333333334,0.5310753242243514,0.8046928358075521,1.1053691691014365,1.4415352926654277
2024-01-02 01:30:00,3616.2236101730396,6.851332183976648,1.3773061920405278,4.786369780941141,0.6260635918332367,0.3235766707673651,0.015811388300841896,0.10965691952631171,0.018027756377319945,0.5149067876810326,0.5430874699346322,0.8233032005282137,1.1308333210513386,1.4982576547443367
2024-01-02 01:35:00,3576.0929489752602,2.0803127341725474,0.3537614384255691,1.7109582413766136,0.5273192041181822,0.2932183677096295,1.04,4.48,0.64,0.5149067876810326,0.5430874699346322,0.8233032005282137,1.1308333210513386,1.4982576547443367
2024-01-02 01:40:00,3549.3432596187426,3.823733048386086,0.9782340630975747,2.3962265254251522,0.48307782897374324,0.293219825641766,1.04,4.48,0.64,0.5149067876810326,0.5430874699346322,0.8233032005282137,1.1308333210513386,1.4982576547443367
2024-01-02 01:45:00,3429.0228677871655,11.187715453883408,2.466148253837011,7.438490539696459,0.527301287459684,0.3118806327199904,1.04,4.48,0.64,0.5195007218474291,0.5581254339304024,0.8503767635583653,1.15930248425508,1.5344705927452635
2024-01-02 01:50:00,3642.9831106574397,9.949705207889199,2.0222189474213303,6.884154557653749,0.5938704233764561,0.38001373659382365,1.04,4.48,0.64,0.5195007218474291,0.5581254339304024,0.8503767635583653,1.15930248425508,1.5344705927452635
2024-01-02 01:55:00,3803.615262295809,8.425064907826243,1.489714478921404,6.182867388367815,0.6875807291137056,0.48605373000511026,1.04,4.48,0.64,0.5195007218474291,0.5581254339304024,0.8503767635583653,1.15930248425508,1.5344705927452635
2024-01-02 02:00:00,3322.14827874107,4.19743771103581,0.7189657625796827,3.175485766056624,0.5690971234456971,0.3266493502163297,0.013000000000000001,0.12400387090732289,0.0125,0.5274694303938381,0.5830951894845301,0.8872293953651446,1.285009338487468,2.1359597374482506
2024-01-02 02:05:00,3268.741049349236,2.9743332596765772,0.6786598159898217,2.028964646303645,0.5238197003016096,0.2848906602033533,1.04,4.48,0.64,0.5274694303938381,0.5830951894845301,0.8872293953651446,1.285009338487468,2.1359597374482506
2024-01-02 02:10:00,3242.0445471096723,4.46748114540722,1.0150105119362776,2.9761491194106298,0.4964986258107972,0.2932286441910244,1.04,4.48,0.64,0.5274694303938381,0.5830951894845301,0.8872293953651446,1.285009338487468,2.1359597374482506
2024-01-02 02:15:00,3202.009876913525,3.2887133138394513,0.6457278097550267,2.392138497752365,0.46636926297538045,0.27938922447300096,1.04,4.48,0.64,0.5352391988634614,0.6149504045042983,0.9537592148965062,1.3831052924488432,2.121390110281464
2024-01-02 02:20:00,3188.6677432118195,4.251239699190363,0.9928592624164181,2.7962390388399,0.47632247247620074,0.2772997464992443,1.04,4.48,0.64,0.5352391988634614,0.6149504045042983,0.9537592148965062,1.3831052924488432,2.121390110281464
2024-01-02 02:25:00,3268.739725118701,6.893454176846342,1.8183048092213592,4.14913998104702,0.49309223717222894,0.2957449081743515,1.04,4.48,0.64,0.5352391988634614,0.6149504045042983,0.9537592148965062,1.3831052924488432,2.121390110281464
2024-01-02 02:30:00,3295.4414523162045,9.922232239414758,2.0045128935692955,6.883956899930077,0.5725625098228414,0.3695080042326764,0.013000000000000001,0.11204713293966964,0.0116619037896906,0.5458580401532984,0.6341135544995076,0.978718263853291,1.3353744793128255,1.8020277467342172
2024-01-02 02:35:00,3055.328161391019,8.017535733866065,1.7730395617801074,5.33895756314593,0.554999768661715,0.3009361200544727,1.04,4.48,0.64,0.5458580401532984,0.6341135544995076,0.978718263853291,1.3353744793128255,1.8020277467342172
2024-01-02 02:40:00,3175.3270166477682,10.224830558602115,2.7262934951959403,6.0783254683561045,0.5032298392005541,0.2920019331603485,1.04,4.48,0.64,0.5458580401532984,0.6341135544995076,0.978718263853291,1.3353744793128255,1.8020277467342172
2024-01-02 02:45:00,3108.645124891139,3.4536056929476127,0.5945496899403532,2.639434999265272,0.5375680009560975,0.31624870123945054,1.04,4.48,0.64,0.5581254339304024,0.6693466964137494,1.0223732390863915,1.4113879693408187,1.9648806579535563
2024-01-02 02:50:00,3015.35617240067,3.518918829951905,0.8075432868471742,2.361565927771898,0.4630079973522141,0.27236284991824433,1.04,4.48,0.64,0.5581254339304024,0.6693466964137494,1.0223732390863915,1.4113879693408187,1.9648806579535563
2024-01-02 02:55:00,3042.001215485006,3.392000123366907,0.7116775320335799,2.3881042235774825,0.41164189394652984,0.27142670790016826,1.04,4.48,0.64,0.5581254339304024,0.6693466964137494,1.0223732390863915,1.4113879693408187,1.9648806579535563
2024-01-02 03:00:00,2988.716463867836,1.973934570919887,0.29076683893934935,1.7550532549179079,0.40852913008753605,0.2742830646830046,0.013928388277184121,0.11204713293966964,0.64,0.5621823547568885,0.6767096866456102,1.0421597574268544,1.3862178760930766,1.83983694929741
2024-01-02 03:05:00,2975.39916159721,2.0265457041380577,0.4109404817750858,1.5477324319997041,0.40543047083655687,0.27142420202681844,1.04,4.48,0.64,0.5621823547568885,0.6767096866456102,1.0421597574268544,1.3862178760930766,1.83983694929741
2024-01-02 03:10:00,2988.716463867836,2.3783248142100972,0.454392947321348,1.8147041511165996,0.4054226808442968,0.2670155283769538,1.04,4.48,0.64,0.5621823547568885,0.6767096866456102,1.0421597574268544,1.3862178760930766,1.83983694929741
2024-01-02 03:15:00,2962.083591254298,2.3099428257345003,0.410914729545455,1.825872115191048,0.4023385526377197,0.2638211271201327,1.04,4.48,0.64,0.5533254015495764,0.6575173001526271,1.0134488442935836,1.3443594199469129,1.7762725016167986
2024-01-02 03:20:00,2922.1475085366387,1.202304260554202,0.310381030769635,0.9534969702912252,0.38419450709644787,0.4166666666666667,1.04,4.48,0.64,0.5533254015495764,0.6575173001526271,1.0134488442935836,1.3443594199469129,1.7762725016167986
2024-01-02 03:25:00,2935.459061041625,1.1460066922069572,0.31037101655003646,0.9011253309171272,0.38122138621299007,0.2630668301610292,1.04,4.48,0.64,0.5533254015495764,0.6575173001526271,1.0134488442935836,1.3443594199469129,1.7762725016167986
2024-01-02 03:30:00,2908.839104800215,1.0972646399712267,0.29071476114709577,0.9010916135858069,0.37242251261453774,0.4166666666666667,0.013928388277184121,0.13357484793178692,0.01345362404707371,0.5528978205780883,0.6607753022018907,1.0166833135249145,1.3820694627984513,1.8948023643641572
2024-01-02 03:35:00,2895.5338744947912,0.9285158409424954,0.27973768142658756,0.7736025258116794,0.36379121361629846,0.4166666666666667,1.04,4.48,0.64,0.5528978205780883,0.6607753022018907,1.0166833135249145,1.3820694627984513,1.8948023643641572
2024-01-02 03:40:00,2895.532554624246,1.0184273536238182,0.29069739927357596,0.828178511815859,0.36951427751648264,0.4166666666666667,1.04,4.48,0.64,0.5528978205780883,0.6607753022018907,1.0166833135249145,1.3820694627984513,1.8948023643641572
2024-01-02 03:45:00,2895.5338744947912,1.8085681008685905,0.4271309251253371,1.3074314138661234,0.34980905187144146,0.4166666666666667,1.04,4.48,0.64,0.5554853733447893,0.6746917814824782,1.050527181942476,1.4230798466705936,1.918967430677238
2024-01-02 03:50:00,2882.227883681055,2.6024373470537268,0.582877018287839,1.8182097817394907,0.3498022702240733,0.26784787615464645,1.04,4.48,0.64,0.5554853733447893,0.6746917814824782,1.050527181942476,1.4230798466705936,1.918967430677238
2024-01-02 03:55:00,2868.9251181155278,1.2338061034784176,0.34283594773105264,0.9171833175420058,0.3416798897730555,0.4166666666666667,1.04,4.48,0.64,0.5554853733447893,0.6746917814824782,1.050527181942476,1.4230798466705936,1.918967430677238
2024-01-02 04:00:00,2868.9251181155278,1.1631365416354416,0.3118115435054212,0.9138934251228904,0.358105808317075,0.4166666666666667,0.013000000000000001,0.11682876358157693,0.64,0.557681808919746,0.6720126486904842,1.0297433466645949,1.469669690780891,2.2112159550799193
2024-01-02 04:05:00,2855.62428455595,1.380838934587535,0.3534094778562508,1.0337915413135115,0.355304976451432,0.4166666666666667,1.04,4.48,0.64,0.557681808919746,0.6720126486904842,1.0297433466645949,1.469669690780891,2.2112159550799193
2024-01-02 04:10:00,2868.9251181155278,1.0046002039714952,0.3292399669661219,0.7384694155608906,0.34434182204697306,0.4166666666666667,1.04,4.48,0.64,0.557681808919746,0.6720126486904842,1.0297433466645949,1.469669690780891,2.2112159550799193
2024-01-02 04:15:00,2855.62428455595,0.9978153205214662,0.32758294558175205,0.7355890258163645,0.3470402879841463,0.2678399383816305,1.04,4.48,0.64,0.5663532466579494,0.6944955003453946,1.0632088035752902,1.476277751644317,2.1084838154465406
2024-01-02 04:20:00,2855.62428455595,1.0829166898519202,0.29868261472573876,0.8687547536306486,0.36945672251024597,0.26456688505413717,1.04,4.48,0.64,0.5663532466579494,0.6944955003453946,1.0632088035752902,1.476277751644317,2.1084838154465406
2024-01-02 04:25:00,2855.62428455595,0.8922937878139346,0.27633162497340286,0.7498930109226871,0.341640346795506,0.2637946258192302,1.04,4.48,0.64,0.5663532466579494,0.6944955003453946,1.0632088035752902,1.476277751644317,2.1084838154465406
2024-01-02 04:30:00,2842.324091021318,0.7863214569463892,0.2731670989796512,0.6649692928430541,0.3210975112772094,0.26616150986403775,0.013000000000000001,0.11204713293966964,0.64,0.573551218288306,0.7170746125752884,1.0986299832063569,1.5186997728320104,2.1100947846009195
2024-01-02 04:35:00,2842.3254101251378,0.8761702368393881,0.28555876111542056,0.7129963852626772,0.3363371647935859,0.2661597804121409,1.04,4.48,0.64,0.573551218288306,0.7170746125752884,1.0986299832063569,1.5186997728320104,2.1100947846009195
2024-01-02 04:40:00,2842.324091021318,0.9574917400067363,0.29059330261304706,0.7732600322711151,0.3416205772848543,0.27048120906609985,1.04,4.48,0.64,0.573551218288306,0.7170746125752884,1.0986299832063569,1.5186997728320104,2.1100947846009195
2024-01-02 04:45:00,2842.324091021318,0.9442201294935871,0.30144339452984337,0.7382846501428972,0.3311353300038277,0.26534747686928034,1.04,4.48,0.64,0.5862047423895512,0.7552191734854194,1.1826357681044488,1.6428975165846469,2.292724143895205
2024-01-02 04:50:00,2842.3254101251378,0.8412783196512054,0.32425047763949644,0.6164374346725021,0.35524280592571916,0.2645558131239702,1.04,4.48,0.64,0.5862047423895512,0.7552191734854194,1.1826357681044488,1.6428975165846469,2.292724143895205
2024-01-02 04:55:00,2789.148745811119,0.7951134712544768,0.3163083631360442,0.5945272673422138,0.35802922604110465,0.2713966897460387,1.04,4.48,0.64,0.5862047423895512,0.7552191734854194,1.1826357681044488,1.6428975165846469,2.292724143895205
2024-01-02 05:00:00,2842.3254101251378,0.7890387885551355,0.29860844687529353,0.6163929711092314,0.34427526448679646,0.2723328407475823,0.012083045973594574,0.11563321322180752,0.64,0.577012998120493,0.741086364737606,1.1513804584063427,1.6121291046315118,2.2977562969122727
2024-01-02 05:05:00,2842.324091021318,0.8536791789974608,0.2830919853255476,0.6991320645439851,0.34697307502926256,0.26377944968746286,1.04,4.48,0.64,0.577012998120493,0.741086364737606,1.1513804584063427,1.6121291046315118,2.2977562969122727
2024-01-02 05:10:00,2842.3254101251378,0.8536293306747782,0.2842837831252186,0.6963973256884759,0.34696637940741065,0.26454841681438307,1.04,4.48,0.64,0.577012998120493,0.741086364737606,1.1513804584063427,1.6121291046315118,2.2977562969122727
2024-01-02 05:15:00,2842.324091021318,0.9079405296797434,0.2830759668179378,0.7467442704683197,0.33891766362185044,0.2622921735070263,1.04,4.48,0.64,0.567768438714235,0.7092312739861378,1.0925069153099214,1.4773815519357212,2.0162400650716177
2024-01-02 05:20:00,2842.324091021318,0.8535302577771031,0.2807223320008089,0.7045110160330688,0.3362790639095048,0.26302218594704146,1.04,4.48,0.64,0.567768438714235,0.7092312739861378,1.0925069153099214,1.4773815519357212,2.0162400650716177
2024-01-02 05:25:00,2842.324091021318,0.8008832096044357,0.2918166097954609,0.6373647792676979,0.3469462380472486,0.2669707263553795,1.04,4.48,0.64,0.567768438714235,0.7092312739861378,1.0925069153099214,1.4773815519357212,2.0162400650716177
2024-01-02 05:30:00,2842.324091021318,0.8191757148490206,0.3071441868741734,0.6254824665023033,0.33107850736081845,0.2723258810075367,0.012083045973594574,0.10487783369234892,0.64,0.57601736084948,0.725,1.1136239221568474,1.5448321106191443,2.147327641511654
2024-01-02 05:35:00,2842.3227719175184,0.8007871255027744,0.3241543647485981,0.5881528007911913,0.3259903408479205,0.26301635524077777,1.04,4.48,0.64,0.57601736084948,0.725,1.1136239221568474,1.5448321106191443,2.147327641511654
2024-01-02 05:40:00,2842.324091021318,0.8628052616958327,0.33573512787451965,0.6162308426018202,0.3114246535635745,0.2622822436256232,1.04,4.48,0.64,0.57601736084948,0.725,1.1136239221568474,1.5448321106191443,2.147327641511654
2024-01-02 05:45:00,2842.3227719175184,0.8190304799756514,0.32903305423553675,0.5943359098316578,0.30233885443520825,0.4166666666666667,1.04,4.48,0.64,0.5841266985851614,0.7665252768174055,1.2229701549915273,1.6393294360804969,2.2327113561766105
2024-01-02 05:50:00,2842.324091021318,0.6501080380014267,0.2879198441752816,0.8333333333333334,0.3114132574146975,0.26696239901599556,1.04,4.48,0.64,0.5841266985851614,0.7665252768174055,1.2229701549915273,1.6393294360804969,2.2327113561766105
2024-01-02 05:55:00,2868.922479130536,0.718843413027883,0.2830119366160217,0.5901290887222916,0.3259656828512399,0.26453177591293264,1.04,4.48,0.64,0.5841266985851614,0.7665252768174055,1.2229701549915273,1.6393294360804969,2.2327113561766105
2024-01-02 06:00:00,2868.9237986230223,0.8881190555551305,0.27512353269209566,0.7493997147870175,0.3185471436028692,0.2630066121325306,0.012083045973594574,0.09055385138137416,0.64,0.5862047423895512,0.7817934509830585,1.242014492669067,1.8165275252525077,2.63531781764553
2024-01-02 06:05:00,2868.9237986230223,0.8593926019815467,0.2866439728931174,0.696129221731118,0.31854123386057936,0.4166666666666667,1.04,4.48,0.64,0.5862047423895512,0.7817934509830585,1.242014492669067,1.8165275252525077,2.63531781764553
2024-01-02 06:10:00,2868.922479130536,0.8187875483436393,0.2998732679488929,0.6371683865321855,0.3137412397259811,0.4166666666666667,1.04,4.48,0.64,0.5862047423895512,0.7817934509830585,1.242014492669067,1.8165275252525077,2.63531781764553
2024-01-02 06:15:00,2868.9237986230223,0.8592928731098987,0.3130612751277191,0.6468960108053892,0.29174609646893856,0.2637528347041625,1.04,4.48,0.64,0.5898889726041673,0.8113698293626649,1.3247505425550878,1.851734929734815,2.661766330841233
2024-01-02 06:20:00,2868.922479130536,0.9730690700418805,0.3176934693407225,0.7321016297181862,0.30906018861145546,0.261553666177974,1.04,4.48,0.64,0.5898889726041673,0.8113698293626649,1.3247505425550878,1.851734929734815,2.661766330841233
2024-01-02 06:25:00,2868.9237986230223,1.0336434458172605,0.32730164321160543,0.7667969669623558,0.3022960258984807,0.261551642549071,1.04,4.48,0.64,0.5898889726041673,0.8113698293626649,1.3247505425550878,1.851734929734815,2.661766330841233
2024-01-02 06:30:00,2868.922479130536,1.1091788516448282,0.33059066622396555,0.8272428724830578,0.3209531108866212,0.2669490554544968,0.013000000000000001,0.056098484828023654,0.0116619037896906,0.5867273642842986,0.79105562383438,1.2728340661688782,1.7593340359351888,2.4696963376091405
2024-01-02 06:35:00,2855.6216459569287,1.2178589828487532,0.30999167170008846,0.9689447823025624,0.33881334359764753,0.2653080222907201,1.04,4.48,0.64,0.5867273642842986,0.79105562383438,1.2728340661688782,1.7593340359351888,2.4696963376091405
2024-01-02 06:40:00,2868.922479130536,1.4481670123102208,0.2956810051635455,1.2242391237616128,0.3184996728173074,0.4166666666666667,1.04,4.48,0.64,0.5867273642842986,0.79105562383438,1.2728340661688782,1.7593340359351888,2.4696963376091405
2024-01-02 06:45:00,2868.922479130536,1.7357162389714165,0.285344752504206,1.5353159692203195,0.30449345484617385,0.2629890635001669,1.04,4.48,0.64,0.5898889726041673,0.7941593039183008,1.267991230253585,1.6921066751242368,2.3213004975659657
2024-01-02 06:50:00,2868.921159638069,2.0466145603341843,0.3069872871787698,1.7834556813693576,0.31848778217465523,0.26694237362505113,1.04,4.48,0.64,0.5898889726041673,0.7941593039183008,1.267991230253585,1.6921066751242368,2.3213004975659657
2024-01-02 06:55:00,2868.922479130536,1.828843784851317,0.29978908906890894,1.5867899502069185,0.3387872763181231,0.2645095428521092,1.04,4.48,0.64,0.5898889726041673,0.7941593039183008,1.267991230253585,1.6921066751242368,2.3213004975659657
2024-01-02 07:00:00,2882.223924632637,1.4991152286293097,0.30550142813820436,1.248994456692557,0.3284116559548664,0.2615374619559722,0.013000000000000001,0.05138248728895867,0.64,0.5925571702376067,0.7980501237391046,1.2554466296900082,1.9667084811938955,3.0864516843780336
2024-01-02 07:05:00,2895.52991488321,1.488074920474506,0.30695788422922715,1.234736767978511,0.32091097856940265,0.2629812637524815,1.04,4.48,0.64,0.5925571702376067,0.7980501237391046,1.2554466296900082,1.9667084811938955,3.0864516843780336
2024-01-02 07:10:00,2882.2252443154234,1.5614344352199636,0.3040300628900616,1.3133263901926222,0.3184640771781046,0.27044073986037015,1.04,4.48,0.64,0.5925571702376067,0.7980501237391046,1.2554466296900082,1.9667084811938955,3.0864516843780336
2024-01-02 07:15:00,2882.2252443154234,1.8473143133797278,0.3069382901719149,1.5866661739506722,0.3044608176116657,0.2669340131584301,1.04,4.48,0.64,0.5893589738011971,0.7964923100695951,1.2874210500065626,1.8253024406930485,2.584403993186824
2024-01-02 07:20:00,2882.2252443154234,1.6610530747769903,0.30692848682753665,1.403580608207791,0.3184521886690059,0.2686482232537171,1.04,4.48,0.64,0.5893589738011971,0.7964923100695951,1.2874210500065626,1.8253024406930485,2.584403993186824
2024-01-02 07:25:00,2882.223924632637,1.4915110650125316,0.30989195148386134,1.2310618605708905,0.3184462570391381,0.2677793472909412,1.04,4.48,0.64,0.5893589738011971,0.7964923100695951,1.2874210500065626,1.8253024406930485,2.584403993186824
2024-01-02 07:30:00,2882.2252443154234,1.4039402908873235,0.292912574395719,1.1885705160228572,0.3136488354139281,0.264496551400092,1.04,4.48,0.64,0.5810473302580436,0.7559689147048311,1.1835638385824399,1.7018016923249313,2.4886952404824503
2024-01-02 07:35:00,2882.223924632637,1.5390845141327651,0.2942346346988656,1.3167649002520048,0.32087490768194304,0.266097352730499,1.04,4.48,0.64,0.5810473302580436,0.7559689147048311,1.1835638385824399,1.7018016923249313,2.4886952404824503
2024-01-02 07:40:00,2868.921159638069,1.5979575071454108,0.30542373676028156,1.3455453356127374,0.32583621451551903,0.26528462021988614,1.04,4.48,0.64,0.5810473302580436,0.7559689147048311,1.1835638385824399,1.7018016923249313,2.4886952404824503
2024-01-02 07:45:00,2855.6203266574485,1.5536810826721776,0.30835892788931263,1.2951660184675817,0.3258300475358779,0.26449096848187653,1.04,4.48,0.64,0.5658842637854493,0.7149272690281159,1.135078851886511,1.5980495142516706,2.227742354941433
2024-01-02 07:50:00,2855.6203266574485,1.638497605490359,0.3254862153080639,1.3382725183934168,0.3136257537868864,0.2669223037614969,1.04,4.48,0.64,0.5658842637854493,0.7149272690281159,1.135078851886511,1.5980495142516706,2.227742354941433
2024-01-02 07:55:00,2855.6216459569287,1.7572672831011815,0.3388410126775245,1.4251749962567986,0.3044173049725021,0.2669206324162206,1.04,4.48,0.64,0.5658842637854493,0.7149272690281159,1.135078851886511,1.5980495142516706,2.227742354941433
2024-01-02 08:00:00,2855.6203266574485,1.7125590930304557,0.34576608938790904,1.3670958728560343,0.320844845056608,0.2677681348261584,0.01676305461424021,0.12400387090732289,0.0125,0.5658842637854493,0.7170746125752884,1.1296844869254423,1.632207094703365,2.419852061593849
2024-01-02 08:05:00,2855.6216459569287,1.7571544905736292,0.3405373744588477,1.4214744771212093,0.3258053812880624,0.27042582827704387,1.04,4.48,0.64,0.5658842637854493,0.7170746125752884,1.1296844869254423,1.632207094703365,2.419852061593849
2024-01-02 08:10:00,2855.6203266574485,1.7273187857714596,0.312828186562208,1.4542325354314276,0.29785418013209425,0.2660851700721163,1.04,4.48,0.64,0.5658842637854493,0.7170746125752884,1.1296844869254423,1.632207094703365,2.419852061593849
2024-01-02 08:15:00,2868.921159638069,1.5901843728778817,0.2955089224963446,1.3633853459686947,0.30664676644213973,0.2629538945429704,1.04,4.48,0.64,0.5711182014259395,0.741824777154282,1.1966076048563288,1.6704023467416464,2.378881249663379
2024-01-02 08:20:00,2882.223924632637,1.5901285286821942,0.2928240483802838,1.3705879836512733,0.2978438560693801,0.2629519346455076,1.04,4.48,0.64,0.5711182014259395,0.741824777154282,1.1966076048563288,1.6704023467416464,2.378881249663379
2024-01-02 08:25:00,2882.223924632637,1.745756968299533,0.3336803579954913,1.424988390241155,0.2999854570047906,0.2660799315101226,1.04,4.48,0.64,0.5711182014259395,0.741824777154282,1.1966076048563288,1.6704023467416464,2.378881249663379
2024-01-02 08:30:00,2882.222604949868,2.0530276182807343,0.3582033440552957,1.6749685765223,0.3208087856534951,0.27134249049520975,0.015811388300841896,0.1299852299301732,0.01345362404707371,0.5795248053362341,0.7657675887630659,1.236283074380621,1.7347352103419125,2.5060095769968638
2024-01-02 08:35:00,2882.223924632637,2.584021470382105,0.29279751368777446,2.355598796157927,0.3066246793369746,0.2762253113221886,1.04,4.48,0.64,0.5795248053362341,0.7657675887630659,1.236283074380621,1.7347352103419125,2.5060095769968638
2024-01-02 08:40:00,2882.222604949868,2.8589793156723,0.2941182626161982,2.6258377100826658,0.30661918115472925,0.2669055463917976,1.04,4.48,0.64,0.5795248053362341,0.7657675887630659,1.236283074380621,1.7347352103419125,2.5060095769968638
2024-01-02 08:45:00,2882.223924632637,2.8053753420904424,0.2981919760185782,2.5609866341368965,0.3043629948715424,0.27041496937196524,1.04,4.48,0.64,0.5909526207742885,0.7964923100695951,1.2981726233440605,1.7754123464705318,2.4731469830966373
2024-01-02 08:50:00,2868.9198401456206,2.6486984275063112,0.2815553515734527,2.4543355671437452,0.3088919582417053,0.27041359718103103,1.04,4.48,0.64,0.5909526207742885,0.7964923100695951,1.2981726233440605,1.7754123464705318,2.4731469830966373
2024-01-02 08:55:00,2868.9198401456206,2.5761744055178353,0.29144888273172415,2.351681679154114,0.31833946865667195,0.2704122336068706,1.04,4.48,0.64,0.5909526207742885,0.7964923100695951,1.2981726233440605,1.7754123464705318,2.4731469830966373
2024-01-02 09:00:00,2868.9198401456206,2.572306868378391,0.3112080873503194,2.2947279729918506,0.3135449191645756,0.2704108786487214,0.01772004514666935,0.08459314393022639,0.015620499351813309,0.5974353521511763,0.8011716420343397,1.2903487900563941,1.7890702194156607,2.695374556531986
2024-01-02 09:05:00,2868.9198401456206,2.0677130014010316,0.32050431816239827,1.7714359917096705,0.32076673260312777,0.2677472660518992,1.04,4.48,0.64,0.5974353521511763,0.8011716420343397,1.2903487900563941,1.7890702194156607,2.695374556531986
2024-01-02 09:10:00,2868.921159638069,1.909695944502322,0.30236379575332895,1.6598914736615924,0.2977922485562596,0.265252119437499,1.04,4.48,0.64,0.5974353521511763,0.8011716420343397,1.2903487900563941,1.7890702194156607,2.695374556531986
2024-01-02 09:15:00,2868.9198401456206,2.1809034241834486,0.29540037687042103,1.9472732803726938,0.3207547082989714,0.2652503072468252,1.04,4.48,0.64,0.6103277807866851,0.8529249673916224,1.3726179949279407,1.9964929251064227,3.0444500324360724
2024-01-02 09:20:00,2868.921159638069,2.0675443500125312,0.31732019899031433,1.7788007282688834,0.3183097797647386,0.2652485026734744,1.04,4.48,0.64,0.6103277807866851,0.8529249673916224,1.3726179949279407,1.9964929251064227,3.0444500324360724
2024-01-02 09:25:00,2868.9198401456206,1.7860773644193328,0.2888202851625593,1.5748017742557856,0.2977767704635513,0.27132855012021595,1.04,4.48,0.64,0.6103277807866851,0.8529249673916224,1.3726179949279407,1.9964929251064227,3.0444500324360724
2024-01-02 09:30:00,2868.9198401456206,1.9470018292581628,0.31266618878003516,1.6708874917758485,0.3020982519462976,0.2722698987388977,0.01772004514666935,0.12400387090732289,0.01680029761641144,0.629224920040521,0.8602325267042628,1.33267496412291,1.9731702916879728,2.978945450994362
2024-01-02 09:35:00,2855.619007357986,1.834518232175587,0.3157319184346058,1.5526472575242285,0.28955557967816886,0.2713260056053791,1.04,4.48,0.64,0.629224920040521,0.8602325267042628,1.33267496412291,1.9731702916879728,2.978945450994362
2024-01-02 09:40:00,2842.320133709978,1.3988614731555389,0.26978509035833603,1.2551380327846084,0.3158771846757603,0.2694934944916426,1.04,4.48,0.64,0.629224920040521,0.8602325267042628,1.33267496412291,1.9731702916879728,2.978945450994362
2024-01-02 09:45:00,2842.3188146062366,1.3337120084199965,0.27917201843218387,1.1596215879299305,0.3042978310726866,0.2636725815404992,1.04,4.48,0.64,0.6018513105410671,0.80508446761815,1.2776867221662749,1.7865834013557833,2.7433308221940718
2024-01-02 09:50:00,2842.320133709978,1.395121531519144,0.2850410603982393,1.201834583104235,0.3042923944810372,0.26291663123213227,1.04,4.48,0.64,0.6018513105410671,0.80508446761815,1.2776867221662749,1.7865834013557833,2.7433308221940718
2024-01-02 09:55:00,2842.3188146062366,1.3914383218462836,0.29265604838089226,1.1771210820056421,0.2998909271020102,0.2703958910180424,1.04,4.48,0.64,0.6018513105410671,0.80508446761815,1.2776867221662749,1.7865834013557833,2.7433308221940718
2024-01-02 10:00:00,2855.619007357986,1.3986384979232866,0.312605459189266,1.135045469466144,0.29774068405573595,0.27039452796932134,0.014866068747318507,0.11443775600735973,0.0125,0.5640221626851201,0.6889673432028546,1.0488480538190457,1.4478290644962202,2.0700241544484452
2024-01-02 10:05:00,2868.918520653192,1.3840766053408267,0.30957323108410006,1.1280427924707546,0.2977355049425165,0.2694862359933431,1.04,4.48,0.64,0.5640221626851201,0.6889673432028546,1.0488480538190457,1.4478290644962202,2.0700241544484452
2024-01-02 10:10:00,2882.222604949868,1.3190370744728825,0.2939573206840159,1.1036947283700849,0.2895221881761379,0.26948478275849286,1.04,4.48,0.64,0.5640221626851201,0.6889673432028546,1.0488480538190457,1.4478290644962202,2.0700241544484452
2024-01-02 10:15:00,2868.918520653192,1.474974799360539,0.28378964730728945,1.2834976768953805,0.28194171357168984,0.4166666666666667,1.04,4.48,0.64,0.5630994583552714,0.6726812023536856,1.0215581040743595,1.3738136700440857,1.8413049720239176
2024-01-02 10:20:00,2868.918520653192,1.9727413445106174,0.2966419722856316,1.73744907210097,0.29772005556209236,0.2677231155991017,1.04,4.48,0.64,0.5630994583552714,0.6726812023536856,1.0215581040743595,1.3738136700440857,1.8413049720239176
2024-01-02 10:25:00,2855.6163687591193,2.373464424941171,0.33007650871822714,2.0521951677214716,0.3020395096471367,0.2713132937848658,1.04,4.48,0.64,0.5630994583552714,0.6726812023536856,1.0215581040743595,1.3738136700440857,1.8413049720239176
2024-01-02 10:30:00,2855.6176880585426,2.377207425409942,0.361570306411569,1.9881535573184421,0.29770974259669103,0.26603621983944714,0.014866068747318507,0.09771304928206878,0.0116619037896906,0.578013840664737,0.6910347313992257,1.032213466294642,1.3924657985027855,2.0240958475329176
2024-01-02 10:35:00,2882.221285267118,3.2218522839891017,0.413813385850942,2.724412383994512,0.2998489306862308,0.2685885582362273,1.04,4.48,0.64,0.578013840664737,0.6910347313992257,1.032213466294642,1.3924657985027855,2.0240958475329176
2024-01-02 10:40:00,2829.021927925312,3.4331097744491252,0.3689509522488643,3.02287214589956,0.297699408822489,0.27321537247585836,1.04,4.48,0.64,0.578013840664737,0.6910347313992257,1.032213466294642,1.3924657985027855,2.0240958475329176
2024-01-02 10:45:00,2882.221285267118,4.500785014756507,0.40175210155869695,4.022806992610248,0.29558643728791556,0.27620614768496293,1.04,4.48,0.64,0.6359630492410703,0.7582216034906946,1.1056643975456566,1.4884576749105094,2.1440764911728314
2024-01-02 10:50:00,2895.5259552717953,5.958986034597624,0.40773004341474767,5.467934245308303,0.3134180321103254,0.28966945989894555,1.04,4.48,0.64,0.6359630492410703,0.7582216034906946,1.1056643975456566,1.4884576749105094,2.1440764911728314
2024-01-02 10:55:00,2908.8325045220995,6.416010501687386,0.3745520960053555,5.990547766885547,0.3064702041207239,0.2872682485986299,1.04,4.48,0.64,0.6359630492410703,0.7582216034906946,1.1056643975456566,1.4884576749105094,2.1440764911728314
2024-01-02 11:00:00,2922.1422275836726,6.892619800628575,0.3957787782346744,6.424369315769197,0.29767880882723424,0.2921335980502566,0.021587033144922906,0.0774483053397555,0.015620499351813309,0.6137882370981054,0.7113620737711562,1.0264602476472238,1.334380848933317,1.8948023643641572
2024-01-02 11:05:00,2922.140907345476,7.229829284247591,0.4637607623431631,6.6335845274629754,0.2998174531855919,0.3039147436191004,1.04,4.48,0.64,0.6137882370981054,0.7113620737711562,1.0264602476472238,1.334380848933317,1.8948023643641572
2024-01-02 11:10:00,2908.8338245776863,7.59813403647846,0.45734944898598584,7.013389791799736,0.29766852093777724,0.294657318242623,1.04,4.48,0.64,0.6137882370981054,0.7113620737711562,1.0264602476472238,1.334380848933317,1.8948023643641572
2024-01-02 11:15:00,2868.9172011607807,7.687280980102766,0.4467576326064383,7.1219120790179415,0.3181734213129737,0.2933911138529189,1.04,4.48,0.64,0.6161168720299746,0.7149272690281159,1.0371735438199337,1.4456610944477961,2.0940152817016404
2024-01-02 11:20:00,2868.9172011607807,7.48558905997359,0.448851221651461,6.916442203592144,0.3157602542480032,0.29339264472387344,1.04,4.48,0.64,0.6161168720299746,0.7149272690281159,1.0371735438199337,1.4456610944477961,2.0940152817016404
2024-01-02 11:25:00,2868.9172011607807,7.00092165822326,0.42182141310412913,6.482378793105153,0.29979646503291313,0.28967640419583524,1.04,4.48,0.64,0.6161168720299746,0.7149272690281159,1.0371735438199337,1.4456610944477961,2.0940152817016404
2024-01-02 11:30:00,2868.9172011607807,6.144509473739021,0.39965245605693805,5.669023831521231,0.3255529109692476,0.290902122676793,0.035355339059327376,0.1934586260676944,0.04317406628984581,0.5936328831862332,0.6575173001526271,0.95450100052331,1.317635761506191,1.9311354173128308
2024-01-02 11:35:00,2868.9172011607807,5.416588446965277,0.3688173380512989,5.003514867291212,0.3110207080485697,0.28153278406351545,1.04,4.48,0.64,0.5936328831862332,0.6575173001526271,0.95450100052331,1.317635761506191,1.9311354173128308
2024-01-02 11:40:00,2882.221285267118,5.5829565266047645,0.41770251217727966,5.073091928068571,0.29763757576701744,0.2860945176835998,1.04,4.48,0.64,0.5936328831862332,0.6575173001526271,0.95450100052331,1.317635761506191,1.9311354173128308
2024-01-02 11:45:00,2882.219965584386,6.3341830117346065,0.42999225689160425,5.800583830127834,0.3019541391366897,0.29340021695848345,1.04,4.48,0.64,0.5430874699346322,0.5800310336525106,0.8578397053063003,1.1517865470650366,1.487325115769918
2024-01-02 11:50:00,2895.5259552717953,6.334133506693684,0.36878082154703096,5.920602665418388,0.3019487912401021,0.2934017361783519,1.04,4.48,0.64,0.5430874699346322,0.5800310336525106,0.8578397053063003,1.1517865470650366,1.487325115769918
2024-01-02 11:55:00,2882.219965584386,5.505399356460435,0.3249606139523454,5.189065252377674,0.3019434659248101,0.29467256270492237,1.04,4.48,0.64,0.5430874699346322,0.5800310336525106,0.8578397053063003,1.1517865470650366,1.487325115769918
2024-01-02 12:00:00,2882.221285267118,4.731821881036427,0.3298688830753621,4.404442005350002,0.29761696436667573,0.28609654159257764,0.02353720459187964,0.15632018423735305,0.05491812087098392,0.5524717187331855,0.5941725338653748,0.8703508258168082,1.1577876532421651,1.492767898904582
2024-01-02 12:05:00,2842.3161763988132,5.439506095048922,0.3877943771123248,4.987895123011202,0.3109866025076679,0.29340628218557285,1.04,4.48,0.64,0.5524717187331855,0.5941725338653748,0.8703508258168082,1.1577876532421651,1.492767898904582
2024-01-02 12:10:00,2882.219965584386,4.843804433580933,0.3897264698310573,4.388935401179998,0.2976066815962967,0.2946776486129517,1.04,4.48,0.64,0.5524717187331855,0.5941725338653748,0.8703508258168082,1.1577876532421651,1.492767898904582
2024-01-02 12:15:00,2895.52463540136,4.1292853824312115,0.3451801066677119,3.767959994356108,0.2934263988192365,0.29340930903481627,1.04,4.48,0.64,0.5682429058070149,0.609183059514954,0.8840384607017955,1.171627180463137,1.5049066416226624
2024-01-02 12:20:00,2895.52463540136,4.013524800871326,0.36314492953011723,3.61390914327599,0.2997387814168494,0.28153196668264424,1.04,4.48,0.64,0.5682429058070149,0.609183059514954,0.8840384607017955,1.171627180463137,1.5049066416226624
2024-01-02 12:25:00,2895.52463540136,4.233361522517515,0.34691298955154354,3.8680826915881426,0.3019114512239493,0.284933482733309,1.04,4.48,0.64,0.5682429058070149,0.609183059514954,0.8840384607017955,1.171627180463137,1.5049066416226624
2024-01-02 12:30:00,2895.52463540136,4.588548241025371,0.35763390235953557,4.199701148438803,0.3063655076365321,0.2909161015976352,0.026476404589747454,0.14554394525365869,0.07120568797504873,0.5470685514631599,0.577012998120493,0.8486859489823075,1.1473474844178637,1.5218160204177114
2024-01-02 12:35:00,2882.219965584386,4.773977199579937,0.35944235435415006,4.381090983109691,0.3019007813022123,0.29091727522299,1.04,4.48,0.64,0.5470685514631599,0.577012998120493,0.8486859489823075,1.1473474844178637,1.5218160204177114
2024-01-02 12:40:00,2882.219965584386,5.071629970400788,0.35943051817320837,4.6784874736320115,0.3205085261988583,0.2884791685359711,1.04,4.48,0.64,0.5470685514631599,0.577012998120493,0.8486859489823075,1.1473474844178637,1.5218160204177114
2024-01-02 12:45:00,2882.219965584386,5.350111100242792,0.41145631999188026,4.852378991339788,0.31806682964003113,0.292161713351832,1.04,4.48,0.64,0.5524717187331855,0.5795248053362341,0.8442356069249863,1.134354552157305,1.5908350008721837
2024-01-02 12:50:00,2882.219965584386,4.963252542509838,0.43604088443903216,4.419615952610679,0.32049651690061975,0.2849352314897907,1.04,4.48,0.64,0.5524717187331855,0.5795248053362341,0.8442356069249863,1.134354552157305,1.5908350008721837
2024-01-02 12:55:00,2868.9172011607807,4.6462480127521975,0.4570669061155867,4.064532946578297,0.3063379495661254,0.2782740896121093,1.04,4.48,0.64,0.5524717187331855,0.5795248053362341,0.8442356069249863,1.134354552157305,1.5908350008721837
2024-01-02 13:00:00,2882.218645901675,4.198260750003128,0.37048124723449816,3.7831180340401205,0.3180490453050756,0.28378501433573833,0.024515301344262524,0.1299852299301732,0.056393705322491446,0.5775127704215726,0.6132087735836792,0.886588878793322,1.1965153571935465,1.5640012787718558
2024-01-02 13:05:00,2895.52463540136,4.275397584382722,0.3648825991697884,3.8717175899811878,0.3204785167466456,0.28153114931062245,1.04,4.48,0.64,0.5775127704215726,0.6132087735836792,0.886588878793322,1.1965153571935465,1.5640012787718558
2024-01-02 13:10:00,2895.5233155309447,3.7047050777276542,0.3313773991856762,3.375160701563456,0.31563168064552266,0.27827261724814933,1.04,4.48,0.64,0.5775127704215726,0.6132087735836792,0.886588878793322,1.1965153571935465,1.5640012787718558
2024-01-02 13:15:00,2882.218645901675,3.366087179828467,0.3077078600776606,3.0948404408671784,0.30406998599911433,0.287286870035124,1.04,4.48,0.64,0.5442655601817922,0.5658842637854493,0.8273092771146713,1.0953579323673153,1.3917772810331401
2024-01-02 13:20:00,2882.218645901675,3.56986304791393,0.33640510942692103,3.2291206412544096,0.31802534358013984,0.27618313632283925,1.04,4.48,0.64,0.5442655601817922,0.5658842637854493,0.8273092771146713,1.0953579323673153,1.3917772810331401
2024-01-02 13:25:00,2882.218645901675,3.8162526974264805,0.42150745264715167,3.3020502368182756,0.32541139185193463,0.27221447679569877,1.04,4.48,0.64,0.5442655601817922,0.5658842637854493,0.8273092771146713,1.0953579323673153,1.3917772810331401
2024-01-02 13:30:00,2895.5233155309447,3.5697556293319304,0.35749149853671697,3.182993087475703,0.3204485116619839,0.28265036459162235,0.02256102834535696,0.12400387090732289,0.03020347662107791,0.537776905417107,0.560365059581698,0.8242960633170584,1.1364858116140297,1.637639765027706
2024-01-02 13:35:00,2895.5233155309447,3.7660631824602055,0.3520740930104083,3.390392473164534,0.3180075876561287,0.2849383944553385,1.04,4.48,0.64,0.537776905417107,0.560365059581698,0.8242960633170584,1.1364858116140297,1.637639765027706
2024-01-02 13:40:00,2895.52463540136,4.518294226985411,0.38755610861245954,4.068157737522812,0.32791322532135386,0.3040095908179845,1.04,4.48,0.64,0.537776905417107,0.560365059581698,0.8242960633170584,1.1364858116140297,1.637639765027706
2024-01-02 13:45:00,2895.5233155309447,3.4003575086122035,0.3215070900985645,3.0946664344122645,0.33302831307692937,0.2972992672332645,1.04,4.48,0.64,0.5450587124338074,0.5720874059092719,0.8458944615021426,1.1315344669960345,1.455684031649726
2024-01-02 13:50:00,2882.218645901675,3.1544797260155235,0.31062651359848664,2.876240012644113,0.30627736226118984,0.27617867086895054,1.04,4.48,0.64,0.5450587124338074,0.5720874059092719,0.8458944615021426,1.1315344669960345,1.455684031649726
2024-01-02 13:55:00,2882.218645901675,3.058528190015959,0.30615607873396616,2.792049249143615,0.3278945584296506,0.2741571509844602,1.04,4.48,0.64,0.5450587124338074,0.5720874059092719,0.8458944615021426,1.1315344669960345,1.455684031649726
2024-01-02 14:00:00,2882.218645901675,3.2119455160637553,0.3484582859963504,2.8455594441426126,0.3228762288383327,0.28265067952611184,0.024515301344262524,0.17548515606740075,0.03020347662107791,0.5585704968936329,0.5856833615529812,0.8572578608563469,1.1400685286420287,1.4639480865112668
2024-01-02 14:05:00,2868.914562176018,2.958773327183873,0.3312565847252861,2.631549782129222,0.30626085936309794,0.28265072151747245,1.04,4.48,0.64,0.5585704968936329,0.5856833615529812,0.8572578608563469,1.1400685286420287,1.4639480865112668
2024-01-02 14:10:00,2868.9158816683903,2.8668249906608563,0.318285739162852,2.5704975762981603,0.3131875257258923,0.27721256972000247,1.04,4.48,0.64,0.5585704968936329,0.5856833615529812,0.8572578608563469,1.1400685286420287,1.4639480865112668
2024-01-02 14:15:00,2868.914562176018,2.77114640859884,0.40320449708473965,2.2966053180179626,0.3062498430536394,0.27415323548559933,1.04,4.48,0.64,0.5271517807994203,0.5474751135896498,0.8169920440249097,1.0984399164269296,1.4070593448749773
2024-01-02 14:20:00,2855.6137301603303,2.6564895910789788,0.43788534158675807,2.118652430512136,0.3108333188408532,0.2761741866207429,1.04,4.48,0.64,0.5271517807994203,0.5474751135896498,0.8169920440249097,1.0984399164269296,1.4070593448749773
2024-01-02 14:25:00,2829.016652304418,2.7328162941124137,0.3312126696172323,2.406693062669655,0.3203825507895014,0.27125183652143314,1.04,4.48,0.64,0.5271517807994203,0.5474751135896498,0.8169920440249097,1.0984399164269296,1.4070593448749773
2024-01-02 14:30:00,2868.914562176018,2.4962468871200496,0.313586461253954,2.213157258833279,0.3253314608378654,0.26764202763284967,0.02061552812808831,0.18626862323000082,0.02462214450449026,0.5168761940735905,0.5290831692654757,0.7889404540267916,1.0539871915730286,2.0833333333333335
2024-01-02 14:35:00,2855.6137301603303,2.420083780559639,0.3214015103108389,2.1185848140530754,0.31315873634128955,0.2694073610031559,1.04,4.48,0.64,0.5168761940735905,0.5290831692654757,0.7889404540267916,1.0539871915730286,2.0833333333333335
2024-01-02 14:40:00,2855.6137301603303,2.4542641071099647,0.3311797465298924,2.1298845377700357,0.3017675549408876,0.2712479778597463,1.04,4.48,0.64,0.5168761940735905,0.5290831692654757,0.7889404540267916,1.0539871915730286,2.0833333333333335
2024-01-02 14:45:00,2855.6124108609647,2.610420580363172,0.30315664211164245,2.3533816633229314,0.2953438116939393,0.2703162678072891,1.04,4.48,0.64,0.5520470994398938,0.5725740126830767,0.8425888677166344,1.1280443253702401,1.4505847096946802
2024-01-02 14:50:00,2842.3148572951313,2.423719074179566,0.2895403845382698,2.205471531577225,0.30396704513734485,0.2694029422587305,1.04,4.48,0.64,0.5520470994398938,0.5725740126830767,0.8425888677166344,1.1280443253702401,1.4505847096946802
2024-01-02 14:55:00,2842.3148572951313,2.332469495942873,0.2882590066685516,2.1184734772813574,0.3017515558580931,0.27414541454909663,1.04,4.48,0.64,0.5520470994398938,0.5725740126830767,0.8425888677166344,1.1280443253702401,1.4505847096946802
2024-01-02 15:00:00,2842.313538191468,2.57211801279672,0.334488839401218,2.239481872690613,0.30174623813832924,0.2685066538303739,1.04,4.48,0.64,0.5173867025736166,0.5281098370604357,0.7908227614326739,1.0535142381572258,2.0833333333333335
2024-01-02 15:05:00,2842.3148572951313,2.3361538215508713,0.33958750787798325,1.993990107912906,0.2974265576353905,0.2712415270787792,1.04,4.48,0.64,0.5173867025736166,0.5281098370604357,0.7908227614326739,1.0535142381572258,2.0833333333333335
2024-01-02 15:10:00,2789.136881176589,2.3133233090456558,0.3181608651141573,2.020314251509048,0.2912252932354015,0.26593749513255016,1.04,4.48,0.64,0.5173867025736166,0.5281098370604357,0.7908227614326739,1.0535142381572258,2.0833333333333335
2024-01-02 15:15:00,2842.3148572951313,2.412032133611094,0.31658584246725663,2.122119625904518,0.29324798225195503,0.2627881615978437,1.04,4.48,0.64,0.520322976621252,0.5297405025104273,0.7867361438245989,1.0511783863835862,1.420132388194847
2024-01-02 15:20:00,2842.313538191468,2.3967693184734093,0.3213065041137361,2.0956568064241656,0.2974111250755924,0.28379062563972635,1.04,4.48,0.64,0.520322976621252,0.5297405025104273,0.7867361438245989,1.0511783863835862,1.420132388194847
2024-01-02 15:25:00,2855.6137301603303,2.900449832831858,0.30452316369328003,2.6387177998043336,0.2912107230767579,0.2667684449199001,1.04,4.48,0.64,0.520322976621252,0.5297405025104273,0.7867361438245989,1.0511783863835862,1.420132388194847
2024-01-02 15:30:00,2868.913242683664,5.240137977542844,1.1165854619435125,3.5857670942923856,0.3061672920346881,0.2731526383851238,0.02256102834535696,0.10487783369234892,0.026000000000000002,0.5454576060520194,0.560817260790001,0.8208464899114816,1.0929231445989238,1.3900230213920919
2024-01-02 15:35:00,2855.6124108609647,2.915655441020266,0.39705123094818884,2.4518981794420123,0.3039183019270008,0.27030244037098566,1.04,4.48,0.64,0.5454576060520194,0.560817260790001,0.8208464899114816,1.0929231445989238,1.3900230213920919
2024-01-02 15:40:00,2868.913242683664,2.942408699957376,0.3719684201965202,2.5280261255115217,0.29528827146656994,0.26761917032220617,1.04,4.48,0.64,0.5454576060520194,0.560817260790001,0.8208464899114816,1.0929231445989238,1.3900230213920919
2024-01-02 15:45:00,2895.5219956605465,3.849448497916003,1.0103972323768955,2.3718589803882786,0.29119132665378583,0.29221026603964634,1.04,4.48,0.64,0.5691959240894123,0.5957986236976384,0.8721829165949079,1.169288672655303,1.5206761653948548
2024-01-02 15:50:00,2882.216006536306,2.7853896983879913,0.31342378762558953,2.501318893747196,0.29527820696533574,0.27513883937022393,1.04,4.48,0.64,0.5691959240894123,0.5957986236976384,0.8721829165949079,1.169288672655303,1.5206761653948548
2024-01-02 15:55:00,2882.216006536306,2.7432847432023513,0.34467524633968855,2.3871427696884373,0.2853374535429781,0.27029688832686183,1.04,4.48,0.64,0.5691959240894123,0.5957986236976384,0.8721829165949079,1.169288672655303,1.5206761653948548
2024-01-02 16:00:00,2908.828544355449,2.6439295332879356,0.3326744169531619,2.314956979258174,0.2747811685286809,0.2815279316409351,0.025495097567963927,0.09771304928206878,0.023259406699226014,0.6063406633238447,0.6359630492410703,0.9083246996531582,1.2243946463456952,1.5995324316812085
2024-01-02 16:05:00,2935.447177276512,2.8043442990641325,0.35172330003148405,2.4327073611213503,0.2872360518638435,0.30830236459379046,1.04,4.48,0.64,0.6063406633238447,0.6359630492410703,0.9083246996531582,1.2243946463456952,1.5995324316812085
2024-01-02 16:10:00,2922.1369466309943,2.95357052472324,0.3571123769871825,2.5697757429131127,0.29735971874100336,0.29096775375928,1.04,4.48,0.64,0.6063406633238447,0.6359630492410703,0.9083246996531582,1.2243946463456952,1.5995324316812085
2024-01-02 16:15:00,2922.1369466309943,3.333394344288141,0.3394294388136992,2.986456360991681,0.2973545771250246,0.27932846810962714,1.04,4.48,0.64,0.6143687817589693,0.6384426364208455,0.9049535678696449,1.2166548401251687,1.648021844515418
2024-01-02 16:20:00,2962.074345854845,3.845224562538974,0.5443787274797317,3.1129036569475352,0.29734943572341177,0.28265214923707027,1.04,4.48,0.64,0.6143687817589693,0.6384426364208455,0.9049535678696449,1.2166548401251687,1.648021844515418
2024-01-02 16:25:00,2962.073025083564,3.364032545266057,0.4108869974357477,2.8714853521437402,0.2891651711234154,0.29348570251426265,1.04,4.48,0.64,0.6143687817589693,0.6384426364208455,0.9049535678696449,1.2166548401251687,1.648021844515418
2024-01-02 16:30:00,2962.073025083564,3.137386412297136,0.3681013332219788,2.7299662415373414,0.2798349572221258,0.30273836121054826,0.021587033144922906,0.16230834852218784,0.01929378138157474,0.5810473302580436,0.6001866376386599,0.8667198855454973,1.1436892060345765,1.5834405577728519
2024-01-02 16:35:00,3002.0262260337818,2.815487587724801,0.332597147327397,2.485812813934031,0.2931688016664879,0.3406957819962884,1.04,4.48,0.64,0.5810473302580436,0.6001866376386599,0.8667198855454973,1.1436892060345765,1.5834405577728519
2024-01-02 16:40:00,2975.389914987046,2.7963095071958928,0.32761049592054664,2.478170660889051,0.30384796173747924,0.3576522352655439,1.04,4.48,0.64,0.5810473302580436,0.6001866376386599,0.8667198855454973,1.1436892060345765,1.5834405577728519
2024-01-02 16:45:00,3095.3066138855324,2.861290934226071,0.31027639169822824,2.5848349369868067,0.29522269795553163,0.38641792663204133,1.04,4.48,0.64,0.5985323717226998,0.6190516941257814,0.8891578937399138,1.176341893328636,1.5071376844867226
2024-01-02 16:50:00,3255.3908129425017,3.002943644349252,0.3195285473569021,2.703121022676933,0.2780812989202116,0.4425180416987792,1.04,4.48,0.64,0.5985323717226998,0.6190516941257814,0.8891578937399138,1.176341893328636,1.5071376844867226
2024-01-02 16:55:00,3415.664577241462,3.045056604873257,0.4713983029850636,2.4437862607759544,0.28718955895483633,0.4465619504212853,1.04,4.48,0.64,0.5985323717226998,0.6190516941257814,0.8891578937399138,1.176341893328636,1.5071376844867226
2024-01-02 17:00:00,3696.526630233441,3.479009137671147,0.5240659333328099,2.783258877917903,0.29730835541876593,0.45264733237143423,0.02353720459187964,0.16829735589129138,0.026000000000000002,0.6334990134167535,0.6536367492728664,0.9262834123528284,1.2322337440599491,1.6311971064221515
2024-01-02 17:05:00,3549.3512194435707,3.4404946388424387,0.9218635341633372,2.1061844925902937,0.31298612173293056,0.44661303529247776,1.04,4.48,0.64,0.6334990134167535,0.6536367492728664,0.9262834123528284,1.2322337440599491,1.6311971064221515
2024-01-02 17:10:00,3522.605610147807,2.926099472053889,0.3358913282496288,2.5884914741783778,0.3129803844009738,0.39208876342098864,1.04,4.48,0.64,0.6334990134167535,0.6536367492728664,0.9262834123528284,1.2322337440599491,1.6311971064221515
2024-01-02 17:15:00,3469.127012905933,2.876270483178154,0.3987724883225527,2.4094543499112797,0.31063481583813896,0.3508426967673413,1.04,4.48,0.64,0.6620845867409995,0.6841703004369599,0.95450100052331,1.300215751327448,1.8442440185615352
2024-01-02 17:20:00,3535.9792253852443,2.715596878578916,0.34448036928545,2.3600340689984796,0.30159720212455454,0.35600920572272077,1.04,4.48,0.64,0.6620845867409995,0.6841703004369599,0.95450100052331,1.300215751327448,1.8442440185615352
2024-01-02 17:25:00,3388.9395133964163,2.6506213799271086,0.32264252914663366,2.3448198606839505,0.2972826817859164,0.31563463385578305,1.04,4.48,0.64,0.6620845867409995,0.6841703004369599,0.95450100052331,1.300215751327448,1.8442440185615352
2024-01-02 17:30:00,3429.0268448214647,2.5857031319485295,0.3479719364555807,2.2234155863387315,0.30603532140787676,0.3014078352495113,0.029427877939124318,0.18027756377319948,0.03162277660168379,0.7106511098985212,0.7271753571182126,0.996674952027992,1.306951510194621,1.6904271649497356
2024-01-02 17:35:00,3683.144016554993,2.635242961885123,0.3928142748285246,2.1817300298882643,0.31772368656146527,0.3940514308282106,1.04,4.48,0.64,0.7106511098985212,0.7271753571182126,0.996674952027992,1.306951510194621,1.6904271649497356
2024-01-02 17:40:00,4232.548136985638,3.5747722216839217,0.7737672022997965,2.4700696399846773,0.30378305039935866,0.5978189751994123,1.04,4.48,0.64,0.7106511098985212,0.7271753571182126,0.996674952027992,1.306951510194621,1.6904271649497356
2024-01-02 17:45:00,4031.4059381267734,2.6809433086158085,0.5874292861707898,1.887774697083605,0.30601884460169076,0.545368339454437,1.04,4.48,0.64,0.7764251412724862,0.7964923100695951,1.0734635531772843,1.4082159813040045,1.8413049720239176
2024-01-02 17:50:00,4044.8105248980232,1.8139913757820254,0.3056981373240392,1.55693957976068,0.3060133450584162,0.4368121131120228,1.04,4.48,0.64,0.7764251412724862,0.7964923100695951,1.0734635531772843,1.4082159813040045,1.8413049720239176
2024-01-02 17:55:00,4326.462881117373,1.9000333225997312,0.3426579430243136,1.5568942977060354,0.32013093096100304,0.5111517310053499,1.04,4.48,0.64,0.7764251412724862,0.7964923100695951,1.0734635531772843,1.4082159813040045,1.8413049720239176
2024-01-02 18:00:00,5778.109005459105,1.9638049989300965,0.35866911053100015,1.58633841403489,0.3015546468815507,1.064708805199714,0.026476404589747454,0.15033296378372907,0.02462214450449026,0.6896557112066861,0.7085224061382956,0.9733427762099023,1.304058664324577,1.7025968401239326
2024-01-02 18:05:00,5966.546951502855,1.7951488216960025,0.3307299821330324,1.4797656688401355,0.2930797655676092,2.077489573301362,1.04,4.48,0.64,0.6896557112066861,0.7085224061382956,0.9733427762099023,1.304058664324577,1.7025968401239326
2024-01-02 18:10:00,6087.708702322987,1.8511619410777729,0.433116455268777,1.3380026076223186,0.29723646547405835,1.5473263785675244,1.04,4.48,0.64,0.6896557112066861,0.7085224061382956,0.9733427762099023,1.304058664324577,1.7025968401239326
2024-01-02 18:15:00,5159.312589749798,1.687064598332341,0.41262057251068657,1.2163951283236245,0.31290564799350723,0.8396098678566433,1.04,4.48,0.64,0.7726066269454334,0.8043009387039157,1.082081327812286,1.3966477723463422,1.8034688796871434
2024-01-02 18:20:00,6828.462254988521,1.7130143327134337,0.349627313031655,1.359628027355475,0.32256065939949985,1.7402407285584172,1.04,4.48,0.64,0.7726066269454334,0.8043009387039157,1.082081327812286,1.3966477723463422,1.8034688796871434
2024-01-02 18:25:00,6532.100377374494,1.7390007374374175,0.3496156922372351,1.3849357882700912,0.3015280537667719,1.4278113398681935,1.04,4.48,0.64,0.7726066269454334,0.8043009387039157,1.082081327812286,1.3966477723463422,1.8034688796871434
2024-01-02 18:30:00,8243.745800634335,1.506045336322415,0.3496040543992378,1.1599092081902722,0.2972159208749671,2.231164156061752,0.025495097567963927,0.14314971184043646,0.02739069184960468,0.6972775630980822,0.7221087175765156,0.9919479018577538,1.2916293005347936,1.6664045127159253
2024-01-02 18:35:00,7960.600629848261,1.7016951663654067,0.35316250311257963,1.3414790057663109,0.3015174135035842,2.7404408491498335,1.04,4.48,0.64,0.6972775630980822,0.7221087175765156,0.9919479018577538,1.2916293005347936,1.6664045127159253
2024-01-02 18:40:00,6599.4509489970915,2.798809280814783,0.4840998453600812,2.1775180486874994,0.3128769042241493,1.6374361723087578,1.04,4.48,0.64,0.6972775630980822,0.7221087175765156,0.9919479018577538,1.2916293005347936,1.6664045127159253
2024-01-02 18:45:00,5778.113010379859,3.6587701514188655,0.48191273208267077,3.035371874597459,0.32007105153653664,1.2632500811178682,1.04,4.48,0.64,0.5815573918367817,0.5947133763419149,0.853221096785587,1.15930248425508,1.552063143045411
2024-01-02 18:50:00,4004.6001899692455,4.252506726637831,0.5349569449155448,3.534730855904231,0.32252428026693036,0.5808399969099541,1.04,4.48,0.64,0.5815573918367817,0.5947133763419149,0.853221096785587,1.15930248425508,1.552063143045411
2024-01-02 18:55:00,4085.0310542728967,3.3970101924803795,0.5104057109643725,2.7252410684690465,0.308215363412844,0.3098638702109487,1.04,4.48,0.64,0.5815573918367817,0.5947133763419149,0.853221096785587,1.15930248425508,1.552063143045411
2024-01-02 19:00:00,3910.794191418427,2.760351254611263,0.4350610450116437,2.226624128862508,0.3152233021353297,0.30843370538746656,0.02256102834535696,0.1383618444514238,0.034481879299133336,0.5846443363276514,0.5952554073672913,0.8515105636455721,1.1415122644982838,1.4660341060152728
2024-01-02 19:05:00,3736.68649029309,3.4122820860598675,0.5734504944027944,2.633507501453199,0.3249936634946426,0.3172274270832557,1.04,4.48,0.64,0.5846443363276514,0.5952554073672913,0.8515105636455721,1.1415122644982838,1.4660341060152728
2024-01-02 19:10:00,3790.2442858467084,3.0320760945200194,0.4731870735104933,2.427748666780681,0.3275029206764754,0.30561031329083554,1.04,4.48,0.64,0.5846443363276514,0.5952554073672913,0.8515105636455721,1.1415122644982838,1.4660341060152728
2024-01-02 19:15:00,3709.915458023856,4.684869873072647,1.0049200680799695,3.207694085300125,0.30819305513879935,0.29353825650680954,1.04,4.48,0.64,0.5805385430787521,0.5936328831862332,0.8503767635583653,1.139348936893347,1.5970397615588663
2024-01-02 19:20:00,3696.52928560386,3.6391438462342593,0.9459757103215091,2.2642332244037546,0.32002917376551626,0.3296146674584112,1.04,4.48,0.64,0.5805385430787521,0.5936328831862332,0.8503767635583653,1.139348936893347,1.5970397615588663
2024-01-02 19:25:00,3629.61748284665,3.6775976523038816,0.7231962841676477,2.6524231030285557,0.32002317057628926,0.28977291310545256,1.04,4.48,0.64,0.5805385430787521,0.5936328831862332,0.8503767635583653,1.139348936893347,1.5970397615588663
2024-01-02 19:30:00,3535.9792253852443,4.974692383110942,0.9802952552740215,3.5343637242838675,0.3300204859675772,0.30011617465063295,0.02061552812808831,0.11324239488813365,0.018027756377319945,0.5550504481576427,0.5658842637854493,0.8273092771146713,1.0953579323673153,1.3900230213920919
2024-01-02 19:35:00,3522.6082630133847,2.599571049731199,0.4731192610533408,1.999806464649641,0.31281372271756935,0.2961313552943782,1.04,4.48,0.64,0.5550504481576427,0.5658842637854493,0.8273092771146713,1.0953579323673153,1.3900230213920919
2024-01-02 19:40:00,3469.127012905933,3.0931089846224165,0.596317786947329,2.2793865863438567,0.3151766941689066,0.2935460273649126,1.04,4.48,0.64,0.5550504481576427,0.5658842637854493,0.8273092771146713,1.0953579323673153,1.3900230213920919
2024-01-02 19:45:00,3282.089943535,2.6261674455187145,0.45172372342787925,2.0638023771907648,0.3128022354134464,0.28614414412890493,1.04,4.48,0.64,0.5403933752369656,0.5499463610207818,0.8064446416214817,1.0978201127689362,1.5184017913582688
2024-01-02 19:50:00,3282.0886191756945,1.7082830954346684,0.3255659854458563,1.4061918623253389,0.3014377158858845,0.28040963473090097,1.04,4.48,0.64,0.5403933752369656,0.5499463610207818,0.8064446416214817,1.0978201127689362,1.5184017913582688
2024-01-02 19:55:00,3282.089943535,1.4319959280725405,0.29973168712028536,1.1981324054591818,0.3175583066330284,0.28265442734332896,1.04,4.48,0.64,0.5403933752369656,0.5499463610207818,0.8064446416214817,1.0978201127689362,1.5184017913582688
2024-01-02 20:00:00,3202.005906226727,2.912741852146336,0.5962615892828728,2.101393866526908,0.3036317339709041,0.2849657757455108,0.02061552812808831,0.118024404256069,0.015620499351813309,0.5192301994298868,0.5268358378090845,0.7863745672387936,1.0479896230402284,2.0833333333333335
2024-01-02 20:05:00,3242.041899173323,2.836126224381749,0.5146480642388849,2.161851183749797,0.30586507032275834,0.2935537987662501,1.04,4.48,0.64,0.5192301994298868,0.5268358378090845,0.7863745672387936,1.0479896230402284,2.0833333333333335
2024-01-02 20:10:00,3161.982422468537,1.5784658343716607,0.30689242104725506,1.3228959645003417,0.2950161358924238,0.2730912281226594,1.04,4.48,0.64,0.5192301994298868,0.5268358378090845,0.7863745672387936,1.0479896230402284,2.0833333333333335
2024-01-02 20:15:00,3202.005906226727,1.630120160625186,0.31136470051900295,1.3625468107387888,0.2971081827752858,0.2771665438743934,1.04,4.48,0.64,0.5109060579010588,0.5168761940735905,0.773301079787168,1.6666666666666667,2.0833333333333335
2024-01-02 20:20:00,3175.3204002323673,3.430700130540831,0.7230428774682992,2.408217392476575,0.29710307322881757,0.2702229711231823,1.04,4.48,0.64,0.5109060579010588,0.5168761940735905,0.773301079787168,1.6666666666666667,2.0833333333333335
2024-01-02 20:25:00,3081.974931744152,1.9621718801727723,0.37884687877685386,1.5449060509681083,0.29709792077962754,0.28496757915960585,1.04,4.48,0.64,0.5109060579010588,0.5168761940735905,0.773301079787168,1.6666666666666667,2.0833333333333335
2024-01-02 20:30:00,3068.6461303997335,1.5414193142248998,0.3190683050670988,1.258263479823058,0.29499601247306856,0.27716464952116876,0.018681541692269404,0.11563321322180752,0.01345362404707371,0.8333333333333334,0.5151465810815403,1.25,1.058821986926981,1.4660341060152728
2024-01-02 20:35:00,3068.6461303997335,1.4315492065594808,0.32223944170478386,1.1451472169126184,0.2970876811997645,0.26420031638252284,1.04,4.48,0.64,0.8333333333333334,0.5151465810815403,1.25,1.058821986926981,1.4660341060152728
2024-01-02 20:40:00,3135.3081679891898,2.78983584677276,0.6239572888441811,1.9354317242730428,0.31993344268059104,0.2782273950028647,1.04,4.48,0.64,0.8333333333333334,0.5151465810815403,1.25,1.058821986926981,1.4660341060152728
2024-01-02 20:45:00,3081.974931744152,3.6960007903080347,0.8749081183872729,2.4308292150704625,0.319927492099901,0.27930839836719196,1.04,4.48,0.64,0.8333333333333334,0.513965952179714,1.25,1.6666666666666667,2.0833333333333335
2024-01-02 20:50:00,3068.6461303997335,2.343686772161341,0.4968574295644857,1.7074364247324558,0.31992149189930835,0.27407530624274856,1.04,4.48,0.64,0.8333333333333334,0.513965952179714,1.25,1.6666666666666667,2.0833333333333335
2024-01-02 20:55:00,3028.6666392479347,5.19047098255223,1.157881477606395,3.4722408214898994,0.31508934181895126,0.27210663111470684,1.04,4.48,0.64,0.8333333333333334,0.513965952179714,1.25,1.6666666666666667,2.0833333333333335
2024-01-02 21:00:00,3028.667960861332,6.173952037420995,1.2523083613865362,4.30479380953845,0.31271611639882063,0.2826551097382294,0.01772004514666935,0.118024404256069,0.0125,0.8333333333333334,0.5156316514722501,0.7741860241569851,1.6666666666666667,2.0833333333333335
2024-01-02 21:05:00,3255.3908129425017,3.2457273755916245,0.5891690364931447,2.442223139910234,0.35668164966841576,0.2885640826266537,1.04,4.48,0.64,0.8333333333333334,0.5156316514722501,0.7741860241569851,1.6666666666666667,2.0833333333333335
2024-01-02 21:10:00,3002.0235834672358,4.764871115033881,0.8651061412438463,3.5068804892403618,0.34839504451023745,0.3219285271119975,1.04,4.48,0.64,0.8333333333333334,0.5156316514722501,0.7741860241569851,1.6666666666666667,2.0833333333333335
2024-01-02 21:15:00,3002.022262183989,3.5955625195016356,0.7252739147611883,2.567810574100981,0.3174638527288532,0.2771588988052531,1.04,4.48,0.64,0.8333333333333334,0.5220153254455275,0.7881990611514327,1.0511783863835862,2.0833333333333335
2024-01-02 21:20:00,3028.6666392479347,5.263744822839932,1.207481876360571,3.468227709580871,0.32988234670147154,0.2793057796942313,1.04,4.48,0.64,0.8333333333333334,0.5220153254455275,0.7881990611514327,1.0511783863835862,2.0833333333333335
2024-01-02 21:25:00,3055.3175859110092,8.869304067553468,2.4036974661328663,5.220414722289809,0.356653903327287,0.29230326356506936,1.04,4.48,0.64,0.8333333333333334,0.5220153254455275,0.7881990611514327,1.0511783863835862,2.0833333333333335
2024-01-02 21:30:00,3068.644808307153,11.024034159163111,3.1627509691022313,6.207575923055358,0.40064825334373577,0.3250585923057331,0.01772004514666935,0.12161184152869324,0.0125,0.5102979521808804,0.5243700983084371,0.7927460122889298,1.061814013846116,1.3507938406729578
2024-01-02 21:35:00,2988.7045738333372,9.505820745689414,2.408735682927369,5.847540142214075,0.4037071143565095,0.30570762422310965,1.04,4.48,0.64,0.5102979521808804,0.5243700983084371,0.7927460122889298,1.061814013846116,1.3507938406729578
2024-01-02 21:40:00,3028.6666392479347,8.915761874982515,2.0275457754676998,5.843783780967337,0.3825588005482613,0.2838060879956157,1.04,4.48,0.64,0.5102979521808804,0.5243700983084371,0.7927460122889298,1.061814013846116,1.3507938406729578
2024-01-02 21:45:00,3068.6461303997335,17.46905693542293,4.569776141688965,10.490488462132863,0.4643847972152927,0.35313646168372453,1.04,4.48,0.64,0.5117430996115141,0.5268358378090845,0.791587165130916,1.0530432089900206,2.0833333333333335
2024-01-02 21:50:00,2975.384631210184,11.92881849146952,3.000662964718573,7.358945696710166,0.48098730846925786,0.3100042010637397,1.04,4.48,0.64,0.5117430996115141,0.5268358378090845,0.791587165130916,1.0530432089900206,2.0833333333333335
2024-01-02 21:55:00,3028.6666392479347,11.252987828970165,3.0158483332179493,6.660951224888046,0.43189142933485974,0.30155204531412383,1.04,4.48,0.64,0.5117430996115141,0.5268358378090845,0.791587165130916,1.0530432089900206,2.0833333333333335
2024-01-02 22:00:00,2975.384631210184,9.3270528377195,1.9518905571287433,6.370628931922348,0.4709761267994031,0.31001227714392876,0.01772004514666935,0.13477151034250526,0.0116619037896906,0.512609988197655,0.5274694303938381,0.7904430150238535,1.0535142381572258,2.0833333333333335
2024-01-02 22:05:00,3148.6432414907877,6.045478569851323,1.1651469283360716,4.312185520482168,0.45449783131050087,0.31741319512576266,1.04,4.48,0.64,0.512609988197655,0.5274694303938381,0.7904430150238535,1.0535142381572258,2.0833333333333335
2024-01-02 22:10:00,3121.97060629675,8.127710323471202,2.317726354478885,4.6130271637745315,0.4160603753282329,0.3235490173386914,1.04,4.48,0.64,0.512609988197655,0.5274694303938381,0.7904430150238535,1.0535142381572258,2.0833333333333335
2024-01-02 22:15:00,3188.6637729411514,16.994858557958146,5.084862946112671,9.228345602795539,0.6022237476496158,0.3950319386442451,1.04,4.48,0.64,0.5109060579010588,0.5307391072834184,0.8046928358075521,1.1144792505919525,1.496056148678919
2024-01-02 22:20:00,3295.4427768027435,12.212160392327647,3.020885366304128,7.610910886199592,0.6416399061184483,0.4939077667278331,1.04,4.48,0.64,0.5109060579010588,0.5307391072834184,0.8046928358075521,1.1144792505919525,1.496056148678919
2024-01-02 22:25:00,3509.2370177921603,12.658834281249788,3.1399024419789616,7.874642415564974,0.688786285326466,0.47713346915952737,1.04,4.48,0.64,0.5109060579010588,0.5307391072834184,0.8046928358075521,1.1144792505919525,1.496056148678919
2024-01-02 22:30:00,3375.5807207774346,16.987023312724954,4.0168325581870326,10.855545528410069,0.8553222460474644,0.6051132342928807,1.04,4.48,0.64,0.5137353404234519,0.5355968633216591,0.810931908362225,1.0840397824803294,1.3813920515190465
2024-01-02 22:35:00,3723.303851933963,12.542236647344351,2.7778613972638753,8.313193540033852,0.8030577779522071,0.5088828806788552,1.04,4.48,0.64,0.5137353404234519,0.5355968633216591,0.810931908362225,1.0840397824803294,1.3813920515190465
2024-01-02 22:40:00,4058.2251095965917,10.907030964758125,2.431378654387813,7.21154133359863,0.7993280286561671,0.8370148990795986,1.04,4.48,0.64,0.5137353404234519,0.5355968633216591,0.810931908362225,1.0840397824803294,1.3813920515190465
2024-01-02 22:45:00,5092.108026672314,6.657423963290388,1.3742663619384636,4.597739356513578,0.7474570145256203,1.4194285406517089,1.04,4.48,0.64,0.5141984052872977,0.5392624592904646,0.8086691288778125,1.1079390777475087,1.452618325645109
2024-01-02 22:50:00,5926.192891232639,5.731292506228361,1.4117483276737033,3.617698664471955,0.5985978977234881,2.0260254027799856,1.04,4.48,0.64,0.5141984052872977,0.5392624592904646,0.8086691288778125,1.1079390777475087,1.452618325645109
2024-01-02 22:55:00,5280.354337108583,5.797083737301372,1.8283774761698002,3.044857443172311,0.5985888343395016,1.4390745793567354,1.04,4.48,0.64,0.5141984052872977,0.5392624592904646,0.8086691288778125,1.1079390777475087,1.452618325645109
2024-01-02 23:00:00,5522.472844974485,4.960968407318752,1.2321003192532216,3.129467131867197,0.6128415709837018,1.270477015604086,0.019646882704388503,0.1299852299301732,0.01345362404707371,0.512609988197655,0.5327813810560575,0.8038262498823985,1.091115140578665,1.5049066416226624
2024-01-02 23:05:00,6559.074593333677,6.804563767640102,1.8610835092620865,3.995102603965469,0.652384665099874,1.8005417277938578,1.04,4.48,0.64,0.512609988197655,0.5327813810560575,0.8038262498823985,1.091115140578665,1.5049066416226624
2024-01-02 23:10:00,7502.304669413271,3.2674179695977204,0.5659171386887815,2.5023827956202225,0.7992658757576202,2.165868945862429,1.04,4.48,0.64,0.512609988197655,0.5327813810560575,0.8038262498823985,1.091115140578665,1.5049066416226624
2024-01-02 23:15:00,6963.238835887522,1.7841906422278329,0.3525060016942066,1.4230861089454427,0.5527200405344185,2.3295382738179176,1.04,4.48,0.64,0.8333333333333334,0.5287570330501524,0.8038262498823985,1.0893227253665463,1.4061422403156802
2024-01-02 23:20:00,6195.455658611516,4.666904871911144,1.016580831640133,3.1716583460636842,0.6021003318388822,2.232234451625483,1.04,4.48,0.64,0.8333333333333334,0.5287570330501524,0.8038262498823985,1.0893227253665463,1.4061422403156802
2024-01-02 23:25:00,4178.90651818734,9.547660760793054,2.0500446119861624,6.439927404031336,0.692316313431803,0.684838865379854,1.04,4.48,0.64,0.8333333333333334,0.5287570330501524,0.8038262498823985,1.0893227253665463,1.4061422403156802
2024-01-02 23:30:00,4192.319659058059,6.540715640417683,1.4867377290171249,4.307716025850179,0.587872359653652,0.33646360136221365,0.019646882704388503,0.1299852299301732,0.026000000000000002,0.8333333333333334,0.528432587942871,0.8029659021403088,1.1118435141691478,1.4608340083664537
2024-01-02 23:35:00,3830.4261129728184,3.883015909307405,0.8963824995532368,2.582129657748364,0.5526833880140144,0.29888756944190076,1.04,4.48,0.64,0.8333333333333334,0.528432587942871,0.8029659021403088,1.1118435141691478,1.4608340083664537
2024-01-02 23:40:00,4219.147792720995,14.204591199212043,3.433724836772479,8.968544506217953,0.7179084849600599,0.3414549450338397,1.04,4.48,0.64,0.8333333333333334,0.528432587942871,0.8029659021403088,1.1118435141691478,1.4608340083664537
2024-01-02 23:45:00,3964.4002364110474,11.011422066388256,2.3706261312129473,7.409064219458931,0.8252649275865663,0.3693536139746444,1.04,4.48,0.64,0.8333333333333334,0.5246722786654542,0.7935267103254937,1.1131581199452303,1.4993611973103746
2024-01-02 23:50:00,4152.086109026099,7.7892943717261325,1.529290373866381,5.487043457218265,0.7473246567783257,0.380347334408748,1.04,4.48,0.64,0.8333333333333334,0.5246722786654542,0.7935267103254937,1.1131581199452303,1.4993611973103746
2024-01-02 23:55:00,4742.700635258196,17.73280166514224,5.412335075034871,9.464506951715649,0.9869816550404704,0.6806361240444136,1.04,4.48,0.64,0.8333333333333334,0.5246722786654542,0.7935267103254937,1.1131581199452303,1.4993611973103746
2024-01-03 00:00:00,132454.73880000002,64.19316708,7.02891072,51.54096500396728,4.430587504,4.2541566,0.01676305461424021,0.10965691952631171,0.015620499351813309,0.8333333333333334,0.5246722786654542,0.7935267103254937,1.1131581199452303,1.4993611973103746
2024-01-03 00:15:00,9579.091694331197,1.302491198086468,0.32337925971061426,1.0197634065171155,0.5631084263681954,3.201881307503801,1.04,4.48,0.64,0.5121728223949412,0.5366796064692602,0.8193900170248598,1.1053691691014365,1.428763101427245
2024-01-03 00:20:00,8553.9699013933,1.34924359466518,0.31546310279465517,1.0812732713504811,0.511149881001383,2.7540035898104778,1.04,4.48,0.64,0.5121728223949412,0.5366796064692602,0.8193900170248598,1.1053691691014365,1.428763101427245
2024-01-03 00:25:00,4971.135678352339,8.743626673776674,1.4966316942369442,6.490271555123248,0.6739821727372746,1.7917933191569977,1.04,4.48,0.64,0.5121728223949412,0.5366796064692602,0.8193900170248598,1.1053691691014365,1.428763101427245
2024-01-03 00:30:00,4004.608167054939,6.071217481052894,1.092919986926093,4.450459630386381,0.6776094122944499,0.36586957682021404,0.018681541692269404,0.14075567484119422,0.02462214450449026,0.5117430996115141,0.5314132102234569,0.8051284617997304,1.076661971093992,1.3746577755936202
2024-01-03 00:35:00,4165.499323821163,3.354888840498545,0.5977988200113216,2.5361424484524613,0.5456025117208644,0.28737929023423303,1.04,4.48,0.64,0.5117430996115141,0.5314132102234569,0.8051284617997304,1.076661971093992,1.3746577755936202
2024-01-03 00:40:00,3991.204360292203,1.7645829416079115,0.3559059125009243,1.3971102528298234,0.4380292629628581,0.2815182070422085,1.04,4.48,0.64,0.5117430996115141,0.5314132102234569,0.8051284617997304,1.076661971093992,1.3746577755936202
2024-01-03 00:45:00,3884.0070112880194,2.668650702770806,0.5116561393654728,2.0016223898664487,0.4444721673823011,0.2910910499541046,1.04,4.48,0.64,0.8333333333333334,0.5225935322982863,0.7874642849044012,1.0498001000190464,2.0833333333333335
2024-01-03 00:50:00,3616.242189987167,2.6075172057243967,0.4551443864089506,2.0392891781413387,0.4477058722821264,0.29364323841916745,1.04,4.48,0.64,0.8333333333333334,0.5225935322982863,0.7874642849044012,1.0498001000190464,2.0833333333333335
2024-01-03 00:55:00,3362.2204638142102,1.1635056020675907,0.3123188056018141,0.9131499478298679,0.40339728296828276,0.27713068704754845,1.04,4.48,0.64,0.8333333333333334,0.5225935322982863,0.7874642849044012,1.0498001000190464,2.0833333333333335
2024-01-03 01:00:00,3335.506215605961,0.941552441450165,0.3123086925678729,0.7151787435926221,0.3619769340226887,0.27204693394676865,0.01676305461424021,0.10846197490364998,0.018027756377319945,0.8333333333333334,0.5255891931917931,0.7971198153351853,1.06747470696031,1.459799986299493
2024-01-03 01:05:00,3335.5048907468727,1.0626980334835117,0.3265185408328181,0.7935984187851528,0.3822547307949024,0.2740241881740219,1.04,4.48,0.64,0.8333333333333334,0.5255891931917931,0.7971198153351853,1.06747470696031,1.459799986299493
2024-01-03 01:10:00,3255.3894888423492,1.1528219797033492,0.30778046277269616,0.9130666524307423,0.3792947622707884,0.2792884247078021,1.04,4.48,0.64,0.8333333333333334,0.5255891931917931,0.7971198153351853,1.06747470696031,1.459799986299493
2024-01-03 01:15:00,3322.1496034774636,1.3522436213140074,0.3019550397880768,1.115564993515008,0.35633529735124697,0.2625468756545182,1.04,4.48,0.64,0.5123904761019666,0.5345287644271354,0.8095696634632501,1.0881364804104308,1.420132388194847
2024-01-03 01:20:00,3228.694324446885,1.6451994576977418,0.2963649426014237,1.4150714346293765,0.3453457831942448,0.2625448414921535,1.04,4.48,0.64,0.5123904761019666,0.5345287644271354,0.8095696634632501,1.0881364804104308,1.420132388194847
2024-01-03 01:25:00,3308.7942358418372,1.7007947579224956,0.29911576711838656,1.4624290939572457,0.34533909427786175,0.4166666666666667,1.04,4.48,0.64,0.5123904761019666,0.5345287644271354,0.8095696634632501,1.0881364804104308,1.420132388194847
2024-01-03 01:30:00,3362.2204638142102,1.678456192079491,0.3200223090592175,1.3895647037432697,0.3453324605551917,0.4166666666666667,0.015811388300841896,0.08101950382469643,0.0116619037896906,0.5130545779934138,0.5345287644271354,0.8064446416214817,1.0869572208693403,1.397095558650159
2024-01-03 01:35:00,3188.661126094108,1.3267738349588354,0.3264537976704295,1.036267431977483,0.3270253649675252,0.4166666666666667,1.04,4.48,0.64,0.5130545779934138,0.5345287644271354,0.8064446416214817,1.0869572208693403,1.397095558650159
2024-01-03 01:40:00,3268.7384008881777,1.0657555537203531,0.32644302763827904,0.7964309799246727,0.32202791979469064,0.4166666666666667,1.04,4.48,0.64,0.5130545779934138,0.5345287644271354,0.8064446416214817,1.0869572208693403,1.397095558650159
2024-01-03 01:45:00,3308.7942358418372,0.9675789240934584,0.32643222601090227,0.7121706402499948,0.31956901062135434,0.261072422235677,1.04,4.48,0.64,0.513965952179714,0.5388886712485242,0.8160432341487797,1.1407896388028775,1.5391244264191248
2024-01-03 01:50:00,3482.499032612226,0.9115818530518818,0.31998033495383243,0.677089018768742,0.31474621023679616,0.27712357053780506,1.04,4.48,0.64,0.513965952179714,0.5388886712485242,0.8160432341487797,1.1407896388028775,1.5391244264191248
2024-01-03 01:55:00,3228.693000612368,1.0966186230496875,0.31838997968567245,0.8394159047849067,0.31955708124396826,0.2657056372344503,1.04,4.48,0.64,0.513965952179714,0.5388886712485242,0.8160432341487797,1.1407896388028775,1.5391244264191248
2024-01-03 02:00:00,3188.661126094108,1.1104284030248304,0.32315566636448984,0.8425109640407298,0.3372993684256855,0.26329134459512354,0.01676305461424021,0.08221046162137761,0.01345362404707371,0.5161240161046567,0.5495307088780389,0.8447872158123606,1.1386308664356504,1.4765825408692872
2024-01-03 02:05:00,3135.3041994366695,1.1662543822408078,0.32476117159315265,0.8900931257225123,0.32447889094245846,0.4166666666666667,1.04,4.48,0.64,0.5161240161046567,0.5495307088780389,0.8447872158123606,1.1386308664356504,1.4765825408692872
2024-01-03 02:10:00,3161.979776186936,1.2761346293718339,0.33133076012948676,0.9786852500706981,0.32951855915578376,0.4166666666666667,1.04,4.48,0.64,0.5161240161046567,0.5495307088780389,0.8447872158123606,1.1386308664356504,1.4765825408692872
2024-01-03 02:15:00,3108.6358670171894,1.219089378541126,0.3032723879371254,0.9853680320330351,0.321985596523143,0.26654344017599907,1.04,4.48,0.64,0.5186945151049893,0.562640204749003,0.863133732396087,1.2437283666460293,1.7720146726254837
2024-01-03 02:20:00,3095.302646680251,1.1696047795870455,0.3047085128131761,0.9355518800937636,0.3171042909844145,0.27502770732397713,1.04,4.48,0.64,0.5186945151049893,0.562640204749003,0.863133732396087,1.2437283666460293,1.7720146726254837
2024-01-03 02:25:00,3068.6434862145875,1.1275489389504942,0.30912047925379815,0.8867756131134892,0.3147055629707167,0.26919530133643876,1.04,4.48,0.64,0.5186945151049893,0.562640204749003,0.863133732396087,1.2437283666460293,1.7720146726254837
2024-01-03 02:30:00,3028.66267440784,1.0893273111415902,0.30324363693143924,0.8644107454657187,0.31233773498224504,0.2656928820877086,0.014866068747318507,0.12878881939050457,0.0116619037896906,0.5258982791377055,0.5883026432033092,0.9192924235519403,1.2287375635179385,1.6184202173724844
2024-01-03 02:35:00,3028.663996021189,1.0412141329103517,0.30910061785240794,0.8083048713667635,0.3244421905650021,0.27106065699540877,1.04,4.48,0.64,0.5258982791377055,0.5883026432033092,0.9192924235519403,1.2287375635179385,1.6184202173724844
2024-01-03 02:40:00,3002.0182983343466,1.0548289141408933,0.29089309737491237,0.8611952959787579,0.32948094980375064,0.27105932659769155,1.04,4.48,0.64,0.5258982791377055,0.5883026432033092,0.9192924235519403,1.2287375635179385,1.6184202173724844
2024-01-03 02:45:00,2988.699289373996,0.9470630207457785,0.28459805807693134,0.7780921117355452,0.319497395206885,0.2803898778037255,1.04,4.48,0.64,0.5258982791377055,0.5867273642842986,0.9151477257798327,1.2518023006848964,1.6650825805346712
2024-01-03 02:50:00,2988.700610488806,1.0105017983951623,0.2858129192696514,0.8329011670586062,0.31949143253995727,0.2740029566574056,1.04,4.48,0.64,0.5258982791377055,0.5867273642842986,0.9151477257798327,1.2518023006848964,1.6650825805346712
2024-01-03 02:55:00,2975.3819893218547,1.1202601714718725,0.27986749578076564,0.9518560966103944,0.31948547004876954,0.2730009640353748,1.04,4.48,0.64,0.5258982791377055,0.5867273642842986,0.9151477257798327,1.2518023006848964,1.6650825805346712
2024-01-03 03:00:00,3028.663996021189,1.2079675748379535,0.28336831614355446,1.0255934077086526,0.31230336837020733,0.27299982507545933,0.014866068747318507,0.11204713293966964,0.0116619037896906,0.5265216044950103,0.6007403765354881,0.9478587236503128,1.342356230663083,2.035125548952693
2024-01-03 03:05:00,3015.340315007084,1.2149957716827755,0.3060806435658714,0.9750383439566966,0.31465910956200915,0.27299870421837674,1.04,4.48,0.64,0.5265216044950103,0.6007403765354881,0.9478587236503128,1.342356230663083,2.035125548952693
2024-01-03 03:10:00,3015.34163645646,1.2397967848492648,0.3483967574375741,0.9123460127106551,0.3219191486763265,0.2710513276047565,1.04,4.48,0.64,0.5265216044950103,0.6007403765354881,0.9478587236503128,1.342356230663083,2.035125548952693
2024-01-03 03:15:00,3015.340315007084,1.2539886443781862,0.3295266576996622,0.961643551448834,0.31946164668203453,0.27927890639094416,1.04,4.48,0.64,0.5310753242243514,0.6155331022780173,0.9733427762099023,1.4359422864446885,2.1408278772474914
2024-01-03 03:20:00,2988.699289373996,1.1900792005008005,0.3246004785905384,0.912303732806243,0.32438716408685486,0.2720125187690155,1.04,4.48,0.64,0.5310753242243514,0.6155331022780173,0.9733427762099023,1.4359422864446885,2.1408278772474914
2024-01-03 03:25:00,2988.699289373996,1.1618719351022975,0.3229747767504618,0.8896363423728868,0.3170277723171981,0.2760545918300151,1.04,4.48,0.64,0.5310753242243514,0.6155331022780173,0.9733427762099023,1.4359422864446885,2.1408278772474914
2024-01-03 03:30:00,2975.3819893218547,1.2147214323497324,0.2947736852289634,1.0017300494790422,0.3099394281223441,0.2729930731773208,0.014866068747318507,0.09890682484035163,0.010965856099730654,0.5320939766620179,0.6126303942835354,0.9649828184998943,1.3117930477022661,1.7550851831179022
2024-01-03 03:35:00,2975.380668377716,1.1828632170100406,0.2833120133621285,1.0017112667214165,0.31701601989405587,0.2729919343884694,1.04,4.48,0.64,0.5320939766620179,0.6126303942835354,0.9649828184998943,1.3117930477022661,1.7550851831179022
2024-01-03 03:40:00,2988.699289373996,1.2822976674929727,0.2833039582218422,1.0973636386649532,0.32940580053810636,0.27200758018206445,1.04,4.48,0.64,0.5320939766620179,0.6126303942835354,0.9649828184998943,1.3117930477022661,1.7550851831179022
2024-01-03 03:45:00,2975.380668377716,1.386770248067994,0.28329593910869805,1.1988060799397877,0.32187682198076034,0.2673782768629146,1.04,4.48,0.64,0.5331275644721439,0.6202330207268878,0.9818090241997168,1.3554427320989995,1.8813123079382648
2024-01-03 03:50:00,2935.4379343490837,1.2357994557424656,0.2832878855766754,1.0525611798568693,0.31941986941207123,0.26248365475260527,1.04,4.48,0.64,0.5331275644721439,0.6202330207268878,0.9818090241997168,1.3554427320989995,1.8813123079382648
2024-01-03 03:55:00,2935.4379343490837,1.0780653629698853,0.2882003005181322,0.8894921650576082,0.32685193440602744,0.26173890879969025,1.04,4.48,0.64,0.5331275644721439,0.6202330207268878,0.9818090241997168,1.3554427320989995,1.8813123079382648
2024-01-03 04:00:00,2922.126384726502,0.9728344377625843,0.29338169684021875,0.7806665837211102,0.3319425431187574,0.2750097607219649,0.014866068747318507,0.09890682484035163,0.64,0.5338248776518382,0.6214185385068585,0.9634744625572594,1.3656134152826707,2.1020466217474816
2024-01-03 04:05:00,2962.0651004562387,0.9528461509728035,0.3045054638215356,0.7396502022260498,0.32683954595956016,0.2826596976853193,1.04,4.48,0.64,0.5338248776518382,0.6214185385068585,0.9634744625572594,1.3656134152826707,2.1020466217474816
2024-01-03 04:10:00,2975.380668377716,1.00628081554681,0.3134513840109686,0.7687188288516171,0.324325974608737,0.3074093881714669,1.04,4.48,0.64,0.5338248776518382,0.6214185385068585,0.9634744625572594,1.3656134152826707,2.1020466217474816
2024-01-03 04:15:00,2988.699289373996,0.9395386620936197,0.30019898343413276,0.736741113126853,0.31696891925353143,0.3117897599795407,1.04,4.48,0.64,0.533475397745763,0.629224920040521,0.9990495483208027,1.4521738876594634,2.1197745163106383
2024-01-03 04:20:00,2988.6979682592028,0.939486916404924,0.2753255188617404,0.7956025081383564,0.3193840849345568,0.2950160145202823,1.04,4.48,0.64,0.533475397745763,0.629224920040521,0.9990495483208027,1.4521738876594634,2.1197745163106383
2024-01-03 04:25:00,3002.0182983343466,0.9165074112321543,0.28323165073464907,0.7540031212641348,0.31220609269125993,0.2838228847830016,1.04,4.48,0.64,0.533475397745763,0.629224920040521,0.9990495483208027,1.4521738876594634,2.1197745163106383
2024-01-03 04:30:00,3015.338993557726,0.952586994772149,0.33269462318794596,0.689561445823562,0.30531182344461094,0.2850029424158679,0.014866068747318507,0.10846197490364998,0.64,0.5327813810560575,0.629832517420306,1.001431455467622,1.4262850346266696,2.022523176628639
2024-01-03 04:35:00,3055.3136201062653,0.9891945275279633,0.3776353829448207,0.6532220389691195,0.29659665311895406,0.2719939905036318,1.04,4.48,0.64,0.5327813810560575,0.629832517420306,1.001431455467622,1.4262850346266696,2.022523176628639
2024-01-03 04:40:00,3015.338993557726,0.989141790678849,0.3644795448490753,0.6710434711866237,0.30530089875044264,0.26246318957880554,1.04,4.48,0.64,0.5327813810560575,0.629832517420306,1.001431455467622,1.4262850346266696,2.022523176628639
2024-01-03 04:45:00,2988.6979682592028,1.0603456434710978,0.368182866632118,0.7223881298916873,0.2904374341895648,0.270079574322326,1.04,4.48,0.64,0.5370437598557496,0.6497884271053156,1.0281003063903833,1.585212919452778,2.419852061593849
2024-01-03 04:50:00,2975.379347433595,1.182043836531852,0.3343325455927723,0.8859283197183093,0.2924441698782701,0.2640087242868125,1.04,4.48,0.64,0.5370437598557496,0.6497884271053156,1.0281003063903833,1.585212919452778,2.419852061593849
2024-01-03 04:55:00,2975.380668377716,1.1573833406430007,0.3276597655266532,0.8762995531936125,0.3098435620140405,0.2664870890387563,1.04,4.48,0.64,0.5370437598557496,0.6497884271053156,1.0281003063903833,1.585212919452778,2.419852061593849
2024-01-03 05:00:00,3002.0169770511648,1.1363333285197499,0.31182401459567843,0.8891004023049661,0.30527902885014996,0.2632193958629391,0.014866068747318507,0.06675327707311456,0.64,0.5363170703977266,0.6359630492410703,1.0102268260148313,1.4413341042242773,2.022523176628639
2024-01-03 05:05:00,3041.9866759572333,1.16429278959663,0.29194537006783805,0.9610281715348009,0.2965660418023328,0.26648355197597395,1.04,4.48,0.64,0.5363170703977266,0.6359630492410703,1.0102268260148313,1.4413341042242773,2.022523176628639
2024-01-03 05:10:00,3041.9866759572333,1.0635084536102275,0.29193660503099933,0.8666898694068704,0.29868458662519276,0.26563430277396555,1.04,4.48,0.64,0.5363170703977266,0.6359630492410703,1.0102268260148313,1.4413341042242773,2.022523176628639
2024-01-03 05:15:00,3015.338993557726,1.0737642466976112,0.290623577348525,0.8794125701697265,0.2965558254457938,0.4166666666666667,1.04,4.48,0.64,0.54230987451825,0.6491502137410108,1.0346902145086712,1.4565304665539955,2.0115357317234017
2024-01-03 05:20:00,2988.6979682592028,1.150103196262859,0.3058173811488536,0.9148790030276659,0.29655071759167284,0.4166666666666667,1.04,4.48,0.64,0.54230987451825,0.6491502137410108,1.0346902145086712,1.4565304665539955,2.0115357317234017
2024-01-03 05:25:00,2975.379347433595,1.1816613628642856,0.3087631825585166,0.9377590988302115,0.29654563141387763,0.4166666666666667,1.04,4.48,0.64,0.54230987451825,0.6491502137410108,1.0346902145086712,1.4565304665539955,2.0115357317234017
2024-01-03 05:30:00,2975.380668377716,1.3277681762007651,0.3163783031354249,1.0587797311454152,0.3075087116100712,0.4166666666666667,0.014866068747318507,0.08697677851012878,0.0116619037896906,0.5430874699346322,0.6529931086925803,1.0338638981993713,1.4576214357644441,2.1457017500109377
2024-01-03 05:35:00,2962.063779685078,1.334920069089762,0.3117534215736167,1.0759301113980482,0.31212599866019364,0.4166666666666667,1.04,4.48,0.64,0.5430874699346322,0.6529931086925803,1.0338638981993713,1.4576214357644441,2.1457017500109377
2024-01-03 05:40:00,2988.6979682592028,1.3024827325150339,0.29058017235526085,1.0966318601487213,0.3168689421897784,0.4166666666666667,1.04,4.48,0.64,0.5430874699346322,0.6529931086925803,1.0338638981993713,1.4576214357644441,2.1457017500109377
2024-01-03 05:45:00,3015.338993557726,1.3312043758001841,0.3087235199598179,1.0793168530484871,0.3192827755287086,0.4166666666666667,1.04,4.48,0.64,0.5407735200617723,0.6459729096486941,1.0215581040743595,1.4906811362595287,2.168521155073199
2024-01-03 05:50:00,3002.0169770511648,1.2951949576442072,0.3102116239083135,1.041568603789023,0.29652011791707616,0.4166666666666667,1.04,4.48,0.64,0.5407735200617723,0.6459729096486941,1.0215581040743595,1.4906811362595287,2.168521155073199
2024-01-03 05:55:00,2988.696647144427,1.4071051977158862,0.2958642712001542,1.1838825440872045,0.29442892110995844,0.26398328609096466,1.04,4.48,0.64,0.5407735200617723,0.6459729096486941,1.0215581040743595,1.4906811362595287,2.168521155073199
2024-01-03 06:00:00,2962.063779685078,1.4580624612481305,0.27734474747976745,1.2869681665672543,0.3007913137365133,0.26319529130240465,1.04,4.48,0.64,0.5426978901746348,0.6575173001526271,1.0606601717798212,1.4478290644962202,1.9679684956827943
2024-01-03 06:05:00,2948.748646765931,1.396095522378184,0.2807226385449793,1.2156493529348804,0.3052080137600135,0.4166666666666667,1.04,4.48,0.64,0.5426978901746348,0.6575173001526271,1.0606601717798212,1.4478290644962202,1.9679684956827943
2024-01-03 06:10:00,2948.748646765931,1.3815290385697774,0.28797155017425125,1.1802756906954792,0.29649971529469565,0.4166666666666667,1.04,4.48,0.64,0.5426978901746348,0.6575173001526271,1.0606601717798212,1.4478290644962202,1.9679684956827943
2024-01-03 06:15:00,2962.0624589139356,1.4908164862065638,0.31167278121492464,1.2261975671829541,0.29440892138617847,0.26912512677758393,1.04,4.48,0.64,0.5396378415196621,0.6384426364208455,1.0126421677967,1.4510865756390965,2.0620620747203513
2024-01-03 06:20:00,2962.0624589139356,1.6196167686310856,0.29996449380945717,1.3805343229528042,0.31682190205196953,0.26397348228049156,1.04,4.48,0.64,0.5396378415196621,0.6384426364208455,1.0126421677967,1.4510865756390965,2.0620620747203513
2024-01-03 06:25:00,2962.063779685078,1.6714244945687189,0.2918048301545454,1.4532748014660353,0.3192351298048364,0.2631852402648629,1.04,4.48,0.64,0.5396378415196621,0.6384426364208455,1.0126421677967,1.4510865756390965,2.0620620747203513
2024-01-03 06:30:00,2962.0624589139356,1.7457313485208095,0.2795373265844066,1.5633067025832554,0.3074421162314677,0.27099771694356095,0.01772004514666935,0.13596823158370483,0.01345362404707371,0.5374095272694744,0.6126303942835354,0.9405688491545954,1.312764354330205,1.8150360877955016
2024-01-03 06:35:00,2962.063779685078,1.8427676331089262,0.2710438981857273,1.689081650453884,0.30517524188046197,0.2647749394302042,1.04,4.48,0.64,0.5374095272694744,0.6126303942835354,0.9405688491545954,1.312764354330205,1.8150360877955016
2024-01-03 06:40:00,2962.0624589139356,1.8764186487070236,0.29714871016957234,1.6408001597664867,0.3097252321560574,0.26731898072346644,1.04,4.48,0.64,0.5374095272694744,0.6126303942835354,0.9405688491545954,1.312764354330205,1.8150360877955016
2024-01-03 06:45:00,2962.0624589139356,1.9476726537313374,0.3146734070362797,1.6666970479103944,0.31204598915082377,0.27004500615223875,1.04,4.48,0.64,0.5388886712485242,0.6080427616541455,0.9369602766393034,1.2831274293693515,1.7593021343703306
2024-01-03 06:50:00,2975.3780264894904,2.0304151757776414,0.3323855450685221,1.707500344027636,0.30073849718523427,0.2639617103360827,1.04,4.48,0.64,0.5388886712485242,0.6080427616541455,0.9369602766393034,1.2831274293693515,1.7593021343703306
2024-01-03 06:55:00,2988.696647144427,2.0378974278758597,0.344359725507744,1.6888779115299342,0.31919940291052895,0.26820337162659574,1.04,4.48,0.64,0.5388886712485242,0.6080427616541455,0.9369602766393034,1.2831274293693515,1.7593021343703306
2024-01-03 07:00:00,2988.696647144427,1.96254053343931,0.3568182269048956,1.5888560988321292,0.3191934490448667,0.2709896328095943,0.015811388300841896,0.1934586260676944,0.015620499351813309,0.537776905417107,0.5963430220938282,0.9056256180122115,1.2527051728160143,1.6837113766913852
2024-01-03 07:05:00,3002.0169770511648,2.056639062604668,0.3531970416434816,1.6888079692498676,0.31202311557567536,0.2709882870349625,1.04,4.48,0.64,0.537776905417107,0.5963430220938282,0.9056256180122115,1.2527051728160143,1.6837113766913852
2024-01-03 07:10:00,3002.015655768,2.302575528995058,0.35498541508920395,1.9278937614228238,0.3029099740960157,0.2700377929019678,1.04,4.48,0.64,0.537776905417107,0.5963430220938282,0.9056256180122115,1.2527051728160143,1.6837113766913852
2024-01-03 07:15:00,2988.696647144427,3.1584423469034917,0.4126199768005678,2.6635784096510235,0.32660452243770405,0.27098558691849767,1.04,4.48,0.64,0.5294109934634905,0.5720874059092719,0.8625404338348435,1.1623494526174132,1.5104979311472095
2024-01-03 07:20:00,2962.061138142809,3.0586016779330913,0.3604152395151152,2.6674124518935396,0.30289922783889134,0.26819525715729625,1.04,4.48,0.64,0.5294109934634905,0.5720874059092719,0.8625404338348435,1.1623494526174132,1.5104979311472095
2024-01-03 07:25:00,2962.0624589139356,2.9971838008717273,0.34254822160884685,2.6444847534734928,0.2964232844504942,0.26819362794195123,1.04,4.48,0.64,0.5294109934634905,0.5720874059092719,0.8625404338348435,1.1623494526174132,1.5104979311472095
2024-01-03 07:30:00,2935.4352935128363,3.2312514463397144,0.35493810499798656,2.8509169029351153,0.2943338852619984,0.2673019511310009,0.01772004514666935,0.13716501011555385,0.015620499351813309,0.5297405025104273,0.5716021343557073,0.8566773021389092,1.1724094847791022,1.5580115532305916
2024-01-03 07:35:00,2948.7473261701143,3.2311978556971135,0.33396617929811534,2.896859693112217,0.29432885232495193,0.2700305552947436,1.04,4.48,0.64,0.5297405025104273,0.5716021343557073,0.8566773021389092,1.1724094847791022,1.5580115532305916
2024-01-03 07:40:00,2948.7473261701143,3.4425998036637084,0.3531148705421978,3.065485450836711,0.2964079998162934,0.27601471889031065,1.04,4.48,0.64,0.5297405025104273,0.5716021343557073,0.8566773021389092,1.1724094847791022,1.5580115532305916
2024-01-03 07:45:00,2948.7473261701143,4.244430465878188,0.41254214163698133,3.7461575630718547,0.3006804029805145,0.2815100662408451,1.04,4.48,0.64,0.5268358378090845,0.5672953375447396,0.8549433665454104,1.184310031199601,1.598285331222182
2024-01-03 07:50:00,2948.7473261701143,4.4761551116196685,0.37336242880476256,4.054683426781309,0.29639779684997986,0.2681855072822012,1.04,4.48,0.64,0.5268358378090845,0.5672953375447396,0.8549433665454104,1.184310031199601,1.598285331222182
2024-01-03 07:55:00,2948.7460055743168,4.337018551735772,0.32891591762420747,4.012255647206178,0.3167102432220939,0.27097478799058133,1.04,4.48,0.64,0.5268358378090845,0.5672953375447396,0.8549433665454104,1.184310031199601,1.598285331222182
2024-01-03 08:00:00,2962.061138142809,4.88588688681345,0.38480089448441335,4.440777065382068,0.3073423339614464,0.2815097662789225,0.028442925306655785,0.1934586260676944,0.026000000000000002,0.5274694303938381,0.5701543650626557,0.8673219471453492,1.16619037896906,1.5184017913582688
2024-01-03 08:05:00,2962.061138142809,5.888617711579492,0.5060156000065492,5.218048937034821,0.2985029111849685,0.28150966284405327,1.04,4.48,0.64,0.5274694303938381,0.5701543650626557,0.8673219471453492,1.16619037896906,1.5184017913582688
2024-01-03 08:10:00,2962.061138142809,6.3613997257167405,0.503793485709287,5.694314737014659,0.30962393431292795,0.27707393254846624,1.04,4.48,0.64,0.5274694303938381,0.5701543650626557,0.8673219471453492,1.16619037896906,1.5184017913582688
2024-01-03 08:15:00,2962.061138142809,6.411748930067333,0.5170765522968966,5.721396021342934,0.29637231465159025,0.29378573961291604,1.04,4.48,0.64,0.5392624592904646,0.5867273642842986,0.8878710717215648,1.209016232314521,1.5995324316812085
2024-01-03 08:20:00,2962.061138142809,6.477612882025734,0.5666613578211667,5.701968626426525,0.30064345306635776,0.2874444714137876,1.04,4.48,0.64,0.5392624592904646,0.5867273642842986,0.8878710717215648,1.209016232314521,1.5995324316812085
2024-01-03 08:25:00,2962.0624589139356,5.741201925737767,0.3866741482083251,5.291602098398832,0.30505515500302516,0.2838330156442896,1.04,4.48,0.64,0.5392624592904646,0.5867273642842986,0.8878710717215648,1.209016232314521,1.5995324316812085
2024-01-03 08:30:00,2962.061138142809,5.764396718228238,0.36392576466097937,5.361286303040219,0.316669144062959,0.28622507230147876,0.027459060435491962,0.24980024019203823,0.033049205739321484,0.5474751135896498,0.6007403765354881,0.9009443046048962,1.1948707043023525,1.5556272046991209
2024-01-03 08:35:00,2948.7473261701143,5.346068225554089,0.37894947300788784,4.912298415730776,0.3095957834950633,0.28037287629169194,1.04,4.48,0.64,0.5474751135896498,0.6007403765354881,0.9009443046048962,1.1948707043023525,1.5556272046991209
2024-01-03 08:40:00,2948.7460055743168,4.255439118833611,0.3406454038271807,3.9039898570897336,0.3050387849238917,0.2729226503601249,1.04,4.48,0.64,0.5474751135896498,0.6007403765354881,0.9009443046048962,1.1948707043023525,1.5556272046991209
2024-01-03 08:45:00,2962.061138142809,4.016056694528802,0.33550078876841855,3.676541443417886,0.30729244336363604,0.27096124072734207,1.04,4.48,0.64,0.5426978901746348,0.5920211144883263,0.8930459338690255,1.242837077013717,1.825212316416915
2024-01-03 08:50:00,2962.061138142809,5.040140218018145,0.4205055196257386,4.525509232404592,0.3190624590221491,0.2781518562959371,1.04,4.48,0.64,0.5426978901746348,0.5920211144883263,0.8930459338690255,1.242837077013717,1.825212316416915
2024-01-03 08:55:00,2962.061138142809,5.481399012375136,0.4043211027326431,4.997298010696209,0.300606513327373,0.2862277784809296,1.04,4.48,0.64,0.5426978901746348,0.5920211144883263,0.8930459338690255,1.242837077013717,1.825212316416915
2024-01-03 09:00:00,2962.0598173717003,5.357436264396257,0.4023134994668619,4.877339698561193,0.28629735794196964,0.27706732678947377,0.027459060435491962,0.21143660988580004,0.033049205739321484,0.5396378415196621,0.5820687244647319,0.8703508258168082,1.184310031199601,1.5809882985019212
2024-01-03 09:05:00,2908.814023745802,4.680251310347436,0.4184251083941682,4.170041517521432,0.2963214093072837,0.27392623221078344,1.04,4.48,0.64,0.5396378415196621,0.5820687244647319,0.8703508258168082,1.184310031199601,1.5809882985019212
2024-01-03 09:10:00,2962.0598173717003,4.347825552053074,0.4062833445408618,3.8613480597059513,0.28628814174416894,0.2709544642109556,1.04,4.48,0.64,0.5396378415196621,0.5820687244647319,0.8703508258168082,1.184310031199601,1.5809882985019212
2024-01-03 09:15:00,2948.7460055743168,3.942441353214946,0.3601407952654194,3.549259864800519,0.28628357288543776,0.27925114124536876,1.04,4.48,0.64,0.5682429058070149,0.6316613016482805,0.9427456921142625,1.3294269442131825,1.8193911069366038
2024-01-03 09:20:00,2935.432652676659,3.249266678876967,0.31590392707456577,2.957576658074,0.28820604621748497,0.27192295536941524,1.04,4.48,0.64,0.5682429058070149,0.6316613016482805,0.9427456921142625,1.3294269442131825,1.8193911069366038
2024-01-03 09:25:00,2922.122424012614,2.563643680919692,0.2914892143233904,2.339083220816882,0.28074156824959884,0.27392210315126636,1.04,4.48,0.64,0.5682429058070149,0.6316613016482805,0.9427456921142625,1.3294269442131825,1.8193911069366038
2024-01-03 09:30:00,2922.1211037746866,2.3579796289638377,0.2717992002879933,2.198737288869573,0.2881966565594027,0.2749498572213132,0.028442925306655785,0.19465703172503174,0.033049205739321484,0.5396378415196621,0.5720874059092719,0.8492482322619224,1.1407896388028775,1.4744571882560715
2024-01-03 09:35:00,2922.1211037746866,2.411157303294787,0.28039636560499087,2.221421398227615,0.30275433440855,0.2749489487938116,1.04,4.48,0.64,0.5396378415196621,0.5720874059092719,0.8492482322619224,1.1407896388028775,1.4744571882560715
2024-01-03 09:40:00,2935.4339730947386,2.6588982392116924,0.3237878900114181,2.350351955098253,0.3049733454337908,0.267257501234837,1.04,4.48,0.64,0.5396378415196621,0.5720874059092719,0.8492482322619224,1.1407896388028775,1.4744571882560715
2024-01-03 09:45:00,2948.744684978535,2.456716403298286,0.2954469753236138,2.221339581049264,0.2789660463135436,0.2672557911261981,1.04,4.48,0.64,0.5176446657698697,0.5366796064692602,0.8055656397836243,1.0733592129385203,1.3624477971650877
2024-01-03 09:50:00,2948.7460055743168,2.4224037471215873,0.31584215486369,2.134230593430958,0.2901442948447036,0.2770607120218106,1.04,4.48,0.64,0.5176446657698697,0.5366796064692602,0.8055656397836243,1.0733592129385203,1.3624477971650877
2024-01-03 09:55:00,2935.432652676659,2.567124404525672,0.3456981258784846,2.20985607655963,0.28624679724599433,0.28150753211730245,1.04,4.48,0.64,0.5176446657698697,0.5366796064692602,0.8055656397836243,1.0733592129385203,1.3624477971650877
2024-01-03 10:00:00,2935.432652676659,2.5365604305972136,0.33533351916629695,2.202261087177523,0.2941839826124371,0.27094088806800665,0.019646882704388503,0.13596823158370483,0.020591260281974,0.5144326972500873,0.5388886712485242,0.8136973393098935,1.1615855543178901,1.7734328292890036
2024-01-03 10:05:00,2962.0598173717003,2.681541535530132,0.34743569458743156,2.3197868054929778,0.29626033426489634,0.27814392647277814,1.04,4.48,0.64,0.5144326972500873,0.5388886712485242,0.8136973393098935,1.1615855543178901,1.7734328292890036
2024-01-03 10:10:00,2975.3767055454023,2.7694128063389747,0.33027759001356943,2.445249218874963,0.2962552603549955,0.2803682013223042,1.04,4.48,0.64,0.5144326972500873,0.5388886712485242,0.8136973393098935,1.1615855543178901,1.7734328292890036
2024-01-03 10:15:00,2975.3767055454023,2.7961366192496264,0.31118961135938605,2.517614652084517,0.2962501652524979,0.2749416163416362,1.04,4.48,0.64,0.5206006146750117,0.5446613626832731,0.8213349134183936,1.1138178711081987,1.5604025121743428
2024-01-03 10:20:00,2975.3767055454023,2.8917901184206576,0.3142336816655882,2.6053057088982112,0.29624509177340214,0.27924607874165674,1.04,4.48,0.64,0.5206006146750117,0.5446613626832731,0.8213349134183936,1.1138178711081987,1.5604025121743428
2024-01-03 10:25:00,2975.3753846013315,2.868755764361934,0.30668963277437,2.6014687871717057,0.3094720333364494,0.2815069529010176,1.04,4.48,0.64,0.5206006146750117,0.5446613626832731,0.8213349134183936,1.1138178711081987,1.5604025121743428
2024-01-03 10:30:00,2948.744684978535,2.6201585036302695,0.3111594565290264,2.342467075624065,0.3005063375963585,0.2815068391269129,0.02061552812808831,0.16709949132178706,0.01680029761641144,0.5262090839200707,0.5537544582213312,0.8329668420771621,1.152531561389969,1.5544375188472517
2024-01-03 10:35:00,2908.8113836351936,3.286883673599919,0.5685663152037523,2.517257963329116,0.30946079220176725,0.2699782172593134,1.04,4.48,0.64,0.5262090839200707,0.5537544582213312,0.8329668420771621,1.152531561389969,1.5544375188472517
2024-01-03 10:40:00,2908.8113836351936,2.463718202059744,0.4020571733035142,1.9942373267154656,0.31893160401594967,0.2719028412482966,1.04,4.48,0.64,0.5262090839200707,0.5537544582213312,0.8329668420771621,1.152531561389969,1.5544375188472517
2024-01-03 10:45:00,2908.8113836351936,2.114569614942553,0.34383270528296384,1.7656151830248605,0.30049048645162013,0.26231258264765733,1.04,4.48,0.64,0.5214441484953111,0.5482928049865328,0.8237989075010964,1.110535456435318,1.4307047214572264
2024-01-03 10:50:00,2922.1211037746866,1.813710467890351,0.3403506847751926,1.4771649838625813,0.29621454840759814,0.2638670083632772,1.04,4.48,0.64,0.5214441484953111,0.5482928049865328,0.8237989075010964,1.110535456435318,1.4307047214572264
2024-01-03 10:55:00,2935.4313322585967,2.118235823592342,0.3710264613735252,1.7133778688473278,0.2962094764380303,0.26723174636759683,1.04,4.48,0.64,0.5214441484953111,0.5482928049865328,0.8237989075010964,1.110535456435318,1.4307047214572264
2024-01-03 11:00:00,2948.744684978535,2.6274608757713023,0.39213102624446006,2.1753353792162917,0.29832151690806147,0.26467337658978757,0.01772004514666935,0.13477151034250526,0.0145,0.5115310352266028,0.5304045625746445,0.796714152001833,1.075553810834214,1.3839566467198314
2024-01-03 11:05:00,3121.9653154846224,3.0139451714241408,0.4120237230987472,2.5210234728922645,0.29619931174558994,0.27189654232504246,1.04,4.48,0.64,0.5115310352266028,0.5304045625746445,0.796714152001833,1.075553810834214,1.3839566467198314
2024-01-03 11:10:00,5199.723628757529,5.065821478578005,0.8312337235236089,3.8603431020180214,0.3238130263652437,0.8044549926031633,1.04,4.48,0.64,0.5115310352266028,0.5304045625746445,0.796714152001833,1.075553810834214,1.3839566467198314
2024-01-03 11:15:00,4594.989450856663,14.395065911587125,3.8897665030241995,8.460386759930701,0.36967332025826105,1.140119375076972,1.04,4.48,0.64,0.5173867025736166,0.5392624592904646,0.806886460414351,1.1125,1.458767973325436
2024-01-03 11:20:00,4796.477039605883,4.02986126212245,0.5890763718950683,3.2214270735474346,0.347250457035857,1.2233711946334564,1.04,4.48,0.64,0.5173867025736166,0.5392624592904646,0.806886460414351,1.1125,1.458767973325436
2024-01-03 11:25:00,6411.007195974005,4.798709336803448,0.8239216334820604,3.6059020822425603,0.3213220070179441,1.9815998416739566,1.04,4.48,0.64,0.5173867025736166,0.5392624592904646,0.806886460414351,1.1125,1.458767973325436
2024-01-03 11:30:00,6653.4633476575345,5.8517668804604845,1.0738940762125433,4.26141753224699,0.3188721774957772,2.9200570288198566,0.018681541692269404,0.12400387090732289,0.01680029761641144,0.5163729272531626,0.5345287644271354,0.796714152001833,1.1510430052782563,1.9341861337523854
2024-01-03 11:35:00,6532.229976036771,6.638656130385431,1.3024955232234567,4.690189429180223,0.34184510804469737,2.4843751213253307,1.04,4.48,0.64,0.5163729272531626,0.5345287644271354,0.796714152001833,1.1510430052782563,1.9341861337523854
2024-01-03 11:40:00,6774.71194331923,7.228205861376383,1.4174383173253322,5.100151498610942,0.3418385225845156,2.1736443390923204,1.04,4.48,0.64,0.5163729272531626,0.5345287644271354,0.796714152001833,1.1510430052782563,1.9341861337523854
2024-01-03 11:45:00,7030.718458573225,8.206140319871954,1.7714195474669912,5.52961327668004,0.3418319372702131,2.567193822067979,1.04,4.48,0.64,0.5115310352266028,0.5231787457456581,0.7825076613043479,1.0664287364845342,1.4894965592440959
2024-01-03 11:50:00,6599.580555414208,7.701518524079746,1.7663756051835415,5.0340290094908395,0.32376424128037395,2.109534401653195,1.04,4.48,0.64,0.5115310352266028,0.5231787457456581,0.7825076613043479,1.0664287364845342,1.4894965592440959
2024-01-03 11:55:00,6680.408349482688,6.130559516329036,1.467482655070228,3.9290042194935606,0.31404483870487404,1.576549049884321,1.04,4.48,0.64,0.5115310352266028,0.5231787457456581,0.7825076613043479,1.0664287364845342,1.4894965592440959
2024-01-03 12:00:00,7125.048671797238,6.118886489277166,1.447432428078031,3.9482825706798117,0.3287804636027823,2.4485582979633262,0.02353720459187964,0.20903932644361442,0.03881043674065006,0.513965952179714,0.5228852646613786,0.7825076613043479,1.0453326025720235,2.0833333333333335
2024-01-03 12:05:00,6518.762484910393,4.674546546475763,0.9457277650862665,3.290043478818679,0.30707095846218974,1.522546588822925,1.04,4.48,0.64,0.513965952179714,0.5228852646613786,0.7825076613043479,1.0453326025720235,2.0833333333333335
2024-01-03 12:10:00,6572.644116165342,3.6784204107741685,0.5546418122335061,2.92953354305159,0.30480988395672515,1.249294656765869,1.04,4.48,0.64,0.513965952179714,0.5228852646613786,0.7825076613043479,1.0453326025720235,2.0833333333333335
2024-01-03 12:15:00,6128.217168842962,4.500477510149149,0.785119470390349,3.370864016633093,0.3188186616822155,1.0733183505319854,1.04,4.48,0.64,0.5217288567829079,0.5331275644721439,0.7943138926142486,1.070656924509434,1.3713482416950116
2024-01-03 12:20:00,6209.008383410428,4.519752100594892,0.8480313619719216,3.290035917306136,0.3093427831192557,0.9399704696619476,1.04,4.48,0.64,0.5217288567829079,0.5331275644721439,0.7943138926142486,1.070656924509434,1.3713482416950116
2024-01-03 12:25:00,6693.884421100727,4.11795164824148,0.7251202142012049,3.0865351615383223,0.3163933618299803,1.1077027444248073,1.04,4.48,0.64,0.5217288567829079,0.5331275644721439,0.7943138926142486,1.070656924509434,1.3713482416950116
2024-01-03 12:30:00,7327.2097461268595,5.293410653350305,0.9824933718522862,3.848201963025275,0.3003798686396217,1.8928008636026374,0.02256102834535696,0.16111064521005433,0.03736308338453881,0.5277887835109799,0.5363170703977266,0.7935267103254937,1.060809125149289,1.3492827724387502
2024-01-03 12:35:00,7259.821939666215,5.603178534521458,1.0169444636249532,4.102787706845945,0.30932593494810434,2.211462905592337,1.04,4.48,0.64,0.5277887835109799,0.5363170703977266,0.7935267103254937,1.060809125149289,1.3492827724387502
2024-01-03 12:40:00,6464.89016929398,3.8824135865214373,0.675209492511248,2.933082268824086,0.30477719955541127,1.5139188918565223,1.04,4.48,0.64,0.5277887835109799,0.5363170703977266,0.7935267103254937,1.060809125149289,1.3492827724387502
2024-01-03 12:45:00,6357.143024389193,3.1510041461389493,0.5364662411017379,2.4365030654662334,0.29609766958959544,0.8922284268452814,1.04,4.48,0.64,0.513965952179714,0.5211612034677946,0.776934900747804,1.0521069337286966,1.3553877673935235
2024-01-03 12:50:00,6074.363423413192,2.90546203067421,0.46172696114929224,2.3224713017168033,0.29609258120129645,0.6415048571967368,1.04,4.48,0.64,0.513965952179714,0.5211612034677946,0.776934900747804,1.0521069337286966,1.3553877673935235
2024-01-03 12:55:00,6437.953016373826,3.0280808958635004,0.5163021906779257,2.348983467602503,0.3003535277348634,0.8563675050493833,1.04,4.48,0.64,0.513965952179714,0.5211612034677946,0.776934900747804,1.0521069337286966,1.3553877673935235
2024-01-03 13:00:00,6949.878838809305,4.337712951343852,1.115740868412243,2.691483135192422,0.3070101299616076,1.4874311094175088,0.02256102834535696,0.14195266816794952,0.03162277660168379,0.5102979521808804,0.5171305444469511,0.7741860241569851,1.047096103516769,2.0833333333333335
2024-01-03 13:05:00,7017.252207289239,4.318346216923002,0.8966250746694353,3.0132563001698225,0.29399941848905486,2.063628899739992,1.04,4.48,0.64,0.5102979521808804,0.5171305444469511,0.7741860241569851,1.047096103516769,2.0833333333333335
2024-01-03 13:10:00,7704.643859386079,7.817252680102252,2.0434638838760257,4.72385804955628,0.2939944424032667,2.116191182982492,1.04,4.48,0.64,0.5102979521808804,0.5171305444469511,0.7741860241569851,1.047096103516769,2.0833333333333335
2024-01-03 13:15:00,8109.116528494729,5.018124399358246,0.894156197257929,3.7130875112175254,0.2879854867476061,2.75035797420446,1.04,4.48,0.64,0.5612708793443679,0.6620845867409995,1.0471717337667208,1.5840493205705433,2.5407565802335337
2024-01-03 13:20:00,8459.724760930683,5.746084379851971,1.2673226475752914,3.8553891810785292,0.2960620981790981,2.7981932960410365,1.04,4.48,0.64,0.5612708793443679,0.6620845867409995,1.0471717337667208,1.5840493205705433,2.5407565802335337
2024-01-03 13:25:00,7825.979115158263,6.800525520417029,1.5977169636047586,4.395546151362698,0.29817145224268476,2.5062022394060692,1.04,4.48,0.64,0.5612708793443679,0.6620845867409995,1.0471717337667208,1.5840493205705433,2.5407565802335337
2024-01-03 13:30:00,8095.636409279258,4.511297274231862,0.8381264756805181,3.297316763508274,0.306976922883458,2.3841620597900324,1.04,4.48,0.64,0.560817260790001,0.65816715202143,1.0272799034343074,1.6548239332327772,2.575656032936075
2024-01-03 13:35:00,8082.153701144597,3.982132184522496,0.7704516020360285,2.8790326177329617,0.30249711282807323,2.2721384433280027,1.04,4.48,0.64,0.560817260790001,0.65816715202143,1.0272799034343074,1.6548239332327772,2.575656032936075
2024-01-03 13:40:00,8608.078132541024,4.921136510306659,1.1677375448200638,3.1893807976227313,0.29604181611273594,2.033011588243673,1.04,4.48,0.64,0.560817260790001,0.65816715202143,1.0272799034343074,1.6548239332327772,2.575656032936075
2024-01-03 13:45:00,8028.221062287583,5.559885518186032,1.2996830187865096,3.6201002138903107,0.29815075267983776,2.20781873109963,1.04,4.48,0.64,0.5158769233063251,0.5297405025104273,0.789313625880106,1.1615855543178901,1.8442440185615352
2024-01-03 13:50:00,8149.576122219207,5.253895843855873,1.2822087604361694,3.3429598411064885,0.3092417200222564,1.9687233177691783,1.04,4.48,0.64,0.5158769233063251,0.5297405025104273,0.789313625880106,1.1615855543178901,1.8442440185615352
2024-01-03 13:55:00,8945.269717689871,7.611158732182768,1.9147419142465132,4.7159692506207875,0.3337698067590146,2.645589599692477,1.04,4.48,0.64,0.5158769233063251,0.5297405025104273,0.789313625880106,1.1615855543178901,1.8442440185615352
2024-01-03 14:00:00,9120.624853976795,10.177824721814307,2.7614923312076236,5.977516091286251,0.3186939297091797,2.703450370894399,0.034365680554879166,0.24380516811585431,0.057870545184921136,0.5195007218474291,0.5307391072834184,0.789313625880106,1.0887287311355387,1.4830050573076277
2024-01-03 14:05:00,8041.7087717691,6.520917559604388,1.4897363782836281,4.283371206538223,0.3138945317861395,2.07167126023707,1.04,4.48,0.64,0.5195007218474291,0.5307391072834184,0.789313625880106,1.0887287311355387,1.4830050573076277
2024-01-03 14:10:00,9484.85613168825,6.051752384054075,1.3570591973775106,4.020907790585045,0.31868205218645534,2.1642535242698613,1.04,4.48,0.64,0.5195007218474291,0.5307391072834184,0.789313625880106,1.0887287311355387,1.4830050573076277
2024-01-03 14:15:00,7286.792483856332,7.215172811815706,1.6855637913938561,4.6735135384603135,0.31867608894735006,1.905133950138705,1.04,4.48,0.64,0.5314132102234569,0.619641832028794,0.9741080843520394,2.4910323663091973,5.925349272405805
2024-01-03 14:20:00,6437.96503994734,2.755173784771036,0.45296807414110174,2.189191502389527,0.2898855900532598,0.5942543826359218,1.04,4.48,0.64,0.5314132102234569,0.619641832028794,0.9741080843520394,2.4910323663091973,5.925349272405805
2024-01-03 14:25:00,5939.748176757094,1.9876263777272936,0.37051403701250263,1.5860656322052746,0.2879198923907991,0.48102302337892566,1.04,4.48,0.64,0.5314132102234569,0.619641832028794,0.9741080843520394,2.4910323663091973,5.925349272405805
2024-01-03 14:30:00,6653.487399454349,2.293850469174553,0.37427078489417476,1.8801229550652576,0.2959910299338223,0.515847685011308,0.028442925306655785,0.1850703649966682,0.0505,0.5168761940735905,0.5287570330501524,0.7912041455907571,1.0690575288542707,1.370526905974487
2024-01-03 14:35:00,6087.839578655012,3.057677994869978,0.46572598901718304,2.4663615768471256,0.30690509105693287,0.5202899979934273,1.04,4.48,0.64,0.5168761940735905,0.5287570330501524,0.7912041455907571,1.0690575288542707,1.370526905974487
2024-01-03 14:40:00,5980.13627255103,3.441918362173661,0.540650573770761,2.718127883089232,0.293904784605993,0.6311865940667942,1.04,4.48,0.64,0.5168761940735905,0.5287570330501524,0.7912041455907571,1.0690575288542707,1.370526905974487
2024-01-03 14:45:00,5724.3942399661755,3.1189780718460205,0.4764745149654347,2.5082004095398194,0.28790115106823194,0.5922208695176832,1.04,4.48,0.64,0.5195007218474291,0.5327813810560575,0.7943138926142486,1.089918460252876,1.4346135368105237
2024-01-03 14:50:00,5536.008779560019,3.0728630157244203,0.48514908459009604,2.4472107659449764,0.28985691322444873,0.5072185390090505,1.04,4.48,0.64,0.5195007218474291,0.5327813810560575,0.7943138926142486,1.089918460252876,1.4346135368105237
2024-01-03 14:55:00,5307.325345418374,2.9999175401842315,0.45712311618016777,2.424369032859804,0.3114869293739289,0.47478212359692945,1.04,4.48,0.64,0.5195007218474291,0.5327813810560575,0.7943138926142486,1.089918460252876,1.4346135368105237
2024-01-03 15:00:00,5320.776625209347,3.3762965520853503,0.45924075552964067,2.794587220039716,0.3002219897431699,0.5696557937172324,0.02256102834535696,0.1323782459469833,0.034481879299133336,0.5228852646613786,0.5381458909998291,0.8060043672338258,1.0990614177560778,1.4336331469382255
2024-01-03 15:05:00,5213.188405401894,2.919303384648537,0.4013784367751836,2.447207378067108,0.31382522554458653,0.5029536053315554,1.04,4.48,0.64,0.5228852646613786,0.5381458909998291,0.8060043672338258,1.0990614177560778,1.4336331469382255
2024-01-03 15:10:00,5441.836829933305,2.164532790921954,0.3346430521066453,1.8349715082179343,0.29806290440995636,0.5584664081436971,1.04,4.48,0.64,0.5228852646613786,0.5381458909998291,0.8060043672338258,1.0990614177560778,1.4336331469382255
2024-01-03 15:15:00,4621.85903055629,2.2705760124377323,0.37987039971488396,1.8461157849592376,0.3002062165823834,0.563017042401605,1.04,4.48,0.64,0.5304045625746445,0.5507821710985206,0.8223161435846922,1.148821243710265,1.5449802587735546
2024-01-03 15:20:00,4219.179726096851,2.266726238380333,0.3973741783626772,1.8086550571644993,0.31859895409882183,0.30073568392421257,1.04,4.48,0.64,0.5304045625746445,0.5507821710985206,0.8223161435846922,1.148821243710265,1.5449802587735546
2024-01-03 15:25:00,4541.286605397743,2.746805332753962,0.38562161554910324,2.3064156833653495,0.2959352478251227,0.3363914806941497,1.04,4.48,0.64,0.5304045625746445,0.5507821710985206,0.8223161435846922,1.148821243710265,1.5449802587735546
2024-01-03 15:30:00,4353.35330056021,2.754399559441849,0.4194597932748153,2.2494279942145825,0.2959301663773818,0.4558843673389147,0.02061552812808831,0.1383618444514238,0.034481879299133336,0.5438713083073973,0.5687187354044176,0.8470070601830896,1.1458796839110117,1.494958193395387
2024-01-03 15:35:00,4165.528590677144,2.773470710234239,0.5427534847062494,2.052568281513371,0.2959251064963692,0.35914239181705576,1.04,4.48,0.64,0.5438713083073973,0.5687187354044176,0.8470070601830896,1.1458796839110117,1.494958193395387
2024-01-03 15:40:00,4018.03661684441,2.945746311539491,0.45913293290713053,2.3670356042110585,0.30017993214751976,0.318541788815213,1.04,4.48,0.64,0.5438713083073973,0.5687187354044176,0.8470070601830896,1.1458796839110117,1.494958193395387
2024-01-03 15:45:00,4152.118034995257,2.586123272887478,0.33626048105068285,2.249433854847751,0.2878449890922907,0.32976689442124046,1.04,4.48,0.64,0.5856833615529812,0.6167017107159668,0.8943510720069607,1.2392836640575877,1.7025968401239326
2024-01-03 15:50:00,4219.181056654252,2.6700747343182187,0.34139810407708127,2.3215079109265315,0.3001694198320862,0.40876748733969775,1.04,4.48,0.64,0.5856833615529812,0.6167017107159668,0.8943510720069607,1.2392836640575877,1.7025968401239326
2024-01-03 15:55:00,5065.2915391544275,2.738824601236354,0.40524098734705366,2.2606690745408886,0.2959048050922429,0.6482537854314702,1.04,4.48,0.64,0.5856833615529812,0.6167017107159668,0.8943510720069607,1.2392836640575877,1.7025968401239326
2024-01-03 16:00:00,4487.583562788215,2.9800304517825653,0.4697941209092965,2.3821119024745037,0.29589972494769995,0.6413419929801695,0.02353720459187964,0.13477151034250526,0.02462214450449026,0.6097548687792497,0.6434477445760456,0.9185990202476814,1.2682271089990151,1.6931225590606251
2024-01-03 16:05:00,4621.863026963539,3.841674882278292,0.6604876735636559,2.916542993846582,0.2958946663644764,0.6113554892595959,1.04,4.48,0.64,0.6097548687792497,0.6434477445760456,0.9185990202476814,1.2682271089990151,1.6931225590606251
2024-01-03 16:10:00,4890.555570264659,3.471736296896447,0.5046793915659368,2.8094332354896396,0.30014839770200696,0.6694191494378466,1.04,4.48,0.64,0.6097548687792497,0.6434477445760456,0.9185990202476814,1.2682271089990151,1.6931225590606251
2024-01-03 16:15:00,4890.556903243034,3.367792030466933,0.3413412520007507,3.0165063340978904,0.2958845071613245,0.733072223638388,1.04,4.48,0.64,0.599634055070257,0.6347290760631658,0.916525089672945,1.2482023073204118,1.6571795316138804
2024-01-03 16:20:00,5119.069917155891,4.3588188567722055,0.4254783486889529,3.8358635466003452,0.280387284432717,0.7855218987870436,1.04,4.48,0.64,0.599634055070257,0.6347290760631658,0.916525089672945,1.2482023073204118,1.6571795316138804
2024-01-03 16:25:00,6505.325887270351,6.2287885603616,0.6066986582716879,5.385921368782966,0.29176390910511885,0.9667927707963274,1.04,4.48,0.64,0.599634055070257,0.6347290760631658,0.916525089672945,1.2482023073204118,1.6571795316138804
2024-01-03 16:30:00,7650.75248480322,6.740642904185298,0.8497759761641198,5.501855892625132,0.2958693126668736,2.912193087830244,0.02353720459187964,0.12041594578792295,0.03736308338453881,0.5563595959449248,0.5836103151932803,0.8607681220863143,1.154025996240986,1.4916755679436464
2024-01-03 16:35:00,7529.4317012138545,6.616475662108847,1.1077534550330952,4.971143923260998,0.2958642340426272,2.8899449112183024,1.04,4.48,0.64,0.5563595959449248,0.5836103151932803,0.8607681220863143,1.154025996240986,1.4916755679436464
2024-01-03 16:40:00,7718.161414864257,5.868144395933108,1.0409649118380975,4.329257890433005,0.29796992869000816,2.9556708741402518,1.04,4.48,0.64,0.5563595959449248,0.5836103151932803,0.8607681220863143,1.154025996240986,1.4916755679436464
2024-01-03 16:45:00,5980.14829032354,4.022579847596128,0.6043264416764028,3.1887885698354697,0.2958541201199611,1.540185449054776,1.04,4.48,0.64,0.5925571702376067,0.6286183261725671,0.917215350940007,1.254514348263901,1.6917742166140257
2024-01-03 16:50:00,5428.393578525866,2.2581302900183577,0.3294027317677115,1.9393744083424236,0.29377541916134225,0.8581077675520428,1.04,4.48,0.64,0.5925571702376067,0.6286183261725671,0.917215350940007,1.254514348263901,1.6917742166140257
2024-01-03 16:55:00,5374.586085563301,2.4823893351696973,0.6415631536112872,1.6070118998567855,0.2821499294872284,0.6746546454483212,1.04,4.48,0.64,0.5925571702376067,0.6286183261725671,0.917215350940007,1.254514348263901,1.6917742166140257
2024-01-03 17:00:00,5145.965158923467,2.387164690428369,0.4891585256916943,1.7631234822784227,0.28398045320917953,0.6911603611238422,0.028442925306655785,0.1275924762672157,0.059348546738736574,0.6396882053000509,0.6780589944835184,0.9627216420128926,1.4252158608435423,2.1816149981149286
2024-01-03 17:05:00,5361.136275788591,2.7456991455501627,0.5023204168613344,2.093571496629671,0.28397600568970416,0.8559588514671485,1.04,4.48,0.64,0.6396882053000509,0.6780589944835184,0.9627216420128926,1.4252158608435423,2.1816149981149286
2024-01-03 17:10:00,5684.035286294531,2.2427361000924653,0.35718724340921243,1.8641583808233553,0.28584800842298824,0.8488051144021698,1.04,4.48,0.64,0.6396882053000509,0.6780589944835184,0.9627216420128926,1.4252158608435423,2.1816149981149286
2024-01-03 17:15:00,6074.392803373728,1.9631341565654612,0.3276982333242293,1.6516470061193607,0.27522835654480426,0.8827416552426665,1.04,4.48,0.64,0.6447084612443054,0.6910347313992257,0.996674952027992,1.3697065379124098,1.8678982841686
2024-01-03 17:20:00,6680.451109210426,2.0534900031195127,0.31337726128344245,1.7743998861691463,0.2768835720641094,1.1544471574733985,1.04,4.48,0.64,0.6447084612443054,0.6910347313992257,0.996674952027992,1.3697065379124098,1.8678982841686
2024-01-03 17:25:00,6693.923172542956,2.189516208680456,0.3535372304614093,1.8191470919623969,0.2821237422568747,1.6015125216651884,1.04,4.48,0.64,0.6447084612443054,0.6910347313992257,0.996674952027992,1.3697065379124098,1.8678982841686
2024-01-03 17:30:00,4944.320341422504,2.5735078377384175,0.4314898602596279,2.0481971834510677,0.2839536770918306,1.0808386495274167,0.02353720459187964,0.10607242808571886,0.046097722286464436,0.6693466964137494,0.725,1.0313893542208006,1.5562956820604494,2.566917217208222
2024-01-03 17:35:00,4756.192741908094,2.768318709467854,0.33771899939809313,2.427348682338845,0.2958034141660419,0.36861836075031584,1.04,4.48,0.64,0.6693466964137494,0.725,1.0313893542208006,1.5562956820604494,2.566917217208222
2024-01-03 17:40:00,6303.308409264772,2.9981077199468746,0.4150488226681202,2.4995882417532167,0.2821106704607686,0.6448093168514863,1.04,4.48,0.64,0.6693466964137494,0.725,1.0313893542208006,1.5562956820604494,2.566917217208222
2024-01-03 17:45:00,6801.707752544079,2.603873540245875,0.4524176866356673,2.0405375308460263,0.28968968177112403,1.824807389249994,1.04,4.48,0.64,0.7085224061382956,0.7619875327064085,1.078626459901666,1.4685708188575721,2.0068383093812017
2024-01-03 17:50:00,5038.412446054368,2.3904092444455873,0.40294761908705395,1.920126656319792,0.2877280847702054,0.6565931831849611,1.04,4.48,0.64,0.7085224061382956,0.7619875327064085,1.078626459901666,1.4685708188575721,2.0068383093812017
2024-01-03 17:55:00,4702.45875666952,2.7298479879910147,0.4293536162858897,2.2068337008797965,0.29578317624830075,0.31558048410852463,1.04,4.48,0.64,0.7085224061382956,0.7619875327064085,1.078626459901666,1.4685708188575721,2.0068383093812017
2024-01-03 18:00:00,4662.162195887416,2.8675716419346724,0.414996822662759,2.3700349817648667,0.29577810131782734,0.3631487186728952,0.03337663853655728,0.11324239488813365,0.03592005011132362,0.6993718610295956,0.7552191734854194,1.0657635009700792,1.4554402254988008,2.00996915399217
2024-01-03 18:05:00,4527.867095094042,3.501294619792777,0.71463180141603,2.491496408185202,0.29577304792703224,0.3332965329351826,1.04,4.48,0.64,0.6993718610295956,0.7552191734854194,1.0657635009700792,1.4554402254988008,2.00996915399217
2024-01-03 18:10:00,4407.044903731435,3.4396529586352567,0.5948420675587116,2.6251052710035174,0.2978770435926526,0.3705781330462207,1.04,4.48,0.64,0.6993718610295956,0.7552191734854194,1.0657635009700792,1.4554402254988008,2.00996915399217
2024-01-03 18:15:00,4259.433126864898,3.0092304142229933,0.3832646855269793,2.571872119182809,0.2957629204733991,0.3452785888244484,1.04,4.48,0.64,0.726449585312016,0.7856436851397712,1.0933797876309952,1.4784860499849162,1.9865638675864414
2024-01-03 18:20:00,4299.683858514368,3.1896015760612766,0.3588413242727742,2.8011792749095226,0.2802851945629996,0.31871914686169256,1.04,4.48,0.64,0.726449585312016,0.7856436851397712,1.0933797876309952,1.4784860499849162,1.9865638675864414
2024-01-03 18:25:00,4098.4822479459635,3.0858637338244828,0.33252702717095517,2.755270801786594,0.28577947297949385,0.30805221767301527,1.04,4.48,0.64,0.726449585312016,0.7856436851397712,1.0933797876309952,1.4784860499849162,1.9865638675864414
2024-01-03 18:30:00,4152.122025741657,2.8136335307072886,0.3117091832419348,2.533737422684255,0.2768271380569848,0.32189411130763107,0.029427877939124318,0.13596823158370483,0.028792360097775936,0.7695615634892377,0.8384086115969946,1.1614276731678128,1.5620499351813308,2.1799761466584906
2024-01-03 18:35:00,4272.849897959134,2.767654819195007,0.3028326449651058,2.5108459542377024,0.2719893718591731,0.4401195016452946,1.04,4.48,0.64,0.7695615634892377,0.8384086115969946,1.1614276731678128,1.5620499351813308,2.1799761466584906
2024-01-03 18:40:00,4447.315227883111,2.568913546438269,0.2958334135454138,2.3319495300853723,0.2751617603385998,0.5625969424023344,1.04,4.48,0.64,0.7695615634892377,0.8384086115969946,1.1614276731678128,1.5620499351813308,2.1799761466584906
2024-01-03 18:45:00,4420.469149856873,3.2661880773337653,0.5924371580017648,2.4570897915616827,0.2768150590096532,0.5808550257929259,1.04,4.48,0.64,0.8400148808205722,0.9214532001138203,1.2544844997049585,1.7457837781351961,2.6317971046416173
2024-01-03 18:50:00,4460.741044631178,4.914128935035263,1.0826433194076976,3.3144077094756392,0.2957274918764221,0.5334004448464124,1.04,4.48,0.64,0.8400148808205722,0.9214532001138203,1.2544844997049585,1.7457837781351961,2.6317971046416173
2024-01-03 18:55:00,4984.6478955445045,2.4087047901647654,0.36985576002567505,2.0025129317424786,0.2936511637589001,0.7092031338018766,1.04,4.48,0.64,0.8400148808205722,0.9214532001138203,1.2544844997049585,1.7457837781351961,2.6317971046416173
2024-01-03 19:00:00,9876.182392829141,2.488615869759634,0.48882967619563433,1.8633197886928827,0.2957173470155181,2.250386415322097,0.029427877939124318,0.12400387090732289,0.02739069184960468,0.8011716420343397,0.8790500554575946,1.2041029856287209,1.7408690358553685,2.535534657621544
2024-01-03 19:05:00,13790.391063361709,2.4162043095205323,0.4844521370440531,1.7996770366853305,0.28203657107807584,6.372774560673004,1.04,4.48,0.64,0.8011716420343397,0.8790500554575946,1.2041029856287209,1.7408690358553685,2.535534657621544
2024-01-03 19:10:00,12453.909516685226,2.6449337017350807,0.5534699432613407,1.9081942835381742,0.28960853808511167,4.958945002784419,1.04,4.48,0.64,0.8011716420343397,0.8790500554575946,1.2041029856287209,1.7408690358553685,2.535534657621544
2024-01-03 19:15:00,11266.121140615287,2.5647084852806312,0.5219364840391443,1.8819321500483743,0.282027853845939,4.091920640536941,1.04,4.48,0.64,0.6834881125520765,0.7507329751649383,1.0717478061559071,1.499602030540103,2.0572933675098457
2024-01-03 19:20:00,8716.045184764936,2.1920114057590583,0.34092088746696214,1.8483911571352618,0.2936263418270516,3.0687781578478432,1.04,4.48,0.64,0.6834881125520765,0.7507329751649383,1.0717478061559071,1.499602030540103,2.0572933675098457
2024-01-03 19:25:00,10307.970080261437,2.2829532764685427,0.3461423079935871,1.9271239502649424,0.28022995846372706,2.8065680210225725,1.04,4.48,0.64,0.6834881125520765,0.7507329751649383,1.0717478061559071,1.499602030540103,2.0572933675098457
2024-01-03 19:30:00,9565.879934059692,2.226000281561966,0.3391741795936814,1.885810695319054,0.29568700288919275,2.330182532533141,0.03337663853655728,0.1706931750246623,0.05344389581607987,0.6409375944661071,0.702876945133357,1.0062169944897572,1.420946955378701,1.9788016575695504
2024-01-03 19:35:00,11428.08758252078,2.142637411580174,0.3041593771668187,1.88583440574082,0.29361144295195496,3.4895278870817177,1.04,4.48,0.64,0.6409375944661071,0.702876945133357,1.0062169944897572,1.420946955378701,1.9788016575695504
2024-01-03 19:40:00,13061.39077930753,2.4919808663475105,0.31463030232446454,2.2063454578320734,0.3043207170128235,3.583549041540244,1.04,4.48,0.64,0.6409375944661071,0.702876945133357,1.0062169944897572,1.420946955378701,1.9788016575695504
2024-01-03 19:45:00,9876.194437363887,2.6139933545923024,0.31773413386982585,2.320125116266547,0.302101589558899,3.973638875817173,1.04,4.48,0.64,0.6627405223765934,0.7293565657481943,1.05642605041716,1.4641824510627082,2.005274046109409
2024-01-03 19:50:00,8608.153045847786,3.0005171794959167,0.3641365882064556,2.601864196037,0.3111513785515657,1.504499818795456,1.04,4.48,0.64,0.6627405223765934,0.7293565657481943,1.05642605041716,1.4641824510627082,2.005274046109409
2024-01-03 19:55:00,12035.475407943724,2.977450502272284,0.3715871153093769,2.563659240576164,0.3158665516350201,2.140101718261378,1.04,4.48,0.64,0.6627405223765934,0.7293565657481943,1.05642605041716,1.4641824510627082,2.005274046109409
2024-01-03 20:00:00,12980.397979817884,2.3661371844405528,0.3425638863329366,2.017221501188355,0.29990688308321756,3.4082921808907463,0.035355339059327376,0.18027756377319948,0.06527059062089142,0.7007717174658236,0.7627424204802038,1.0769028925580988,1.4445782256423498,1.9265658566475221
2024-01-03 20:05:00,14073.926476352079,2.142300504883155,0.3442963407259372,1.7920028854113086,0.29775847670834926,4.966095411941011,1.04,4.48,0.64,0.7007717174658236,0.7627424204802038,1.0769028925580988,1.4445782256423498,1.9265658566475221
2024-01-03 20:10:00,10591.359236414293,2.3014300404803145,0.371550553621891,1.8930211031997954,0.2956465064972306,3.8015088274421056,1.04,4.48,0.64,0.7007717174658236,0.7627424204802038,1.0769028925580988,1.4445782256423498,1.9265658566475221
2024-01-03 20:15:00,12804.909704475265,2.055293663066169,0.3176717234526469,1.7658484026412353,0.29357175722271134,2.6484231268261427,1.04,4.48,0.64,0.7071067811865476,0.7741324176134211,1.0977534149343375,1.4829109885626985,1.9881187087294363
2024-01-03 20:20:00,9484.945786856215,2.4610550236166633,0.47340091929776024,1.86283584363704,0.28380192763918155,2.613387890786127,1.04,4.48,0.64,0.7071067811865476,0.7741324176134211,1.0977534149343375,1.4829109885626985,1.9881187087294363
2024-01-03 20:25:00,5818.638533301866,3.973950209895843,0.6739061706943406,3.0261779828963924,0.3087989727685817,0.8984483111975349,1.04,4.48,0.64,0.7071067811865476,0.7741324176134211,1.0977534149343375,1.4829109885626985,1.9881187087294363
2024-01-03 20:30:00,4850.25740360161,4.503104595003053,0.4456375005793753,3.942499987280055,0.29562627416656,0.3096399748559325,0.03634556369077249,0.15871534267360546,0.06675327707311456,0.7134991240359024,0.7794895765820092,1.0898920313498948,1.499602030540103,2.074809870807443
2024-01-03 20:35:00,4433.89791869798,3.507380761700345,0.3176301635115947,3.210865487787674,0.29562122727416834,0.28507610245345233,1.04,4.48,0.64,0.7134991240359024,0.7794895765820092,1.0898920313498948,1.499602030540103,2.074809870807443
2024-01-03 20:40:00,4581.586666839788,2.7203729929957814,0.2969806412460733,2.4796248644663175,0.287569376785804,0.2981128716947702,1.04,4.48,0.64,0.7134991240359024,0.7794895765820092,1.0898920313498948,1.499602030540103,2.074809870807443
2024-01-03 20:45:00,4420.47447545886,2.6209632157258245,0.3160468938855945,2.3311636836529477,0.28565165384700986,0.28755241204309906,1.04,4.48,0.64,0.7242761904135743,0.7810249675906655,1.0803526091050089,1.4188172010516364,1.8589986551904765
2024-01-03 20:50:00,4460.746370853418,2.609452900105155,0.30257459863704994,2.3539601446386547,0.2750600370081926,0.290096871925558,1.04,4.48,0.64,0.7242761904135743,0.7810249675906655,1.0803526091050089,1.4188172010516364,1.8589986551904765
2024-01-03 20:55:00,5509.132017152999,2.903955709484682,0.3441816358708564,2.5480810791470745,0.2718863304467478,0.3269298078108756,1.04,4.48,0.64,0.7242761904135743,0.7810249675906655,1.0803526091050089,1.4188172010516364,1.8589986551904765
2024-01-03 21:00:00,4877.135339047283,3.649635402188121,0.44977724312626016,3.08379622647017,0.2819364563698006,0.49449818190444905,1.04,4.48,0.64,0.702876945133357,0.7604794540288383,1.0623585835300622,1.5288859506189465,2.360191517652752
2024-01-03 21:05:00,6411.075327817612,3.5378638964174662,0.4497639637668345,2.9725004684044007,0.29352213337547656,0.6683312325700863,1.04,4.48,0.64,0.702876945133357,0.7604794540288383,1.0623585835300622,1.5288859506189465,2.360191517652752
2024-01-03 21:10:00,5320.804640688025,3.51470506614776,0.6879752714422894,2.5475734700670145,0.295585819933072,1.1729095513178864,1.04,4.48,0.64,0.702876945133357,0.7604794540288383,1.0623585835300622,1.5288859506189465,2.360191517652752
2024-01-03 21:15:00,4326.528101175017,3.9386901200300146,0.8538578442028778,2.703937127095219,0.29351220290230495,0.4451402930660183,1.04,4.48,0.64,0.6390649419268749,0.6848532689562049,0.9818090241997168,1.342356230663083,2.1181595785020546
2024-01-03 21:20:00,4366.788696098635,3.199167424132723,0.5827958482633206,2.4066584962564344,0.28948462365199246,0.3052424796715802,1.04,4.48,0.64,0.6390649419268749,0.6848532689562049,0.9818090241997168,1.342356230663083,2.1181595785020546
2024-01-03 21:25:00,4098.487567909738,2.8576516473199676,0.5350207188729104,2.1486241795784053,0.29557066382365726,0.29010463361440403,1.04,4.48,0.64,0.6390649419268749,0.6848532689562049,0.9818090241997168,1.342356230663083,2.1181595785020546
2024-01-03 21:30:00,4071.670964559089,2.3651305789835972,0.4185193851651851,1.8662134850102003,0.2955655980316818,0.2758813266526128,0.0304138126514911,0.10248902380255165,0.023259406699226014,0.602966831591921,0.6453402203489258,0.9340911304578371,1.3254810447531868,1.8222996460516587
2024-01-03 21:35:00,4125.306822510142,3.0070369708489593,0.6220914909364914,2.152245146487622,0.29766577042522413,0.2826715099928891,1.04,4.48,0.64,0.602966831591921,0.6453402203489258,0.9340911304578371,1.3254810447531868,1.8222996460516587
2024-01-03 21:40:00,3803.6670688047225,5.086592458938554,1.0574689527480705,3.5250742558159107,0.31814854476398935,0.2940527346998844,1.04,4.48,0.64,0.602966831591921,0.6453402203489258,0.9340911304578371,1.3254810447531868,1.8222996460516587
2024-01-03 21:45:00,3723.326425597739,2.8421114852109772,0.4667083906078865,2.2508674250636993,0.2976554836145231,0.27696414939193753,1.04,4.48,0.64,0.5621823547568885,0.5909526207742885,0.8685297922351312,1.1948707043023525,1.5809882985019212
2024-01-03 21:50:00,4232.609345381415,2.7272459301955143,0.5237406389467715,2.038931228329259,0.30196825947072004,0.29272459898768755,1.04,4.48,0.64,0.5621823547568885,0.5909526207742885,0.8685297922351312,1.1948707043023525,1.5809882985019212
2024-01-03 21:55:00,4957.775817632579,16.950061769357436,4.989177062689392,9.330005971886829,0.37454382228523386,0.661870662345753,1.04,4.48,0.64,0.5621823547568885,0.5909526207742885,0.8685297922351312,1.1948707043023525,1.5809882985019212
2024-01-03 22:00:00,5536.0448116932475,12.867593515798331,3.935220429961392,6.865618463885105,0.42006228057251754,1.000913532346571,0.025495097567963927,0.1383618444514238,0.01929378138157474,0.5563595959449248,0.5825813247950882,0.8520794329169082,1.1638815446599367,1.5298444365359505
2024-01-03 22:05:00,3910.8340615145535,8.841653248489136,2.3406569024990564,5.289425697868304,0.44236125239880014,0.769262408192647,1.04,4.48,0.64,0.5563595959449248,0.5825813247950882,0.8520794329169082,1.1638815446599367,1.5298444365359505
2024-01-03 22:10:00,3696.553183939228,8.78723724926329,2.070230229077063,5.64997340619269,0.374522015145265,0.34574948524447946,1.04,4.48,0.64,0.5563595959449248,0.5825813247950882,0.8520794329169082,1.1638815446599367,1.5298444365359505
2024-01-03 22:15:00,3535.9938172788957,3.033454705829242,0.48175654206143614,2.4140539009124655,0.35738108809109276,0.2967772344568145,1.04,4.48,0.64,0.5550504481576427,0.5841266985851614,0.8595929269136642,1.2339890599190901,1.7217305247918442
2024-01-03 22:20:00,3535.995143814744,2.64664460923769,0.4224790893937542,2.1370737629957732,0.31332355708971243,0.2688225297274321,1.04,4.48,0.64,0.5550504481576427,0.5841266985851614,0.8595929269136642,1.2339890599190901,1.7217305247918442
2024-01-03 22:25:00,3589.4998151538603,2.4139690683147226,0.47522255311066125,1.8133844520306126,0.3180952484459554,0.2688209251573211,1.04,4.48,0.64,0.5550504481576427,0.5841266985851614,0.8595929269136642,1.2339890599190901,1.7217305247918442
2024-01-03 22:30:00,3255.3868406420843,2.8186405533113685,0.6500031901552054,1.9218451158178278,0.3041363889642272,0.2678935795410847,0.025495097567963927,0.1383618444514238,0.021914607000811125,0.5462600113499065,0.577012998120493,0.8537938861341184,1.1948707043023525,1.68505192798323
2024-01-03 22:35:00,3402.308756060034,1.5275330470392434,0.3038124066825126,1.2808054360539762,0.3109640116453984,0.2620136499223108,1.04,4.48,0.64,0.5462600113499065,0.577012998120493,0.8537938861341184,1.1948707043023525,1.68505192798323
2024-01-03 22:40:00,4111.899527158686,1.7459794957906771,0.3353332862730012,1.4216409828543273,0.30191498567710323,0.3009756291342461,1.04,4.48,0.64,0.5462600113499065,0.577012998120493,0.8537938861341184,1.1948707043023525,1.68505192798323
2024-01-03 22:45:00,3362.224439114527,2.7266372060801523,0.5080137911879361,2.065018799281269,0.325458086693651,0.3158762938595991,1.04,4.48,0.64,0.5385164807134505,0.562640204749003,0.8366556280812315,1.137199300914312,1.4830050573076277
2024-01-03 22:50:00,3348.8640573367206,3.490526352624995,0.6948099925787485,2.5126286961128135,0.31806567027934046,0.2678868209150938,1.04,4.48,0.64,0.5385164807134505,0.562640204749003,0.8366556280812315,1.137199300914312,1.4830050573076277
2024-01-03 22:55:00,3322.150928213869,2.140389443667107,0.39819249795036515,1.682831545937612,0.3041093061713848,0.2678851152714294,1.04,4.48,0.64,0.5385164807134505,0.562640204749003,0.8366556280812315,1.137199300914312,1.4830050573076277
2024-01-03 23:00:00,3335.506215605961,2.7570723774075536,0.5710535065712243,1.9894456695453997,0.2954746637920797,0.263573259519954,0.02256102834535696,0.1108519733698954,0.015620499351813309,0.5430874699346322,0.5691959240894123,0.8377220541444519,1.2006499281639091,1.7991486875742093
2024-01-03 23:05:00,3215.345458040705,1.6194089389544748,0.40814483035974986,1.1598451085507564,0.29546962340719063,0.4166666666666667,1.04,4.48,0.64,0.5430874699346322,0.5691959240894123,0.8377220541444519,1.2006499281639091,1.7991486875742093
2024-01-03 23:10:00,3161.9731604831795,1.3810411887777978,0.3902872102752289,0.9678262298719413,0.2933982020418737,0.2627727459034639,1.04,4.48,0.64,0.5430874699346322,0.5691959240894123,0.8377220541444519,1.2006499281639091,1.7991486875742093
2024-01-03 23:15:00,3202.000611977856,1.6008062690821803,0.45365204463810127,1.0659125135934313,0.2800348899268016,0.26199657564832907,1.04,4.48,0.64,0.535956154923143,0.5594649229397675,0.835594734306051,1.1407896388028775,1.487325115769918
2024-01-03 23:20:00,3148.633980513923,1.4136246041785239,0.34913300212213144,1.072893028714478,0.28937038832688644,0.2627685676848311,1.04,4.48,0.64,0.535956154923143,0.5594649229397675,0.835594734306051,1.1407896388028775,1.487325115769918
2024-01-03 23:25:00,3215.344134341521,3.8370053132436435,0.9635392795740239,2.4320927140221333,0.30186703218874594,0.2707176475350058,1.04,4.48,0.64,0.535956154923143,0.5594649229397675,0.835594734306051,1.1407896388028775,1.487325115769918
2024-01-03 23:30:00,3161.9731604831795,2.181628861963329,0.40407103752201423,1.7123463218935167,0.29968679983494445,0.27271443108768784,0.021587033144922906,0.12400387090732289,0.0145,0.5317527620990793,0.5507821710985206,0.8132326604361141,1.1225417586887358,1.4894965592440959
2024-01-03 23:35:00,3081.9617092631092,1.3952795173745942,0.34381490161417144,1.0659318178306019,0.29543932186366545,0.4166666666666667,1.04,4.48,0.64,0.5317527620990793,0.5507821710985206,0.8132326604361141,1.1225417586887358,1.4894965592440959
2024-01-03 23:40:00,3135.297585182759,1.5341575885008338,0.38053253119944386,1.128174562044407,0.2874016291484371,0.26696406433580017,1.04,4.48,0.64,0.5317527620990793,0.5507821710985206,0.8132326604361141,1.1225417586887358,1.4894965592440959
2024-01-03 23:45:00,3108.625286590716,1.4060704648720694,0.3526446039525346,1.0589934442558575,0.2954292230901958,0.2652149403898567,1.04,4.48,0.64,0.5228852646613786,0.5348831648126533,0.7971198153351853,1.065390186739112,1.3507938406729578
2024-01-03 23:50:00,3161.9731604831795,1.4387939830342713,0.34729262465268007,1.100345817821525,0.2933585924816628,0.26879360725253687,1.04,4.48,0.64,0.5228852646613786,0.5348831648126533,0.7971198153351853,1.065390186739112,1.3507938406729578
2024-01-03 23:55:00,3121.9600246727314,1.6521844341553076,0.3862812751771936,1.230227995885344,0.2800010286158949,0.2660740929696466,1.04,4.48,0.64,0.5228852646613786,0.5348831648126533,0.7971198153351853,1.065390186739112,1.3507938406729578
2024-01-04 00:00:00,132454.73880000002,64.19316708,7.02891072,51.54096500396728,4.430587504,4.2541566,0.02061552812808831,0.11204713293966964,0.01345362404707371,0.5228852646613786,0.5348831648126533,0.7971198153351853,1.065390186739112,1.3507938406729578
2024-01-04 00:15:00,6518.85200042999,3.1742073404738145,0.677987626296378,2.2269296072818423,0.37726086805227455,1.3682163665025264,1.04,4.48,0.64,0.5141984052872977,0.5206006146750117,0.7766225337961808,1.6666666666666667,2.0833333333333335
2024-01-04 00:20:00,6936.5002641519595,3.3048458433717722,0.7710664205736323,2.2078359302996846,0.39513730086245646,2.3752610880962117,1.04,4.48,0.64,0.5141984052872977,0.5206006146750117,0.7766225337961808,1.6666666666666667,2.0833333333333335
2024-01-04 00:25:00,4930.906569429742,6.495730557789269,1.631439791223483,4.040172291684627,0.3714233355603559,1.6406035711379607,1.04,4.48,0.64,0.5141984052872977,0.5206006146750117,0.7766225337961808,1.6666666666666667,2.0833333333333335
2024-01-04 00:30:00,7421.673576896027,5.828721703434648,1.0891859469851546,4.214562121097838,0.4198233752364882,1.3435882142815652,0.02061552812808831,0.14075567484119422,0.01345362404707371,0.8333333333333334,0.5163729272531626,0.7721456857355353,1.063846323488501,1.3944260468020524
2024-01-04 00:35:00,5320.821983604056,6.476241785826948,1.5886937883151353,4.086494310484431,0.37140890608837074,2.1044292472950765,1.04,4.48,0.64,0.8333333333333334,0.5163729272531626,0.7721456857355353,1.063846323488501,1.3944260468020524
2024-01-04 00:40:00,3884.0402325464966,8.385952550778926,2.2266113186422185,5.009879695539854,0.3801624959268485,0.50710440842928,1.04,4.48,0.64,0.8333333333333334,0.5163729272531626,0.7721456857355353,1.063846323488501,1.3944260468020524
2024-01-04 00:45:00,6505.386008897804,3.7667333380636814,0.7541728482276713,2.691292520579089,0.348888261713605,0.9378656732723138,1.04,4.48,0.64,0.8333333333333334,0.5119570294468082,1.25,1.0457705293227573,1.3600720569146327
2024-01-04 00:50:00,3964.437456804553,3.1162093559919173,0.5502538731011795,2.378776664682374,0.33815335463915824,1.151378256631868,1.04,4.48,0.64,0.8333333333333334,0.5119570294468082,1.25,1.0457705293227573,1.3600720569146327
2024-01-04 00:55:00,3402.308756060034,1.8565810203475421,0.3689790384813389,1.4608858892787366,0.3329291121520946,0.2888621108850896,1.04,4.48,0.64,0.8333333333333334,0.5119570294468082,1.25,1.0457705293227573,1.3600720569146327
2024-01-04 01:00:00,3482.50698931344,1.1618043510759015,0.30067697293035966,0.9375055407953239,0.3252922717876153,0.2635241365900287,0.021587033144922906,0.122807817340754,0.02739069184960468,0.8333333333333334,0.5141984052872977,1.25,1.0488909619212095,1.4765825408692872
2024-01-04 01:05:00,3322.150928213869,0.9829967001180125,0.27460371413475565,0.8379757780719223,0.30621060100432196,0.26119718010708787,1.04,4.48,0.64,0.8333333333333334,0.5141984052872977,1.25,1.0488909619212095,1.4765825408692872
2024-01-04 01:10:00,3429.036124568556,1.009865828297312,0.2756587503629442,0.8599539362552215,0.2953434292999812,0.2619473284637185,1.04,4.48,0.64,0.8333333333333334,0.5141984052872977,1.25,1.0488909619212095,1.4765825408692872
2024-01-04 01:15:00,3375.584696432856,1.8338846054861124,0.4533294708430598,1.2867632334455206,0.31789418489947313,0.2669301805883015,1.04,4.48,0.64,0.8333333333333334,0.5144326972500873,1.25,1.0603095067007557,1.3988867002012708
2024-01-04 01:20:00,3402.307430608983,3.092842462887145,0.7396914322172446,2.048668641529766,0.32031923027557957,0.2747717898921942,1.04,4.48,0.64,0.8333333333333334,0.5144326972500873,1.25,1.0603095067007557,1.3988867002012708
2024-01-04 01:25:00,3322.150928213869,3.1196673387174028,0.6848914912860189,2.1620822702170424,0.3178823799874876,0.27917370045177436,1.04,4.48,0.64,0.8333333333333334,0.5144326972500873,1.25,1.0603095067007557,1.3988867002012708
2024-01-04 01:30:00,3282.0886191756945,3.0581826090250255,0.8872751211422706,1.7855549981630117,0.3154754741252149,0.2643320369097455,0.018681541692269404,0.11204713293966964,0.0145,0.8333333333333334,0.5121728223949412,0.7735943122851926,1.0761069881754322,1.4346135368105237
2024-01-04 01:35:00,3295.4414523162045,6.1809120862758204,1.7848048352730184,3.492013999128563,0.3328782614540034,0.28148873054616635,1.04,4.48,0.64,0.8333333333333334,0.5121728223949412,0.7735943122851926,1.0761069881754322,1.4346135368105237
2024-01-04 01:40:00,3322.152252950288,6.786003176962523,1.6463616442082016,4.306231032896604,0.37131511109175425,0.2851000127257977,1.04,4.48,0.64,0.8333333333333334,0.5121728223949412,0.7735943122851926,1.0761069881754322,1.4346135368105237
2024-01-04 01:45:00,3215.344134341521,1.9010213868323211,0.39185207316366566,1.4605398275661652,0.3328655371775135,0.26691944990577243,1.04,4.48,0.64,0.8333333333333334,0.8333333333333334,1.25,1.6666666666666667,2.0833333333333335
2024-01-04 01:50:00,3201.9992884156723,2.7054673870147767,0.658845859919894,1.7969098959407697,0.32774669550638874,0.2706765144607951,1.04,4.48,0.64,0.8333333333333334,0.8333333333333334,1.25,1.6666666666666667,2.0833333333333335
2024-01-04 01:55:00,3121.9600246727314,2.6098814371769534,0.6074171776410182,1.7857340600679077,0.2995350886170339,0.4166666666666667,1.04,4.48,0.64,0.8333333333333334,0.8333333333333334,1.25,1.6666666666666667,2.0833333333333335
2024-01-04 02:00:00,3148.633980513923,2.0816105670524134,0.6004554712604068,1.2862965748913264,0.3017020509097559,0.2651628004713791,0.018681541692269404,0.14075567484119422,0.01345362404707371,0.8333333333333334,0.512609988197655,1.25,1.0800296292231986,1.552063143045411
2024-01-04 02:05:00,3095.292067466831,2.3544485840240292,0.6470522415916211,1.4747142328689733,0.31306468660439085,0.2619236999967477,1.04,4.48,0.64,0.8333333333333334,0.512609988197655,1.25,1.0800296292231986,1.552063143045411
2024-01-04 02:10:00,3068.6302652897966,1.379035224583375,0.3092787666503069,1.1238824832884697,0.29528292061097644,0.4166666666666667,1.04,4.48,0.64,0.8333333333333334,0.512609988197655,1.25,1.0800296292231986,1.552063143045411
2024-01-04 02:15:00,3121.9600246727314,1.4590816062251524,0.421863230454527,0.986740345771354,0.3016860817644662,0.4166666666666667,1.04,4.48,0.64,0.8333333333333334,0.5192301994298868,0.7808174178385111,1.0530432089900206,1.356162232183156
2024-01-04 02:20:00,3081.9603870150895,2.708958869811652,0.7876012196501669,1.59952535448608,0.3130474435391927,0.26191724440407727,1.04,4.48,0.64,0.8333333333333334,0.5192301994298868,0.7808174178385111,1.0530432089900206,1.356162232183156
2024-01-04 02:25:00,3095.292067466831,4.078247472304863,1.203097528805177,2.301365511701604,0.32770319826260025,0.279168783806124,1.04,4.48,0.64,0.8333333333333334,0.5192301994298868,0.7808174178385111,1.0530432089900206,1.356162232183156
2024-01-04 02:30:00,3148.633980513923,6.479044917690528,1.9006443401341429,3.61094230861245,0.3433377492727089,0.2851039930120383,0.018681541692269404,0.12878881939050457,0.01345362404707371,0.5149067876810326,0.5304045625746445,0.8012640014377284,1.0750024418576918,1.3713482416950116
2024-01-04 02:35:00,3068.6289431974046,2.1530510714748083,0.45099470623584187,1.599857044578792,0.338017036280121,0.28388071460953984,1.04,4.48,0.64,0.5149067876810326,0.5304045625746445,0.8012640014377284,1.0750024418576918,1.3713482416950116
2024-01-04 02:40:00,3028.648136662071,2.3692676461208966,0.556756601407752,1.6329836443493275,0.31779375495858064,0.2619086439539254,1.04,4.48,0.64,0.5149067876810326,0.5304045625746445,0.8012640014377284,1.0750024418576918,1.3713482416950116
2024-01-04 02:45:00,3015.3244576158568,2.043357210173266,0.5772944725839885,1.2860407268746243,0.3083743179658355,0.26190647752633,1.04,4.48,0.64,0.5195007218474291,0.5385164807134505,0.8073298210768632,1.076661971093992,1.3688915223639893
2024-01-04 02:50:00,3002.002442937267,1.7543473343426284,0.5590031243566294,1.0439175310627091,0.2952426272117774,0.4166666666666667,1.04,4.48,0.64,0.5195007218474291,0.5385164807134505,0.8073298210768632,1.076661971093992,1.3688915223639893
2024-01-04 02:55:00,2975.3648170493807,1.4148627504172575,0.41971196844882347,0.949856582136832,0.30164356597149516,0.4166666666666667,1.04,4.48,0.64,0.5195007218474291,0.5385164807134505,0.8073298210768632,1.076661971093992,1.3688915223639893
2024-01-04 03:00:00,2975.3634961054627,1.273984738865301,0.3539840211575362,0.9334321074993048,0.3038441746330339,0.2611468940513895,0.018681541692269404,0.14314971184043646,0.0125,0.5225935322982863,0.5499463610207818,0.8324454576727535,1.1517865470650366,1.5580115532305916
2024-01-04 03:05:00,2975.3634961054627,1.55394113195864,0.3630897174889011,1.1795325014713418,0.2973265396477196,0.4166666666666667,1.04,4.48,0.64,0.5225935322982863,0.5499463610207818,0.8324454576727535,1.1517865470650366,1.5580115532305916
2024-01-04 03:10:00,2975.3634961054627,3.145406841575756,0.7154911932157286,2.1386774037617156,0.29113690098390843,0.2611425045905121,1.04,4.48,0.64,0.5225935322982863,0.5499463610207818,0.8324454576727535,1.1517865470650366,1.5580115532305916
2024-01-04 03:15:00,3121.9600246727314,11.87427125221408,4.153511381225364,5.541132994631525,0.34060947951296294,0.2888883552334948,1.04,4.48,0.64,0.5197730273879168,0.5438713083073973,0.8213349134183936,1.1164731299946273,1.4485592842545314
2024-01-04 03:20:00,3776.8887550104887,11.819816055976082,2.8162130652917154,7.532794379051473,0.5219571079053767,0.4905074592280994,1.04,4.48,0.64,0.5197730273879168,0.5438713083073973,0.8213349134183936,1.1164731299946273,1.4485592842545314
2024-01-04 03:25:00,3295.4414523162045,6.785035534700371,1.3326493131296238,4.78941609738779,0.46797101095790916,0.5330933909695584,1.04,4.48,0.64,0.5197730273879168,0.5438713083073973,0.8213349134183936,1.1164731299946273,1.4485592842545314
2024-01-04 03:30:00,3015.3244576158568,3.653170051929777,0.7585160631531959,2.5718576463983704,0.34866543688759855,0.27803026186285773,0.01772004514666935,0.11563321322180752,0.0125,0.5173867025736166,0.5352391988634614,0.8060043672338258,1.0823104914949315,1.3865424623862048
2024-01-04 03:35:00,2988.6821148829986,1.7538394813639053,0.374234564984906,1.3508016873594535,0.3301577649291323,0.26266126086809566,1.04,4.48,0.64,0.5173867025736166,0.5352391988634614,0.8060043672338258,1.0823104914949315,1.3865424623862048
2024-01-04 03:40:00,2988.6807937684225,1.399812297941429,0.3380691051245994,1.0816737483754393,0.3201516424032622,0.4166666666666667,1.04,4.48,0.64,0.5173867025736166,0.5352391988634614,0.8060043672338258,1.0823104914949315,1.3865424623862048
2024-01-04 03:45:00,2988.6821148829986,1.3237590116535178,0.3183067497301312,1.050749020112859,0.3083074061905104,0.4166666666666667,1.04,4.48,0.64,0.513965952179714,0.5317527620990793,0.8046928358075521,1.0805971728632275,1.3830994179739937
2024-01-04 03:50:00,2988.6821148829986,1.9296591466201574,0.4657192501415445,1.357807809426517,0.31294404427058675,0.2611249548424674,1.04,4.48,0.64,0.513965952179714,0.5317527620990793,0.8046928358075521,1.0805971728632275,1.3830994179739937
2024-01-04 03:55:00,2962.045288890645,1.982266356601494,0.504946107868344,1.3432655531578659,0.2994096571593994,0.4166666666666667,1.04,4.48,0.64,0.513965952179714,0.5317527620990793,0.8046928358075521,1.0805971728632275,1.3830994179739937
2024-01-04 04:00:00,2962.0466096615646,1.642011735902056,0.4175013814783149,1.165036908241065,0.29517209424806584,0.4166666666666667,0.01772004514666935,0.1275924762672157,0.0125,0.5166236541235796,0.5370437598557496,0.8038262498823985,1.1040941988797877,1.438556220660145
2024-01-04 04:05:00,2962.045288890645,1.6086351035555495,0.38759520877944403,1.1861787058383138,0.2931063396816844,0.4166666666666667,1.04,4.48,0.64,0.5166236541235796,0.5370437598557496,0.8038262498823985,1.1040941988797877,1.438556220660145
2024-01-04 04:10:00,2948.73147902169,2.2694756703578527,0.5316478296238231,1.5769878897502583,0.2951620185692122,0.26186981701626216,1.04,4.48,0.64,0.5166236541235796,0.5370437598557496,0.8038262498823985,1.1040941988797877,1.438556220660145
2024-01-04 04:15:00,2922.1052609209705,1.993338671423089,0.444394837334957,1.4558684642286324,0.289090188824151,0.4166666666666667,1.04,4.48,0.64,0.5179044313384469,0.5446613626832731,0.8262991225942334,1.1164731299946273,1.444533142575829
2024-01-04 04:20:00,2922.1052609209705,1.4394229868422475,0.364757897269011,1.0676127899915775,0.3015532189323209,0.4166666666666667,1.04,4.48,0.64,0.5179044313384469,0.5446613626832731,0.8262991225942334,1.1164731299946273,1.444533142575829
2024-01-04 04:25:00,2935.416807661086,2.049777401451894,0.4613394400430355,1.4813909355613137,0.30375233931726353,0.4166666666666667,1.04,4.48,0.64,0.5179044313384469,0.5446613626832731,0.8262991225942334,1.1164731299946273,1.444533142575829
2024-01-04 04:30:00,2922.1052609209705,2.0308590922727805,0.4338958121722794,1.5107369951031202,0.2852285869292429,0.4166666666666667,1.04,4.48,0.64,0.5208800245737976,0.5658842637854493,0.8758799917796958,1.1956923726444022,1.6677277955349905
2024-01-04 04:35:00,2948.7301584261018,1.7010218639938919,0.4338825519723261,1.1929869346779531,0.29105457026592724,0.4166666666666667,1.04,4.48,0.64,0.5208800245737976,0.5658842637854493,0.8758799917796958,1.1956923726444022,1.6677277955349905
2024-01-04 04:40:00,2948.7301584261018,3.371273189588782,0.8065417867204667,2.217518312631013,0.30824607737243037,0.4166666666666667,1.04,4.48,0.64,0.5208800245737976,0.5658842637854493,0.8758799917796958,1.1956923726444022,1.6677277955349905
2024-01-04 04:45:00,2962.0466096615646,8.935495519120424,2.3222972151126577,5.411143247072747,0.3513010572681725,0.27473221773649353,1.04,4.48,0.64,0.5228852646613786,0.5765145271370011,0.8976336892073514,1.2663842228960371,1.7635294156888905
2024-01-04 04:50:00,2922.1052609209705,4.467014237737894,0.8745313963858155,3.195728170802951,0.3082349440491281,0.2659638278429272,1.04,4.48,0.64,0.5228852646613786,0.5765145271370011,0.8976336892073514,1.2663842228960371,1.7635294156888905
2024-01-04 04:55:00,2988.6821148829986,10.186623014842697,2.9250949949811886,5.735851584164467,0.3128693951427244,0.2716195207327523,1.04,4.48,0.64,0.5228852646613786,0.5765145271370011,0.8976336892073514,1.2663842228960371,1.7635294156888905
2024-01-04 05:00:00,3015.323136166694,4.30455420834015,0.9601852207158513,2.900014453163183,0.3681459791299871,0.2955690795999489,0.02061552812808831,0.12639620247459968,0.0116619037896906,0.5258982791377055,0.591486263576763,0.9192924235519403,1.3727855804895386,2.2426644867210968
2024-01-04 05:05:00,3375.5860216513524,5.58186078837584,1.0464176592466339,4.035405556649717,0.3886816081744472,0.3100708703723478,1.04,4.48,0.64,0.5258982791377055,0.591486263576763,0.9192924235519403,1.3727855804895386,2.2426644867210968
2024-01-04 05:10:00,3991.2508908181826,12.892141417835555,3.0873670841039234,8.18818199388599,0.5599037108679844,0.6839369689484555,1.04,4.48,0.64,0.5258982791377055,0.591486263576763,0.9192924235519403,1.3727855804895386,2.2426644867210968
2024-01-04 05:15:00,3469.141599005998,8.484628877043646,1.6132043267700789,6.051475836558551,0.5986994096046666,0.6720327369269764,1.04,4.48,0.64,0.5281098370604357,0.5909526207742885,0.9192924235519403,1.2775073385307811,1.7286225730332228
2024-01-04 05:20:00,3068.6289431974046,6.489092072230143,1.30488763308608,4.537364064198748,0.46447434322666015,0.31008360843887267,1.04,4.48,0.64,0.5281098370604357,0.5909526207742885,0.9192924235519403,1.2775073385307811,1.7286225730332228
2024-01-04 05:25:00,3028.648136662071,3.3861798083339116,0.6488380076516593,2.4835705391997975,0.3826952089266147,0.2610831736925864,1.04,4.48,0.64,0.5281098370604357,0.5909526207742885,0.9192924235519403,1.2775073385307811,1.7286225730332228
2024-01-04 05:30:00,2962.045288890645,2.7872021772052813,0.6441307966136512,1.900411941057094,0.32247628842244724,0.4166666666666667,0.019646882704388503,0.10368336414295207,0.0116619037896906,0.5314132102234569,0.596888599321515,0.9227750321719806,1.330415818456771,1.8664126017577143
2024-01-04 05:35:00,2975.3621751615624,2.310291529409134,0.5630978528881594,1.565339115352841,0.3200140789449568,0.4166666666666667,1.04,4.48,0.64,0.5314132102234569,0.596888599321515,0.9227750321719806,1.330415818456771,1.8664126017577143
2024-01-04 05:40:00,2975.36085421768,1.7412451127882693,0.3854164110374293,1.3175383948283237,0.32494872168117983,0.4166666666666667,1.04,4.48,0.64,0.5314132102234569,0.596888599321515,0.9227750321719806,1.330415818456771,1.8664126017577143
2024-01-04 05:45:00,2948.7301584261018,1.172758634023564,0.3103522174634913,0.9259807795126686,0.30817364293479166,0.4166666666666667,1.04,4.48,0.64,0.5271517807994203,0.5930944275577035,0.9206823556471581,1.3403567622092263,1.9525624189766635
2024-01-04 05:50:00,2935.4154872432377,1.2151043968383868,0.32606475991801365,0.932483260804722,0.30366053961609274,0.4166666666666667,1.04,4.48,0.64,0.5271517807994203,0.5930944275577035,0.9206823556471581,1.3403567622092263,1.9525624189766635
2024-01-04 05:55:00,2948.7301584261018,1.2935516039021053,0.339481595344689,0.9788499835801394,0.30365514944329597,0.4166666666666667,1.04,4.48,0.64,0.5271517807994203,0.5930944275577035,0.9206823556471581,1.3403567622092263,1.9525624189766635
2024-01-04 06:00:00,2922.1052609209705,1.3583633291940531,0.32604317674899247,1.0670719881680537,0.28328656435693084,0.4166666666666667,0.018681541692269404,0.12161184152869324,0.0116619037896906,0.5274694303938381,0.591486263576763,0.919986869471516,1.2859518847919622,1.8150360877955016
2024-01-04 06:05:00,2908.7942229180208,1.2791001516044274,0.3211854485826705,1.002335579755286,0.2762697760239469,0.4166666666666667,1.04,4.48,0.64,0.5274694303938381,0.591486263576763,0.919986869471516,1.2859518847919622,1.8150360877955016
2024-01-04 06:10:00,2922.1039406832774,1.151410613792721,0.3309734825648027,0.8644980055233739,0.2929829370240012,0.4166666666666667,1.04,4.48,0.64,0.5274694303938381,0.591486263576763,0.919986869471516,1.2859518847919622,1.8150360877955016
2024-01-04 06:15:00,2908.7942229180208,1.3220943079709446,0.37007286816624485,0.9487453874628602,0.2950362204329725,0.4166666666666667,1.04,4.48,0.64,0.528432587942871,0.5925571702376067,0.917215350940007,1.2663842228960371,1.7369329290447575
2024-01-04 06:20:00,2922.1039406832774,1.2006067661725066,0.35712966622658493,0.8612291475002897,0.2851288558132499,0.4166666666666667,1.04,4.48,0.64,0.528432587942871,0.5925571702376067,0.917215350940007,1.2663842228960371,1.7369329290447575
2024-01-04 06:25:00,2908.7942229180208,1.3255860950492082,0.317973239577291,1.0532110452896546,0.27625383262750414,0.4166666666666667,1.04,4.48,0.64,0.528432587942871,0.5925571702376067,0.917215350940007,1.2663842228960371,1.7369329290447575
2024-01-04 06:30:00,2908.7942229180208,1.6885721722432332,0.37570027495716335,1.2849110427097576,0.2870207956616553,0.4166666666666667,0.018681541692269404,0.11324239488813365,0.0116619037896906,0.5338248776518382,0.6208252572181644,0.9810350452455815,1.3851795010033898,1.9129045977256682
2024-01-04 06:35:00,2908.7942229180208,1.7928753659549617,0.37759123572612724,1.382264768192478,0.29295826485050436,0.4166666666666667,1.04,4.48,0.64,0.5338248776518382,0.6208252572181644,0.9810350452455815,1.3851795010033898,1.9129045977256682
2024-01-04 06:40:00,2908.7942229180208,1.4232737074485053,0.3227146480870962,1.1361711549958373,0.2851107074240042,0.4166666666666667,1.04,4.48,0.64,0.5338248776518382,0.6208252572181644,0.9810350452455815,1.3851795010033898,1.9129045977256682
2024-01-04 06:45:00,2895.4850392969183,1.2786578456887447,0.29587528420337506,1.0599919260371382,0.2814293792631299,0.4166666666666667,1.04,4.48,0.64,0.5434786104346702,0.654926713457315,1.0581176494133344,1.5040785385078799,2.224432511900507
2024-01-04 06:50:00,2895.4850392969183,1.4633149399817116,0.3463219309137198,1.1255968414834066,0.28894329792724854,0.4166666666666667,1.04,4.48,0.64,0.5434786104346702,0.654926713457315,1.0581176494133344,1.5040785385078799,2.224432511900507
2024-01-04 06:55:00,2895.4850392969183,2.0896237391620134,0.45453906466530625,1.5318435841589766,0.2796464572949645,0.4166666666666667,1.04,4.48,0.64,0.5434786104346702,0.654926713457315,1.0581176494133344,1.5040785385078799,2.224432511900507
2024-01-04 07:00:00,2908.792902862983,1.7515284937166717,0.3410604837743688,1.4148795636608835,0.2762258950322141,0.4166666666666667,0.018681541692269404,0.12161184152869324,0.0116619037896906,0.5415385489510419,0.6459729096486941,1.0305659804204679,1.4434961032160771,1.9912307751739877
2024-01-04 07:05:00,2908.792902862983,1.5254844242127374,0.34805307764806803,1.1816059982518028,0.28322904969945895,0.4166666666666667,1.04,4.48,0.64,0.5415385489510419,0.6459729096486941,1.0305659804204679,1.4434961032160771,1.9912307751739877
2024-01-04 07:10:00,2895.4850392969183,1.35396696681494,0.3375965242109723,1.039232519406964,0.2929237622710516,0.4166666666666667,1.04,4.48,0.64,0.5415385489510419,0.6459729096486941,1.0305659804204679,1.4434961032160771,1.9912307751739877
2024-01-04 07:15:00,2882.179055429022,1.3142271801786845,0.34276237678577853,0.9917810368150036,0.276213949929238,0.4166666666666667,1.04,4.48,0.64,0.5419234263251589,0.6491502137410108,1.0150645299684153,1.4641824510627082,2.111706418989155
2024-01-04 07:20:00,2882.179055429022,1.2746906371166873,0.3057052048405943,1.0324171373523965,0.2729759781558148,0.4166666666666667,1.04,4.48,0.64,0.5419234263251589,0.6491502137410108,1.0150645299684153,1.4641824510627082,2.111706418989155
2024-01-04 07:25:00,2882.179055429022,1.3465709378898827,0.3101519923002426,1.0907256869147655,0.27620597651822626,0.4166666666666667,1.04,4.48,0.64,0.5419234263251589,0.6491502137410108,1.0150645299684153,1.4641824510627082,2.111706418989155
2024-01-04 07:30:00,2882.179055429022,1.5399176524489873,0.335846907025583,1.220391914783792,0.2745621161909209,0.4166666666666667,0.02061552812808831,0.122807817340754,0.0125,0.5438713083073973,0.6834881125520765,1.117176798899798,1.6262860295778232,2.419852061593849
2024-01-04 07:35:00,2882.179055429022,1.8258570111349706,0.35513979188335637,1.4584120100930122,0.27619798718893296,0.4166666666666667,1.04,4.48,0.64,0.5438713083073973,0.6834881125520765,1.117176798899798,1.6262860295778232,2.419852061593849
2024-01-04 07:40:00,2882.1777357468914,1.7548072326094657,0.3274654735508182,1.447471550631835,0.29087566387758995,0.4166666666666667,1.04,4.48,0.64,0.5438713083073973,0.6834881125520765,1.117176798899798,1.6262860295778232,2.419852061593849
2024-01-04 07:45:00,2882.179055429022,1.8369746202552972,0.30861296121463366,1.5723074737901839,0.2778749208606646,0.4166666666666667,1.04,4.48,0.64,0.5499463610207818,0.6869068350220429,1.0986299832063569,1.6203780423098801,2.3517151188015952
2024-01-04 07:50:00,2882.1777357468914,2.2404467338888163,0.33922154882992284,1.9000035378463938,0.28137324055501434,0.4166666666666667,1.04,4.48,0.64,0.5499463610207818,0.6869068350220429,1.0986299832063569,1.6203780423098801,2.3517151188015952
2024-01-04 07:55:00,2882.179055429022,2.5028446805816786,0.34971191621448533,2.1374451355629502,0.2761820625441,0.2617721777963026,1.04,4.48,0.64,0.5499463610207818,0.6869068350220429,1.0986299832063569,1.6203780423098801,2.3517151188015952
2024-01-04 08:00:00,2882.1777357468914,2.537115449645608,0.34970027502659107,2.1714812593303585,0.2795917510224301,0.4166666666666667,0.019646882704388503,0.12400387090732289,0.0116619037896906,0.5507821710985206,0.702876945133357,1.1632612088434824,1.6596084628610448,2.4010414407085943
2024-01-04 08:05:00,2882.179055429022,2.977105936488365,0.406751383097167,2.49439551511724,0.2761740933059953,4.2541566,1.04,4.48,0.64,0.5507821710985206,0.702876945133357,1.1632612088434824,1.6596084628610448,2.4010414407085943
2024-01-04 08:10:00,2895.483719427057,2.7280300308991525,0.35868933533422964,2.3421599281274372,0.27617012603184,4.2541566,1.04,4.48,0.64,0.5507821710985206,0.702876945133357,1.1632612088434824,1.6596084628610448,2.4010414407085943
2024-01-04 08:15:00,2895.483719427057,2.5140612381110983,0.32412638735576577,2.2055373503802294,0.27616612511134314,4.2541566,1.04,4.48,0.64,0.554184987165838,0.7064000283125702,1.1623441831058474,1.6584115894433444,2.3720784135437007
2024-01-04 08:20:00,2908.792902862983,3.265023125173947,0.39085350029321453,2.8115149987363153,4.430587504,4.2541566,1.04,4.48,0.64,0.554184987165838,0.7064000283125702,1.1623441831058474,1.6584115894433444,2.3720784135437007
2024-01-04 08:25:00,2908.7915828079613,3.7695487721872345,0.44372708948071904,3.2143093887003835,4.430587504,4.2541566,1.04,4.48,0.64,0.554184987165838,0.7064000283125702,1.1623441831058474,1.6584115894433444,2.3720784135437007
2024-01-04 08:30:00,2908.792902862983,3.372632431356077,0.35682143261264687,2.9878436316925643,4.430587504,4.2541566,0.021587033144922906,0.10965691952631171,0.0125,0.554184987165838,0.702876945133357,1.1595962055819258,1.7176181909842478,2.5704116401852835
2024-01-04 08:35:00,2908.7915828079613,3.2956284837775875,0.3478443878294341,2.9302986655806382,4.430587504,4.2541566,1.04,4.48,0.64,0.554184987165838,0.702876945133357,1.1595962055819258,1.7176181909842478,2.5704116401852835
2024-01-04 08:40:00,2908.792902862983,3.287881930783823,0.375379730847565,2.8650548356246124,4.430587504,4.2541566,1.04,4.48,0.64,0.554184987165838,0.702876945133357,1.1595962055819258,1.7176181909842478,2.5704116401852835
2024-01-04 08:45:00,2908.7915828079613,3.8194842292158744,0.47353509534500654,3.2103015892394704,4.430587504,4.2541566,1.04,4.48,0.64,0.5630994583552714,0.7199472202877097,1.1780027843770149,1.744554456014486,2.6688319542451526
2024-01-04 08:50:00,2908.7915828079613,4.000831600764424,0.5063444042601347,3.333286478149911,4.430587504,4.2541566,1.04,4.48,0.64,0.5630994583552714,0.7199472202877097,1.1780027843770149,1.744554456014486,2.6688319542451526
2024-01-04 08:55:00,2908.7915828079613,3.6882453373465762,0.4167317481383311,3.183433459945275,4.430587504,4.2541566,1.04,4.48,0.64,0.5630994583552714,0.7199472202877097,1.1780027843770149,1.744554456014486,2.6688319542451526
2024-01-04 09:00:00,2908.7915828079613,64.19316708,7.02891072,51.54096500396728,4.430587504,4.2541566,0.024515301344262524,0.06556706490304412,0.015620499351813309,0.5663532466579494,0.7120737321373399,1.1386861903088137,1.7042300314218148,2.6635322412165388
2024-01-04 09:30:00,2908.7915828079613,64.19316708,7.02891072,51.54096500396728,4.430587504,0.26102450878135186,0.014866068747318507,0.059644278853885055,0.01680029761641144,0.5563595959449248,0.7078142411678364,1.1468346698630976,1.7163988464223576,2.518153291600811
2024-01-04 09:40:00,2908.792902862983,64.19316708,7.02891072,51.54096500396728,0.2797109764073544,0.26339855765218906,1.04,4.48,0.64,0.5563595959449248,0.7078142411678364,1.1468346698630976,1.7163988464223576,2.518153291600811
2024-01-04 09:45:00,2908.792902862983,3.703473426525735,0.5762512270073883,2.918116468914722,0.2658037774895266,0.4166666666666667,1.04,4.48,0.64,0.5635601121442149,0.7163581506481238,1.1789283947721336,1.6656001921229477,2.344942643221791
2024-01-04 09:50:00,2908.792902862983,3.1452352417416325,0.4478544022362159,2.585360172089539,0.27632035037485225,0.2758917937885805,1.04,4.48,0.64,0.5635601121442149,0.7163581506481238,1.1789283947721336,1.6656001921229477,2.344942643221791
2024-01-04 09:55:00,2908.792902862983,3.0722087033399696,0.41469167144785307,2.5739133498354327,0.27633491714930875,0.2816341974891354,1.04,4.48,0.64,0.5635601121442149,0.7163581506481238,1.1789283947721336,1.6656001921229477,2.344942643221791
2024-01-04 10:00:00,2908.792902862983,2.7731021090481893,0.38492158704368,2.333901480496918,0.297242810823686,0.2865755851980102,0.029427877939124318,0.09651942809610922,0.02739069184960468,0.5640221626851201,0.7199472202877097,1.185421444044269,1.6812353345085274,2.431850324341529
2024-01-04 10:05:00,2908.7955429730796,2.6124497163562497,0.3753367226269356,2.193439310934829,0.281565696613233,0.27596739201188203,1.04,4.48,0.64,0.5640221626851201,0.7199472202877097,1.185421444044269,1.6812353345085274,2.431850324341529
2024-01-04 10:10:00,2908.7955429730796,2.486472804943036,0.3585764123955943,2.1025888078832247,0.30602837147650475,0.2793691773338383,1.04,4.48,0.64,0.5640221626851201,0.7199472202877097,1.185421444044269,1.6812353345085274,2.431850324341529
2024-01-04 10:15:00,2908.7955429730796,2.3493545995601024,0.394684962982271,1.8952585271560969,0.30160376399113314,0.2728189456079297,1.04,4.48,0.64,0.5635601121442149,0.726449585312016,1.1891424809500333,1.747013523130259,2.7219889786698257
2024-01-04 10:20:00,2908.7955429730796,2.368320720829172,0.4187654409541629,1.868905864273271,0.3016230496581537,0.29056998493257874,1.04,4.48,0.64,0.5635601121442149,0.726449585312016,1.1891424809500333,1.747013523130259,2.7219889786698257
2024-01-04 10:25:00,2908.7955429730796,2.296049009606307,0.42904178092679784,1.7790202880080195,0.31537382497606,0.2946327884410235,1.04,4.48,0.64,0.5635601121442149,0.726449585312016,1.1891424809500333,1.747013523130259,2.7219889786698257
2024-01-04 10:30:00,2908.7955429730796,2.28080829118596,0.40862739032193923,1.8014246393378202,0.32516966812806525,0.29330318322697935,1.04,4.48,0.64,0.5687187354044176,0.735934779718964,1.2069214390340408,1.742097083976665,2.521626459252044
2024-01-04 10:35:00,2908.7968630281553,2.3301453880456613,0.41469346373772326,1.838783888827632,0.2973732435105858,0.2946959454529917,1.04,4.48,0.64,0.5687187354044176,0.735934779718964,1.2069214390340408,1.742097083976665,2.521626459252044
2024-01-04 10:40:00,2908.7968630281553,2.3338963273667663,0.4290425923186454,1.8162512252747811,0.3039069580882694,0.2989104710634952,1.04,4.48,0.64,0.5687187354044176,0.735934779718964,1.2069214390340408,1.742097083976665,2.521626459252044
2024-01-04 10:45:00,2908.7968630281553,2.216156474230959,0.45633936754923027,1.6522143560333564,0.3017194962466087,0.3003695023034652,1.04,4.48,0.64,0.564485606548121,0.7381388758221585,1.2286652269841445,1.8227934605983203,2.667065053574809
2024-01-04 10:50:00,2908.798183083249,2.31099379289283,0.46274602667743714,1.7339505225816794,0.29956621254640553,0.2868674538484924,1.04,4.48,0.64,0.564485606548121,0.7381388758221585,1.2286652269841445,1.8227934605983203,2.667065053574809
2024-01-04 10:55:00,2908.798183083249,2.4783993115688157,0.41876684264056463,1.9775319768373012,0.3179013569153481,0.2773301467623941,1.04,4.48,0.64,0.564485606548121,0.7381388758221585,1.2286652269841445,1.8227934605983203,2.667065053574809
2024-01-04 11:00:00,2908.798183083249,2.6730452140677197,0.43944798378072336,2.1322055336645462,0.30850280117120465,0.2844224527949149,0.024515301344262524,0.07863841300535,0.01680029761641144,0.5590169943749475,0.7257244656203896,1.2154015632703457,1.8177799646821942,2.704238155192697
2024-01-04 11:05:00,2908.798183083249,2.8988717226810454,0.43944839432778127,2.355979008025259,0.29538350249172163,0.29084385735672713,1.04,4.48,0.64,0.5590169943749475,0.7257244656203896,1.2154015632703457,1.8177799646821942,2.704238155192697
2024-01-04 11:10:00,2908.7995031383616,3.2828484318913067,0.46274728691235345,2.695368019691869,0.30181598805522053,0.29491722686188476,1.04,4.48,0.64,0.5590169943749475,0.7257244656203896,1.2154015632703457,1.8177799646821942,2.704238155192697
2024-01-04 11:15:00,2908.7995031383616,3.3943864978241427,0.5129831548366178,2.718189653114063,0.29542020934154883,0.2895904927985365,1.04,4.48,0.64,0.5730619512757761,0.746268048357961,1.2267651119916967,1.9127284830837856,3.0827948358591755
2024-01-04 11:20:00,2908.800823193492,3.398187544709419,0.5443742930275866,2.6683807900144303,0.2818028418603196,0.28330992692962625,1.04,4.48,0.64,0.5730619512757761,0.746268048357961,1.2267651119916967,1.9127284830837856,3.0827948358591755
2024-01-04 11:25:00,2908.800823193492,3.225019982268319,0.5421150930921405,2.5003380004031013,0.295456863907719,0.28333796130933997,1.04,4.48,0.64,0.5730619512757761,0.746268048357961,1.2267651119916967,1.9127284830837856,3.0827948358591755
2024-01-04 11:30:00,2908.800823193492,3.1788432189321445,0.5218974838584638,2.488880623680489,0.29547519549088175,0.2871016328680948,0.025495097567963927,0.09293955024638326,0.01680029761641144,0.5909526207742885,0.7619875327064085,1.2135139059771833,1.8466879135360148,2.7718542530226946
2024-01-04 11:35:00,2908.800823193492,3.0750687095665437,0.5398588758530913,2.3555288417617057,0.29342696282800496,0.2742552484059791,1.04,4.48,0.64,0.5909526207742885,0.7619875327064085,1.2135139059771833,1.8466879135360148,2.7718542530226946
2024-01-04 11:40:00,2908.802143248641,3.1172673650354503,0.546637999418632,2.3859038419734238,0.2766422336055039,0.2798493837394644,1.04,4.48,0.64,0.5909526207742885,0.7619875327064085,1.2135139059771833,1.8466879135360148,2.7718542530226946
2024-01-04 11:45:00,2908.802143248641,3.132585422324206,0.555711323330258,2.3858416826347377,0.28371021653754097,0.28467861440228176,1.04,4.48,0.64,0.5846443363276514,0.7627424204802038,1.2229701549915273,1.9216870192619815,2.9083287297002727
2024-01-04 11:50:00,2908.802143248641,2.8869283856986843,0.5196660673001687,2.2035355129259235,0.28946008465880696,0.2702326911206653,1.04,4.48,0.64,0.5846443363276514,0.7627424204802038,1.2229701549915273,1.9216870192619815,2.9083287297002727
2024-01-04 11:55:00,3013.9616259586055,2.7719640022205696,0.4953056294608314,2.131573743573502,0.28561348153258637,0.2630910922156378,1.04,4.48,0.64,0.5846443363276514,0.7627424204802038,1.2229701549915273,1.9216870192619815,2.9083287297002727
2024-01-04 12:00:00,3007.8975999039385,2.6686259372492067,0.45421642475908086,2.1013333597720942,0.28563009543626444,0.27127167597763596,0.024515301344262524,0.10010074924794518,0.01929378138157474,0.5795248053362341,0.741086364737606,1.197542884409573,1.748243690107303,2.514681689598109
2024-01-04 12:05:00,3012.995663349355,2.6074365998452307,0.43945147343656593,2.0673038423086343,0.26613013506379035,0.27129478283442576,1.04,4.48,0.64,0.5795248053362341,0.741086364737606,1.197542884409573,1.748243690107303,2.514681689598109
2024-01-04 12:10:00,3021.437832526307,2.9404082950615913,0.48001070887223973,2.3248586947808247,0.27346722219212916,0.2723335903148971,1.04,4.48,0.64,0.5795248053362341,0.741086364737606,1.197542884409573,1.748243690107303,2.514681689598109
2024-01-04 12:15:00,3016.7817276107467,2.9518654317094417,0.5129870779958869,2.2791733283499602,0.2689379003214204,0.2713410385494865,1.04,4.48,0.64,0.5706356105256664,0.7433034373659253,1.2182364302548172,2.0355660146504704,3.3462390829108433
2024-01-04 12:20:00,3012.4992793726988,2.737271591570139,0.4843640553954134,2.1162128314342676,0.2751043816468038,0.26750923148655453,1.04,4.48,0.64,0.5706356105256664,0.7433034373659253,1.2182364302548172,2.0355660146504704,3.3462390829108433
2024-01-04 12:25:00,3005.5508294813617,2.584323544186369,0.4648952996148473,1.9991644971765594,0.2857131931074259,0.2648663128913264,1.04,4.48,0.64,0.5706356105256664,0.7433034373659253,1.2182364302548172,2.0355660146504704,3.3462390829108433
2024-01-04 12:30:00,3003.479823858693,2.5384700612626037,0.4499768696076793,1.980302849439462,0.28202482520846506,0.2694382712318122,0.02353720459187964,0.10248902380255165,0.01929378138157474,0.5775127704215726,0.7619875327064085,1.2689590064300735,1.9563849953421744,3.157926534927626
2024-01-04 12:35:00,3001.978063137819,2.5117169844718106,0.45209549791636827,1.9501401416571056,0.2768038387216679,0.2657724693020145,1.04,4.48,0.64,0.5775127704215726,0.7619875327064085,1.2689590064300735,1.9563849953421744,3.157926534927626
2024-01-04 12:40:00,3000.049604812567,2.6185483575246584,0.46489614136703933,2.032948394887957,0.28205661337687266,0.2632582875037377,1.04,4.48,0.64,0.5775127704215726,0.7619875327064085,1.2689590064300735,1.9563849953421744,3.157926534927626
2024-01-04 12:45:00,2998.355280705389,2.656711318422964,0.4648963518051843,2.0706439387062936,0.28207250314720383,0.27048191334213256,1.04,4.48,0.64,0.5825813247950882,0.7688016649305593,1.2612279730484888,1.9370805352385325,2.8830719727401886
2024-01-04 12:50:00,2989.004083791149,2.6490172904178992,0.45209632977778164,2.0857240145126394,0.27684799489065265,0.26411877421602653,1.04,4.48,0.64,0.5825813247950882,0.7688016649305593,1.2612279730484888,1.9370805352385325,2.8830719727401886
2024-01-04 12:55:00,2983.2460471437303,2.340147043967221,0.4311200920221696,1.818646382652211,0.28031339700074054,0.2633142444228806,1.04,4.48,0.64,0.5825813247950882,0.7688016649305593,1.2612279730484888,1.9370805352385325,2.8830719727401886
2024-01-04 13:00:00,2980.750020683685,2.3172903895930856,0.3734484557229341,1.9049135945102467,0.2821201921299371,0.26253158195959,0.02256102834535696,0.09293955024638326,0.01680029761641144,0.5851632250919396,0.7794895765820092,1.2952358858524575,1.9757570700873122,3.222328350742674
2024-01-04 13:05:00,2987.5752398497457,2.3628642966250366,0.3849287991088967,1.927386415379608,0.2752331795093667,0.27057288088645914,1.04,4.48,0.64,0.5851632250919396,0.7794895765820092,1.2952358858524575,1.9757570700873122,3.222328350742674
2024-01-04 13:10:00,2989.0413265595935,2.320990337984877,0.4269840105896996,1.8072805834144081,0.27690688390765467,0.271596223723144,1.04,4.48,0.64,0.5851632250919396,0.7794895765820092,1.2952358858524575,1.9757570700873122,3.222328350742674
2024-01-04 13:15:00,2979.077418483079,2.5227606938893734,0.4290500977306298,2.002491589472198,0.2769216405392694,0.26963847098225596,1.04,4.48,0.64,0.5909526207742885,0.7933826315215126,1.3198090771016844,2.055193482375808,3.3889526405661092
2024-01-04 13:20:00,2978.7872694502003,2.7902646526741983,0.5129914370727021,2.119358870812538,0.28218382332028485,0.2696607643922126,1.04,4.48,0.64,0.5909526207742885,0.7933826315215126,1.3198090771016844,2.055193482375808,3.3889526405661092
2024-01-04 13:25:00,2980.3468993762017,2.928165077036885,0.5625486302030112,2.172225569975716,0.295897996040561,0.272688968802527,1.04,4.48,0.64,0.5909526207742885,0.7933826315215126,1.3198090771016844,2.055193482375808,3.3889526405661092
2024-01-04 13:30:00,2991.136598626395,2.9664712870763954,0.5443840488350498,2.2404341045558125,0.2959164176680359,0.27068683962174844,0.02353720459187964,0.09413267233006826,0.020591260281974,0.629224920040521,0.8464567325032037,1.3756344863371228,2.122353410721221,3.3592296736007796
2024-01-04 13:35:00,3000.3393444023122,2.9856059392945906,0.4865502744247067,2.3582311462230026,0.29593484215534077,0.27171267852406483,1.04,4.48,0.64,0.629224920040521,0.8464567325032037,1.3756344863371228,2.122353410721221,3.3592296736007796
2024-01-04 13:40:00,2993.873372451101,2.8245347669134686,0.41065191299231696,2.335482171307554,0.27870219635008026,0.268788995390813,1.04,4.48,0.64,0.629224920040521,0.8464567325032037,1.3756344863371228,2.122353410721221,3.3592296736007796
2024-01-04 13:45:00,2982.014223883138,2.916464577850407,0.41877485232698497,2.4115119106686156,0.2770101327874732,0.2817049514606572,1.04,4.48,0.64,0.604648658313239,0.8336000239923221,1.3786537781473636,2.316465033191738,3.9319821973147335
2024-01-04 13:50:00,2979.5710444504407,2.9739472825092013,0.4713555590076349,2.3733215738589077,0.27374548496476214,0.278238900146553,1.04,4.48,0.64,0.604648658313239,0.8336000239923221,1.3786537781473636,2.316465033191738,3.9319821973147335
2024-01-04 13:55:00,2970.316336660157,2.9854089750318256,0.49751201621492047,2.3390040368614717,0.27874765911428334,0.27080108606689896,1.04,4.48,0.64,0.604648658313239,0.8336000239923221,1.3786537781473636,2.316465033191738,3.9319821973147335
2024-01-04 14:00:00,2972.492912217574,3.1696915893460598,0.5263817746536076,2.472155485495851,0.28231126140647744,0.26701517272027236,0.024515301344262524,0.07269112738154498,0.01929378138157474,0.6155331022780173,0.8336000239923221,1.3665934874716767,2.0827695503823747,3.0864516843780336
2024-01-04 14:05:00,2970.2266064321,4.1333161932609,0.7817070040371156,3.0112337237096685,0.27221591878990425,0.27831737585693533,1.04,4.48,0.64,0.6155331022780173,0.8336000239923221,1.3665934874716767,2.0827695503823747,3.0864516843780336
2024-01-04 14:10:00,2973.819196495574,6.841739108279921,1.61530328830973,4.409532488146983,0.2805465105296378,0.2880444187429453,1.04,4.48,0.64,0.6155331022780173,0.8336000239923221,1.3665934874716767,2.0827695503823747,3.0864516843780336
2024-01-04 14:15:00,2985.2245173621673,5.425892341638811,0.9522214366737979,4.027757491072063,0.2960822981886034,0.2960940356473653,1.04,4.48,0.64,0.6614295124954737,0.8922561291467825,1.425287339451242,2.3476319984188323,4.190763653560053
2024-01-04 14:20:00,3012.2064558288907,6.174207136766471,1.0433841560185815,4.630671144026918,0.2860964708461505,0.294747325605393,1.04,4.48,0.64,0.6614295124954737,0.8922561291467825,1.425287339451242,2.3476319984188323,4.190763653560053
2024-01-04 14:25:00,2989.974087749223,5.061621006649316,0.6860209882999708,4.0898218265486275,0.28059320148431754,0.28559584608155697,1.04,4.48,0.64,0.6614295124954737,0.8922561291467825,1.425287339451242,2.3476319984188323,4.190763653560053
2024-01-04 14:30:00,2994.9258471791118,4.689913889659772,0.6271957543365206,3.8157455169456895,0.27714313001035434,0.2934474402849686,0.026476404589747454,0.07150272722071514,0.021914607000811125,0.622608223524232,0.8352011733708233,1.3426112467873936,2.1395729129898795,3.541905701737414
2024-01-04 14:35:00,2998.636748627816,5.3094629993911155,0.7002654090671704,4.313846399628745,0.27886907762273133,0.29484215078530157,1.04,4.48,0.64,0.622608223524232,0.8352011733708233,1.3426112467873936,2.1395729129898795,3.541905701737414
2024-01-04 14:40:00,2985.3103869800775,5.282294821908833,0.603939021432932,4.445397860984018,0.28243890887707157,0.2869434366979081,1.04,4.48,0.64,0.622608223524232,0.8352011733708233,1.3426112467873936,2.1395729129898795,3.541905701737414
2024-01-04 14:45:00,2982.6550245775206,5.394622520667943,0.615546594547466,4.538163910673858,0.2771875417540344,0.2730707678588261,1.04,4.48,0.64,0.7206670521121387,0.954446960286427,1.481817802565484,2.1634792002697876,3.2795615560620295
2024-01-04 14:50:00,2988.590404001504,5.778351990614457,0.6907665740626264,4.797289953215802,0.2772023468237248,0.2808740630850362,1.04,4.48,0.64,0.7206670521121387,0.954446960286427,1.481817802565484,2.1634792002697876,3.2795615560620295
2024-01-04 14:55:00,2996.3551670296697,7.085934653535597,0.9915802694971004,5.6220119535477755,0.2941498755303683,0.2857689342079408,1.04,4.48,0.64,0.7206670521121387,0.954446960286427,1.481817802565484,2.1634792002697876,3.2795615560620295
2024-01-04 15:00:00,2990.497512652446,7.443118405414289,0.9915809941073193,5.978710087517746,0.2807023481011295,0.2845529828770426,0.04925444142409901,0.19705390125546868,0.0417163037672323,1.1099914414084462,1.4133944955319446,2.0545811835992267,2.837080365446139,4.276751103349364
2024-01-04 15:05:00,2992.845584334543,6.767534292821921,0.769667107556682,5.657112992735582,0.277246782711641,0.2833543545052908,1.04,4.48,0.64,1.1099914414084462,1.4133944955319446,2.0545811835992267,2.837080365446139,4.276751103349364
2024-01-04 15:10:00,2997.3412361339365,7.023695683149391,0.9546859883461424,5.618058605218022,0.2962853858302491,0.28711919147977766,1.04,4.48,0.64,1.1099914414084462,1.4133944955319446,2.0545811835992267,2.837080365446139,4.276751103349364
2024-01-04 15:15:00,3002.603287436873,7.066360362871231,1.1996874362310936,5.276639462803191,0.29630386739215364,0.27755122998901266,1.04,4.48,0.64,1.1269871339105872,1.392838827718412,2.0233370060373037,2.952504699403542,4.576035839020495
2024-01-04 15:20:00,3003.5278538906123,6.2396442965104795,0.801034963217857,5.079539561819101,0.2825667654483036,0.2722047917636411,1.04,4.48,0.64,1.1269871339105872,1.392838827718412,2.0233370060373037,2.952504699403542,4.576035839020495
2024-01-04 15:25:00,3011.578385601908,6.286160462972329,0.7026485767449886,5.2849499760544765,0.27730607879221286,0.2722283488523743,1.04,4.48,0.64,1.1269871339105872,1.392838827718412,2.0233370060373037,2.952504699403542,4.576035839020495
2024-01-04 15:30:00,3027.1009792640434,6.177485359917631,0.6202057551716438,5.312137763292154,0.27732091142117626,0.2787639169468244,0.04328972164382673,0.1275924762672157,0.034481879299133336,0.8733017806004979,1.1162454927120646,1.6888677390488576,2.503402684347846,3.8183980934418034
2024-01-04 15:35:00,3052.2255805458303,7.361290329169771,0.9056596228006949,6.0328344612990055,0.2808116214103189,0.28352285275202793,1.04,4.48,0.64,0.8733017806004979,1.1162454927120646,1.6888677390488576,2.503402684347846,3.8183980934418034
2024-01-04 15:40:00,3030.365991619938,9.016189765076664,1.6354470179584264,6.547882086231676,0.2985161239252422,0.2938855843631761,1.04,4.48,0.64,0.8733017806004979,1.1162454927120646,1.6888677390488576,2.503402684347846,3.8183980934418034
2024-01-04 15:45:00,3048.695550753946,10.240534897138053,2.392895045691875,6.605111263284414,0.3167271949075753,0.30383215633399063,1.04,4.48,0.64,0.8240297324732888,1.0356876942399191,1.5411985465863898,2.1767917332625095,3.143239729960157
2024-01-04 15:50:00,3067.9436322995325,10.123879304059836,2.220841436789162,6.752780707205939,0.29434955407449037,0.29810446399819024,1.04,4.48,0.64,0.8240297324732888,1.0356876942399191,1.5411985465863898,2.1767917332625095,3.143239729960157
2024-01-04 15:55:00,3114.249472492081,10.166603681824583,2.2461356805017645,6.756590314447177,0.2964518223931575,0.29673513234370763,1.04,4.48,0.64,0.8240297324732888,1.0356876942399191,1.5411985465863898,2.1767917332625095,3.143239729960157
2024-01-04 16:00:00,3110.292184840327,12.433480668003375,4.191848338181274,6.040163749927426,0.3097208747433955,0.3039339614624158,0.04925444142409901,0.15512266114272277,0.0417163037672323,0.80508446761815,1.0112571384173266,1.520276869520812,2.242331153063704,3.372228343395506
2024-01-04 16:05:00,3163.7949622817778,12.573463286158516,4.270616524406265,6.059431198140587,0.344922241326316,0.32760478274256694,1.04,4.48,0.64,0.80508446761815,1.0112571384173266,1.520276869520812,2.242331153063704,3.372228343395506
2024-01-04 16:10:00,3137.790160530299,14.545449673063306,5.180530756494416,6.636415835985077,0.3672123779360559,0.33442669252706547,1.04,4.48,0.64,0.80508446761815,1.0112571384173266,1.520276869520812,2.242331153063704,3.372228343395506
2024-01-04 16:15:00,3137.4302101891476,15.731904224528108,5.757704183056419,6.938434533333705,0.3559341689307509,0.34497517951560297,1.04,4.48,0.64,0.7964923100695951,0.9878785350436561,1.4621993844889964,2.2208757281757125,3.8562162802415525
2024-01-04 16:20:00,3132.796894179192,17.081867409190878,6.830951594166006,6.645965468314906,0.36440719238422065,0.3614597973505802,1.04,4.48,0.64,0.7964923100695951,0.9878785350436561,1.4621993844889964,2.2208757281757125,3.8562162802415525
2024-01-04 16:25:00,4321.926191145809,21.17897870135729,10.128119923122698,5.699205146178632,0.3998912123951474,0.42938283973965463,1.04,4.48,0.64,0.7964923100695951,0.9878785350436561,1.4621993844889964,2.2208757281757125,3.8562162802415525
2024-01-04 16:30:00,7594.860332785651,19.863773119962133,9.34190510122232,5.58770801114018,0.4343430002009694,0.7418709889202856,0.06818357573492315,0.20664210606747116,0.05197114584074514,0.7949364754494537,1.0069140976270023,1.5119338080749434,2.503402684347846,4.1678622817938695
2024-01-04 16:35:00,9742.239094263208,21.097245936179025,9.24014010649732,6.9728855289627,0.4216703445971597,2.164647991376196,1.04,4.48,0.64,0.7949364754494537,1.0069140976270023,1.5119338080749434,2.503402684347846,4.1678622817938695
2024-01-04 16:40:00,12972.636718582546,21.272332689201303,9.069676985910208,7.407946903583484,0.40920092386165685,2.741267638217035,1.04,4.48,0.64,0.7949364754494537,1.0069140976270023,1.5119338080749434,2.503402684347846,4.1678622817938695
2024-01-04 16:45:00,20157.12958235808,22.965041820817735,10.512378610357672,6.893649430617214,0.45709881550360293,4.638519962367738,1.04,4.48,0.64,0.8848163651289458,1.2101256133145848,1.8573585114349895,3.7233025998433167,7.48511188961127
2024-01-04 16:50:00,13572.934997696011,33.7021485864538,17.039859506008867,7.638996402370845,0.5731308037476903,4.11158950484165,1.04,4.48,0.64,0.8848163651289458,1.2101256133145848,1.8573585114349895,3.7233025998433167,7.48511188961127
2024-01-04 16:55:00,6293.295960820652,28.736224299648363,13.431176285893278,8.194977405131924,0.473656553213633,1.9876630560501345,1.04,4.48,0.64,0.8848163651289458,1.2101256133145848,1.8573585114349895,3.7233025998433167,7.48511188961127
2024-01-04 17:00:00,7960.5827265578455,25.681276680606953,11.83306967867574,7.587038186956254,0.46375867674014004,1.5753036723638636,0.10012492197250394,0.31695778898774524,0.0980114789195633,0.9913304191842396,1.5394596454600558,2.537375809768825,6.110876553326863,12.765348252202132
2024-01-04 17:05:00,6940.041514209233,26.584136408219543,13.064746392151898,6.607118630402805,0.46049787914738005,1.0223434105584583,1.04,4.48,0.64,0.9913304191842396,1.5394596454600558,2.537375809768825,6.110876553326863,12.765348252202132
2024-01-04 17:10:00,13062.966981946098,28.04351365300806,13.93763744672864,6.73024810061797,0.5006062527238201,1.6904962874820402,1.04,4.48,0.64,0.9913304191842396,1.5394596454600558,2.537375809768825,6.110876553326863,12.765348252202132
2024-01-04 17:15:00,24061.21626266688,28.806299255545344,14.092886405250468,7.254164646539352,0.5279868130918198,5.8925072339032605,1.04,4.48,0.64,1.1602624703057496,2.083873556624778,3.5692867858999504,10.490769704840536,23.53921273110042
2024-01-04 17:20:00,32449.143165359892,28.300379646609223,13.45159502521727,7.728730508068609,0.5040614827341117,8.530313692699128,1.04,4.48,0.64,1.1602624703057496,2.083873556624778,3.5692867858999504,10.490769704840536,23.53921273110042
2024-01-04 17:25:00,33866.9590625474,26.94606789512893,12.382786257873475,8.009692355346655,0.47051815866959174,10.413526337203212,1.04,4.48,0.64,1.1602624703057496,2.083873556624778,3.5692867858999504,10.490769704840536,23.53921273110042
2024-01-04 17:30:00,35640.371037913785,26.191079332283486,11.929833147057561,7.948059898916715,0.50072932107884,10.056623135127545,0.16107762104029227,0.48250363729198964,0.13985796366313935,1.1656796300871006,1.8748997306522823,3.262574909484838,7.578267875972714,14.605588108665808
2024-01-04 17:35:00,44763.15188507766,31.915910282240766,16.34521080283356,6.917508274113245,0.5246687668107824,12.853275016955493,1.04,4.48,0.64,1.1656796300871006,1.8748997306522823,3.262574909484838,7.578267875972714,14.605588108665808
2024-01-04 17:40:00,58336.72802986469,29.92717681711925,15.151631968493183,6.75588840995387,0.5664214530260062,23.62207045241285,1.04,4.48,0.64,1.1656796300871006,1.8748997306522823,3.262574909484838,7.578267875972714,14.605588108665808
2024-01-04 17:45:00,46197.0359738787,30.00891343819108,14.970953952873426,7.1132608932996755,0.5840717464098674,14.40320481945685,1.04,4.48,0.64,1.5555478134727971,1.8903251043140703,2.6200397248896823,4.1963913366129235,6.827403898994112
2024-01-04 17:50:00,67796.88046449452,33.0368327723738,17.27163591562605,6.621371546335721,0.6340436812489905,27.110277723874848,1.04,4.48,0.64,1.5555478134727971,1.8903251043140703,2.6200397248896823,4.1963913366129235,6.827403898994112
2024-01-04 17:55:00,68043.01320773603,31.600715314263056,16.884807357668432,5.779925489010751,0.60187601894983,26.463543396178192,1.04,4.48,0.64,1.5555478134727971,1.8903251043140703,2.6200397248896823,4.1963913366129235,6.827403898994112
2024-01-04 18:00:00,61114.5357870547,30.83402508963838,16.391089418564036,5.768877738329645,0.5912509880046781,23.221480775743498,1.04,4.48,0.64,1.4593289553764088,1.7040073356649612,2.345540824628725,3.262058399231994,4.834397583980864
2024-01-04 18:05:00,41190.34814331317,31.5579290382876,16.67105617970712,6.06329345182146,0.6305492227733699,14.470861173271695,1.04,4.48,0.64,1.4593289553764088,1.7040073356649612,2.345540824628725,3.262058399231994,4.834397583980864
2024-01-04 18:10:00,46094.07811842834,36.48523222457147,18.95143577532517,7.4968213298733986,0.6812170731641202,14.621021989735882,1.04,4.48,0.64,1.4593289553764088,1.7040073356649612,2.345540824628725,3.262058399231994,4.834397583980864
2024-01-04 18:15:00,122202.96306692887,49.72256441273458,26.133841554919666,9.738220239529154,0.7730774084124079,52.7363400738405,1.04,4.48,0.64,1.3184839779079607,1.5281151789050458,2.0959799235679712,2.952504699403542,4.313106073353634
2024-01-04 18:20:00,97620.8128997143,33.02524803984825,16.205358953188398,8.238131373863844,0.6922173419335187,44.09888614037214,1.04,4.48,0.64,1.3184839779079607,1.5281151789050458,2.0959799235679712,2.952504699403542,4.313106073353634
2024-01-04 18:25:00,100616.79270631395,32.01723484533235,15.823624810412236,7.815116992726048,0.6127698064483316,42.06514540188832,1.04,4.48,0.64,1.3184839779079607,1.5281151789050458,2.0959799235679712,2.952504699403542,4.313106073353634
2024-01-04 18:30:00,109735.42102552162,33.2626951359816,17.03506520622971,7.207812578152505,0.6451137854519229,55.547145088017864,0.21005951537600007,0.7464669852043022,0.4066229826264128,1.346291201783626,1.541351355142623,2.0489963982398796,2.813231282706774,4.082094560394211
2024-01-04 18:35:00,74821.11024348461,32.95912761433932,17.243773495586087,6.5864028874989495,0.6199887917769198,32.84305400873229,1.04,4.48,0.64,1.346291201783626,1.541351355142623,2.0489963982398796,2.813231282706774,4.082094560394211
2024-01-04 18:40:00,85814.48001073377,32.54658895488655,16.956200139840796,6.6138999682271065,0.5986131242738552,39.13122360316152,1.04,4.48,0.64,1.346291201783626,1.541351355142623,2.0489963982398796,2.813231282706774,4.082094560394211
2024-01-04 18:45:00,81968.9688008767,33.27442121143167,17.108916422484235,7.106751642737358,0.5703534255183469,35.06097631565934,1.04,4.48,0.64,1.465907227623904,1.6763054614240211,2.2547897817756755,3.033089555222529,4.328421883319601
2024-01-04 18:50:00,80358.72481740755,33.59747304392855,17.226001349586266,7.250278781021356,0.5986783818450002,30.951897147633073,1.04,4.48,0.64,1.465907227623904,1.6763054614240211,2.2547897817756755,3.033089555222529,4.328421883319601
2024-01-04 18:55:00,99710.9372649732,36.32196554676458,18.969397925726906,7.306481597939878,0.6058308883510608,37.79128691923047,1.04,4.48,0.64,1.465907227623904,1.6763054614240211,2.2547897817756755,3.033089555222529,4.328421883319601
2024-01-04 19:00:00,133705.12254800758,33.91276798770901,18.1193525973955,6.2011719619933015,0.6453138856808441,58.516486539968,0.24605080776132396,0.8952558516982729,0.540092584655631,1.3101606771690257,1.4715488439056315,1.9400352161752115,2.564043876379653,3.506376477219752
2024-01-04 19:05:00,124130.01761272294,35.131017689481304,18.49604124390519,6.841099316556909,0.6381400212251535,53.65691740709882,1.04,4.48,0.64,1.3101606771690257,1.4715488439056315,1.9400352161752115,2.564043876379653,3.506376477219752
2024-01-04 19:10:00,128319.01591168364,34.24363222828347,17.13444029320203,8.034963684701925,0.5356174033709472,56.024905290422,1.04,4.48,0.64,1.3101606771690257,1.4715488439056315,1.9400352161752115,2.564043876379653,3.506376477219752
2024-01-04 19:15:00,151517.1623461359,30.164755553608607,14.70651034279311,7.67261381492121,0.58112117893199,65.75506025031248,1.04,4.48,0.64,1.599175099856173,1.7892803022444528,2.345540824628725,3.126724524162626,4.299708827350987
2024-01-04 19:20:00,123986.15421989735,29.195659812276798,14.49019877469411,7.035961478186024,0.5600508069312428,58.19127452457031,1.04,4.48,0.64,1.599175099856173,1.7892803022444528,2.345540824628725,3.126724524162626,4.299708827350987
2024-01-04 19:25:00,38451.27738472646,33.17724759620952,17.256649007220343,6.784284616906836,0.6060275180021212,10.21897199523916,1.04,4.48,0.64,1.599175099856173,1.7892803022444528,2.345540824628725,3.126724524162626,4.299708827350987
2024-01-04 19:30:00,49988.60449051576,34.50058789692973,17.54171269447833,7.669314426758886,0.5741636207787056,14.464733088368973,0.2960422267177437,1.1148448501921688,0.7200694410957876,2.019863609256823,2.246352599215003,2.885571860134486,4.033429836999771,5.802245772112726
2024-01-04 19:35:00,55532.72456420425,34.134743314554264,17.381386089337784,7.549089442634973,0.5812508506750701,20.33334019281413,1.04,4.48,0.64,2.019863609256823,2.246352599215003,2.885571860134486,4.033429836999771,5.802245772112726
2024-01-04 19:40:00,90556.6784260187,34.16979187781478,17.490839412789494,7.416907260642437,0.6311789499249604,35.09108055099045,1.04,4.48,0.64,2.019863609256823,2.246352599215003,2.885571860134486,4.033429836999771,5.802245772112726
2024-01-04 19:45:00,116050.090959418,29.88848562520426,14.905093738167537,7.093675087067375,0.5707400574913094,49.854439328761444,1.04,4.48,0.64,2.615241671433063,2.8177169836589337,3.577499685534577,4.637597680911961,6.316910953939433
2024-01-04 19:50:00,116424.04122764879,28.95439755540453,14.683692717498454,6.499959426745107,0.5707723394132382,45.39587839370553,1.04,4.48,0.64,2.615241671433063,2.8177169836589337,3.577499685534577,4.637597680911961,6.316910953939433
2024-01-04 19:55:00,110906.12593665087,28.195460686336183,14.64552943239527,5.8016469045337296,0.595549532964523,44.24191634936375,1.04,4.48,0.64,2.615241671433063,2.8177169836589337,3.577499685534577,4.637597680911961,6.316910953939433
2024-01-04 20:00:00,95919.50193159396,30.97828760706626,16.21836406259626,6.176096856084074,0.6529367795715546,39.86871383033192,0.2810444804652815,0.9384532806698478,0.537093101798934,2.641748663291041,2.868906586140441,3.6643736490701926,4.836998682034139,6.7821866680297145
2024-01-04 20:05:00,109848.05161238428,31.34416593670307,16.13948240964748,6.661281805890737,0.6170031177379853,46.07181329390264,1.04,4.48,0.64,2.641748663291041,2.868906586140441,3.6643736490701926,4.836998682034139,6.7821866680297145
2024-01-04 20:10:00,132670.05159681305,33.356427374242486,17.445117376151895,6.675315963205765,0.6313782596797818,68.4515090290766,1.04,4.48,0.64,2.641748663291041,2.868906586140441,3.6643736490701926,4.836998682034139,6.7821866680297145
2024-01-04 20:15:00,118262.41506007545,33.558838027931984,18.437725052475017,5.3630726811430876,0.6966485669806134,51.12619123635556,1.04,4.48,0.64,2.3185547222353846,2.5161788489692065,3.2170462477247668,4.175999311542089,5.907755580590654
2024-01-04 20:20:00,119138.0130879495,30.449005081222015,15.762854825587874,6.343430030695449,0.6171023394018172,51.83286290286887,1.04,4.48,0.64,2.3185547222353846,2.5161788489692065,3.2170462477247668,4.175999311542089,5.907755580590654
2024-01-04 20:25:00,116508.34503784846,27.28476025669794,13.790494719794614,6.198201665863991,0.6028579701034189,51.504389247978715,1.04,4.48,0.64,2.3185547222353846,2.5161788489692065,3.2170462477247668,4.175999311542089,5.907755580590654
2024-01-04 20:30:00,102506.33795372372,26.852749960269954,13.322242419742622,6.481987243866569,0.5710298929283314,46.119287595669775,0.29804194335697115,1.104045288926138,0.750066663703967,2.2083480251083616,2.418254742577796,3.067887716328614,3.988398300069841,5.437624849141398
2024-01-04 20:35:00,40357.78746118943,27.997008738749265,14.317329396024938,6.1044570104834115,0.5816399052862924,14.199471456718742,1.04,4.48,0.64,2.2083480251083616,2.418254742577796,3.067887716328614,3.988398300069841,5.437624849141398
2024-01-04 20:40:00,23308.630843886785,30.172703881762974,15.788360742263995,6.02908198228622,0.6315768483128894,4.424808098392516,1.04,4.48,0.64,2.2083480251083616,2.418254742577796,3.067887716328614,3.988398300069841,5.437624849141398
2024-01-04 20:45:00,65372.21323278303,30.75265071892299,16.338108018142833,5.768587392241261,0.5994304023443867,15.203620320451394,1.04,4.48,0.64,2.1820577444238274,2.3869553829093664,3.052763443177345,4.030523570207722,5.696829293563218
2024-01-04 20:50:00,90063.64422133904,26.163870616852062,13.719298098447597,5.190038494296887,0.5431848827962366,29.368896570148088,1.04,4.48,0.64,2.1820577444238274,2.3869553829093664,3.052763443177345,4.030523570207722,5.696829293563218
2024-01-04 20:55:00,83616.47966065482,23.76643937943379,12.060038648740361,5.331373501638506,0.5190506631847542,31.912864243956932,1.04,4.48,0.64,2.1820577444238274,2.3869553829093664,3.052763443177345,4.030523570207722,5.696829293563218
2024-01-04 21:00:00,85665.0020944268,23.890974514387786,11.955710995384793,5.614447089437179,0.5122367628565614,29.785784176687795,0.27204595200076037,0.9516525416348132,0.5850854638426766,2.931948328330498,3.1519111662608768,3.920801265047745,5.108825696772204,6.970987304535851
2024-01-04 21:05:00,84443.03701048222,24.264596885261604,12.011706550464407,5.901346352135014,0.5122677575966783,35.45332145164399,1.04,4.48,0.64,2.931948328330498,3.1519111662608768,3.920801265047745,5.108825696772204,6.970987304535851
2024-01-04 21:10:00,67647.05651138813,25.11692377725218,12.350180186717122,6.2345851636649,0.5467891544204607,26.978275864272838,1.04,4.48,0.64,2.931948328330498,3.1519111662608768,3.920801265047745,5.108825696772204,6.970987304535851
2024-01-04 21:15:00,83040.92923093413,25.327089427931675,12.742104127250238,5.846190623197449,0.5678042265370716,31.377740944737003,1.04,4.48,0.64,2.3771781590785324,2.548529183666532,3.197211910399434,4.090129093317227,5.529149663375011
2024-01-04 21:20:00,80673.18001203134,27.588376905706994,14.66101485816184,5.173396438667883,0.6032181627225122,31.98861942484868,1.04,4.48,0.64,2.3771781590785324,2.548529183666532,3.197211910399434,4.090129093317227,5.529149663375011
2024-01-04 21:25:00,88078.63072455875,25.424385035233453,13.23584122413079,5.190446067054182,0.5608517920672794,33.481968351206966,1.04,4.48,0.64,2.3771781590785324,2.548529183666532,3.197211910399434,4.090129093317227,5.529149663375011
2024-01-04 21:30:00,110430.33828950567,24.704370511710664,12.813396205943167,5.117283652225836,0.5469161957649694,39.63611343024976,0.3370370899470858,0.9840508116962252,0.5775865735974132,2.6044454304131617,2.8226377734310866,3.5645940918988237,4.7167245255579635,6.564117305472229
2024-01-04 21:35:00,100745.85688893616,23.089216017616593,11.99904459271886,4.750252573170825,0.5539206663323532,37.58921886459144,1.04,4.48,0.64,2.6044454304131617,2.8226377734310866,3.5645940918988237,4.7167245255579635,6.564117305472229
2024-01-04 21:40:00,77442.79382761056,21.372923821708397,10.741934577444521,4.956829290187128,0.5022695587987168,28.769856226837494,1.04,4.48,0.64,2.6044454304131617,2.8226377734310866,3.5645940918988237,4.7167245255579635,6.564117305472229
2024-01-04 21:45:00,70725.27143094607,20.2637861991016,10.065062846313108,4.883968841319522,0.46545745727628923,23.57099831906269,1.04,4.48,0.64,2.5426460626677874,2.7183789286999707,3.40756159151966,4.320325103507836,5.821777735365719
2024-01-04 21:50:00,45260.10560809464,20.419442354618912,10.011635070998476,5.120275509392954,0.4787653870400896,12.37152771920276,1.04,4.48,0.64,2.5426460626677874,2.7183789286999707,3.40756159151966,4.320325103507836,5.821777735365719
2024-01-04 21:55:00,63441.832403902335,20.092530900689145,9.795353239912902,5.124357978577394,0.46551716499564666,17.808207645296104,1.04,4.48,0.64,2.5426460626677874,2.7183789286999707,3.40756159151966,4.320325103507836,5.821777735365719
2024-01-04 22:00:00,50155.790303269205,18.103964882021867,8.72413750365214,4.776936045785777,0.452420140247991,14.436567304314632,0.30704071391266663,1.0692467629130329,0.6180809008536018,2.4162979948673553,2.564220154354926,3.233385693046841,4.158525249412344,5.644157687379049
2024-01-04 22:05:00,45970.09825864008,17.24787143432141,7.798043005939015,5.335730244952895,0.4203886356116239,11.53864760757174,1.04,4.48,0.64,2.4162979948673553,2.564220154354926,3.233385693046841,4.158525249412344,5.644157687379049
2024-01-04 22:10:00,65956.55516252633,16.477410930389365,7.256176370718834,5.394431806822429,0.42673493719933314,17.886155746690573,1.04,4.48,0.64,2.4162979948673553,2.564220154354926,3.233385693046841,4.158525249412344,5.644157687379049
2024-01-04 22:15:00,40189.56081948233,14.349127676871081,5.7504302262739575,5.5704819318012895,0.37196981278241065,15.891122378477805,1.04,4.48,0.64,2.2814635653457196,2.4466354448507444,3.090000932038694,4.037789494265395,5.544736603302272
2024-01-04 22:20:00,35952.68786630565,9.355329902467503,1.9657486498387773,6.377540993364137,0.3022128517784034,12.956850076150607,1.04,4.48,0.64,2.2814635653457196,2.4466354448507444,3.090000932038694,4.037789494265395,5.544736603302272
2024-01-04 22:25:00,38659.926928388784,7.101679636647213,0.9596666177037957,5.688066049326421,0.3000505518204502,11.668372737210749,1.04,4.48,0.64,2.2814635653457196,2.4466354448507444,3.090000932038694,4.037789494265395,5.544736603302272
2024-01-04 22:30:00,28318.718127602144,5.704536970769834,0.7003153037989793,4.708030612125377,0.3022515959154183,9.267459627296414,0.22405579662218073,0.778864198689348,0.429116534288764,1.9047950020934012,2.120783110079859,2.7652512652560164,3.635247584415675,5.033674204793155
2024-01-04 22:35:00,17815.901933958874,4.437824255870739,0.37536371867001067,4.012323240938135,0.29583112162832614,4.886431200887623,1.04,4.48,0.64,1.9047950020934012,2.120783110079859,2.7652512652560164,3.635247584415675,5.033674204793155
2024-01-04 22:40:00,13923.176641662278,3.8658408602657204,0.3289635928076465,3.541608766872744,0.2897414614007737,2.874906546003887,1.04,4.48,0.64,1.9047950020934012,2.120783110079859,2.7652512652560164,3.635247584415675,5.033674204793155
2024-01-04 22:45:00,12101.259213956893,4.228919645452302,0.34958856117510745,3.857814471946238,0.2840038870814704,1.9074285344838118,1.04,4.48,0.64,1.2466611408077177,1.5177249421420207,2.115041786821244,2.9835752043479644,4.412745630557012
2024-01-04 22:50:00,13058.37073313311,4.225005082745463,0.3339775987876538,3.8886725411104397,0.29177466807614055,1.0666886708669132,1.04,4.48,0.64,1.2466611408077177,1.5177249421420207,2.115041786821244,2.9835752043479644,4.412745630557012
2024-01-04 22:55:00,11246.286672313097,3.711344542667253,0.298393751408321,3.4644591079800597,0.2859148548925827,0.911533239674802,1.04,4.48,0.64,1.2466611408077177,1.5177249421420207,2.115041786821244,2.9835752043479644,4.412745630557012
2024-01-04 23:00:00,10227.789244158112,3.12982619396726,0.27825908209214456,2.945387855734207,0.2918101619321068,0.6929705723277504,0.07516648189186455,0.32295485752655895,0.20124860247961973,0.974971281628336,1.2256267784280825,1.74391380520942,2.6,3.9016555460470883
2024-01-04 23:05:00,8990.156568509383,2.727051032817481,0.4166666666666667,2.5778466142434406,0.2822317662686918,0.5144933878609526,1.04,4.48,0.64,0.974971281628336,1.2256267784280825,1.74391380520942,2.6,3.9016555460470883
2024-01-04 23:10:00,7254.076350634203,2.5626264756341324,0.4166666666666667,2.4862571038517634,0.2706217526077175,0.4002437781958835,1.04,4.48,0.64,0.974971281628336,1.2256267784280825,1.74391380520942,2.6,3.9016555460470883
2024-01-04 23:15:00,4530.408874910586,2.6810420119724006,0.4166666666666667,2.581600874147578,0.28046810170526304,0.37268057398228527,1.04,4.48,0.64,0.9689685237405806,1.2238010459220894,1.7721318686824636,2.451253556856165,3.480230452139628
2024-01-04 23:20:00,4816.257970172699,2.7422116571844133,0.4166666666666667,2.6197388162507447,0.26917296062430257,0.33961311477609707,1.04,4.48,0.64,0.9689685237405806,1.2238010459220894,1.7721318686824636,2.451253556856165,3.480230452139628
2024-01-04 23:25:00,5765.017565681132,2.692417415063625,0.4166666666666667,2.6044288681099688,0.2737560189714612,0.3293401430255968,1.04,4.48,0.64,0.9689685237405806,1.2238010459220894,1.7721318686824636,2.451253556856165,3.480230452139628
2024-01-04 23:30:00,4901.319237469841,2.7382848940694977,0.4166666666666667,2.6502412617081887,0.28415069867969583,0.3310700014823777,0.04328972164382673,0.13955873315561443,0.0875728268357257,0.8602325267042628,1.1234037564473425,1.6481352371695717,2.4320955984500277,3.750439440918891
2024-01-04 23:35:00,5169.4190182854745,2.726753242576435,0.4166666666666667,2.615776288944999,0.2787766604203864,0.34149249479785876,1.04,4.48,0.64,0.8602325267042628,1.1234037564473425,1.6481352371695717,2.4320955984500277,3.750439440918891
2024-01-04 23:40:00,5373.117016357414,2.7688120281279978,0.4166666666666667,2.6386450071475474,0.28054593115589715,0.3415332685127843,1.04,4.48,0.64,0.8602325267042628,1.1234037564473425,1.6481352371695717,2.4320955984500277,3.750439440918891
2024-01-04 23:45:00,4765.609131222852,2.8607079464478313,0.2699387175811795,2.7074162749215107,0.278807016506305,0.33118770878165416,1.04,4.48,0.64,0.954446960286427,1.2631706139710501,1.863947681669204,2.831466227946221,4.292054985668288
2024-01-04 23:50:00,3945.580479992921,2.9833971741680068,0.26993874582513266,2.8298943679342456,0.2771115025823277,0.3228857467529637,1.04,4.48,0.64,0.954446960286427,1.2631706139710501,1.863947681669204,2.831466227946221,4.292054985668288
2024-01-04 23:55:00,3998.5725015826292,3.113917287002592,0.4166666666666667,2.98709908254537,0.267832831212833,0.3262246256099942,1.04,4.48,0.64,0.954446960286427,1.2631706139710501,1.863947681669204,2.831466227946221,4.292054985668288
2024-01-05 00:00:00,132454.73880000002,64.19316708,7.02891072,51.54096500396728,4.430587504,4.2541566,0.03931920650267501,0.10487783369234892,0.059348546738736574,0.954446960286427,1.2631706139710501,1.863947681669204,2.831466227946221,4.292054985668288
2024-01-05 00:15:00,3603.8600568756865,3.2636713250860305,0.4166666666666667,3.2251796872716385,0.27889818383184517,0.3150373159404773,1.04,4.48,0.64,0.8248248298881405,1.0921726054063066,1.628930937762556,2.385698220647364,3.4951675210209885
2024-01-05 00:20:00,3723.472136444776,3.814711743563287,0.4166666666666667,3.71818144233113,0.277200312861371,0.3214794648271657,1.04,4.48,0.64,0.8248248298881405,1.0921726054063066,1.628930937762556,2.385698220647364,3.4951675210209885
2024-01-05 00:25:00,3613.9714850646387,4.916766264027397,0.4166666666666667,4.804390023335538,0.27892861185953866,0.32812566116257963,1.04,4.48,0.64,0.8248248298881405,1.0921726054063066,1.628930937762556,2.385698220647364,3.4951675210209885
2024-01-05 00:30:00,3692.0358930147017,6.366910180038559,0.2709093977779934,6.207692121432257,0.2789438309603471,0.3332467930749736,0.03634556369077249,0.11204713293966964,0.05197114584074514,0.8708438436367338,1.130573305893961,1.6749047017666407,2.4676985229156334,3.7410126971182547
2024-01-05 00:35:00,3602.749268731473,7.978518322018727,0.32083970735681433,7.671385813639544,0.2789590534517233,0.35093995255817,1.04,4.48,0.64,0.8708438436367338,1.130573305893961,1.6749047017666407,2.4676985229156334,3.7410126971182547
2024-01-05 00:40:00,3640.9575901696876,8.841210837632083,0.408664706723339,8.347293424104416,0.28819268658203273,0.3546345027032198,1.04,4.48,0.64,0.8708438436367338,1.130573305893961,1.6749047017666407,2.4676985229156334,3.7410126971182547
2024-01-05 00:45:00,3611.3912521414695,9.233778051897085,0.4649371775382364,8.634778451742298,0.2756042483841628,0.3639707483736236,1.04,4.48,0.64,1.3184839779079607,1.6105778466128238,2.228780258347601,3.129567102651739,4.437686784801289
2024-01-05 00:50:00,3553.97307136972,9.37757637731804,0.5580458205975177,8.615196604969361,0.2942465880638831,0.3716075649271764,1.04,4.48,0.64,1.3184839779079607,1.6105778466128238,2.228780258347601,3.129567102651739,4.437686784801289
2024-01-05 00:55:00,3553.9778402578086,9.420307424541564,0.5809154492936341,8.619024076466555,0.2863159682318964,0.36783813904709584,1.04,4.48,0.64,1.3184839779079607,1.6105778466128238,2.228780258347601,3.129567102651739,4.437686784801289
2024-01-05 01:00:00,3574.617640049946,9.820720149737783,0.5717418702825168,9.034892349641456,0.28259911105315544,0.36788220870165766,0.06419501538281613,0.16111064521005433,0.06230770417853637,1.6543666461821576,1.9289294958603334,2.579825296410592,3.4424462232546205,4.749444599108405
2024-01-05 01:05:00,3520.2241664158105,10.333945605094836,0.6955783371280436,9.341820842932805,0.2773337610901972,0.3660315885188599,1.04,4.48,0.64,1.6543666461821576,1.9289294958603334,2.579825296410592,3.4424462232546205,4.749444599108405
2024-01-05 01:10:00,3438.0965547639134,10.851123285794408,0.7697386359519915,9.738260987714416,0.28829536388376537,0.3641889502921191,1.04,4.48,0.64,1.6543666461821576,1.9289294958603334,2.579825296410592,3.4424462232546205,4.749444599108405
2024-01-05 01:15:00,3359.259022875027,11.092216293880767,0.7457101871029765,10.018201899857306,0.29028192696614674,0.35309959627381426,1.04,4.48,0.64,1.525280629917,1.7729639026218218,2.3979077880519095,3.2463567656682466,4.560646445406616
2024-01-05 01:20:00,3373.804297302754,11.329427371903218,0.8035281183974037,10.161973779306269,0.2883296275739576,0.3531418646980355,1.04,4.48,0.64,1.525280629917,1.7729639026218218,2.3979077880519095,3.2463567656682466,4.560646445406616
2024-01-05 01:25:00,3326.370916726462,10.956032246668636,0.8886316666144685,9.652500161922664,0.27911142924075577,0.3681022946025067,1.04,4.48,0.64,1.525280629917,1.7729639026218218,2.3979077880519095,3.2463567656682466,4.560646445406616
2024-01-05 01:30:00,3352.8038507739193,10.605985533422082,0.8691098834625836,9.333684518171271,0.28454349976173987,0.3624847390844967,1.04,4.48,0.64,1.3110850468219062,1.5811388300841898,2.178005289249776,3.0019544050501503,4.322677873725962
2024-01-05 01:35:00,3286.2513566993885,11.14264651355661,0.9793711685997099,9.69510381965356,0.2845599263968243,0.356945099160502,1.04,4.48,0.64,1.3110850468219062,1.5811388300841898,2.178005289249776,3.0019544050501503,4.322677873725962
2024-01-05 01:40:00,3286.0159129116655,11.150397124056367,0.9572391912531704,9.737865875865605,0.2791572363750086,0.3682342681024676,1.04,4.48,0.64,1.3110850468219062,1.5811388300841898,2.178005289249776,3.0019544050501503,4.322677873725962
2024-01-05 01:45:00,3284.9019401126407,10.905340484101263,0.9081942385898951,9.570695228760044,0.27917250627212126,0.3682783784048496,1.04,4.48,0.64,1.385375039474871,1.696361105425375,2.3512266075391373,3.2763394207560363,4.739797885986279
2024-01-05 01:50:00,3291.1571886187794,10.753638342011753,0.8326161571781453,9.539641605979353,0.2791877617898856,0.3683223279906142,1.04,4.48,0.64,1.385375039474871,1.696361105425375,2.3512266075391373,3.2763394207560363,4.739797885986279
2024-01-05 01:55:00,14782.479895280087,10.625266570787721,0.7649307573296195,9.52023641623132,0.28651725338078393,6.13556012528543,1.04,4.48,0.64,1.385375039474871,1.696361105425375,2.3512266075391373,3.2763394207560363,4.739797885986279
2024-01-05 02:00:00,30068.9990528596,10.983030656776366,0.9793750298958992,9.535534274195546,0.29245110533806523,17.64252962686879,0.07117583859709697,0.23421357774475843,0.08608280896903864,1.4199440129807934,1.7087878744888145,2.3466778560339296,3.283482335874521,4.745585738346743
2024-01-05 02:05:00,12301.18735416589,12.134313422056437,1.592867253236275,9.729274568491554,0.2865508448867474,5.727119097382209,1.04,4.48,0.64,1.4199440129807934,1.7087878744888145,2.3466778560339296,3.283482335874521,4.745585738346743
2024-01-05 02:10:00,5573.774433703988,12.931763277160222,2.089602728064295,9.759849585024833,0.29662566159716586,2.1489085080335295,1.04,4.48,0.64,1.4199440129807934,1.7087878744888145,2.3466778560339296,3.283482335874521,4.745585738346743
2024-01-05 02:15:00,4540.2449686568125,13.188504279329228,2.1401578715660876,9.938630975305076,0.3146085984439392,0.6304786544267978,1.04,4.48,0.64,1.3844424870683507,1.6562732262522388,2.2649776687640872,3.2677700347484673,4.759092770686447
2024-01-05 02:20:00,3776.7416341125704,12.713849162730533,1.8875847177165759,9.85330580517783,0.3170213685071852,0.4246957864065237,1.04,4.48,0.64,1.3844424870683507,1.6562732262522388,2.2649776687640872,3.2677700347484673,4.759092770686447
2024-01-05 02:25:00,3829.7806174386874,12.157534601160801,1.6582684149744673,9.651321403127843,0.3170426417538711,0.4061433130059173,1.04,4.48,0.64,1.3844424870683507,1.6562732262522388,2.2649776687640872,3.2677700347484673,4.759092770686447
2024-01-05 02:30:00,4030.76384482494,11.492350352308208,1.3145709450002494,9.519441875355945,0.28663486880801,0.37441892968035234,0.08315046602394963,0.28937283908480427,0.12639620247459968,1.4105888841189695,1.7135696659313273,2.3569139483655315,3.6814194273404928,5.747573401010204
2024-01-05 02:35:00,3807.955052380994,11.091704934214913,1.1227625720304126,9.418518501689151,0.29671840223438933,0.36493062568418394,1.04,4.48,0.64,1.4105888841189695,1.7135696659313273,2.3569139483655315,3.6814194273404928,5.747573401010204
2024-01-05 02:40:00,3549.1274885909365,11.192794795933613,1.2222387029521313,9.363954106448299,0.2946468056669901,0.3501754472263297,1.04,4.48,0.64,1.4105888841189695,1.7135696659313273,2.3569139483655315,3.6814194273404928,5.747573401010204
2024-01-05 02:45:00,3696.6965740118994,11.274442699236802,1.2247313956017911,9.441675990737705,0.2967555441652974,0.3484095844090723,1.04,4.48,0.64,1.5820875449860543,1.895147487664219,2.582121732219455,3.653999213190939,5.476561329885753
2024-01-05 02:50:00,3626.346844187649,10.749353123426543,1.058345700205356,9.17744316794104,0.28480644305086816,0.3557411476625244,1.04,4.48,0.64,1.5820875449860543,1.895147487664219,2.582121732219455,3.653999213190939,5.476561329885753
2024-01-05 02:55:00,3590.696804027734,10.360425434978653,1.0089482006882284,8.866472278499415,0.29470151068499556,0.366996078027494,1.04,4.48,0.64,1.5820875449860543,1.895147487664219,2.582121732219455,3.653999213190939,5.476561329885753
2024-01-05 03:00:00,3586.9887127749093,10.352611197799037,0.9793844418098061,8.905335717093713,0.2906498016045078,0.3766187820430096,0.070178344238091,0.24980024019203823,0.09204482603601355,1.6400743885568119,1.9472863169036032,2.648798248262785,3.6987458685343597,5.433732050810014
2024-01-05 03:05:00,3461.272138320982,10.39146884874985,0.9033124338815428,9.064759627229646,0.2794172664129941,0.3708913171182033,1.04,4.48,0.64,1.6400743885568119,1.9472863169036032,2.648798248262785,3.6987458685343597,5.433732050810014
2024-01-05 03:10:00,3618.794277836983,10.500320893864476,1.0089508606686008,9.006305018548831,0.28301655124954384,0.38451505432833505,1.04,4.48,0.64,1.6400743885568119,1.9472863169036032,2.648798248262785,3.6987458685343597,5.433732050810014
2024-01-05 03:15:00,3579.708489406834,11.029216383217989,1.354588087452814,8.994270284046339,0.3011609864228385,0.3904937587134277,1.04,4.48,0.64,1.7221800138196937,2.014050893100768,2.659158032159804,3.5833616898102822,5.053050167967859
2024-01-05 03:20:00,3540.163896995512,11.437581690091655,1.577805050588694,9.056215903629765,0.28490528161773293,0.3885548819372754,1.04,4.48,0.64,1.7221800138196937,2.014050893100768,2.659158032159804,3.5833616898102822,5.053050167967859
2024-01-05 03:25:00,3545.0384596308386,10.87358015695907,1.2970936246688027,8.92817507599612,0.30119945794142294,0.39457742592187234,1.04,4.48,0.64,1.7221800138196937,2.014050893100768,2.659158032159804,3.5833616898102822,5.053050167967859
2024-01-05 03:30:00,3526.939297635126,10.927996023462594,1.3620978262009604,8.881429371661143,0.29692271584717533,0.38273386797368825,0.06818357573492315,0.27018512172212594,0.11144954015158609,1.8027268234538478,2.0518528212325564,2.724849382993489,3.543049675068076,4.869182272209575
2024-01-05 03:35:00,3550.7234815259103,11.005751404440312,1.4447574237771694,8.830782467562543,0.29907172776952407,0.3788741109230817,1.04,4.48,0.64,1.8027268234538478,2.0518528212325564,2.724849382993489,3.543049675068076,4.869182272209575
2024-01-05 03:40:00,3553.559663614451,11.013498003361564,1.4873991046905919,8.772400345953018,0.31736202182836054,0.38873869531394817,1.04,4.48,0.64,1.8027268234538478,2.0518528212325564,2.724849382993489,3.543049675068076,4.869182272209575
2024-01-05 03:45:00,3553.61300571375,10.962901086994636,1.520031700149113,8.671270142220603,0.29910959700199047,0.36933638925876316,1.04,4.48,0.64,1.8392661580097647,2.155785007833573,2.846193837390559,3.771007292488308,5.215994248463087
2024-01-05 03:50:00,3543.7121166261486,10.807297374843953,1.3921414085695636,8.714116963244088,0.299128502923535,0.36370200052052315,1.04,4.48,0.64,1.8392661580097647,2.155785007833573,2.846193837390559,3.771007292488308,5.215994248463087
2024-01-05 03:55:00,3515.1808713577157,10.795597809781718,1.2372084082263581,8.94357552472776,0.3174259610717638,0.36942467310574967,1.04,4.48,0.64,1.8392661580097647,2.155785007833573,2.846193837390559,3.771007292488308,5.215994248463087
2024-01-05 04:00:00,3561.9034268163778,10.772229288578552,1.2122894601907233,8.959115731150822,0.29916636690262755,0.365673800706398,0.07217340230306452,0.30736271732270976,0.12490096076491965,1.906724940834414,2.198608878359223,2.879778491481593,3.797047405550792,5.511617185545455
2024-01-05 04:05:00,3875.7715879192647,10.550512445493363,1.2322244787344148,8.706391914250174,0.29918528113507437,0.43414061474274673,1.04,4.48,0.64,1.906724940834414,2.198608878359223,2.879778491481593,3.797047405550792,5.511617185545455
2024-01-05 04:10:00,3576.992846726236,10.142147184056707,0.9400732996419312,8.757174704148948,0.2992042419779382,0.4577633925471214,1.04,4.48,0.64,1.906724940834414,2.198608878359223,2.879778491481593,3.797047405550792,5.511617185545455
2024-01-05 04:15:00,3509.4081142780256,9.613279033061096,0.6366220894164358,8.718567969262812,0.29922318367535866,0.3564666703506654,1.04,4.48,0.64,1.733666634621547,2.002428775262681,2.6200397248896823,3.4237917941954352,4.643412968927059
2024-01-05 04:20:00,3483.7111962477966,9.154470149948677,0.47140613249182794,8.54379808451704,0.28324228980547966,0.3333554802613177,1.04,4.48,0.64,1.733666634621547,2.002428775262681,2.6200397248896823,3.4237917941954352,4.643412968927059
2024-01-05 04:25:00,3485.0823283622076,9.224413724806558,0.4500279238957292,8.652618349068216,0.27966292577546203,0.3602615341248641,1.04,4.48,0.64,1.733666634621547,2.002428775262681,2.6200397248896823,3.4237917941954352,4.643412968927059
2024-01-05 04:30:00,3472.1159073414738,9.309906673535187,0.4735668927707862,8.695309927372978,0.28513633882563977,0.351099474264247,0.070178344238091,0.310960833546606,0.12041594578792295,1.5612306043631095,1.7537847644451698,2.2887712336535513,2.9736846251746334,4.023117696513489
2024-01-05 04:35:00,3475.3656948093085,9.395405708113172,0.5108316279434949,8.71466906507008,0.29929897818452145,0.35114165732115865,1.04,4.48,0.64,1.5612306043631095,1.7537847644451698,2.2887712336535513,2.9736846251746334,4.023117696513489
2024-01-05 04:40:00,3490.732754205419,9.449802161237981,0.4866059496579557,8.811838583757543,0.29718327670441946,0.35853114184678575,1.04,4.48,0.64,1.5612306043631095,1.7537847644451698,2.2887712336535513,2.9736846251746334,4.023117696513489
2024-01-05 04:45:00,3507.3264307227128,9.25148452585567,0.4778991711917548,8.629120132941235,0.2890347258108552,0.36418126053602756,1.04,4.48,0.64,1.5262254093023089,1.6763054614240211,2.178005289249776,2.8174378431475646,3.786287891853973
2024-01-05 04:50:00,3978.327745944955,9.1153738468527,0.504186629162669,8.446370353602987,0.2993558751044235,0.3874017280271508,1.04,4.48,0.64,1.5262254093023089,1.6763054614240211,2.178005289249776,2.8174378431475646,3.786287891853973
2024-01-05 04:55:00,6307.3511482834965,9.224196304917323,0.5671862382354638,8.446269982143368,0.2871238765579912,1.5535696987904468,1.04,4.48,0.64,1.5262254093023089,1.6763054614240211,2.178005289249776,2.8174378431475646,3.786287891853973
2024-01-05 05:00:00,4088.160127796811,9.208606956848271,0.6413114548995407,8.306238494231673,0.291071897609312,1.2480553187811834,0.06319810123729984,0.28337649867270215,0.10398196959088628,1.4696679897174056,1.6058256443337802,2.0959799235679712,2.6944394593310124,3.6300088154162933
2024-01-05 05:05:00,3671.0306858181116,10.484001316078063,1.6406997362730882,8.00601425098842,0.2994127750057333,0.4411070218385103,1.04,4.48,0.64,1.4696679897174056,1.6058256443337802,2.0959799235679712,2.6944394593310124,3.6300088154162933
2024-01-05 05:10:00,3634.3758209115476,10.55396947812086,1.9886114741385863,7.539394827979112,0.31774607123957294,0.37392122905800623,1.04,4.48,0.64,1.4696679897174056,1.6058256443337802,2.0959799235679712,2.6944394593310124,3.6300088154162933
2024-01-05 05:15:00,3651.898192063679,8.948024585390051,0.9449916613216088,7.555873161010842,0.2973137542564691,0.35147836024506895,1.04,4.48,0.64,1.467787450552702,1.5887303106569095,2.0411816577659128,2.624943618442118,3.541905701737414
2024-01-05 05:20:00,3977.3314458931045,8.384358632058536,0.5901446947813861,7.567831792651099,0.28720849112293506,0.370176053258122,1.04,4.48,0.64,1.467787450552702,1.5887303106569095,2.0411816577659128,2.624943618442118,3.541905701737414
2024-01-05 05:25:00,3778.113921457012,8.139480360845768,0.5130563886837202,7.455214323507802,0.2781105372276543,0.39569360847618656,1.04,4.48,0.64,1.467787450552702,1.5887303106569095,2.0411816577659128,2.624943618442118,3.541905701737414
2024-01-05 05:30:00,3669.407607007599,7.999540508797768,0.43950484629557135,7.447483050867186,0.28919019807985513,0.3461880879109252,0.06419501538281613,0.26059194154846765,0.10248902380255166,1.6067759644704673,1.7528262891684392,2.251395087495751,2.931344444107516,4.026919914773573
2024-01-05 05:35:00,3606.640656094562,7.879037646333066,0.3986849882185894,7.404755615253338,0.28725927766235576,0.35164683574310834,1.04,4.48,0.64,1.6067759644704673,1.7528262891684392,2.251395087495751,2.931344444107516,4.026919914773573
2024-01-05 05:40:00,3601.383558939352,8.100502607185522,0.4564015951931913,7.517315158209907,0.2816761153478886,0.35351439580520977,1.04,4.48,0.64,1.6067759644704673,1.7528262891684392,2.251395087495751,2.931344444107516,4.026919914773573
2024-01-05 05:45:00,3625.3626254531964,8.745659402798282,0.7987242296926881,7.586864428404581,0.2764764302839856,0.34275015652014024,1.04,4.48,0.64,1.7950420607885487,1.9579195591239187,2.4892723756150112,3.1850551015641786,4.326507136247438
2024-01-05 05:50:00,3662.9902364117925,7.482616116902922,0.5786426983920235,6.685949948963943,0.2799249353971154,0.35543457981963433,1.04,4.48,0.64,1.7950420607885487,1.9579195591239187,2.4892723756150112,3.1850551015641786,4.326507136247438
2024-01-05 05:55:00,3601.962270174514,6.329221095475957,0.5086183919393056,5.653701585998718,0.2835496731821508,0.40405562468653067,1.04,4.48,0.64,1.7950420607885487,1.9579195591239187,2.4892723756150112,3.1850551015641786,4.326507136247438
2024-01-05 06:00:00,3516.8666739417004,5.603642715452965,0.32244841767803206,5.293284543862601,0.2782158532821779,0.3341484500037313,0.0651920240520265,0.24620316813558674,0.09353608929178085,1.8277209852710015,1.9995239433425147,2.556871400755228,3.303490918710085,4.472240601756573
2024-01-05 06:05:00,3516.8891227075155,7.105703551856047,1.110396292938695,5.455279245855645,0.28175527628037006,0.34469111724416485,1.04,4.48,0.64,1.8277209852710015,1.9995239433425147,2.556871400755228,3.303490918710085,4.472240601756573
2024-01-05 06:10:00,3509.2699193035246,5.537629430731905,0.29840040148982816,5.289355702117844,0.2854675274741043,0.34473232350568117,1.04,4.48,0.64,1.8277209852710015,1.9995239433425147,2.556871400755228,3.303490918710085,4.472240601756573
2024-01-05 06:15:00,3478.9080755598443,6.220377448219692,0.5970758858239925,5.393639230631648,0.29336602471834317,0.33426762453578107,1.04,4.48,0.64,1.6925392166800746,1.8614104867008783,2.4024674316210826,3.1125160642155727,4.284402408738003
2024-01-05 06:20:00,3510.2643066789274,6.752178052868334,0.7337658126772663,5.6998119133745995,0.28741184488711613,0.3275243852119991,1.04,4.48,0.64,1.6925392166800746,1.8614104867008783,2.4024674316210826,3.1125160642155727,4.284402408738003
2024-01-05 06:25:00,3494.04713133514,5.93314010084268,0.3460623375122578,5.568309290713637,0.280033110190006,0.3099266799694647,1.04,4.48,0.64,1.6925392166800746,1.8614104867008783,2.4024674316210826,3.1125160642155727,4.284402408738003
2024-01-05 06:30:00,3468.701663979468,5.235057765730035,0.28778808862115207,5.017925108510063,0.2893979599412839,0.31461535740929236,0.080156097709407,0.2653884699831551,0.09651942809610922,1.5196134376873613,1.6696254070898657,2.131881647746891,2.8778294337920722,4.074479598672695
2024-01-05 06:35:00,3453.1108051599904,4.80883814090386,0.2719028036883071,4.646126123354702,0.28006403718548817,0.31465164162839443,1.04,4.48,0.64,1.5196134376873613,1.6696254070898657,2.131881647746891,2.8778294337920722,4.074479598672695
2024-01-05 06:40:00,3452.8376359769504,5.673098271091578,0.7745949446227777,4.556501470871567,0.2997737848615461,0.32601151786640764,1.04,4.48,0.64,1.5196134376873613,1.6696254070898657,2.131881647746891,2.8778294337920722,4.074479598672695
2024-01-05 06:45:00,3420.980953953145,4.4835765511314785,0.48443139885103026,3.8531470564817405,0.2837119520346374,0.31630348424319343,1.04,4.48,0.64,1.38351002887583,1.546081821896888,2.033371584339665,2.8020182458363827,3.971825776642274
2024-01-05 06:50:00,3432.7771899528902,4.615114744119804,0.3145655581728273,4.324753055226017,0.2801104707990561,0.31010337632832863,1.04,4.48,0.64,1.38351002887583,1.546081821896888,2.033371584339665,2.8020182458363827,3.971825776642274
2024-01-05 06:55:00,3439.9576148934098,3.942232949839011,0.5489890734048914,3.201653414907944,0.28012596737313183,0.3101387247495088,1.04,4.48,0.64,1.38351002887583,1.546081821896888,2.033371584339665,2.8020182458363827,3.971825776642274
2024-01-05 07:00:00,3443.1441921062283,4.019437645596079,0.38111263858540056,3.5830305070575323,0.28014144929863416,0.3012405396226627,0.07217340230306452,0.27618110000505103,0.08608280896903864,1.3203348060245934,1.4809577981833246,1.989946290732491,2.7600283060142696,3.89218396276435
2024-01-05 07:05:00,3456.1729329386144,4.464045782330734,0.4844326816165063,3.833657375911194,0.26890236677594753,0.3056756679546758,1.04,4.48,0.64,1.3203348060245934,1.4809577981833246,1.989946290732491,2.7600283060142696,3.89218396276435
2024-01-05 07:10:00,3463.1938932848398,4.27832260819892,0.47141607815487324,3.6715413369153724,0.2635479204848843,0.30422748293629537,1.04,4.48,0.64,1.3203348060245934,1.4809577981833246,1.989946290732491,2.7600283060142696,3.89218396276435
2024-01-05 07:15:00,3454.289818909411,3.9922548609510677,0.3772851221212841,3.5636173026857465,0.26892757678287216,0.3133745648502445,1.04,4.48,0.64,1.3212603831190883,1.4988558970094492,1.989946290732491,3.160854670812943,4.8749814358620895
2024-01-05 07:20:00,3453.9335831503413,3.6717937840807173,0.29565248712536146,3.4326501199149555,0.26356954786150943,0.29851337562506913,1.04,4.48,0.64,1.3212603831190883,1.4988558970094492,1.989946290732491,3.160854670812943,4.8749814358620895
2024-01-05 07:25:00,3438.4579999024663,3.6023222809772033,0.31456623989022375,3.3131998238987466,0.26236615296564586,0.28398379452065886,1.04,4.48,0.64,1.3212603831190883,1.4988558970094492,1.989946290732491,3.160854670812943,4.8749814358620895
2024-01-05 07:30:00,3421.685454695501,3.4172803427850837,0.31150250026632686,3.136209907372999,0.4166666666666667,0.2930454107782218,0.05721887800367986,0.18986352993663633,0.06675327707311456,1.2815615474880635,1.4386802980509605,1.9422488409058196,2.709767932868053,3.871355834846495
2024-01-05 07:35:00,3419.308384772498,3.051781829355219,0.27939104633066536,2.8636284242929952,0.2648694543937045,0.29720344985518593,1.04,4.48,0.64,1.2815615474880635,1.4386802980509605,1.9422488409058196,2.709767932868053,3.871355834846495
2024-01-05 07:40:00,3412.4969788960425,2.9787749260041974,0.2760660749702138,2.8022630647207083,0.2704601609871767,0.29043848292441343,1.04,4.48,0.64,1.2815615474880635,1.4386802980509605,1.9422488409058196,2.709767932868053,3.871355834846495
2024-01-05 07:45:00,3404.0091865957565,3.170822492174247,0.28653652040180405,2.959416318207697,0.2648920539066534,0.30010092638832564,1.04,4.48,0.64,1.158458026861569,1.338866684924231,1.848580038840623,2.634654863544749,4.129721055955232
2024-01-05 07:50:00,3397.880616041625,3.5943701581891747,0.34082866883844404,3.243655681627138,0.26363452554069494,0.2987092815309543,1.04,4.48,0.64,1.158458026861569,1.338866684924231,1.848580038840623,2.634654863544749,4.129721055955232
2024-01-05 07:55:00,3378.5728372783474,3.609747372972414,0.3391036969991961,3.262848117596323,0.4166666666666667,0.2841536600024235,1.04,4.48,0.64,1.158458026861569,1.338866684924231,1.848580038840623,2.634654863544749,4.129721055955232
2024-01-05 08:00:00,3359.0770063097725,3.555718394924447,0.30408136277721687,3.293632723105572,0.26761923337692356,0.2782603158839359,0.04925444142409901,0.1826739171310453,0.056393705322491446,1.0859539585083706,1.2778794935360689,1.771044708639508,2.522668428470139,3.746668386713721
2024-01-05 08:05:00,3366.5682661833907,3.567236228264783,0.27715568751610264,3.3860283376166107,0.27361315483303084,0.2946252043173944,1.04,4.48,0.64,1.0859539585083706,1.2778794935360689,1.771044708639508,2.522668428470139,3.746668386713721
2024-01-05 08:10:00,3352.9888644135776,3.9106221550064753,0.2853015547964571,3.7020615117575946,0.2786084740814357,0.28930935534731367,1.04,4.48,0.64,1.0859539585083706,1.2778794935360689,1.771044708639508,2.522668428470139,3.746668386713721
2024-01-05 08:15:00,3324.093987824797,4.339598841983393,0.3604477830993053,3.945116623460668,0.2803741879176816,0.2842671259201092,1.04,4.48,0.64,1.1296765023669388,1.3286688827544657,1.8529682566088388,2.6124666983523444,3.746668386713721
2024-01-05 08:20:00,3321.6553010212065,4.432396480561105,0.36972260433549614,4.018457717884615,0.28038972335617857,0.29335721637656675,1.04,4.48,0.64,1.1296765023669388,1.3286688827544657,1.8529682566088388,2.6124666983523444,3.746668386713721
2024-01-05 08:25:00,3316.97211448129,4.877549883442196,0.42292247755868007,4.358560940553065,0.2804052802033488,0.28939948776002633,1.04,4.48,0.64,1.1296765023669388,1.3286688827544657,1.8529682566088388,2.6124666983523444,3.746668386713721
2024-01-05 08:30:00,3316.9383990279584,5.0479630584263395,0.526459533302739,4.342939964545671,0.278669084388631,0.2961630771235935,0.0462709412050371,0.15871534267360546,0.0505,1.141348325446706,1.3138588204217378,1.8212007467602247,2.4252608622579137,3.336965088220133
2024-01-05 08:35:00,3339.815207059082,5.009173147113177,0.5994004073548872,4.180413831367082,0.27369677544089704,0.2868846915189537,1.04,4.48,0.64,1.141348325446706,1.3138588204217378,1.8212007467602247,2.4252608622579137,3.336965088220133
2024-01-05 08:40:00,3352.9697585178315,4.974255307844472,0.3869131720843794,4.524831431899812,0.27869942758318045,0.2856525715265358,1.04,4.48,0.64,1.141348325446706,1.3138588204217378,1.8212007467602247,2.4252608622579137,3.336965088220133
2024-01-05 08:45:00,3370.4982519706796,5.908650013445143,0.5264606316126972,5.2024598072874735,0.28790520774282286,0.2990692543390771,1.04,4.48,0.64,1.1756257908024985,1.365811480402768,1.8716407347565396,2.588927190942225,3.9547444923787434
2024-01-05 08:50:00,3382.116241361939,7.79202385293621,1.1650616031305583,6.0551115063200935,0.2898844589800535,0.30942159250731943,1.04,4.48,0.64,1.1756257908024985,1.365811480402768,1.8716407347565396,2.588927190942225,3.9547444923787434
2024-01-05 08:55:00,3380.6486622343773,7.861931929424829,1.0782083439070465,6.260841282826587,0.2822957302041922,0.3005641832118887,1.04,4.48,0.64,1.1756257908024985,1.365811480402768,1.8716407347565396,2.588927190942225,3.9547444923787434
2024-01-05 09:00:00,3372.789067144515,8.444882538518849,1.3696804220610908,6.388651524587426,0.2981561446752339,0.29775348653138833,1.04,4.48,0.64,1.1855905701379377,1.3844424870683507,1.885943837976094,2.5861602811890836,3.64127724843907
2024-01-05 09:05:00,3350.708398779552,8.095031366646518,1.1228341122844598,6.423759868753176,0.28605030955205074,0.3065028859324137,1.04,4.48,0.64,1.1855905701379377,1.3844424870683507,1.885943837976094,2.5861602811890836,3.64127724843907
2024-01-05 09:10:00,3319.8667475887924,7.19353515204303,0.7505629569373734,6.113513711074137,0.2677905078927923,0.29366991550488625,1.04,4.48,0.64,1.1855905701379377,1.3844424870683507,1.885943837976094,2.5861602811890836,3.64127724843907
2024-01-05 09:15:00,3301.324688658162,7.119692080043114,0.8108491688320788,5.942678210729748,0.26142353671795243,0.30214307378873095,1.04,4.48,0.64,1.1512467155219162,1.337939086804777,1.8420015635172517,2.5419616440851343,3.708984227521061
2024-01-05 09:20:00,3284.261696260332,7.286688290019116,1.0732607722859286,5.694120950324054,0.26510742686984223,0.30660664170916296,1.04,4.48,0.64,1.1512467155219162,1.337939086804777,1.8420015635172517,2.5419616440851343,3.708984227521061
2024-01-05 09:25:00,3301.504399226721,6.42837639308025,0.8716133081793159,5.155295114167162,0.27073530631914855,0.30814757026102774,1.04,4.48,0.64,1.1512467155219162,1.337939086804777,1.8420015635172517,2.5419616440851343,3.708984227521061
2024-01-05 09:30:00,3266.9494213374037,5.780228189288151,0.8108510683544209,4.605274901591952,0.27385044435343775,0.29654775970495917,0.09613012014972207,0.7632655108152078,0.06675327707311456,1.1055297372753028,1.2512429819983009,1.6963981136513915,2.328649608678815,3.4485208423322606
2024-01-05 09:35:00,3245.785621232303,5.861655007922616,0.972064375070773,4.430940207346908,0.29204604002906415,0.2965798822545671,1.04,4.48,0.64,1.1055297372753028,1.2512429819983009,1.6963981136513915,2.328649608678815,3.4485208423322606
2024-01-05 09:40:00,3216.9792120231223,5.093834366610309,0.6483776099023932,4.1836426421485875,0.3026501300477685,0.28985134219621483,1.04,4.48,0.64,1.1055297372753028,1.2512429819983009,1.6963981136513915,2.328649608678815,3.4485208423322606
2024-01-05 09:45:00,3217.2551287856213,5.330224068546872,0.6908836134558689,4.349844368684836,0.2920816454050346,0.29388933396772876,1.04,4.48,0.64,1.0147359262389402,1.157556046159321,1.5907067108678454,2.1581603856062226,3.3110203865273924
2024-01-05 09:50:00,3246.0574269934905,5.3185522959736184,0.7075260585962724,4.3111079438593,0.28812724563856434,0.29392073146990244,1.04,4.48,0.64,1.0147359262389402,1.157556046159321,1.5907067108678454,2.1581603856062226,3.3110203865273924
2024-01-05 09:55:00,3275.677032246165,5.450331879985743,0.7649871360085906,4.349692737286407,0.2962439358208926,0.31610932744101605,1.04,4.48,0.64,1.0147359262389402,1.157556046159321,1.5907067108678454,2.1581603856062226,3.3110203865273924
2024-01-05 10:00:00,3265.8251690249012,5.8536775098495015,0.8326799636459877,4.643700196309881,0.29838179309399604,0.31145236080416183,0.0462709412050371,0.41771971464128904,0.057870545184921136,0.9535953020018503,1.0868417548106992,1.485959568763565,1.9512304451294316,2.6547060100884994
2024-01-05 10:05:00,3316.73696111161,5.702333706379759,0.7890915900798005,4.56239909839309,0.29215287119403943,0.3275912455350143,1.04,4.48,0.64,0.9535953020018503,1.0868417548106992,1.485959568763565,1.9512304451294316,2.6547060100884994
2024-01-05 10:10:00,3268.227206149646,6.73085258954484,1.2123634634773948,4.922134367703417,0.28073256445185035,0.3099859348663703,1.04,4.48,0.64,0.9535953020018503,1.0868417548106992,1.485959568763565,1.9512304451294316,2.6547060100884994
2024-01-05 10:15:00,3292.7050044823313,5.830270714067002,0.769803319070175,4.721057449033864,0.2825514250153332,0.3040117928369268,1.04,4.48,0.64,0.8831670283700588,1.0330614696134977,1.4467770526242114,1.9538071168874371,2.7202124916998676
2024-01-05 10:20:00,3306.76909486947,6.552149783122743,1.1576207064903308,4.829126668967777,0.29019851876920233,0.33970587351417786,1.04,4.48,0.64,0.8831670283700588,1.0330614696134977,1.4467770526242114,1.9538071168874371,2.7202124916998676
2024-01-05 10:25:00,3262.8975162073166,6.509399947583934,1.3096762733835416,4.55018716198336,0.30063297063058564,0.3311178419673353,1.04,4.48,0.64,0.8831670283700588,1.0330614696134977,1.4467770526242114,1.9538071168874371,2.7202124916998676
2024-01-05 10:30:00,3262.1332992909606,5.872818310259905,0.925414677324057,4.515622955937021,0.2825994645290321,0.31636564589877453,0.04825971404805461,0.26059194154846765,0.06378871373526825,0.9231337931199356,1.0620588495935617,1.4580809854051318,2.0998957712229434,3.2629275198814947
2024-01-05 10:35:00,3242.1387254134293,6.268625253178417,1.0460613760926487,4.720656795525777,0.28446272822510726,0.30863738922851364,1.04,4.48,0.64,0.9231337931199356,1.0620588495935617,1.4580809854051318,2.0998957712229434,3.2629275198814947
2024-01-05 10:40:00,3210.916137354843,5.799013262450766,0.9548649708545994,4.395552666264381,0.2724660734603195,0.2969981546483985,1.04,4.48,0.64,0.9231337931199356,1.0620588495935617,1.4580809854051318,2.0998957712229434,3.2629275198814947
2024-01-05 10:45:00,3208.2454156765084,5.477035753661865,0.8497008319557587,4.240880287385392,0.27736152449559315,0.299858162359919,1.04,4.48,0.64,0.9476418099683025,1.1108843324126954,1.567474707929924,2.126323646578761,3.0553958826967094
2024-01-05 10:50:00,3226.607892404182,5.186216298193413,0.7601835331455153,4.093997279141072,0.2757026964797897,0.30424989658273766,1.04,4.48,0.64,0.9476418099683025,1.1108843324126954,1.567474707929924,2.126323646578761,3.0553958826967094
2024-01-05 10:55:00,3237.7276424246056,4.99240756237564,0.8205546255498664,3.80419621015689,0.27911024054240396,0.3057672559701271,1.04,4.48,0.64,0.9476418099683025,1.1108843324126954,1.567474707929924,2.126323646578761,3.0553958826967094
2024-01-05 11:00:00,3202.954092648651,4.566361537509269,0.5878679577582971,3.7580239784677185,0.280888944453714,0.29300247812784747,0.04031128874149276,0.17189112833418713,0.04903060268852505,0.9535953020018503,1.1064217098376188,1.5527434301905771,2.057814921221051,2.9173611363696472
2024-01-05 11:05:00,3259.1508826659674,5.023316579181892,0.8036011800083455,3.862032603891446,0.2741168909235377,0.2903659460445987,1.04,4.48,0.64,0.9535953020018503,1.1064217098376188,1.5527434301905771,2.057814921221051,2.9173611363696472
2024-01-05 11:10:00,3663.931740154165,5.007774409690446,0.7746270736837941,3.892905693138492,0.2809202749333832,0.3948936321965456,1.04,4.48,0.64,0.9535953020018503,1.1064217098376188,1.5527434301905771,2.057814921221051,2.9173611363696472
2024-01-05 11:15:00,3350.6670246871295,4.512037585702578,0.6296444348546467,3.634381699980953,0.26809825525535635,0.33493398206002567,1.04,4.48,0.64,0.9264987857520376,1.0488488928344255,1.4355054858829346,1.9370805352385325,2.667065053574809
2024-01-05 11:20:00,3981.719861796295,4.7558905856233284,0.7266234345722453,3.719130138491975,0.279186589534984,0.43843315964044693,1.04,4.48,0.64,0.9264987857520376,1.0488488928344255,1.4355054858829346,1.9370805352385325,2.667065053574809
2024-01-05 11:25:00,3651.2961615305258,5.201406317411977,0.9009379341664376,3.8849376625517933,0.28096727739603017,0.5360210612584553,1.04,4.48,0.64,0.9264987857520376,1.0488488928344255,1.4355054858829346,1.9370805352385325,2.667065053574809
2024-01-05 11:30:00,3397.757180245096,4.051668827504666,0.5901756702602422,3.2413034330634547,0.26957575054306154,0.33333537326717905,0.035355339059327376,0.16230834852218784,0.046097722286464436,0.9038855015985157,1.038315944209661,1.4621993844889964,2.0120924432043372,2.7665003162840955
2024-01-05 11:35:00,132454.73880000002,4.070941965094371,0.6086856425105404,3.2296957784925833,0.27583297758089537,0.28294857119106026,1.04,4.48,0.64,0.9038855015985157,1.038315944209661,1.4621993844889964,2.0120924432043372,2.7665003162840955
2024-01-05 11:40:00,132454.73880000002,4.03998204954632,0.6790448001605524,3.0834831170597727,0.2987587973595234,0.277147709715849,1.04,4.48,0.64,0.9038855015985157,1.038315944209661,1.4621993844889964,2.0120924432043372,2.7665003162840955
2024-01-05 11:45:00,132454.73880000002,3.989700466603683,0.6790452642971583,3.0334881187757095,0.2966514336603764,0.2854679061949487,1.04,4.48,0.64,0.9818477478713286,1.1162454927120646,1.5296804372155643,2.0643730283066573,3.059046256596981
2024-01-05 11:50:00,132454.73880000002,4.271842826261132,0.7794526686226051,3.1524960433832243,0.28285619034467746,0.5593246761218394,1.04,4.48,0.64,0.9818477478713286,1.1162454927120646,1.5296804372155643,2.0643730283066573,3.059046256596981
2024-01-05 11:55:00,4662.10757275895,4.8020450536482615,1.021373071131295,3.298450333906572,0.3009783010696212,0.7163262404177583,1.04,4.48,0.64,0.9818477478713286,1.1162454927120646,1.5296804372155643,2.0643730283066573,3.059046256596981
2024-01-05 12:00:00,4917.363870180576,5.329026075550403,1.0980621548585867,3.7030364823210546,0.3009974984598264,0.811775710571031,0.03337663853655728,0.12639620247459968,0.0417163037672323,1.0051785910971245,1.141348325446706,1.5716912673931862,2.2530781167105594,3.2592330386150667
2024-01-05 12:05:00,4608.390039149907,5.336735107160487,1.0065715710813004,3.853600031038256,0.3054483460524877,0.6994847904467979,1.04,4.48,0.64,1.0051785910971245,1.141348325446706,1.5716912673931862,2.2530781167105594,3.2592330386150667
2024-01-05 12:10:00,4487.550271375156,5.193250423134349,1.0361923747211994,3.664405923554159,0.29259925795095826,0.6826453942194664,1.04,4.48,0.64,1.0051785910971245,1.141348325446706,1.5716912673931862,2.2530781167105594,3.2592330386150667
2024-01-05 12:15:00,4313.079741530409,4.542448599571598,0.9573367711996419,3.1405886524256132,0.2967628105252696,0.45183341617963857,1.04,4.48,0.64,0.9400085105997712,1.0602947703351178,1.4549949278262109,1.9938969381590412,2.7879318499561645
2024-01-05 12:20:00,4380.1727224047845,4.557882862788931,0.9720901839259823,3.1328393712893776,0.30327395617024644,0.6611301103444029,1.04,4.48,0.64,0.9400085105997712,1.0602947703351178,1.4549949278262109,1.9938969381590412,2.7879318499561645
2024-01-05 12:25:00,3991.2415847122948,4.101393633554869,0.8229912859281724,2.9139926119131636,0.2947077220921969,0.37781960979815565,1.04,4.48,0.64,0.9400085105997712,1.0602947703351178,1.4549949278262109,1.9938969381590412,2.7879318499561645
2024-01-05 12:30:00,3830.471283159805,5.534277765486586,1.5704101208833354,3.1784369060485522,0.29065397368644286,0.30345737843704906,0.04031128874149276,0.1383618444514238,0.05197114584074514,0.9273408219203985,1.043578458957447,1.4355054858829346,1.9140073145105796,2.6688319542451526
2024-01-05 12:35:00,3857.2588189241355,4.000820230610911,0.871639610600605,2.737549530114922,0.3101371817779892,0.3141218226797607,1.04,4.48,0.64,0.9273408219203985,1.043578458957447,1.4355054858829346,1.9140073145105796,2.6688319542451526
2024-01-05 12:40:00,3549.417551331193,3.888751313261069,0.9401498145033258,2.519536665325173,0.28301709362089067,0.30061878917866103,1.04,4.48,0.64,0.9273408219203985,1.043578458957447,1.4355054858829346,1.9140073145105796,2.6688319542451526
2024-01-05 12:45:00,3910.8433645379546,3.414230808954619,0.6413551273799826,2.5235313815328655,0.30117053097198043,0.2992214704150697,1.04,4.48,0.64,0.8659382195052948,0.9715394999689926,1.3336670649003821,1.7618031246424781,2.3771798417452557
2024-01-05 12:50:00,4245.999647434602,3.7535252319143835,0.6437006593189545,2.8563604054196436,0.2887449671611096,0.6256833909691272,1.04,4.48,0.64,0.8659382195052948,0.9715394999689926,1.3336670649003821,1.7618031246424781,2.3771798417452557
2024-01-05 12:55:00,3696.586376076459,3.464222992530331,0.558101386087859,2.7108033819130832,0.29904232053244684,0.3703835219840679,1.04,4.48,0.64,0.8659382195052948,0.9715394999689926,1.3336670649003821,1.7618031246424781,2.3771798417452557
2024-01-05 13:00:00,3763.5181291103618,3.233136190263813,0.5422278269064107,2.508197375110411,0.28877941201643115,0.30662968630250315,0.031400636936215164,0.118024404256069,0.04026164427839479,0.8232350818569384,0.9172573248549178,1.2708957471012325,1.7200582112242597,2.645888130666148
2024-01-05 13:05:00,3736.7422641871594,3.8344499502631524,0.8814038608484445,2.557518484701161,0.3012475125581418,0.34459013855568416,1.04,4.48,0.64,0.8232350818569384,0.9172573248549178,1.2708957471012325,1.7200582112242597,2.645888130666148
2024-01-05 13:10:00,3683.203758344848,3.8923274891908455,0.9327940613418253,2.5345220637951646,0.29696728493188257,0.3536669878577737,1.04,4.48,0.64,0.8232350818569384,0.9172573248549178,1.2708957471012325,1.7200582112242597,2.645888130666148
2024-01-05 13:15:00,4366.750091676241,4.414181798255363,1.140260159593525,2.7293128155960855,0.28131291766201844,0.5440861521631685,1.04,4.48,0.64,0.7672835199585614,0.8602325267042628,1.2031644276656455,1.6524346431856238,2.5025435061153285
2024-01-05 13:20:00,4018.045923936412,4.189791524749652,0.7314196449628074,3.1478323620867577,0.28690671090442027,0.5765770207874882,1.04,4.48,0.64,0.7672835199585614,0.8602325267042628,1.2031644276656455,1.6524346431856238,2.5025435061153285
2024-01-05 13:25:00,3857.2588189241355,3.896047679855735,0.6366730496753867,3.0095233653938362,0.2991559137578042,0.3901559502661243,1.04,4.48,0.64,0.7672835199585614,0.8602325267042628,1.2031644276656455,1.6524346431856238,2.5025435061153285
2024-01-05 13:30:00,4581.526727003643,3.714549854158703,0.5948017533966835,2.898199058269274,0.27785379635567925,0.5977711503953504,0.034365680554879166,0.14195266816794952,0.04026164427839479,0.746268048357961,0.8537353219821704,1.2182364302548172,1.7408690358553685,2.741550656106868
2024-01-05 13:35:00,4433.8539807628495,4.158719600768268,0.6980328034898503,3.1707866792036605,0.28695734972832365,0.6836092233760528,1.04,4.48,0.64,0.746268048357961,0.8537353219821704,1.2182364302548172,1.7408690358553685,2.741550656106868
2024-01-05 13:40:00,4474.120769337571,4.762356243845687,1.2622710767759207,2.8861040177760775,0.28139169850887724,0.6381311941236614,1.04,4.48,0.64,0.746268048357961,0.8537353219821704,1.2182364302548172,1.7408690358553685,2.741550656106868
2024-01-05 13:45:00,5966.500216472719,4.456465326615318,0.8960675436824168,3.1513155389385887,0.2714238492289367,1.0548184064351978,1.04,4.48,0.64,0.7374035530155791,0.8192685762312626,1.1541143097631186,1.5933738575739216,2.1832544515012446
2024-01-05 13:50:00,6087.653947944849,6.080643720946435,1.3422226780561517,4.07260509756269,0.281423241343059,1.4708652004287308,1.04,4.48,0.64,0.7374035530155791,0.8192685762312626,1.1541143097631186,1.5933738575739216,2.1832544515012446
2024-01-05 13:55:00,5576.233843041893,6.247507261282677,1.4449066457134156,4.080215060415741,0.28512131589965617,1.3537055465721672,1.04,4.48,0.64,0.7374035530155791,0.8192685762312626,1.1541143097631186,1.5933738575739216,2.1832544515012446
2024-01-05 14:00:00,5199.6355985962855,5.013985137921239,1.1303352258066026,3.3395573777676875,0.2796773410971118,1.1381909376631365,0.03337663853655728,0.19465703172503174,0.0475631159618459,0.6607753022018907,0.7279017790883603,1.0463346309857091,1.469669690780891,2.019380102902869
2024-01-05 14:05:00,5280.314317738645,4.112047977373037,0.7242517481270325,3.0820635307486817,0.26711631071817327,0.9248019987543278,1.04,4.48,0.64,0.6607753022018907,0.7279017790883603,1.0463346309857091,1.469669690780891,2.019380102902869
2024-01-05 14:10:00,4782.988997269775,4.061752551634532,0.7602068690955969,2.97444041408339,0.28517092265634697,0.7178703316686534,1.04,4.48,0.64,0.6607753022018907,0.7279017790883603,1.0463346309857091,1.469669690780891,2.019380102902869
2024-01-05 14:15:00,4742.689974998324,3.240100238948685,0.4671319040671407,2.6450555182397824,0.28150215633367026,0.5539537605757564,1.04,4.48,0.64,0.80508446761815,0.876584280032445,1.2229701549915273,1.7457837781351961,2.682978941400771
2024-01-05 14:20:00,4648.669177822657,3.266988751790899,0.4374403604376602,2.7253846745795527,0.27306913451829995,0.5401892127689062,1.04,4.48,0.64,0.80508446761815,0.876584280032445,1.2229701549915273,1.7457837781351961,2.682978941400771
2024-01-05 14:25:00,5831.8969623116645,4.135056702540115,0.648404555072524,3.228050633552368,0.28153372713200164,1.0000477476168437,1.04,4.48,0.64,0.80508446761815,0.876584280032445,1.2229701549915273,1.7457837781351961,2.682978941400771
2024-01-05 14:30:00,5751.148355794438,5.164863526008484,1.0164625260326137,3.666994289539498,0.2815495266600423,1.53519252538566,0.03634556369077249,0.19465703172503174,0.05344389581607987,0.6903448413655309,0.7440436815133907,1.0496872677135796,1.4337908668979586,1.9326603426365432
2024-01-05 14:35:00,5697.322061045334,5.257858231382632,1.0139959718686429,3.7634295488115375,0.28156532949305435,1.3923890446865284,1.04,4.48,0.64,0.6903448413655309,0.7440436815133907,1.0496872677135796,1.4337908668979586,1.9326603426365432
2024-01-05 14:40:00,5011.425447392229,4.4017824049067285,0.624993186753154,3.5321973750762106,0.28158115399028555,0.9177402873021052,1.04,4.48,0.64,0.6903448413655309,0.7440436815133907,1.0496872677135796,1.4337908668979586,1.9326603426365432
2024-01-05 14:45:00,6006.873564474153,4.018914580734073,0.4801065961422394,3.3973832049639876,0.2834208311959733,0.8038495815788486,1.04,4.48,0.64,0.6232046212922366,0.6673559769718107,0.9642281887603162,1.3254810447531868,1.8106904760339355
2024-01-05 14:50:00,4702.3894716788,4.33592193463998,0.5603874637235392,3.574569932043527,0.2764008763633465,1.118596936070044,1.04,4.48,0.64,0.6232046212922366,0.6673559769718107,0.9642281887603162,1.3254810447531868,1.8106904760339355
2024-01-05 14:55:00,4165.521939118704,3.8140971070994434,0.4087024200776937,3.324171286355644,0.27641551333079784,0.30894161835085154,1.04,4.48,0.64,0.6232046212922366,0.6673559769718107,0.9642281887603162,1.3254810447531868,1.8106904760339355
2024-01-05 15:00:00,4018.04459435182,3.740704108582391,0.34784225318617434,3.374240539172729,0.28164441158835857,0.2904756300540877,0.03337663853655728,0.18027756377319948,0.0505,0.7366688536920778,0.7856436851397712,1.0890216526773009,1.4467447079564522,2.0828000384098324
2024-01-05 15:05:00,3897.446064225408,4.00713074450578,0.526487210917101,3.3047315887759714,0.2781389840305614,0.2918333731636771,1.04,4.48,0.64,0.7366688536920778,0.7856436851397712,1.0890216526773009,1.4467447079564522,2.0828000384098324
2024-01-05 15:10:00,4044.8517462990526,4.080514608607097,0.6554625474140227,3.162225027366217,0.2798931716881955,0.27711065024099857,1.04,4.48,0.64,0.7366688536920778,0.7856436851397712,1.0890216526773009,1.4467447079564522,2.0828000384098324
2024-01-05 15:15:00,3964.438786104426,3.2741516185418233,0.3773025076137624,2.8475005803469453,0.2816918710693504,0.2728265129309512,1.04,4.48,0.64,0.8741218450536516,0.9315556880831118,1.2496800230458995,1.6381410958766647,2.1717909660001813
2024-01-05 15:20:00,3937.6389163082245,3.2548590968697235,0.34084084987368685,2.9050144149413084,0.27648873338187696,0.28178873691828815,1.04,4.48,0.64,0.8741218450536516,0.9315556880831118,1.2496800230458995,1.6381410958766647,2.1717909660001813
2024-01-05 15:25:00,3562.795877445067,3.5051707903891542,0.3697373156875568,3.0931005678807764,0.28172353947418954,0.2794636482417719,1.04,4.48,0.64,0.8741218450536516,0.9315556880831118,1.2496800230458995,1.6381410958766647,2.1717909660001813
2024-01-05 15:30:00,3669.823380967131,3.3240497546855603,0.32570093922463184,3.008571022824296,0.2799549714479229,0.27834222947471843,0.03337663853655728,0.14554394525365869,0.033049205739321484,0.8224408793341926,0.8741218450536516,1.185421444044269,1.5747610136144468,2.0812006150297
2024-01-05 15:35:00,3415.740134477889,3.9875250830887237,0.39082913407525616,3.5318590995920562,0.2702079002951638,0.2880805345771194,1.04,4.48,0.64,0.8224408793341926,0.8741218450536516,1.185421444044269,1.5747610136144468,2.0812006150297
2024-01-05 15:40:00,3602.923596662352,5.280537908581978,0.801216371875176,4.122248351406733,0.27489570615069686,0.2933960833727458,1.04,4.48,0.64,0.8224408793341926,0.8741218450536516,1.185421444044269,1.5747610136144468,2.0812006150297
2024-01-05 15:45:00,3509.3059868974506,5.544192047149883,0.9303646128693801,4.1801049496054,0.278259445685684,0.28813984098947576,1.04,4.48,0.64,0.8724820915067542,0.9391618603840342,1.2728340661688782,1.8077710031970309,2.875865087238968
2024-01-05 15:50:00,3495.937118086036,4.3817856936959165,0.43119960509198674,3.8480935984283864,0.28180278661990665,0.28562912822539344,1.04,4.48,0.64,0.8724820915067542,0.9391618603840342,1.2728340661688782,1.8077710031970309,2.875865087238968
2024-01-05 15:55:00,3549.4228578832867,4.3856073297844125,0.3716181396804551,3.967837481120627,0.27177195274082105,0.28819920698446116,1.04,4.48,0.64,0.8724820915067542,0.9391618603840342,1.2728340661688782,1.8077710031970309,2.875865087238968
2024-01-05 16:00:00,3402.3803304337207,5.121419155434331,0.6133547698169749,4.269140702353385,0.27178539615449504,0.29084093690860713,0.037336309405188936,0.14913564295633688,0.03736308338453881,0.948491433804228,1.025195103382766,1.3877282731140128,1.8416466137671472,2.5025435061153285
2024-01-05 16:05:00,3469.2012694289024,5.249298443808943,0.4291286043270912,4.718201080512815,0.2717988275687859,0.29911132162696386,1.04,4.48,0.64,0.948491433804228,1.025195103382766,1.3877282731140128,1.8416466137671472,2.5025435061153285
2024-01-05 16:10:00,3415.7427856096556,5.532337535575931,0.3100002611430207,5.253010184604207,0.2718122782918093,0.30347959682092834,1.04,4.48,0.64,0.948491433804228,1.025195103382766,1.3877282731140128,1.8416466137671472,2.5025435061153285
2024-01-05 16:15:00,3482.567990702126,6.160915411470385,0.4127456826840381,5.6600922262077695,0.27031198507609905,0.3049892642962963,1.04,4.48,0.64,0.9604165762834375,1.0427008199862509,1.3907585843704147,1.894858899760085,2.601926978222102
2024-01-05 16:20:00,3429.1050598497322,5.501218539364045,0.35681270602886506,5.113319068641076,0.2718391907052814,0.29639584428646104,1.04,4.48,0.64,0.9604165762834375,1.0427008199862509,1.3907585843704147,1.894858899760085,2.601926978222102
2024-01-05 16:25:00,3335.588356893075,4.892555837951046,0.4107234003897535,4.396729331971623,0.26113857648195343,0.29367763652462353,1.04,4.48,0.64,0.9604165762834375,1.0427008199862509,1.3907585843704147,1.894858899760085,2.601926978222102
2024-01-05 16:30:00,3348.944881158727,4.764673571746803,0.5242539424538708,4.064001488283813,0.26610032580260823,0.29927537405271293,1.04,4.48,0.64,1.0629412025131024,1.1386522735233968,1.5213207945729263,2.068310965498177,2.951741181065847
2024-01-05 16:35:00,3348.944881158727,4.694916187585792,0.4107237964622203,4.199354628078434,0.27841033908796814,0.29374029806325186,1.04,4.48,0.64,1.0629412025131024,1.1386522735233968,1.5213207945729263,2.068310965498177,2.951741181065847
2024-01-05 16:40:00,3402.3803304337207,5.101677028402832,0.4312020455082587,4.5668718989035675,0.2784254595003849,0.3323667388148706,1.04,4.48,0.64,1.0629412025131024,1.1386522735233968,1.5213207945729263,2.068310965498177,2.951741181065847
2024-01-05 16:45:00,3375.6602339058077,5.264448327770739,0.32570266705093254,4.946483758030028,0.27508142273565656,0.3273384570572667,1.04,4.48,0.64,1.057650225736278,1.118033988749895,1.470448584616273,1.9473677105261862,2.614214222285542
2024-01-05 16:50:00,3442.469791068327,4.85745658079468,0.3012206193481086,4.6017381601811325,0.27675310705768486,0.31597737645439133,1.04,4.48,0.64,1.057650225736278,1.118033988749895,1.470448584616273,1.9473677105261862,2.614214222285542
2024-01-05 16:55:00,3616.3045650910567,4.388920461908519,0.27190727937780435,4.22637937858133,0.2719334678554199,0.4481802436702009,1.04,4.48,0.64,1.057650225736278,1.118033988749895,1.470448584616273,1.9473677105261862,2.614214222285542
2024-01-05 17:00:00,3375.6615591249697,4.1838635934038155,0.28530759227396785,3.9750467851317097,0.2802337260821235,0.36494472211038004,0.0462709412050371,0.14793836554457399,0.034481879299133336,1.1010726588195712,1.1665830446221992,1.545393619761645,1.999090042994562,2.656470590840411
2024-01-05 17:05:00,3495.9397705338897,3.9905380322036277,0.3408437001055388,3.639032979194118,0.26897288967167327,0.36877877578917484,1.04,4.48,0.64,1.1010726588195712,1.1665830446221992,1.545393619761645,1.999090042994562,2.656470590840411
2024-01-05 17:10:00,3282.178675637394,4.036866169460703,0.37540375013470806,3.6119543391666022,0.27354004200060517,0.33777788118882207,1.04,4.48,0.64,1.1010726588195712,1.1665830446221992,1.545393619761645,1.999090042994562,2.656470590840411
2024-01-05 17:15:00,3255.480851783375,4.056142010787505,0.37540393633551666,3.631192987841264,0.2751673279526426,0.2953621174329779,1.04,4.48,0.64,1.0278151584793835,1.0921726054063066,1.4426745163064327,2.0042876540057812,2.8255364092504633
2024-01-05 17:20:00,3242.1332530078257,3.596604328883974,0.29841064983965604,3.349836329333515,0.27518166617717904,0.2861500332990297,1.04,4.48,0.64,1.0278151584793835,1.0921726054063066,1.4426745163064327,2.0042876540057812,2.8255364092504633
2024-01-05 17:25:00,3188.7590594715703,3.6930050775942034,0.42294804591600493,3.1764826629269427,0.2704947163201297,0.2836945838335981,1.04,4.48,0.64,1.0278151584793835,1.0921726054063066,1.4426745163064327,2.0042876540057812,2.8255364092504633
2024-01-05 17:30:00,3202.0998791805996,3.708394020694527,0.39083373863425924,3.2534085064851905,0.26624121001751855,0.29006958521641457,0.047265209192385894,0.18027756377319948,0.05491812087098392,0.9340883255881106,0.9939220291350827,1.3188218378537715,1.718837979566428,2.2759841827218397
2024-01-05 17:35:00,3268.829772824393,3.692909699993562,0.2998085822438129,3.442147062560971,0.27052088227145404,0.29687794834331377,1.04,4.48,0.64,0.9340883255881106,0.9939220291350827,1.3188218378537715,1.718837979566428,2.2759841827218397
2024-01-05 17:40:00,3202.1025263070596,3.8318317468921888,0.35681519931751793,3.4458985630456302,0.2662647518526392,0.29552119807857785,1.04,4.48,0.64,0.9340883255881106,0.9939220291350827,1.3188218378537715,1.718837979566428,2.2759841827218397
2024-01-05 17:45:00,3202.1025263070596,3.8240606414765925,0.3306515582887517,3.495977931148796,0.2662765217160172,0.28021377189338553,1.04,4.48,0.64,0.9561511386804913,1.0129960513249794,1.3535797870831257,1.8479491334990796,2.575656032936075
2024-01-05 17:50:00,3162.08165806961,3.6503221960495833,0.3012215800654895,3.395765662266519,0.26628829545008903,0.2826187096144959,1.04,4.48,0.64,0.9561511386804913,1.0129960513249794,1.3535797870831257,1.8479491334990796,2.575656032936075
2024-01-05 17:55:00,3135.408704696767,4.810380657446783,1.073350584110928,3.225781799791283,0.269099388893859,0.27574027479825447,1.04,4.48,0.64,0.9561511386804913,1.0129960513249794,1.3535797870831257,1.8479491334990796,2.575656032936075
2024-01-05 18:00:00,3148.745112282811,3.932063084516951,0.46929740166040584,3.3300538831474547,0.2663118682778649,0.2791331761333426,0.04925444142409901,0.1874669037457012,0.05197114584074514,0.9433981132056605,1.0086505837008175,1.3366454129648595,1.8466879135360148,2.6071908253904237
2024-01-05 18:05:00,3122.0750998846192,3.989973338346299,0.5064511990704437,3.322280824351213,0.272122605599987,0.2839204529197071,1.04,4.48,0.64,0.9433981132056605,1.0086505837008175,1.3366454129648595,1.8466879135360148,2.6071908253904237
2024-01-05 18:10:00,3108.7429938890946,4.074949164546444,0.3391200553681045,3.727169325626999,0.27213614390412555,0.2851857162280222,1.04,4.48,0.64,0.9433981132056605,1.0086505837008175,1.3366454129648595,1.8466879135360148,2.6071908253904237
2024-01-05 18:15:00,3108.7429938890946,4.055577172423027,0.2719078584986353,3.893227960673175,0.2787132019957946,0.28037555511415757,1.04,4.48,0.64,0.9206133824793121,0.9904670615421798,1.3297007182069205,1.7766519777379024,2.4215647833580665
2024-01-05 18:20:00,3095.4124060766426,4.06712437715329,0.28289008099269075,3.8661272688587545,0.26503290855874545,0.289064041398136,1.04,4.48,0.64,0.9206133824793121,0.9904670615421798,1.3297007182069205,1.7766519777379024,2.4215647833580665
2024-01-05 18:25:00,3095.4124060766426,3.873882744067716,0.2805432803620796,3.6807765118882485,0.2663708612414129,0.27167245284244323,1.04,4.48,0.64,0.9206133824793121,0.9904670615421798,1.3297007182069205,1.7766519777379024,2.4215647833580665
2024-01-05 18:30:00,3082.08203389711,3.688524650992646,0.28054332566467516,3.4956011480493063,0.2691881665267164,0.28045658797709094,0.045276925690687087,0.16709949132178706,0.0417163037672323,1.0234495590892596,1.117139651073222,1.49321714428947,2.1276475271999353,3.1597632822728983
2024-01-05 18:35:00,3082.08203389711,3.7116318376317543,0.33065278347051524,3.383747593381749,0.26920086196162474,0.28048361568512875,1.04,4.48,0.64,1.0234495590892596,1.117139651073222,1.49321714428947,2.1276475271999353,3.1597632822728983
2024-01-05 18:40:00,3055.428628501352,3.541843758736535,0.3678722064182269,3.1335000205514096,0.26778495971806393,0.2697545469061875,1.04,4.48,0.64,1.0234495590892596,1.117139651073222,1.49321714428947,2.1276475271999353,3.1597632822728983
2024-01-05 18:45:00,3055.428628501352,3.0221569409504623,0.28289033797399854,2.822533190800593,0.26922629370987783,0.26977694123602236,1.04,4.48,0.64,0.8569807465748575,0.9332438052299089,1.2991522774486446,1.7754123464705318,2.558187639716837
2024-01-05 18:50:00,3055.428628501352,2.922283036016869,0.34608353212772697,2.5621842911840873,0.2664299509597818,0.2697993299535195,1.04,4.48,0.64,0.8569807465748575,0.9332438052299089,1.2991522774486446,1.7754123464705318,2.558187639716837
2024-01-05 18:55:00,3028.7802980591496,2.562272799159833,0.3604684613773824,2.1738590618860707,0.2664417887879257,0.2643686064728959,1.04,4.48,0.64,0.8569807465748575,0.9332438052299089,1.2991522774486446,1.7754123464705318,2.558187639716837
2024-01-05 19:00:00,3028.781619673937,2.432477140474292,0.4353677159361949,1.9019303303401103,0.2664536166848171,0.2612010907605709,0.05024937810560445,0.15153032699760138,0.03736308338453881,0.6767096866456102,0.7484978289881675,1.082081327812286,1.5391231269784753,2.1424518664371432
2024-01-05 19:05:00,3135.41267325274,2.657743053577568,0.3641541920007548,2.261032706581158,0.2707570727302613,0.26526182121938996,1.04,4.48,0.64,0.6767096866456102,0.7484978289881675,1.082081327812286,1.5391231269784753,2.1424518664371432
2024-01-05 19:10:00,3576.1765397628587,3.5107103298893794,0.337406643408674,3.167845433265711,0.2788803578982156,0.4603488638495273,1.04,4.48,0.64,0.6767096866456102,0.7484978289881675,1.082081327812286,1.5391231269784753,2.1424518664371432
2024-01-05 19:15:00,3870.653783362037,4.26768111790232,0.3792219110331545,3.83462356616849,0.28245574997930845,0.5992234229588331,1.04,4.48,0.64,0.6063406633238447,0.6647134721065913,0.9741080843520394,1.3676582175382854,1.8738505810229376
2024-01-05 19:20:00,3830.473940229915,4.325665520800415,0.5971423000603642,3.5025950293469754,0.27079654152298893,0.6634668065153905,1.04,4.48,0.64,0.6063406633238447,0.6647134721065913,0.9741080843520394,1.3676582175382854,1.8738505810229376
2024-01-05 19:25:00,3736.747575987386,4.182498252159604,0.6625540756651598,3.252120879843263,0.26390027591520676,0.5365788215981698,1.04,4.48,0.64,0.6063406633238447,0.6647134721065913,0.9741080843520394,1.3676582175382854,1.8738505810229376
2024-01-05 19:30:00,3736.747575987386,3.91189514412118,0.36974577493824345,3.4987978820921835,0.2665246928323723,0.5923367266035009,0.0422965719651132,0.16590165761679415,0.033049205739321484,0.6965809357138624,0.7756603638191139,1.1065464111369212,1.5794005983283657,2.2726425147831764
2024-01-05 19:35:00,3656.4452536895997,3.807567601190612,0.2890673385628609,3.58751022022862,0.4166666666666667,0.4869949106966885,1.04,4.48,0.64,0.6965809357138624,0.7756603638191139,1.1065464111369212,1.5794005983283657,2.2726425147831764
2024-01-05 19:40:00,3616.3072193512617,4.163027675221733,0.31000418704957494,3.8846580368147072,0.26654843424331454,0.40779053728153136,1.04,4.48,0.64,0.6965809357138624,0.7756603638191139,1.1065464111369212,1.5794005983283657,2.2726425147831764
2024-01-05 19:45:00,3562.802511138513,4.972111744388934,0.5879113318957933,4.162680433726463,0.26656031075085057,0.37210658589721385,1.04,4.48,0.64,0.9256570639281051,1.0225771364547518,1.3917692912260997,1.882134493068973,2.5791541249021934
2024-01-05 19:50:00,3482.5759474066563,4.49565997228279,0.37731260270357947,4.066117566319271,0.2679570571328428,0.34436568727273864,1.04,4.48,0.64,0.9256570639281051,1.0225771364547518,1.3917692912260997,1.882134493068973,2.5791541249021934
2024-01-05 19:55:00,3415.750739005228,4.344683591969111,0.30702095529572904,4.073862201596891,0.26796938041895857,0.30650285989805204,1.04,4.48,0.64,0.9256570639281051,1.0225771364547518,1.3917692912260997,1.882134493068973,2.5791541249021934
2024-01-05 20:00:00,3375.668185220955,4.654307060961105,0.39280022071505133,4.193603101310304,0.2665959357598114,0.30504614907114136,0.0462709412050371,0.16949525067092586,0.03736308338453881,0.9913304191842396,1.0975103644157536,1.5088090137588652,1.9900050879331943,2.7273202965548435
2024-01-05 20:05:00,3469.2092254869344,5.441050450918232,0.6933216412585498,4.456455802856535,0.2724485133930292,0.3158199983517384,1.04,4.48,0.64,0.9913304191842396,1.0975103644157536,1.5088090137588652,1.9900050879331943,2.7273202965548435
2024-01-05 20:10:00,3455.8422700763585,4.832390598923793,0.4250121372954472,4.30952994120117,0.2694428772957031,0.3761831369264477,1.04,4.48,0.64,0.9913304191842396,1.0975103644157536,1.5088090137588652,1.9900050879331943,2.7273202965548435
2024-01-05 20:15:00,3348.954156026391,4.735502753943984,0.3586411913344036,4.344354199187005,0.27094161122106064,0.2993293124929201,1.04,4.48,0.64,0.9715394999689926,1.0948406276714435,1.4890684873436817,2.1408991101871195,3.1047486210641924
2024-01-05 20:20:00,3308.8909325666527,4.929166468265186,0.43955021566350005,4.379076162226923,0.2757000554009943,0.27872508726978595,1.04,4.48,0.64,0.9715394999689926,1.0948406276714435,1.4890684873436817,2.1408991101871195,3.1047486210641924
2024-01-05 20:25:00,3255.4901204909984,4.398579207459806,0.33065546255574696,4.069696462886824,0.2666554064709741,0.27875145559060055,1.04,4.48,0.64,0.9715394999689926,1.0948406276714435,1.4890684873436817,2.1408991101871195,3.1047486210641924
2024-01-05 20:30:00,3268.8390424445292,4.3288793894867945,0.356820542135486,3.942092732688296,0.2666673177480667,0.2811081394702224,0.05124451190127583,0.15512266114272277,0.03881043674065006,0.9818477478713286,1.1225083518620251,1.5506423959120943,2.1901260808455754,3.0919385504889974
2024-01-05 20:35:00,3242.1438447608107,4.328833856292914,0.3568207202307468,3.942046839800495,0.2666792189985021,0.27766752954916823,1.04,4.48,0.64,0.9818477478713286,1.1225083518620251,1.5506423959120943,2.1901260808455754,3.0919385504889974
2024-01-05 20:40:00,3228.7975835803145,4.270754023824088,0.3928017608751667,3.8106434350858915,0.2666911241021231,0.2744004227317225,1.04,4.48,0.64,0.9818477478713286,1.1225083518620251,1.5506423959120943,2.1901260808455754,3.0919385504889974
2024-01-05 20:45:00,3215.454001419808,4.139216525808182,0.3947689862739905,3.675491533117053,0.2680928225600971,0.27771942249800985,1.04,4.48,0.64,0.9105608162006534,1.0444563178994133,1.468384745221769,2.0381795799192965,3.0791388406500935
2024-01-05 20:50:00,3188.769646868269,3.9536347729338304,0.3869413667438043,3.5057327613762608,0.26810518769064606,0.27133627192611015,1.04,4.48,0.64,0.9105608162006534,1.0444563178994133,1.468384745221769,2.0381795799192965,3.0791388406500935
2024-01-05 20:55:00,3188.770970292919,3.7759158205950696,0.3374093756706916,3.43248540889152,0.2774786015720025,0.27341535180885185,1.04,4.48,0.64,0.9105608162006534,1.0444563178994133,1.468384745221769,2.0381795799192965,3.0791388406500935
2024-01-05 21:00:00,3135.4192875129843,3.5752041779303845,0.27827125940832226,3.3901092617624102,0.26812992935387314,0.27038551914925346,0.05124451190127583,0.1539251766281267,0.03592005011132362,0.8448437725402254,0.974971281628336,1.399865707844863,1.9216870192619815,2.7308760499151186
2024-01-05 21:05:00,3135.4192875129843,3.4093898438994845,0.27091793712386714,3.251443413916973,0.4166666666666667,0.2704082117275472,1.04,4.48,0.64,0.8448437725402254,0.974971281628336,1.399865707844863,1.9216870192619815,2.7308760499151186
2024-01-05 21:10:00,3108.753574326207,3.232207023992704,0.29431309476950007,2.997604434764158,0.4166666666666667,0.27043092409740127,1.04,4.48,0.64,0.8448437725402254,0.974971281628336,1.399865707844863,1.9216870192619815,2.7308760499151186
2024-01-05 21:15:00,3095.421662897973,3.059104411958583,0.31151822520758815,2.7788706685393074,0.4166666666666667,0.27565364397102826,1.04,4.48,0.64,0.735934779718964,0.8586058467073236,1.2525614715454088,1.7655098413772718,2.5094772363980513
2024-01-05 21:20:00,3108.753574326207,2.832578201567642,0.3055516038919908,2.5683765881042153,0.4166666666666667,0.2714754228784153,1.04,4.48,0.64,0.735934779718964,0.8586058467073236,1.2525614715454088,1.7655098413772718,2.5094772363980513
2024-01-05 21:25:00,3082.093934142538,2.748221424899752,0.29981220567573047,2.49959734374205,0.4166666666666667,0.2714986535316365,1.04,4.48,0.64,0.735934779718964,0.8586058467073236,1.2525614715454088,1.7655098413772718,2.5094772363980513
2024-01-05 21:30:00,3068.7664408895425,2.7137071655480764,0.28779900656495494,2.4995593295625556,0.4166666666666667,0.2705218771314097,0.04130375285612677,0.11922013252802564,0.03020347662107791,0.6693466964137494,0.7933826315215126,1.1872809945417302,1.7655098413772718,2.6054358560517277
2024-01-05 21:35:00,3082.093934142538,2.7289737410319233,0.2998123572282923,2.480418973720248,0.4166666666666667,0.26414670095927095,1.04,4.48,0.64,0.6693466964137494,0.7933826315215126,1.1872809945417302,1.7655098413772718,2.6054358560517277
2024-01-05 21:40:00,3055.4405259283317,2.740412946517024,0.3100064157068499,2.4651012322154364,0.4166666666666667,0.2695875942774811,1.04,4.48,0.64,0.6693466964137494,0.7933826315215126,1.1872809945417302,1.7655098413772718,2.6054358560517277
2024-01-05 21:45:00,3068.7664408895425,2.912882223233799,0.3070229112831811,2.6445854552926367,0.4166666666666667,0.276908260341423,1.04,4.48,0.64,0.6440776350720463,0.7672835199585614,1.1395893997400994,1.6800297616411441,2.433566107587793
2024-01-05 21:50:00,3055.4405259283317,3.2356652011212814,0.3496292324209704,2.86667049355806,0.262977653281225,0.2716149818279108,1.04,4.48,0.64,0.6440776350720463,0.7672835199585614,1.1395893997400994,1.6800297616411441,2.433566107587793
2024-01-05 21:55:00,3055.4405259283317,3.8641628204840837,0.592534916157234,3.0507534119456485,0.4166666666666667,0.2747701934089902,1.04,4.48,0.64,0.6440776350720463,0.7672835199585614,1.1395893997400994,1.6800297616411441,2.433566107587793
2024-01-05 22:00:00,3042.1162099999087,3.343368035162382,0.4801328065694505,2.7246901033315725,0.4166666666666667,0.2696768590796446,0.03634556369077249,0.11204713293966964,0.02739069184960468,0.6310507111159926,0.7514792079625358,1.1468346698630976,1.6524346431856238,2.3822854572867627
2024-01-05 22:05:00,3042.1175317766433,2.449689289665969,0.28531106822456936,2.244114503234565,0.4166666666666667,0.2618474244525357,1.04,4.48,0.64,0.6310507111159926,0.7514792079625358,1.1468346698630976,1.6524346431856238,2.3822854572867627
2024-01-05 22:10:00,3042.1175317766433,2.3125382126910874,0.28289252234872514,2.1151625611249782,0.28301765469858225,0.4166666666666667,1.04,4.48,0.64,0.6310507111159926,0.7514792079625358,1.1468346698630976,1.6524346431856238,2.3822854572867627
2024-01-05 22:15:00,3028.794835822693,2.384801440673703,0.3070234473729121,2.118874574486886,0.27771735721935287,0.4166666666666667,1.04,4.48,0.64,0.6232046212922366,0.7388748202503588,1.1145112650843867,1.6133059226321582,2.5042763425788297
2024-01-05 22:20:00,3042.1175317766433,2.4838695742503636,0.30702353430655555,2.2173717300227285,0.2794611543029622,0.4166666666666667,1.04,4.48,0.64,0.6232046212922366,0.7388748202503588,1.1145112650843867,1.6133059226321582,2.5042763425788297
2024-01-05 22:25:00,3028.794835822693,2.3085849572692623,0.27939957175422,2.1225867943288717,0.26694221628379583,0.4166666666666667,1.04,4.48,0.64,0.6232046212922366,0.7388748202503588,1.1145112650843867,1.6133059226321582,2.5042763425788297
2024-01-05 22:30:00,3028.796157437657,2.3009296438773528,0.2699477283058669,2.149057316660641,0.26430810026424584,0.4166666666666667,0.03634556369077249,0.1108519733698954,0.026000000000000002,0.6063406633238447,0.725,1.135078851886511,1.6620036853148068,2.6317971046416173
2024-01-05 22:35:00,3028.796157437657,2.3198943861971277,0.2877997979490014,2.107338013351054,0.26431920027357353,0.4166666666666667,1.04,4.48,0.64,0.6063406633238447,0.725,1.135078851886511,1.6620036853148068,2.6317971046416173
2024-01-05 22:40:00,3015.4751029277118,2.240034154569976,0.2903562139014262,2.0203629614923995,0.26697822522778974,0.4166666666666667,1.04,4.48,0.64,0.6063406633238447,0.725,1.135078851886511,1.6620036853148068,2.6317971046416173
2024-01-05 22:45:00,3015.4751029277118,2.0279328392526543,0.2828928961514964,1.8322458639004786,0.26434141216369417,0.4166666666666667,1.04,4.48,0.64,0.6001866376386599,0.7213875518748574,1.1404931564897705,1.6003906554338538,2.2178196500166556
2024-01-05 22:50:00,3002.1543905908693,1.9487097501678532,0.2782722788527928,1.7685850464154171,0.26565180398309196,0.4166666666666667,1.04,4.48,0.64,0.6001866376386599,0.7213875518748574,1.1404931564897705,1.6003906554338538,2.2178196500166556
2024-01-05 22:55:00,3002.155711875776,1.944894948516686,0.27716358614346337,1.768536648786586,0.2670142687878608,0.4166666666666667,1.04,4.48,0.64,0.6001866376386599,0.7213875518748574,1.1404931564897705,1.6003906554338538,2.2178196500166556
2024-01-05 23:00:00,3002.1570331606995,1.850902642194455,0.29981367987625224,1.6084950128014084,0.2684280427133905,0.4166666666666667,0.03337663853655728,0.10726714315203886,0.02739069184960468,0.5893589738011971,0.6972775630980822,1.0649112639088762,1.6464701637138768,2.4576321937995522
2024-01-05 23:05:00,2988.8393276374177,1.865858706402658,0.307024331200544,1.604736791797143,0.26568652649679586,0.26284899335020495,1.04,4.48,0.64,0.5893589738011971,0.6972775630980822,1.0649112639088762,1.6464701637138768,2.4576321937995522
2024-01-05 23:10:00,2988.8393276374177,1.790872123535933,0.2916597329746142,1.571424851487929,0.4166666666666667,0.4166666666666667,1.04,4.48,0.64,0.5893589738011971,0.6972775630980822,1.0649112639088762,1.6464701637138768,2.4576321937995522
2024-01-05 23:15:00,2988.8393276374177,1.817021001544548,0.2771637693429327,1.6417236654761322,0.263158490049159,0.4166666666666667,1.04,4.48,0.64,0.5862047423895512,0.6917253790341945,1.052209104693549,1.6381410958766647,2.4352823244954576
2024-01-05 23:20:00,3002.1570331606995,1.7870312412787446,0.4166666666666667,1.6937256570733632,0.26707442763286476,0.4166666666666667,1.04,4.48,0.64,0.5862047423895512,0.6917253790341945,1.052209104693549,1.6381410958766647,2.4352823244954576
2024-01-05 23:25:00,3002.1570331606995,1.7907206316681565,0.4166666666666667,1.6453432502294456,0.2670864737421555,0.4166666666666667,1.04,4.48,0.64,0.5862047423895512,0.6917253790341945,1.052209104693549,1.6381410958766647,2.4352823244954576
2024-01-05 23:30:00,3015.4777458298186,1.8431000088889742,0.4166666666666667,1.7196870471304777,0.267098523695989,0.4166666666666667,0.03337663853655728,0.09293955024638326,0.023259406699226014,0.5862047423895512,0.6924167820034405,1.0717478061559071,1.5736025546496801,2.4404335680366307
2024-01-05 23:35:00,3015.4790672808963,1.831804125577343,0.27607422782033963,1.6600863565929922,0.2632012192068472,0.4166666666666667,1.04,4.48,0.64,0.5862047423895512,0.6924167820034405,1.0717478061559071,1.5736025546496801,2.4404335680366307
2024-01-05 23:40:00,3015.4790672808963,1.7382690118274864,0.4166666666666667,1.5970225200384864,0.4166666666666667,0.4166666666666667,1.04,4.48,0.64,0.5862047423895512,0.6924167820034405,1.0717478061559071,1.5736025546496801,2.4404335680366307
2024-01-05 23:45:00,3015.4790672808963,1.6935022417344998,0.4166666666666667,1.5637178900324136,0.2671346825596322,0.4166666666666667,1.04,4.48,0.64,0.5862047423895512,0.687592902813867,1.0454982352926283,1.4806971331099417,2.0557052317878655
2024-01-05 23:50:00,3015.4790672808963,1.6860098844967617,0.4166666666666667,1.55997848038085,0.2620330264842233,0.4166666666666667,1.04,4.48,0.64,0.5862047423895512,0.687592902813867,1.0454982352926283,1.4806971331099417,2.0557052317878655
2024-01-05 23:55:00,3015.4790672808963,1.719473295955428,0.28171103740509335,1.530423043551892,0.26580253063875997,0.4166666666666667,1.04,4.48,0.64,0.5862047423895512,0.687592902813867,1.0454982352926283,1.4806971331099417,2.0557052317878655
2024-01-06 00:15:00,3028.802765512721,2.398837208708503,0.36788374225315923,1.996719503189638,0.4166666666666667,0.4166666666666667,1.04,4.48,0.64,0.5810473302580436,0.6848532689562049,1.0632088035752902,1.4413341042242773,1.951026396541062
2024-01-06 00:20:00,3028.802765512721,2.3911675563552786,0.5042631455522053,1.7414053952395192,0.2658606788068307,0.2674485426373942,1.04,4.48,0.64,0.5810473302580436,0.6848532689562049,1.0632088035752902,1.4413341042242773,1.951026396541062
2024-01-06 00:25:00,3028.802765512721,1.8163147862509288,0.3208707163750674,1.522731269337042,0.4166666666666667,0.4166666666666667,1.04,4.48,0.64,0.5810473302580436,0.6848532689562049,1.0632088035752902,1.4413341042242773,1.951026396541062
2024-01-06 00:30:00,3068.777017642051,1.7452273777068659,0.2943159134418132,1.519021340791725,0.4166666666666667,0.4166666666666667,0.035355339059327376,0.10368336414295207,0.026000000000000002,0.5815573918367817,0.6760362416320592,1.0264602476472238,1.5254848409604076,2.2759841827218397
2024-01-06 00:35:00,3042.126784214235,1.700443150805736,0.28780125708087667,1.4932547547769688,0.4166666666666667,0.2631818649242717,1.04,4.48,0.64,0.5815573918367817,0.6760362416320592,1.0264602476472238,1.5254848409604076,2.2759841827218397
2024-01-06 00:40:00,3042.128105991097,1.6223816788428063,0.2771645236992573,1.4492516902661101,0.26459799840793463,0.4166666666666667,1.04,4.48,0.64,0.5815573918367817,0.6760362416320592,1.0264602476472238,1.5254848409604076,2.2759841827218397
2024-01-06 00:45:00,3028.80540874286,1.6038123778495377,0.2771645668056037,1.4309352792711374,0.26869071484249923,0.4166666666666667,1.04,4.48,0.64,0.6485129142892992,0.7871873982731178,1.2050420075665413,1.8115215289915823,2.670599183703912
2024-01-06 00:50:00,3028.80540874286,1.6259867244769861,0.27191071493899605,1.47111670121045,0.2701641972081682,0.4166666666666667,1.04,4.48,0.64,0.6485129142892992,0.7871873982731178,1.2050420075665413,1.8115215289915823,2.670599183703912
2024-01-06 00:55:00,3042.128105991097,1.5556737164154408,0.4166666666666667,1.4308494326435273,0.261013347295245,0.4166666666666667,1.04,4.48,0.64,0.6485129142892992,0.7871873982731178,1.2050420075665413,1.8115215289915823,2.670599183703912
2024-01-06 01:00:00,3042.128105991097,1.507755958948354,0.27091956246707327,1.3580658211690575,0.2659539291491823,0.4166666666666667,0.03337663853655728,0.0917466075667106,0.020591260281974,0.6660330322138686,0.8176851472296657,1.2660568707605515,1.7605683741337625,2.4438698819699876
2024-01-06 01:05:00,3042.128105991097,1.427136012153822,0.4166666666666667,1.2930834008806609,0.4166666666666667,0.2624926105997733,1.04,4.48,0.64,0.6660330322138686,0.8176851472296657,1.2660568707605515,1.7605683741337625,2.4438698819699876
2024-01-06 01:10:00,3042.1294277679754,1.4490012955698335,0.4166666666666667,1.3362733611422821,0.2673402869169987,0.4166666666666667,1.04,4.48,0.64,0.6660330322138686,0.8176851472296657,1.2660568707605515,1.7605683741337625,2.4438698819699876
2024-01-06 01:15:00,3028.8067303579533,1.6220288154299922,0.3085116333156665,1.361508941259997,0.27174090133633777,0.26587449537458757,1.04,4.48,0.64,0.6378212915856604,0.7871873982731178,1.2097440390429703,1.7965400774822697,2.6635322412165388
2024-01-06 01:20:00,3028.8067303579533,1.7074371473376142,0.3391315067852937,1.3759452491320354,0.26106246988996856,0.26254708870065435,1.04,4.48,0.64,0.6378212915856604,0.7871873982731178,1.2097440390429703,1.7965400774822697,2.6635322412165388
2024-01-06 01:25:00,3015.485674536533,1.6108144599475722,0.29431669056470444,1.3868200553962726,0.26469897815035687,0.4166666666666667,1.04,4.48,0.64,0.6378212915856604,0.7871873982731178,1.2097440390429703,1.7965400774822697,2.6635322412165388
2024-01-06 01:30:00,3015.4869959877087,1.6107639847868276,0.28907178704908093,1.4013201624710816,0.4166666666666667,0.4166666666666667,0.032388269481403296,0.08101950382469643,0.018027756377319945,0.6190516941257814,0.7537214339528895,1.1541143097631186,1.7853405837542593,2.7700693132122165
2024-01-06 01:35:00,3015.4869959877087,1.6255334582023118,0.2853134617806113,1.426780904786391,0.4166666666666667,0.2618205526687865,1.04,4.48,0.64,0.6190516941257814,0.7537214339528895,1.1541143097631186,1.7853405837542593,2.7700693132122165
2024-01-06 01:40:00,2962.219630801238,1.6180715568715782,0.2719110781407603,1.4632931328519139,0.26110185090145904,0.4166666666666667,1.04,4.48,0.64,0.6190516941257814,0.7537214339528895,1.1541143097631186,1.7853405837542593,2.7700693132122165
2024-01-06 01:45:00,3002.166282155626,1.6180210576320884,0.2771650948607211,1.4449476733244373,0.4166666666666667,0.4166666666666667,1.04,4.48,0.64,0.6202330207268878,0.7514792079625358,1.153202497395839,1.6050795151642798,2.286021872161332
2024-01-06 01:50:00,3002.1689247257555,1.569884158792878,0.2771651379674552,1.397493212166147,0.4166666666666667,0.4166666666666667,1.04,4.48,0.64,0.6202330207268878,0.7514792079625358,1.153202497395839,1.6050795151642798,2.286021872161332
2024-01-06 01:55:00,3002.1689247257555,1.5920077676650861,0.28054775412956995,1.4083597876162182,0.4166666666666667,0.4166666666666667,1.04,4.48,0.64,0.6202330207268878,0.7514792079625358,1.153202497395839,1.6050795151642798,2.286021872161332
2024-01-06 02:00:00,3002.1689247257555,1.6884192928030064,0.29035879087698935,1.4740663288940385,0.4166666666666667,0.4166666666666667,0.031400636936215164,0.08221046162137761,0.01929378138157474,0.6109017924347578,0.7374035530155791,1.1441136307203057,1.5585956018159426,2.1084838154465406
2024-01-06 02:05:00,3002.1689247257555,1.9241611973439883,0.30702753330651117,1.6622715637155285,0.4166666666666667,0.4166666666666667,1.04,4.48,0.64,0.6109017924347578,0.7374035530155791,1.1441136307203057,1.5585956018159426,2.1084838154465406
2024-01-06 02:10:00,3002.1689247257555,2.0938901335965694,0.30555664104198305,1.8339171729485892,0.4166666666666667,0.26118306796710244,1.04,4.48,0.64,0.6109017924347578,0.7374035530155791,1.1441136307203057,1.5585956018159426,2.1084838154465406
2024-01-06 02:15:00,3002.1689247257555,2.161998837917414,0.3374177570105382,1.8263523133562378,0.4166666666666667,0.4166666666666667,1.04,4.48,0.64,0.6137882370981054,0.7477539702335253,1.1614276731678128,1.6848548898940823,2.426705585768492
2024-01-06 02:20:00,3002.17156729595,2.0710988121291956,0.34259456971518293,1.72537388320557,0.4166666666666667,0.4166666666666667,1.04,4.48,0.64,0.6137882370981054,0.7477539702335253,1.1614276731678128,1.6848548898940823,2.426705585768492
2024-01-06 02:25:00,3002.17156729595,1.9126764792670914,0.3012298787182277,1.6657912506974484,0.4166666666666667,0.4166666666666667,1.04,4.48,0.64,0.6137882370981054,0.7477539702335253,1.1614276731678128,1.6848548898940823,2.426705585768492
2024-01-06 02:30:00,3015.490960341336,1.8337850056734253,0.30122996226428445,1.5878929196798466,0.4166666666666667,0.4166666666666667,0.03337663853655728,0.08578484714680093,0.01929378138157474,0.6316613016482805,0.7703220105903764,1.1844923976117363,1.8240477652737057,2.820156733233102
2024-01-06 02:35:00,3015.490960341336,1.7290432506307563,0.2840959009799718,1.5325030328609797,0.4166666666666667,0.4166666666666667,1.04,4.48,0.64,0.6316613016482805,0.7703220105903764,1.1844923976117363,1.8240477652737057,2.820156733233102
2024-01-06 02:40:00,3015.490960341336,1.6880161207097344,0.2750052870787949,1.5214178919047519,0.26122039858662477,0.4166666666666667,1.04,4.48,0.64,0.6316613016482805,0.7703220105903764,1.1844923976117363,1.8240477652737057,2.820156733233102
2024-01-06 02:45:00,3015.490960341336,1.7401335033917273,0.4166666666666667,1.6025687211111233,0.4166666666666667,0.4166666666666667,1.04,4.48,0.64,0.6706780151458671,0.80508446761815,1.2069214390340408,1.7298359026219798,2.424991546377018
2024-01-06 02:50:00,3015.490960341336,1.7774328456938984,0.4166666666666667,1.6618584716209777,0.4166666666666667,0.4166666666666667,1.04,4.48,0.64,0.6706780151458671,0.80508446761815,1.2069214390340408,1.7298359026219798,2.424991546377018
2024-01-06 02:55:00,3015.492281792578,1.8035675145355663,0.4166666666666667,1.691556979562099,0.4166666666666667,0.4166666666666667,1.04,4.48,0.64,0.6706780151458671,0.80508446761815,1.2069214390340408,1.7298359026219798,2.424991546377018
2024-01-06 03:00:00,3028.8146600488553,1.863486509070511,0.4166666666666667,1.736218218817483,0.4166666666666667,0.4166666666666667,0.0304138126514911,0.08697677851012878,0.020591260281974,0.7802570089400032,0.9273408219203985,1.3555783415206957,1.8529975715040752,2.714884896270927
2024-01-06 03:05:00,3055.4616769127774,2.021535946316691,0.2853144841740304,1.8183927923098122,0.4166666666666667,0.2621408355976985,1.04,4.48,0.64,0.7802570089400032,0.9273408219203985,1.3555783415206957,1.8529975715040752,2.714884896270927
2024-01-06 03:10:00,3068.7875943955532,2.115991585688163,0.2817130507935859,1.9234569215209356,0.4166666666666667,0.4166666666666667,1.04,4.48,0.64,0.7802570089400032,0.9273408219203985,1.3555783415206957,1.8529975715040752,2.714884896270927
2024-01-06 03:15:00,3068.7875943955532,2.1235125245969027,0.4166666666666667,2.010084038395979,0.4166666666666667,0.4166666666666667,1.04,4.48,0.64,0.7522260298607062,0.893913306758547,1.302093452867343,1.8542605669107024,2.656470590840411
2024-01-06 03:20:00,3055.4616769127774,2.214442011805441,0.2760761550179592,2.0402201843293826,0.2649585325643331,0.2663849338793185,1.04,4.48,0.64,0.7522260298607062,0.893913306758547,1.302093452867343,1.8542605669107024,2.656470590840411
2024-01-06 03:25:00,3055.4643207861163,2.324593204977642,0.29841990404825613,2.0817271248360387,0.26629410818299604,0.4166666666666667,1.04,4.48,0.64,0.7522260298607062,0.893913306758547,1.302093452867343,1.8542605669107024,2.656470590840411
2024-01-06 03:30:00,3068.7889164898115,2.351182431448418,0.2865504618453523,2.142245864384566,0.2637081013659326,0.4166666666666667,0.03337663853655728,0.118024404256069,0.021914607000811125,0.8304029142530751,0.9878785350436561,1.4242670536103823,2.0893516338807117,3.288808902931273
2024-01-06 03:35:00,3028.8159816640627,2.111954093935909,0.27607628208808804,1.9382617968803608,0.26132959742686657,0.26304247699641514,1.04,4.48,0.64,0.8304029142530751,0.9878785350436561,1.4242670536103823,2.0893516338807117,3.288808902931273
2024-01-06 03:40:00,3082.1177346371187,1.9759198189707772,0.4166666666666667,1.8330437379041538,0.267705883122231,0.4166666666666667,1.04,4.48,0.64,0.8304029142530751,0.9878785350436561,1.4242670536103823,2.0893516338807117,3.288808902931273
2024-01-06 03:45:00,3108.7773803132063,2.123210691637161,0.2878035571145881,1.9118175163394742,0.4166666666666667,0.4166666666666667,1.04,4.48,0.64,0.8464567325032037,0.980987257817348,1.3907585843704147,1.9063391618492236,2.704238155192697
2024-01-06 03:50:00,3108.7773803132063,2.5416569028754856,0.4067250004737691,2.0625163726999443,0.2650265904270325,0.4166666666666667,1.04,4.48,0.64,0.8464567325032037,0.980987257817348,1.3907585843704147,1.9063391618492236,2.704238155192697
2024-01-06 03:55:00,3108.7773803132063,2.890045102810931,0.3869579413185138,2.4460815440795107,0.26636489837939337,0.2631166238232465,1.04,4.48,0.64,0.8464567325032037,0.980987257817348,1.3907585843704147,1.9063391618492236,2.704238155192697
2024-01-06 04:00:00,3122.112135608747,2.901507941444613,0.3323386375080464,2.572043648723479,0.269183092362699,0.4166666666666667,0.034365680554879166,0.16111064521005433,0.020591260281974,0.8066529613160792,0.9222933372848359,1.2815758424689503,1.764273859127318,2.4524681445433703
2024-01-06 04:05:00,5535.759223727271,2.1495225636141426,0.29431894293396604,1.9191333740642351,0.2721998653349363,0.4126066388479839,1.04,4.48,0.64,0.8066529613160792,0.9222933372848359,1.2815758424689503,1.764273859127318,2.4524681445433703
2024-01-06 04:10:00,13950.658030108294,1.754207096784384,0.29166373111700505,1.5352308919426945,0.26507204975941845,5.020546784907222,1.04,4.48,0.64,0.8066529613160792,0.9222933372848359,1.2815758424689503,1.764273859127318,2.4524681445433703
2024-01-06 04:15:00,17312.223038420034,1.8027600698521802,0.2805491359564075,1.6164661881402458,0.26779169484588106,12.065450068197624,1.04,4.48,0.64,0.7695615634892377,0.8610464563541274,1.2003515485056866,1.6215585866690108,2.1881764097074075
2024-01-06 04:20:00,10225.90145603581,1.7765244945832255,0.28171376412116167,1.5868060273685862,0.26923392024513626,2.8056491893814095,1.04,4.48,0.64,0.7695615634892377,0.8610464563541274,1.2003515485056866,1.6215585866690108,2.1881764097074075
2024-01-06 04:25:00,8917.486916451511,1.6572157987565541,0.2760767056571088,1.4872984788741772,0.4166666666666667,2.3416654482491728,1.04,4.48,0.64,0.7695615634892377,0.8610464563541274,1.2003515485056866,1.6215585866690108,2.1881764097074075
2024-01-06 04:30:00,6599.171693983351,1.7876415104465855,0.2890740301656522,1.5756124051093765,0.26383896263067275,1.1892334922456238,0.03832753579347361,0.17668321935033898,0.0475631159618459,0.7308139298070337,0.8090092706514557,1.1314803754374179,1.5175711680181592,2.0367042004179203
2024-01-06 04:35:00,10010.040960135404,1.8362714554863508,0.30703019936341724,1.5755513427517798,0.4166666666666667,1.0202663576581361,1.04,4.48,0.64,0.7308139298070337,0.8090092706514557,1.1314803754374179,1.5175711680181592,2.0367042004179203
2024-01-06 04:40:00,9038.859034378786,1.6570642928328574,0.30851536285729636,1.3957830690307815,0.26647135886781986,1.579035659914066,1.04,4.48,0.64,0.7308139298070337,0.8090092706514557,1.1314803754374179,1.5175711680181592,2.0367042004179203
2024-01-06 04:45:00,6666.5128560429985,1.6793149805675749,0.27716670060631926,1.5054576147774135,0.27077884926356505,0.5984516059836605,1.04,4.48,0.64,0.687592902813867,0.7941593039183008,1.1687741270236949,1.6286528942656873,2.227742354941433
2024-01-06 04:50:00,5777.9301190200795,1.8136388644902168,0.28054948708052346,1.6272339506061186,0.26265451880271806,0.47501799604612416,1.04,4.48,0.64,0.687592902813867,0.7941593039183008,1.1687741270236949,1.6286528942656873,2.227742354941433
2024-01-06 04:55:00,5051.667803733611,2.2552556629317304,0.31459195005954427,1.9713301116084365,0.4166666666666667,0.3262941777568553,1.04,4.48,0.64,0.687592902813867,0.7941593039183008,1.1687741270236949,1.6286528942656873,2.227742354941433
2024-01-06 05:00:00,7124.546074002379,2.5027720664745,0.30851572850327363,2.2323572336159576,0.261499342364079,0.3280036287686676,0.034365680554879166,0.14075567484119422,0.04317406628984581,0.6686822862914794,0.7619875327064085,1.1030219580769913,1.5840493205705433,2.257631502260721
2024-01-06 05:05:00,7232.339880859755,2.2133866499347237,0.2890744813014801,1.997637586980735,0.2639155630246837,0.39487116481154017,1.04,4.48,0.64,0.6686822862914794,0.7619875327064085,1.1030219580769913,1.5840493205705433,2.257631502260721
2024-01-06 05:10:00,6612.633466493813,2.11099693625357,0.2853159155451662,1.90720549792287,0.26520879142424264,0.33488429032212214,1.04,4.48,0.64,0.6686822862914794,0.7619875327064085,1.1030219580769913,1.5840493205705433,2.257631502260721
2024-01-06 05:15:00,9119.76319181102,1.9674236099686062,0.28171432788478845,1.775926912995464,0.4166666666666667,0.38699779024904085,1.04,4.48,0.64,0.6848532689562049,0.7856436851397712,1.1278908457825163,1.570130647430334,2.1570961962786916
2024-01-06 05:20:00,7367.091950357971,1.6492341364222738,0.27092136098893627,1.4977652922102302,0.4166666666666667,0.4258062409325661,1.04,4.48,0.64,0.6848532689562049,0.7856436851397712,1.1278908457825163,1.570130647430334,2.1570961962786916
2024-01-06 05:25:00,6249.0385946329025,2.0238985830203418,0.2828971599639652,1.8282276542952927,0.4166666666666667,0.3527776653262824,1.04,4.48,0.64,0.6848532689562049,0.7856436851397712,1.1278908457825163,1.570130647430334,2.1570961962786916
2024-01-06 05:30:00,5804.83697576014,3.489304087384141,0.8790996704911594,2.220455575332722,0.2665900327938397,0.33504375895137223,0.03337663853655728,0.12878881939050457,0.03162277660168379,0.6601219584288951,0.7507329751649383,1.0881519011608627,1.5266179122491652,2.2327113561766105
2024-01-06 05:35:00,5912.500302401796,8.10108595282987,3.190057102186791,3.257044669364905,0.28446514586185073,0.35469514920056355,1.04,4.48,0.64,0.6601219584288951,0.7507329751649383,1.0881519011608627,1.5266179122491652,2.2327113561766105
2024-01-06 05:40:00,6397.149805654641,4.955092794704335,1.4928070563053766,2.723689888601898,0.4166666666666667,0.33340394586223826,1.04,4.48,0.64,0.6601219584288951,0.7507329751649383,1.0881519011608627,1.5266179122491652,2.2327113561766105
2024-01-06 05:45:00,8324.139656165955,3.4351857407910718,0.6041407916700954,2.6053044575373603,0.2652888193398949,0.6251228273613119,1.04,4.48,0.64,0.6640549676043392,0.7470107094279171,1.0898920313498948,1.537983176110844,2.1149316773834563
2024-01-06 05:50:00,6370.215725137486,2.9887310552884867,0.3889092641807423,2.5403659310164057,0.26802558717669966,0.4559643344842946,1.04,4.48,0.64,0.6640549676043392,0.7470107094279171,1.0898920313498948,1.537983176110844,2.1149316773834563
2024-01-06 05:55:00,7906.208499663622,2.7584886497850065,0.34786814752724093,2.39535612954753,0.4166666666666667,0.7530826837699434,1.04,4.48,0.64,0.6640549676043392,0.7470107094279171,1.0898920313498948,1.537983176110844,2.1149316773834563
2024-01-06 06:00:00,10050.469355035932,3.050109057738052,0.5445634309836551,2.3228880774233494,0.4166666666666667,1.0564871952256698,0.03832753579347361,0.13955873315561443,0.03020347662107791,0.685537015776683,0.7688016649305593,1.1083122303755382,1.5840493205705433,2.2526375651666646
2024-01-06 06:05:00,14031.555721617307,3.027001870919806,0.6204124853902,2.174672908576749,0.2666733303836373,1.887688720208584,1.04,4.48,0.64,0.685537015776683,0.7688016649305593,1.1083122303755382,1.5840493205705433,2.2526375651666646
2024-01-06 06:10:00,12654.786183681397,2.7851649732909123,0.44588465412383127,2.231600632838009,0.26807500213415864,2.50020686517181,1.04,4.48,0.64,0.685537015776683,0.7688016649305593,1.1083122303755382,1.5840493205705433,2.2526375651666646
2024-01-06 06:15:00,10940.921209215212,3.48115752044684,0.6250776009075051,2.6164769828356476,0.26808737619135553,2.435840958887723,1.04,4.48,0.64,0.6740207711932918,0.7522260298607062,1.0890216526773009,1.507442867905779,2.050945147974465
2024-01-06 06:20:00,14423.009112867678,4.226643730641164,1.0215555458641001,2.7272918674894293,0.27256742706670367,3.584572542484808,1.04,4.48,0.64,0.6740207711932918,0.7522260298607062,1.0890216526773009,1.507442867905779,2.050945147974465
2024-01-06 06:25:00,24050.13123857046,4.03708981410777,1.0784346328306593,2.451998932705877,0.2757987799546757,6.0421267354513715,1.04,4.48,0.64,0.6740207711932918,0.7522260298607062,1.0890216526773009,1.507442867905779,2.050945147974465
2024-01-06 06:30:00,20390.62658950483,3.427041517809113,0.7892412126224733,2.299690125178174,0.2710561874702519,7.709413552202334,0.0462709412050371,0.23421357774475843,0.07566372975210778,0.7741324176134211,0.8790500554575946,1.2239182325629439,1.6369532675064369,2.387395233303443
2024-01-06 06:35:00,22659.195395890718,3.1882116942447567,0.4607530657147098,2.604866482651643,0.26813686724454505,7.846720816528237,1.04,4.48,0.64,0.7741324176134211,0.8790500554575946,1.2239182325629439,1.6369532675064369,2.387395233303443
2024-01-06 06:40:00,16474.98300913346,2.9152817350040037,0.3257218820051296,2.6010463886566253,0.4166666666666667,7.279770234307815,1.04,4.48,0.64,0.7741324176134211,0.8790500554575946,1.2239182325629439,1.6369532675064369,2.387395233303443
2024-01-06 06:45:00,13019.178343253234,3.4693007478898035,0.6697010665405794,2.532088529879384,0.2667687752000613,3.2361260585806915,1.04,4.48,0.64,0.8328000960614739,0.9005559394063204,1.2012887080131902,1.7778920102188434,2.672366741298806
2024-01-06 06:50:00,11521.130463215039,6.316540330823893,1.923469546966789,3.41472357925242,0.2866079187694801,1.401894833210065,1.04,4.48,0.64,0.8328000960614739,0.9005559394063204,1.2012887080131902,1.7778920102188434,2.672366741298806
2024-01-06 06:55:00,9038.801502603734,3.9749544673545074,0.842564551331384,2.7576580681176246,0.279291371739558,1.1580938108747538,1.04,4.48,0.64,0.8328000960614739,0.9005559394063204,1.2012887080131902,1.7778920102188434,2.672366741298806
2024-01-06 07:00:00,6706.890277407267,3.0610509260214274,0.402728414038034,2.5855258391424334,0.262928438766908,0.5440391899246557,0.045276925690687087,0.2617910617267137,0.11294356998076516,0.7634978716407794,0.80508446761815,1.0760420809615208,1.6440878930276204,2.526839132196587
2024-01-06 07:05:00,6828.121472294387,2.868984841911124,0.3374253507232292,2.528187359572233,0.26821123954391957,0.7003764914647049,1.04,4.48,0.64,0.7634978716407794,0.80508446761815,1.0760420809615208,1.6440878930276204,2.526839132196587
2024-01-06 07:10:00,6855.063632968942,3.034048504997149,0.37165008963384766,2.6198511048719344,0.2682236410049739,0.5836151286348071,1.04,4.48,0.64,0.7634978716407794,0.80508446761815,1.0760420809615208,1.6440878930276204,2.526839132196587
2024-01-06 07:15:00,7030.1971818857,4.102349095080435,0.6320916894652406,3.222289369803347,0.2682360462618798,0.5032371137064118,1.04,4.48,0.64,0.7149272690281159,0.7300849265667659,0.9950959752707274,1.3433573612408576,1.8208448588498694
2024-01-06 07:20:00,8445.451997828339,4.6558072316793995,0.6910174096621375,3.677105199578988,0.2776408095428152,0.4987994113939296,1.04,4.48,0.64,0.7149272690281159,0.7300849265667659,0.9950959752707274,1.3433573612408576,1.8208448588498694
2024-01-06 07:25:00,7879.218940189956,4.086785349718731,0.4501144730453273,3.518934805491514,0.26686446694732263,0.5744324538906908,1.04,4.48,0.64,0.7149272690281159,0.7300849265667659,0.9950959752707274,1.3433573612408576,1.8208448588498694
2024-01-06 07:30:00,7838.77809573199,3.8896036806898175,0.3678985744970199,3.4803581917734645,0.4166666666666667,0.8057080978163881,1.04,4.48,0.64,0.7552191734854194,0.7756603638191139,1.0396634070698074,1.4220130097857755,1.954099280998793
2024-01-06 07:35:00,8553.31709955293,3.6964440006723125,0.3496464201711406,3.326159017481845,0.4166666666666667,0.8725323222007437,1.04,4.48,0.64,0.7552191734854194,0.7756603638191139,1.0396634070698074,1.4220130097857755,1.954099280998793
2024-01-06 07:40:00,8957.86478385916,3.3146226948110296,0.33914160937491433,2.9683808097911553,0.2697456350420661,0.8502789785907185,1.04,4.48,0.64,0.7552191734854194,0.7756603638191139,1.0396634070698074,1.4220130097857755,1.954099280998793
2024-01-06 07:45:00,9632.238986509778,3.229862625461223,0.33742639005549624,2.8877128681324598,0.4166666666666667,0.9049691433029761,1.04,4.48,0.64,0.7597262664933996,0.7779562969730369,1.0496872677135796,1.4327163012962476,1.9695136455480577
2024-01-06 07:50:00,12965.141364364372,7.652874998846278,2.2192164600172206,4.290977334110144,0.2849095491042904,3.441090438801195,1.04,4.48,0.64,0.7597262664933996,0.7779562969730369,1.0496872677135796,1.4327163012962476,1.9695136455480577
2024-01-06 07:55:00,15124.887183635328,6.110156563901378,1.123085478395339,4.442194609596415,0.28682703047710195,6.113359894241137,1.04,4.48,0.64,0.7597262664933996,0.7779562969730369,1.0496872677135796,1.4327163012962476,1.9695136455480577
2024-01-06 08:00:00,12776.177962699041,5.849974242316872,0.7940843354827409,4.701723642002216,0.26834793680220215,4.7082172668020075,0.045276925690687087,0.2198275687897221,0.05491812087098392,0.7484978289881675,0.7634978716407794,1.0281003063903833,1.3738136700440857,1.825212316416915
2024-01-06 08:05:00,12924.639291054904,5.380355543108304,0.5948955186997337,4.558417727944136,0.26561092994632396,3.4283757531449566,1.04,4.48,0.64,0.7484978289881675,0.7634978716407794,1.0281003063903833,1.3738136700440857,1.825212316416915
2024-01-06 08:10:00,13208.074680716736,5.849886703827362,0.7651440081687074,4.748135777117114,0.4166666666666667,3.8807519350611677,1.04,4.48,0.64,0.7484978289881675,0.7634978716407794,1.0281003063903833,1.3738136700440857,1.825212316416915
2024-01-06 08:15:00,12897.637121762638,6.902472331928735,1.3399673456672996,4.895197977681305,0.2849920895008867,3.555131754013564,1.04,4.48,0.64,0.7718445439335566,0.7926064597263891,1.0623585835300622,1.3851795010033898,1.7948381542634981
2024-01-06 08:20:00,11602.042951741105,6.005099583994849,0.9109072846001008,4.670523846056975,0.2630983890574729,3.092778243312354,1.04,4.48,0.64,0.7718445439335566,0.7926064597263891,1.0623585835300622,1.3851795010033898,1.7948381542634981
2024-01-06 08:25:00,10778.934418586978,4.717193675483847,0.4148183374818047,4.213780421882451,0.265657201757767,2.463306536985653,1.04,4.48,0.64,0.7718445439335566,0.7926064597263891,1.0623585835300622,1.3851795010033898,1.7948381542634981
2024-01-06 08:30:00,9969.453714313164,4.996193167310141,0.4736654700322802,4.383991811007882,0.2656687693485009,1.994867694545242,0.05721887800367986,0.4165200595409541,0.10547511554864492,0.8708438436367338,0.8947424210352385,1.176153051265013,1.5528502825449721,2.052531120348727
2024-01-06 08:35:00,10401.153388958483,6.4632545444295,1.024046993008206,4.949375656880562,0.2698874370861593,1.7946255866122827,1.04,4.48,0.64,0.8708438436367338,0.8947424210352385,1.176153051265013,1.5528502825449721,2.052531120348727
2024-01-06 08:40:00,10158.311596445597,7.426992573554761,1.4702637053718408,5.216763787468844,0.2761914913304109,1.6613891356831534,1.04,4.48,0.64,0.8708438436367338,0.8947424210352385,1.176153051265013,1.5528502825449721,2.052531120348727
2024-01-06 08:45:00,8404.972389864197,7.011037896680356,1.3149662044879131,5.042255337866633,0.26705661823366855,1.487522934367447,1.04,4.48,0.64,1.1620675539743808,1.2101256133145848,1.5370070136469773,2.0381795799192965,2.7433308221940718
2024-01-06 08:50:00,6450.974626167352,5.861186860557902,0.8425798063638974,4.6354105776431815,0.26847261209924317,0.8091042216913468,1.04,4.48,0.64,1.1620675539743808,1.2101256133145848,1.5370070136469773,2.0381795799192965,2.7433308221940718
2024-01-06 08:55:00,6181.682752578503,5.818438177173941,0.8937859513230271,4.511414354790806,0.2684851077555741,0.4258049659729271,1.04,4.48,0.64,1.1620675539743808,1.2101256133145848,1.5370070136469773,2.0381795799192965,2.7433308221940718
2024-01-06 09:00:00,5872.091479206875,5.899922218146201,1.0462894449389029,4.352601249737404,0.26709276507994945,0.3349939418952601,0.06020797289396147,0.2641893260523597,0.07566372975210778,1.2705211529132445,1.3110850468219062,1.6641836917840531,2.1157410640246126,2.791507836277735
2024-01-06 09:05:00,6424.039161431542,5.403096902748903,0.7844314483368447,4.271347668234982,0.2644462176693998,0.32991049547863016,1.04,4.48,0.64,1.2705211529132445,1.3110850468219062,1.6641836917840531,2.1157410640246126,2.791507836277735
2024-01-06 09:10:00,5925.923176414982,6.4746155156479395,1.1181351062457123,4.813393175940449,0.26200555070971804,0.35838102210734546,1.04,4.48,0.64,1.2705211529132445,1.3110850468219062,1.6641836917840531,2.1157410640246126,2.791507836277735
2024-01-06 09:15:00,5885.547066747121,7.181813296937685,1.299976701731894,5.235904623144638,0.2671289324937826,0.38131955926566363,1.04,4.48,0.64,1.299076980013117,1.3723279491433524,1.7309246084101988,2.23830432470654,2.9934762400927792
2024-01-06 09:20:00,5347.417267872073,7.0962572764511425,1.352491706005246,5.069089976408632,0.26854759921756505,0.3421429360890306,1.04,4.48,0.64,1.299076980013117,1.3723279491433524,1.7309246084101988,2.23830432470654,2.9934762400927792
2024-01-06 09:25:00,5899.005548278243,5.701728666017326,0.9575314513908741,4.294346999904956,0.262036265774031,0.2932745708421387,1.04,4.48,0.64,1.299076980013117,1.3723279491433524,1.7309246084101988,2.23830432470654,2.9934762400927792
2024-01-06 09:30:00,5455.008154754128,6.917399858175459,1.623555526554742,4.472210543667891,0.2658080198284986,0.28674390641943626,0.0691809222257119,0.2725834917965503,0.07120568797504873,1.2475772521170783,1.299076980013117,1.6577595000481824,2.1038538447335164,2.7807833428730113
2024-01-06 09:35:00,4984.4425763775525,8.635981994039826,2.087742451381543,5.472194715868247,0.27978334673352345,0.2988887656020892,1.04,4.48,0.64,1.2475772521170783,1.299076980013117,1.6577595000481824,2.1038538447335164,2.7807833428730113
2024-01-06 09:40:00,4648.594573148131,6.45882139883031,1.317478276841551,4.487681427119005,0.27156231053430974,0.30771819089450153,1.04,4.48,0.64,1.2475772521170783,1.299076980013117,1.6577595000481824,2.1038538447335164,2.7807833428730113
2024-01-06 09:45:00,4527.75655530913,5.755895049674329,0.9919904046258294,4.294158850528716,0.26861022910020393,0.31080343393911564,1.04,4.48,0.64,0.9122329746287403,0.9433981132056605,1.2429712144695868,1.6156611649724084,2.1246232607217683
2024-01-06 09:50:00,4487.485020214568,6.078100606019943,1.1504306555874608,4.3676146815683135,0.2686227372488014,0.3441639750253585,1.04,4.48,0.64,0.9122329746287403,0.9433981132056605,1.2429712144695868,1.6156611649724084,2.1246232607217683
2024-01-06 09:55:00,4863.50623474018,6.474234656475336,1.4577375614761923,4.286222668479598,0.2834546913836909,0.4016184466882093,1.04,4.48,0.64,0.9122329746287403,0.9433981132056605,1.2429712144695868,1.6156611649724084,2.1246232607217683
2024-01-06 10:00:00,4823.201142568416,6.944355938967744,1.5104474500060774,4.6733777087271715,0.26864780867476473,0.4937558352478378,0.05721887800367986,0.1850703649966682,0.05344389581607987,0.8529249673916224,0.8839915157963906,1.1715374513859982,1.5505563517653915,2.105263878947245
2024-01-06 10:05:00,4876.9407299105915,7.912334561805764,1.8881918418405086,5.056960326627782,0.28348711718735115,0.6375422877185328,1.04,4.48,0.64,0.8529249673916224,0.8839915157963906,1.1715374513859982,1.5505563517653915,2.105263878947245
2024-01-06 10:10:00,5024.757430250982,8.437336032514196,2.027095218385165,5.367167405876404,0.28537294559610266,0.7121802387600912,1.04,4.48,0.64,0.8529249673916224,0.8839915157963906,1.1715374513859982,1.5505563517653915,2.105263878947245
2024-01-06 10:15:00,4836.635771277114,7.278502291926405,1.530544992352875,4.975533287370321,0.285389552031172,0.7001219730128676,1.04,4.48,0.64,0.9383155119681227,0.9818477478713286,1.2776867221662749,1.6548239332327772,2.1799761466584906
2024-01-06 10:20:00,4756.034165521522,7.0219238908589725,1.4627608632968474,4.824338297298427,0.2716695494563068,0.6448678043102133,1.04,4.48,0.64,0.9383155119681227,0.9818477478713286,1.2776867221662749,1.6548239332327772,2.1799761466584906
2024-01-06 10:25:00,4527.753891700266,6.578876879981317,1.3775393737723058,4.514380356308134,0.285422755213167,0.5624328743873624,1.04,4.48,0.64,0.9383155119681227,0.9818477478713286,1.2776867221662749,1.6548239332327772,2.1799761466584906
2024-01-06 10:30:00,4178.901196691953,7.562186076783848,1.6462195419697396,5.0800710374832105,0.2765134492320919,0.4225431683097036,0.05522680508593631,0.1958554569063624,0.056393705322491446,1.1198232003311952,1.1756257908024985,1.5129758755512264,1.935796024895185,2.5634242723357366
2024-01-06 10:35:00,4085.0483432939827,8.779464713625115,2.049847661141871,5.6735225167753285,0.28358452896957076,0.3609769677319117,1.04,4.48,0.64,1.1198232003311952,1.1756257908024985,1.5129758755512264,1.935796024895185,2.5634242723357366
2024-01-06 10:40:00,4232.546806368478,10.164661655167617,2.7512735674193065,5.980032960341614,0.30186551154787344,0.3591556380800747,1.04,4.48,0.64,1.1198232003311952,1.1756257908024985,1.5129758755512264,1.935796024895185,2.5634242723357366
2024-01-06 10:45:00,4165.4926722634045,9.32796831956766,2.807069139367401,5.060316896415042,0.2954531001206489,0.3428394439435253,1.04,4.48,0.64,1.0400692284651054,1.0824047302187847,1.4018927776402872,1.7990331431077085,2.378881249663379
2024-01-06 10:50:00,3857.2601476185496,7.390960625890424,1.7520076878333644,4.746517484070345,0.28741967968656945,0.3341479722794392,1.04,4.48,0.64,1.0400692284651054,1.0824047302187847,1.4018927776402872,1.7990331431077085,2.378881249663379
2024-01-06 10:55:00,3884.0482056492438,6.9633341093195344,1.6990994518594722,4.401767216159969,0.27658683682122387,0.36115018542960764,1.04,4.48,0.64,1.0400692284651054,1.0824047302187847,1.4018927776402872,1.7990331431077085,2.378881249663379
2024-01-06 11:00:00,3910.838048524538,6.621324627347777,1.4928870307270867,4.378537985988283,0.2874536447186687,0.37642698187564877,0.06818357573492315,0.24260618293852282,0.059348546738736574,1.193757094219758,1.241167192605412,1.6044807758274948,2.1012148866786564,2.8848743473503315
2024-01-06 11:05:00,3830.4752687649816,7.231448898012698,1.6940651712498038,4.676654659058193,0.287470641758009,0.33599267788477266,1.04,4.48,0.64,1.193757094219758,1.241167192605412,1.6044807758274948,2.1012148866786564,2.8848743473503315
2024-01-06 11:10:00,3884.046876798767,8.327973504416912,2.515544719364331,4.509900226155772,0.268823790708909,0.3520420085317953,1.04,4.48,0.64,1.193757094219758,1.241167192605412,1.6044807758274948,2.1012148866786564,2.8848743473503315
2024-01-06 11:15:00,3776.9179755440614,7.293570964546363,1.8478389489950702,4.502242061871636,0.268836392345983,0.35391343786956664,1.04,4.48,0.64,1.577344604073568,1.625794882511321,2.0255662319460206,2.6124666983523444,3.553136079578152
2024-01-06 11:20:00,4635.160631954661,6.994223263583965,1.782265515199396,4.304766671698262,0.26884899776180526,0.4945898130820282,1.04,4.48,0.64,1.577344604073568,1.625794882511321,2.0255662319460206,2.6124666983523444,3.553136079578152
2024-01-06 11:25:00,6787.647835449387,6.792094768957706,1.7822672451251287,4.103540534455394,0.2703286497636246,2.9764788150600974,1.04,4.48,0.64,1.577344604073568,1.625794882511321,2.0255662319460206,2.6124666983523444,3.553136079578152
2024-01-06 11:30:00,6356.682156625522,6.605532235906923,1.7268197500899933,4.002964752829345,0.2688742052420526,3.035933134918334,0.06319810123729984,0.2006493458748371,0.0505,1.1162454927120646,1.1530485679276483,1.4921796138535066,1.926813172053793,2.5494673953592737
2024-01-06 11:35:00,4621.731145545915,8.316114766230323,2.5586345799881944,4.432241154161376,0.2750469930957735,1.357006050283819,1.04,4.48,0.64,1.1162454927120646,1.1530485679276483,1.4921796138535066,1.926813172053793,2.5494673953592737
2024-01-06 11:40:00,4232.544145134176,7.7327119039139705,2.027125932507703,4.664676008149315,0.283795903526684,0.5772194137563771,1.04,4.48,0.64,1.1162454927120646,1.1530485679276483,1.4921796138535066,1.926813172053793,2.5494673953592737
2024-01-06 11:45:00,3656.462510052198,7.682123471700863,2.128243194747626,4.459338085633906,0.2767339243505365,0.3597159542960955,1.04,4.48,0.64,1.0824047302187847,1.1242993373652768,1.470448584616273,1.8961331704287017,2.523363628175694
2024-01-06 11:50:00,3790.3067154536366,7.790960269703874,2.173769066699455,4.498008635274706,0.28570554420173394,0.3101536785164446,1.04,4.48,0.64,1.0824047302187847,1.1242993373652768,1.470448584616273,1.8961331704287017,2.523363628175694
2024-01-06 11:55:00,3991.226960832313,7.689819714694984,2.1636535243075032,4.412783574609877,0.27676339388193344,0.32954877791947984,1.04,4.48,0.64,1.0824047302187847,1.1242993373652768,1.470448584616273,1.8961331704287017,2.523363628175694
2024-01-06 12:00:00,3977.8265292859282,7.639228670503537,2.3028263866867276,4.1495540691389134,0.26894994763575863,0.3416838426840017,0.0691809222257119,0.236611411390068,0.06527059062089142,1.2092150346402413,1.2806408551971158,1.6802716923164538,2.246359777506711,3.0919385504889974
2024-01-06 12:05:00,5024.7467634562445,9.358522674291917,2.9339433662104635,4.89683094710796,0.29367178313987236,0.6844605744151927,1.04,4.48,0.64,1.2092150346402413,1.2806408551971158,1.6802716923164538,2.246359777506711,3.0919385504889974
2024-01-06 12:10:00,4460.633188648225,8.592026909416802,2.391447349593637,4.962784305914332,0.2876919264188072,1.0257258215656757,1.04,4.48,0.64,1.2092150346402413,1.2806408551971158,1.6802716923164538,2.246359777506711,3.0919385504889974
2024-01-06 12:15:00,4205.721444734655,7.8724309408496485,2.2319674299720758,4.490046974107996,0.2857889069618589,0.4620321900599135,1.04,4.48,0.64,1.382577665087933,1.4884905105508737,1.9356092994196943,2.6277176408434753,3.767415028902444
2024-01-06 12:20:00,3937.6322705426533,8.276874602279046,2.5003733474608834,4.482216182942132,0.2858055929033111,0.3489982615493602,1.04,4.48,0.64,1.382577665087933,1.4884905105508737,1.9356092994196943,2.6277176408434753,3.767415028902444
2024-01-06 12:25:00,3723.3742286587367,8.766978361274521,2.7259654115222824,4.625443925860321,0.28970417654092545,0.3490401818670774,1.04,4.48,0.64,1.382577665087933,1.4884905105508737,1.9356092994196943,2.6277176408434753,3.767415028902444
2024-01-06 12:30:00,3857.261476312973,7.751764408183637,2.29777537680292,4.269251412067335,0.28583895496427786,0.3231572758253288,0.07117583859709697,0.21503264868386848,0.0608276253029822,1.4856651708914765,1.572603255751431,2.007743449746506,2.6318796040092716,3.750439440918891
2024-01-06 12:35:00,3884.0482056492438,4.668405089822058,1.1529475435894776,2.9615193923342518,0.2858556504230063,0.28783216208273615,1.04,4.48,0.64,1.4856651708914765,1.572603255751431,2.007743449746506,2.6318796040092716,3.750439440918891
2024-01-06 12:40:00,3817.085370898403,3.5430070272064613,0.7363634650528351,2.498069835201455,0.2752333630902867,0.2804799740069298,1.04,4.48,0.64,1.4856651708914765,1.572603255751431,2.007743449746506,2.6318796040092716,3.750439440918891
2024-01-06 12:45:00,3696.607619047203,3.8518324506623265,0.9624791743372337,2.4483742466062717,0.2736306050350661,0.2781951418586876,1.04,4.48,0.64,1.5972754928314654,1.6992280600319662,2.1892752773463644,2.7852109884172145,3.9794200582496946
2024-01-06 12:50:00,3656.46383746477,4.501707530153528,1.2475886632301927,2.6507945419214276,0.2690764965390103,0.279368082741704,1.04,4.48,0.64,1.5972754928314654,1.6992280600319662,2.1892752773463644,2.7852109884172145,3.9794200582496946
2024-01-06 12:55:00,3643.0839869130277,4.048871231338833,0.8401805661086776,2.834714247674475,0.2676635962148354,0.2749236496938741,1.04,4.48,0.64,1.5972754928314654,1.6992280600319662,2.1892752773463644,2.7852109884172145,3.9794200582496946
2024-01-06 13:00:00,3616.328453434269,4.1919419943145595,0.8840461432866675,2.907569581979334,0.2649748593648898,0.2829788089129317,0.05721887800367986,0.18866520611919943,0.046097722286464436,0.7612332099954653,0.8392115347157713,1.1706158379246372,1.5402636949561592,2.0414445865611928
2024-01-06 13:05:00,3469.2423757329016,4.354439705082289,0.9403699778322233,2.980480085917238,0.26371232972068287,0.27390447767357645,1.04,4.48,0.64,0.7612332099954653,0.8392115347157713,1.1706158379246372,1.5402636949561592,2.0414445865611928
2024-01-06 13:10:00,3522.71305123654,4.656464270251341,0.935461873049394,3.2881757977100796,0.26912721276352247,0.2708444234228804,1.04,4.48,0.64,0.7612332099954653,0.8392115347157713,1.1706158379246372,1.5402636949561592,2.0414445865611928
2024-01-06 13:15:00,3375.7092670225793,4.5711913920163445,0.9133989231496945,3.238070104075937,0.26771257618936267,0.27835232983137054,1.04,4.48,0.64,0.7597262664933996,0.8392115347157713,1.1724595685992758,1.5863770831678075,2.1278590178862884
2024-01-06 13:20:00,3375.7105922421733,4.780367149545882,0.9011604689482101,3.465362136875516,0.4166666666666667,0.27397761849524294,1.04,4.48,0.64,0.7597262664933996,0.8392115347157713,1.1724595685992758,1.5863770831678075,2.1278590178862884
2024-01-06 13:25:00,3389.0693963213917,4.234271906836583,0.7244054238151584,3.20335831828886,0.4166666666666667,0.2729517220644482,1.04,4.48,0.64,0.7597262664933996,0.8392115347157713,1.1724595685992758,1.5863770831678075,2.1278590178862884
2024-01-06 13:30:00,3348.997880410415,4.09495193904081,0.7435591447377341,3.0340646505914775,0.2677493441612131,0.27297565060208323,0.03832753579347361,0.1982523644247402,0.034481879299133336,0.7425638019725982,0.8097956532360494,1.12073897050116,1.5175711680181592,2.044608519986161
2024-01-06 13:35:00,3308.9372940334765,3.9247807563656902,0.7029411024161687,2.9302963323336972,0.2691907112313924,0.2784573412999299,1.04,4.48,0.64,0.7425638019725982,0.8097956532360494,1.12073897050116,1.5175711680181592,2.044608519986161
2024-01-06 13:40:00,3255.541760445139,4.179961010181046,0.8450500420653252,2.957112215188269,0.26639439180967694,0.274075287800015,1.04,4.48,0.64,0.7425638019725982,0.8097956532360494,1.12073897050116,1.5175711680181592,2.044608519986161
2024-01-06 13:45:00,3255.540436343504,4.718135699731416,0.9158526928339857,3.3803168133916737,0.26921613696919827,0.28202231652281884,1.04,4.48,0.64,0.9047187408250147,0.9913304191842396,1.3595793467098565,1.787826613517094,2.4010414407085943
2024-01-06 13:50:00,3242.1968035383798,4.013551332560629,0.7148567493952627,2.999288736993319,0.27710324107477813,0.27519722685692183,1.04,4.48,0.64,0.9047187408250147,0.9913304191842396,1.3595793467098565,1.787826613517094,2.4010414407085943
2024-01-06 13:55:00,3215.5082731434068,3.7623133795474084,0.6673819863255172,2.826493556198775,0.4166666666666667,0.27105125805419394,1.04,4.48,0.64,0.9047187408250147,0.9913304191842396,1.3595793467098565,1.787826613517094,2.4010414407085943
2024-01-06 14:00:00,3228.8531846857686,3.5113757976497313,0.5995508151979482,2.688493673555782,0.267823011828801,0.2785888126043585,0.04031128874149276,0.20784070823589876,0.034481879299133336,0.8947424210352385,0.9861541461658011,1.3436067281760684,1.8077710031970309,2.447307908702949
2024-01-06 14:05:00,3202.168704486316,3.611643511070466,0.5856988006605216,2.8110677756730165,0.4166666666666667,0.26725960119396647,1.04,4.48,0.64,0.8947424210352385,0.9861541461658011,1.3436067281760684,1.8077710031970309,2.447307908702949
2024-01-06 14:10:00,3215.5095968442656,3.561430508220935,0.5903088462587102,2.7535169842239933,0.2692797671530371,0.27422211091641246,1.04,4.48,0.64,0.8947424210352385,0.9861541461658011,1.3436067281760684,1.8077710031970309,2.447307908702949
2024-01-06 14:15:00,3188.8278775659523,3.5845334758876586,0.5810979519175392,2.7917997930563243,0.26929250447227937,0.28842582129434174,1.04,4.48,0.64,0.7726066269454334,0.8416228371426241,1.1669344454595554,1.5425466767654066,2.0398637209382398
2024-01-06 14:20:00,3175.4884572921483,3.538185337634476,0.5423394595508001,2.81092814217468,0.27078747992212304,0.2742711351146311,1.04,4.48,0.64,0.7726066269454334,0.8416228371426241,1.1669344454595554,1.5425466767654066,2.0398637209382398
2024-01-06 14:25:00,3188.8278775659523,3.661630620652617,0.6181273201303819,2.80703606176414,0.26516825095074265,0.2732396841807619,1.04,4.48,0.64,0.7726066269454334,0.8416228371426241,1.1669344454595554,1.5425466767654066,2.0398637209382398
2024-01-06 14:30:00,3162.153107751834,3.947454455896989,0.702946701165597,2.9528133031771553,0.2755501605135002,0.27021870967024364,0.03634556369077249,0.1467411326111394,0.03020347662107791,0.8312015399408257,0.9164191180895344,1.2592992337010294,1.688478679166545,2.286021872161332
2024-01-06 14:35:00,3148.8165541878175,4.64018294635637,1.0068297932110228,3.16032571608282,0.2723589352853549,0.27328782290486714,1.04,4.48,0.64,0.8312015399408257,0.9164191180895344,1.2592992337010294,1.688478679166545,2.286021872161332
2024-01-06 14:40:00,3148.817877186454,4.72537948165314,1.0488199745688005,3.1795144150691996,0.4166666666666667,0.2787997610778944,1.04,4.48,0.64,0.8312015399408257,0.9164191180895344,1.2592992337010294,1.688478679166545,2.286021872161332
2024-01-06 14:45:00,3135.482784429862,4.864858473585209,1.006831485692523,3.3835966258976358,0.2639308962516216,0.27657036171814403,1.04,4.48,0.64,0.9105608162006534,1.0025771790740103,1.3726179949279407,1.8403871875233213,2.4886952404824503
2024-01-06 14:50:00,3135.482784429862,4.457998865761858,0.8231948497863694,3.2679933461371284,0.267946087154701,0.27336013535175646,1.04,4.48,0.64,0.9105608162006534,1.0025771790740103,1.3726179949279407,1.8403871875233213,2.4886952404824503
2024-01-06 14:55:00,3135.482784429862,4.415354583470577,0.8256220758191467,3.2217365782260847,0.4166666666666667,0.26656068965046714,1.04,4.48,0.64,0.9105608162006534,1.0025771790740103,1.3726179949279407,1.8403871875233213,2.4886952404824503
2024-01-06 15:00:00,3148.817877186454,4.399824048341279,0.712479161992103,3.3873449155226503,0.4166666666666667,0.27446768103009067,1.04,4.48,0.64,0.9105608162006534,0.9982464625532115,1.3515825390999987,1.787826613517094,2.4800532252352974
2024-01-06 15:05:00,3148.8192001851035,4.442371506779875,0.6981929064645993,3.4528384214630496,0.4166666666666667,0.2713748119509485,1.04,4.48,0.64,0.9105608162006534,0.9982464625532115,1.3515825390999987,1.787826613517094,2.4800532252352974
2024-01-06 15:10:00,3135.484107282654,4.446193824827185,0.7244169028163796,3.414230584218431,0.4166666666666667,0.26573323621026607,1.04,4.48,0.64,0.9105608162006534,0.9982464625532115,1.3515825390999987,1.787826613517094,2.4800532252352974
2024-01-06 15:15:00,3135.485430135461,4.856837228704365,0.8669818501994185,3.595457672628693,0.4166666666666667,0.2657534309946393,1.04,4.48,0.64,0.8384086115969946,0.9180958555619342,1.2554466296900082,1.669201081355988,2.237685411312323
2024-01-06 15:20:00,3135.485430135461,4.91881457441009,0.7724187987959841,3.8077892540155998,0.2640077688311858,0.264905428670899,1.04,4.48,0.64,0.8384086115969946,0.9180958555619342,1.2554466296900082,1.669201081355988,2.237685411312323
2024-01-06 15:25:00,3148.8192001851035,4.697844668290096,0.5811035849217543,3.9005022213386846,0.4166666666666667,0.2724880756104988,1.04,4.48,0.64,0.8384086115969946,0.9180958555619342,1.2554466296900082,1.669201081355988,2.237685411312323
2024-01-06 15:30:00,3148.8192001851035,5.135877411563244,0.6485475750171932,4.225308252929085,0.4166666666666667,0.2667056877381541,0.0422965719651132,0.12639620247459968,0.03020347662107791,0.9290258338711578,1.0444563178994133,1.4447252472356118,1.9770508971698222,2.7326543872213334
2024-01-06 15:35:00,3148.820523183769,5.92368122273168,0.8183497149970564,4.736438342478596,0.4166666666666667,0.27464024400753,1.04,4.48,0.64,0.9290258338711578,1.0444563178994133,1.4447252472356118,1.9770508971698222,2.7326543872213334
2024-01-06 15:40:00,3135.486752988281,7.310865439125928,1.6286886904873832,4.856470828575745,0.2725362151270351,0.28637028120856467,1.04,4.48,0.64,0.9290258338711578,1.0444563178994133,1.4447252472356118,1.9770508971698222,2.7326543872213334
2024-01-06 15:45:00,3148.820523183769,6.416890238466212,1.0513045659424503,4.860354339507036,0.4166666666666667,0.2736261029378393,1.04,4.48,0.64,1.047091209016674,1.172006825918689,1.5854180016639146,2.143552192040119,2.9553652904505734
2024-01-06 15:50:00,3148.820523183769,7.734633155937691,1.295064033703839,5.795315662863385,0.2695352421628563,0.28271591912049054,1.04,4.48,0.64,1.047091209016674,1.172006825918689,1.5854180016639146,2.143552192040119,2.9553652904505734
2024-01-06 15:55:00,3148.821846182449,6.867584953567801,0.9207723860618283,5.515809177545495,0.26284757649382967,0.286457664988669,1.04,4.48,0.64,1.047091209016674,1.172006825918689,1.5854180016639146,2.143552192040119,2.9553652904505734
2024-01-06 16:00:00,3148.820523183769,6.665453807856981,0.6485503387418458,5.752579332312425,0.26285813827683513,0.2758490137443087,0.04328972164382673,0.16470385544971317,0.034481879299133336,0.9655444060218049,1.0832917427913868,1.4694165372691297,1.9835243885568938,2.7326543872213334
2024-01-06 16:05:00,3148.821846182449,5.8768223692169546,0.44170793068802294,5.32174032199448,0.4166666666666667,0.2758742290688714,1.04,4.48,0.64,0.9655444060218049,1.0832917427913868,1.4694165372691297,1.9835243885568938,2.7326543872213334
2024-01-06 16:10:00,3148.823169181142,6.24186038955473,0.5788095046427633,5.44585599640594,0.2681438351845688,0.2659764294146242,1.04,4.48,0.64,0.9655444060218049,1.0832917427913868,1.4694165372691297,1.9835243885568938,2.7326543872213334
2024-01-06 16:15:00,3162.158400322535,6.540974640353271,0.62279849775902,5.670924619702151,0.26959935665043655,0.2687513921304165,1.04,4.48,0.64,0.9080550644096425,1.047091209016674,1.4611693946972744,2.0656854189348386,2.9553652904505734
2024-01-06 16:20:00,3175.496397001353,6.66139697725333,0.4889244832188917,6.020348527634591,0.2696121878077004,0.2748628818345502,1.04,4.48,0.64,0.9080550644096425,1.047091209016674,1.4611693946972744,2.0656854189348386,2.9553652904505734
2024-01-06 16:25:00,3188.8344946923853,6.680786087056247,0.45651624557550713,6.097985141424997,0.2654432679065804,0.2697579023763174,1.04,4.48,0.64,0.9080550644096425,1.047091209016674,1.4611693946972744,2.0656854189348386,2.9553652904505734
2024-01-06 16:30:00,3215.516215348764,6.843979264063296,0.45226354760399645,6.268858720498168,0.4166666666666667,0.2697802984010716,0.0462709412050371,0.23301467764928455,0.0505,0.9197738852565885,1.058531529998044,1.4735462530915002,2.1051736864211463,3.0098411918239143
2024-01-06 16:35:00,3389.074697667621,7.073272491309466,0.46507313352989527,6.47472508451448,0.2654662890176612,0.2817625382163155,1.04,4.48,0.64,0.9197738852565885,1.058531529998044,1.4735462530915002,2.1051736864211463,3.0098411918239143
2024-01-06 16:40:00,18526.526511388885,7.6214581063697535,0.8256356351130406,6.420264453583761,0.2759268388401551,9.397543925490531,1.04,4.48,0.64,0.9197738852565885,1.058531529998044,1.4735462530915002,2.1051736864211463,3.0098411918239143
2024-01-06 16:45:00,33799.302503525374,7.679748659405661,1.1455380037423837,5.973489406753111,0.26967641473795817,16.996691692550318,1.04,4.48,0.64,0.9340883255881106,1.0594130450395636,1.497369693829817,2.0042876540057812,2.7540181553504692
2024-01-06 16:50:00,16649.867060827266,6.571769398575904,0.7148761580512795,5.550290205946559,0.27936692389872914,7.447260356800278,1.04,4.48,0.64,0.9340883255881106,1.0594130450395636,1.497369693829817,2.0042876540057812,2.7540181553504692
2024-01-06 16:55:00,11412.80614924038,6.929283326389256,0.5355828599879388,6.206488742679757,0.2642174412789017,3.1151782327870503,1.04,4.48,0.64,0.9340883255881106,1.0594130450395636,1.497369693829817,2.0042876540057812,2.7540181553504692
2024-01-06 17:00:00,17230.396748983134,6.707699000934994,0.5132000323768345,6.0238925802461845,0.2697150018336275,2.6789418117283854,0.05721887800367986,0.22582152244637796,0.06823672031978091,1.054127127058212,1.1656796300871006,1.5780223572560688,2.151516906742775,3.3073167371753196
2024-01-06 17:05:00,24886.317547338218,7.473491501665687,0.8621214009909612,6.214156404737029,0.2697278666963427,6.416786888094772,1.04,4.48,0.64,1.054127127058212,1.1656796300871006,1.5780223572560688,2.151516906742775,3.3073167371753196
2024-01-06 17:10:00,27344.02896411997,15.87090168428501,5.719898251578716,7.134919844812656,0.3011799649379693,9.488713458155445,1.04,4.48,0.64,1.054127127058212,1.1656796300871006,1.5780223572560688,2.151516906742775,3.3073167371753196
2024-01-06 17:15:00,26547.281597675323,13.420958844582339,4.537187674065631,6.497523648279619,0.28489445120001766,6.660355595480169,1.04,4.48,0.64,1.2834032881366637,1.4246248629025118,1.8749396150276414,2.8160355555283743,4.236602884387443
2024-01-06 17:20:00,19093.54803683171,11.240283622488125,3.253913841792123,6.283853008346499,0.2830509897989671,5.360670667579198,1.04,4.48,0.64,1.2834032881366637,1.4246248629025118,1.8749396150276414,2.8160355555283743,4.236602884387443
2024-01-06 17:25:00,22428.651521115175,12.420064241219432,3.8178239084470977,6.598523956238543,0.29277616289197395,3.795330253437274,1.04,4.48,0.64,1.2834032881366637,1.4246248629025118,1.8749396150276414,2.8160355555283743,4.236602884387443
2024-01-06 17:30:00,32718.795057163334,12.065677037196515,3.866111301037141,6.17110050625593,0.2868462397448497,9.118605203456626,0.12310158406779338,0.3913277909885777,0.1323782459469833,1.6315051333048265,1.7509094779570988,2.245738684709332,2.910204288361901,3.9547444923787434
2024-01-06 17:35:00,55178.42702460188,10.496600620290069,3.2920084910589655,5.483825898957212,0.2948726794880951,19.446413046565585,1.04,4.48,0.64,1.6315051333048265,1.7509094779570988,2.245738684709332,2.910204288361901,3.9547444923787434
2024-01-06 17:40:00,54624.66819135333,23.08216595174898,11.724440779361473,5.1614496856469785,0.3623410800161492,24.447730770661643,1.04,4.48,0.64,1.6315051333048265,1.7509094779570988,2.245738684709332,2.910204288361901,3.9547444923787434
2024-01-06 17:45:00,45049.08583654858,22.26003463346285,10.741724970235085,5.840653191057352,0.3856845029198932,14.272047512716425,1.04,4.48,0.64,1.5508139798183405,1.6619942839853572,2.1240206778654485,2.754436829916417,3.7768500102598725
2024-01-06 17:50:00,56218.31891849757,14.811224631046144,5.399397188401772,6.567206616757727,0.3512024846638626,18.324733424767302,1.04,4.48,0.64,1.5508139798183405,1.6619942839853572,2.1240206778654485,2.754436829916417,3.7768500102598725
2024-01-06 17:55:00,55610.53262105939,13.603788622052667,4.582987680135364,6.609951327074734,0.32740185404253735,20.099853047869605,1.04,4.48,0.64,1.5508139798183405,1.6619942839853572,2.1240206778654485,2.754436829916417,3.7768500102598725
2024-01-06 18:00:00,56204.77205444663,14.071135179882651,4.94919192302669,6.516643165753118,0.332543056931785,19.514334952593753,0.15008331019803636,0.4837033801825247,0.22372360179471457,1.7193094544031333,1.8325307637254005,2.327356921488408,3.1324099747638394,4.518347485530524
2024-01-06 18:05:00,34771.46288780898,16.007002388137323,6.292429686495264,6.396128101715231,0.3458111910858659,10.010352755029675,1.04,4.48,0.64,1.7193094544031333,1.8325307637254005,2.327356921488408,3.1324099747638394,4.518347485530524
2024-01-06 18:10:00,28518.77941365682,19.474213222715708,8.157931559645643,7.00622547729333,0.37693419466624006,4.949835122967739,1.04,4.48,0.64,1.7193094544031333,1.8325307637254005,2.327356921488408,3.1324099747638394,4.518347485530524
2024-01-06 18:15:00,50856.40936001639,16.135506071171537,6.485831250047666,6.229002416845257,0.33521145142652065,18.40300142092209,1.04,4.48,0.64,1.8556316983712045,1.969524054181619,2.515603593573519,3.250638245022045,4.3686492191523
2024-01-06 18:20:00,90753.14537318156,12.976630099063403,5.29258554376579,4.9015740563752805,0.3513494430634286,52.926192948180265,1.04,4.48,0.64,1.8556316983712045,1.969524054181619,2.515603593573519,3.250638245022045,4.3686492191523
2024-01-06 18:25:00,98181.51876028566,15.286273279407322,6.597809801564306,5.211775157687734,0.35692901137432853,45.17783421618732,1.04,4.48,0.64,1.8556316983712045,1.969524054181619,2.515603593573519,3.250638245022045,4.3686492191523
2024-01-06 18:30:00,98465.11269335037,12.70006964259211,4.8449428356540984,5.308764065337972,0.37411241506986964,38.279481372952596,0.21305867736377224,0.7452670930612729,0.2986674572162156,2.1528669257527278,2.287318080197855,2.8948430009242294,3.773899972177323,5.153882032022076
2024-01-06 18:35:00,65820.82312245706,13.81389006878824,5.475753857843463,5.45617528885425,0.34325653554434,21.4871116594222,1.04,4.48,0.64,2.1528669257527278,2.287318080197855,2.8948430009242294,3.773899972177323,5.153882032022076
2024-01-06 18:40:00,74518.6754507352,15.726379477982695,6.284835374652837,6.127856334279716,0.35981385280541966,23.03168186662939,1.04,4.48,0.64,2.1528669257527278,2.287318080197855,2.8948430009242294,3.773899972177323,5.153882032022076
2024-01-06 18:45:00,82190.09927851986,15.815955446936046,6.725070989592898,5.5453757950692095,0.3830252335845397,24.112431046831944,1.04,4.48,0.64,1.574499603048537,1.6619942839853572,2.075824501252454,2.698618581793285,3.5981072802238687
2024-01-06 18:50:00,76476.98889604375,22.595026468327955,10.464346756945702,6.59789189061139,0.40117384204219997,23.257366199131543,1.04,4.48,0.64,1.574499603048537,1.6619942839853572,2.075824501252454,2.698618581793285,3.5981072802238687
2024-01-06 18:55:00,65266.99043821201,19.322139906105395,8.59326441092297,6.18991248294293,0.404276013900869,18.263921603705764,1.04,4.48,0.64,1.574499603048537,1.6619942839853572,2.075824501252454,2.698618581793285,3.5981072802238687
2024-01-06 19:00:00,47574.36953775178,16.968985459886564,6.898141742084353,6.4307688938914405,0.3433758478971871,7.451888248621435,0.22905457864884518,0.8580582730793986,0.4936013067243643,1.891289507188151,2.002428775262681,2.4927053255449185,3.1964505314489067,4.27483847648072
2024-01-06 19:05:00,41618.44558432432,15.718479895629482,6.3281194043185245,6.053906875911925,0.33284117049600875,6.3227913705426815,1.04,4.48,0.64,1.891289507188151,2.002428775262681,2.4927053255449185,3.1964505314489067,4.27483847648072
2024-01-06 19:10:00,46439.869130727224,16.03788731881947,6.356115228056383,6.329689218457521,0.34342360782510967,7.786179556574906,1.04,4.48,0.64,1.891289507188151,2.002428775262681,2.4927053255449185,3.1964505314489067,4.27483847648072
2024-01-06 19:15:00,44143.91913791116,15.971638851275332,6.277238583333993,6.3840514189559086,0.34614832735833045,5.846493779513416,1.04,4.48,0.64,2.203478159637622,2.3459036638361774,2.9772157194264577,3.876695790231676,5.307302893184071
2024-01-06 19:20:00,40362.39626081585,12.839980550639082,2.840292197956955,8.514885028164052,0.3227658391711103,2.5646970077439093,1.04,4.48,0.64,2.203478159637622,2.3459036638361774,2.9772157194264577,3.876695790231676,5.307302893184071
2024-01-06 19:25:00,29652.988726358242,11.103214354419913,2.277686550353961,7.6435011774246115,0.289186788582174,1.536383771648224,1.04,4.48,0.64,2.203478159637622,2.3459036638361774,2.9772157194264577,3.876695790231676,5.307302893184071
2024-01-06 19:30:00,28208.02811070092,9.822387325145616,1.82276468843612,7.06408539174961,0.2872524783019958,0.6058749446287492,0.18906612599828665,0.6876727128511062,0.29566915632172386,1.9937151250868317,2.129530464679949,2.692563091182823,3.4553662975146358,4.678094056343887
2024-01-06 19:35:00,32070.28552591065,9.363077243078944,1.505570064011741,7.095147574496019,0.2872694383366529,0.423657527852953,1.04,4.48,0.64,1.9937151250868317,2.129530464679949,2.692563091182823,3.4553662975146358,4.678094056343887
2024-01-06 19:40:00,28761.670990221784,7.9078436007262844,0.8208061513798709,6.71414834402457,0.2716385001354388,0.36952440725806257,1.04,4.48,0.64,1.9937151250868317,2.129530464679949,2.692563091182823,3.4553662975146358,4.678094056343887
2024-01-06 19:45:00,20808.11453921093,6.768513350094603,0.43962207218498967,6.216722231173726,0.27014168113732806,0.3620017966861223,1.04,4.48,0.64,1.4809577981833246,1.6496011639181152,2.146491425559394,2.9031621122493316,4.053546101871792
2024-01-06 19:50:00,23670.726573432494,6.725717467755258,0.3869949025466026,6.274954457383368,0.27015466923107845,0.35096206002188557,1.04,4.48,0.64,1.4809577981833246,1.6496011639181152,2.146491425559394,2.9031621122493316,4.053546101871792
2024-01-06 19:55:00,21510.252567529937,7.390468974874924,0.5043400992785413,6.721795665328244,0.26335928566599853,0.3565046844452267,1.04,4.48,0.64,1.4809577981833246,1.6496011639181152,2.146491425559394,2.9031621122493316,4.053546101871792
2024-01-06 20:00:00,17284.201951336912,8.152756521823084,0.6509237519221202,7.234906958795897,0.2701806717199971,0.3316550110902658,0.08315046602394963,0.3085620845146078,0.10398196959088628,1.4715488439056315,1.6134298869179287,2.0881382712837766,2.7460528490908547,3.960437349586533
2024-01-06 20:05:00,18850.31535557135,8.70129821079216,0.8159596135606064,7.514846289357549,0.27019368612276284,0.33512367139784144,1.04,4.48,0.64,1.4715488439056315,1.6134298869179287,2.0881382712837766,2.7460528490908547,3.960437349586533
2024-01-06 20:10:00,18188.744080952816,8.833564006034504,0.8524028395724969,7.588702344005947,0.2799834213433267,0.33863800200213795,1.04,4.48,0.64,1.4715488439056315,1.6134298869179287,2.0881382712837766,2.7460528490908547,3.960437349586533
2024-01-06 20:15:00,12829.629953698855,8.29269107901547,0.6982253005908988,7.297002135161754,0.2702197109761621,0.33177314100108024,1.04,4.48,0.64,1.3249637730896646,1.4696679897174056,1.93229103398013,2.6318796040092716,3.718400731497347
2024-01-06 20:20:00,8579.991149499143,7.961991239202246,0.6158308037147809,7.1025550960682615,0.2702327214170492,0.33352231973368224,1.04,4.48,0.64,1.3249637730896646,1.4696679897174056,1.93229103398013,2.6318796040092716,3.718400731497347
2024-01-06 20:25:00,14354.790737061689,7.818030364602078,0.5788302155001914,7.020869556269184,0.27024575073094115,0.3186002629473116,1.04,4.48,0.64,1.3249637730896646,1.4696679897174056,1.93229103398013,2.6318796040092716,3.718400731497347
2024-01-06 20:30:00,15542.677853973415,14.740343128953395,5.48349337430121,6.368040915825197,0.3019529084309026,0.36616259108320387,0.07915806970865322,0.22702035151060795,0.06527059062089142,1.3009231337784721,1.4424316274957367,1.914610811627261,2.5529984332153437,3.541905701737414
2024-01-06 20:35:00,12100.864812991422,11.344173489040024,3.3403577986534425,6.255256205739994,0.3157730018884624,0.3624361904404907,1.04,4.48,0.64,1.3009231337784721,1.4424316274957367,1.914610811627261,2.5529984332153437,3.541905701737414
2024-01-06 20:40:00,11102.332050458053,9.950353787447003,2.0778648298639157,6.7992284910137,0.27662867014086845,0.3459638891420326,1.04,4.48,0.64,1.3009231337784721,1.4424316274957367,1.914610811627261,2.5529984332153437,3.541905701737414
2024-01-06 20:45:00,10211.901844015105,10.713354381310388,2.007096912078899,7.6701578131964965,0.2766433782651597,0.3606505463700293,1.04,4.48,0.64,1.7173959939396621,1.8556316983712045,2.4036074887551835,3.2206804017163826,4.722437506203762
2024-01-06 20:50:00,10508.691155767701,10.230568969103812,1.7900015842306616,7.52232342531772,0.2750011298351345,0.3460467977634275,1.04,4.48,0.64,1.7173959939396621,1.8556316983712045,2.4036074887551835,3.2206804017163826,4.722437506203762
2024-01-06 20:55:00,8917.081535206016,8.728161966304818,1.4052406725073416,6.616407198926754,0.27501544364723707,0.32370564249665157,1.04,4.48,0.64,1.7173959939396621,1.8556316983712045,2.4036074887551835,3.2206804017163826,4.722437506203762
2024-01-06 21:00:00,10252.362989492038,8.502444965929927,1.5231735606598138,6.208371882221653,0.2674504646174783,0.3479272577447799,0.12110326172320876,0.35294169490158,0.11294356998076516,1.3370115930686617,1.4640273221494196,1.9278682527600273,2.6013846793582833,3.8335200534234857
2024-01-06 21:05:00,9213.762065213816,11.36345722282312,3.4699039388324024,6.0763492862840325,0.2875754107126543,0.47181263011486413,1.04,4.48,0.64,1.3370115930686617,1.4640273221494196,1.9278682527600273,2.6013846793582833,3.8335200534234857
2024-01-06 21:10:00,7973.306872485429,16.55941165865083,6.452946071825416,6.7020493274563435,0.3065809303086528,0.5052551990392182,1.04,4.48,0.64,1.3370115930686617,1.4640273221494196,1.9278682527600273,2.6013846793582833,3.8335200534234857
2024-01-06 21:15:00,7043.453709956067,14.82192981035049,5.16810023483624,6.931299685325114,0.2999426588339341,0.42883130406733366,1.04,4.48,0.64,1.4743707132197112,1.5839851640719367,2.033371584339665,2.602769486527764,3.4597075020874235
2024-01-06 21:20:00,8000.261596249222,12.788671213891075,4.171268258068729,6.425938334737718,0.29158521981760505,0.4122102733043416,1.04,4.48,0.64,1.4743707132197112,1.5839851640719367,2.033371584339665,2.602769486527764,3.4597075020874235
2024-01-06 21:25:00,7851.987706734139,12.480970808115385,3.668064755574843,6.888390398968485,0.2719211142899333,0.4040637557626271,1.04,4.48,0.64,1.4743707132197112,1.5839851640719367,2.033371584339665,2.602769486527764,3.4597075020874235
2024-01-06 21:30:00,7690.24788676677,9.405064256101067,1.6539539246220634,6.907675314236716,0.27041537966500967,0.3629144394173379,0.0911372591205156,0.25939282950767933,0.07120568797504873,1.5186691542268187,1.6191355718407276,2.053464039129977,2.6958323853682002,3.6882787313325447
2024-01-06 21:35:00,6598.944548807183,9.37778236390098,1.56590430951629,7.016484310486285,0.2661643782632655,0.3393261943807914,1.04,4.48,0.64,1.5186691542268187,1.6191355718407276,2.053464039129977,2.6958323853682002,3.6882787313325447
2024-01-06 21:40:00,6221.925523973388,8.521595880583034,1.0093660650447407,7.028072465404284,0.2675479937202184,0.31915766577299126,1.04,4.48,0.64,1.5186691542268187,1.6191355718407276,2.053464039129977,2.6958323853682002,3.6882787313325447
2024-01-06 21:45:00,6370.022024594713,7.899090449655581,0.7244602421243109,6.860852954819668,0.2735434426631595,0.31599810039751897,1.04,4.48,0.64,1.6791691397831252,1.811375444241199,2.303515574073681,3.1181985584628826,4.4741609269225
2024-01-06 21:50:00,5831.596572509414,7.638447249843257,0.6042239577804168,6.798609398636364,0.4166666666666667,0.31603470999621824,1.04,4.48,0.64,1.6791691397831252,1.811375444241199,2.303515574073681,3.1181985584628826,4.4741609269225
2024-01-06 21:55:00,5280.095545231478,7.6734133006549,0.5582531382757936,6.911299352006053,0.2704807936055407,0.3129265034662299,1.04,4.48,0.64,1.6791691397831252,1.811375444241199,2.303515574073681,3.1181985584628826,4.4741609269225
2024-01-06 22:00:00,5333.878673793984,8.007893781094298,0.6509350443182672,7.090102167352677,0.2720156883515708,0.30094532611628794,0.10112368664165683,0.3085620845146078,0.07715082630795343,1.704963342714441,1.8575578052916686,2.41501125463216,3.169393672297589,4.366732874816137
2024-01-06 22:05:00,5401.1169982551155,8.144013767899361,0.6627103357991423,7.206708490366069,0.27202921356133414,0.3099071989607237,1.04,4.48,0.64,1.704963342714441,1.8575578052916686,2.41501125463216,3.169393672297589,4.366732874816137
2024-01-06 22:10:00,5387.666610961937,8.178988808375355,0.6556418301389226,7.253329468094798,0.27052008960803875,0.3242770089774372,1.04,4.48,0.64,1.704963342714441,1.8575578052916686,2.41501125463216,3.169393672297589,4.366732874816137
2024-01-06 22:15:00,4970.9356976826175,7.87551508389574,0.5742494155788574,7.086086640782012,0.26625853200686483,0.3243151451023222,1.04,4.48,0.64,1.6686713277335354,1.801766078046759,2.303515574073681,2.965210321376883,4.082094560394211
2024-01-06 22:20:00,4823.1451657968555,7.719888360461201,0.4501624207341798,7.148247529550926,0.4166666666666667,0.32601070915770114,1.04,4.48,0.64,1.6686713277335354,1.801766078046759,2.303515574073681,2.965210321376883,4.082094560394211
2024-01-06 22:25:00,4393.505368185823,7.887104490781293,0.5065632111789826,7.21430992237124,0.4166666666666667,0.3147101540887583,1.04,4.48,0.64,1.6686713277335354,1.801766078046759,2.303515574073681,2.965210321376883,4.082094560394211
2024-01-06 22:30:00,4460.603894436364,8.081576369199572,0.6298373275793459,7.198733497443749,0.4166666666666667,0.3163278419115835,1.04,4.48,0.64,1.7173959939396621,1.8710448952390215,2.4070280098079455,3.1864792875523293,4.759092770686447
2024-01-06 22:35:00,4420.342666834095,7.914255994796013,0.5221424544347149,7.214232148870209,0.26131534270614654,0.322821793255702,1.04,4.48,0.64,1.7173959939396621,1.8710448952390215,2.4070280098079455,3.1864792875523293,4.759092770686447
2024-01-06 22:40:00,4487.446402186367,7.906440654031789,0.404768320495743,7.4202832184786445,0.4166666666666667,0.33636378179082016,1.04,4.48,0.64,1.7173959939396621,1.8710448952390215,2.4070280098079455,3.1864792875523293,4.759092770686447
2024-01-06 22:45:00,4272.762065571836,8.167043165310112,0.45440837101429815,7.587477309063789,0.26500256085572077,0.32126346013252305,1.04,4.48,0.64,1.7662491330500352,1.9202385268502453,2.436694186803096,3.2449297372978663,4.535647693549401
2024-01-06 22:50:00,4474.024893708546,8.735091517071089,0.5333575558017221,8.015328783127107,0.4166666666666667,0.3347149680040422,1.04,4.48,0.64,1.7662491330500352,1.9202385268502453,2.436694186803096,3.2449297372978663,4.535647693549401
2024-01-06 22:55:00,4380.086191750456,9.026926536985002,0.5742527861577841,8.237049205354742,0.26635294808610704,0.3330367651467665,1.04,4.48,0.64,1.7662491330500352,1.9202385268502453,2.436694186803096,3.2449297372978663,4.535647693549401
2024-01-06 23:00:00,4085.0350440468937,9.423881721133137,0.7077635329455502,8.412109746024099,0.26376016592309004,0.3279902871112653,0.09912618221237011,0.21263527459008302,0.057870545184921136,1.8922539470166262,2.0169571140705993,2.5499889882115174,3.3335266610603247,4.522191504127175
2024-01-06 23:05:00,4058.2277691778086,9.999958993635387,0.7869475067994562,8.85957971971615,0.2706644710415645,0.32469695335336146,1.04,4.48,0.64,1.8922539470166262,2.0169571140705993,2.5499889882115174,3.3335266610603247,4.522191504127175
2024-01-06 23:10:00,4004.6201326839496,9.805280690739236,0.5446394902314926,9.065781034523942,0.2637819871209617,0.3198286282144488,1.04,4.48,0.64,1.8922539470166262,2.0169571140705993,2.5499889882115174,3.3335266610603247,4.522191504127175
2024-01-06 23:15:00,3696.616912847619,9.906460454615965,0.5788439477928323,9.108561872576777,0.2650707633110507,0.31825556604188127,1.04,4.48,0.64,1.7317517143054888,1.8662272101756527,2.3637407979725698,3.0940562373686746,4.177403021016766
2024-01-06 23:20:00,3964.4228345064307,9.8830661402125,0.6228366754909669,9.011231540914661,0.2664120911760423,0.3264724841401349,1.04,4.48,0.64,1.7317517143054888,1.8662272101756527,2.3637407979725698,3.0940562373686746,4.177403021016766
2024-01-06 23:25:00,4004.6201326839496,9.622221004909655,0.5834427989739344,8.816607640682536,0.4166666666666667,0.3215645251588359,1.04,4.48,0.64,1.7317517143054888,1.8662272101756527,2.3637407979725698,3.0940562373686746,4.177403021016766
2024-01-06 23:30:00,3817.0880278067075,9.236837198615673,0.4693996441747256,8.629766049149346,0.4166666666666667,0.3199780374031041,0.09013878188659974,0.21623135757794243,0.0608276253029822,1.6267464461310497,1.7720045146669352,2.2853703069743423,2.997711794018898,4.122097039129478
2024-01-06 23:35:00,3750.1510127234337,9.046092630623695,0.43129336277564867,8.509097511578394,0.2626093093198444,0.3249263728679507,1.04,4.48,0.64,1.6267464461310497,1.7720045146669352,2.2853703069743423,2.997711794018898,4.122097039129478
2024-01-06 23:40:00,3750.1510127234337,8.964325802840825,0.3716846276857588,8.544072298661229,0.26927469699677065,0.3299866012373597,1.04,4.48,0.64,1.6267464461310497,1.7720045146669352,2.2853703069743423,2.997711794018898,4.122097039129478
2024-01-06 23:45:00,3763.5353946925816,8.820295564220697,0.36421118268165553,8.415627063286863,0.26513912064101147,0.3152927086157513,1.04,4.48,0.64,1.6801238049620035,1.8373415577948484,2.3739852063566023,3.0784464020021525,4.204128447133841
2024-01-06 23:50:00,3643.097260108544,12.515182057731964,1.3051639674671511,10.556537799140047,0.267866673780679,0.3185150467849314,1.04,4.48,0.64,1.6801238049620035,1.8373415577948484,2.3739852063566023,3.0784464020021525,4.204128447133841
2024-01-06 23:55:00,3643.095932788952,9.719325235456365,0.6275082371996782,8.839746704866052,0.27079612750307086,0.3201649843396242,1.04,4.48,0.64,1.6801238049620035,1.8373415577948484,2.3739852063566023,3.0784464020021525,4.204128447133841
2024-01-07 00:00:00,132454.73880000002,64.19316708,7.02891072,51.54096500396728,4.430587504,4.2541566,0.09413288479590966,0.20424495097798623,0.0608276253029822,1.6801238049620035,1.8373415577948484,2.3739852063566023,3.0784464020021525,4.204128447133841
