datetime,PC1,PC2,PC3
2023-10-01 00:00:00,-0.5970514725256353,-0.7552715219723543,-0.5719442786377938
2023-10-01 00:15:00,-0.43287731736767987,-0.15842176875601105,-1.5273289769552605
2023-10-01 00:20:00,-0.39908027512017763,-0.14503629548025102,-1.6157768553001717
2023-10-01 00:25:00,-0.4019507718804709,-0.15791898589956108,-1.5873570153166703
2023-10-01 00:30:00,-0.31217634592399435,-0.6910936322027302,-1.4302924079554074
2023-10-01 00:35:00,-0.3223824539242059,-0.18189994285690134,-1.5045171796468617
2023-10-01 00:40:00,-0.3106690975796059,-0.17570737614447954,-1.5963975091860467
2023-10-01 00:45:00,-0.7696089990183231,-0.1550875328690264,-1.6155784292673485
2023-10-01 00:50:00,-0.7853757604883536,-0.1667854260659766,-1.496141152951822
2023-10-01 00:55:00,-0.7836882343980328,-0.1666987288990415,-1.4683262442040566
2023-10-01 01:00:00,-0.8096706069213057,-0.8384669921587771,-1.552509403970457
2023-10-01 01:05:00,-0.813924355238468,-0.15403721882394983,-1.5966841521184791
2023-10-01 01:10:00,-0.7849374677882138,-0.1411438995311257,-1.6672385411291022
2023-10-01 01:15:00,-0.7809449497288805,-0.1653142571165646,-1.4738484941431131
2023-10-01 01:20:00,-0.7841348916389596,-0.15768025711267036,-1.498877661668352
2023-10-01 01:25:00,-0.7870568154749996,-0.15970440253711435,-1.5366285059964304
2023-10-01 01:30:00,-1.0955295056807737,-0.8695830676771349,-1.6445297108765418
2023-10-01 01:35:00,-1.1183645361085413,-0.16012808720445762,-1.5514531892227688
2023-10-01 01:40:00,-1.1249636900970466,-0.15991970097418828,-1.5284076082657496
2023-10-01 01:45:00,-1.1911583011359916,-0.15731827837512138,-1.5172131106806048
2023-10-01 01:50:00,-1.188291250731074,-0.16546875225017593,-1.458971616151204
2023-10-01 01:55:00,-1.1842477866409569,-0.17025448669603557,-1.4243215398727649
2023-10-01 02:00:00,-1.4512109939717448,-0.9394409729235385,-1.3828003041584427
2023-10-01 02:05:00,-1.44090080129267,-0.15804664438474733,-1.453573896867235
2023-10-01 02:10:00,-1.432718002183333,-0.15242083664886794,-1.5419622114587466
2023-10-01 02:15:00,-1.5695315073432374,-0.16013657663486777,-1.5310811098205392
2023-10-01 02:20:00,-1.5513895080576,-0.16133686138482847,-1.5023354165220473
2023-10-01 02:25:00,-1.5469085406743335,-0.158080311898554,-1.5373948455880242
2023-10-01 02:30:00,-1.521086065840145,-1.0076250684435009,-1.4723369563103001
2023-10-01 02:35:00,-1.5250736263691702,-0.18139543638689903,-1.443738812479665
2023-10-01 02:40:00,-1.4932121518387278,-0.16063807358458107,-1.5245864847864143
2023-10-01 02:45:00,-1.8041066478174195,-0.1630835507276237,-1.400587302765428
2023-10-01 02:50:00,-1.8056260565986628,-0.16755404882404723,-1.4654935333287848
2023-10-01 02:55:00,-1.8007738624106486,-0.17880781756776562,-1.3309158608569416
2023-10-01 03:00:00,-1.856056575426273,-0.19157414847099155,-1.3671417058756818
2023-10-01 03:05:00,-1.8318829135433188,-0.17490287596976367,-1.5113767658282973
2023-10-01 03:10:00,-1.8068652635465614,-0.16542281057000563,-1.4613306848929757
2023-10-01 03:15:00,-2.1134453742021364,-0.16446787333888502,-1.4365097294686349
2023-10-01 03:20:00,-2.1279719422645393,-0.16524813008038317,-1.483696899150833
2023-10-01 03:25:00,-2.1124203833546757,-0.15819135569792633,-1.5080429244084592
2023-10-01 03:30:00,-2.1374125377307402,-0.7814733565550825,-1.4787030457957386
2023-10-01 03:35:00,-2.1429178587333664,-0.16171316926661747,-1.510974526069087
2023-10-01 03:40:00,-2.1297956792873483,-0.15346522812848593,-1.566930196240847
2023-10-01 03:45:00,-2.195341874493222,-0.15982541146406948,-1.4977034063240857
2023-10-01 03:50:00,-2.205486810987762,-0.1724493723495976,-1.3575403788946996
2023-10-01 03:55:00,-2.184705058489813,-0.16112603055566366,-1.336682724792472
2023-10-01 04:00:00,-2.3543259405054457,-1.174217658089964,-1.2900034954664332
2023-10-01 04:05:00,-2.366703237112327,-0.1625778892130561,-1.4248456053839111
2023-10-01 04:10:00,-2.3498563637930943,-0.14936907210600367,-1.4831961792248338
2023-10-01 04:15:00,-2.444783779341775,-0.160336731062499,-1.3749364375583513
2023-10-01 04:20:00,-2.4604201385643094,-0.16158113247411496,-1.3719822364134138
2023-10-01 04:25:00,-2.4528551625114012,-0.1668300599442954,-1.3953073781077483
2023-10-01 04:30:00,-2.829310724504962,-1.1445574057939152,-1.4129434391083957
2023-10-01 04:35:00,-2.8221925673866566,-0.15225864386432034,-1.486184459926215
2023-10-01 04:40:00,-2.840975370702611,-0.15694791009670317,-1.4347078675581895
2023-10-01 04:45:00,-2.72654617926442,-0.14561239290978417,-1.5470596653256257
2023-10-01 04:50:00,-2.7615437472556112,-0.1694972916850449,-1.323243292455477
2023-10-01 04:55:00,-2.7596853773504644,-0.1601534395679581,-1.4258158557315261
2023-10-01 05:00:00,-2.81292812419095,-1.207845223079334,-1.4404381578343055
2023-10-01 05:05:00,-2.836451593344005,-0.15905206607178635,-1.3728587406084647
2023-10-01 05:10:00,-2.8290116768784754,-0.16167487900750885,-1.39779437114502
2023-10-01 05:15:00,-2.8217303112793237,-0.18042783058791034,-1.337147417164327
2023-10-01 05:20:00,-2.8232294606680006,-0.1697545094161132,-1.4212816024263477
2023-10-01 05:25:00,-2.818104568472707,-0.15853730473358815,-1.5232411305978946
2023-10-01 05:30:00,-3.0412140934403715,-1.6525944042940055,-1.4991260565845177
2023-10-01 05:35:00,-3.001939593631952,-0.12336243536804091,-1.75107894233676
2023-10-01 05:40:00,-3.0064781442233155,-0.12143723472100619,-1.8120549350693163
2023-10-01 05:45:00,-2.932775241422559,-0.13226386842726162,-1.6848283818272685
2023-10-01 05:50:00,-2.9612240943442876,-0.14758985933482666,-1.4928473086470366
2023-10-01 05:55:00,-2.9619427384536947,-0.14763099778566935,-1.5047185903300242
2023-10-01 06:00:00,-2.8991796252754476,-1.4383124478452174,-1.443820183197904
2023-10-01 06:05:00,-2.9218984358310047,-0.16031601595596884,-1.4491216961153666
2023-10-01 06:10:00,-2.9253973843405494,-0.15880714048074585,-1.4959718489357683
2023-10-01 06:15:00,-2.899644332723018,-0.1511518462804173,-1.427680244205254
2023-10-01 06:20:00,-2.9090165955525826,-0.16090440144609847,-1.3207893906230905
2023-10-01 06:25:00,-2.8985438694616574,-0.15072162312907358,-1.407147088681396
2023-10-01 06:30:00,-2.874370643126347,-1.3533960839655164,-1.344496453971009
2023-10-01 06:35:00,-2.8752168815000916,-0.16708720771130933,-1.317578018186971
2023-10-01 06:40:00,-2.8752345563573205,-0.16784582939916248,-1.3227243552831842
2023-10-01 06:45:00,-2.9948499644523077,-0.16704021625903445,-1.2368248886146587
2023-10-01 06:50:00,-2.9843375620953103,-0.15543912345402328,-1.3776080933476285
2023-10-01 06:55:00,-2.982210263430983,-0.15683821811146204,-1.3522102759499466
2023-10-01 07:00:00,-3.1762636360296788,-1.27803047580314,-1.290398834504856
2023-10-01 07:05:00,-3.18301631368338,-0.14142981762624643,-1.3894735030062881
2023-10-01 07:10:00,-3.1900349426681327,-0.14652672333113134,-1.3430410608976975
2023-10-01 07:15:00,-3.088147909316913,-0.16108348927311086,-1.3104178329257279
2023-10-01 07:20:00,-3.0651723820019243,-0.15391209464353436,-1.342420936822592
2023-10-01 07:25:00,-3.0825093320763046,-0.1552196171782047,-1.3742268050914659
2023-10-01 07:30:00,-2.873434576541096,-1.4117098676506872,-1.3872725065651683
2023-10-01 07:35:00,-2.8827948850745915,-0.16610278126491593,-1.3956540386090193
2023-10-01 07:40:00,-2.883245265969562,-0.16280605302277248,-1.4357416746918648
2023-10-01 07:45:00,-2.804966573705089,-0.17563225052188836,-1.368561507208648
2023-10-01 07:50:00,-2.790337590674766,-0.16720816006836237,-1.4632076072762685
2023-10-01 07:55:00,-2.7920625438280244,-0.1591877707115341,-1.5038342099117306
2023-10-01 08:00:00,-2.822158683549514,-1.4341850451281692,-1.4713661419143496
2023-10-01 08:05:00,-2.835900983898286,-0.15232864400314838,-1.4144388912424406
2023-10-01 08:10:00,-2.8560945805442493,-0.16066477757472594,-1.3884025758100225
2023-10-01 08:15:00,-2.7332948524007183,-0.14233571040337606,-1.6431168680914605
2023-10-01 08:20:00,-2.7646307965785675,-0.16215900009874934,-1.1416774959092209
2023-10-01 08:25:00,-2.7818784742172817,-0.15921284539637115,-1.2731191344369268
2023-10-01 08:30:00,-2.7278922104404235,-1.42037989881938,-1.2804190366353985
2023-10-01 08:35:00,-2.7665234389662823,-0.167158171440246,-1.179201924734636
2023-10-01 08:40:00,-2.7416102953328623,-0.16517688407231945,-1.0898479915878871
2023-10-01 08:45:00,-2.612394214348828,-0.17183422815010915,-1.1591131981146474
2023-10-01 08:50:00,-2.6331756794389203,-0.17393074276069026,-1.1371541962655682
2023-10-01 08:55:00,-2.632678154311878,-0.18132540500576722,-1.0501584078604393
2023-10-01 09:00:00,-2.87240184196923,-1.3077030316781968,-1.1700339527224615
2023-10-01 09:05:00,-2.8994997458143916,-0.1756975771151882,-1.139824779016258
2023-10-01 09:10:00,-2.8809396301665844,-0.1642585991853665,-1.2129605661983982
2023-10-01 09:15:00,-2.5993646898557956,-0.18556839954201007,-1.2227072626442248
2023-10-01 09:20:00,-2.6145121251089214,-0.17968931565007348,-1.2621021686288492
2023-10-01 09:25:00,-2.590471533237304,-0.17179099084032326,-1.3757041926813043
2023-10-01 09:30:00,-2.5961346321701355,-1.4948047576515853,-1.3606317325029618
2023-10-01 09:35:00,-2.600692498957133,-0.17502828558926645,-1.3418015627970086
2023-10-01 09:40:00,-2.617955272053149,-0.18765720329135258,-1.252484825022452
2023-10-01 09:45:00,-2.7056615123553938,-0.18792171875756897,-1.19612090256562
2023-10-01 09:50:00,-2.722706195756831,-0.19294244071457453,-1.1924238084744685
2023-10-01 09:55:00,-2.715790706818187,-0.18747906765570205,-1.2381747943578134
2023-10-01 10:00:00,-2.8290297340209962,-1.2957247626632682,-1.0977065687975545
2023-10-01 10:05:00,-2.834056740797143,-0.17891256286051274,-1.1591241351937636
2023-10-01 10:10:00,-2.8536189570054384,-0.18996563300065206,-1.096852708150253
2023-10-01 10:15:00,-3.098017333526668,-0.1755351065679629,-1.0652865707314547
2023-10-01 10:20:00,-3.0945272395742625,-0.1744077850341739,-1.0658416855925847
2023-10-01 10:25:00,-3.0880904023577336,-0.17075812528916273,-1.0278167430875482
2023-10-01 10:30:00,-2.7577720145495914,-0.1800539905216705,-1.1435954290716952
2023-10-01 10:35:00,-2.747975713640295,-0.17391628522044972,-1.2554190380902386
2023-10-01 10:40:00,-2.777478981128426,-0.17728911847215262,-1.2403601099663335
2023-10-01 10:45:00,-2.7195844771379956,-0.17404521484760976,-1.2370815874765406
2023-10-01 10:50:00,-2.7001178484918844,-0.1742349894639293,-1.244624779935067
2023-10-01 10:55:00,-2.7136128712273866,-0.1821325945275642,-1.1282851047827838
2023-10-01 11:00:00,-2.8151429220687025,-1.0696896995841367,-1.2235113110317508
2023-10-01 11:05:00,-2.7928397522435287,-0.1534374660961786,-1.2401272961286471
2023-10-01 11:10:00,-2.773000057183246,-0.15127156007720377,-1.1397376185617636
2023-10-01 11:15:00,-2.755786094159136,-0.16285310222111798,-1.1298528433055874
2023-10-01 11:20:00,-2.7658484266943097,-0.16162898225617528,-1.1651236012022315
2023-10-01 11:25:00,-2.756702958408145,-0.14839955747046915,-1.2534286244211406
2023-10-01 11:30:00,-2.650336724342361,-1.559712905425908,-1.209241517724261
2023-10-01 11:35:00,-2.655761035603165,-0.1476021063588444,-1.1743580396268207
2023-10-01 11:40:00,-2.677764406243584,-0.16666847923487438,-1.1704146371405328
2023-10-01 11:45:00,-2.7256915486445537,-0.15798828854790295,-1.1264867467626134
2023-10-01 11:50:00,-2.701265857479498,-0.1285688251856501,-1.2057423853786833
2023-10-01 11:55:00,-2.7087197743126943,-0.13967485263551244,-1.2186911185589888
2023-10-01 12:00:00,-2.7203085171017287,-1.5383034358745107,-1.0393329609653568
2023-10-01 12:05:00,-2.715089769597272,-0.14422406243890307,-1.116687503186546
2023-10-01 12:10:00,-2.6919076462613454,-0.13840224811302818,-1.167854721101487
2023-10-01 12:15:00,-2.719380597655253,-0.15719888389568243,-0.9464621614945669
2023-10-01 12:20:00,-2.7061287047196787,-0.1443557510144767,-1.0488897122648009
2023-10-01 12:25:00,-2.7350715176262037,-0.15821685886664552,-1.0574461355998688
2023-10-01 12:30:00,-3.166906315331012,-1.467928891921705,-1.0476598477322825
2023-10-01 12:35:00,-3.1668637086631777,-0.13624146388314773,-1.139915886523233
2023-10-01 12:40:00,-3.1640444526584526,-0.131683337208519,-1.1865935621505361
2023-10-01 12:45:00,-3.161131254882329,-0.1267721840827107,-1.2383553012303197
2023-10-01 12:50:00,-3.174926000888384,-0.1488421246206117,-1.1137953248137145
2023-10-01 12:55:00,-3.185503923648716,-0.1512033529548195,-1.1073252143211296
2023-10-01 13:00:00,-2.8913020305586876,-1.665730234010543,-1.0091529376477517
2023-10-01 13:05:00,-2.900760826529848,-0.1744118673667778,-0.9846015653602558
2023-10-01 13:10:00,-2.8923796004911586,-0.16481072035060118,-1.1084759546004865
2023-10-01 13:15:00,-2.9396034772550705,-0.15693830366695144,-1.1073408246033274
2023-10-01 13:20:00,-2.950775773120009,-0.15538931909293277,-1.1183967981602991
2023-10-01 13:25:00,-2.9671240147367266,-0.16360543967485588,-1.1455144112442335
2023-10-01 13:30:00,-3.148084098900532,-1.708710402701002,-0.864430177891514
2023-10-01 13:35:00,-3.186432926272523,-0.17072173506137364,-0.7341490476065121
2023-10-01 13:40:00,-3.1680384466665763,-0.15973652117541634,-0.8798758180370098
2023-10-01 13:45:00,-3.1726309773041006,-0.16074027655402753,-0.9604902704004239
2023-10-01 13:50:00,-3.1661995573279023,-0.14992150498713158,-1.1080588197429289
2023-10-01 13:55:00,-3.1723896199684676,-0.14789467971978387,-1.1309045911174074
2023-10-01 14:00:00,-3.1696291402370806,-1.2131816773006903,-1.071272187873538
2023-10-01 14:05:00,-3.1654513638677533,-0.14715264755565466,-1.1423860410492648
2023-10-01 14:10:00,-3.1690407028409515,-0.14781863169708886,-1.0763213133141338
2023-10-01 14:15:00,-3.0884835317889854,-0.17066448960883387,-0.9352956095328133
2023-10-01 14:20:00,-3.0851314866049586,-0.17341557704899294,-0.9629320013732713
2023-10-01 14:25:00,-3.0760329595283955,-0.17595380780537126,-0.8963810707613085
2023-10-01 14:30:00,-3.154083764311443,-1.35250849889157,-0.9143344163165421
2023-10-01 14:35:00,-3.1425842521843235,-0.1687004132372148,-0.7186095089407281
2023-10-01 14:40:00,-3.1148748592896323,-0.1819709846451907,-0.36178725499870684
2023-10-01 14:45:00,-3.158298641385591,-0.16888493765298357,-0.8453162713144671
2023-10-01 14:50:00,-3.1672372385705265,-0.13876697339940172,-1.1302016065090013
2023-10-01 14:55:00,-3.1649911149431413,-0.14056097636397735,-0.9544396211616816
2023-10-01 15:00:00,-3.1439271535306,-1.740233167158242,-0.8987684074817995
2023-10-01 15:05:00,-3.1690116577762373,-0.15367367457804856,-0.8971643035649329
2023-10-01 15:10:00,-3.1647145747119967,-0.14930764309106867,-1.0287804369024471
2023-10-01 15:15:00,-2.881692046308069,-0.1636265467209467,-1.164750149616282
2023-10-01 15:20:00,-2.883768767997151,-0.1822798925341047,-0.8026401616765125
2023-10-01 15:25:00,-2.85771622272954,-0.18208433248863837,-0.5326242235820432
2023-10-01 15:30:00,-3.0925409048191956,-1.4365249555305262,-0.24389102588879233
2023-10-01 15:35:00,-3.1320211782794667,-0.17288338778517634,-0.35182151207985535
2023-10-01 15:40:00,-3.1473080011714627,-0.1595811915298583,-0.7198313529732756
2023-10-01 15:45:00,-3.073330475892674,-0.16171241980253204,-0.9263420921252036
2023-10-01 15:50:00,-3.088655424233607,-0.16929863817449986,-0.9667135388230961
2023-10-01 15:55:00,-3.07980752882865,-0.1787434003047329,-0.8843089088754097
2023-10-01 16:00:00,-2.7487214236683113,-1.665205873356486,-0.9976055014374321
2023-10-01 16:05:00,-2.7677448369610196,-0.16549556115578182,-1.1131793560258083
2023-10-01 16:10:00,-2.7765647550663672,-0.1707272340082036,-0.9822378252655148
2023-10-01 16:15:00,-2.7026696116682074,-0.16367617087781627,-0.9840843312697619
2023-10-01 16:20:00,-2.717551665589337,-0.18261732825796242,-0.9270389946346742
2023-10-01 16:25:00,-2.7117309565850864,-0.18636943056145047,-0.8570579667147752
2023-10-01 16:30:00,-2.616564429279712,-1.3108155447884682,-0.8585938558735301
2023-10-01 16:35:00,-2.6398989598656106,-0.18805760658561468,-0.8899123105421131
2023-10-01 16:40:00,-2.6376680097487437,-0.17151329305478402,-1.0686471987772703
2023-10-01 16:45:00,-2.546750422274293,-0.1934634715849554,-0.9949256162263769
2023-10-01 16:50:00,-2.4595353449486574,-0.20868032932724098,-0.17367787367395351
2023-10-01 16:55:00,-2.397653403972446,-0.2767996893069136,0.6637739980914908
2023-10-01 17:00:00,-2.4548460356693966,-1.6868367109483764,-0.25215683271155154
2023-10-01 17:05:00,-2.5099729570419678,-0.2023337415881013,-0.6061629449925178
2023-10-01 17:10:00,-2.515325120175905,-0.21173711231922654,-0.6205602423762271
2023-10-01 17:15:00,-2.5460436011560152,-0.1800964837823495,-0.9297885942440994
2023-10-01 17:20:00,-2.549680060194187,-0.1787528703914178,-0.8585432388764211
2023-10-01 17:25:00,-2.549700858995386,-0.1896129900070849,-0.6718658486621251
2023-10-01 17:30:00,-2.3437023075781247,-1.4671544566074661,-0.6903447702225753
2023-10-01 17:35:00,-2.3523564506343155,-0.1988187682174936,-0.8479084572824751
2023-10-01 17:40:00,-2.369971228651547,-0.2121972872177672,-0.7276333031463939
2023-10-01 17:45:00,-2.5727630977709945,-0.19928448692269296,-0.679680251233043
2023-10-01 17:50:00,-2.561161300781982,-0.19272131064423234,-0.7710019322812794
2023-10-01 17:55:00,-2.5532785157566384,-0.19136101000244046,-0.8274215212419188
2023-10-01 18:00:00,-2.3473120793108126,-0.2075263927769645,-0.8844597008281918
2023-10-01 18:05:00,-2.3280316366647305,-0.19054458478846845,-1.0416149787205478
2023-10-01 18:10:00,-2.3327326181433703,-0.18352665209392485,-1.0725826510035104
2023-10-01 18:15:00,-2.1519772805469093,-0.1944844740359932,-1.025605288907472
2023-10-01 18:20:00,-2.1608682084025364,-0.20431017426353884,-0.9755546173112395
2023-10-01 18:25:00,-2.159509099067684,-0.2140614775276788,-0.8877690029322576
2023-10-01 18:30:00,-2.217790085362304,-0.638885732048016,-0.858172075756175
2023-10-01 18:35:00,-2.2282342454117248,-0.17940916267953266,-0.9534091796017793
2023-10-01 18:40:00,-2.2522518914247645,-0.17636298998990838,-1.101765768095312
2023-10-01 18:45:00,-2.1800078932593037,-0.18057806582870634,-1.105350726907602
2023-10-01 18:50:00,-2.155976911732623,-0.18491891768464966,-0.8279384855444729
2023-10-01 18:55:00,-2.094932574235588,-0.2030777664151601,-0.22776233885345
2023-10-01 19:00:00,-1.6374557790017588,-1.3810436871718585,-0.023420543615226122
2023-10-01 19:05:00,-1.6523508021050872,-0.25844180263290445,-0.18046209056703472
2023-10-01 19:10:00,-1.7032784245726298,-0.19132428762735354,-0.7853271595508484
2023-10-01 19:15:00,-1.6544124989540856,-0.13255404060781134,-1.101638902450354
2023-10-01 19:20:00,-1.6592688044534027,-0.13608218182842144,-1.237263797927545
2023-10-01 19:25:00,-1.6687741755041956,-0.12735370867624266,-1.1691252780442543
2023-10-01 19:30:00,-1.5671296534220784,-0.7106035087442155,-0.7759429174674829
2023-10-01 19:35:00,-1.5574964097005919,-0.2183846358633732,-0.39548072245707994
2023-10-01 19:40:00,-1.5358043152264547,-0.23497682648589188,-0.25799045476869675
2023-10-01 19:45:00,-1.8217776559897723,-0.21401699072366884,-0.2154986675084886
2023-10-01 19:50:00,-1.831536183311168,-0.1966275814420513,-0.575603566501952
2023-10-01 19:55:00,-1.8153982642071371,-0.21655580968492547,-0.30348709060198753
2023-10-01 20:00:00,-1.4331055258324783,-0.40628745690936185,0.8729376158938509
2023-10-01 20:05:00,-1.4157902751581741,-0.3004676320530805,0.6071745840404994
2023-10-01 20:10:00,-1.4328004756357442,-0.28138656036049514,0.35004027559278555
2023-10-01 20:15:00,-1.7108289374489263,-0.2619348056348585,0.5399794417075261
2023-10-01 20:20:00,-1.6621091533141,-0.3064455432572313,1.3348715083246463
2023-10-01 20:25:00,-1.73757047202368,-0.27494968657663504,0.7233904243301179
2023-10-01 20:30:00,-1.5767183067783042,-1.0328103379534037,1.7283490746771883
2023-10-01 20:35:00,-1.7069623299095122,-0.2994820141888606,0.4845468203941706
2023-10-01 20:40:00,-1.734548221732507,-0.2689058901993222,0.4046137465046733
2023-10-01 20:45:00,-1.0978763983365223,-0.35912205460960156,1.4533200374206292
2023-10-01 20:50:00,-1.0851256348342653,-0.3829680548518619,1.8844970126155116
2023-10-01 20:55:00,-1.1679912324330453,-0.31789141661070786,0.5947693429970591
2023-10-01 21:00:00,-1.3579405525779913,-0.5252413501697074,-0.19342293380887773
2023-10-01 21:05:00,-1.3396138074002917,-0.2441081264010603,-0.030458386165452222
2023-10-01 21:10:00,-1.2784599412626232,-0.2934449945400191,0.5336342301305336
2023-10-01 21:15:00,-1.1940712307869386,-0.27851897824313476,0.3776147159593957
2023-10-01 21:20:00,-1.1626114478132923,-0.27901656141006603,0.49763555890396716
2023-10-01 21:25:00,-1.1972679308901026,-0.24763304743620157,-0.27762484360281797
2023-10-01 21:30:00,-0.5127722385887825,-0.7495372563221847,-0.6407780613583499
2023-10-01 21:35:00,-0.5138992160432158,-0.24018246758944117,-0.8291536027526464
2023-10-01 21:40:00,-0.5374841410696767,-0.25324754253670034,-0.780583747132658
2023-10-01 21:45:00,-0.582060792635245,-0.20616935407340445,-0.9169575144619282
2023-10-01 21:50:00,-0.5720417182590933,-0.19931017700206685,-0.9678197715155938
2023-10-01 21:55:00,-0.3221402783804206,-0.3741010084353118,2.0969118488001977
2023-10-01 22:00:00,0.19383054358603458,-0.48124554280135834,1.2653074351238955
2023-10-01 22:05:00,0.09057032675564125,-0.3270869157498256,0.3851627908592271
2023-10-01 22:10:00,-0.013609793851977336,-0.2581631301180788,-0.7059084369042735
2023-10-01 22:15:00,-0.10968021393599321,-0.22435913026206813,-0.9048457134145841
2023-10-01 22:20:00,-0.117797403578265,-0.22451263651965728,-0.9727896475690853
2023-10-01 22:25:00,-0.11687023485781388,-0.22257806399079189,-1.009574050040504
2023-10-01 22:30:00,-0.1961397535473799,-0.7300953131598767,-0.8954282969108169
2023-10-01 22:35:00,-0.20335175348586101,-0.23378023562094558,-0.7260054793185373
2023-10-01 22:40:00,-0.20383070852578658,-0.22238777102608695,-0.9299484194885759
2023-10-01 22:45:00,-0.0530554058120478,-0.20151231303100753,-1.090732645364057
2023-10-01 22:50:00,-0.04925048132431099,-0.1939163153002203,-1.1158487456457369
2023-10-01 22:55:00,-0.03266628257393181,-0.19071344618464306,-1.082121368011673
2023-10-01 23:00:00,0.263778508790008,-0.34949966285408607,-1.1755250810592028
2023-10-01 23:05:00,0.24345544855624707,-0.21538843924879433,-1.165414376388786
2023-10-01 23:10:00,0.27497863288038893,-0.2007625032130547,-1.255828644457681
2023-10-01 23:15:00,0.15162049011840786,-0.1994231884784726,-1.3400462284682615
2023-10-01 23:20:00,0.1557812606643005,-0.1902312987737939,-1.406411129920404
2023-10-01 23:25:00,0.17334745973780843,-0.1895648346636528,-1.298539829013608
2023-10-01 23:30:00,0.43724054979317944,-0.3793464370066679,-1.3804730963477128
2023-10-01 23:35:00,0.43124604441703773,-0.20752226689994796,-1.1941720242239622
2023-10-01 23:40:00,0.4304973899200755,-0.20107397226715812,-1.2705865374859904
2023-10-01 23:45:00,0.45883805401785616,-0.21906521084271427,-0.9453290683591622
2023-10-01 23:50:00,0.4533925986621827,-0.2082145670554719,-1.1562611354198724
2023-10-01 23:55:00,0.45196787934720517,-0.183274353452363,-1.3768011043154587
2023-10-02 00:00:00,0.4630066594235656,-0.3485453861387493,-0.5803631021117729
2023-10-02 00:15:00,0.35021534183595765,-0.19691153699944036,-1.2053957606789987
2023-10-02 00:20:00,0.3686138945526105,-0.19013474473492895,-1.300086106539285
2023-10-02 00:25:00,0.36041968598028934,-0.1944426101948856,-1.2034470503464525
2023-10-02 00:30:00,0.33236908601367915,-0.1776363930647003,-1.2604760625275035
2023-10-02 00:35:00,0.3226147111657849,-0.18891485321723106,-1.2307674169013658
2023-10-02 00:40:00,0.31222507762034396,-0.1841412309013381,-1.3542116395342254
2023-10-02 00:45:00,0.3446010488715273,-0.1787346569901559,-1.3837609751664661
2023-10-02 00:50:00,0.3942361214385729,-0.19841232761854385,-0.9904003744587363
2023-10-02 00:55:00,0.34988971097895677,-0.19127483013203123,-1.2089636567249062
2023-10-02 01:00:00,0.4222781193444845,-0.15898817682298766,-1.3610457094747184
2023-10-02 01:05:00,0.4260461872262823,-0.19406946700268207,-1.314490417349467
2023-10-02 01:10:00,0.42211581874488,-0.20933706079894326,-1.0889116774972303
2023-10-02 01:15:00,0.32831494400729366,-0.22087585925254105,-0.9219783968553409
2023-10-02 01:20:00,0.36115587970687146,-0.23230976150384516,-0.5813340582373024
2023-10-02 01:25:00,0.3879906340511879,-0.2182282028738908,-0.6992407361981046
2023-10-02 01:30:00,0.6619150616444404,-0.2507061506558472,-0.4628544109869813
2023-10-02 01:35:00,0.6472643474925263,-0.25167780401629786,-0.5290819270783593
2023-10-02 01:40:00,0.5982024878523675,-0.234317259168813,-1.029534636407454
2023-10-02 01:45:00,0.3999061530800824,-0.2111199241083169,-1.2536190103989775
2023-10-02 01:50:00,0.42248565330084625,-0.19494569566049347,-1.2711332343945234
2023-10-02 01:55:00,0.3997037569267138,-0.21444270341053348,-1.2140208890633706
2023-10-02 02:00:00,0.28328832640580565,-0.5770393234963873,-1.2952539469258484
2023-10-02 02:05:00,0.2539079550632758,-0.21517251825431996,-1.1021361841764246
2023-10-02 02:10:00,0.25792408215949514,-0.2125033041165755,-1.08434324949718
2023-10-02 02:15:00,0.3527683560123617,-0.20533068225224457,-1.2122393029928722
2023-10-02 02:20:00,0.4111751886500365,-0.23078516380508282,-0.542453898096442
2023-10-02 02:25:00,0.4271065597325023,-0.26437988847922617,-0.16579028117861763
2023-10-02 02:30:00,0.6052174482516164,0.1219632924573248,0.3083618322659533
2023-10-02 02:35:00,0.6576685156896807,-0.3302484118816713,0.8867143924743263
2023-10-02 02:40:00,0.6330769316100543,-0.30951202040890513,0.49203471752557115
2023-10-02 02:45:00,0.4837392840372241,-0.2516598463681413,-0.39669463191809023
2023-10-02 02:50:00,0.4226740513471669,-0.20477766746174966,-1.2726519661526996
2023-10-02 02:55:00,0.4020147780923972,-0.2019105069455459,-1.3313611876968259
2023-10-02 03:00:00,0.05608880780560473,0.24680780380428022,-1.2861306235737895
2023-10-02 03:05:00,0.05864015367496207,-0.18506697646311598,-1.177214477904107
2023-10-02 03:10:00,0.07247607622482635,-0.19664099777672628,-1.0209974707658465
2023-10-02 03:15:00,0.32813254019506805,-0.19451028514725235,-1.2497512665283765
2023-10-02 03:20:00,0.36505991768465446,-0.23512460497040025,-0.6637975546626554
2023-10-02 03:25:00,0.3843300623864787,-0.2391768811054074,-0.5778959005700236
2023-10-02 03:30:00,0.32225077306045746,0.23095687368089887,-1.258921063002071
2023-10-02 03:35:00,0.3119404570991027,-0.18833727982419948,-1.3108208783364679
2023-10-02 03:40:00,0.29903529270086904,-0.19051103066115604,-1.3476687165404218
2023-10-02 03:45:00,0.21279617793507047,-0.17211337055839251,-1.5032024787358997
2023-10-02 03:50:00,0.23322428294168562,-0.19669334316419435,-1.0652260154340936
2023-10-02 03:55:00,0.4065026176921109,-0.3490354371328292,1.2175780462020738
2023-10-02 04:00:00,0.22860205259309718,0.07078682441248046,-0.2556733249126379
2023-10-02 04:05:00,0.16082335557288047,-0.21730430376446336,-0.8182877951064323
2023-10-02 04:10:00,0.17074795701568998,-0.22381870015214084,-0.6059681097660541
2023-10-02 04:15:00,0.38684476494496484,-0.23717395240535205,-0.366273626625596
2023-10-02 04:20:00,0.4712770362507986,-0.2515001451977624,0.06677157555312391
2023-10-02 04:25:00,0.3895268946393964,-0.20099044020246248,-0.7949080351617478
2023-10-02 04:30:00,0.3921769423509218,0.14153770105028585,-0.869076890272343
2023-10-02 04:35:00,0.43763425620344587,-0.22470013862773322,-0.6262338993123666
2023-10-02 04:40:00,0.38741254138080466,-0.21565175398101283,-1.0380032533639094
2023-10-02 04:45:00,0.3163237878394875,-0.2119985298106699,-0.9781837826460341
2023-10-02 04:50:00,0.31374999248757857,-0.21275954172136177,-1.010842552280254
2023-10-02 04:55:00,0.3161004022225643,-0.18525203793644507,-1.4212371236868013
2023-10-02 05:00:00,0.29599609245879627,-0.2484355655006414,-1.373467070532724
2023-10-02 05:05:00,0.317937619708106,-0.20103223046110966,-1.205969478485696
2023-10-02 05:10:00,0.3194783579994869,-0.23392280780268693,-0.8302300640905741
2023-10-02 05:15:00,0.5359467769711231,-0.23278986226112078,-0.9972414745854901
2023-10-02 05:20:00,0.5318133677990371,-0.22639870793836198,-1.071441539256412
2023-10-02 05:25:00,0.5272331635547566,-0.23118464021444451,-1.1382502841200262
2023-10-02 05:30:00,0.33946897025420786,0.007401960441528902,-1.172201621368139
2023-10-02 05:35:00,0.3452439877366969,-0.23000567065029928,-1.102696112875422
2023-10-02 05:40:00,0.35176539427765446,-0.21831487302249258,-1.088704413592208
2023-10-02 05:45:00,0.7190913873591129,-0.24156751765382747,-1.1912565745258512
2023-10-02 05:50:00,0.7175370022791319,-0.25030491685965944,-1.1302413947473138
2023-10-02 05:55:00,0.7236614785421683,-0.25388366344138813,-1.127318445227681
2023-10-02 06:00:00,0.068489115149119,0.011408714313194715,-1.238840012690321
2023-10-02 06:05:00,0.0599184368604078,-0.2026347447694816,-1.2647070589515927
2023-10-02 06:10:00,0.07085542966443467,-0.2272051367768375,-0.7736843414850436
2023-10-02 06:15:00,0.4025962822168354,-0.2718229527610344,-0.4877958577489168
2023-10-02 06:20:00,0.37649345447690485,-0.2544575669882091,-0.8919700252936551
2023-10-02 06:25:00,0.3492615554753753,-0.23654481062630214,-1.0611504884366298
2023-10-02 06:30:00,0.2720157343000902,-0.23347373206898575,-1.063783062902397
2023-10-02 06:35:00,0.2802719898294282,-0.2504613048802091,-0.941152192568822
2023-10-02 06:40:00,0.2895297961598354,-0.25526153290159415,-0.8223665953645848
2023-10-02 06:45:00,0.5636767276452996,-0.2700464855048919,-0.6821839614636697
2023-10-02 06:50:00,0.5662854647193097,-0.2669945733087275,-0.7211988906695379
2023-10-02 06:55:00,0.5755700214430306,-0.2742894730836657,-0.5676490944430187
2023-10-02 07:00:00,0.3549547233544843,-0.053158356635256865,-0.4733357023825914
2023-10-02 07:05:00,0.3697933941129492,-0.2672169358073502,-0.6797468164840095
2023-10-02 07:10:00,0.4144631368696215,-0.2525984692316077,-0.793015628004843
2023-10-02 07:15:00,0.4317941088636946,-0.2708107315485008,-0.6562125563545005
2023-10-02 07:20:00,0.44434037323393105,-0.29424336970517756,-0.4112458018093834
2023-10-02 07:25:00,0.46783171537046275,-0.3142594307773047,-0.16006456624466175
2023-10-02 07:30:00,0.6354304365146792,0.268887138593895,0.21614349742073288
2023-10-02 07:35:00,0.6163152369507952,-0.2824664892354704,-0.2960551690852294
2023-10-02 07:40:00,0.578003534026429,-0.2723488463491918,-0.6665249342989336
2023-10-02 07:45:00,0.3725187735248841,-0.2627548265122258,-0.551459826710481
2023-10-02 07:50:00,0.38024012876606506,-0.2632680739765771,-0.54947088174157
2023-10-02 07:55:00,0.3984891879645974,-0.28601939469760485,-0.27217884556742966
2023-10-02 08:00:00,0.2886132114291582,0.7772793836746297,-0.4515938111483218
2023-10-02 08:05:00,0.27110360951270984,-0.23743020362426423,-0.7116870815478247
2023-10-02 08:10:00,0.2839928197210754,-0.21778223480631725,-0.8681729663658908
2023-10-02 08:15:00,0.40109642501936077,-0.22156194693701198,-0.8595092847122066
2023-10-02 08:20:00,0.3874532332079187,-0.23170499442832515,-0.7185077968611355
2023-10-02 08:25:00,0.38977524732663316,-0.2310334702999457,-0.7616038922741858
2023-10-02 08:30:00,0.23104827039602638,-0.0044965289112044084,-0.9915005738641471
2023-10-02 08:35:00,0.2440122851524095,-0.2156674896494103,-1.0645846252060518
2023-10-02 08:40:00,0.2673748616913625,-0.21592690271849552,-0.9731583508096222
2023-10-02 08:45:00,0.3793594298076243,-0.2394461342541204,-0.49819383234161657
2023-10-02 08:50:00,0.3737486084369329,-0.256606443997604,-0.3434741966242663
2023-10-02 08:55:00,0.3536324812460311,-0.23827633250903268,-0.7938058098491232
2023-10-02 09:00:00,0.7067005105254628,-0.26075018846688963,-0.8888044731472963
2023-10-02 09:05:00,0.7078221277498722,-0.27565584405099064,-0.5950835167909483
2023-10-02 09:10:00,0.6848314845966517,-0.26961768103527883,-0.7718418607059524
2023-10-02 09:15:00,0.6641596734699676,-0.2997872543901948,-0.3190770970197283
2023-10-02 09:20:00,0.63292219747675,-0.28041217143450026,-0.6166485152786809
2023-10-02 09:25:00,0.7279398974208505,-0.33626699499311885,0.6816789335731755
2023-10-02 09:30:00,0.6144704929691546,-1.1408436456944446,0.5308527980927884
2023-10-02 09:35:00,0.567549496648924,-0.318644952295526,-0.04894845198981164
2023-10-02 09:40:00,0.43754323924782257,-0.3892878325791957,0.6635672801022271
2023-10-02 09:45:00,0.38812851344846316,-0.396580313216041,0.9036188218872065
2023-10-02 09:50:00,0.3768288113695051,-0.4647184256100392,1.9565868830992184
2023-10-02 09:55:00,0.4490735110181036,-0.407997104340357,2.0211630190209915
2023-10-02 10:00:00,-0.15288818048488373,0.045314388899635925,0.13790575200935168
2023-10-02 10:05:00,-0.11861600012125872,-0.3050903623682844,-0.2899919183288029
2023-10-02 10:10:00,-0.10608846064565937,-0.2871854705447444,-0.3924221477962318
2023-10-02 10:15:00,0.1686974656533735,-0.3015740103944767,-0.5021565208620914
2023-10-02 10:20:00,0.17007427208520132,-0.2976960827171009,-0.5103521255545205
2023-10-02 10:25:00,0.16827604302668128,-0.2837406022230484,-0.7155388650350055
2023-10-02 10:30:00,-0.10269570438609911,-0.16113965680574086,-0.47129758244241593
2023-10-02 10:35:00,-0.07567442523921011,-0.2863671293906565,-0.46400152099052605
2023-10-02 10:40:00,-0.08786849103223655,-0.2688751378647997,-0.7413956109497167
2023-10-02 10:45:00,0.234358467654306,-0.27211735594546643,-0.8302761478201948
2023-10-02 10:50:00,0.25458311073673556,-0.2794398850634466,-0.7518452462809959
2023-10-02 10:55:00,0.24134646495429102,-0.27986124628608383,-0.7758806817632306
2023-10-02 11:00:00,0.08012222286488759,-0.12199848872503379,-0.8505225589084827
2023-10-02 11:05:00,0.11880941396333147,-0.24363707552147768,-0.9947509605095682
2023-10-02 11:10:00,0.14372437590098724,-0.2384452475246348,-1.0081419674837482
2023-10-02 11:15:00,-0.022315325172697267,-0.24809560413877083,-1.0189037779591976
2023-10-02 11:20:00,-0.05585676339404894,-0.2649926676039217,-0.8349028011033953
2023-10-02 11:25:00,-0.1282255177708652,-0.305116227731153,-0.4645224014497573
2023-10-02 11:30:00,-0.0759889809958722,-0.4207618135389343,-1.0090314215659784
2023-10-02 11:35:00,-0.06588116927923567,-0.26453454704495294,-0.9152817767620605
2023-10-02 11:40:00,-0.02838006205021564,-0.25923795340917194,-0.9899439787971827
2023-10-02 11:45:00,-0.6066217466785633,-0.2631815490205747,-0.7156489048247329
2023-10-02 11:50:00,-0.6816999117214988,-0.3354021780454423,0.007085612118468432
2023-10-02 11:55:00,-0.5619091190944236,-0.2518324412882087,-0.553761012124483
2023-10-02 12:00:00,0.0013674856633509236,-0.5901282280533331,-0.47372652448576397
2023-10-02 12:05:00,0.014867087378898164,-0.310225639688511,-0.05269443128287596
2023-10-02 12:10:00,0.07055033297492304,-0.3169790453642606,0.2191285101717632
2023-10-02 12:15:00,0.3450567880752164,-0.42380722819346345,0.7962634061318056
2023-10-02 12:20:00,0.03821658627595947,-0.5369939667480744,1.4159828377629453
2023-10-02 12:25:00,0.3613771318851141,-0.3829983035443059,0.11412321441371812
2023-10-02 12:30:00,0.0010068927309126552,-0.17916889099778835,-0.4579720021998955
2023-10-02 12:35:00,0.02007371044942791,-0.2725673156136342,-0.8906910081850051
2023-10-02 12:40:00,0.04546731782502328,-0.2613756397418601,-0.9013717332019747
2023-10-02 12:45:00,0.2597532559876254,-0.2923936199479684,-0.673792300821148
2023-10-02 12:50:00,0.2821802249318109,-0.2954063514781793,-0.6171171952181121
2023-10-02 12:55:00,0.3093079789757011,-0.2944280223465647,-0.5210987454393257
2023-10-02 13:00:00,-0.32931597491646203,-0.425924043848528,-0.6164730161543672
2023-10-02 13:05:00,-0.3320469909439912,-0.23169648441628668,-0.9777176500307792
2023-10-02 13:10:00,-0.3510602711676986,-0.21862121791120387,-1.136927715442949
2023-10-02 13:15:00,-1.2227219764555368,-0.1769852296662149,-1.3640097847353267
2023-10-02 13:20:00,-1.1852030450712518,-0.20041993581987003,-0.9723038245475517
2023-10-02 13:25:00,-1.1906404797624601,-0.20820048820529108,-1.0697181770911954
2023-10-02 13:30:00,-2.1163520934276083,-0.6324971693846555,-1.298904905741834
2023-10-02 13:35:00,-2.1398652155122106,-0.18430610286786114,-1.1446375969386398
2023-10-02 13:40:00,-2.1296695178287783,-0.18783194866267133,-1.0666958804875224
2023-10-02 13:45:00,-1.7070615308569057,-0.20636010289452447,-1.0864221161368128
2023-10-02 13:50:00,-1.7289731922607297,-0.216594177562851,-0.9926881293962204
2023-10-02 13:55:00,-1.72909416220564,-0.23231483186399274,-0.8466588452124855
2023-10-02 14:00:00,-1.6692699901379051,-0.3584624735797494,-0.7756096523667011
2023-10-02 14:05:00,-1.6402698026724205,-0.2360768107622819,-0.4008912457010779
2023-10-02 14:10:00,-1.6270978340313305,-0.25215606741881447,-0.2408289814976089
2023-10-02 14:15:00,-0.7202399800549177,-0.29539308248409235,-0.4043930826504596
2023-10-02 14:20:00,-0.7092239812923073,-0.29020117676829943,-0.550538264169892
2023-10-02 14:25:00,-0.697610750530175,-0.2971468194045409,-0.40747736313364874
2023-10-02 14:30:00,-0.8592876078348229,-0.2878555105025414,0.17300936041126122
2023-10-02 14:35:00,-0.7980517889228799,-0.3297224156402228,0.9482197894964491
2023-10-02 14:40:00,-0.7250929358183803,-0.34551222890532013,1.6585827320154807
2023-10-02 14:45:00,-0.41515587287491296,-0.37281385153353047,1.2805835479603578
2023-10-02 14:50:00,-0.43939936450896017,-0.4108915475744017,1.3792556290120577
2023-10-02 14:55:00,-0.4650572121147455,-0.39895870101696174,1.0007025075869889
2023-10-02 15:00:00,-0.5226211364442301,0.5980140554250714,1.083075476238874
2023-10-02 15:05:00,-0.4947955728124046,-0.40045300389890454,1.2131974731012292
2023-10-02 15:10:00,-0.48637896659913,-0.34980581035772557,1.0184373426224909
2023-10-02 15:15:00,1.4709662967757797,-0.49025948902827954,1.0101048936261203
2023-10-02 15:20:00,1.439821632437034,-0.5151664929602988,1.0026167630563436
2023-10-02 15:25:00,1.4662298030530163,-0.5256367077158863,1.762850831296535
2023-10-02 15:30:00,-0.19744056330985124,3.262098525859646,1.4942006751850965
2023-10-02 15:35:00,-0.2204396397501837,-0.3850337921991843,0.8311975432865748
2023-10-02 15:40:00,-0.24085168087436878,-0.39860059598807,0.8636437770090205
2023-10-02 15:45:00,-0.29855784963601967,-0.3571941123240051,0.40221370628565034
2023-10-02 15:50:00,-0.31519616613888024,-0.3255705692355862,0.21464188902339865
2023-10-02 15:55:00,-0.24609736355765444,-0.3106003911296305,0.7369651354533898
2023-10-02 16:00:00,-0.4803154527605265,7.820525511959573,0.4564090029084711
2023-10-02 16:05:00,-0.4760259882086212,-0.32803877909082996,0.15996132715483108
2023-10-02 16:10:00,-0.46395888023192855,-0.3309775617022255,0.2727643944499066
2023-10-02 16:15:00,0.603299145574334,-0.36985242320219847,0.3921732526451796
2023-10-02 16:20:00,0.6117082585867233,-0.3777193984245989,0.6058939416544437
2023-10-02 16:25:00,0.6551594879962228,-0.4219981309104049,0.8818957166947213
2023-10-02 16:30:00,0.9733054355771283,4.654673884164402,1.0148541778062112
2023-10-02 16:35:00,1.0123488182887934,-0.4213456285278134,1.1257864797959949
2023-10-02 16:40:00,1.0045831294978513,-0.40619084700738045,0.9118522997758504
2023-10-02 16:45:00,0.9504078515945229,-0.4906427570225295,1.4759831865059296
2023-10-02 16:50:00,0.8522904294275128,-0.4292360554570739,0.6073233661876358
2023-10-02 16:55:00,0.873143245306951,-0.4018910218748284,0.3839616598600075
2023-10-02 17:00:00,0.6590149254148656,3.0337943071029505,0.12242149587543115
2023-10-02 17:05:00,0.6616430350592193,-0.3568158819479724,-0.1589217034495593
2023-10-02 17:10:00,0.654601833574904,-0.34411435986156896,-0.26236487908221134
2023-10-02 17:15:00,1.935889749326416,-0.35671851434921226,-0.14434046017053132
2023-10-02 17:20:00,1.9523602302031942,-0.3725137956878505,0.10735976829823067
2023-10-02 17:25:00,1.9993501916413303,-0.38545208308647977,0.20602869478720498
2023-10-02 17:30:00,0.8159178471638258,2.0205085413260413,0.09034930940660056
2023-10-02 17:35:00,0.8167615405187754,-0.3807678083602706,0.18945845304338726
2023-10-02 17:40:00,0.8429218087203342,-0.3667326274329099,-0.06798638879861955
2023-10-02 17:45:00,0.7152767180188228,-0.3605731831740541,0.004336238565868419
2023-10-02 17:50:00,0.7067154348806657,-0.3569966953121326,0.08342312867628852
2023-10-02 17:55:00,0.7060075149416579,-0.3346278365454162,0.4255962487931084
2023-10-02 18:00:00,0.3937223254549805,2.7235297457891,0.6279466693244388
2023-10-02 18:05:00,0.4052018472364003,-0.3035972545466178,0.24986276760105874
2023-10-02 18:10:00,0.4157470193189005,-0.2810842201000779,-0.1361956112256117
2023-10-02 18:15:00,0.5270751579440923,-0.30818041806518137,-0.3916886908613865
2023-10-02 18:20:00,0.5009424878693728,-0.3112121845780746,-0.26184426904463587
2023-10-02 18:25:00,0.5177377800769173,-0.28493856640537674,0.04945400294384246
2023-10-02 18:30:00,0.2735659151977492,1.4019671095928001,-0.40012478192028683
2023-10-02 18:35:00,0.2824518111228881,-0.2770274430546595,-0.2925299839736018
2023-10-02 18:40:00,0.27630950475560645,-0.25920776526238337,-0.09892446608019406
2023-10-02 18:45:00,-0.01848018832912727,-0.25076065905511064,-0.2577460267157959
2023-10-02 18:50:00,-0.02863732441050473,-0.23675131044424627,-0.26100943058524756
2023-10-02 18:55:00,-0.04550067334356879,-0.24359994236671825,-0.5358774167095393
2023-10-02 19:00:00,-0.3709728075556386,0.7510727652294532,-0.511755512212716
2023-10-02 19:05:00,-0.3544625651370452,-0.24152201091701964,-0.6814787482807756
2023-10-02 19:10:00,-0.35628235924010526,-0.22683282291026602,-0.6720237020013471
2023-10-02 19:15:00,-0.7023653416682362,-0.2308133912018069,-0.7153711003200944
2023-10-02 19:20:00,-0.7056899958119752,-0.22597691488576105,-0.738110140710957
2023-10-02 19:25:00,-0.6962696306234177,-0.2119619450533497,-0.8811276488888576
2023-10-02 19:30:00,-0.5091009680166815,0.02568442638289097,-0.9833070928267066
2023-10-02 19:35:00,-0.5153595452683324,-0.2432222020114473,-0.9895771637450058
2023-10-02 19:40:00,-0.5282779916148803,-0.25084782211911133,-0.8601644597378827
2023-10-02 19:45:00,-0.613994313228907,-0.261925716407688,-0.7084148506903222
2023-10-02 19:50:00,-0.620115406071536,-0.24887627497225426,-0.8382096516891583
2023-10-02 19:55:00,-0.6540017064449533,-0.25364535276357386,-0.9325107833191467
2023-10-02 20:00:00,-1.2706462487175088,0.12144385717065333,-0.870813262054964
2023-10-02 20:05:00,-1.2961527898154739,-0.22292856371425335,-1.0488150597918884
2023-10-02 20:10:00,-1.2888411933738892,-0.20785669216507432,-1.177691592025964
2023-10-02 20:15:00,-1.2655765254945368,-0.2195079251250202,-1.0901415716513099
2023-10-02 20:20:00,-1.266396570660452,-0.2285565293880831,-1.053786984893897
2023-10-02 20:25:00,-1.2278589299962672,-0.22505324424579803,-1.0800993765423967
2023-10-02 20:30:00,-1.1434693271685146,-0.38132579517461623,-1.0695695126441676
2023-10-02 20:35:00,-1.1573036525283682,-0.21138488276111456,-1.0918864338990029
2023-10-02 20:40:00,-1.1244456069781839,-0.21978025510598417,-1.0640683201294003
2023-10-02 20:45:00,-1.3239118139460861,-0.22468673313115503,-0.9094749003815544
2023-10-02 20:50:00,-1.340362679454834,-0.22974316683456913,-0.9567806674252908
2023-10-02 20:55:00,-1.3626252072388163,-0.2340429544289022,-0.8821456568644185
2023-10-02 21:00:00,-1.1597841460750116,-0.5126612357370374,-0.823411240563163
2023-10-02 21:05:00,-1.1459579966886395,-0.232245395500879,-0.9122040750556069
2023-10-02 21:10:00,-1.12800474999258,-0.22657461572455054,-0.9708564257283099
2023-10-02 21:15:00,-1.5497942738206563,-0.2295730761021559,-0.9161668326823452
2023-10-02 21:20:00,-1.5772310633493372,-0.23244181810372527,-0.9286381619755772
2023-10-02 21:25:00,-1.5633973880563632,-0.22216425529518558,-1.0243166494408966
2023-10-02 21:30:00,-1.9482841353723892,-0.6817012515901466,-1.0154446778083266
2023-10-02 21:35:00,-1.9222966227784584,-0.20583179383628986,-1.197410082324742
2023-10-02 21:40:00,-1.9163858973583867,-0.20874074471206927,-1.18473310034861
2023-10-02 21:45:00,-1.6434733463289446,-0.22595384405470997,-1.1225814797763924
2023-10-02 21:50:00,-1.6348234905488659,-0.2284030470202608,-1.0696432124040824
2023-10-02 21:55:00,-1.6251940892470997,-0.2398168966480551,-0.987257122300715
2023-10-02 22:00:00,-1.5957544031103517,-0.22550229089128818,-0.9374244188408598
2023-10-02 22:05:00,-1.5803302308092293,-0.21674206836967017,-0.9529737032577219
2023-10-02 22:10:00,-1.5955423040887318,-0.19837675941937344,-1.1224762872184157
2023-10-02 22:15:00,-1.7225979475348292,-0.19526797363731246,-1.1944458677459584
2023-10-02 22:20:00,-1.707525357351009,-0.18482798551242996,-1.2690725181486
2023-10-02 22:25:00,-1.6969218558002843,-0.1757639289801727,-1.3447186268550315
2023-10-02 22:30:00,-1.5080918613083854,-0.7860253669023591,-1.3754195420203343
2023-10-02 22:35:00,-1.4694606927959475,-0.1440609931095745,-1.408236554906795
2023-10-02 22:40:00,-1.5619186292614047,-0.20168731703572176,-1.089366530889343
2023-10-02 22:45:00,-1.121611910678947,-0.21576580981375723,-1.0239994257959057
2023-10-02 22:50:00,-1.0388788214000133,-0.18059223402850255,-1.3538607123356683
2023-10-02 22:55:00,-1.0380994854117949,-0.17700496740763896,-1.3804568444762007
2023-10-02 23:00:00,-1.0332010276646673,-0.7705973965579488,-1.0851662182192838
2023-10-02 23:05:00,-1.0395150446629464,-0.20472095656386172,-1.1266597324534495
2023-10-02 23:10:00,-0.9495225138637774,-0.1644529540188803,-1.424000590589165
2023-10-02 23:15:00,-1.5528020200775228,-0.19959320178482837,-1.0624754442054445
2023-10-02 23:20:00,-1.548185562402184,-0.20275467958717178,-1.008187632086321
2023-10-02 23:25:00,-1.4596876559793386,-0.1659688389958485,-1.303648556859334
2023-10-02 23:30:00,-1.2157155910540047,-0.6956163367408125,-1.3311897797703967
2023-10-02 23:35:00,-1.2161070069321454,-0.16651533167893565,-1.3197673013078925
2023-10-02 23:40:00,-1.28272900794884,-0.20296928283142535,-0.9379580774568554
2023-10-02 23:45:00,-0.741342954880856,-0.20713920924449392,-0.860772872807799
2023-10-02 23:50:00,-0.7219795705564097,-0.19649025244621282,-0.9496270623236122
2023-10-02 23:55:00,-0.725191000594954,-0.20351126820717047,-0.8678403631866008
2023-10-03 00:00:00,-0.7372970808068589,-0.5169227929866992,-0.5575178098971074
2023-10-03 00:15:00,0.37167956101398725,-0.2455444531757956,-0.5128101039386631
2023-10-03 00:20:00,0.3811959473422109,-0.25423040209276443,-0.3713239746817384
2023-10-03 00:25:00,0.4050467663977931,-0.26801705772214746,-0.18691529086201908
2023-10-03 00:30:00,0.3799550413357392,-0.008319784187260067,-0.16560073013004623
2023-10-03 00:35:00,0.38086559839255985,-0.2502139053606594,-0.32929476348910774
2023-10-03 00:40:00,0.36779269456772773,-0.23815129494691323,-0.49973921502311097
2023-10-03 00:45:00,0.3200285243812319,-0.22719352004091195,-0.5071288559020095
2023-10-03 00:50:00,0.3316093216050864,-0.21447978303111234,-0.623592155156545
2023-10-03 00:55:00,0.31274159833920623,-0.21736863956576602,-0.6260935770097864
2023-10-03 01:00:00,1.2743984286898475,0.15270221182004745,-0.6858300741637425
2023-10-03 01:05:00,1.2605818267766744,-0.24037721383082822,-0.6244853682077316
2023-10-03 01:10:00,1.259022946842487,-0.23863850167047654,-0.645454437140691
2023-10-03 01:15:00,1.3649563945781316,-0.23359857627544237,-0.7229803696069768
2023-10-03 01:20:00,1.3571603097486027,-0.22031398992839527,-0.8328609723522411
2023-10-03 01:25:00,1.3711515164820658,-0.19304772614938753,-0.8602549642923517
2023-10-03 01:30:00,0.6584644643653557,0.25526088580910017,-0.8892051104621511
2023-10-03 01:35:00,0.6529852670462829,-0.21541775307159292,-0.8559388015384711
2023-10-03 01:40:00,0.6801957539111735,-0.22045046595385512,-0.7309184208712992
2023-10-03 01:45:00,1.442308266570846,-0.1905098400692538,-0.434693048807475
2023-10-03 01:50:00,1.4390332030422415,-0.18607984505176273,-0.3288891516385029
2023-10-03 01:55:00,1.450093216107479,-0.18529737648898909,-0.39296385259681044
2023-10-03 02:00:00,2.3453198124273076,0.7731855723375536,-0.3706980329275848
2023-10-03 02:05:00,2.3209122474946926,-0.18446067525194362,-0.25348064510101764
2023-10-03 02:10:00,2.3322832849018464,-0.17541400868967533,-0.37123183071679017
2023-10-03 02:15:00,2.959956489789909,-0.20007418153347328,-0.3271443924158262
2023-10-03 02:20:00,2.9729086760195216,-0.21019007863042535,-0.3191797575700341
2023-10-03 02:25:00,2.962848162146211,-0.2056589654915692,-0.30650017545523606
2023-10-03 02:30:00,2.0591002951668718,2.883481541082794,-0.5521951934638277
2023-10-03 02:35:00,2.05788558256635,-0.15945612686581712,-0.7971142064154071
2023-10-03 02:40:00,2.049500724206702,-0.16104502007412042,-0.8826452034328431
2023-10-03 02:45:00,0.8713970054422768,-0.1535583561766458,-0.9702535661098617
2023-10-03 02:50:00,0.8675345242330469,-0.1500929777924011,-1.03117629836593
2023-10-03 02:55:00,0.8711564835296525,-0.1412045618321743,-1.0923943086042216
2023-10-03 03:00:00,0.31598797701577946,0.9217624964273535,-1.2296902352045282
2023-10-03 03:05:00,0.31093793600073033,-0.12025432338884441,-1.3221358511802743
2023-10-03 03:10:00,0.3200906236762275,-0.10572464766427118,-1.3801191954523426
2023-10-03 03:15:00,-0.15760858015133558,-0.12349213454816893,-1.3144247272565082
2023-10-03 03:20:00,-0.16774542207747495,-0.14205257619275408,-1.3298787639946619
2023-10-03 03:25:00,-0.133428717769636,-0.13727416469211676,-1.361638570298086
2023-10-03 03:30:00,-0.3154212697454528,0.3055860461189695,-1.14447978523842
2023-10-03 03:35:00,-0.3489749701295396,-0.17386646098282033,-1.0736289520227034
2023-10-03 03:40:00,-0.35131055506505343,-0.1748159669215392,-1.1560346082832145
2023-10-03 03:45:00,-0.35325904785896545,-0.19540789413152596,-1.0035703142961032
2023-10-03 03:50:00,-0.3254868410584352,-0.2336216812451454,-0.37344709754852023
2023-10-03 03:55:00,-0.3266616301824637,-0.25347706318917235,-0.12779640080206986
2023-10-03 04:00:00,-0.910915126906261,-0.42445265543547817,-0.5531335043000828
2023-10-03 04:05:00,-0.8992695176062835,-0.23659501504253566,-0.2810388758799708
2023-10-03 04:10:00,-0.8606936640134614,-0.30729764299957746,0.6825365495577463
2023-10-03 04:15:00,-0.8640518757435633,-0.30832964628427584,0.5445275224538174
2023-10-03 04:20:00,-0.9075074309078631,-0.2648778517889246,-0.14459980155901012
2023-10-03 04:25:00,-0.8910212205303586,-0.2753780340231196,-0.04630814270549478
2023-10-03 04:30:00,-1.3237222986887984,-1.087422134188152,-0.17393031011231608
2023-10-03 04:35:00,-1.3467132119748162,-0.22508625593633103,-0.4261428836956583
2023-10-03 04:40:00,-1.3188934386584845,-0.2476428940297741,0.1462820209997295
2023-10-03 04:45:00,-1.0121621651275514,-0.3287501686000837,1.6081420964286846
2023-10-03 04:50:00,-1.0182443341268175,-0.29790048446978185,1.4281547958925096
2023-10-03 04:55:00,-1.048623949163071,-0.2547403288261524,0.9938518700277739
2023-10-03 05:00:00,-0.8864705709455888,-1.0614953519425203,2.815004480375841
2023-10-03 05:05:00,-0.8747875317274069,-0.33662779383603525,2.7007401024150117
2023-10-03 05:10:00,-1.0048986190137583,-0.2769679484301946,1.0779402375672937
2023-10-03 05:15:00,-1.019260907502166,-0.2897888595807414,0.8194445340014995
2023-10-03 05:20:00,-1.0002219973191906,-0.2948784330972394,1.1398251140424571
2023-10-03 05:25:00,-0.9961202805964784,-0.30373255772199753,1.433586138413338
2023-10-03 05:30:00,-1.3791073130319382,-0.27695626862611683,0.8058775843779193
2023-10-03 05:35:00,-1.3754368601782256,-0.2547488589020802,0.5534276461104163
2023-10-03 05:40:00,-1.3625439649835365,-0.24201243744217155,0.5679415769552812
2023-10-03 05:45:00,-1.3632492637609361,-0.2823313052700739,1.581652986611953
2023-10-03 05:50:00,-1.420503770589341,-0.27559136659811434,0.9635284768491115
2023-10-03 05:55:00,-1.4227883920371034,-0.28062682952523,1.0027652955123811
2023-10-03 06:00:00,-1.5057183055768697,-0.24473605835176715,-0.030474436633283596
2023-10-03 06:05:00,-1.4827691584108782,-0.253319056684456,0.07891229495405454
2023-10-03 06:10:00,-1.4803925950064467,-0.256806055061838,-0.0492271850007688
2023-10-03 06:15:00,-1.636936629489351,-0.2512972769106083,-0.1271378310149534
2023-10-03 06:20:00,-1.6779052540356247,-0.24269752849460374,-0.4654048085002113
2023-10-03 06:25:00,-1.6836080176741768,-0.21786012989074016,-0.8040850969944168
2023-10-03 06:30:00,-1.5693059895848867,-1.1098674065665988,-0.8171948247358437
2023-10-03 06:35:00,-1.5546863796689858,-0.23438633812060902,-0.7807967852001115
2023-10-03 06:40:00,-1.535344003206842,-0.24597582497083847,-0.5999002491314889
2023-10-03 06:45:00,-1.4102262133633965,-0.2679584354681959,-0.4556600850790244
2023-10-03 06:50:00,-1.4042469296018358,-0.25630314533546916,-0.3900032144035614
2023-10-03 06:55:00,-1.3867020669449133,-0.2542787956906652,-0.29994672511134857
2023-10-03 07:00:00,-1.565589420979143,-0.5012303914283348,0.38844881264973885
2023-10-03 07:05:00,-1.5440513792879342,-0.2567925446524996,0.06515879906865375
2023-10-03 07:10:00,-1.5629287928922404,-0.24708399559441163,-0.2921053111244746
2023-10-03 07:15:00,-1.3377450846106733,-0.2737520953671292,0.2332690825862205
2023-10-03 07:20:00,-1.1670793060204028,-0.37564249814799855,2.7765585461799076
2023-10-03 07:25:00,-1.1783192072244422,-0.3590832238989518,2.8334665808491626
2023-10-03 07:30:00,-1.0897459248098451,-0.784441897205076,3.1891127400623422
2023-10-03 07:35:00,-1.108201862958172,-0.3536859788853374,3.756208284999481
2023-10-03 07:40:00,-1.0945145056180063,-0.3796271913942788,4.088418869777268
2023-10-03 07:45:00,-1.0180553036069064,-0.3828290302381081,3.4983735596594987
2023-10-03 07:50:00,-0.997657335794314,-0.4089716980032362,4.125307515627479
2023-10-03 07:55:00,-1.0668368243183846,-0.4104284151751528,3.794015604146188
2023-10-03 08:00:00,-1.109835213062358,-0.15183542536164804,3.4125215850904262
2023-10-03 08:05:00,-1.0924639613093463,-0.4352484494502356,5.098625071612636
2023-10-03 08:10:00,-1.189847896049164,-0.5269941861055291,4.610782142558218
2023-10-03 08:15:00,-1.3971795008443566,-0.4728302827057699,3.2216349698608076
2023-10-03 08:20:00,-1.4513201293830718,-0.43133868229156985,2.4046072154463936
2023-10-03 08:25:00,-1.5186438676366847,-0.4087685930838866,1.9315587320179235
2023-10-03 08:30:00,-1.3271110585651953,-0.39927139356055685,-0.5850727709724485
2023-10-03 08:45:00,-1.617509914396412,-0.4507005588192542,2.8616558698895136
2023-10-03 08:50:00,-1.720231168853641,-0.434085332741667,2.1478094226421134
2023-10-03 08:55:00,-1.7161295249576651,-0.4067459319344237,1.8986665147921062
2023-10-03 09:00:00,-1.9925752875518163,0.4346529669877559,2.114397337419965
2023-10-03 09:05:00,-1.9590613564604145,-0.35336457128616255,2.2149078232745087
2023-10-03 09:10:00,-1.9621320800047715,-0.3192417246594415,1.9007120027633724
2023-10-03 09:15:00,-1.8291027934419313,-0.3646017765085865,1.6299968552860837
2023-10-03 09:20:00,-1.950653164622677,-0.43518893737077813,2.37080428238962
2023-10-03 09:25:00,-2.0443447049727435,-0.4823611333511754,2.642840178875305
2023-10-03 09:30:00,-1.9015790844447984,-0.5261423432775748,1.4963375422540635
2023-10-03 09:35:00,-1.8441868407159723,-0.4555659374819539,1.7473493103928606
2023-10-03 09:40:00,-1.8437949590364282,-0.45791848619942965,1.7386055639257922
2023-10-03 09:45:00,-2.0895923556714604,-0.3896933408413138,1.040988759634351
2023-10-03 09:50:00,-2.0631194263232717,-0.363058909133646,0.6768337469567157
2023-10-03 09:55:00,-2.045279292604785,-0.36239766998455053,0.7767623049598552
2023-10-03 10:00:00,-1.7606373354732423,-0.21351691491803332,0.5214642210464147
2023-10-03 10:05:00,-1.7807680066563096,-0.3960589662630328,1.1722116210823466
2023-10-03 10:10:00,-1.7647144539419801,-0.39654764515386187,1.1717464232830357
2023-10-03 10:15:00,-1.4631068997070522,-0.3865742837257849,1.0942536941465428
2023-10-03 10:20:00,-1.1673621052945862,-0.2711811056656518,0.18622425790282804
2023-10-03 10:25:00,-1.2077863907386546,-0.2506319864705163,-0.3350854267102574
2023-10-03 10:30:00,-1.4936251380109362,-0.483327654957819,-0.5855674091555498
2023-10-03 10:35:00,-1.4825479975327451,-0.2348648798396446,-0.399508469159069
2023-10-03 10:40:00,-1.443250248620618,-0.25946570619997916,0.07764303985763428
2023-10-03 12:25:00,-1.3074081843499934,-0.32421525383119926,0.05571652416777957
2023-10-03 12:30:00,-0.9236764419062896,-0.3466299210404683,0.5117102810667218
2023-10-03 12:35:00,-0.9007462210678553,-0.3565609091385239,0.8184719089056922
2023-10-03 12:40:00,-0.9157764877590328,-0.34495080815251533,0.6500778088814297
2023-10-03 12:45:00,-1.108466097931209,-0.29981916285298943,0.4575849044349381
2023-10-03 12:50:00,-1.3739591114676601,-0.3850243395615243,0.9638333508904827
2023-10-03 12:55:00,-1.3199054866554263,-0.3474234556811305,0.47392940209672996
2023-10-03 13:00:00,-1.286154148233436,0.07525814502037463,0.1433936273651325
2023-10-03 13:05:00,-1.2817878571210384,-0.30864699652625877,0.23436924921494665
2023-10-03 13:10:00,-1.2686129488538227,-0.32353174304835725,0.22344699401718918
2023-10-03 13:15:00,-1.5956275203914112,-0.27481100432254274,-0.4082061523122778
2023-10-03 13:20:00,-1.7525690291881297,-0.3532232739759509,0.5079069097911435
2023-10-03 13:25:00,-2.2116601684423967,-0.6216034908986409,3.192911828608592
2023-10-03 13:30:00,-2.320419660384393,-0.46862494853922093,1.8215387376368624
2023-10-03 13:35:00,-2.2234812495588443,-0.4018421156012124,1.1909237940820934
2023-10-03 13:40:00,-2.0641539262863855,-0.3106016648050883,0.355711013258065
2023-10-03 13:45:00,-1.710216618627055,-0.3220969472377008,0.4216108861330408
2023-10-03 13:50:00,-1.744254952414501,-0.34654003503431324,0.5490775968189553
2023-10-03 13:55:00,-1.7124849346774864,-0.3367314482948355,0.3391779401155595
2023-10-03 14:00:00,-2.0294561101626374,-0.30611864192882243,-0.01822997013104999
2023-10-03 14:05:00,-2.0514067715959876,-0.3042376207045997,-0.08002560962335407
2023-10-03 14:10:00,-2.121213440053454,-0.36516914643154186,0.6473704628425135
2023-10-03 14:15:00,-1.4592189099730328,-0.4044589696483988,0.7452297445667757
2023-10-03 14:20:00,-1.3994339874558903,-0.36575055828467123,0.48367365009796337
2023-10-03 14:25:00,-1.373173461377232,-0.35251527239897973,0.27890883889665286
2023-10-03 14:30:00,-1.3841945535494176,-0.34588294883938286,0.05364135745772098
2023-10-03 14:35:00,-1.404737115122811,-0.3168805492383447,-0.12075937155110911
2023-10-03 14:40:00,-1.4106716198833742,-0.3412133803689405,0.15658350961735154
2023-10-03 14:45:00,-1.734166409615808,-0.32234972981961557,0.145662939583829
2023-10-03 14:50:00,-1.7223338146107334,-0.28697521480307225,-0.3186215251075003
2023-10-03 14:55:00,-1.7750074291890034,-0.2819568372822096,-0.6163277004502834
2023-10-03 15:00:00,-1.8279379731646412,-0.3280326164862729,-0.7525931126471807
2023-10-03 15:05:00,-1.794106948119246,-0.2487668851836705,-0.7270101491371397
2023-10-03 15:10:00,-1.774738703796565,-0.26364703900608044,-0.4127280949342396
2023-10-03 15:15:00,-1.5226015357919331,-0.2858627653969145,-0.26801244897646825
2023-10-03 15:20:00,-1.4982819147458073,-0.2660042455589366,-0.3331266902057568
2023-10-03 15:25:00,-1.4943370532556424,-0.2682196081403613,-0.21142895822492805
2023-10-03 15:30:00,-2.1105552096296734,-0.3970411137429865,-0.4262187079342978
2023-10-03 15:35:00,-2.1078596455061986,-0.217828897624515,-0.474210964280383
2023-10-03 15:40:00,-2.097822614650075,-0.21755945879101846,-0.3103389339877967
2023-10-03 15:45:00,-1.8659137544957742,-0.22519337254517793,-0.6530711890585079
2023-10-03 15:50:00,-1.8640965329599215,-0.21370432371365075,-0.5018038825662525
2023-10-03 15:55:00,-1.8638639381545337,-0.20670003318341,-0.40500504248727126
2023-10-03 16:00:00,-1.898116126772971,0.015677598739721566,-0.4225796024069038
2023-10-03 16:05:00,-1.8795513247556814,-0.22600170385614218,-0.4181542944072409
2023-10-03 16:10:00,-1.8854973104642974,-0.22870425361255864,-0.49950193052600583
2023-10-03 16:15:00,-1.89606156409076,-0.21775200036849815,-0.4412866691879444
2023-10-03 16:20:00,-1.8950928094628372,-0.22169214088659453,-0.12999584886583324
2023-10-03 16:25:00,-1.8553602724917433,-0.26195556206174553,0.19784560591710512
2023-10-03 16:30:00,-1.7621438388657023,-0.1275087822287979,0.4655274845700496
2023-10-03 16:35:00,-1.7689279370571003,-0.31976826498493083,0.8768503645004876
2023-10-03 16:40:00,-1.8308685062007395,-0.3065973108347205,0.5378507940856292
2023-10-03 16:45:00,-1.823138552121248,-0.3007976257761713,0.43278004834480255
2023-10-03 16:50:00,-1.8192513525237772,-0.29378618006235746,0.28392936348199355
2023-10-03 16:55:00,-1.8050571243568232,-0.2936276503089747,0.297979074309104
2023-10-03 17:00:00,-1.7261390991266108,-0.31915354613963604,0.7829459996581751
2023-10-03 17:05:00,-1.7444942114216386,-0.31385667095126546,0.8451999067338547
2023-10-03 17:10:00,-1.7593592944925942,-0.3038581886278334,0.4364015266314181
2023-10-03 17:15:00,-1.7378505952870704,-0.3878111360940252,1.3671218077033758
2023-10-03 17:20:00,-1.7715431483451523,-0.3152923989256102,0.9986444075231025
2023-10-03 17:25:00,-1.7761319101197832,-0.31210540421485133,0.5998916607594095
2023-10-03 17:30:00,-1.8049844743425816,-0.0006993642455763141,-0.10134296777543086
2023-10-03 17:35:00,-1.7865485585959462,-0.2507610490638022,-0.021882138511215985
2023-10-03 17:40:00,-1.781957894657086,-0.24175846272119114,-0.3070446710626049
2023-10-03 17:45:00,-1.4500342908279469,-0.24531174452115428,-0.5296513897798975
2023-10-03 17:50:00,-1.4454509681717744,-0.25180365814404293,-0.34494648894372504
2023-10-03 17:55:00,-1.4099283766723831,-0.2792589301937414,0.24574856918132762
2023-10-03 18:00:00,-1.3251958734217761,-0.6977797703786884,0.6000946059708335
2023-10-03 18:05:00,-1.3039158401055373,-0.29684583800656295,0.5553767445808602
2023-10-03 18:10:00,-1.2213513445984576,-0.335447169629051,1.569996210516657
2023-10-03 18:15:00,-1.1306229441356621,-0.29333117062943453,1.1969548517891044
2023-10-03 18:20:00,-1.08129004589072,-0.33629121895496755,1.7745255066352312
2023-10-03 18:25:00,-1.191675688968085,-0.2732634701300585,0.10638378564117583
2023-10-03 18:30:00,-1.3264560988761438,-0.6734194106610314,0.010482672104093808
2023-10-03 18:35:00,-1.3198355167456757,-0.25132979381573095,0.03403843336737217
2023-10-03 18:40:00,-1.2841147227731968,-0.27386531105070483,0.6031329330617442
2023-10-03 18:45:00,-0.9121645996809805,-0.29502083071496116,0.5980772505743985
2023-10-03 18:50:00,-0.9038960383203414,-0.29141258675716014,0.3861488877771346
2023-10-03 18:55:00,-0.9257467704897427,-0.2719628799603579,-0.026813393485806972
2023-10-03 19:00:00,-1.040456590016856,-0.7377956737528834,0.3338525928343882
2023-10-03 19:05:00,-0.9490791891393388,-0.342412762556529,1.6040671322273097
2023-10-03 19:10:00,-0.8908911104419023,-0.4003992150683769,2.6216324433131115
2023-10-03 19:15:00,-1.0085899409569357,-0.37803134017957224,2.4836989691268214
2023-10-03 19:20:00,-1.030837891585603,-0.34867596906728743,2.055666372657474
2023-10-03 19:25:00,-1.111313440979924,-0.306416726875997,1.8123545151747549
2023-10-03 19:30:00,-0.7674717323865763,-0.8726916744365943,3.514378182819076
2023-10-03 19:35:00,-0.8189264624584612,-0.377063852761362,2.6400804620864777
2023-10-03 19:40:00,-0.8909526205241944,-0.296772986480508,1.7263508449807057
2023-10-03 19:45:00,-0.8587068712676886,-0.3254450318015391,1.6225215255525836
2023-10-03 19:50:00,-0.7518598596713985,-0.4010858599054673,3.345643836709978
2023-10-03 19:55:00,-0.6770940332696823,-0.4393555595225761,4.163916027446657
2023-10-03 20:00:00,-0.6763960461672183,-1.104596228827947,4.213044889798138
2023-10-03 20:05:00,-0.7096893062659974,-0.390234873390579,3.6521833187122668
2023-10-03 20:10:00,-0.6106187092681638,-0.4612087546802964,5.230950429248802
2023-10-03 20:15:00,-0.861832698921194,-0.3687716351310218,1.9433774767120555
2023-10-03 20:20:00,-0.9895124982242643,-0.27621273266302815,0.2329500862682611
2023-10-03 20:25:00,-0.9866059743505967,-0.2596129606596219,0.05762564268282417
2023-10-03 20:30:00,-0.7746427037448629,-0.9908165140894296,0.15412336159736803
2023-10-03 20:35:00,-0.7714301174992892,-0.2607861253287935,0.03493122302644666
2023-10-03 20:40:00,-0.7953836925213624,-0.2569830373088485,-0.05513023311946603
2023-10-03 20:45:00,-0.9067774879786981,-0.2514370992271301,-0.06251376510929828
2023-10-03 20:50:00,-0.8793874068671974,-0.2821976700312767,0.47953522239209134
2023-10-03 20:55:00,-0.8504090486770428,-0.27339939515117856,0.4587689422065847
2023-10-03 21:00:00,-0.9023022599736736,-1.0958283343465496,-0.08361232220399878
2023-10-03 21:05:00,-0.9188234076716811,-0.23107068914650125,-0.3873817226980501
2023-10-03 21:10:00,-0.9253971230798271,-0.22269095692331317,-0.6804195488464282
2023-10-03 21:15:00,-0.5923783893272422,-0.25239866952012374,-0.5630107627533533
2023-10-03 21:20:00,-0.5900632054676054,-0.25096775361215984,-0.5167235856291595
2023-10-03 21:25:00,-0.5801024430137125,-0.22434132469599222,-0.6819853681664686
2023-10-03 21:30:00,-0.6751883325255934,-0.22159189879614882,-0.44275232252056884
2023-10-03 21:35:00,-0.6883113517625207,-0.2410099344348564,-0.4505231093712269
2023-10-03 21:40:00,-0.6821071274885384,-0.24213186140519274,-0.2774008490664614
2023-10-03 21:45:00,-0.8201635033265731,-0.21278491399256033,-0.4595770150927879
2023-10-03 21:50:00,-0.8240493131563978,-0.22269947071488888,-0.417417174484805
2023-10-03 21:55:00,-0.8159789577530462,-0.23384241470321349,-0.3664213140938629
2023-10-03 22:00:00,-0.504285146238491,-0.9751088344249637,-0.20225333292790798
2023-10-03 22:05:00,-0.4962846111776887,-0.2584475774025057,-0.09269131533225428
2023-10-03 22:10:00,-0.5387538324514027,-0.23099781482013257,-0.563230198066994
2023-10-03 22:15:00,-0.720299936463205,-0.20916078150048537,-0.49264798889978156
2023-10-03 22:20:00,-0.7098537352815066,-0.2138922057517775,-0.3784587359396605
2023-10-03 22:25:00,-0.7006005137981751,-0.21951422150733332,-0.28893161881756174
2023-10-03 22:30:00,-0.6062525962038782,-0.8039448647521564,-0.22558811471770343
2023-10-03 22:35:00,-0.6217031900336847,-0.22028556504954944,-0.5208929371101563
2023-10-03 22:40:00,-0.6159076057365757,-0.21316259907815072,-0.573997800119773
2023-10-03 22:45:00,-0.6703307670302762,-0.22821482057803957,-0.545503299783392
2023-10-03 22:50:00,-0.6777588000279384,-0.22016493456880984,-0.6457996881001486
2023-10-03 22:55:00,-0.6844262848091504,-0.21540988636940514,-0.7871466427524685
2023-10-03 23:00:00,-0.6208211942284125,-0.8983694313252871,-0.4446715533494934
2023-10-03 23:05:00,-0.6229060718104742,-0.22327855076114783,-0.5488128476146407
2023-10-03 23:10:00,-0.6372099322043272,-0.20195491715764233,-0.763494269213772
2023-10-03 23:15:00,-0.3375374262077071,-0.22550774153457154,-0.7981348660599441
2023-10-03 23:20:00,-0.3295578625927766,-0.22298980819401168,-0.7172196331864759
2023-10-03 23:25:00,-0.3181893693094902,-0.22988529931121934,-0.5538404922723406
2023-10-03 23:30:00,-0.5284081934916494,-1.1912805210632311,-0.5394649497509076
2023-10-03 23:35:00,-0.5581335113041437,-0.22447405497304285,-0.6475071884246247
2023-10-03 23:40:00,-0.550484746749982,-0.21754330061121188,-0.7360219081111173
2023-10-03 23:45:00,-0.4560151361353407,-0.2182289506051672,-0.8019108736576765
2023-10-03 23:50:00,-0.476353848604022,-0.21646329301093795,-1.0151471234261225
2023-10-03 23:55:00,-0.5050162643905198,-0.2255596664684034,-0.9111537974275657
2023-10-04 00:00:00,-0.4446008239849275,-1.132299559800268,-0.5869304292936506
2023-10-04 00:15:00,-0.6357722991196562,-0.21213951757876787,-0.7749284293261947
2023-10-04 00:20:00,-0.6248984091431037,-0.20485143742622583,-0.8731839881352866
2023-10-04 00:25:00,-0.626793861274508,-0.20317687306143256,-0.7187437019360085
2023-10-04 00:30:00,-1.2415164581252573,-1.1810264885768669,-0.42962846711750347
2023-10-04 00:35:00,-1.2742189007442868,-0.20580660637189394,-0.6671582759389358
2023-10-04 00:40:00,-1.2756569589482243,-0.1928275972328872,-0.8637043799456111
2023-10-04 00:45:00,-1.2501737718178383,-0.19295065606438677,-0.897849376987001
2023-10-04 00:50:00,-1.2441506322358946,-0.20501040064138018,-0.6854875405530041
2023-10-04 00:55:00,-1.253449540927347,-0.20501797260626742,-0.7075183730928607
2023-10-04 01:00:00,-1.0033808971753075,-0.7056307150186213,-0.7258038076381411
2023-10-04 01:05:00,-0.9608401326856583,-0.2063409638412517,-0.6993421489982666
2023-10-04 01:10:00,-0.9733568756859853,-0.2130291039637366,-0.685986250104269
2023-10-04 01:15:00,-1.0395654559612555,-0.21284954661261243,-0.698497745992013
2023-10-04 01:20:00,-1.0506750712849562,-0.20708593266818687,-0.7769177015849907
2023-10-04 01:25:00,-1.0386305472989112,-0.18271131213468775,-1.0673393601482972
2023-10-04 01:30:00,-1.060484199861112,-0.6581818979899295,-1.0512935565779669
2023-10-04 01:35:00,-1.067352167599288,-0.18315922525903952,-1.1159451466383599
2023-10-04 01:40:00,-1.0650330205908467,-0.1785950965099765,-1.2415893345380538
2023-10-04 01:45:00,-1.1601057381216164,-0.17092623919808286,-1.2547452184168753
2023-10-04 01:50:00,-1.1817333538192867,-0.18311988320477246,-1.1693273198268492
2023-10-04 01:55:00,-1.1627238185896231,-0.18285165645417678,-0.9184650583135601
2023-10-04 02:00:00,-0.9699261304902506,-0.9737793381813392,-0.7567457467388782
2023-10-04 02:05:00,-0.945528010297219,-0.1889778641242659,-0.8340190022389169
2023-10-04 02:10:00,-0.953450162845198,-0.19388385043815706,-0.7851476902721505
2023-10-04 02:15:00,-1.0847560982826263,-0.17600162897872856,-1.081475652999145
2023-10-04 02:20:00,-1.0887616137112637,-0.18413584274450745,-0.9736817753178078
2023-10-04 02:25:00,-1.1050013940800374,-0.19548501339454386,-1.0828782896850968
2023-10-04 02:30:00,-1.3980080445907879,-0.8471039175445835,-1.1463621095602206
2023-10-04 02:35:00,-1.3732557862805361,-0.16477699857154432,-0.9322838709438606
2023-10-04 02:40:00,-1.368413429356475,-0.16089687474867218,-0.765078957270328
2023-10-04 02:45:00,-1.6092727399964226,-0.16148775534606044,-0.7231617384017784
2023-10-04 02:50:00,-1.6377195393453445,-0.16184784253063417,-0.864409867705478
2023-10-04 02:55:00,-1.5998840651159614,-0.15439098141115415,-0.766090971674227
2023-10-04 03:00:00,-1.4824427929906954,-0.9005986724336871,1.20375788173346
2023-10-04 03:05:00,-1.4650352347376976,-0.28411753883204,1.3351157928291606
2023-10-04 03:10:00,-1.376178523811253,-0.34085946087917884,2.5037064956603716
2023-10-04 03:15:00,-1.2941562580000212,-0.39330161893458887,2.8592094260363563
2023-10-04 03:20:00,-1.311551163776429,-0.36848760075199155,2.4883196397745033
2023-10-04 03:25:00,-1.4395166721740986,-0.2661153329626975,0.9476764066848609
2023-10-04 03:30:00,-1.7197896849952272,-0.6710968663613432,-0.1869456570982886
2023-10-04 03:35:00,-1.786349597785428,-0.18473916979574465,-0.7334711093679821
2023-10-04 03:40:00,-1.7572998546778866,-0.17912740384099443,-0.61292380351968
2023-10-04 03:45:00,-1.76339925269874,-0.17431363565561683,-0.5694488149801226
2023-10-04 03:50:00,-1.7713548465857345,-0.18522241672288606,-0.7346657219861565
2023-10-04 03:55:00,-1.7789164405863582,-0.17251194861202881,-0.904920589569153
2023-10-04 04:00:00,-1.8229077140617074,-0.7063201527127789,-0.8676946531916739
2023-10-04 04:05:00,-1.8608859498794812,-0.18367440280673974,-1.0960515952169407
2023-10-04 04:10:00,-1.837125125506566,-0.16311339956520157,-1.157436731416046
2023-10-04 04:15:00,-1.9104531576299744,-0.19173763423010545,-0.5777132692176045
2023-10-04 04:20:00,-1.9017256485504552,-0.17806952665714013,-0.6781007966425326
2023-10-04 04:25:00,-1.9121691630018745,-0.16818630456367167,-0.6552465255294369
2023-10-04 04:30:00,-1.9978692261722253,-0.7939993737016621,-0.16983015253200928
2023-10-04 04:35:00,-2.0183769988908766,-0.18935268189134727,-0.29709289911324505
2023-10-04 04:40:00,-2.0235169403321587,-0.18985931710381054,-0.3992584910448313
2023-10-04 04:45:00,-2.0439977632796227,-0.18882612139079655,-0.30420897377423256
2023-10-04 04:50:00,-2.052283026053811,-0.18002075118001043,-0.6136789354486436
2023-10-04 04:55:00,-2.0579994829085027,-0.17459451760058944,-0.9281410261750519
2023-10-04 05:00:00,-1.8803417947749665,-0.20275551033798167,-0.589289642954842
2023-10-04 05:05:00,-1.8182968773729533,-0.24321041284009487,0.3862850278543892
2023-10-04 05:10:00,-1.8904751410431555,-0.21629128498326247,-0.5991726900915364
2023-10-04 05:15:00,-1.8725396813551194,-0.2487832835813558,0.21828334479670822
2023-10-04 05:20:00,-1.7911391662689653,-0.3155146862519503,1.4112055665399428
2023-10-04 05:25:00,-1.7210765993740604,-0.3447372434582569,2.300566750278779
2023-10-04 05:30:00,-1.6241250334275552,-0.778938780052057,2.11995666190147
2023-10-04 05:35:00,-1.692685098969509,-0.30441302689297495,1.1105637209157626
2023-10-04 05:40:00,-1.7425300958096595,-0.27890043217591454,0.15583257608495993
2023-10-04 05:45:00,-1.8697665526313412,-0.21325035832108075,-0.7733411090295581
2023-10-04 05:50:00,-1.9159244097831374,-0.20948924494920815,-0.7256186060548737
2023-10-04 05:55:00,-1.9008165897883493,-0.21052524217932836,-0.6323055198747387
2023-10-04 06:00:00,-1.6272087666134651,-0.8839238911250454,-0.4611746357678103
2023-10-04 06:05:00,-1.6284130482506003,-0.22642794541968222,-0.32044789669701246
2023-10-04 06:10:00,-1.6163409325608196,-0.23434456886458177,-0.37640622683697555
2023-10-04 06:15:00,-1.6616790475139032,-0.23892517046981357,-0.41153372701368673
2023-10-04 06:20:00,-1.6562552361486678,-0.2314381505037765,-0.3156728300003805
2023-10-04 06:25:00,-1.6423920635104052,-0.23818580555455945,-0.1746956993522453
2023-10-04 06:30:00,-1.7133554648646356,-0.8544153996107486,-0.3707528784334207
2023-10-04 06:35:00,-1.704338375403448,-0.22308485524544877,-0.6216801430729643
2023-10-04 06:40:00,-1.704474594287438,-0.22506714561558747,-0.700127950820965
2023-10-04 06:45:00,-1.3770143772164762,-0.26486952889881366,-0.5278317458658276
2023-10-04 06:50:00,-1.3633496801038463,-0.2596480557088779,-0.36156566465942025
2023-10-04 06:55:00,-1.3597228495916742,-0.2560281691188539,-0.3115492408677791
2023-10-04 07:00:00,-1.1793925052880492,-0.6983992604995485,-0.30722658512876083
2023-10-04 07:05:00,-1.1771904833072107,-0.2606025462160625,-0.5562626778826858
2023-10-04 07:10:00,-1.1933751593184323,-0.26674144871936933,-0.5365377956927494
2023-10-04 07:15:00,-1.6742193729591883,-0.22085224512293633,-0.7045265504176577
2023-10-04 07:20:00,-1.6744253881384241,-0.2153033674965354,-0.8084223193600829
2023-10-04 07:25:00,-1.6576905536671853,-0.21969428461434906,-0.3251702975119865
2023-10-04 07:30:00,-1.4952598837185005,-0.4452008556833676,-0.11014200076219721
2023-10-04 07:35:00,-1.5004790888554864,-0.241766768160116,-0.11690866854130241
2023-10-04 07:40:00,-1.497430402811438,-0.24260870927936068,-0.1853514151288458
2023-10-04 07:45:00,-1.2358127679867823,-0.261029330965589,-0.21692458460211242
2023-10-04 07:50:00,-1.2444657621882658,-0.26129425802330697,-0.2942916654811608
2023-10-04 07:55:00,-1.2246438175905943,-0.26042039038523074,-0.281024400617876
2023-10-04 08:00:00,-1.3661292446518016,-0.010755453928425517,-0.47337656908645215
2023-10-04 08:05:00,-1.384055910878957,-0.21761040116810051,-0.6996600048904557
2023-10-04 08:10:00,-1.3865232033772212,-0.21916318663164278,-0.7176960645996304
2023-10-04 08:15:00,-1.2728014430604617,-0.21663062131053742,-0.6357300948376916
2023-10-04 08:20:00,-1.284603813219285,-0.22449922472120368,-0.5483830979091765
2023-10-04 08:25:00,-1.268909738242156,-0.2197162091172969,-0.5285242086248025
2023-10-04 08:30:00,-1.3920716413967527,-0.1577484467252956,-0.5070481444833151
2023-10-04 08:35:00,-1.396173442784055,-0.21232749549059518,-0.6337177103400332
2023-10-04 08:40:00,-1.3799691946690367,-0.1996281469412696,-0.6431381528792995
2023-10-04 08:45:00,-0.8639454863654161,-0.22384513398944028,-0.749230780573383
2023-10-04 08:50:00,-0.8776044492990351,-0.24393359367463624,-0.6102536682768029
2023-10-04 08:55:00,-0.8542768855713729,-0.24600113089280226,-0.47069730671740995
2023-10-04 09:00:00,-1.119880315920711,-0.07367053183916619,-0.42057584733045583
2023-10-04 09:05:00,-1.120334893720204,-0.23636333715191873,-0.5531880767576577
2023-10-04 09:10:00,-1.0969540356525924,-0.23353387633484948,-0.6060208182787578
2023-10-04 09:15:00,-0.5283955709921294,-0.2784692734457329,-0.40997578300884946
2023-10-04 09:20:00,-0.5339746465405834,-0.2581847220474872,-0.5538347793177812
2023-10-04 09:25:00,-0.5577252194120069,-0.25929535342626764,-0.6406241217651127
2023-10-04 09:30:00,-0.4154315706686082,-0.017015403252086485,-0.5907113717029305
2023-10-04 09:35:00,-0.3961156743320994,-0.30006453167519936,-0.06321182367935098
2023-10-04 09:40:00,-0.42066270386425353,-0.2951979896428061,-0.14044768294363136
2023-10-04 09:45:00,-0.6021066176391993,-0.2841958931468947,0.24878313136573588
2023-10-04 09:50:00,-0.6382535025636475,-0.2765306552765414,-0.054053294082946554
2023-10-04 09:55:00,-0.6129178525705475,-0.2906548740605824,0.18474791461407708
2023-10-04 10:00:00,0.11916790955308636,-0.10905776246987152,0.8123217020682961
2023-10-04 10:05:00,0.0976060891523423,-0.3902846889877651,0.9040142862402151
2023-10-04 10:10:00,0.06678384796532821,-0.39269622903721174,0.8234279733775756
2023-10-04 10:15:00,0.38969384279837205,-0.40415652999505625,0.4504930167191177
2023-10-04 10:20:00,0.40150266643845595,-0.3729671015765535,0.048266113371935426
2023-10-04 10:25:00,0.4008858105801808,-0.36778138281281136,0.07153333670324298
2023-10-04 10:30:00,-0.5310624075720405,-0.11587502661784747,0.5429720714376682
2023-10-04 10:35:00,-0.5174701498340246,-0.3283969690321113,0.6153170567610202
2023-10-04 10:40:00,-0.5536570382572491,-0.3045380874749051,-0.1697701163029435
2023-10-04 10:45:00,-0.6773330557407565,-0.30947859226352187,-0.263928868674064
2023-10-04 10:50:00,-0.654503705980731,-0.2900071897901385,-0.3708303291887035
2023-10-04 10:55:00,-0.6704920883588137,-0.28658754283366933,-0.44729384221283036
2023-10-04 11:00:00,-0.2766518028623037,-0.18122007743313498,-0.5320723748908246
2023-10-04 11:05:00,-0.28309980359315773,-0.32811796533262505,-0.33772002662984946
2023-10-04 11:10:00,-0.2491975462928811,-0.33354604038840535,-0.024865655075019515
2023-10-04 11:15:00,-0.04762407133651152,-0.3825231710661116,0.534096908015334
2023-10-04 11:20:00,-0.0776597324717082,-0.3686890941913813,0.04087743932762358
2023-10-04 11:25:00,-0.08559608887278518,-0.3332627910368472,-0.4370832204460613
2023-10-04 11:30:00,-0.26174365056082244,-0.12561320248304572,-0.5062476329683921
2023-10-04 11:35:00,-0.2574483022244186,-0.33369018027362346,-0.2355230489444184
2023-10-04 11:40:00,-0.25175750845600253,-0.33171459502900086,-0.17849404211896042
2023-10-04 11:45:00,-0.0833740947972716,-0.34475711381292634,0.06279553417389655
2023-10-04 11:50:00,-0.08274936322878336,-0.36486207797631437,0.417086754624925
2023-10-04 11:55:00,-0.06488590997006308,-0.34498561709323394,-0.041029584604767404
2023-10-04 12:00:00,-0.20323237715734183,-0.13852568725744116,-0.15957512965889525
2023-10-04 12:05:00,-0.16922870018984715,-0.34793253449842837,0.5258660350738007
2023-10-04 12:10:00,-0.21444114075239296,-0.31760899568616907,-0.10729949220220551
2023-10-04 12:15:00,-0.2145482382239639,-0.33323136402278347,0.004894451494153731
2023-10-04 12:20:00,-0.2040886263381676,-0.3469534894706515,0.2140865120005526
2023-10-04 12:25:00,-0.2606609127342077,-0.41051808495510445,0.9362706765349446
2023-10-04 12:30:00,-0.7273426252521847,-0.45639132341257294,2.1378649338759788
2023-10-04 12:35:00,-0.8981201489292377,-0.5941978200264825,3.855771234374975
2023-10-04 12:40:00,-0.9274920139296282,-0.6101064245496055,4.1044481589121915
2023-10-04 12:45:00,-0.6163035254887148,-0.5939687508913357,3.264261605242336
2023-10-04 12:50:00,-0.5973364617319253,-0.5556290997820855,2.854409073669403
2023-10-04 12:55:00,-0.6716442935239729,-0.5721911929299218,2.918050180122222
2023-10-04 13:00:00,-0.883472969901715,-0.8219503599141211,2.103751114110283
2023-10-04 13:05:00,-0.9765370166031001,-0.5872432718808116,3.125247553510926
2023-10-04 13:10:00,-1.2247651916460616,-0.7944009400362032,5.742999337261956
2023-10-04 13:15:00,-1.2246501160136836,-0.7357445210310994,5.011437945090738
2023-10-04 13:20:00,-1.5244391535659259,-0.8460484737944263,5.925811085271023
2023-10-04 13:25:00,-1.8341175373980272,-1.0685880269043466,8.397547819161224
2023-10-04 13:30:00,-1.777573035281962,-0.8400059835956372,6.609985436803735
2023-10-04 13:35:00,-1.5442477152562843,-0.7911055090419108,5.262054923406502
2023-10-04 13:40:00,-1.6666531217691953,-0.8339296991141703,5.252975502206781
2023-10-04 13:45:00,-1.5231207253866925,-0.9036913216658721,6.141473474961997
2023-10-04 13:50:00,-1.649641789389405,-0.9101885127174217,5.858042674015578
2023-10-04 13:55:00,-1.556810800378529,-0.8669035772646474,5.656441340555701
2023-10-04 14:00:00,-1.5451362559072195,-1.2721659876363118,7.639703603485058
2023-10-04 14:05:00,-1.8212044648625794,-1.265598148836622,9.882193603678585
2023-10-04 14:10:00,-1.7259601731355256,-1.1982689711515013,9.087418903597847
2023-10-04 14:15:00,-2.30836686228107,-1.19842050394232,9.389776175543084
2023-10-04 14:20:00,-2.2531952474708272,-1.1945661379841184,9.263781828415912
2023-10-04 14:25:00,-1.8954024306579982,-1.037188953127086,7.85025645336
2023-10-04 14:30:00,-1.3451028499129785,-1.38401907760201,7.61282318210241
2023-10-04 14:35:00,-1.250042728588787,-1.0290393690385176,6.6772685253489925
2023-10-04 14:40:00,-1.033566257073808,-0.9492005881208011,6.312812150530951
2023-10-04 14:45:00,-0.7824307076250852,-0.9086261915661098,5.273883935192025
2023-10-04 14:50:00,-0.8609704229240237,-0.9072831242009398,5.055466627178764
2023-10-04 14:55:00,-0.6917899985852508,-0.8553454906749277,4.81304054718434
2023-10-04 15:00:00,-1.2993701393317623,-1.0333297652700004,5.031465243314068
2023-10-04 15:05:00,-1.4592121952290398,-0.9206025363544167,5.7032788331043145
2023-10-04 15:10:00,-1.3614780420485864,-0.8853622902241167,5.385479290849152
2023-10-04 15:15:00,-1.266004059427839,-0.9145431329202068,6.278834942559783
2023-10-04 15:20:00,-1.3813019145796508,-0.9809418873413401,7.2829204071134255
2023-10-04 15:25:00,-1.6352699361427412,-1.0451682033471086,7.356604525684746
2023-10-04 15:30:00,-2.03876150683127,-1.0067584979584918,7.538952688043791
2023-10-04 15:35:00,-2.1438507660920796,-1.0422247872581556,8.074355531076682
2023-10-04 15:40:00,-2.317240389482638,-1.1098587258978583,8.380443476838385
2023-10-04 15:45:00,-1.7902854293537025,-0.9934929361668866,7.137215222839131
2023-10-04 15:50:00,-1.7093776980169206,-0.9538166069287701,6.74380426037473
2023-10-04 15:55:00,-1.9739976741689136,-0.9824567722640913,6.27375347809588
2023-10-04 16:00:00,-1.8626674180333367,-0.8695119988231934,4.71649673624706
2023-10-04 16:05:00,-1.8010033979672866,-0.7623776693590318,5.438197172018167
2023-10-04 16:10:00,-1.9047021983590502,-0.8436485066501501,6.301703924048171
2023-10-04 16:15:00,-1.3510242349567687,-0.6604036167471696,3.7305174232860514
2023-10-04 16:20:00,-1.3195320365668624,-0.6485893067259361,3.7794147135933076
2023-10-04 16:25:00,-1.2537058472240048,-0.6038689888088709,3.0466797233621317
2023-10-04 16:30:00,-1.6729826601530682,-1.0723685303895023,2.8886206187060113
2023-10-04 16:35:00,-1.6513326872469662,-0.5642691573052219,3.233594572422293
2023-10-04 16:40:00,-1.618870492714844,-0.5043880469666528,2.30665988483484
2023-10-04 16:45:00,-1.4816249234045695,-0.4682752072123103,1.5752846815246007
2023-10-04 16:50:00,-1.4208460428661638,-0.47234659980432847,1.7392612930021967
2023-10-04 16:55:00,-1.3570524560438448,-0.46547741957520344,2.0141428064524307
2023-10-04 17:00:00,-1.3394552803948356,-1.105991490279567,1.255051501396539
2023-10-04 17:05:00,-1.3655536858338762,-0.3993871286608688,0.9384999441814867
2023-10-04 17:10:00,-1.3484987778951116,-0.406547108943298,1.0645079167105709
2023-10-04 17:15:00,-1.1679898563755788,-0.3727292725440294,0.47324455919439445
2023-10-04 17:20:00,-1.1525746437064046,-0.3468473064880154,0.12723144819849427
2023-10-04 17:25:00,-1.1529714187237576,-0.3301630796435023,-0.011894429137839448
2023-10-04 17:30:00,-0.9823354463539944,-0.9707668616500886,-0.21559609745098357
2023-10-04 17:35:00,-1.001390847105455,-0.2938845349813847,-0.4466119437328943
2023-10-04 17:40:00,-0.9990861314235593,-0.3182214258100936,-0.17221748556914462
2023-10-04 17:45:00,-0.9916702253923109,-0.3258961597444327,0.007303296074874445
2023-10-04 17:50:00,-0.9873223204347855,-0.30562699668239757,-0.08918763823499225
2023-10-04 17:55:00,-0.9601268981936234,-0.3176607451418631,-0.08137678451325646
2023-10-04 18:00:00,-0.41939236184171363,-0.8797274079374567,-0.09857708246960993
2023-10-04 18:05:00,-0.41995718652271624,-0.337573726153707,-0.03294259513604476
2023-10-04 18:10:00,-0.4100264263306404,-0.3494492225999298,0.01892791848110034
2023-10-04 18:15:00,-1.0931007395303072,-0.2966734698491522,-0.28169876708888447
2023-10-04 18:20:00,-1.0744687097046082,-0.29463766949250947,-0.18977935016283395
2023-10-04 18:25:00,-1.0557031346125134,-0.2823792041946484,-0.3126793727980487
2023-10-04 18:30:00,-0.9348578560970852,-0.8329427242544415,-0.33119550188765334
2023-10-04 18:35:00,-0.9298842657862121,-0.30100635936032505,-0.41146787116246114
2023-10-04 18:40:00,-0.9067189469021527,-0.30166673584446463,-0.26351725754544797
2023-10-04 18:45:00,-0.545833895192758,-0.32497354437026604,-0.220895851976658
2023-10-04 18:50:00,-0.5945641886190147,-0.32748873860080835,-0.3116181979164657
2023-10-04 18:55:00,-0.5897024656850575,-0.3312941158021793,-0.2574664152985312
2023-10-04 19:00:00,-0.7740864634162741,-0.967999714322882,-0.011958454488186354
2023-10-04 19:05:00,-0.7711224013765393,-0.33562127570245415,0.21391497266930787
2023-10-04 19:10:00,-0.8142137567831964,-0.3100608406054622,-0.34481094366700643
2023-10-04 19:15:00,-1.066446447822478,-0.26307075610503006,-0.5850917988106196
2023-10-04 19:20:00,-1.095162165522664,-0.2756563344021844,-0.5953516462269045
2023-10-04 19:25:00,-1.066592342890231,-0.2700863087383905,-0.5465738338033541
2023-10-04 19:30:00,-1.0706145398307545,-0.6239324440296125,-0.5352917691737508
2023-10-04 19:35:00,-1.1070641435767576,-0.2509693155612422,-0.791692463971981
2023-10-04 19:40:00,-1.1016619762062396,-0.2608012254562553,-0.7033866077415623
2023-10-04 19:45:00,-0.8343297286664313,-0.2581446831836543,-1.0179200103700865
2023-10-04 19:50:00,-0.8338008703883026,-0.2551715646799727,-0.9903399091029679
2023-10-04 19:55:00,-0.8371332904197407,-0.26403064457259445,-0.8447294424856313
2023-10-04 20:00:00,-1.108856022955598,-0.27841729752786737,-0.40591522812686426
2023-10-04 20:05:00,-1.040920475612681,-0.35864088598133537,0.9095510573264036
2023-10-04 20:10:00,-1.0289306783976695,-0.4008995429817977,1.513358937715651
2023-10-04 20:15:00,-1.234962001693582,-0.3627110302854802,1.0948069757588612
2023-10-04 20:20:00,-1.2711650623606143,-0.3283757974939714,0.6659652458620642
2023-10-04 20:25:00,-1.3387936026813023,-0.27141361019856336,-0.16588613640965943
2023-10-04 20:30:00,-1.154033866373113,-0.8930029672493353,-0.4349506752893228
2023-10-04 20:35:00,-1.163230399120901,-0.27650868226644054,-0.3513858946540998
2023-10-04 20:40:00,-1.1706989835018171,-0.2732960515956358,-0.38740527460981755
2023-10-04 20:45:00,-1.2699246911317372,-0.25688635926843667,-0.578102457678239
2023-10-04 20:50:00,-1.2810764237275327,-0.25812087254353544,-0.5740085545189053
2023-10-04 20:55:00,-1.276625047287955,-0.25342794671223573,-0.5361005334445822
2023-10-04 21:00:00,-1.287390603985943,-0.5760038278696428,-0.33752116475452465
2023-10-04 21:05:00,-1.292692131057714,-0.254025789236969,-0.4969726099097763
2023-10-04 21:10:00,-1.261053649704234,-0.2341423883116596,-0.6349955133877501
2023-10-04 21:15:00,-1.1320187679673333,-0.2440849558680132,-0.5723494453546151
2023-10-04 21:20:00,-1.1231671989124812,-0.2577355361571224,-0.4606678736613923
2023-10-04 21:25:00,-1.13056958340829,-0.28116859651632403,-0.2741443396787628
2023-10-04 21:30:00,-1.178721626713318,-0.6362368456057048,-0.4711911761466822
2023-10-04 21:35:00,-1.163696395556838,-0.25762200804749574,-0.43394017146957037
2023-10-04 21:40:00,-1.1624693732706373,-0.25400176622930715,-0.4391871400582878
2023-10-04 21:45:00,-1.036044836647355,-0.2671286772397651,-0.5387339712936389
2023-10-04 21:50:00,-1.0366785498503475,-0.2519560914475505,-0.6730192150617123
2023-10-04 21:55:00,-1.034848489669733,-0.2665836962494993,-0.5371448566434907
2023-10-04 22:00:00,-1.1178332449065886,-0.4435774606342909,-0.49087722915586635
2023-10-04 22:05:00,-1.124360315289889,-0.2490429314932716,-0.6969058890037397
2023-10-04 22:10:00,-1.113419379932692,-0.23127830188251575,-0.7881303438784348
2023-10-04 22:15:00,-1.1185012377598884,-0.2419049166460969,-0.6647712424665735
2023-10-04 22:20:00,-1.1199447757195602,-0.23563594645515942,-0.7864359229399052
2023-10-04 22:25:00,-1.131000155511386,-0.23449660771677405,-0.7655848130338386
2023-10-04 22:30:00,-1.130714006175289,-0.6366846533457403,-0.46289243502012345
2023-10-04 22:35:00,-1.1558764218137891,-0.2367270279845289,-0.24736026818066537
2023-10-04 22:40:00,-1.1579721910765277,-0.24145090334703387,-0.303586521852748
2023-10-04 22:45:00,-0.7121120302249588,-0.2589145090064188,-0.6897732492425086
2023-10-04 22:50:00,-0.7083635521799584,-0.24604711306297325,-0.8670082979898163
2023-10-04 22:55:00,-0.7214286431966881,-0.2569310492722106,-0.7635313055462314
2023-10-04 23:00:00,-0.8122848193195507,-0.7102837649108337,-0.6327482618532594
2023-10-04 23:05:00,-0.812084752643622,-0.26820536215265706,-0.584051849936733
2023-10-04 23:10:00,-0.829396745694716,-0.25425637969039183,-0.7743274193279679
2023-10-04 23:15:00,-0.6903925355881665,-0.25065675688324196,-0.8270710070847056
2023-10-04 23:20:00,-0.6668919388145043,-0.25424502748809535,-0.7266372597379537
2023-10-04 23:25:00,-0.6685573767693722,-0.2693612528300092,-0.5942354800438796
2023-10-04 23:30:00,-0.9428280524291005,-0.7556888545618718,-0.696107884477528
2023-10-04 23:35:00,-0.9311927963399169,-0.22626196607431323,-0.7871469096720484
2023-10-04 23:40:00,-0.9397760577045593,-0.22902130658097541,-0.7996165642933774
2023-10-04 23:45:00,-0.9946609364441041,-0.23317171420938582,-0.697240290083847
2023-10-04 23:50:00,-0.9762485742269823,-0.21920917748979363,-0.8384418726786522
2023-10-04 23:55:00,-1.0108681693583497,-0.23722769079043513,-0.7800004497613103
2023-10-05 00:00:00,-0.9844977770390302,-0.7268625945097205,-0.5964280370121791
2023-10-05 00:15:00,-0.9717900358891441,-0.23318723006761555,-0.6498747188079317
2023-10-05 00:20:00,-0.9723270162647845,-0.22099301091565232,-0.8286839295356435
2023-10-05 00:25:00,-0.9916594972343259,-0.20801681645166922,-0.9376087021831281
2023-10-05 00:30:00,-1.1016284119313777,-0.8184771799443061,-0.9463429327896286
2023-10-05 00:35:00,-1.07793267641174,-0.22319976980324613,-0.8261938501921077
2023-10-05 00:40:00,-1.1120705062878982,-0.21797557013734117,-0.9599295845230876
2023-10-05 00:45:00,-0.9552789948330417,-0.2217999597981378,-0.8584550541301085
2023-10-05 00:50:00,-0.9444113578756169,-0.22193253220249337,-0.8789317862844268
2023-10-05 00:55:00,-0.9596002474770049,-0.228018490205254,-0.9071336218043744
2023-10-05 01:00:00,-0.6395848217912354,-0.8864185422842616,-1.1236777754358591
2023-10-05 01:05:00,-0.6584302198324581,-0.224888478124436,-1.2329411118926212
2023-10-05 01:10:00,-0.660630307521332,-0.21336931307613202,-1.3867900614341953
2023-10-05 01:15:00,-0.9213959331306399,-0.16817500069475594,-1.463733834394427
2023-10-05 01:20:00,-0.9670645792311323,-0.1888393846757843,-1.3976264254101287
2023-10-05 01:25:00,-0.996355227368176,-0.1881855438627477,-1.4823616281943908
2023-10-05 01:30:00,-0.7349484041251951,-0.9906452986593574,-1.3980732769275457
2023-10-05 01:35:00,-0.7434378556212567,-0.196794084054537,-1.4043778672570615
2023-10-05 01:40:00,-0.7312053703754379,-0.19234094564245496,-1.2469301993136934
2023-10-05 01:45:00,-1.1394451442900586,-0.19382353022992418,-1.1900542330087125
2023-10-05 01:50:00,-1.1406048559593223,-0.20058997547630233,-1.1240817864999777
2023-10-05 01:55:00,-1.150197026250885,-0.207489467058412,-0.8750013369234555
2023-10-05 02:00:00,-1.23162910470281,-1.0556873382162586,-0.9890385354617778
2023-10-05 02:05:00,-1.2153417108106956,-0.18117528706437241,-1.0608289186717539
2023-10-05 02:10:00,-1.2146702583196682,-0.190868120532645,-0.9199777525950908
2023-10-05 02:15:00,-1.0750681795186234,-0.20694814035151057,-1.0035168025178558
2023-10-05 02:20:00,-1.085958681774099,-0.2328053991553855,-0.8126016778824623
2023-10-05 02:25:00,-1.0842971830853387,-0.2313825133746942,-0.7766570688319918
2023-10-05 02:30:00,-1.3150899500785163,-0.832173240598041,-0.838082617109164
2023-10-05 02:35:00,-1.333579799875268,-0.20640377646495536,-0.6730679041468841
2023-10-05 02:40:00,-1.3043415023856026,-0.22585087208797083,-0.4445013606721607
2023-10-05 02:45:00,-1.0871967587930138,-0.2719220221236696,0.32660087849568903
2023-10-05 02:50:00,-1.0965446062569049,-0.2726297589355697,0.28125949189040306
2023-10-05 02:55:00,-1.1269447482661847,-0.22631819609626555,-0.3140485894847543
2023-10-05 03:00:00,-1.3250535084558885,-0.7353125066244179,-0.21398509237319324
2023-10-05 03:05:00,-1.3372145050168756,-0.22587922313361128,-0.20461312760439399
2023-10-05 03:10:00,-1.3661307035357284,-0.20280393608089636,-0.712690964260879
2023-10-05 03:15:00,-1.3669280010875917,-0.205906174502815,-0.6317658674657151
2023-10-05 03:20:00,-1.3401807897607123,-0.20767455171362273,-0.5794800694658577
2023-10-05 03:25:00,-1.3436430144504627,-0.20946461369484856,-0.6468652518673162
2023-10-05 03:30:00,-1.2249578860525459,-0.2792457677090878,0.6436027172522915
2023-10-05 03:35:00,-1.2865919449162642,-0.2305697131255349,-0.23216350819082476
2023-10-05 03:40:00,-1.2122613218564906,-0.28592951529631633,0.7833851348307793
2023-10-05 03:45:00,-1.232061978456101,-0.279788346505528,0.44132207298899
2023-10-05 03:50:00,-1.2949360585973986,-0.23111868712310873,-0.47244317970133776
2023-10-05 03:55:00,-1.3218775945040329,-0.22430824579168607,-0.5842762760652689
2023-10-05 04:00:00,-1.5859234954202126,-0.3682770861263283,-0.6301962287837586
2023-10-05 04:05:00,-1.6296620379645608,-0.20837045425492326,-0.7194228275007405
2023-10-05 04:10:00,-1.5991305553971975,-0.20403265989071648,-0.7106778342795135
2023-10-05 04:15:00,-1.3757838784430185,-0.22834547558791177,-0.5117176547222951
2023-10-05 04:20:00,-1.3925769938421797,-0.2239217811748448,-0.6265898848235582
2023-10-05 04:25:00,-1.4095410013297218,-0.23104915992513714,-0.6901852650141943
2023-10-05 04:30:00,-1.4726074862931515,-0.5449350825989732,-0.9409274456878362
2023-10-05 04:35:00,-1.4759202817037695,-0.20865681831860858,-0.943129308043998
2023-10-05 04:40:00,-1.4786443564009812,-0.22126350397542843,-0.7477896528609773
2023-10-05 04:45:00,-1.471479753035138,-0.21879526108894207,-0.7810243672350842
2023-10-05 04:50:00,-1.4746588548511028,-0.2066663244164509,-0.9467447365140619
2023-10-05 04:55:00,-1.4804625663308262,-0.20488694307677946,-1.0291002210759999
2023-10-05 05:00:00,-1.5378424094974619,-0.5301971077640595,-0.928006654488811
2023-10-05 05:05:00,-1.5173931923776933,-0.21297171111536675,-0.8345317350115377
2023-10-05 05:10:00,-1.485102850982228,-0.2179939698022697,-0.6287032891680572
2023-10-05 05:15:00,-1.4393312408832237,-0.21945448833499795,-0.6592340883654336
2023-10-05 05:20:00,-1.4567388545564246,-0.21333368111377748,-0.7652843930620382
2023-10-05 05:25:00,-1.4581046542928295,-0.20415097934518894,-0.8003813922828849
2023-10-05 05:30:00,-1.4929343536269633,-0.6976944478070074,-0.7234210771234069
2023-10-05 05:35:00,-1.5077776672130023,-0.21864315398219739,-0.6504863107820772
2023-10-05 05:40:00,-1.4950993393349943,-0.21779392924656832,-0.696348070603891
2023-10-05 05:45:00,-1.4374566995999278,-0.21711477960383,-0.8717788216323513
2023-10-05 05:50:00,-1.4571976248633858,-0.21085303676302797,-0.9584757669673594
2023-10-05 05:55:00,-1.4607760973751729,-0.2135811165598127,-0.9057235776797306
2023-10-05 06:00:00,-1.6348966674909835,-0.5677243144876906,-0.7319502546275487
2023-10-05 06:05:00,-1.6245717330492664,-0.20531259380687075,-0.6363052668901893
2023-10-05 06:10:00,-1.6351391336615235,-0.21661714087197412,-0.6154846109900695
2023-10-05 06:15:00,-1.5798053132868513,-0.2161977912095464,-0.8053460735169816
2023-10-05 06:20:00,-1.5712896217332566,-0.21701434030752428,-0.886162196096825
2023-10-05 06:25:00,-1.5635912950737412,-0.21746026860383047,-0.8927153905138862
2023-10-05 06:30:00,-1.719494141215937,-0.7084982561308092,-0.7930376671678913
2023-10-05 06:35:00,-1.7032603046026409,-0.21375171181089822,-0.6421022639594661
2023-10-05 06:40:00,-1.7092153220519488,-0.22470895831954898,-0.44794576686399196
2023-10-05 06:45:00,-1.502459493641217,-0.22494713283747106,-0.5997359845540524
2023-10-05 06:50:00,-1.5012953025355822,-0.22845129062240827,-0.595517769257671
2023-10-05 06:55:00,-1.5021902444734316,-0.21858082052595126,-0.6185914987163271
2023-10-05 07:00:00,-1.5724395357040544,-0.6792137758597334,-0.687989999607168
2023-10-05 07:05:00,-1.581257284675886,-0.2174820131660159,-0.5885748313838562
2023-10-05 07:10:00,-1.5586388012570958,-0.22225592149434278,-0.5098832333423757
2023-10-05 07:15:00,-1.5737314916525789,-0.22615006272940547,-0.48905583127663366
2023-10-05 07:20:00,-1.557672341040269,-0.2120771436770736,-0.6516224710535692
2023-10-05 07:25:00,-1.5552944457999909,-0.20590134008948885,-0.7208068716415296
2023-10-05 07:30:00,-1.7108650343558254,-0.9496884652089057,-0.7152733419162923
2023-10-05 07:35:00,-1.6957915915998558,-0.2042155694686207,-0.7012345190871814
2023-10-05 07:40:00,-1.6876412472058657,-0.20470674938769695,-0.692896118440908
2023-10-05 07:45:00,-1.419680261155281,-0.22263281771112525,-0.45777171335691186
2023-10-05 07:50:00,-1.4468437552863957,-0.23573201483237755,-0.332463645324204
2023-10-05 07:55:00,-1.4642370713751174,-0.22950479260222215,-0.40622480979944925
2023-10-05 08:00:00,-1.34201575825647,-0.7901572820725172,-0.5910414734981024
2023-10-05 08:05:00,-1.3310277025074886,-0.21111535654317515,-0.7224680585736677
2023-10-05 08:10:00,-1.3320174060248955,-0.22291141355778873,-0.5005909010756294
2023-10-05 08:15:00,-1.31258662525675,-0.229265959851995,-0.49973288270752586
2023-10-05 08:20:00,-1.3201042188956933,-0.22414328649275247,-0.5804803117206366
2023-10-05 08:25:00,-1.3296280234609834,-0.2179162611639832,-0.6303947087657061
2023-10-05 08:30:00,-1.2822590894816084,-0.621806040456775,-0.7133258146002415
2023-10-05 08:35:00,-1.301163967430243,-0.2047235553267424,-0.9543652543348509
2023-10-05 08:40:00,-1.3143130579545208,-0.2035105348755439,-1.0635758538352007
2023-10-05 08:45:00,-1.4147589780132686,-0.1921725390375097,-0.9614381380300213
2023-10-05 08:50:00,-1.4060656778876963,-0.18701858965572118,-1.0518737833935303
2023-10-05 08:55:00,-1.414271357113828,-0.20444428884369956,-0.7839702863274718
2023-10-05 09:00:00,-1.5376796930562777,-1.0079796176908695,-0.8439297914200135
2023-10-05 09:05:00,-1.5278572972616353,-0.19645222434166654,-0.9528003802134989
2023-10-05 09:10:00,-1.4888192695966207,-0.17274094810863547,-1.1011681248671294
2023-10-05 09:15:00,-1.7464289687971266,-0.19028640573817937,-0.9345162960702176
2023-10-05 09:20:00,-1.7683187835121459,-0.19105503048830388,-1.0901268909072872
2023-10-05 09:25:00,-1.7436984825427386,-0.17890821177451047,-0.9847312420878375
2023-10-05 09:30:00,-1.5055760497316588,-1.0167883593888367,-0.8564732740524599
2023-10-05 09:35:00,-1.4986266010949703,-0.19786402823994148,-0.9251058393038923
2023-10-05 09:40:00,-1.5007400385479674,-0.20118150779053598,-0.819838669214837
2023-10-05 09:45:00,-1.6440502133249755,-0.18119000955338915,-0.8603152525563802
2023-10-05 09:50:00,-1.6308738442705422,-0.1567513625518206,-1.2205860900635765
2023-10-05 09:55:00,-1.6752015960406088,-0.18523503664992289,-0.9334885012200073
2023-10-05 10:00:00,-1.693283112612851,-0.8535509148133695,-0.7999391485926256
2023-10-05 10:05:00,-1.685569708981108,-0.17919922063908753,-0.7515176725856857
2023-10-05 10:10:00,-1.6940770993945165,-0.17896293361370275,-0.8246663030221147
2023-10-05 10:15:00,-1.6266457298948962,-0.15542812896265093,-1.3491662564852203
2023-10-05 10:20:00,-1.636239784662943,-0.14548538909129938,-1.5423596858560034
2023-10-05 10:25:00,-1.6368906511180632,-0.14360506011377774,-1.5453521858079946
2023-10-05 10:30:00,-1.4989946527316318,-0.7788612609794718,-1.5774187141921556
2023-10-05 10:35:00,-1.4999708513841428,-0.14267167554778187,-1.5471975439875347
2023-10-05 10:40:00,-1.5002744886564425,-0.14144959101941967,-1.544271774631798
2023-10-05 10:45:00,-1.4380192351647598,-0.13919953632494644,-1.5183922481135772
2023-10-05 10:50:00,-1.5228356695801764,-0.18118040021041693,-1.1967762701137394
2023-10-05 10:55:00,-1.5246233321550868,-0.17804911414672253,-1.205588977784603
2023-10-05 11:00:00,-1.447375572865451,-0.1797149536448302,-1.2094095064731027
2023-10-05 11:05:00,-1.3611408104532505,-0.14048489059466773,-1.5257407308121105
2023-10-05 11:10:00,-1.3586521672924912,-0.1429013466806586,-1.5010247788256228
2023-10-05 11:15:00,-1.4690675761751246,-0.13764206675310328,-1.4788307321555252
2023-10-05 11:20:00,-1.458740312977347,-0.14453381002908688,-1.390558064593479
2023-10-05 11:25:00,-1.4969585618748233,-0.16843427988159768,-1.2328894672695352
2023-10-05 11:30:00,-1.4233886977431078,-1.0497456784928292,-1.1231392714520316
2023-10-05 11:35:00,-1.433132651276577,-0.1919369579997317,-1.0649631479597537
2023-10-05 11:40:00,-1.4376743452455392,-0.20097720624525844,-0.9062722213837928
2023-10-05 11:45:00,-1.4205777675673068,-0.20443192612006783,-0.9728019153914784
2023-10-05 11:50:00,-1.4176511420246818,-0.20351818474233985,-0.9836604941856713
2023-10-05 11:55:00,-1.4156660399040093,-0.2093454881702456,-0.8295700819924121
2023-10-05 12:00:00,-1.5810780184509756,-1.1947868004409246,-0.9017658543542081
2023-10-05 12:05:00,-1.5856541400704574,-0.20582475096014607,-0.945600299369654
2023-10-05 12:10:00,-1.597940948242109,-0.19796760427768664,-1.070209341672971
2023-10-05 12:15:00,-1.7787385176034258,-0.19270598087814905,-0.933499322746494
2023-10-05 12:20:00,-1.775288646841388,-0.18542606398450498,-0.9591162949856333
2023-10-05 12:25:00,-1.7853419143931144,-0.18906956639729713,-1.0168414571487117
2023-10-05 12:30:00,-1.6709033449634212,-1.170613032851749,-1.1458161132427982
2023-10-05 12:35:00,-1.6774975258125,-0.1920225126757407,-1.0248784417034358
2023-10-05 12:40:00,-1.6772633643905155,-0.18855350918032926,-1.014524888590287
2023-10-05 12:45:00,-1.6272612774776123,-0.176431309860708,-1.0248644071143105
2023-10-05 12:50:00,-1.6381315362748634,-0.18100466965223447,-1.0220826574771025
2023-10-05 12:55:00,-1.6208680815361303,-0.18473446724581558,-0.959108219397065
2023-10-05 13:00:00,-1.2639816799637524,-1.0930632027904843,-1.1611386175099356
2023-10-05 13:05:00,-1.2696816886616753,-0.19721270221160644,-1.0321257188350315
2023-10-05 13:10:00,-1.2659430342734965,-0.191162487736407,-1.134125306356596
2023-10-05 13:15:00,-1.3205569255440444,-0.192319619558971,-1.1272737107546185
2023-10-05 13:20:00,-1.3121816464894744,-0.18942304207389796,-1.1654078626368656
2023-10-05 13:25:00,-1.3200442817974578,-0.18466290920899875,-1.237058444115767
2023-10-05 13:30:00,-1.2122350284186976,-1.0374473253499956,-1.3694637164241186
2023-10-05 13:35:00,-1.2140644499110518,-0.18840521426503373,-1.0836562879763176
2023-10-05 13:40:00,-1.2069763894785994,-0.19397841069341518,-0.9408643615552238
2023-10-05 13:45:00,-0.8063832227612524,-0.21197756705134724,-0.9518786260439213
2023-10-05 13:50:00,-0.8183246714160773,-0.21882061709189635,-0.8302091879060363
2023-10-05 13:55:00,-0.8131075593433091,-0.21403723763936064,-0.8184160845394551
2023-10-05 14:00:00,-1.0426950506921493,-1.198357795918602,-0.9371651849460269
2023-10-05 14:05:00,-1.0528327357709653,-0.19109057506907123,-0.9463443711806601
2023-10-05 14:10:00,-1.0777484346535156,-0.19366237521313961,-0.9969657140039697
2023-10-05 14:15:00,-0.9667273998380654,-0.22692351793792523,-0.7219362964218113
2023-10-05 14:20:00,-0.9799875736607034,-0.2246506050636124,-0.7857370931393434
2023-10-05 14:25:00,-0.983043397612292,-0.21698160617409842,-0.9544458917178138
2023-10-05 14:30:00,-1.137844912315396,-1.0046945133983956,-0.9847260484816482
2023-10-05 14:35:00,-1.1301285185246648,-0.20688218995357663,-0.9066447094290981
2023-10-05 14:40:00,-1.1077554967828225,-0.20956092961395728,-0.8105454281097121
2023-10-05 14:45:00,-1.2050399197879953,-0.22050172953932545,-0.7830024262966869
2023-10-05 14:50:00,-1.2246641278869619,-0.21259043207493464,-0.936958638139964
2023-10-05 14:55:00,-1.2105910383901735,-0.2172276855422813,-0.8360188312868527
2023-10-05 15:00:00,-1.363773733568233,-1.039675816406336,-0.7582980902738878
2023-10-05 15:05:00,-1.3765935783866408,-0.20214395414321779,-0.7865358412492126
2023-10-05 15:10:00,-1.3771210492010144,-0.1988768336798874,-0.9753027004925635
2023-10-05 15:15:00,-1.2032067487822375,-0.19921185885005366,-1.1371104279135469
2023-10-05 15:20:00,-1.1974995947660976,-0.1957147643361555,-1.0943146575830416
2023-10-05 15:25:00,-1.1827695202694888,-0.1902128528822927,-1.07707088080601
2023-10-05 15:30:00,-1.237487643294506,-0.9657536094746174,-0.9537715891821406
2023-10-05 15:35:00,-1.2326163011504419,-0.19568726416094437,-0.9049483164558488
2023-10-05 15:40:00,-1.2326178722336274,-0.20113234559624077,-0.8040451388098849
2023-10-05 15:45:00,-0.974104005180573,-0.22040994203366202,-0.733387294429365
2023-10-05 15:50:00,-0.9874845108700739,-0.2212146279167891,-0.7065293946444845
2023-10-05 15:55:00,-0.9838452367770426,-0.22097382068720092,-0.6618284066752682
2023-10-05 16:00:00,-0.9140063021054127,-1.0366672054840154,-0.7659102112114833
2023-10-05 16:05:00,-0.9151426311735525,-0.2025583027309364,-0.8102209493998787
2023-10-05 16:10:00,-0.9217452235203074,-0.21877021100001398,-0.5820590830378387
2023-10-05 16:15:00,-1.0261741036990752,-0.20964346615842094,-0.6424976972936787
2023-10-05 16:20:00,-1.0226226153589406,-0.2062412352303529,-0.6912890165505395
2023-10-05 16:25:00,-1.0129756261270662,-0.22105862692764633,-0.6303859392758929
2023-10-05 16:30:00,-0.900528871998016,-0.8678040600612802,-0.6788393938231162
2023-10-05 16:35:00,-0.9262477196107134,-0.22282142832508833,-0.737347004007577
2023-10-05 16:40:00,-0.9280331622003319,-0.2086978648840349,-0.9565131442591138
2023-10-05 16:45:00,-0.6340243960950204,-0.2278096458276751,-0.967333735590595
2023-10-05 16:50:00,-0.6257178561831837,-0.23543506729265692,-0.8898221583077685
2023-10-05 16:55:00,-0.6066552339518699,-0.25185950130780305,-0.6949445986763142
2023-10-05 17:00:00,-0.5928590201305713,-0.8237205911845149,-0.7926901420527925
2023-10-05 17:05:00,-0.6304646308703458,-0.2493655889771764,-0.8861008158455155
2023-10-05 17:10:00,-0.6280378174207333,-0.25058270362979806,-0.8625023300209638
2023-10-05 17:15:00,-0.9427092455299773,-0.2160251079469722,-0.9478045055927975
2023-10-05 17:20:00,-0.9787904054907609,-0.21781137427595781,-1.0067353593012973
2023-10-05 17:25:00,-0.9687450367266485,-0.2134729736478332,-1.0007956826858682
2023-10-05 17:30:00,-1.0962999732772185,-0.8664273819025025,-1.182653974049791
2023-10-05 17:35:00,-1.093014208065351,-0.19489354698178704,-1.1881455524459126
2023-10-05 17:40:00,-1.0944917699434382,-0.21630003560001354,-0.8607465315105921
2023-10-05 17:45:00,-0.8091896333168531,-0.24014065428853645,-0.5826936031027603
2023-10-05 17:50:00,-0.8110310490692568,-0.23310522254137034,-0.7109422191545955
2023-10-05 17:55:00,-0.7991574355922552,-0.2276065078728323,-0.724201581851176
2023-10-05 18:00:00,-0.9385890239604331,-1.1346690224842637,-0.5705288195958158
2023-10-05 18:05:00,-0.9432726380076821,-0.2302212703904017,-0.5116757242744921
2023-10-05 18:10:00,-0.934567844698074,-0.2161139310576734,-0.6708897439205281
2023-10-05 18:15:00,-0.6904734643306025,-0.2395116678146829,-0.6820275619286812
2023-10-05 18:20:00,-0.7254713536027976,-0.2382044689439023,-0.791094756694008
2023-10-05 18:25:00,-0.7189583037757087,-0.23098755817567265,-0.8486792638897748
2023-10-05 18:30:00,-0.697463191987076,-0.24065756634049534,-0.7915222883474312
2023-10-05 18:35:00,-0.6550101579780828,-0.2270774661048552,-0.8990951139851838
2023-10-05 18:40:00,-0.7042475335793907,-0.23348349843714086,-0.958152955656682
2023-10-05 18:45:00,-1.0928149644313163,-0.20408111218245734,-1.0591701864524554
2023-10-05 18:50:00,-1.075306385352234,-0.18552223523273104,-1.3160533725633041
2023-10-05 18:55:00,-1.1144893989533315,-0.19041689917643206,-1.3373162874433828
2023-10-05 19:00:00,-1.148789830819488,-0.7436072396246005,-1.1053534780194747
2023-10-05 19:05:00,-1.094583174739354,-0.16977779348086777,-1.2253238693071622
2023-10-05 19:10:00,-1.0980450251769165,-0.16181395144513142,-1.2301951847233397
2023-10-05 19:15:00,-1.2665472126726796,-0.1844853662824831,-1.250469166407152
2023-10-05 19:20:00,-1.2718411574051884,-0.1943046172046585,-1.2069530891126372
2023-10-05 19:25:00,-1.2936140515424854,-0.20146798893230675,-1.092721532371583
2023-10-05 19:30:00,-1.2830038773393029,-1.1456191061633785,-1.1780746619531632
2023-10-05 19:35:00,-1.2560244459993954,-0.1861670279478807,-1.197085409926738
2023-10-05 19:40:00,-1.252628333795767,-0.2017576468216605,-0.9129074599309183
2023-10-05 19:45:00,-1.3394509955621283,-0.20820193371872425,-0.8485455721353934
2023-10-05 19:50:00,-1.341904615536474,-0.20429658319347044,-1.0082244574258288
2023-10-05 19:55:00,-1.3389730375943025,-0.19989035658258555,-0.963853072754286
2023-10-05 20:00:00,-1.2903566675015068,-1.1604049386088724,-0.96797653078777
2023-10-05 20:05:00,-1.267873041614719,-0.17848503418493303,-1.1124092040364546
2023-10-05 20:10:00,-1.2918972450290018,-0.19657563822705235,-0.9187775535175796
2023-10-05 20:15:00,-1.387941126785811,-0.19640909964363473,-0.9992813740716224
2023-10-05 20:20:00,-1.3821318164199277,-0.19952898937960126,-0.9332263463597246
2023-10-05 20:25:00,-1.3849361291799671,-0.20631503346946714,-0.8925135488697187
2023-10-05 20:30:00,-1.4213757468309873,-0.5938202703252242,-0.7166415798701792
2023-10-05 20:35:00,-1.4441992750803696,-0.23108856722193025,-0.6045473490760219
2023-10-05 20:40:00,-1.454616498316561,-0.22888598948457808,-0.6947212699856401
2023-10-05 20:45:00,-1.6006597953061665,-0.2134268199509041,-0.7935938568300176
2023-10-05 20:50:00,-1.5868500636586644,-0.2071515916759993,-0.7939984752091012
2023-10-05 20:55:00,-1.5541310339502472,-0.1817104677049135,-1.0324739663473976
2023-10-05 21:00:00,-1.456928964690109,-0.5113493271255704,-0.889085955888855
2023-10-05 21:05:00,-1.4664085967388056,-0.19674603247668937,-1.1155779007425162
2023-10-05 21:10:00,-1.4650105961925552,-0.1960969492068549,-1.08882452122328
2023-10-05 21:15:00,-1.5949716832200955,-0.18868957985249074,-1.122648040821649
2023-10-05 21:20:00,-1.581241100800634,-0.18953450939748906,-1.0498059957969674
2023-10-05 21:25:00,-1.5966700521697412,-0.1811615091976446,-1.1814001033162014
2023-10-05 21:30:00,-1.7542708380252856,-0.6228684098353712,-1.1549873742722663
2023-10-05 21:35:00,-1.726521143983479,-0.14686729374185253,-1.3096001284955507
2023-10-05 21:40:00,-1.7389635207560987,-0.1422149653224642,-1.4261473864359182
2023-10-05 21:45:00,-1.8187281766195156,-0.17837353637148307,-1.0627749629634438
2023-10-05 21:50:00,-1.7736811912990877,-0.1792035131959785,-1.006699759722329
2023-10-05 21:55:00,-1.8006750834878462,-0.15261427709871356,-1.2723464872413068
2023-10-05 22:00:00,-1.7389518561834445,-0.8089730845227037,-1.4010703161576894
2023-10-05 22:05:00,-1.7330501014360338,-0.14912074213171114,-1.2753752378830474
2023-10-05 22:10:00,-1.730452471990825,-0.15191065699202996,-1.2512730063140316
2023-10-05 22:15:00,-1.7165969109011316,-0.15513356737969933,-1.339835950556465
2023-10-05 22:20:00,-1.763539543250176,-0.15356786496076294,-1.4296131738300242
2023-10-05 22:25:00,-1.7366379179475362,-0.1394330074255273,-1.5629239047962835
2023-10-05 22:30:00,-1.5539162485162357,-0.7628026605434577,-1.3870398121136651
2023-10-05 22:35:00,-1.532894349496057,-0.19033393373836213,-1.0303820485901705
2023-10-05 22:40:00,-1.542476456700653,-0.19078110425590647,-1.084833059753521
2023-10-05 22:45:00,-1.4960909315029238,-0.18759260707480613,-1.323316910038567
2023-10-05 22:50:00,-1.473147901135472,-0.18111168376965223,-1.4229254468317147
2023-10-05 22:55:00,-1.4594206393855156,-0.1923007611779686,-1.272886938690679
2023-10-05 23:00:00,-1.6280930776036857,-0.9057135453421048,-1.3245754393600742
2023-10-05 23:05:00,-1.6335091344326496,-0.17483885229193002,-1.3180922982865393
2023-10-05 23:10:00,-1.6422803460883653,-0.1692404655922851,-1.423908807856844
2023-10-05 23:15:00,-1.6314993305777905,-0.16671329150018055,-1.5044217670752515
2023-10-05 23:20:00,-1.5786949833303088,-0.16775489597946475,-1.3399182439349646
2023-10-05 23:25:00,-1.5738805685929063,-0.1689111057220408,-1.2695589183854825
2023-10-05 23:30:00,-1.7442456706235112,-0.9842558511281343,-1.1585639266673602
2023-10-05 23:35:00,-1.787729143282578,-0.1830558048835695,-1.1317618825717566
2023-10-05 23:40:00,-1.788834125073207,-0.18140346186311612,-1.1390291656233202
2023-10-05 23:45:00,-1.6609169899922982,-0.19360536644582418,-1.0897088432594266
2023-10-05 23:50:00,-1.6862959702009312,-0.19888224461535214,-1.0857358056357118
2023-10-05 23:55:00,-1.6671853051049255,-0.1965628814651536,-1.0819974551799
2023-10-06 00:00:00,-1.6747465601586036,-0.8584651092001948,-0.5857884555308492
2023-10-06 00:15:00,-2.218960327453103,-0.18248917751788615,-0.9634623751054505
2023-10-06 00:20:00,-2.2275931497390076,-0.16960683710509447,-1.1482975169014245
2023-10-06 00:25:00,-2.2601715361637305,-0.16334569476215346,-1.250664628377144
2023-10-06 00:30:00,-2.337560650882897,-0.8416382766082842,-1.1815583772491909
2023-10-06 00:35:00,-2.33217046548344,-0.13885397955351625,-1.31770473572464
2023-10-06 00:40:00,-2.3444665410013434,-0.134472043814242,-1.360333761884192
2023-10-06 00:45:00,-2.4307845596161934,-0.1462178487650869,-1.2834279186502902
2023-10-06 00:50:00,-2.4269830096321763,-0.15792292280448827,-1.1691098290165576
2023-10-06 00:55:00,-2.412291340691813,-0.16632158853399964,-1.0495752797602393
2023-10-06 01:00:00,-2.470725256937298,-1.019472669635605,-1.1361074793022792
2023-10-06 01:05:00,-2.4709845845664815,-0.15968822895246562,-1.0593612098667649
2023-10-06 01:10:00,-2.4842302604671636,-0.14703919567629706,-1.192277460976127
2023-10-06 01:15:00,-2.4355811586771776,-0.13944424583805923,-1.231694127658407
2023-10-06 01:20:00,-2.4508910487534794,-0.1619473984565022,-0.9415442166963387
2023-10-06 01:25:00,-2.4578267478074567,-0.15861781174926526,-1.0322481171851
2023-10-06 01:30:00,-2.4102352419774586,-0.940480999337599,-1.250006391603292
2023-10-06 01:35:00,-2.3958434657441843,-0.16070091440214584,-0.9925346052343903
2023-10-06 01:40:00,-2.404748160657002,-0.15340579095814383,-1.0896297979133107
2023-10-06 01:45:00,-2.3620511340050037,-0.14949229596346475,-1.1506789120602237
2023-10-06 01:50:00,-2.372976628032385,-0.14116891193450531,-1.2738277272865686
2023-10-06 01:55:00,-2.3819469732713627,-0.1340666299962088,-1.3732189988093861
2023-10-06 02:00:00,-2.179113444523477,-0.15496038225065037,-1.1720489161906595
2023-10-06 02:05:00,-2.1992183600268738,-0.17762333495406582,-0.9604263590080149
2023-10-06 02:10:00,-2.204332189707947,-0.1738180588498378,-1.0186534772645628
2023-10-06 02:15:00,-2.003244955982515,-0.17995122145343598,-1.085182953930163
2023-10-06 02:20:00,-2.001823144587158,-0.18128189701899577,-1.0067937089795003
2023-10-06 02:25:00,-1.9963301827470035,-0.17909523153212395,-0.9680140747368443
2023-10-06 02:30:00,-2.0104553725260685,-0.5280943914316143,-1.0587042905239
2023-10-06 02:35:00,-2.0248158060222763,-0.17430783551377466,-1.11407295478262
2023-10-06 02:40:00,-2.0261030028593545,-0.18002984016036522,-0.979674506881572
2023-10-06 02:45:00,-2.156071975349113,-0.15930099139257345,-1.0906424377925579
2023-10-06 02:50:00,-2.1744519160247235,-0.16705005450008933,-1.053475627227084
2023-10-06 02:55:00,-2.154714245267045,-0.17111608764115366,-0.8886170583613476
2023-10-06 03:00:00,-2.0505296637446637,-0.9483682819520803,-0.3284410728354814
2023-10-06 03:05:00,-2.0857961843300985,-0.1891713422608599,-0.6540130037387998
2023-10-06 03:10:00,-2.07457250689644,-0.1848999345466805,-0.7011627468273844
2023-10-06 03:15:00,-2.1775399884513167,-0.17862549361753752,-0.7554223706257106
2023-10-06 03:20:00,-2.175789147516336,-0.17702296748137306,-0.8447831508435097
2023-10-06 03:25:00,-2.197648764779573,-0.153587194956105,-1.239580432470411
2023-10-06 03:30:00,-1.7780793935382948,-0.9273008353657138,-1.3575280867470692
2023-10-06 03:35:00,-1.7575637423198058,-0.16408482247881653,-1.334426408531052
2023-10-06 03:40:00,-1.7518062194712458,-0.16320942248009063,-1.2997719902502674
2023-10-06 03:45:00,-1.4696282806095886,-0.16207189532854321,-1.3084847993249138
2023-10-06 03:50:00,-1.4593404977313154,-0.17078715638070383,-1.134204174803993
2023-10-06 03:55:00,-1.4628951031172077,-0.16662119184421859,-1.2288833766118499
2023-10-06 04:00:00,-1.350586559771773,-1.0888842111016646,-1.173751854997076
2023-10-06 04:05:00,-1.369835849467686,-0.1760859388129932,-1.2128071347436151
2023-10-06 04:10:00,-1.3645883422393843,-0.16777869977180074,-1.3306158460981679
2023-10-06 04:15:00,-1.5246343470755588,-0.1586837600132845,-1.3662876902429828
2023-10-06 04:20:00,-1.5155656295132451,-0.1668012683390485,-1.2078699389071548
2023-10-06 04:25:00,-1.5310693942405802,-0.17307160638122138,-1.1147996460758496
2023-10-06 04:30:00,-1.5117090083986968,-1.0729978339327446,-0.99843037730523
2023-10-06 04:35:00,-1.5162652359425626,-0.1941964735862838,-0.759609266546439
2023-10-06 04:40:00,-1.5172136055252625,-0.19556477260723665,-0.7837039457897829
2023-10-06 04:45:00,-1.9410064281401658,-0.17451771053641651,-0.8802990694525463
2023-10-06 04:50:00,-1.956034810705627,-0.1691512696610771,-1.0247300350245492
2023-10-06 04:55:00,-1.9636271940913514,-0.1677494116321482,-1.1383964296352262
2023-10-06 05:00:00,-2.0413501425450016,-0.9512677660510669,-1.2364036278712436
2023-10-06 05:05:00,-2.038057497977132,-0.1580201920660204,-1.2142007611383123
2023-10-06 05:10:00,-1.9921252942410843,-0.15413369288028822,-1.1287461920370734
2023-10-06 05:15:00,-2.1613825887835887,-0.1759190323796318,-0.9771717521606632
2023-10-06 05:20:00,-2.161268402640799,-0.17486459398838544,-0.9685767492609756
2023-10-06 05:25:00,-2.198742936046462,-0.17660551027265148,-1.0095668022466397
2023-10-06 05:30:00,-2.1970182822716415,-1.012262804976842,-1.1490568621991883
2023-10-06 05:35:00,-2.204759771948754,-0.16026529575148113,-1.1282578096464588
2023-10-06 05:40:00,-2.2429776286134064,-0.16554154439754942,-1.1399705540002583
2023-10-06 05:45:00,-2.398960157117265,-0.15054408373809228,-1.0716435463034937
2023-10-06 05:50:00,-2.408296435078982,-0.15205595156052007,-1.040318179860129
2023-10-06 05:55:00,-2.413060156730709,-0.15967224439325964,-1.0381900967581401
2023-10-06 06:00:00,-2.3123740357004547,-0.9898232020697265,-1.1263586596700272
2023-10-06 06:05:00,-2.321600093456601,-0.1709865609049995,-0.9792524711761242
2023-10-06 06:10:00,-2.316099454856742,-0.17844192441187845,-0.8742351957330576
2023-10-06 06:15:00,-2.4634266613678606,-0.1692216422118831,-0.8936734763519729
2023-10-06 06:20:00,-2.435528755090842,-0.16549655512045258,-0.802823203214735
2023-10-06 06:25:00,-2.4557093427626064,-0.18259703886511006,-0.6629081535504425
2023-10-06 06:30:00,-2.365464341865113,-1.001393295213192,-0.8337085522136759
2023-10-06 06:35:00,-2.3296085269848583,-0.1635897151815095,-0.9409638504167426
2023-10-06 06:40:00,-2.365737183857232,-0.1762082933149289,-0.860174271064433
2023-10-06 06:45:00,-2.6555527367384864,-0.17887091486091586,-0.9298451848390462
2023-10-06 06:50:00,-2.63882460974998,-0.18271911918728395,-0.8121769889906174
2023-10-06 06:55:00,-2.6147069048242177,-0.20102786174885182,-0.6038595541025424
2023-10-06 07:00:00,-2.532443375450803,-0.8284917967543366,-0.7726988168208969
2023-10-06 07:05:00,-2.554829690345582,-0.1878410478486679,-0.9960850187750412
2023-10-06 07:10:00,-2.5337920512580405,-0.16927859636770964,-1.1546495351124146
2023-10-06 07:15:00,-2.8680791772439966,-0.16547469903808815,-0.9287866835669212
2023-10-06 07:20:00,-2.845347855054789,-0.15098680192855152,-1.0860896916837122
2023-10-06 07:25:00,-2.830052970677176,-0.1610510967529353,-0.903516516000232
2023-10-06 07:30:00,-2.607010116838653,-0.8691831377734376,-0.9363811692346956
2023-10-06 07:35:00,-2.6569533707880244,-0.1820593451415234,-0.9546931343333056
2023-10-06 07:40:00,-2.6555526442010935,-0.18349193404072928,-0.9412520374638204
2023-10-06 07:45:00,-2.8402331005022594,-0.17546612593487898,-0.7642088521162065
2023-10-06 07:50:00,-2.84029847181943,-0.182554488217757,-0.7467521203611874
2023-10-06 07:55:00,-2.868951763799155,-0.16220079177951388,-1.015245622549376
2023-10-06 08:00:00,-2.3631270239576243,-1.2098106675922287,-1.0900315347248017
2023-10-06 08:05:00,-2.353782185579183,-0.20953712143726777,-0.5429439929280265
2023-10-06 08:10:00,-2.3384760924419603,-0.20723276298354995,-0.6006226064440368
2023-10-06 08:15:00,-2.0503774248231283,-0.17328616746926015,-1.014710209835514
2023-10-06 08:20:00,-2.070377795509992,-0.20725074421776313,-0.4266771370494832
2023-10-06 08:25:00,-2.0450380754783737,-0.21706566505949756,-0.08025857953436066
2023-10-06 08:30:00,-2.104457119679233,-1.1800202428466717,-0.2915493474558262
2023-10-06 08:35:00,-2.103104597324206,-0.21571570955224428,0.08839946091858508
2023-10-06 08:40:00,-2.05495443920427,-0.24878896206370715,1.1017867643070878
2023-10-06 08:45:00,-1.7791053206597767,-0.23969528517457211,1.4421043997211125
2023-10-06 08:50:00,-1.7763524557162975,-0.23104836647993102,1.2862332007976398
2023-10-06 08:55:00,-1.6987347979473078,-0.2823966069727828,2.0191785519403656
2023-10-06 09:00:00,-1.8730701015319398,-1.512079163214976,0.24121529282960183
2023-10-06 09:05:00,-1.8812989581702535,-0.24235532154468004,0.5378950910774742
2023-10-06 09:10:00,-1.843910193579268,-0.2832754605665301,1.455025945101614
2023-10-06 09:15:00,-1.5562635959382627,-0.2571235632419307,-0.14737663175087845
2023-10-06 09:20:00,-1.5350951237892199,-0.2548629758989884,0.14510305699242218
2023-10-06 09:25:00,-1.5304464653857577,-0.25441961293425785,0.22302392143904656
2023-10-06 09:30:00,-1.3974781578792528,-0.26515100643401346,0.27243228309298445
2023-10-06 09:35:00,-1.424107344776198,-0.2610502252094246,0.060345159250756494
2023-10-06 09:40:00,-1.4289609137999166,-0.27563174186840744,0.46387740202054406
2023-10-06 09:45:00,-1.589687745609016,-0.28797663796073686,1.4134503725172742
2023-10-06 09:50:00,-1.5391569097061633,-0.3518934978499982,3.0347893687063587
2023-10-06 09:55:00,-1.5443896594074964,-0.3593146652559899,3.350199585831315
2023-10-06 10:00:00,-1.298280138681439,-0.774434265543239,3.836246788612683
2023-10-06 10:05:00,-1.3396617183706296,-0.45396486596250857,3.890342898990957
2023-10-06 10:10:00,-1.4689511396668378,-0.4113708639806589,2.5862341826905375
2023-10-06 10:15:00,-1.52414389863991,-0.4529697556441304,3.5591025762169153
2023-10-06 10:20:00,-1.5265031105422315,-0.480377334011375,3.984621632643038
2023-10-06 10:25:00,-1.6122389244304909,-0.4905969875635446,3.557046163691573
2023-10-06 10:30:00,-1.87820383162814,-1.0618501014030568,2.465137007473937
2023-10-06 10:45:00,-1.8070287608296192,-0.4761618624842947,3.2964865535745815
2023-10-06 12:15:00,-2.5577329951728713,-0.6203224342333905,5.078445165237406
2023-10-06 12:20:00,-2.473358039326156,-0.5500097862470109,3.4400214704731695
2023-10-06 12:25:00,-2.452484980063027,-0.5686552136649273,3.849403143469308
2023-10-06 12:30:00,-2.7412475086809125,-1.446332492552683,5.319465838281077
2023-10-06 12:35:00,-2.8178296550985023,-0.6414629668319369,5.871408843800833
2023-10-06 12:40:00,-2.7903093970992345,-0.5739945084648249,4.127404663798857
2023-10-06 12:45:00,-2.8111245032759538,-0.6099856339056307,4.838899467510246
2023-10-06 13:00:00,-1.2112184547317901,-1.8358590652740825,7.122173719211262
2023-10-06 13:05:00,-1.2749068661366338,-0.8956324938083322,8.054821210473897
2023-10-06 13:10:00,-1.1527111136417272,-0.7955837312104768,6.25917686322948
2023-10-06 13:15:00,-3.016653424430029,-0.8123678087261764,7.2033379182942685
2023-10-06 13:20:00,-3.2004916531552396,-0.8504943013356713,7.057458292102264
2023-10-06 13:25:00,-3.3064418696158655,-0.971705471800236,9.043522209020667
2023-10-06 13:30:00,-3.1921595647570005,-1.5628635198701342,8.114361126831396
2023-10-06 13:35:00,-2.991273159853474,-0.7377610165246204,5.444905849909812
2023-10-06 13:40:00,-2.756646701413711,-0.7052938151137278,5.927306451407738
2023-10-06 13:45:00,-2.7343950073556345,-0.625643392588528,4.122962462663304
2023-10-06 13:50:00,-2.6434745049019313,-0.5653862902469213,3.6766092200499507
2023-10-06 13:55:00,-2.525169150391501,-0.6029044345162988,5.538884983995659
2023-10-06 14:00:00,-2.8973673792577324,-1.2022578769046404,3.786112201195733
2023-10-06 14:05:00,-2.8689938781826307,-0.5347364108113908,3.6509410699273586
2023-10-06 14:10:00,-2.8652429206497128,-0.5341509725495265,3.7152118690716907
2023-10-06 14:15:00,-3.020220973587561,-0.6246377681544286,6.245090661983976
2023-10-06 14:20:00,-3.1675488017767406,-0.8680772582086553,10.358711374863452
2023-10-06 14:25:00,-3.493954717171585,-0.9579119884979206,10.00721338388411
2023-10-06 14:30:00,-3.399762789164465,-1.0781295384128586,7.716755679368499
2023-10-06 14:35:00,-3.310552988549368,-0.7543562349351286,6.8588465194983055
2023-10-06 14:40:00,-3.2682892022837753,-0.7216951416007661,6.088931677134405
2023-10-06 14:45:00,-3.1058183533065375,-0.6486967332982274,4.921181870192868
2023-10-06 14:50:00,-2.98648098918455,-0.5749775955737072,4.381081929315837
2023-10-06 14:55:00,-2.9482987239733354,-0.506293456707092,3.776104764305145
2023-10-06 15:00:00,-2.946169806067398,-1.2597929376220267,6.421739013445013
2023-10-06 15:05:00,-3.046914093137967,-0.49946591166069804,4.06969850427256
2023-10-06 15:10:00,-3.079209526065256,-0.4151569926179332,1.9790535840067027
2023-10-06 15:15:00,-3.1138225249829246,-0.377913603742987,1.6042566097320465
2023-10-06 15:20:00,-3.1059573794316053,-0.3549983009760097,1.5585242842906202
2023-10-06 15:25:00,-3.03010891876522,-0.34477206015207396,1.3153078559044673
2023-10-06 15:30:00,-2.6747794495995536,-1.1938105638714245,1.084285901277168
2023-10-06 15:35:00,-2.6872504284023004,-0.320370850595135,0.6849765511005167
2023-10-06 15:40:00,-2.6453597314063257,-0.3147071510228951,0.694873090802828
2023-10-06 15:45:00,-2.967795398707748,-0.2868325474304211,0.6668758800472857
2023-10-06 15:50:00,-2.9677869803890604,-0.27850917019206833,0.5924865334401943
2023-10-06 15:55:00,-2.966853594813363,-0.28479179560623746,0.5672825339289496
2023-10-06 16:00:00,-2.715865748503164,-1.2635282681575786,0.4373688060847139
2023-10-06 16:05:00,-2.6965256631970167,-0.2829322147769354,0.31803930969149385
2023-10-06 16:10:00,-2.6974314006075546,-0.2620905909561456,0.11737679404875526
2023-10-06 16:15:00,-2.8181583682881586,-0.23834935282182015,-0.07542657840251825
2023-10-06 16:20:00,-2.835198145440722,-0.2560401568628669,0.047223333837157065
2023-10-06 16:25:00,-2.8272549267274782,-0.24203269123428847,-0.2460100873273623
2023-10-06 16:30:00,-2.7180859551002086,-1.025197950285504,-0.36203881384541586
2023-10-06 16:35:00,-2.7229512175337627,-0.22750018484295118,-0.3938878873739248
2023-10-06 16:40:00,-2.682965189891042,-0.21768044826405472,-0.3880765359516174
2023-10-06 16:45:00,-2.637362003153802,-0.2340703423526383,0.3382672288379517
2023-10-06 16:50:00,-2.689448495668801,-0.22677837276745705,-0.3285730590265911
2023-10-06 16:55:00,-2.6540834710713495,-0.22693177015197302,-0.2695774271062797
2023-10-06 17:00:00,-2.325865011263795,-0.24018150981140118,-0.3224658653329504
2023-10-06 17:05:00,-2.316490337033777,-0.23780266209824263,-0.34753132401125886
2023-10-06 17:10:00,-2.321910570646349,-0.2403302411268941,-0.19567367852059894
2023-10-06 17:15:00,-2.3025403672039495,-0.2256504628807558,-0.45227533742950216
2023-10-06 17:20:00,-2.29203104245102,-0.21179707987156438,-0.7689205765493975
2023-10-06 17:25:00,-2.2784679033187043,-0.2008098264636848,-1.0545967770242046
2023-10-06 17:30:00,-2.220705968249833,-0.8564183573309261,-0.7716926982456443
2023-10-06 17:35:00,-2.1981088346257702,-0.21329283106373928,-0.9064055524729887
2023-10-06 17:40:00,-2.1968836662900024,-0.21454516979396682,-0.8946535844470807
2023-10-06 17:45:00,-1.9605153183108912,-0.23030096757553553,-0.6762916149932189
2023-10-06 17:50:00,-1.9744941993229215,-0.24176836114942338,-0.4004493674252389
2023-10-06 17:55:00,-1.9479289694462911,-0.245404024969118,-0.3780721827697869
2023-10-06 18:00:00,-2.0682614393819074,-1.6438845718419257,-0.8809369962652407
2023-10-06 18:05:00,-2.076570084610785,-0.21979091182607302,-0.9005614806917985
2023-10-06 18:10:00,-2.0888140327098097,-0.2256067115959129,-0.816101615850786
2023-10-06 18:15:00,-2.0464007310919983,-0.2011978234565761,-0.8780270191720531
2023-10-06 18:20:00,-2.0492021831951037,-0.19886196835749528,-0.7166176865308214
2023-10-06 18:25:00,-2.01848533295135,-0.1971469293341562,-0.3372734641687599
2023-10-06 18:30:00,-2.059780578459853,-1.5577267062751523,1.1507864800687773
2023-10-06 18:35:00,-2.089803312172296,-0.2440302785533802,0.6159988645028547
2023-10-06 18:40:00,-2.0756291164075256,-0.226816924086553,0.8913345924984074
2023-10-06 18:45:00,-1.9102331081861261,-0.2506637146576068,1.603281202270334
2023-10-06 18:55:00,-1.9168074521302647,-0.27004493662945633,1.4270780343167222
2023-10-06 19:00:00,-1.557847362287571,-1.2655860108958954,1.5011221863687019
2023-10-06 19:05:00,-1.6281500305284664,-0.28908391557123436,0.9186386054272436
2023-10-06 19:10:00,-1.6484915292584075,-0.2757889065351844,0.48355403812730025
2023-10-06 19:15:00,-1.5540183625564143,-0.28401423594713626,0.902867257939518
2023-10-06 19:20:00,-1.542457425796277,-0.30275746286510896,1.3297483889757697
2023-10-06 19:25:00,-1.5296222635924281,-0.32209924360384257,1.4440410096921483
2023-10-06 19:30:00,-1.6978086757117312,-1.2270675142544647,1.3619311013809194
2023-10-06 19:35:00,-1.6872461328248924,-0.3155832586816969,1.7229067104465512
2023-10-06 19:40:00,-1.6655228600569554,-0.35247788502545563,2.2636516325475364
2023-10-06 19:45:00,-1.3776344023973717,-0.3256455525199873,2.2102461239080253
2023-10-06 19:50:00,-1.4269651500691853,-0.33875502678374814,1.5077890669064842
2023-10-06 19:55:00,-1.4350515834970554,-0.340278836134099,1.1791827081881043
2023-10-06 20:00:00,-1.7126276364897408,-0.8151875474638439,0.6073282752957766
2023-10-06 20:05:00,-1.7540299753128747,-0.28014967149958336,0.2813006539970174
2023-10-06 20:10:00,-1.7172747097124434,-0.2898997484251923,0.7507809845840058
2023-10-06 20:15:00,-2.291546196923181,-0.31111627572152145,1.4908411889044413
2023-10-06 20:20:00,-2.3153489448916384,-0.3063971659129802,1.3107013630473285
2023-10-06 20:25:00,-2.290260712955429,-0.30801396096239037,1.490752110312407
2023-10-06 20:30:00,-2.544854677780901,-1.2161724413853023,1.092724420813842
2023-10-06 20:35:00,-2.5028075303363524,-0.3758372970897484,2.6811842235368837
2023-10-06 20:40:00,-2.503328540221634,-0.39560043287982316,3.5937551307794737
2023-10-06 20:45:00,-2.6873900993695425,-0.3954048421615022,3.229539386016356
2023-10-06 20:50:00,-2.7901317060621293,-0.41433406179339893,2.836736834844372
2023-10-06 20:55:00,-2.797878230784679,-0.442729505006718,3.651035896515903
2023-10-06 21:00:00,-2.8142989452898255,-1.3525345616373587,3.2201887049294515
2023-10-06 21:05:00,-2.94267313930591,-0.3762832962101467,1.5777860697603796
2023-10-06 21:10:00,-2.9405198364399765,-0.3606721369318137,0.775168642737483
2023-10-06 21:15:00,-3.2070669133085374,-0.35887707943602876,0.6946378049874484
2023-10-06 21:20:00,-3.2091607359072616,-0.36080458819365946,0.681482429881914
2023-10-06 21:25:00,-3.182789454336817,-0.4171247511868447,1.8438421050919864
2023-10-06 21:30:00,-3.2673845825350205,-1.7186978137747422,1.5611741194292987
2023-10-06 21:35:00,-3.313667820553338,-0.30178987813490715,0.4747160050075591
2023-10-06 21:40:00,-3.2925680822777665,-0.328770530556903,0.9081067455167053
2023-10-06 21:45:00,-2.914848695367108,-0.36708094971802263,1.5022994427244678
2023-10-06 21:50:00,-2.925880374761823,-0.3591584366708856,1.2063167477082486
2023-10-06 21:55:00,-2.931642475314376,-0.36352381996530275,1.0621098311399058
2023-10-06 22:00:00,-2.978032390168243,-1.8412208499462395,0.8409898271570647
2023-10-06 22:05:00,-3.0179435043894083,-0.31121619330832967,0.28952056501572665
2023-10-06 22:10:00,-3.043739028063598,-0.2785467984937803,-0.3012031403311468
2023-10-06 22:15:00,-2.900112450981921,-0.2687561481169673,-0.2685572379713571
2023-10-06 22:25:00,-2.888559003263235,-0.29261164193486183,-0.09396270682890408
2023-10-06 22:30:00,-2.776134484725512,-1.3227724879274245,-0.3300869451488804
2023-10-06 22:35:00,-2.784649756391524,-0.2576242122750889,-0.26910726565559134
2023-10-06 22:40:00,-2.7900161225112448,-0.268410236905638,-0.2302296604992023
2023-10-06 22:45:00,-2.5399514696640337,-0.2525426464130601,-0.5715117770185438
2023-10-06 22:50:00,-2.5214479943140713,-0.23609307773029156,-0.7422341551409574
2023-10-06 22:55:00,-2.5254028642828645,-0.2303454111726936,-0.8970855785446689
2023-10-06 23:00:00,-2.431277346648976,-1.1149903667590906,-0.8701367513225535
2023-10-06 23:05:00,-2.410230691044637,-0.22386925392579188,-0.7831445781549171
2023-10-06 23:10:00,-2.4359992732592386,-0.21851504943302996,-0.7769816356988559
2023-10-06 23:15:00,-2.4103607880858893,-0.21414231212256263,-0.8544373475552499
2023-10-06 23:20:00,-2.3796656393017797,-0.20427740265986646,-0.8016804977673134
2023-10-06 23:25:00,-2.383396018470538,-0.21103952557150726,-0.8462275768470688
2023-10-06 23:30:00,-2.1571722308345946,-1.3095744736809636,-1.0254514057235138
2023-10-06 23:35:00,-2.1587738132389513,-0.2085088679753914,-1.0018011094399863
2023-10-06 23:40:00,-2.1509918797020635,-0.22250633155617516,-0.8197910905090247
2023-10-06 23:45:00,-2.186409307591194,-0.2080198633839531,-0.8417358307361233
2023-10-06 23:50:00,-2.1931763261463213,-0.2139231862580911,-0.8506148945775445
2023-10-06 23:55:00,-2.2035766102464867,-0.203402209684823,-1.0150963125453862
2023-10-07 00:00:00,-2.106022917990559,-1.3587941768342622,-0.58622674708961
2023-10-07 00:15:00,-2.1951415976230484,-0.18717034787835307,-1.2148505029272145
2023-10-07 00:20:00,-2.1941920894030105,-0.1899932666849628,-1.2226295121347475
2023-10-07 00:25:00,-2.1808503452897874,-0.1746126744563815,-1.309938861934092
2023-10-07 00:30:00,-2.2680065790330977,-0.18419807531538537,-1.1703284035604364
2023-10-07 00:35:00,-2.2760681859309524,-0.19511653674827892,-0.9949161915475638
2023-10-07 00:40:00,-2.250862329877941,-0.19646121617034654,-0.9796660312080193
2023-10-07 00:45:00,-2.2050681056649153,-0.20554489814333374,-0.7847111904297089
2023-10-07 00:50:00,-2.1989099231242157,-0.18973242504927962,-0.9672009724753433
2023-10-07 00:55:00,-2.1959755757909596,-0.19156284161413425,-0.9954051384068459
2023-10-07 01:00:00,-2.121508224323403,-0.6612099125869969,-1.0302181271167459
2023-10-07 01:05:00,-2.114505401840018,-0.20599669300158086,-0.7458785915523549
2023-10-07 01:10:00,-2.123369324651022,-0.20481202328502887,-0.8098802203083265
2023-10-07 01:15:00,-1.7010674208348209,-0.23092500307169908,-0.8466834742976198
2023-10-07 01:20:00,-1.7000181689926714,-0.2104836095290685,-0.9644562342329329
2023-10-07 01:25:00,-1.7028720700443885,-0.21112199517673083,-0.8945835958446103
2023-10-07 01:30:00,-1.6931428759901515,-1.1998186681954668,-0.7220921670331097
2023-10-07 01:35:00,-1.6887729686169068,-0.22549655464260426,-0.7029426535816135
2023-10-07 01:40:00,-1.6988896637706623,-0.229318023203298,-0.6992041116790599
2023-10-07 01:45:00,-1.594356997891191,-0.22909056541745199,-0.7165297083288782
2023-10-07 01:50:00,-1.613218767210233,-0.23827044055456484,-0.6328768341985664
2023-10-07 01:55:00,-1.6001564220297761,-0.22519088606040083,-0.8006124991819279
2023-10-07 02:00:00,-1.5263884251256152,-1.1283315204598985,-1.0373113096698439
2023-10-07 02:05:00,-1.5369917402926032,-0.18446436140311867,-1.2801477219471242
2023-10-07 02:10:00,-1.5289256572301404,-0.18101563291799413,-1.2555214962697123
2023-10-07 02:15:00,-1.4508523975669068,-0.18261576340728036,-1.1949387779604546
2023-10-07 02:20:00,-1.4617292714829448,-0.1700444261293473,-1.4178471916602287
2023-10-07 02:25:00,-1.441370551853165,-0.1716337167856652,-1.354687924251633
2023-10-07 02:30:00,-1.1893159388475827,-1.247919889358949,-1.2542918788142317
2023-10-07 02:35:00,-1.1868464151843312,-0.19143786353219358,-1.2208746135194064
2023-10-07 02:40:00,-1.192145991433298,-0.17989691431841512,-1.3602907720610962
2023-10-07 02:45:00,-1.2750833654734852,-0.17970240399170448,-1.257136784317906
2023-10-07 02:50:00,-1.2758895214731665,-0.1882398548160802,-1.197120742515003
2023-10-07 02:55:00,-1.2764597632340355,-0.17815758643673524,-1.3333618641074616
2023-10-07 03:00:00,-1.0403898756635412,-1.337022506580072,-1.3901385660090657
2023-10-07 03:05:00,-1.0584363539852946,-0.2054869350638943,-1.3068008452786974
2023-10-07 03:10:00,-1.0417457070015963,-0.1839384031990233,-1.5378679509842266
2023-10-07 03:15:00,-1.1062638085292051,-0.1837022271755956,-1.4551819173413176
2023-10-07 03:20:00,-1.106425872708421,-0.18418162130035892,-1.52475098973249
2023-10-07 03:25:00,-1.114684942540138,-0.18951215239084,-1.5007037250663915
2023-10-07 03:30:00,-0.8604882793542814,-1.3606929562874157,-1.7589701538322675
2023-10-07 03:35:00,-0.886947320802888,-0.1845904447895716,-1.491595529017821
2023-10-07 03:40:00,-0.8392545552064524,-0.17250037105142393,-1.4049133757144256
2023-10-07 03:45:00,-1.1418464298566449,-0.15763929471967802,-1.507441114672449
2023-10-07 03:50:00,-1.1567009862702675,-0.14763196334542442,-1.6832666227387068
2023-10-07 03:55:00,-1.1822628335335392,-0.1523300405220176,-1.5760430317667002
2023-10-07 04:00:00,-1.1387718600955927,-1.349143765368218,-1.6322249146228718
2023-10-07 04:05:00,-1.1436333710758575,-0.1616616004825076,-1.3688694365200615
2023-10-07 04:10:00,-1.0940994608314494,-0.17713283037820515,-0.9233441885955911
2023-10-07 04:15:00,-1.1071513523052123,-0.17152980290427697,-0.9388488657247873
2023-10-07 04:20:00,-1.128145292656759,-0.17375720898965819,-0.8297538883787636
2023-10-07 04:25:00,-1.1137181992328773,-0.168372233882705,-0.7538046618854115
2023-10-07 04:30:00,-0.3460257058417396,-1.4138141702287137,-0.7876485922250984
2023-10-07 04:35:00,-0.3743074300620719,-0.20053021516466862,-0.928893931497812
2023-10-07 04:40:00,-0.40097845396246934,-0.22362871149626376,-0.8518616020461776
2023-10-07 04:45:00,-0.2899468751615913,-0.20831658318832602,-0.9827065891651289
2023-10-07 04:50:00,-0.25999099583324975,-0.19491927496582623,-0.892572475705151
2023-10-07 04:55:00,-0.23791422847284233,-0.21014759475274103,-0.682018084308701
2023-10-07 05:00:00,-0.13202552569212017,-1.1481432629742243,-0.6923920407921282
2023-10-07 05:05:00,-0.16093562225101507,-0.21816949795936905,-0.5776141304295493
2023-10-07 05:10:00,-0.12356957133964118,-0.2455796127535331,-0.1827700886758261
2023-10-07 05:15:00,0.43358691629632307,-0.25916345228842325,-0.34807244063855936
2023-10-07 05:20:00,0.44399641293488334,-0.2358325650929334,-0.6205999339686511
2023-10-07 05:25:00,0.44043531485968185,-0.22750663384197908,-0.6886296872905815
2023-10-07 05:30:00,0.6424336645907329,-0.9681228472720546,-0.2701027691927818
2023-10-07 05:35:00,0.6938466959176289,-0.2775849511856454,0.07227016125374007
2023-10-07 05:40:00,0.6585796713852436,-0.2675693130107662,-0.29779298666051607
2023-10-07 05:45:00,1.0184329843993551,-0.28898351102913183,0.582298191800912
2023-10-07 05:50:00,0.975921809384451,-0.29935566244223305,0.3991953305149819
2023-10-07 05:55:00,0.9484184685406267,-0.24890201363649944,-0.4804673229744436
2023-10-07 06:00:00,0.8542079939998772,-1.1777491658899304,-0.3578308543639876
2023-10-07 06:05:00,0.8302754529128289,-0.22693684537741096,-0.850737546712209
2023-10-07 06:10:00,0.8461322763236332,-0.20394570902406256,-1.063167480617309
2023-10-07 06:15:00,1.2054375688677348,-0.2048264669519932,-1.2239961180672831
2023-10-07 06:20:00,1.216800842066624,-0.21736835046276803,-1.1207874063535566
2023-10-07 06:25:00,1.2087154723787399,-0.21809995357889103,-1.24069323278007
2023-10-07 06:30:00,1.459841787833825,-1.3349487465763332,-1.007935209514729
2023-10-07 06:35:00,1.4301486478559426,-0.2613773702106528,-0.852622256740352
2023-10-07 06:40:00,1.47945920574457,-0.25502357576593226,-0.7311188113968907
2023-10-07 06:45:00,1.8221581958675797,-0.339948158809462,0.7412739235707321
2023-10-07 06:50:00,1.8679449419935608,-0.4373027090367418,2.175148785263384
2023-10-07 06:55:00,1.9358723927785948,-0.4788079384691589,2.810071419125759
2023-10-07 07:00:00,2.2992661663301632,-1.4469738990308207,3.029919795158898
2023-10-07 07:05:00,2.2083532448651844,-0.4527146858269379,2.0607087451308836
2023-10-07 07:10:00,2.14795776737133,-0.43916619360625364,1.5094798566386576
2023-10-07 07:15:00,1.5846852625791519,-0.35024658013392446,0.2530089864890052
2023-10-07 07:20:00,1.5491483090404559,-0.30699182209642606,-0.451317220866201
2023-10-07 07:25:00,1.582796135764928,-0.3189190773628431,-0.1733789016515711
2023-10-07 07:30:00,1.5741429332075585,-1.2087065220218953,0.09203397122529161
2023-10-07 07:35:00,1.6763837480420272,-0.38781940568289885,2.0307536338576995
2023-10-07 07:40:00,1.644372100707762,-0.40506531252283995,1.5333153155028507
2023-10-07 07:45:00,1.7353355717127164,-0.445970231053884,1.357317504721599
2023-10-07 07:50:00,1.7269250486390926,-0.43090565107791623,1.5479681551880295
2023-10-07 07:55:00,1.7303160951151748,-0.4569735785352814,1.783299442546047
2023-10-07 08:00:00,1.818186086852949,-0.43149186816680085,0.6708497262508024
2023-10-07 08:05:00,1.757336077439898,-0.3770009595379987,-0.026773956627455114
2023-10-07 08:10:00,1.7185530961361724,-0.35436395490987843,-0.3420896768548293
2023-10-07 08:15:00,1.1222177624535699,-0.3161831522145034,-0.29176890007260287
2023-10-07 08:20:00,1.2725422212510842,-0.4176351937949273,1.57816052082604
2023-10-07 08:25:00,1.2411546095097352,-0.43653662998296994,1.302828318448003
2023-10-07 08:30:00,1.4068608947438872,-0.754095316367781,0.27453511112843454
2023-10-07 08:35:00,1.3732349201755136,-0.3291384757566263,-0.27891605060262503
2023-10-07 08:40:00,1.384040689602268,-0.3377037155850767,-0.06991897087509732
2023-10-07 08:45:00,1.1419685020948975,-0.38746698947745983,1.2953798726967836
2023-10-07 08:50:00,1.0853808458457652,-0.3698180769462754,0.4535679483555228
2023-10-07 08:55:00,1.0492970194707711,-0.38014064570342687,0.30526684196345116
2023-10-07 09:00:00,1.22104809164109,-1.570013193742312,0.11378540734934009
2023-10-07 09:05:00,1.2030239387546489,-0.36164465891286796,-0.22465519408229212
2023-10-07 09:10:00,1.1977817373240702,-0.3603048846920105,-0.3007706681623862
2023-10-07 09:15:00,1.0704316943269259,-0.3359638797519113,-0.415184665872118
2023-10-07 09:20:00,1.096466935145739,-0.3159925707019353,-0.5699017743604938
2023-10-07 09:25:00,1.107614645493028,-0.32914061399044586,-0.4178977689620806
2023-10-07 09:30:00,1.3021115264316125,-1.4034049437787293,-0.1299176127108821
2023-10-07 09:35:00,1.2892210554298373,-0.34436266988638453,-0.3708099064527216
2023-10-07 09:40:00,1.2899189514502616,-0.34507502153313235,-0.36411952481725096
2023-10-07 09:45:00,1.5727082694946295,-0.33585936039252356,-0.4195063109424041
2023-10-07 09:50:00,1.5767333205208642,-0.3303501862555612,-0.4238766016585471
2023-10-07 09:55:00,1.554855469491789,-0.32443906952262747,-0.6186596147062848
2023-10-07 10:00:00,1.951776890772996,-1.4582817826486945,-0.6363247094554246
2023-10-07 10:05:00,1.9392614845875762,-0.35007223625754247,-0.6381681453108288
2023-10-07 10:10:00,1.9364326205438553,-0.3417123455506362,-0.7580158228385381
2023-10-07 10:15:00,1.6358472630849505,-0.32190168982207845,-0.7039265520667581
2023-10-07 10:20:00,1.6368640295462236,-0.3278831332202549,-0.5981443936082156
2023-10-07 10:25:00,1.6341825912414663,-0.3204563006892215,-0.6577370153609124
2023-10-07 10:30:00,2.0120054172232136,-1.4722984109855748,-0.7840168161315255
2023-10-07 10:35:00,2.0231114747201904,-0.34917321918589167,-0.6307598330403135
2023-10-07 10:40:00,2.024806710522912,-0.3628681563099725,-0.4995956724492493
2023-10-07 10:45:00,1.918015975959689,-0.3464786715409735,-0.6073221336836008
2023-10-07 10:50:00,1.9547137001051995,-0.33620374650818957,-0.595393499794049
2023-10-07 10:55:00,1.9614880121950267,-0.35821069475017936,-0.42726229502866697
2023-10-07 11:00:00,1.9209157711795752,-1.4737411623406829,-0.6419326783296087
2023-10-07 11:05:00,1.925397873172653,-0.3195442295900242,-0.6650502993362535
2023-10-07 11:10:00,1.916361957052603,-0.30983381269371457,-0.7156050705387079
2023-10-07 11:15:00,2.078856684630207,-0.3206108844349032,-0.5600859081927958
2023-10-07 11:20:00,2.098501666316094,-0.3270569731214059,-0.516444207855296
2023-10-07 11:25:00,2.1079102217268626,-0.31765863317712506,-0.6158086829920774
2023-10-07 11:30:00,2.127915934305743,-1.3543953965060824,-0.6349337122154537
2023-10-07 11:35:00,2.097421932559936,-0.3312923411198263,-0.617775074103036
2023-10-07 11:40:00,2.112374816910475,-0.3350859390548128,-0.6402473820748019
2023-10-07 11:45:00,1.8793249016741238,-0.32282811815799367,-0.6778761565032425
2023-10-07 11:50:00,1.8620093798062811,-0.3106728751189354,-0.7523261071989963
2023-10-07 11:55:00,1.8544869360615868,-0.307932640110567,-0.7921338273886885
2023-10-07 12:00:00,2.3202693846282605,-1.4066435215714008,-0.5693187411923174
2023-10-07 12:05:00,2.308215745866549,-0.3377706111700429,-0.5689851537389298
2023-10-07 12:10:00,2.2884454199985456,-0.34132547713206624,-0.5280450422563369
2023-10-07 12:15:00,2.6210696299776597,-0.3723593391892668,-0.5916190230482804
2023-10-07 12:20:00,2.651806585331129,-0.3610167586852269,-0.6123581774813581
2023-10-07 12:25:00,2.6392432683718345,-0.3781768096932831,-0.45534823420571297
2023-10-07 12:30:00,2.602661451842974,-1.3987620274842933,-0.6231847884422733
2023-10-07 12:35:00,2.579831776887603,-0.3427915546762011,-0.9075584331844269
2023-10-07 12:40:00,2.6043368755202256,-0.33505538433621845,-0.9626797474603643
2023-10-07 12:45:00,2.5324795021945645,-0.36171042388848396,-0.47283537616989435
2023-10-07 12:50:00,2.5184450139894468,-0.3624576339818812,-0.5613116760057301
2023-10-07 12:55:00,2.50173341296866,-0.3447114684555026,-0.8043679840486251
2023-10-07 13:00:00,2.6792209464422125,-1.3381120319625555,-0.9338393495981412
2023-10-07 13:05:00,2.648141398910455,-0.3518390731980734,-0.7187624063878474
2023-10-07 13:10:00,2.6316338903424485,-0.34803549920704085,-0.7644095777704004
2023-10-07 13:15:00,2.6101002783150187,-0.35902538180953625,-0.6752642242528463
2023-10-07 13:20:00,2.6571449713401036,-0.3566194687864839,-0.6021963689922019
2023-10-07 13:25:00,2.645295051768793,-0.3482131159220243,-0.6682398840167707
2023-10-07 13:30:00,2.358351754875819,-1.438737506548795,-0.8465552771138504
2023-10-07 13:35:00,2.3422152592857834,-0.32966385802993076,-0.7233446751487504
2023-10-07 13:40:00,2.3376017873614288,-0.31577675394196525,-0.9566396442267574
2023-10-07 13:45:00,3.027539369052896,-0.35827205367106796,-1.0358880757993287
2023-10-07 13:50:00,3.0273239888934675,-0.35369753352321703,-1.0176294594133797
2023-10-07 13:55:00,3.008376449963657,-0.36283139209512427,-1.0554702282374167
2023-10-07 14:00:00,2.882236498641035,-1.3411643059516463,-1.2670373286645358
2023-10-07 14:05:00,2.8704426336587283,-0.33600119323977745,-1.0946352689411025
2023-10-07 14:10:00,2.901808779487175,-0.3483100993616056,-0.6591800178436444
2023-10-07 14:15:00,3.0952351335403714,-0.35055976939790395,-0.728607516207599
2023-10-07 14:20:00,3.0800586281342026,-0.35357135539576107,-0.7787604506037686
2023-10-07 14:25:00,3.088851901959157,-0.33423066081967967,-1.0235023596283577
2023-10-07 14:30:00,3.62495269293614,-1.6642230343238384,-1.1547091579652746
2023-10-07 14:35:00,3.612959998845548,-0.37295703691176935,-1.1066336332108022
2023-10-07 14:40:00,3.6138201888128547,-0.38696989464716214,-0.8633375775703395
2023-10-07 14:45:00,3.8178462657604713,-0.38356257831954044,-0.8636815462755943
2023-10-07 14:50:00,3.815113447889116,-0.3721830876719607,-1.0902442843193723
2023-10-07 14:55:00,3.788449812149313,-0.3613117613058759,-1.3950954392350317
2023-10-07 15:00:00,3.1301761773470496,-1.511132835614037,-1.4192831378674344
2023-10-07 15:05:00,3.1196393610393085,-0.3180371931981044,-1.4368999969022513
2023-10-07 15:10:00,3.0911239301697493,-0.31977395530225594,-1.5106838257562125
2023-10-07 15:15:00,3.565140064223471,-0.338481575889562,-1.5642688227690578
2023-10-07 15:20:00,3.584849854332394,-0.34294280594698046,-1.417060767728052
2023-10-07 15:25:00,3.5772710663297698,-0.3632461016409806,-1.2716752892055914
2023-10-07 15:30:00,3.475968302041078,-0.3470622380543636,-1.3480351744896244
2023-10-07 15:35:00,3.507344428089222,-0.33594338999689954,-1.415942323603536
2023-10-07 15:40:00,3.51210344466143,-0.35834436918554363,-1.1485912837211985
2023-10-07 15:45:00,4.290639047057028,-0.36603036653928034,-1.171016049717865
2023-10-07 15:50:00,4.296510069982669,-0.3861662973781466,-0.7507115361877298
2023-10-07 15:55:00,4.3077618504441615,-0.4031963124401018,-0.5606830721903185
2023-10-07 16:00:00,3.6267590688811397,-0.9021562728276988,-0.9324747935082575
2023-10-07 16:05:00,3.580430749457508,-0.3673958838535339,-1.0311737443300493
2023-10-07 16:10:00,3.619695754999899,-0.3499999603884801,-1.3706017480244714
2023-10-07 16:15:00,3.9382509107370476,-0.3892507551956909,-1.157629916684164
2023-10-07 16:20:00,3.9474403228866994,-0.4122993690413168,-1.0930550100824554
2023-10-07 16:25:00,3.9719427583381868,-0.40768213932349356,-1.1138838405119795
2023-10-07 16:30:00,4.052102528903708,-1.1470727227700432,-0.5553584118777464
2023-10-07 16:35:00,3.9884147815463815,-0.3924959943000775,-1.2822390499797018
2023-10-07 16:40:00,3.9980740487748974,-0.4003027412433207,-1.1762441927996856
2023-10-07 16:45:00,4.536548605429463,-0.43322883459881445,-0.9340467041370287
2023-10-07 16:50:00,4.559102859613552,-0.4194039495401172,-0.9279569025668837
2023-10-07 16:55:00,4.543271794282299,-0.4308813549736578,-0.8742559757209802
2023-10-07 17:00:00,4.681118439379834,-1.7875059090046777,-0.7306809144960076
2023-10-07 17:05:00,4.661104665658314,-0.4098533643379897,-1.0950370100763234
2023-10-07 17:10:00,4.661685096631598,-0.3924794981515661,-1.1853367741702996
2023-10-07 17:15:00,5.498194945369722,-0.45129236253696675,-1.0174309342924437
2023-10-07 17:20:00,5.502223742005418,-0.47265890613078454,-0.6348048530029698
2023-10-07 17:25:00,5.524079018220339,-0.49119786727535547,-0.3646360837486664
2023-10-07 17:30:00,5.470410386147988,-1.413026527856707,-0.18885364857251144
2023-10-07 17:35:00,5.424613340584359,-0.47098083643268734,-0.4350169227114434
2023-10-07 17:40:00,5.586067064048325,-0.5694714353014222,2.6472149189422316
2023-10-07 17:45:00,5.000782407713803,-0.50616625478562,0.08689873853846303
2023-10-07 17:50:00,4.99270880274237,-0.458441966406526,-0.31979192597059
2023-10-07 17:55:00,4.987177812803755,-0.449662036479925,-0.35554614801873796
2023-10-07 18:00:00,4.767497009770275,-1.6393296827857111,-0.5570033190992012
2023-10-07 18:05:00,4.766567732056166,-0.4208117039239381,-0.6330215086844804
2023-10-07 18:10:00,4.765901864445044,-0.42823592332691995,-0.696296314316276
2023-10-07 18:15:00,4.596082117814678,-0.4427310946251467,-0.5148277227749745
2023-10-07 18:20:00,4.67379592169636,-0.432015630438032,-0.211602589746453
2023-10-07 18:25:00,4.808549857547536,-0.5220016298484386,1.797089269572776
2023-10-07 18:30:00,4.893843363995883,-1.2766461369244047,1.0150910025844575
2023-10-07 18:35:00,5.093772008993717,-0.6635862497701989,4.709905275321894
2023-10-07 18:40:00,4.8923471968052805,-0.5798536683318937,1.8903181879415802
2023-10-07 18:45:00,5.360106976906112,-0.5466457841882766,-0.09837374514441127
2023-10-07 18:50:00,5.317992765074195,-0.5192558299338195,-0.6669843033573842
2023-10-07 18:55:00,5.296032217316659,-0.5032589248456618,-0.9181016215905259
2023-10-07 19:00:00,4.594347340708846,-1.7737393683523586,-1.0038065703867927
2023-10-07 19:05:00,4.59916052611371,-0.4880952503864456,-0.8705207406842834
2023-10-07 19:10:00,4.617244535188728,-0.46591950463372445,-0.7232175862744059
2023-10-07 19:15:00,4.486628370225648,-0.4817082960064651,-0.21045953294166633
2023-10-07 19:20:00,4.5610508186659215,-0.591413700815863,0.8604602724961282
2023-10-07 19:25:00,4.5129531373058365,-0.590619066497298,0.2337724522821995
2023-10-07 19:30:00,4.874821799687351,-1.9390515790492815,-0.1226054010027196
2023-10-07 19:35:00,4.9462070765264,-0.6368560773285972,0.689476278445766
2023-10-07 19:40:00,4.957075288598933,-0.6350421087325988,0.5854009350405818
2023-10-07 19:45:00,6.475846337645055,-0.6111845635804454,0.6009560640464527
2023-10-07 19:50:00,6.457771187219091,-0.6078050463866074,0.3868392249508665
2023-10-07 19:55:00,6.457596461912602,-0.6076092824822911,0.4081965598024759
2023-10-07 20:00:00,6.690588871235727,0.05344617153932306,0.2416914779689682
2023-10-07 20:05:00,6.698182867566715,-0.5766234661111601,0.21747732510496276
2023-10-07 20:10:00,6.686561182124298,-0.5751564511338904,0.24589203137825358
2023-10-07 20:15:00,7.332013036288309,-0.5450486853232651,-0.02657073385296175
2023-10-07 20:20:00,7.2922483640459586,-0.46857886678483374,-0.7685334392846389
2023-10-07 20:25:00,7.249557046888334,-0.4378831871875227,-1.067243101097218
2023-10-07 20:30:00,5.477936434867459,2.51823086794816,-0.6839666668545439
2023-10-07 20:35:00,5.533024099380604,-0.5295991474452446,-0.2659099246585203
2023-10-07 20:40:00,5.527799928105136,-0.5303635791268188,-0.3197542813237434
2023-10-07 20:45:00,6.2725452348307105,-0.42717201970678087,-0.42605279718668504
2023-10-07 20:50:00,6.257758435585862,-0.4176255577008498,-0.4760913656505814
2023-10-07 20:55:00,6.218614860023596,-0.414674590928693,-0.5074859512921813
2023-10-07 21:00:00,5.961908324818318,1.8705240539996217,-0.48629565371638384
2023-10-07 21:05:00,5.987175340575903,-0.43957905051806195,-0.5117929797180947
2023-10-07 21:10:00,5.997800100177038,-0.43485198289366517,-0.4756595656698204
2023-10-07 21:15:00,8.071894533531644,-0.4883751069275027,-0.26787751301452606
2023-10-07 21:20:00,8.079675884282933,-0.4808853783094314,-0.41049047358660057
2023-10-07 21:25:00,8.097351059068822,-0.4610097049244123,-0.17589490022194362
2023-10-07 21:30:00,7.8364373705804615,2.8491155354563023,0.5668057501263359
2023-10-07 21:35:00,7.882950819685296,-0.44723982691280056,0.27486999723375743
2023-10-07 21:40:00,7.865433242407541,-0.4472549798393569,-0.250935859685361
2023-10-07 21:45:00,6.9324560516021805,-0.4653405591116591,-0.31453072347112004
2023-10-07 21:50:00,6.945995255377687,-0.4735723663091366,-0.26578222082375486
2023-10-07 21:55:00,6.9613586677534,-0.48618222725143445,-0.03458284076507289
2023-10-07 22:00:00,4.578887471720786,3.002128226043049,0.4571452991606037
2023-10-07 22:05:00,4.621089868975773,-0.477680536270853,0.6118678578022315
2023-10-07 22:10:00,4.637686652526274,-0.5067840547964803,0.9001855052506779
2023-10-07 22:15:00,3.863198079318387,-0.5326924734916216,0.8877051927262237
2023-10-07 22:20:00,3.834454223042762,-0.505825875273303,0.38608532972613974
2023-10-07 22:25:00,3.782982078718859,-0.47254576726967423,-0.14056349772658056
2023-10-07 22:30:00,2.7646398170344484,1.7250577013097828,-0.7055871167882378
2023-10-07 22:35:00,2.7558194190367673,-0.36519391030899206,-0.9428597781679915
2023-10-07 22:40:00,2.7595835067161945,-0.35786571209750667,-1.0417830465972244
2023-10-07 22:45:00,1.9302478300321289,-0.3075362202079477,-1.2654470495400905
2023-10-07 22:50:00,1.943099626892943,-0.2936741506398892,-1.3518781087185168
2023-10-07 22:55:00,1.9515404939916912,-0.30501378709711197,-1.23962419724282
2023-10-07 23:00:00,1.588127318909905,-0.2667935591079631,-1.218663949303395
2023-10-07 23:05:00,1.5657175648686026,-0.2732201710610147,-1.1751597463437964
2023-10-07 23:10:00,1.5485748631644463,-0.28151445969409056,-1.070991072165123
2023-10-07 23:15:00,2.138113858069463,-0.3153411774033473,-1.1183286573639932
2023-10-07 23:20:00,2.142815537134108,-0.3050826481059494,-1.1680652452695304
2023-10-07 23:25:00,2.1531684569256693,-0.3073866121964432,-1.1022669203318283
2023-10-07 23:30:00,2.2900449259228495,-0.6690470488889844,-0.8534229844661975
2023-10-07 23:35:00,2.2902232825590176,-0.3224632416138403,-0.4323726946875502
2023-10-07 23:40:00,2.319373505083794,-0.3479232522012548,0.03712914094177342
2023-10-07 23:45:00,2.922851442233075,-0.49888097210708743,3.5541916275254435
2023-10-07 23:50:00,2.9151323005527705,-0.5719363633371495,3.8671322307654226
2023-10-07 23:55:00,2.829023256405742,-0.4996903549530696,2.9571995793833064
2023-10-08 00:00:00,2.6553449055791876,-0.4609625744832071,-0.5779789986390343
2023-10-08 00:15:00,1.5423790408190408,-0.379666816530027,0.46873672058656746
2023-10-08 00:20:00,1.4590991272777822,-0.3241785636610944,-0.3552400981616207
2023-10-08 00:25:00,1.4505898391585734,-0.28740454582279507,-0.7036974890486813
2023-10-08 00:30:00,0.600757967165002,-0.8083248330823122,-0.5668991625212604
2023-10-08 00:35:00,0.6248361679470745,-0.29363118014952244,-0.30348504810712534
2023-10-08 00:40:00,0.6831817347768995,-0.3697360487449586,0.6265082252469728
2023-10-08 00:45:00,0.5718667014525449,-0.446123738828438,1.8793375101884693
2023-10-08 00:50:00,0.699866917729262,-0.5213903958934372,5.414933888036541
2023-10-08 00:55:00,0.5602994454949262,-0.6163384318128993,4.381457031744708
2023-10-08 01:00:00,0.5329411319655539,-1.3283086929095778,4.4658576082613015
2023-10-08 01:05:00,0.46558236356844546,-0.5409149459149185,2.738991015527999
2023-10-08 01:10:00,0.4085090613730777,-0.4645937815534623,1.3385898780734582
2023-10-08 01:15:00,0.22600392541272984,-0.38745989410746495,0.38226439524263633
2023-10-08 01:20:00,0.2618668196421804,-0.40824844512047764,0.6417024572138083
2023-10-08 01:25:00,0.1972290028032735,-0.3653327133814268,0.14818655625152538
2023-10-08 01:30:00,0.2742159608386347,-1.5029461423718586,-0.671014330340154
2023-10-08 01:35:00,0.2985461019289691,-0.2700201773911271,-0.7152930819519219
2023-10-08 01:40:00,0.3334044682794004,-0.30052783720234927,-0.30675212641745203
2023-10-08 01:45:00,0.8891147026080563,-0.31489628380909973,-0.3545228027107145
2023-10-08 01:50:00,0.8877815056057885,-0.3104416074207364,-0.2684852594383839
2023-10-08 01:55:00,0.9219696160663021,-0.3043074718550888,-0.4120700564410611
2023-10-08 02:00:00,0.2943176733598136,-1.3159782805645184,-0.5158924928325617
2023-10-08 02:05:00,0.293817476895934,-0.2817706171727753,-0.41923870881878444
2023-10-08 02:10:00,0.31108890378960036,-0.2929775472538212,-0.2987034559827473
2023-10-08 02:15:00,0.7730296339549833,-0.3203460993475182,-0.3388740452875132
2023-10-08 02:20:00,0.7782150525009194,-0.30245132423293264,-0.46705581165459886
2023-10-08 02:25:00,0.7911196388060313,-0.2910503981395754,-0.5092687070452699
2023-10-08 02:30:00,0.6388481590492844,-0.5677499106022222,-0.746958978126241
2023-10-08 02:35:00,0.6136647097866019,-0.2640530368459259,-0.8047184463783769
2023-10-08 02:40:00,0.6023438274239553,-0.2548305675828699,-0.91326212828248
2023-10-08 02:45:00,0.34199497918008304,-0.234206853333415,-1.0191471606449232
2023-10-08 02:50:00,0.35978594177016826,-0.2258874426994813,-1.050725837015397
2023-10-08 02:55:00,0.3846982840429542,-0.2501134902525825,-0.8263680510264197
2023-10-08 03:00:00,0.4953296751401262,-0.8033529002663253,-0.7285709538614851
2023-10-08 03:05:00,0.495567025588386,-0.21110154768370873,-0.9187347844153634
2023-10-08 03:10:00,0.48715492899284285,-0.21210823217070662,-0.9591831302672678
2023-10-08 03:15:00,0.4915630102430824,-0.16122872149766115,-0.9364200883903346
2023-10-08 03:20:00,0.5356391111198634,-0.12304742780489081,-0.7911888254065033
2023-10-08 03:25:00,0.5230211368277664,-0.14356362508331832,-0.8067237095746936
2023-10-08 03:30:00,0.5543897016909943,-0.41290526305263503,-0.7858771838583585
2023-10-08 03:35:00,0.5297901499668353,-0.1511942572496493,-0.6974860449401048
2023-10-08 03:40:00,0.5549046742212076,-0.10201533522452301,-0.6919100757340267
2023-10-08 03:45:00,0.6744542967014853,-0.1235245093311542,-0.7548767208304553
2023-10-08 03:50:00,0.6427306131316896,-0.15020559586009652,-0.788467220608364
2023-10-08 03:55:00,0.6682436737908235,-0.12836846593991938,-0.8637419000440817
2023-10-08 04:00:00,0.8100002213249036,0.873406705000962,-0.7760559128255785
2023-10-08 04:05:00,0.7845278104195844,-0.17265881754406973,-0.8219367766121073
2023-10-08 04:10:00,0.7443351015343301,-0.1936461173281028,-0.9817326910771457
2023-10-08 04:15:00,0.7161254634840579,-0.1931186734661409,-0.9923389017209294
2023-10-08 04:20:00,0.7280099071590458,-0.20562572602665458,-0.7587386543200668
2023-10-08 04:25:00,0.7314305168309562,-0.20318167881548882,-0.8124279969648666
2023-10-08 04:30:00,0.6750461683348581,1.7396313832061554,-0.8706804823794009
2023-10-08 04:35:00,0.6802001812907906,-0.19054492466757167,-0.8380150996944294
2023-10-08 04:40:00,0.6628009962527466,-0.20188712758326208,-0.7662487300902371
2023-10-08 04:45:00,0.6950903816035765,-0.19969308349945777,-0.6393555522953626
2023-10-08 04:50:00,0.7262296624600626,-0.1863692960731695,-0.7648948733543686
2023-10-08 04:55:00,0.7101049368351823,-0.2070185829353971,-0.6472957496749151
2023-10-08 05:00:00,1.1538025309804256,1.9848564544998553,-0.734338245019967
2023-10-08 05:05:00,1.1467870450981672,-0.22044713312015776,-0.8689746848283226
2023-10-08 05:10:00,1.1318023534988748,-0.2351908627921798,-0.7268081341761646
2023-10-08 05:15:00,0.7165401278618124,-0.20735220565887721,-0.5827217834062399
2023-10-08 05:20:00,0.7125476156783428,-0.20015547149799728,-0.7151230640093084
2023-10-08 05:25:00,0.6999708229397987,-0.17837336318717809,0.2981237966280861
2023-10-08 05:30:00,0.9612097416690648,2.715732412851015,-0.637351014417637
2023-10-08 05:35:00,1.023501461039088,-0.1318886908265257,-0.3174407352551863
2023-10-08 05:40:00,1.0764075534011512,-0.09411260220502939,-0.31382648532791096
2023-10-08 05:45:00,1.150348726546758,-0.09890627772496412,-0.6618402686109405
2023-10-08 05:50:00,1.122934647451603,-0.10136614507802341,-0.42089374474664193
2023-10-08 05:55:00,1.1691465587411136,-0.0676914930057214,-0.20388975070195442
2023-10-08 06:00:00,1.2935728270911242,3.0872253006569115,0.14141008048913495
2023-10-08 06:05:00,1.2013980877468728,-0.15055069307847474,-0.33744577410564053
2023-10-08 06:10:00,1.2007613031566455,-0.14531752063028025,-0.356728983168185
2023-10-08 06:15:00,1.0102916811479608,-0.14996491636119785,-0.04301002173913809
2023-10-08 06:20:00,1.014566235411897,-0.168922440932211,-0.4880422479017208
2023-10-08 06:25:00,1.00040294884146,-0.14710358491663086,-0.18663967540860998
2023-10-08 06:30:00,1.1710360798520425,-0.14215771317004336,-0.0741541407243263
2023-10-08 06:35:00,1.183407920043045,-0.17207013381050565,-0.47738095468401825
2023-10-08 06:40:00,1.2304311366106595,-0.12499464625901814,-0.5285955594926962
2023-10-08 06:45:00,1.1060521368302425,-0.10264023381750641,-0.4622079467067907
2023-10-08 06:50:00,1.0800874950599206,-0.13257856891982495,-0.5870082269016923
2023-10-08 06:55:00,1.0816616979348805,-0.12049690078056259,-0.6176256467665914
2023-10-08 07:00:00,1.5894857291620919,6.615900537695347,-0.67734355743698
2023-10-08 07:05:00,1.6049352360051532,-0.13502062366730763,-0.7216682160163165
2023-10-08 07:10:00,1.560751429591413,-0.18133833602503102,-0.7367693144047682
2023-10-08 07:15:00,1.6449570999434164,-0.218776784744336,-0.4222811678626235
2023-10-08 07:20:00,1.6482766010480874,-0.20197119543363326,0.07617260623141313
2023-10-08 07:25:00,1.6414065604848094,-0.18184313419309917,0.2111713674348417
2023-10-08 07:30:00,1.6587874240306986,5.530151180396954,0.5091461290674848
2023-10-08 07:35:00,1.707036369995174,-0.20300519323561952,0.5751237448551481
2023-10-08 07:40:00,1.6898399360810674,-0.22632833186935372,0.40463177776531584
2023-10-08 07:45:00,1.9099175152780896,-0.20951944767686417,0.5701388051187949
2023-10-08 07:50:00,1.9042373608404093,-0.2135776679302191,0.643749417143837
2023-10-08 07:55:00,1.9004453491043363,-0.2127423710132887,0.7974216961470061
2023-10-08 08:00:00,2.264534870846215,7.567403795668177,1.2462987665933134
2023-10-08 08:05:00,2.3117578479544747,-0.2327256999838036,1.149248388876636
2023-10-08 08:10:00,2.296545780576521,-0.23492225737068215,0.7846944617881007
2023-10-08 08:15:00,2.7308705555611508,-0.25135603195472545,0.7699699999056965
2023-10-08 08:20:00,2.7085436394860256,-0.2696222120163348,0.5945081579986584
2023-10-08 08:25:00,2.6926483877383935,-0.2829416580493969,-0.362585775028533
2023-10-08 08:30:00,3.8273637872608766,10.428183594668576,-0.8483684317083242
2023-10-08 08:35:00,3.8880642150029034,-0.30116515545052536,-0.9668387575986082
2023-10-08 08:40:00,3.872604825751046,-0.3172557334481688,-1.131347856299018
2023-10-08 08:45:00,4.956082104963825,-0.347183009775369,-1.143320188863373
2023-10-08 08:50:00,4.956143886511023,-0.3449094866640088,-1.1915195778813785
2023-10-08 08:55:00,4.976661827619487,-0.33429405634639875,-1.2567240002720332
2023-10-08 09:00:00,4.526411619917323,2.464841565100773,-1.0163346038856576
2023-10-08 09:05:00,4.5407967123055775,-0.31104264735042036,-0.7697678602975199
2023-10-08 09:10:00,4.5304935325732565,-0.3168852736424268,-0.9584402703539414
2023-10-08 09:15:00,4.849681749194395,-0.3336083116223873,-1.0438488343517338
2023-10-08 09:20:00,4.826690331490465,-0.3417622304221485,-1.0210413981635895
2023-10-08 09:25:00,4.837698282731368,-0.34705792156848203,-1.132253075472553
2023-10-08 09:30:00,4.197183126807074,0.27459990087164404,-1.224517925075893
2023-10-08 09:35:00,4.194287097078612,-0.3172821344752077,-1.0952173637520783
2023-10-08 09:40:00,4.164715135737814,-0.32463533302592795,-1.1128685537484841
2023-10-08 09:45:00,3.211418839946852,-0.28291033503712726,-1.0431272977329524
2023-10-08 09:50:00,3.2124044278547106,-0.2827716892627162,-0.8835874126894356
2023-10-08 09:55:00,3.2027039644083763,-0.2784227957877006,-0.5659940981041636
2023-10-08 10:00:00,3.292362010822039,0.6826202949720458,-0.5165564958844815
2023-10-08 10:05:00,3.3060504863332008,-0.31308775204999006,-0.9177932584117244
2023-10-08 10:10:00,3.28798436872662,-0.32219482692885476,-0.9673477200594425
2023-10-08 10:15:00,2.795521104059116,-0.3336676002744055,-0.822146077603962
2023-10-08 10:20:00,2.809000902678173,-0.3379825796577128,-0.8124212906010203
2023-10-08 10:25:00,2.7799687869628045,-0.3402086438477732,-0.7854829030512653
2023-10-08 10:30:00,1.0145961939681392,-0.0393688449384571,-0.6371319947918477
2023-10-08 10:35:00,1.002083961727487,-0.2883415532298162,-0.5400324840890556
2023-10-08 10:40:00,1.0055311382675223,-0.2782902869736674,-0.7463865730067132
2023-10-08 10:45:00,0.3145596027032452,-0.25000080507258204,-0.6811163476965207
2023-10-08 10:50:00,0.3246400934077879,-0.23925985335744837,-0.7197113417146097
2023-10-08 10:55:00,0.31231996510886134,-0.2447218928087405,-0.7472323685112713
2023-10-08 11:00:00,1.0190154859281961,-0.3715568613395209,-0.8509554446394569
2023-10-08 11:05:00,1.0111090357818306,-0.276659415045832,-0.78447523458561
2023-10-08 11:10:00,1.0187747889768872,-0.2744223539246902,-0.8710527309583037
2023-10-08 11:15:00,0.5969728786309613,-0.22553699741426242,-0.23290412659201573
2023-10-08 11:20:00,0.5294518284883826,-0.29448669079002454,-0.2562806110656586
2023-10-08 11:25:00,0.5514747856888227,-0.2531205165840821,-0.6071840244219688
2023-10-08 11:30:00,0.7428501847413137,-0.4722553970326564,0.2304745635329219
2023-10-08 11:35:00,0.6616266125890782,-0.3204675862448517,-0.12154826593265457
2023-10-08 11:40:00,0.6819416934358378,-0.2840658885841585,-0.6259318119771448
2023-10-08 11:45:00,0.6962069062322401,-0.274364497977342,-0.6892194214326893
2023-10-08 11:50:00,0.8049581836682543,-0.3149212058425603,1.6962762036495136
2023-10-08 11:55:00,0.788327699607951,-0.4603698255822068,7.015510157016322
2023-10-08 12:00:00,-0.17121444319185405,-0.9265426746935553,9.275204325573192
2023-10-08 12:05:00,-0.7995070973474723,-0.9758433632152058,9.923876745781588
2023-10-08 12:10:00,-0.3368430715575763,-0.5775484776870407,2.314591771313526
2023-10-08 12:15:00,-0.5196817073390094,-0.37949747242043264,0.4511667567413048
2023-10-08 12:20:00,-0.4633304022949114,-0.3190301545035765,-0.07449576579583778
2023-10-08 12:25:00,-0.43582963525700713,-0.3064137304639061,-0.177707555141905
2023-10-08 12:30:00,-0.46621032876510926,-0.7155363942847531,2.6251334511082765
2023-10-08 12:35:00,-0.5202781776930864,-0.2903637140446555,0.6463823352470296
2023-10-08 12:40:00,-0.2982969963244974,-0.625857168928944,7.813626978900069
2023-10-08 12:45:00,-0.48341008158072996,-0.5423382253613602,1.359144014191931
2023-10-08 12:50:00,-0.13924858982268346,-0.35460537697182665,-0.23181699937592992
2023-10-08 12:55:00,-0.10594210649877225,-0.3100820969177582,-0.7292863331309646
2023-10-08 13:00:00,-0.2062065829851979,-0.8529388511531976,-0.527442778478427
2023-10-08 13:05:00,-0.1880789704390942,-0.341542862490815,0.2817378149430908
2023-10-08 13:10:00,-0.1672553449828936,-0.3196644078989015,-0.04032737390748864
2023-10-08 13:15:00,-0.37756956091364224,-0.34372701683833645,0.8568695543249227
2023-10-08 13:20:00,-0.6100413517966266,-0.6014263962688041,3.6670175927842257
2023-10-08 13:25:00,-1.194532381409888,-0.9732955873676276,6.943790259385836
2023-10-08 13:30:00,-1.3991824796245056,-1.7625759562395393,5.293286261519022
2023-10-08 13:35:00,-1.4756065624401313,-0.7418115530102397,4.927933258028737
2023-10-08 13:40:00,-1.2710753857230863,-0.5952525990884847,4.665168199710889
2023-10-08 13:45:00,-0.8023926788611981,-0.7150621574619043,5.928865799128906
2023-10-08 13:50:00,-0.7331345744963693,-0.6604016471851638,5.904167185233626
2023-10-08 13:55:00,-1.0513338885658718,-0.6871412436070407,4.438083878776544
2023-10-08 14:00:00,-0.6032414705308564,-0.6781341396327978,4.657807338024703
2023-10-08 14:05:00,-0.5743377928612315,-0.7426354434115245,6.220115828898379
2023-10-08 14:10:00,-0.4189140579286109,-0.5891302552350296,3.4973105968588194
2023-10-08 14:15:00,-0.5155782566160797,-0.37710067517883156,0.4888071102488875
2023-10-08 14:20:00,-0.4458790777927957,-0.42997970928098456,3.3894095124383155
2023-10-08 14:25:00,-0.8273153784729264,-0.6691841711896028,5.425749465109227
2023-10-08 14:30:00,-2.076402606617061,-1.260860034563874,7.527761825817411
2023-10-08 14:35:00,-1.600690548422041,-0.7927848742710204,4.2973115551687595
2023-10-08 14:40:00,-0.952662318870338,-0.526327777958009,2.8140543059437757
2023-10-08 14:45:00,-1.0468274829145738,-0.45215191666883114,2.026164353596769
2023-10-08 14:50:00,-1.0195164135874781,-0.36020757847905494,1.06162661188496
2023-10-08 14:55:00,-1.0741304445832145,-0.3866835740235217,1.0008059839010852
2023-10-08 15:00:00,-0.16416835266190208,-0.6124567997334386,-0.018228679478980745
2023-10-08 15:05:00,-0.1367159908380956,-0.30982890219697,-0.08635470233555444
2023-10-08 15:10:00,-0.12843499239075276,-0.29962487020413886,-0.3386936635078104
2023-10-08 15:15:00,-0.6876663194704057,-0.2568594365643357,-0.7047018497369476
2023-10-08 15:20:00,-0.6934243363363236,-0.26394932414296457,-0.7793975405445517
2023-10-08 15:25:00,-0.7060556145562418,-0.25231847847494027,-0.9726771905988897
2023-10-08 15:30:00,-0.91018796377963,-0.3693342379474347,-0.9533284754755429
2023-10-08 15:35:00,-0.8920453847130303,-0.23371122103154626,-0.6915328596272464
2023-10-08 15:40:00,-0.8708307317719555,-0.22372990595347983,-0.7463103735154301
2023-10-08 15:45:00,-0.8853658307106168,-0.2414260438535517,-0.7971988312810453
2023-10-08 15:50:00,-0.9209555881399637,-0.2496595852567738,-0.9147988960634781
2023-10-08 15:55:00,-0.9101443587039528,-0.24802199443828185,-1.038640030494747
2023-10-08 16:00:00,-0.859561122942254,-0.004579300388617899,-1.0877357190274815
2023-10-08 16:05:00,-0.8517010824454515,-0.2199112984117791,-1.1826882343409575
2023-10-08 16:10:00,-0.8604894666552655,-0.2330785296870565,-1.0675410264832506
2023-10-08 16:15:00,-0.5466801666928278,-0.2503875215743748,-0.9715271120440702
2023-10-08 16:20:00,-0.5549896072401987,-0.2593139820634075,-0.866873794629167
2023-10-08 16:25:00,-0.5438640669090654,-0.2524530742518985,-0.9057679327583474
2023-10-08 16:30:00,-0.4268164034891525,-1.1002616490957238,-0.7585359132403122
2023-10-08 16:35:00,-0.4256490339143487,-0.2880168301594828,-0.6598852575858343
2023-10-08 16:40:00,-0.4571260024844559,-0.2682974898599964,-0.8734188910818099
2023-10-08 16:45:00,-0.3454921332294834,-0.2561410352090569,-1.0353295319993694
2023-10-08 16:50:00,-0.32632934741513475,-0.2598436900813683,-0.9591237952229392
2023-10-08 16:55:00,-0.3127909202107785,-0.28950245808856484,-0.7057196466005687
2023-10-08 17:00:00,-0.6089583452693382,-0.9120093596559498,-0.7526381770024813
2023-10-08 17:05:00,-0.5798481451053655,-0.2704593412216418,-0.5464579622425678
2023-10-08 17:10:00,-0.5468382727337474,-0.30759627891630953,0.19074439535435023
2023-10-08 17:15:00,-0.5252368356122477,-0.31702158564606,0.18666504630654487
2023-10-08 17:20:00,-0.5337698940070633,-0.327412186333764,0.0762687332227212
2023-10-08 17:25:00,-0.5218245861205006,-0.3396773549638632,0.1571487515696519
2023-10-08 17:30:00,0.38705017293687244,-0.3801735465700843,0.43070936957705064
2023-10-08 17:35:00,0.42379162497377676,-0.4405029240640546,0.8451809181531419
2023-10-08 17:40:00,0.39271651912791167,-0.35985757314925054,0.7389916856895175
2023-10-08 17:45:00,-0.15913284948384407,-0.3350267802472195,-0.06531306278451217
2023-10-08 17:50:00,-0.13999370967967953,-0.34236796467985,0.2616170995700905
2023-10-08 17:55:00,-0.1288591940101896,-0.37928578825205433,1.5489768037195972
2023-10-08 18:00:00,-0.5341631838634501,3.6792955603897517,0.547383990746063
2023-10-08 18:05:00,-0.5892717300978406,-0.26342317883113625,-0.7230509798265359
2023-10-08 18:10:00,-0.5473076563317748,-0.2635511584226883,-0.41337328603796547
2023-10-08 18:15:00,-0.5974553430505007,-0.2340139129030193,-0.4610407652854476
2023-10-08 18:20:00,-0.548022443960349,-0.27316642646129474,-0.37903125427339207
2023-10-08 18:25:00,-0.5302869235015201,-0.33289291576571306,0.19246843560134996
2023-10-08 18:30:00,-0.14464199805157266,-0.6869064780565657,-0.35427608493452606
2023-10-08 18:35:00,0.0322447154063862,-0.4271065609749392,2.716434637681047
2023-10-08 18:40:00,-0.10367532790230892,-0.38066445579913494,1.607402190047701
2023-10-08 18:45:00,-0.041943770189757756,-0.4240637191062416,3.107093454996501
2023-10-08 18:50:00,-0.10410093785520796,-0.37415746183868376,2.391303822864426
2023-10-08 18:55:00,-0.22223679100721286,-0.2838237258834443,0.3988957582757201
2023-10-08 19:00:00,-0.11508783816663193,-1.0349184749983114,2.286572328352039
2023-10-08 19:05:00,-0.24263673484097803,-0.5155885760196317,2.6629143514810867
2023-10-08 19:10:00,-0.12309776926276216,-0.3454724420417523,0.4818854928062018
2023-10-08 19:15:00,0.437958141806729,-0.37028197988996847,0.5387527243241419
2023-10-08 19:20:00,0.5883069374642306,-0.4998586429172183,2.9157848890334095
2023-10-08 19:25:00,0.5905702733704783,-0.5069719591064563,2.8387803277190513
2023-10-08 19:30:00,1.151796900160802,0.945181871217824,4.029573095685186
2023-10-08 19:35:00,1.1137956286255124,-0.5561985247359617,4.1160580304208985
2023-10-08 19:40:00,1.0081694499840186,-0.618607140063551,4.061553348142167
2023-10-08 19:45:00,0.4652201363487593,-0.654280391651971,4.029628865990512
2023-10-08 19:50:00,0.48841666567448033,-0.5282999216041215,2.5004314118107174
2023-10-08 19:55:00,0.6108964786011783,-0.299286876951211,1.6375701300357215
2023-10-08 20:00:00,0.7621350034995803,-0.24318548181510008,0.5427549622305679
2023-10-08 20:05:00,0.7107328407363117,-0.2123256892900212,0.05516014079633343
2023-10-08 20:10:00,0.7197191048659264,-0.24676859168068305,0.10427510403750996
2023-10-08 20:15:00,0.9921363256157048,-0.26261236556803025,-0.2936719480212361
2023-10-08 20:20:00,0.9634328707683635,-0.2671823056938054,-0.5831955487211872
2023-10-08 20:25:00,1.0873643766189356,-0.314097986818919,1.16342833184055
2023-10-08 20:30:00,1.7880084366463331,1.703688825158541,6.999940641888198
2023-10-08 20:35:00,1.2502151043444074,-0.4088007991661745,0.2895686343373393
2023-10-08 20:40:00,1.2155492996842556,-0.38477670471410597,-0.35208625799670973
2023-10-08 20:45:00,1.2534232609007618,-0.35829460556233556,-0.2540128336343887
2023-10-08 20:50:00,1.3816356023950482,-0.26630925777485726,-0.20417693070066018
2023-10-08 20:55:00,1.3724810644711651,-0.2545339021749787,-0.4928321931713732
2023-10-08 21:00:00,1.3966029986075594,0.1433242673150928,-0.6262574966485877
2023-10-08 21:05:00,1.3625173131010624,-0.29614639142567845,-0.6837975469083722
2023-10-08 21:10:00,1.389807751120767,-0.310916397606091,-0.5916675091557781
2023-10-08 21:15:00,1.3199438519923217,-0.3080437595524766,-0.4114884198232902
2023-10-08 21:20:00,1.4073532093655798,-0.2723213049846744,-0.0011467042025165258
2023-10-08 21:25:00,1.3981611960456386,-0.2846417735794547,-0.20326845447386754
2023-10-08 21:30:00,1.2293755652492648,-0.3004547554414259,-0.5259006762468852
2023-10-08 21:35:00,1.2780821900698056,-0.263012182771151,-0.5198701666106242
2023-10-08 21:40:00,1.2678932003173464,-0.2524488635458377,-0.6611567466369301
2023-10-08 21:45:00,1.211795848163926,-0.27012412957394183,-0.8596374613598964
2023-10-08 21:50:00,1.2170298897057201,-0.29286301736868303,-0.6582805444542332
2023-10-08 21:55:00,1.215582030731336,-0.2884557631440537,-0.6651433489842172
2023-10-08 22:00:00,1.28639384161431,0.48267211783466296,-0.7568970344284105
2023-10-08 22:05:00,1.351829320053784,-0.14814994858969768,-0.7877911209372555
2023-10-08 22:10:00,1.4298620728980536,-0.26386549673010334,0.43906412640177517
2023-10-08 22:15:00,2.3202045692756412,-0.42390529326619986,1.4370920603422057
2023-10-08 22:20:00,2.2125515992637124,-0.3511906702177225,0.30751099861035497
2023-10-08 22:25:00,2.1711151451580033,-0.32970481905811777,-0.07317881228415643
2023-10-08 22:30:00,1.697346271589868,0.6358727749666554,0.4815047051360895
2023-10-08 22:35:00,1.6352545130771339,-0.30747794409324586,-0.11723535637963635
2023-10-08 22:40:00,1.6041103971270603,-0.2736255545334453,-0.4335428560634289
2023-10-08 22:45:00,1.7106689404736188,-0.2939400305690221,-0.5197418149661096
2023-10-08 22:50:00,1.7224861693410052,-0.26968204009208724,-0.7025073886865706
2023-10-08 22:55:00,1.728995172825008,-0.2854742784161411,-0.6566471808607234
2023-10-08 23:00:00,3.258324011938635,1.307941555548866,-0.633198574910252
2023-10-08 23:05:00,3.294221513568615,-0.3179893923074682,-0.28799742574028464
2023-10-08 23:10:00,3.306491932864276,-0.3271790578289666,-0.27611774760920127
2023-10-08 23:15:00,2.9299359665897984,-0.3536684168308458,-0.4202116680932661
2023-10-08 23:20:00,2.956621239374291,-0.3182925124332859,-0.5370549011981515
2023-10-08 23:25:00,2.932154221034201,-0.2897834267560074,-0.6243740529545231
2023-10-08 23:30:00,2.6467754748844956,1.118080830958393,-0.9297488444636614
2023-10-08 23:35:00,2.6205224295463245,-0.24698966938544534,-0.9754448981856763
2023-10-08 23:40:00,2.6026096855704473,-0.24593011718913374,-0.9879776563518027
2023-10-08 23:45:00,2.329894143074225,-0.22897235618308462,-1.0697239358990849
2023-10-08 23:50:00,2.3196867658055806,-0.23755870718241368,-1.0037856614716592
2023-10-08 23:55:00,2.313012615452526,-0.23076082550027963,-1.1653131256405802
2023-10-09 00:00:00,2.3095138653848193,1.274552109128663,-0.576800698086986
2023-10-09 00:15:00,1.2397784528061058,-0.20556039479843502,-1.2830749354548154
2023-10-09 00:20:00,1.2190536991252694,-0.19758539330795358,-1.4351492004798145
2023-10-09 00:25:00,1.2197510522146704,-0.20175093139571557,-1.450561860772798
2023-10-09 00:30:00,1.0549491233881423,0.900091463982765,-1.234585721763444
2023-10-09 00:35:00,1.0983039765712224,-0.2430356664352408,-1.0398036727609794
2023-10-09 00:40:00,1.0986052217259923,-0.23317962501406161,-1.1403360078805207
2023-10-09 00:45:00,1.0343367468800002,-0.22288745959886966,-1.1982019505363832
2023-10-09 00:50:00,1.0439330882826336,-0.21003291191905887,-1.3171281136462938
2023-10-09 00:55:00,1.0214943635520923,-0.21729805041220757,-1.2163239614915093
2023-10-09 01:00:00,1.263221768130136,-0.1804683474216364,-1.3422953533785886
2023-10-09 01:05:00,1.2586362643335274,-0.21228121309244313,-1.3564718896452708
2023-10-09 01:10:00,1.2655562111886123,-0.2099802582907602,-1.3388759269167239
2023-10-09 01:15:00,0.8992707488013485,-0.19374564908525665,-1.3320205038210702
2023-10-09 01:20:00,0.8956242582064102,-0.19958709396242486,-1.3269333897455213
2023-10-09 01:25:00,0.8962908130300672,-0.18894454361389051,-1.3013605116145204
2023-10-09 01:30:00,1.2341312003400786,-0.3556722967145527,-1.3572937211442124
2023-10-09 01:35:00,1.2377147674411968,-0.23448091688022313,-1.3667919060913716
2023-10-09 01:40:00,1.285041604443364,-0.1886070627826074,-1.3797890080310677
2023-10-09 01:45:00,1.2643875801843985,-0.16689402015376664,-1.242977514886848
2023-10-09 01:50:00,1.2515922322532553,-0.22238448544839842,-0.9146084971751296
2023-10-09 01:55:00,1.2573997727504285,-0.20582094053860875,-0.9852146748715372
2023-10-09 02:00:00,1.2286817464457511,0.10066096225901915,-1.244192359925705
2023-10-09 02:05:00,1.2568607033101657,-0.1259790817842542,-1.2062307424215015
2023-10-09 02:10:00,1.3471211043497897,-0.05021415872350453,-1.1660391338055387
2023-10-09 02:15:00,1.460752906893229,-0.011234195522398687,-1.1176914510017224
2023-10-09 02:20:00,1.5683566356950018,0.10097061986155387,-0.9762821883501115
2023-10-09 02:25:00,1.4732032173704703,0.012782288969703274,-1.0752199244173648
2023-10-09 02:30:00,1.1641755627926325,0.5017285288728233,-1.231887189512359
2023-10-09 02:35:00,1.174605199568695,-0.07639370736629754,-1.368197415592198
2023-10-09 02:40:00,1.166933679302185,-0.06858347676042942,-1.3753663355705987
2023-10-09 02:45:00,1.1433255972412462,-0.08660828983253667,-1.4611383713666726
2023-10-09 02:50:00,1.08103564622185,-0.135777728303067,-1.3914660494170794
2023-10-09 02:55:00,1.0869086249443503,-0.1246446450682474,-1.3868324572182251
2023-10-09 03:00:00,1.2829799840548861,3.744839113613348,-1.5219132133050306
2023-10-09 03:05:00,1.2840261727946611,-0.16129437061328405,-1.4541551907245898
2023-10-09 03:10:00,1.2999960914505126,-0.16349288936614462,-1.375881044495164
2023-10-09 03:15:00,1.5246213314507528,-0.11474893198845776,-1.3683912397320517
2023-10-09 03:20:00,1.5665750696005178,-0.04917943927142301,-1.2468549540488838
2023-10-09 03:25:00,1.5496799296415409,-0.0645769338197218,-1.2493838599621678
2023-10-09 03:30:00,1.8837819281661339,1.0249251574784104,-0.9538948136962194
2023-10-09 03:35:00,1.789995553854105,0.017943410770647962,-1.093633388535596
2023-10-09 03:40:00,1.7600286577394832,0.0020656298050804904,-1.2345491190742537
2023-10-09 03:45:00,1.7856697288794834,0.18729791919647432,-1.0581874173586607
2023-10-09 03:50:00,1.6811603141753402,0.09460775232287258,-1.1059672264341165
2023-10-09 03:55:00,1.59132306755412,0.00246831941650526,-1.346756416864597
2023-10-09 04:00:00,1.5478092663056022,2.216205447032346,-1.4014581733799634
2023-10-09 04:05:00,1.5745006962938848,-0.0453438822013498,-1.2390769742083738
2023-10-09 04:10:00,1.4821235574085068,-0.14208043502929432,-1.2110842454198232
2023-10-09 04:15:00,1.6376224232473673,-0.19752160030614985,-1.1916989107022684
2023-10-09 04:20:00,1.7027879876459504,-0.13319841740618435,-1.6011838705428272
2023-10-09 04:25:00,1.7254038578873743,-0.10541865075989519,-1.6447774127162378
2023-10-09 04:30:00,1.3741525026078762,2.7460515393928397,-1.6691616710181585
2023-10-09 04:35:00,1.3733653906795729,-0.162199036545555,-1.572370263849913
2023-10-09 04:40:00,1.374891681168709,-0.16893703970044316,-1.4594332279881197
2023-10-09 04:45:00,1.5720435797128443,-0.18099449617473165,-1.4968625403756521
2023-10-09 04:50:00,1.57112734523876,-0.18351403975927344,-1.4605548013732974
2023-10-09 04:55:00,1.5769023341850135,-0.1985190685241467,-1.3209258185957895
2023-10-09 05:00:00,1.7947481288447495,-0.20549565381104148,-1.3149247563408588
2023-10-09 05:05:00,1.819904512883036,-0.21837849879973165,-1.1039454597606457
2023-10-09 05:10:00,1.8378602332853844,-0.22462154869188425,-0.9441579990935183
2023-10-09 05:15:00,2.079794165167007,-0.24728264053783494,-0.45782098547918054
2023-10-09 05:20:00,2.084496105450874,-0.2566141050435683,-0.8284947797446265
2023-10-09 05:25:00,2.065837963825501,-0.24460868338115413,-1.0303685041479678
2023-10-09 05:30:00,1.7804942110245585,0.633859534900339,-0.6240100979178564
2023-10-09 05:35:00,1.7596179818688071,-0.23281375135852808,-0.8351634569014251
2023-10-09 05:40:00,1.7779250385108754,-0.22895169641872617,-0.8336610143079853
2023-10-09 05:45:00,2.0968086405644675,-0.24371935300931105,-0.680589855657394
2023-10-09 05:50:00,2.151593919377396,-0.23184531112821632,-0.5003481899462294
2023-10-09 05:55:00,2.1886235286710765,-0.21847514158370293,-0.3349409679151681
2023-10-09 06:00:00,2.05605039450662,0.25339672280650377,-0.4249774746044182
2023-10-09 06:05:00,2.0968759111512902,-0.3576597677601788,0.23634323699948462
2023-10-09 06:10:00,2.1167211177878,-0.4009007878682173,0.5722863917115436
2023-10-09 06:15:00,2.6140076659884475,-0.4188514663707819,0.45962879959162434
2023-10-09 06:20:00,2.607817088343634,-0.4018660637277499,0.6065733754010967
2023-10-09 06:25:00,2.5950649499460554,-0.37198667851606676,0.2549347362805734
2023-10-09 06:30:00,2.8962179606581304,2.4915384708199415,-0.13050966591476862
2023-10-09 06:35:00,2.9340734958474117,-0.3707302062589637,0.39366497481254575
2023-10-09 06:40:00,2.9453705364452487,-0.39856742935012923,0.6684456164195234
2023-10-09 06:45:00,2.4045989530849696,-0.37144743849164535,0.9439426761555433
2023-10-09 06:50:00,2.421234860219337,-0.3968504718416808,1.705576356085987
2023-10-09 06:55:00,2.4395145908165587,-0.3848892770561812,1.953672963372606
2023-10-09 07:00:00,3.3474935134802046,3.491270297322786,2.4135600652946545
2023-10-09 07:05:00,3.372136524937577,-0.4499436699779552,2.5364251268889464
2023-10-09 07:10:00,3.3956623046743983,-0.4734068999778953,2.3989265986060384
2023-10-09 07:15:00,3.0722655438430926,-0.41341198865347345,2.713945808868474
2023-10-09 07:20:00,3.0411375672177274,-0.3850155650418748,2.60282684421652
2023-10-09 07:25:00,3.0449421392739695,-0.3419729106560076,2.7901458059146584
2023-10-09 07:30:00,4.172329099197019,3.402450225990509,2.684962808100495
2023-10-09 07:35:00,4.233787974154548,-0.45447106006817495,2.463893487406456
2023-10-09 07:40:00,4.2317159272695815,-0.4530597660390377,2.142840203646974
2023-10-09 07:45:00,3.9838169127796035,-0.37369948958551674,5.409843358533294
2023-10-09 07:50:00,3.9919241628159545,-0.4582382711644387,4.0475265782841054
2023-10-09 07:55:00,3.97909235630289,-0.4578774686038454,3.2695908129696587
2023-10-09 08:00:00,4.375068035161861,6.934948563975386,2.407190202523504
2023-10-09 08:05:00,4.353581887145351,-0.4916563244648991,1.516103632960887
2023-10-09 08:10:00,4.3610811040319195,-0.49052668162071267,1.2622850323376518
2023-10-09 08:15:00,3.921387400844209,-0.44519779556084005,0.683949722385545
2023-10-09 08:20:00,3.8907560200085296,-0.4112386196508839,0.24931787697925176
2023-10-09 08:25:00,3.877052605120159,-0.37827217471593005,0.07786284194753793
2023-10-09 08:30:00,3.875248720586725,7.870132819071566,-0.16911614939117262
2023-10-09 08:35:00,3.9311670937356564,-0.3531782090823975,0.024862277910728887
2023-10-09 08:40:00,3.9230010926851264,-0.3655542453343927,-0.16349836185430605
2023-10-09 08:45:00,2.8721997402288744,-0.30369001071095353,-0.46066821920074075
2023-10-09 08:50:00,2.903593822350629,-0.2863267309717217,-0.10263405957838789
2023-10-09 08:55:00,2.945211676096997,-0.26290707270097236,-0.008738487393197153
2023-10-09 09:00:00,3.0469478978358953,1.5058641395256354,-0.24607031559712086
2023-10-09 09:05:00,3.069961537855089,-0.35948577774911683,-0.07062253432301352
2023-10-09 09:10:00,3.056783678358233,-0.3897435598996945,0.21970916647629696
2023-10-09 09:15:00,3.420024848580026,-0.37976197075954343,0.3113736598617518
2023-10-09 09:20:00,3.409547091054655,-0.37058320775540093,0.406816901534686
2023-10-09 09:25:00,3.4171997513678503,-0.34864081641616235,0.29612806764337307
2023-10-09 09:30:00,4.877842315464789,2.1164214072630356,-0.05644752698785609
2023-10-09 09:35:00,4.871285623066977,-0.4155767656839166,-0.05071853669749985
2023-10-09 09:40:00,4.842665604164423,-0.4175175891478626,-0.07568760753910195
2023-10-09 09:45:00,4.606605379767386,-0.4059153341865123,-0.1778590415034128
2023-10-09 09:50:00,4.601336502675147,-0.4048533685802362,-0.16606141495457
2023-10-09 09:55:00,4.613320753998061,-0.4085265094320637,0.02265646826214001
2023-10-09 10:00:00,4.287051352318989,2.925154029165829,-0.19754067191769054
2023-10-09 10:05:00,4.26534036200566,-0.3514532573763105,-0.5967761556683453
2023-10-09 10:10:00,4.235370796984639,-0.3308123722405038,-0.7163441642271772
2023-10-09 10:15:00,3.951082550716808,-0.3062303296861329,-0.5710265478036011
2023-10-09 10:20:00,3.924799194041573,-0.3289525391998515,-0.41800814400635905
2023-10-09 10:25:00,3.9019081972906893,-0.34243239228596356,-0.42076630621571115
2023-10-09 10:30:00,4.2208852098194924,1.5585548993436662,-0.34385226727317375
2023-10-09 10:35:00,4.188358364639685,-0.3924837882452115,-0.5323583118346449
2023-10-09 10:40:00,4.1627830453343915,-0.3895953223478754,-0.5222932804838379
2023-10-09 10:45:00,4.164057918775551,-0.4313732010333488,-0.5218480247216842
2023-10-09 10:50:00,4.161657436823294,-0.4446233802376198,-0.5031261101464671
2023-10-09 10:55:00,4.152867116031459,-0.43633933676631964,-0.5208386408162249
2023-10-09 11:00:00,2.8084364668860817,0.15454727067812138,-0.2069281620613974
2023-10-09 11:05:00,2.8049685693253066,-0.31974261733619663,-0.16086261357683773
2023-10-09 11:10:00,2.8316600970077315,-0.33040354297169205,-0.3300571567304549
2023-10-09 11:15:00,3.591633411175192,-0.3960995141627255,-0.14581739339007413
2023-10-09 11:20:00,3.580783725501867,-0.39039925090913297,-0.3894230228453825
2023-10-09 11:25:00,3.584555406844544,-0.386132122556736,-0.6234323443408563
2023-10-09 11:30:00,3.8608080750532916,0.09407998920491745,-0.3615123443517603
2023-10-09 11:35:00,3.864974311444203,-0.4153318797354809,-0.29833454044452357
2023-10-09 11:40:00,3.8644822913228505,-0.425001088932941,-0.2633552986232171
2023-10-09 11:45:00,4.113449680078233,-0.4383245391804409,-0.27765452306540644
2023-10-09 11:50:00,4.10828763007304,-0.4298741472624715,-0.34807515162305125
2023-10-09 11:55:00,4.081068051385353,-0.42692346037826256,-0.4353977987483566
2023-10-09 12:00:00,4.195574438387659,-0.768069085593771,-0.5270539963353369
2023-10-09 12:05:00,4.208208300179408,-0.37358043952124537,-0.6159728465436801
2023-10-09 12:10:00,4.1912914842132905,-0.38429714818047656,-0.3883919000135995
2023-10-09 12:15:00,4.185015170244523,-0.4022429122491098,-0.3645205684468525
2023-10-09 12:20:00,4.195934676891298,-0.4098412479838101,-0.038253611830841874
2023-10-09 12:25:00,4.1769396212702095,-0.41202344745046854,-0.2578795002205471
2023-10-09 12:30:00,2.641393899953624,-0.35836946568796235,-0.5093733031974431
2023-10-09 12:35:00,2.657600409952563,-0.33447567206033746,-0.7126556439110936
2023-10-09 12:40:00,2.6298892566653347,-0.3432606102958354,-0.7295585554378415
2023-10-09 12:45:00,2.83573398593865,-0.38033989444807387,-0.6584372605343659
2023-10-09 12:50:00,2.841885000462535,-0.38017013669007915,-0.513081002034155
2023-10-09 12:55:00,2.8401988982401694,-0.3939674144716405,-0.1005225194970441
2023-10-09 13:00:00,2.7445010739797984,-0.43835204958346546,-0.11229023888134294
2023-10-09 13:05:00,2.7211543892615606,-0.3504361199611827,-0.5813787974392184
2023-10-09 13:10:00,2.7201747996023706,-0.34847669017758776,-0.6895267993952109
2023-10-09 13:15:00,1.8877006724482905,-0.3223318361497984,-0.6645372770585157
2023-10-09 13:20:00,1.8836871938630588,-0.34034942184565325,-0.4889100071872885
2023-10-09 13:25:00,1.8850395374985034,-0.34751421493964973,-0.4268019494176503
2023-10-09 13:30:00,3.5878603838221137,-0.9059795523447625,-0.57526201874199
2023-10-09 13:40:00,3.5697092648988202,-0.39218557643050234,-0.7186127496494986
2023-10-09 13:45:00,3.5697332962321573,-0.3970150894938242,-0.5918252295716414
2023-10-09 14:00:00,2.3134503067698047,-0.8786639214102571,-0.1804772683227845
2023-10-09 14:05:00,2.327387161397458,-0.32521218466342977,-0.2782571726968983
2023-10-09 14:10:00,2.3421799522504507,-0.3311411658503618,-0.2196424493796297
2023-10-09 14:15:00,3.3943442061122453,-0.4066124008488934,-0.35592492853756597
2023-10-09 14:20:00,3.3855021382604087,-0.4088508030194222,-0.4494099923611794
2023-10-09 14:25:00,3.3577888209505162,-0.425358759946284,-0.35104499718310106
2023-10-09 14:30:00,3.0857548343801215,-0.08410702421861246,-0.0840805994412216
2023-10-09 14:35:00,3.1262671134289373,-0.3993794082784389,-0.16147068583832724
2023-10-09 14:40:00,3.127189485172777,-0.39527411394558526,-0.31130644100563903
2023-10-09 14:45:00,3.3725518599853594,-0.42381469003769767,-0.09819312377232146
2023-10-09 14:50:00,3.38243890920621,-0.44889866209037765,0.196717375582762
2023-10-09 14:55:00,3.384541723790177,-0.4586158705345338,0.4643499256066809
2023-10-09 15:00:00,3.487688120579918,0.05341905945996512,-0.005296124448435275
2023-10-09 15:15:00,3.973351564248742,-0.47071893262877207,0.13599534994973886
2023-10-09 15:20:00,3.976281060043715,-0.46481936702945853,0.11999583312151092
2023-10-09 15:25:00,3.9806842147468915,-0.4553835133270677,0.05305996908601012
2023-10-09 15:30:00,3.707259642096779,0.028241103060093246,0.31415259822250646
2023-10-09 15:35:00,3.7149022476297047,-0.46692505063425144,0.6695063378909963
2023-10-09 15:40:00,3.7172228662151237,-0.4713093071361635,0.9073717011363556
2023-10-09 15:45:00,3.9821461141843106,-0.4919915093674189,0.6502037078335031
2023-10-09 15:50:00,3.964462277133147,-0.5178507150841394,0.5996796733160884
2023-10-09 15:55:00,3.9719813399926385,-0.5596441672963428,1.1050822302576493
2023-10-09 16:00:00,3.90624464915255,0.21074582814278603,0.9770101873148653
2023-10-09 16:05:00,3.874005042131751,-0.5176747038254291,0.9377414103811968
2023-10-09 16:10:00,3.9243354197837794,-0.528477028985595,1.6778193370395418
2023-10-09 16:15:00,4.252525523980768,-0.549716419856159,0.8524732280865839
2023-10-09 16:20:00,4.278023948648986,-0.5658600113241404,1.2995450826560486
2023-10-09 16:25:00,4.302813995504562,-0.5921405545216593,2.0970746397584596
2023-10-09 16:30:00,4.537382460274948,0.5689538906019384,1.3307201530211952
2023-10-09 16:35:00,4.544659471018822,-0.6043473935078246,1.3876718390178309
2023-10-09 16:40:00,4.557668276772216,-0.596326096788183,1.5182922190522843
2023-10-09 16:45:00,4.418909123696486,-0.5731923889287256,1.0200132814778191
2023-10-09 16:50:00,4.388074752481546,-0.5624157346098922,0.9167215491995747
2023-10-09 16:55:00,4.406486686861859,-0.5361954752974959,0.6293516134341192
2023-10-09 17:00:00,4.246535796600073,3.1490471127843973,0.45221991177152876
2023-10-09 17:05:00,4.2778830677197925,-0.4782973123651576,0.5087565333691156
2023-10-09 17:10:00,4.387701484260716,-0.4605988633817958,1.0413351052608653
2023-10-09 17:15:00,5.2039790114367594,-0.5009237369290485,1.540965418454947
2023-10-09 17:20:00,5.209198440681385,-0.4609600020868304,1.2489564930943429
2023-10-09 17:25:00,5.268454216287775,-0.3505231229906638,3.0645392283053448
2023-10-09 17:30:00,5.308093137685621,1.4079182328941549,3.7731643946774716
2023-10-09 17:35:00,5.28016897227334,-0.4277379860753706,1.628383840413392
2023-10-09 17:40:00,5.3226292924371,-0.39357223397863805,1.4887413695169192
2023-10-09 17:45:00,3.37531000808539,-0.22857966423470638,1.331438942491236
2023-10-09 17:50:00,3.488078723021039,-0.11551016402955071,1.7685827172316613
2023-10-09 17:55:00,3.4754168130052014,-0.18913635343967106,1.4763803495652568
2023-10-09 18:00:00,4.3463513051729015,7.207885739175261,1.7880965148367882
2023-10-09 18:05:00,4.333435830214395,-0.135744375016999,2.0698218238627257
2023-10-09 18:10:00,4.325433605744082,-0.1351947939803573,2.022717576591046
2023-10-09 18:15:00,4.295055825967335,-0.03299034784440339,2.9576625343730534
2023-10-09 18:20:00,4.249123233850606,-0.15701297885482166,2.5195950716158158
2023-10-09 18:25:00,4.17648843915469,-0.2282135174000088,1.8207916872485022
2023-10-09 18:30:00,3.9977572364454135,8.2061322353876,1.655233099849941
2023-10-09 18:35:00,4.098280964482369,-0.14096033033214078,1.7890190463741626
2023-10-09 18:40:00,4.193894470617262,-0.03444486531474294,1.982766705293357
2023-10-09 18:45:00,3.96664673892033,-0.005533941041327954,2.1379960057282625
2023-10-09 18:50:00,3.8602064679213934,-0.011515146571562912,2.7564179410930087
2023-10-09 18:55:00,3.858538874515175,0.037912497810111405,3.090561068808765
2023-10-09 19:00:00,2.398005054317915,8.990054260391645,2.8852642724168804
2023-10-09 19:05:00,2.3701626347476785,-0.07237277302328209,2.7811639013037914
2023-10-09 19:10:00,2.318421456051283,-0.0894937235721549,2.2838568866599958
2023-10-09 19:15:00,2.4711892193410105,-0.12803480270280015,2.9588885848778848
2023-10-09 19:20:00,2.4359384513123548,-0.16350413026201358,1.6568254634022357
2023-10-09 19:25:00,2.4838685125609907,-0.12133361670032307,1.594270649528291
2023-10-09 19:30:00,2.352478818670831,15.215614328956589,1.3501476042421874
2023-10-09 19:35:00,2.4251809319008606,-0.1118632947408918,2.12228238866641
2023-10-09 19:40:00,2.414120855480668,-0.08145658606940247,2.6401417302669947
2023-10-09 19:45:00,2.7719660250583638,-0.01879660100709651,3.8307181272867092
2023-10-09 19:50:00,2.7165318370095632,-0.07374423751821742,3.724562377350518
2023-10-09 19:55:00,2.7620167321293922,-0.028188785675934722,2.9147748755086487
2023-10-09 20:00:00,2.811541807749023,0.006113820988088007,2.974892717400093
2023-10-09 20:05:00,2.8104569508387236,0.008735258576414402,2.9626735677637064
2023-10-09 20:10:00,2.8379920198383584,0.05752154833849891,2.430765006060888
2023-10-09 20:15:00,2.4712756706906247,0.08635263229144857,2.3769452224074366
2023-10-09 20:20:00,2.516889936172737,0.10204248961584583,2.433224603037079
2023-10-09 20:25:00,2.566046957580094,0.16448460468340959,2.6270020564260825
2023-10-09 20:30:00,3.293201435004748,14.17539344010906,2.6016475084015305
2023-10-09 20:35:00,3.2817408323268804,-0.012954423280653828,2.606864554102186
2023-10-09 20:40:00,3.2849708834791715,0.06534771875191561,2.91595319449795
2023-10-09 20:45:00,2.8153155816693096,0.1099974477892337,3.004392513135293
2023-10-09 20:50:00,2.77894423979739,0.07513827740519612,3.097907401492213
2023-10-09 20:55:00,2.7966527416385074,0.09522178643709012,3.3669481923877083
2023-10-09 21:00:00,3.80317255278264,12.476089572847895,3.390904468200966
2023-10-09 21:05:00,3.809672564262606,-0.009217145244640328,2.8134463493544084
2023-10-09 21:10:00,3.7804342277582563,-0.029891529892872266,2.443573402308912
2023-10-09 21:15:00,3.2657630851612502,-0.006733845541671338,2.3490915295955173
2023-10-09 21:20:00,3.275258359863304,-0.012311757101540612,2.496712249938482
2023-10-09 21:25:00,3.3244547795799524,0.041452939748164074,2.575503369344
2023-10-09 21:30:00,3.489163529017637,13.58634524924765,2.211781201171138
2023-10-09 21:35:00,3.5942918126440664,0.05424867153079493,2.0293970674074155
2023-10-09 21:40:00,3.584196164593071,0.026353666819604035,1.9440619708696003
2023-10-09 21:45:00,3.552026992759697,0.030693273648734507,1.96607642255353
2023-10-09 21:50:00,3.5779882904266187,0.06725677430758038,2.2838298576569596
2023-10-09 21:55:00,3.585173562835484,0.048699409293791476,2.0076436751271483
2023-10-09 22:00:00,3.255953979808909,13.926264115680507,1.8532189674137598
2023-10-09 22:05:00,3.3335396864868723,0.027107927876548903,2.071441084890274
2023-10-09 22:10:00,3.352705985193752,0.035001879343953046,2.1071679301397075
2023-10-09 22:15:00,3.429161337631002,0.08308247924110589,2.018989292189187
2023-10-09 22:20:00,3.4940820815530618,0.14004454719989123,2.0592073124784815
2023-10-09 22:25:00,3.616381391621078,0.24916036553254028,2.199548483789773
2023-10-09 22:30:00,4.704231363102314,14.701727113135483,2.0423624378579484
2023-10-09 22:35:00,4.688763202866785,0.042522097460370244,2.10536422841023
2023-10-09 22:40:00,4.663035302753029,0.06608234124444075,2.110860317922124
2023-10-09 22:45:00,4.53524004525504,0.08270278355242468,1.922981817936318
2023-10-09 22:50:00,4.45767643506668,0.01178142121818404,1.948645203150373
2023-10-09 22:55:00,4.428411003688474,-0.0007416737431671332,2.139458449644598
2023-10-09 23:00:00,5.393872684945895,17.08459113743126,2.030866305749391
2023-10-09 23:05:00,5.490097537186522,-0.025168323379073803,1.961225118761672
2023-10-09 23:10:00,5.491057694370182,-0.05301271661919707,2.000349571518317
2023-10-09 23:15:00,5.4803042410741245,-0.016681945166484854,2.0533911551525947
2023-10-09 23:20:00,5.4656717989642125,-0.019549030015683914,2.1007249041632017
2023-10-09 23:25:00,5.436060280179105,-0.04347198763909684,1.9656178661851296
2023-10-09 23:30:00,6.114871914767407,16.21717434023372,2.1014788817475916
2023-10-09 23:35:00,6.20497131847444,-0.07038856387512152,2.079538208155125
2023-10-09 23:40:00,6.220505119113835,-0.06858093321865831,1.5782906454194636
2023-10-09 23:45:00,4.93297565150922,-0.00373664890152205,1.63536975326674
2023-10-09 23:50:00,4.93485925946101,-0.025193336728493273,1.6482245651663592
2023-10-09 23:55:00,4.956956911545531,-0.010673971093586107,1.545756423010026
2023-10-10 00:00:00,4.743231130901991,15.97433058490285,-0.5703151055402025
2023-10-10 00:15:00,4.710570768054627,0.18662257316373115,1.3087237755585523
2023-10-10 00:20:00,4.844963641531727,0.3289298197703284,1.4565320553378136
2023-10-10 00:25:00,4.816910579398844,0.2886348803186562,1.63560031421837
2023-10-10 00:30:00,5.217145820348134,14.89435617996483,1.3938561891752534
2023-10-10 00:35:00,5.261711443958385,0.10250489618068925,1.3128842276486776
2023-10-10 00:40:00,5.2407096543428295,0.04848581437782927,0.9835964978924832
2023-10-10 00:45:00,4.168408221570411,0.0005664269180050656,0.49964639138120337
2023-10-10 00:50:00,4.1629844173481105,-0.002737540962916814,0.2000681185976648
2023-10-10 00:55:00,4.13280405676469,-0.02239642950047684,0.36329348858934857
2023-10-10 01:00:00,3.2625558113046096,18.32738034962059,0.8898712013572486
2023-10-10 01:05:00,3.34395926738622,0.015536184967011306,1.2294779748133657
2023-10-10 01:10:00,3.3695889092074287,0.01193886090547184,0.8826061733481168
2023-10-10 01:15:00,3.4248105278879226,0.0047442946666504705,0.5568450504024293
2023-10-10 01:20:00,3.415384107141488,-0.01673250938683259,0.5962137040197785
2023-10-10 01:25:00,3.431383652279641,-0.016280720852080474,0.5096123552256716
2023-10-10 01:30:00,4.011551141396223,14.12219503757484,0.5429012421783187
2023-10-10 01:35:00,4.197191582906234,0.1518384993974745,0.5525211757677321
2023-10-10 01:40:00,4.1871134188869945,0.10358921638542806,0.4340615073830092
2023-10-10 01:45:00,4.90967212190308,0.08790792620721946,0.422374714971851
2023-10-10 01:50:00,4.832812951498638,0.03489660524131317,0.23180012550441031
2023-10-10 01:55:00,4.8176264298902325,0.042076476594203785,0.18919251055746608
2023-10-10 02:00:00,3.6106923474102923,13.180936598150987,0.11258870270071664
2023-10-10 02:05:00,3.6595247254244456,0.02195629375666828,0.11496487496245533
2023-10-10 02:10:00,3.6535505465391185,0.03793526476453772,0.3159434101071662
2023-10-10 02:15:00,3.1141263463288316,0.02518232214221941,0.3370488088280515
2023-10-10 02:20:00,3.11251701169729,0.013508770078555266,0.1463683694872089
2023-10-10 02:25:00,3.172078324709657,0.05226006044276247,-0.09516990474084434
2023-10-10 02:30:00,2.799500580795384,13.91061568300812,0.09397354171200091
2023-10-10 02:35:00,3.144631189566344,0.5289824788107265,0.5638838948350297
2023-10-10 02:40:00,2.9127976987112674,0.2900211554878715,0.5117782371758672
2023-10-10 02:45:00,3.57545858317783,0.30938583900475686,0.3313869973882942
2023-10-10 02:50:00,3.4900215840430944,0.2393721110255302,0.32563201591595525
2023-10-10 02:55:00,3.488682980543808,0.251223787279658,0.3275069617245602
2023-10-10 03:00:00,3.1266200552072116,14.433436869125654,0.18403000447597864
2023-10-10 03:05:00,2.994924993980057,0.01295745105725574,-0.05406778141215235
2023-10-10 03:10:00,2.9682736703592623,0.00947491220605443,0.09516902158257327
2023-10-10 03:15:00,2.946629541707138,0.07361648700399392,0.13357456322606448
2023-10-10 03:20:00,2.9579963028491925,0.08297540760727908,-0.036384586027364184
2023-10-10 03:25:00,2.9583087881668653,0.08085853882266755,-0.1713199941022279
2023-10-10 03:30:00,2.216948953251888,0.10991739754089914,-0.08612342061098176
2023-10-10 03:35:00,2.22552634110573,0.10225657068554014,-0.09665524545827513
2023-10-10 03:40:00,2.2292581676015684,0.0755196447239113,-0.15056320450023836
2023-10-10 03:45:00,2.7350584145165135,-0.004947900143477426,-0.036374552094084245
2023-10-10 03:50:00,2.7296835230052614,-0.007459134590836649,0.011863613138524482
2023-10-10 03:55:00,2.6862106801292778,-0.03363746050400471,0.08850164929437276
2023-10-10 04:00:00,2.724501024207035,10.92962765961708,-0.22086667811398905
2023-10-10 04:05:00,2.7270114866912114,-0.0028844323986513386,-0.12493286357728545
2023-10-10 04:10:00,2.722659051990278,-0.0055895462700683044,-0.1744999529357042
2023-10-10 04:15:00,2.578289659829188,-0.021644787685721128,-0.27255934472200744
2023-10-10 04:20:00,2.5571413915486887,-0.05798088737116838,-0.2634277308388332
2023-10-10 04:25:00,2.5224558892376554,-0.08770172012410743,-0.301245021263298
2023-10-10 04:30:00,2.494367022084099,12.041140024052796,-0.4623534023233072
2023-10-10 04:35:00,2.5489103414999126,-0.07030380676602906,-0.34870716112277494
2023-10-10 04:40:00,2.5283404696747303,-0.0847096863278478,-0.47274716984733167
2023-10-10 04:45:00,1.897064307975236,-0.033817758416984714,-0.21749523864177064
2023-10-10 04:50:00,1.8716525226358067,-0.009801368520559569,0.4317756020512214
2023-10-10 04:55:00,1.9003739619592261,0.02035734179925279,0.6104827196722199
2023-10-10 05:00:00,1.2366825559041692,8.788405649868187,-0.003523236569437152
2023-10-10 05:05:00,1.2396322711029086,-0.03522439230087705,-0.1130075840141783
2023-10-10 05:10:00,1.236369380841598,-0.03547093776777019,-0.12181151258294154
2023-10-10 05:15:00,1.6162731484022606,0.0017577815654476168,0.3431819464852694
2023-10-10 05:20:00,1.6427753530769136,-0.03282465767632512,0.12332821951482638
2023-10-10 05:25:00,1.6798934307637938,-0.024530350317244223,-0.053994793169732255
2023-10-10 05:30:00,1.8152919712991529,11.31549311214668,-0.19760481982166186
2023-10-10 05:35:00,1.864132752031474,-0.053142824178736905,-0.16830166117483245
2023-10-10 05:40:00,1.8616323564598471,-0.04098987198662244,-0.08195055412355419
2023-10-10 05:45:00,2.2348775587734333,-0.09970271827566136,-0.12087300511227553
2023-10-10 05:50:00,2.2521422777190105,-0.1031369483958727,-0.03578864418952457
2023-10-10 05:55:00,2.22880880592865,-0.14550083390383092,0.23521379606490236
2023-10-10 06:00:00,1.8701783484846084,8.926728878259704,0.6147385838545316
2023-10-10 06:05:00,1.9102010271958365,-0.1410304875417837,0.9694463526264011
2023-10-10 06:10:00,1.9452712428180048,-0.14062774626108637,1.2466814434252225
2023-10-10 06:15:00,2.9105743092761216,-0.08884010293390578,1.1328048143824005
2023-10-10 06:20:00,2.8798394549169926,-0.07117014641364404,1.3248063549340223
2023-10-10 06:25:00,2.8469276578185374,-0.09201916559838204,1.8017471550153257
2023-10-10 06:30:00,3.032242403550394,9.75327047353156,2.231590321492248
2023-10-10 06:35:00,3.146015071766854,-0.20475535476232767,2.549351147633775
2023-10-10 06:40:00,3.138654056744305,-0.18639833058549707,2.739799246453333
2023-10-10 06:45:00,3.173965945371463,-0.16599653219394336,2.7517581820326624
2023-10-10 06:50:00,3.2006433719252505,-0.18029812598716727,2.6341074985127473
2023-10-10 06:55:00,3.209149277555217,-0.18122663633035052,2.5705656483223853
2023-10-10 07:00:00,3.822719360376713,11.685103813321481,2.3786214961910686
2023-10-10 07:05:00,3.9179012513874,-0.23630807774717053,2.1710610367387977
2023-10-10 07:10:00,3.951397786328336,-0.28542839231523853,1.835514663951078
2023-10-10 07:15:00,3.544436082653626,-0.34695581160989436,1.7284561499422475
2023-10-10 07:20:00,3.5831013382747052,-0.35512775235972255,1.1092284665866825
2023-10-10 07:25:00,3.5234895151702736,-0.3411474705217524,1.181154442014061
2023-10-10 07:30:00,3.5420563312802313,6.078077970610955,1.9906822943306037
2023-10-10 07:35:00,3.5847295316845442,-0.29315159200101204,2.717673786181518
2023-10-10 07:40:00,3.605693075430043,-0.2825897819772018,3.44956195392313
2023-10-10 07:45:00,4.715327569120849,-0.28282714054322866,3.757855206330005
2023-10-10 07:50:00,4.681690612825626,-0.24960597311513827,4.269393736970918
2023-10-10 07:55:00,4.690909272680329,-0.25101215978312863,4.330828498890043
2023-10-10 08:00:00,5.3928950605183745,4.7657279833603825,4.231290823366828
2023-10-10 08:05:00,5.414408167233077,-0.3537226455669049,4.926324456026934
2023-10-10 08:10:00,5.447221841055089,-0.36042475755872644,4.990380313208312
2023-10-10 08:15:00,5.82213813262743,-0.29621143771586106,4.668206360538485
2023-10-10 08:20:00,5.811042270171164,-0.27879328256441493,4.862530487829976
2023-10-10 08:25:00,5.79179235852734,-0.29166104405617344,4.820264502587294
2023-10-10 08:30:00,4.870487782464974,9.085720346033186,4.042937180250135
2023-10-10 08:35:00,4.921334915224837,-0.3333874844694749,3.6121228317582013
2023-10-10 08:40:00,4.834642737875583,-0.2903606816493102,3.1980207093250286
2023-10-10 08:45:00,5.984824618278615,-0.40579626127157453,2.6390720218180808
2023-10-10 08:50:00,5.974689124924121,-0.4384603677659546,2.321346398221859
2023-10-10 08:55:00,5.949979702407147,-0.4478047103847725,1.648273926147946
2023-10-10 09:00:00,4.412479675512816,8.233327252000983,0.7107787713742383
2023-10-10 09:05:00,4.474361315482557,-0.4284537512522879,0.43420071643856395
2023-10-10 09:10:00,4.463408513285564,-0.42858110077484446,0.3911514688297318
2023-10-10 09:15:00,2.5886356801371755,-0.3232453422902801,0.24855704383170257
2023-10-10 09:20:00,2.5513619934278204,-0.25966790223654496,-0.05852321757853153
2023-10-10 09:25:00,2.538695141037861,-0.25987736297205805,-0.27188572302479275
2023-10-10 09:30:00,2.6613634175369385,2.45054619034069,-0.5280879067637606
2023-10-10 09:35:00,2.6814148986503104,-0.26675499290348054,-0.44943077164933065
2023-10-10 09:40:00,2.6933692751984935,-0.2742255243275357,-0.1398054718800207
2023-10-10 09:45:00,3.214348348122328,-0.3280381389461557,-0.27206582255567363
2023-10-10 09:50:00,3.187426652230126,-0.32916566868809977,-0.24653470378040965
2023-10-10 09:55:00,3.1831559239243106,-0.32160551680123417,-0.24478498654562025
2023-10-10 10:00:00,3.0840114655859874,0.5929042712509959,-0.6737657212726573
2023-10-10 10:05:00,3.0526507788899977,-0.3454149762873611,-0.6479653114508612
2023-10-10 10:10:00,3.0452473218046623,-0.33297561644828183,-0.5977355848480951
2023-10-10 10:15:00,2.993236564357646,-0.3551611517167057,-0.37487825099309235
2023-10-10 10:20:00,3.011535212429763,-0.3681895640485315,-0.22638403307370686
2023-10-10 10:25:00,3.0055733832384113,-0.35981647252250987,-0.7060304517534295
2023-10-10 10:30:00,2.50173834921199,0.3067463599895898,-1.0904868081023302
2023-10-10 10:35:00,2.4910223173301382,-0.3457319633159994,-1.0126021162153755
2023-10-10 10:40:00,2.4638264601932263,-0.3537825986106421,-0.9457815851063597
2023-10-10 10:45:00,3.4555713057795896,-0.412447057267851,-0.9291977309981292
2023-10-10 10:50:00,3.472169186407634,-0.41174977622579856,-0.9036447052187243
2023-10-10 10:55:00,3.446242550714156,-0.4258852312435686,-0.8256198135632754
2023-10-10 11:00:00,2.90580581747106,-0.3810625431566256,-0.8507112326581903
2023-10-10 11:05:00,2.9324885072883955,-0.3717025319402626,-0.8537893597489629
2023-10-10 11:10:00,2.930081388910383,-0.3850262012735851,-0.6451204008049789
2023-10-10 11:15:00,2.9937864300463377,-0.40262491175736786,-0.6996962098935192
2023-10-10 11:20:00,2.986377112590713,-0.39582667805588145,-0.8394264699564739
2023-10-10 11:25:00,2.977675138507706,-0.41153777821468984,-0.7625861373459302
2023-10-10 11:30:00,2.854490407360825,-0.07508940784776673,-0.7504618363701422
2023-10-10 11:35:00,2.850608745477096,-0.38877797201226144,-0.8327061793152424
2023-10-10 11:40:00,2.863070641097104,-0.3876715319252001,-0.8151495149827164
2023-10-10 11:45:00,3.1382019929534763,-0.4159644778525369,-0.6704431619856335
2023-10-10 11:50:00,3.106993424783208,-0.41989694078668965,-0.676011057842466
2023-10-10 11:55:00,3.079238045722387,-0.41720241576757333,-0.8303678356978882
2023-10-10 12:00:00,3.1465366811126754,-0.6090765657464761,-0.6679118404742028
2023-10-10 12:05:00,3.1439820838423627,-0.4047882370048589,-0.8080818766084851
2023-10-10 12:10:00,3.129681718999182,-0.4043127466790469,-0.9582108120754435
2023-10-10 12:30:00,1.779771526445506,-0.892003757076788,-0.6400657012399823
2023-10-10 13:00:00,3.4241259606632717,-1.5385980518064777,-0.7354640112496227
2023-10-10 13:30:00,1.5269628935233033,-1.0224935422129855,-0.6543998417177106
2023-10-10 14:00:00,1.6280228183162135,-1.1287574254220687,-0.645672552649011
2023-10-10 14:30:00,1.8474349428595354,-0.9685293726925025,-0.661931531477718
2023-10-10 15:00:00,1.9020553639221327,-0.9686353153938376,-0.6596996298191155
2023-10-10 15:30:00,1.6483947931153478,-0.9237716989327981,-0.6460010865803668
2023-10-10 16:00:00,1.2495350841983044,-1.341379491664256,-0.6331693383678065
2023-10-10 16:30:00,1.6082758414729896,-1.3424108078103776,-0.6408931860892813
2023-10-10 17:00:00,1.0794824152289184,-1.2917195548444298,-0.626978709841275
2023-10-10 17:30:00,0.9598843618496006,-1.3864015777674212,-0.6285564004385343
2023-10-10 18:00:00,1.0491709651603505,-1.1070262954107848,-0.6083980614644866
2023-10-10 19:00:00,1.0903595352694817,-0.057358505720398405,-0.5951384517213194
2023-10-10 19:30:00,1.3514815374245306,-0.8623037046527857,-0.6000728944266502
2023-10-10 20:00:00,1.509157816130914,-1.0130072543869448,-0.5999322201568726
2023-10-10 20:30:00,1.3137424406518659,-1.0908226489246076,-0.5899992259896149
2023-10-10 21:00:00,0.7867964789371172,-1.358033770586516,-0.5901777694901352
2023-10-10 21:30:00,0.5559827557354484,-1.6748702377847757,-0.5956971390948976
2023-10-10 22:00:00,0.24888279923955153,-1.5734122013983969,-0.5930668929016749
2023-10-10 22:30:00,-1.13446068416314,-1.350387777782599,-0.5908409032999841
2023-10-10 23:00:00,-1.6959213885581959,-1.5529377271871947,-0.5900875786257724
2023-10-10 23:30:00,-1.940384517014743,-1.4958074589525967,-0.5909773350842839
2023-10-11 00:00:00,-1.9455705135387227,-1.4294104786347221,-0.5847191173912947
2023-10-11 00:30:00,-2.0598398378153746,-1.4364496884938167,-0.5797069797455937
2023-10-11 01:00:00,-1.9583869040082553,-1.1548437535993212,-0.5922583015278259
2023-10-11 01:30:00,-1.821309397861691,-1.4099432695197942,-0.5741571816380935
2023-10-11 02:30:00,-1.658721571012108,-0.5590699305648492,-0.5789754396721525
2023-10-11 03:00:00,-1.4845640425542732,-1.0551093381131365,-0.5902272986878265
2023-10-11 03:30:00,-1.564815996336333,-1.0632835964198706,-0.5912438927368517
2023-10-11 04:00:00,-1.5927697717366884,-1.5692567974732385,-0.5966033504905376
2023-10-11 04:30:00,-1.7351508572144752,-1.35576905629639,-0.5868925974755421
2023-10-11 05:00:00,-1.6567982237987373,-1.810931139583116,-0.5758729860678731
2023-10-11 05:30:00,-1.8519750444876362,-1.4645270008566496,-0.5843303728648155
2023-10-11 06:00:00,-2.1313561996716928,-1.5651316633309784,-0.5958257434835676
2023-10-11 06:30:00,-2.2832640293273454,-1.3865401402242354,-0.5993343147746754
2023-10-11 07:00:00,-2.277578719794512,-1.6496659984130821,-0.5935116407566194
2023-10-11 07:30:00,-2.211380621489244,-0.996937753184534,-0.5805928307506502
2023-10-11 08:00:00,-2.15434295531383,-1.4190792129186054,-0.5961073506624853
2023-10-11 08:30:00,-2.4921795261923183,-1.051695522631415,-0.5958839491773903
2023-10-11 09:00:00,-2.5766438315433486,-1.5235335808589614,-0.5782280555930476
2023-10-11 10:00:00,-2.5889073555042255,-0.5252196580477936,-0.5741341261691633
2023-10-11 10:30:00,-2.5865640209126783,-1.055083126047332,-0.5866131702761878
2023-10-11 11:00:00,-2.440858641644493,-1.1886378298644587,-0.5748878920020173
2023-10-11 11:30:00,-2.5864901879394426,-0.6871340893176926,-0.5748614039657259
2023-10-11 12:00:00,-2.5186146939593708,0.6680662126236664,-0.5716846931237405
2023-10-11 12:25:00,-3.0192653082476952,-0.15928351630688245,-0.9979036358278361
2023-10-11 12:30:00,-2.62290694579772,0.4653694458305792,-0.9276596963535637
2023-10-11 12:35:00,-2.6190730295460867,-0.2257677734783508,-0.9154149022075359
2023-10-11 12:40:00,-2.607421379997189,-0.23274882123712304,-0.8627712517862371
2023-10-11 12:45:00,-2.752612091622276,-0.22982938140557313,-0.8137874323585277
2023-10-11 12:50:00,-2.7448657126337586,-0.2226435727590331,-0.8437661473691793
2023-10-11 12:55:00,-2.7266783020656122,-0.22203624630709665,-0.799598201337663
2023-10-11 13:00:00,-2.4964757959733332,-0.46979040411829454,-0.4456455569836193
2023-10-11 13:05:00,-2.5032231295160834,-0.24593691310588933,-0.37487594888455716
2023-10-11 13:10:00,-2.5154688051447773,-0.24511905452919258,-0.5154326249149253
2023-10-11 13:15:00,-2.5345689567946548,-0.23642031324572269,-0.7057554457538667
2023-10-11 13:20:00,-2.5332794217204078,-0.22719693841563973,-0.8103601797067695
2023-10-11 13:25:00,-2.5316489873890573,-0.23743934793604332,-0.7045934656060042
2023-10-11 13:30:00,-2.2566894760451466,-0.4287469548847967,-0.6157006107065383
2023-10-11 13:35:00,-2.253357885635537,-0.22084128286338386,-0.7258158733438179
2023-10-11 13:40:00,-2.266962628087831,-0.22352069533194557,-0.7703113774641719
2023-10-11 13:45:00,-2.6765336465247973,-0.1912011035047426,-0.8300891065388724
2023-10-11 13:50:00,-2.680449855451664,-0.20720782534575566,-0.6109166254065013
2023-10-11 13:55:00,-2.648297511080183,-0.20848717233549768,-0.396214638561073
2023-10-11 14:00:00,-2.5958312675022586,-0.5568912407750968,-0.6125312785567613
2023-10-11 14:05:00,-2.6031973352518145,-0.21896868730222926,-0.7162654219376713
2023-10-11 14:10:00,-2.584729215375182,-0.2148132696609186,-0.7959310819556563
2023-10-11 14:15:00,-2.600006425337001,-0.1907757777921134,-0.9540932084728446
2023-10-11 14:20:00,-2.6158484383640674,-0.1996312824865437,-0.9331901354502767
2023-10-11 14:25:00,-2.6218994987240816,-0.20083282331252555,-0.8977598444749947
2023-10-11 14:30:00,-2.5377543117375208,0.5509190431471314,-0.8375231230887817
2023-10-11 14:35:00,-2.5049533287900125,-0.19867815248657084,-0.5203369100078369
2023-10-11 14:40:00,-2.5008629504145947,-0.19930188625801298,-0.7323227156775524
2023-10-11 14:45:00,-2.6294524459035222,-0.20772197506924828,-0.6548768397754916
2023-10-11 14:50:00,-2.603410118452064,-0.201198471268129,-0.5930079652864261
2023-10-11 14:55:00,-2.5924437041246007,-0.20571777134162345,-0.5784744423622147
2023-10-11 15:00:00,-2.4352249528611902,-0.18099839513566607,-0.3154497082076406
2023-10-11 15:05:00,-2.4473845895216737,-0.2194239884423311,-0.3565890914186336
2023-10-11 15:10:00,-2.4660282015929256,-0.2041762712337785,-0.6269577997091224
2023-10-11 15:15:00,-2.5980799171878926,-0.21920087158031992,-0.39246952091467585
2023-10-11 15:20:00,-2.580286657586313,-0.21845257012479508,-0.45929180731833424
2023-10-11 15:25:00,-2.603784558341343,-0.206548310116963,-0.48824594825097467
2023-10-11 15:30:00,-2.304969925000022,-0.16924855843610193,-0.32266644452452503
2023-10-11 15:35:00,-2.2826468125708983,-0.2346692254638225,-0.3043673054107961
2023-10-11 15:40:00,-2.323683739176229,-0.24299161312707643,-0.24871047089297696
2023-10-11 15:45:00,-2.223919130598605,-0.23768916956254166,-0.21810397956844094
2023-10-11 15:50:00,-2.2016826984502553,-0.23340450867716883,-0.13692136038569827
2023-10-11 15:55:00,-2.1850275996345143,-0.22523459285455777,0.16620683669249417
2023-10-11 16:00:00,-1.6251065233836177,0.5412472610696073,0.025994010230138333
2023-10-11 16:05:00,-1.639849226837973,-0.25738078017382815,-0.04135547155805098
2023-10-11 16:10:00,-1.6141230178316657,-0.24419131852690595,-0.20702098556286544
2023-10-11 16:15:00,-1.9918392785697687,-0.23010756988294323,-0.38058626135798074
2023-10-11 16:20:00,-1.9785265715551543,-0.2390695120290646,-0.23919784630558982
2023-10-11 16:25:00,-2.0177371150466556,-0.2285695800335896,-0.2765288720570155
2023-10-11 16:30:00,-1.7504771460881143,0.03957853720275329,-0.40162757016452666
2023-10-11 16:35:00,-1.7570965990979612,-0.21771084636937502,-0.41950601826437234
2023-10-11 16:40:00,-1.7441907276778843,-0.21835596988312977,-0.35313419656709966
2023-10-11 16:45:00,-1.674514792595187,-0.20874713452673582,-0.5369595966192345
2023-10-11 16:50:00,-1.6701244511598092,-0.21444527714867992,-0.4777482997308819
2023-10-11 16:55:00,-1.651607666636028,-0.2274787584860953,-0.28473341926764567
2023-10-11 17:00:00,-1.6929824422915858,-0.22548285969309334,-0.3995953728484468
2023-10-11 17:05:00,-1.7108100128874508,-0.20751755482622475,-0.6046442766180493
2023-10-11 17:10:00,-1.719103559704243,-0.20773749085526894,-0.6639630070962398
2023-10-11 17:15:00,-1.0515511995590905,-0.22066016359041576,-0.7597983302371928
2023-10-11 17:20:00,-1.066272528336829,-0.21822573354720248,-0.9163156534272356
2023-10-11 17:25:00,-1.0376647242027852,-0.22373667703460817,-0.4452996647646707
2023-10-11 17:30:00,-0.796337602409757,0.11225210882985767,-0.6520562035538751
2023-10-11 17:35:00,-0.817331677245537,-0.22641478130685705,-0.8229190427659688
2023-10-11 17:40:00,-0.8290001901419316,-0.23338499457796763,-0.8721462381073748
2023-10-11 17:45:00,-0.8512351133478406,-0.2337914928544337,-0.8905120091973319
2023-10-11 17:50:00,-0.828068239861264,-0.26779122067356503,-0.5320732366700095
2023-10-11 17:55:00,-0.8472263519669073,-0.2449485753148348,-0.6815106613210656
2023-10-11 18:00:00,-0.4124866070167613,-0.7198216860355515,-0.6280331470659504
2023-10-11 18:05:00,-0.4091339929605936,-0.25240347144979225,-0.4297987493160896
2023-10-11 18:10:00,-0.41335963171071244,-0.24222886304835883,-0.4289352749149292
2023-10-11 18:15:00,0.3430965409823093,-0.23091071030324323,-0.8223917690369982
2023-10-11 18:20:00,0.3504270507176971,-0.23255878850503456,-0.9083419006176308
2023-10-11 18:25:00,0.35413833184007026,-0.23411657153894783,-0.8480113350823364
2023-10-11 18:30:00,-0.5916542469788206,-0.21836881577690295,-0.9203181277725815
2023-10-11 18:35:00,-0.591266283686617,-0.20743954082424443,-0.9627958896926838
2023-10-11 18:40:00,-0.5804312601438971,-0.20282235018737907,-0.9804403599783892
2023-10-11 18:45:00,-0.9762314133410143,-0.20665215732598577,-0.9326020589061133
2023-10-11 18:50:00,-0.9652078092765508,-0.20075551694988705,-0.946264556583608
2023-10-11 18:55:00,-0.9628008491658738,-0.2088713487925153,-0.8719037050343025
2023-10-11 19:00:00,-1.1113679585843381,-0.7241941029785508,-0.8960972171587199
2023-10-11 19:05:00,-1.104143467154793,-0.2072543714157476,-0.9387937422305749
2023-10-11 19:10:00,-1.0900093177059396,-0.20305216225202183,-0.9271782874997526
2023-10-11 19:15:00,-1.122339872573717,-0.21028144592693984,-1.012055886169665
2023-10-11 19:20:00,-1.1430087960510464,-0.2074877358176803,-1.1281748350012901
2023-10-11 19:25:00,-1.132313687607779,-0.2058686286729093,-1.09386293558819
2023-10-11 19:30:00,-0.8687258855301062,-0.8295326731163009,-0.9892691473323103
2023-10-11 19:35:00,-0.8726562945035611,-0.2530799136248082,-0.9450422533310555
2023-10-11 19:40:00,-0.8340327654192877,-0.26292206091746895,-0.7903500268323076
2023-10-11 19:45:00,-0.6381779033638506,-0.2699036633929019,-0.7657870563157292
2023-10-11 19:50:00,-0.6429773051728126,-0.2613682934443704,-0.8075176416430639
2023-10-11 19:55:00,-0.6490187502689859,-0.2614867566501138,-0.799487297661204
2023-10-11 20:00:00,-0.635293660159696,-0.9809784100215952,-0.37877589753603497
2023-10-11 20:05:00,-0.6398477462060614,-0.25086117293961724,-0.591731897582137
2023-10-11 20:10:00,-0.6325396054895969,-0.2471727641897526,-0.7980727403238641
2023-10-11 20:15:00,-0.4879346113321632,-0.2728714454231381,-0.7037891616462209
2023-10-11 20:20:00,-0.4814571282755643,-0.2744561627443278,-0.6295262525066628
2023-10-11 20:25:00,-0.481568481793566,-0.2753555527627094,-0.5954060410059563
2023-10-11 20:30:00,-0.4646926001488191,-0.7185498881132394,-0.7250065895935869
2023-10-11 20:35:00,-0.47874779276038887,-0.25912781988759376,-0.8183242104650378
2023-10-11 20:40:00,-0.4890777078652009,-0.25169843165924416,-0.8641233723348848
2023-10-11 20:45:00,-0.19080168426578462,-0.24346120428774268,-0.9787378534314395
2023-10-11 20:50:00,-0.19248573423449275,-0.2447309867466635,-0.940837926898481
2023-10-11 20:55:00,-0.19415711065324953,-0.25289340361364043,-0.8195747072220642
2023-10-11 21:00:00,-0.23054327242179576,-0.1911758078675061,-0.794010658621093
2023-10-11 21:05:00,-0.19512465164206727,-0.2514766005260261,-0.7590894638494383
2023-10-11 21:10:00,-0.20175774359590576,-0.2321724396894631,-0.8627859203850852
2023-10-11 21:15:00,-0.07780387193509042,-0.22732010251181242,-0.9675045553860672
2023-10-11 21:20:00,-0.08731782260736161,-0.22479148694315407,-0.555965834090667
2023-10-11 21:25:00,-0.034840742187272844,-0.22680950644659972,0.1292294941583567
2023-10-11 21:30:00,0.2045557038284799,-0.37077754694303794,-0.655440095624966
2023-10-11 21:35:00,0.20461504238047334,-0.2727310798446674,-0.7613206482767843
2023-10-11 21:40:00,0.19601366213719268,-0.2638493961745902,-0.8427986726894902
2023-10-11 21:45:00,-0.23656402300777765,-0.2237693764321915,-0.8284303470135704
2023-10-11 21:50:00,-0.19628541254411952,-0.20673396263728425,0.19057793497010353
2023-10-11 21:55:00,-0.2394523289794116,-0.2314247190716121,-0.5643096650384594
2023-10-11 22:00:00,0.20052721177287705,0.14749623164544554,-0.8501433513149277
2023-10-11 22:05:00,0.20085153313022835,-0.24913980661212654,-0.8668931857733337
2023-10-11 22:10:00,0.2143652398476849,-0.23063229162899637,-0.9217906022374008
2023-10-11 22:15:00,0.46109958770431164,-0.2546168946454526,-0.7987957467659768
2023-10-11 22:20:00,0.4578479006859428,-0.27056012007625335,-0.7576896501532975
2023-10-11 22:25:00,0.505376718184181,-0.278235547433717,-0.6551095571068306
2023-10-11 22:30:00,0.6336269470070673,1.0816497013252677,-0.5969020649671815
2023-10-11 22:35:00,0.6699734326867436,-0.22450203892920875,-0.7193624825365798
2023-10-11 22:40:00,0.7860683010975675,-0.1046361877637093,-0.5125168951606567
2023-10-11 22:45:00,0.8198512526888698,-0.07724530476505953,-0.5817884024298778
2023-10-11 22:50:00,0.7573141288759668,-0.12014908680219487,-0.7571102005956636
2023-10-11 22:55:00,0.7652520796055399,-0.11561210650214918,-0.8914540664478374
2023-10-11 23:00:00,1.9944917396860238,0.88235483455257,-0.8774484793853322
2023-10-11 23:05:00,1.9714197460388432,-0.14833482881081045,-0.8787346161011488
2023-10-11 23:10:00,1.9418462301507913,-0.20829314977849986,-0.8036814751318827
2023-10-11 23:15:00,2.1473965641654718,-0.249987298629234,-0.5732141544634961
2023-10-11 23:20:00,2.1356866593398616,-0.24775665807279687,-0.5741802070541452
2023-10-11 23:25:00,2.110977464851327,-0.25516073229613584,-0.672373183499604
2023-10-11 23:30:00,1.1115014205263747,0.7128155486451808,-0.8375082828264531
2023-10-11 23:35:00,1.1039489873143902,-0.23024725668741647,-0.8325041234003231
2023-10-11 23:40:00,1.1056287390894857,-0.22742384366709423,-0.8996439325232701
2023-10-11 23:45:00,0.7487415375057528,-0.192275435747282,-0.7070880128643015
2023-10-11 23:50:00,0.8610403813689602,-0.0999649500880846,-0.18490226423598022
2023-10-11 23:55:00,0.7786831338389205,-0.1886443180474231,-0.5084721118248319
2023-10-12 00:00:00,0.6968269873153834,-0.03286084721875053,-0.5723758848765167
2023-10-12 00:15:00,0.9995522888778858,-0.17505281735444445,-0.8525225836906488
2023-10-12 00:20:00,0.9788559942973685,-0.2030145419288149,-0.9036677779412833
2023-10-12 00:25:00,0.9875703612683164,-0.1936083659088999,-0.8115661142018002
2023-10-12 00:30:00,0.9837188701371457,-0.1875981908969125,-0.8379977448447565
2023-10-12 00:40:00,0.9508593610533226,-0.19454451183513327,-0.8119405630981957
2023-10-12 00:45:00,0.6162403654686863,-0.18368660912975812,-0.4905506065395228
2023-10-12 00:50:00,0.6411483625423079,-0.1705152993306529,-0.2982356719128658
2023-10-12 00:55:00,0.6110792846651758,-0.19558468144586727,-0.6809800301770396
2023-10-12 01:00:00,0.15394690851927276,0.5297640506827228,-0.7373758398710697
2023-10-12 01:05:00,0.16410477842469784,-0.23216549371828274,-0.6243193728159819
2023-10-12 01:10:00,0.16531818536304102,-0.2130418655122398,-0.688266834470798
2023-10-12 01:15:00,0.8579343918583738,-0.18590888277744827,-0.7316799779786091
2023-10-12 01:20:00,0.8620321080858665,-0.18235357953187573,-0.9439707836208584
2023-10-12 01:25:00,0.8881705296783272,-0.16740176381796418,-0.930465233165917
2023-10-12 01:30:00,0.7257826914798563,0.8057079757747059,-0.8651820854065523
2023-10-12 01:35:00,0.7620017578207744,-0.1734240858927669,-1.0132207318438287
2023-10-12 01:40:00,0.7480781987843522,-0.16808163093801876,-0.8406692167541427
2023-10-12 01:45:00,0.6761858376790817,-0.17367854716863163,-0.976042230403627
2023-10-12 01:50:00,0.7100838446753814,-0.15805878617071978,-0.7734755357468776
2023-10-12 01:55:00,0.7168207292786185,-0.17047519949352472,-0.7227410709639568
2023-10-12 02:00:00,0.03256322090935734,1.1761920802640402,0.5596074782840045
2023-10-12 02:05:00,0.004176286204314331,-0.13006688321049265,-0.18258209608665713
2023-10-12 02:10:00,0.07167557096109169,-0.07544546974085105,-0.2498083808606271
2023-10-12 02:15:00,-0.05896288309576913,-0.05077943868445091,-0.2559382947315853
2023-10-12 02:20:00,-0.008553532881788697,0.00010302139462089481,-0.4144679144441215
2023-10-12 02:25:00,-0.0390395401435018,-0.03483776292681183,-0.4513652387457156
2023-10-12 02:30:00,0.812847751286887,2.2409516349233845,-0.5529218287554352
2023-10-12 02:35:00,0.8683930771238765,-0.036978056445557,-0.48593474699845846
2023-10-12 02:40:00,0.8773737232481389,-0.04830933792706162,-0.36940719174443337
2023-10-12 02:45:00,0.6641710874067026,-0.012480458119430656,-0.27027286741843454
2023-10-12 02:50:00,0.5947546577577172,-0.09693188532923813,-0.4049607503451622
2023-10-12 02:55:00,0.5300240402641562,-0.1545481272945724,-0.5280110204962554
2023-10-12 03:00:00,0.9872113826916592,4.672349052597662,-0.6022987532933947
2023-10-12 03:05:00,1.0027926444449868,-0.2251047619859457,-0.5281685302288617
2023-10-12 03:10:00,0.9691292971896494,-0.23727547747107758,-0.4585796950468453
2023-10-12 03:15:00,0.8573291045577195,-0.22623548506519725,-0.47775623663926153
2023-10-12 03:20:00,0.8759626178256801,-0.2163867543965158,-0.6185793738192872
2023-10-12 03:25:00,0.8692522609630869,-0.2142058841345962,-0.7506301262934909
2023-10-12 03:30:00,1.3229233189200482,2.6004217559732963,-0.7706687667211017
2023-10-12 03:35:00,1.3214671415498112,-0.2286730100596885,-0.7085304574529618
2023-10-12 03:40:00,1.318148557087604,-0.22232768960873636,-0.7996481340269026
2023-10-12 03:45:00,1.3515567735278409,-0.2136843111754889,-0.7517070320780703
2023-10-12 03:50:00,1.3740704792724472,-0.20825031354229764,-0.5863050563353849
2023-10-12 03:55:00,1.389384331910261,-0.2664858958260406,0.020108647401343955
2023-10-12 04:00:00,0.9486605019919233,2.078485933276298,-0.6954440415252684
2023-10-12 04:05:00,1.0149390075930638,-0.1456543022343321,-0.7926915328945736
2023-10-12 04:10:00,1.001642109336863,-0.1813819022931251,-0.7527380964733711
2023-10-12 04:15:00,0.8539499058784368,-0.17119399616796874,-0.7381429023862106
2023-10-12 04:20:00,0.8540433644726396,-0.15030558617210757,-0.6867648030390001
2023-10-12 04:25:00,0.843400647187189,-0.16931490089338833,-0.7784723923678786
2023-10-12 04:30:00,0.7720530017907276,2.5522708025121306,-0.16598314716099632
2023-10-12 04:35:00,0.8171333026174462,-0.029079783659644563,1.5438493755409914
2023-10-12 04:40:00,0.7977721873022401,-0.11912609149750401,-0.19763771606727326
2023-10-12 04:45:00,1.0371760906438452,-0.15512115342728497,-0.3933557296304137
2023-10-12 04:50:00,1.0389017945785768,-0.18075775082262305,-0.3846240682781814
2023-10-12 04:55:00,1.0135497616038531,-0.166973628343137,-0.46786746518807626
2023-10-12 05:00:00,0.5936287731961423,4.2545539695968335,-0.3166846770829726
2023-10-12 05:05:00,0.6102601157114063,-0.15083956619921088,-0.3813701340568075
2023-10-12 05:10:00,0.614273313300547,-0.11355151711776466,-0.5322204529136727
2023-10-12 05:15:00,0.6779456180824799,-0.1241907212412347,-0.31536938201582904
2023-10-12 05:20:00,0.7125574875923395,-0.0937148904359232,-0.1064981766476625
2023-10-12 05:25:00,0.7440671003973651,-0.029289619338947748,0.20669020470287275
2023-10-12 05:30:00,0.5473918561249198,3.2184163714769465,0.16821078157254626
2023-10-12 05:35:00,0.5758347157425716,0.006849256454671127,0.8762228644857254
2023-10-12 05:40:00,0.6838284556677031,0.10592815901161384,1.6545532489726924
2023-10-12 05:45:00,1.517739025210071,0.15726674702813143,0.9655631985105079
2023-10-12 05:50:00,1.4984803743635824,0.16778776773760265,0.9840854176567039
2023-10-12 05:55:00,1.4884062149138038,0.17260017160950317,1.3673831667999508
2023-10-12 06:00:00,1.121653982994901,6.917447356680196,2.1549327659528186
2023-10-12 06:05:00,1.1867388919682083,0.07912493262359294,2.7455067198290544
2023-10-12 06:10:00,1.201803220780946,0.07119945423914138,1.880728979366592
2023-10-12 06:15:00,1.3790561654069824,0.054533860776008684,1.9064157074361598
2023-10-12 06:20:00,1.274772608533341,-0.023461526477296695,1.653223296556245
2023-10-12 06:25:00,1.2875474123573107,0.03946268554420518,2.3147455747681915
2023-10-12 06:30:00,1.4408594646354813,8.211090831117659,2.2857950047866837
2023-10-12 06:35:00,1.4834977772110118,-0.007266952514088606,2.030717562883238
2023-10-12 06:40:00,1.447074305335579,-0.019196278860864238,2.034899853637557
2023-10-12 06:45:00,0.5184804408105816,0.023943635382986612,2.62777355501919
2023-10-12 06:50:00,0.551331878248354,0.009348995320619198,2.278872990569108
2023-10-12 06:55:00,0.5510860326114573,-6.876714767970621e-06,2.450537079988529
2023-10-12 07:00:00,1.6965207677191392,10.636279213603036,2.5420410624446093
2023-10-12 07:05:00,1.7368098787599007,-0.0032817625795276174,2.8539668608591895
2023-10-12 07:10:00,1.7728994118973724,-0.03320274676331507,2.9570419909399797
2023-10-12 07:15:00,2.4973912694563736,-0.03517597466174894,3.821754278168596
2023-10-12 07:20:00,2.540014522158552,0.012937515809671713,5.129058162319661
2023-10-12 07:25:00,2.585474383685028,0.04009323647295492,4.491663608283099
2023-10-12 07:30:00,2.282475464103609,12.295851000930467,4.251745539257964
2023-10-12 07:35:00,2.347308117875606,0.10195747283277931,5.379026513386735
2023-10-12 07:40:00,2.4414202304489523,0.10254663422658461,6.739702099941054
2023-10-12 07:45:00,2.3857964269711487,0.10182948471899236,6.209657386669059
2023-10-12 07:50:00,2.3893049774540542,0.18295649583798013,7.690584758818581
2023-10-12 07:55:00,2.423066848720471,0.17120973757932406,7.818182197582975
2023-10-12 08:00:00,1.8532675745986515,0.18176066725429915,7.911366505869849
2023-10-12 08:05:00,1.892351806648541,0.3971632924716225,10.069837280196392
2023-10-12 08:10:00,1.913079936226616,0.28274710904357003,9.312260880019613
2023-10-12 08:15:00,2.1536169707392014,0.24314742924350205,9.150365515931814
2023-10-12 08:20:00,2.168631739508084,0.22620000429941195,9.655179752119576
2023-10-12 08:25:00,2.161770595280305,0.24803390632787425,10.54572961947484
2023-10-12 08:30:00,2.3546044734375355,10.605381564693051,10.891042743433436
2023-10-12 08:35:00,2.3734844233512673,0.21304220861005171,10.119638680626347
2023-10-12 08:40:00,2.350305250340328,0.21646715834395364,9.906477835800388
2023-10-12 08:45:00,3.51849625825388,0.08608111934893117,9.516905218276715
2023-10-12 08:50:00,3.5243976928612017,0.0357399135880241,8.64166412477058
2023-10-12 08:55:00,3.5417865160799185,0.011463244104724326,8.151502333118792
2023-10-12 09:00:00,3.7007122495151847,17.621878063086875,7.403350007248742
2023-10-12 09:05:00,3.8192538124716546,-0.039959797431311415,7.054610798416012
2023-10-12 09:10:00,3.8285029254369896,-0.1178000085599405,6.436858055442423
2023-10-12 09:15:00,3.097203400544004,-0.17934657659227995,5.3737454917448835
2023-10-12 09:20:00,3.099426248177318,-0.2073603991464103,4.860252404041245
2023-10-12 09:25:00,3.09135046775593,-0.2795263747813208,3.4176377920822696
2023-10-12 09:30:00,2.2966565272678148,15.176352438412252,1.5328677543055031
2023-10-12 09:35:00,2.3409027470058046,-0.3203764009578259,0.939272501107105
2023-10-12 09:40:00,2.3328431677337655,-0.32856070913053204,0.7183793657537189
2023-10-12 09:45:00,0.795274258344951,-0.34205602206698565,0.8665780494614944
2023-10-12 09:50:00,0.8148324638444042,-0.33430025876457187,1.1438493961407572
2023-10-12 09:55:00,0.8041654176034098,-0.3340084515288197,0.662285982202551
2023-10-12 10:00:00,0.19839536545415162,5.3462521384786,0.44561145646831923
2023-10-12 10:10:00,0.2200436850520176,-0.341070909062584,0.3344317416096333
2023-10-12 10:30:00,0.05688965537635415,2.8736380305497855,-0.6006583738707532
2023-10-12 10:40:00,0.13055403420581038,-0.3527379871127954,1.393061819144244
2023-10-12 10:45:00,0.22655665750694343,-0.3655894332007768,1.432942040325198
2023-10-12 10:50:00,0.18439226096711928,-0.37077283387531235,1.2355666393648905
2023-10-12 10:55:00,0.17582534054921592,-0.3666708279061427,1.1234714806207438
2023-10-12 11:00:00,0.26076713763241754,2.128804507750929,1.371384632819085
2023-10-12 11:05:00,0.20648053702941704,-0.39232034724685666,1.2755833636404066
2023-10-12 11:10:00,0.14731190523661272,-0.4035394040301997,1.179978341885679
2023-10-12 11:15:00,-0.44131749149664073,-0.3889233051490846,1.1443078501887156
2023-10-12 11:20:00,-0.43865783963422983,-0.35330381740074135,0.5634100650729779
2023-10-12 11:25:00,-0.44505271130968743,-0.3061265126882546,0.09342268160495294
2023-10-12 11:30:00,-0.8012185208934347,2.304990830612353,0.051067884322595444
2023-10-12 11:35:00,-0.7293652192050201,-0.2840162117881148,-0.22312758318556042
2023-10-12 11:40:00,-0.7503056269105177,-0.28173854766332723,-0.4251948112519867
2023-10-12 11:45:00,-0.7141117490285493,-0.2822320055778966,-0.47069969281782975
2023-10-12 11:50:00,-0.6864401454746109,-0.2727375305411837,-0.44147302885293066
2023-10-12 11:55:00,-0.6393200934427138,-0.28509379543358077,-0.05693262314757363
2023-10-12 12:00:00,-0.29380080616053517,0.15435876959499376,-0.07787599146778006
2023-10-12 12:05:00,-0.3086272199577052,-0.30958493655060815,-0.3719256007274232
2023-10-12 12:10:00,-0.29035786391625434,-0.290702347225884,0.33772251423344196
2023-10-12 12:15:00,-0.511831849762989,-0.3195328187745694,0.1243622310090498
2023-10-12 12:25:00,-0.48922577270336604,-0.30166964152534614,-0.21367126191925143
2023-10-12 12:30:00,-0.7974222241736674,0.39217056823070684,-0.6002612665151494
2023-10-12 12:35:00,-0.7985791742897886,-0.25980996387488753,-0.6474929358124817
2023-10-12 12:40:00,-0.809979438191343,-0.26961247413381023,-0.3524143176432878
2023-10-12 12:45:00,-0.9136725775001909,-0.25445604093203456,-0.533187941985737
2023-10-12 12:50:00,-0.9035959469268158,-0.25602930323407186,-0.409550606600949
2023-10-12 12:55:00,-0.9315330796480807,-0.23786306104656194,-0.8006106118500788
2023-10-12 13:00:00,-0.6743904694828412,-0.1496479409361059,-0.8527688602476948
2023-10-12 13:05:00,-0.6630670965705191,-0.25040641971854144,-0.8650331718214799
2023-10-12 13:10:00,-0.6510926109380669,-0.24138311763635606,-1.0308154263508784
2023-10-12 13:15:00,-0.5454892551843108,-0.24159787317694736,-0.85752284512318
2023-10-12 13:20:00,-0.5498833368294137,-0.24054061483804692,-0.8655292009331993
2023-10-12 13:25:00,-0.5465925302358016,-0.22405904013177189,-1.1073557479401637
2023-10-12 13:30:00,-0.30538244053075153,-0.6639867668359507,-1.036647295527146
2023-10-12 13:35:00,-0.2971585737367931,-0.22729108353820138,-0.8475948804210626
2023-10-12 13:40:00,-0.2925515639433994,-0.23172540747912476,-0.7599140571764145
2023-10-12 13:45:00,-0.29056919120746866,-0.24637764581125876,-0.7341255782465366
2023-10-12 13:50:00,-0.27474456587242624,-0.23805194716328099,-0.7569285960041285
2023-10-12 13:55:00,-0.25703110815789226,-0.24596538376839602,-0.5631685384810418
2023-10-12 14:00:00,-0.5251714114751506,-0.773890467152882,-0.6114801113561452
2023-10-12 14:05:00,-0.5740935464882161,-0.2504090342491069,-0.6100492916818546
2023-10-12 14:10:00,-0.5714003271772237,-0.25144816642729684,-0.6439091141338914
2023-10-12 14:15:00,-0.18374989528868393,-0.2973062508488625,-0.40705430482648747
2023-10-12 14:20:00,-0.18729553988657274,-0.3083642123135277,-0.17626358499790415
2023-10-12 14:25:00,-0.15761669675295692,-0.3058488068556984,-0.2662955339423249
2023-10-12 14:30:00,-0.2693124564970308,-0.5914663100767735,-0.34287545644436024
2023-10-12 14:35:00,-0.2480082366095977,-0.27708360143690175,-0.46288998099766215
2023-10-12 14:40:00,-0.22412663008259082,-0.26458957886355633,-0.45571978833882065
2023-10-12 14:50:00,0.25621078331317376,-0.2758956353105545,-0.35785192109783465
2023-10-12 14:55:00,0.2562673274209581,-0.2707151587097262,-0.3527675905796359
2023-10-12 15:00:00,0.3760453870457696,0.4789594236893059,-0.42170320947673073
2023-10-12 15:25:00,0.034002834788365986,-0.2361862782136503,-0.5341703750377401
2023-10-12 15:30:00,0.4155661232848938,-0.25296219523660024,-0.43354107487199073
2023-10-12 15:35:00,0.3989977830139488,-0.267851671262734,-0.12584059310307077
2023-10-12 15:40:00,0.3661659575018735,-0.2832559665615978,-0.05513501049585242
2023-10-12 15:45:00,0.6301115539619045,-0.2807598203330591,-0.34524136616465945
2023-10-12 15:50:00,0.629528759508834,-0.2725587540289437,-0.22598863867677044
2023-10-12 15:55:00,0.6551279848479895,-0.26115999567390047,-0.33219052532855087
2023-10-12 16:00:00,0.11388979148313023,-0.3052303846811871,-0.4482999788404291
2023-10-12 16:05:00,0.09171653253193249,-0.24679878298867755,-0.6399533795475525
2023-10-12 16:10:00,0.10318787616082023,-0.2492361882502694,-0.5971501013578567
2023-10-12 16:15:00,0.13916735643486836,-0.25163896038389755,-0.3349146677598488
2023-10-12 16:20:00,0.1509870913719781,-0.2550949899579905,-0.3564514479013475
2023-10-12 16:25:00,0.15300844615441675,-0.2623354723859715,-0.3067406140537431
2023-10-12 16:30:00,0.10426699939342494,-0.5855181509982691,-0.3774630488062426
2023-10-12 16:35:00,0.09715725139462819,-0.26857809257047094,-0.3564541774499587
2023-10-12 16:40:00,0.09615583605142958,-0.2717140053835874,-0.349204362416863
2023-10-12 16:45:00,0.5463374179650232,-0.3015635055842996,-0.44630719130861957
2023-10-12 16:50:00,0.5460566376541078,-0.30214632130498165,-0.5470110460829901
2023-10-12 16:55:00,0.5427677372751146,-0.3086419276610698,-0.4604889167869202
2023-10-12 17:00:00,0.34928552781984007,-0.6159188938259399,-0.42183436310427486
2023-10-12 17:05:00,0.35864509203051737,-0.29658594456316567,-0.377751418169547
2023-10-12 17:10:00,0.34905506645826817,-0.30834461982110906,-0.18385305511008912
2023-10-12 17:15:00,0.15216635695802447,-0.2903089219299241,-0.0763542436184827
2023-10-12 17:20:00,0.16463010354758636,-0.313242181093249,0.012485297386505462
2023-10-12 17:25:00,0.16780606055362374,-0.32686860043715715,-0.0017638924927290396
2023-10-12 17:30:00,0.7074356613912902,-0.0633289462526653,0.13280433939813768
2023-10-12 17:35:00,0.7117616747282784,-0.34761493882355843,0.1504293688701933
2023-10-12 17:40:00,0.7185571253924607,-0.33521315959589526,-0.04095461408267907
2023-10-12 17:45:00,1.5805096257066704,-0.3119653774996394,-0.22699431053537705
2023-10-12 17:50:00,1.5538437509367133,-0.3117785668990682,-0.14901644100593003
2023-10-12 17:55:00,1.5753238731245462,-0.32294865111956117,-0.1907897861468732
2023-10-12 18:00:00,1.109195846630961,0.4849282301190048,-0.01667055955359662
2023-10-12 18:05:00,1.141862164504427,-0.32274391655594076,0.06614440473611134
2023-10-12 18:10:00,1.1169916526603219,-0.3338132067464951,-0.08207329668991734
2023-10-12 18:15:00,1.4063287132210718,-0.34133655483937453,-0.11619607866314786
2023-10-12 18:20:00,1.415245607035155,-0.340887190932473,-0.032704075273835474
2023-10-12 18:25:00,1.4202111764564416,-0.33601860559160024,-0.048157298396295754
2023-10-12 18:30:00,1.7450749306756017,0.31044533361069737,-0.07177733249842437
2023-10-12 18:35:00,1.7741224202096626,-0.3223375874289333,-0.04854432208512066
2023-10-12 18:40:00,1.751562834545398,-0.33976641930956347,0.19313677032451684
2023-10-12 18:45:00,1.3427470682209397,-0.3308205230721775,0.13526497062054235
2023-10-12 18:50:00,1.3314596115264943,-0.3438090112097357,0.2503339482909341
2023-10-12 18:55:00,1.3529848052024067,-0.35338122257566057,0.20505203186859683
2023-10-12 19:00:00,1.63253572526293,0.21548989975231828,0.1714260096040516
2023-10-12 19:05:00,1.611273804597132,-0.3777504909928516,0.26089258112564484
2023-10-12 19:10:00,1.6221774272814322,-0.3783386649864514,0.35534482054713784
2023-10-12 19:15:00,1.2588201343500252,-0.34245485863367486,0.36825669429186714
2023-10-12 19:20:00,1.2703423503185485,-0.33428995946375656,0.23335474538740333
2023-10-12 19:25:00,1.2731068377053572,-0.339635576170587,0.29447206362233874
2023-10-12 19:30:00,1.755902638491239,0.7125002689741389,0.26254575343930553
2023-10-12 19:35:00,1.7673408625640559,-0.3405581960379912,0.2854981136524723
2023-10-12 19:40:00,1.774219050437725,-0.33220443670124516,0.32327896443228565
2023-10-12 19:45:00,2.3002020079616416,-0.3519563989408284,0.2494834985639796
2023-10-12 19:50:00,2.2920032633010616,-0.3493618364598113,0.21710045227998143
2023-10-12 19:55:00,2.3029207226796826,-0.3369260262416017,0.07257668393019785
2023-10-12 20:00:00,2.4708048106916642,2.4296376541010622,0.02782600582257519
2023-10-12 20:05:00,2.490758988718084,-0.30747572771570175,0.13394559462796157
2023-10-12 20:10:00,2.4831636967734863,-0.31368561404467676,0.034914294466473296
2023-10-12 20:15:00,2.363658553564323,-0.32605582067944566,-0.025659601518401638
2023-10-12 20:20:00,2.3807708364012403,-0.3118302865050031,-0.11656771701423407
2023-10-12 20:25:00,2.3810439360344677,-0.3151501228848692,-0.18960407920561215
2023-10-12 20:30:00,2.5566583992308844,3.7828670410655416,-0.16803078716021747
2023-10-12 20:35:00,2.6029782889191484,-0.3222618765682028,-0.19649945056797263
2023-10-12 20:40:00,2.5958814172075906,-0.32293416442136685,-0.24476274021141525
2023-10-12 20:45:00,2.5076963923868667,-0.28859389092548027,-0.31599489648166346
2023-10-12 20:50:00,2.4995100404553585,-0.28626360231213593,-0.24300039151714165
2023-10-12 20:55:00,2.4615739298765567,-0.29200366020811835,-0.2582755191812098
2023-10-12 21:00:00,2.9533062353034816,2.999016623457514,-0.4124140497678911
2023-10-12 21:05:00,2.9643409984023235,-0.2653207269040792,-0.38629582058256967
2023-10-12 21:10:00,2.9608062092244154,-0.24665462813569805,-0.26035272461782466
2023-10-12 21:15:00,2.964751550893249,-0.2199605663928311,-0.33427984726436916
2023-10-12 21:20:00,2.9745073710292025,-0.22600380180853422,-0.5108253065455484
2023-10-12 21:25:00,2.950644615998563,-0.24099053000711623,-0.5065972456542991
2023-10-12 21:30:00,3.7006928098896426,0.7319634777426244,-0.48234532576130995
2023-10-12 21:35:00,3.7251248619044928,-0.24880509245415644,-0.45815163776464296
2023-10-12 21:40:00,3.7109856921609516,-0.2497525352847826,-0.5385024746469331
2023-10-12 21:45:00,4.1523154822508905,-0.22731220729014437,-0.6383649363595126
2023-10-12 21:50:00,4.182961219433279,-0.22126899204435305,-0.6898987694752826
2023-10-12 21:55:00,4.166232710564142,-0.24677087285459948,-0.48925774622258467
2023-10-12 22:00:00,4.480850940577786,0.16517919721684676,-0.4597957419599536
2023-10-12 22:05:00,4.462514883849799,-0.23045532792050022,-0.32082762213954213
2023-10-12 22:10:00,4.443743630414356,-0.23825631731730887,-0.35689539457193187
2023-10-12 22:15:00,4.473723198959749,-0.23549540495056132,-0.4999202891695574
2023-10-12 22:20:00,4.479555759896115,-0.22169397485294826,-0.5926543889276457
2023-10-12 22:25:00,4.465844142529301,-0.22359941851477977,-0.650532396991627
2023-10-12 22:30:00,3.5680159289824793,0.16958199521636697,-0.6678427674808858
2023-10-12 22:35:00,3.543190639854976,-0.21102162655176254,-0.5388415228781162
2023-10-12 22:40:00,3.546406146753765,-0.21484778509629518,-0.5531300062304589
2023-10-12 22:45:00,3.3350635499920327,-0.20448255153406605,-0.5681106512075406
2023-10-12 22:50:00,3.3195771390701685,-0.2137726598615842,-0.5044782723435041
2023-10-12 22:55:00,3.3305717703013147,-0.2122138254771758,-0.5344056825585034
2023-10-12 23:00:00,3.029933262288648,-0.20822048715210104,-0.5730928401264578
2023-10-12 23:05:00,3.037070739241565,-0.20307053963381083,-0.5805550345036455
2023-10-12 23:10:00,3.0361389887687777,-0.2051840222075285,-0.4188730490119456
2023-10-12 23:15:00,2.10425724309962,-0.21890211114183344,-0.497133513723429
2023-10-12 23:20:00,2.1011742592789164,-0.21298518623493803,-0.6269630403927082
2023-10-12 23:25:00,2.0801605501738463,-0.20980519461631256,-0.6722934894121138
2023-10-12 23:30:00,1.359654639295838,0.028403693001192595,-0.7237192874205685
2023-10-12 23:35:00,1.3684479984667146,-0.18829942465691016,-0.6336451179732491
2023-10-12 23:40:00,1.3698114691752734,-0.1828567665073791,-0.7035689148331612
2023-10-12 23:45:00,0.747537608538038,-0.18744896232259217,-0.7880057018392355
2023-10-12 23:50:00,0.7431305524919838,-0.1900522909757021,-0.7907521554002037
2023-10-12 23:55:00,0.7325782411490093,-0.20321194649816904,-0.7412370847168848
2023-10-13 00:00:00,0.6997210317084602,0.10549731294350224,-0.5459248437939617
2023-10-13 00:15:00,0.06948438242718702,-0.20347809613355863,-0.5967519166375085
2023-10-13 00:20:00,0.08994732991496307,-0.2008259143860016,-0.6024248712390327
2023-10-13 00:25:00,0.104900842415961,-0.1924767620286822,-0.7151475254823172
2023-10-13 00:30:00,-0.20602441355608503,0.4465797970477755,-0.6646257694063374
2023-10-13 00:35:00,-0.23484003771377576,-0.2119028842018439,-0.5595720164607727
2023-10-13 00:40:00,-0.23201767667719647,-0.21040161446236644,-0.5894450912495309
2023-10-13 00:45:00,-0.2854874476492144,-0.1995164057692934,-0.5542095390309175
2023-10-13 00:50:00,-0.30487148450424767,-0.21120807272608041,-0.561731367103854
2023-10-13 00:55:00,-0.3109474117541186,-0.21420558062271905,-0.5883673792875113
2023-10-13 01:00:00,-0.45798077046522767,0.6112632843355903,-0.556669327118172
2023-10-13 01:05:00,-0.4526009182751949,-0.2207917110536046,-0.5725610316672816
2023-10-13 01:10:00,-0.446738333690951,-0.21474196324745384,-0.6148777560687991
2023-10-13 01:15:00,-0.8613526053826382,-0.21146361835552596,-0.6373393348016836
2023-10-13 01:20:00,-0.8507303721779967,-0.20593844544922815,-0.6839955700435547
2023-10-13 01:25:00,-0.8656934291468651,-0.20448946076586666,-0.5864840310603409
2023-10-13 01:30:00,-1.2555282687312848,0.6082279582667569,-0.6237817518848052
2023-10-13 01:35:00,-1.2391684536598695,-0.19923079766360544,-0.7001328204800717
2023-10-13 01:40:00,-1.254693671521211,-0.20693419925379258,-0.6254083884839434
2023-10-13 01:45:00,-1.602578274196575,-0.22186192916598865,-0.5999728572595867
2023-10-13 01:50:00,-1.5888524153315529,-0.2157828696100554,-0.6764266229872821
2023-10-13 01:55:00,-1.5718657831357756,-0.21530295626537282,-0.6381521631127018
2023-10-13 02:00:00,-1.9635496444870657,0.570082032629255,-0.6444343501826603
2023-10-13 02:05:00,-1.9814128184348685,-0.21867353618100963,-0.5709762441069024
2023-10-13 02:10:00,-1.9855530240946724,-0.21527467967233835,-0.5397907276965545
2023-10-13 02:15:00,-1.9603993277471898,-0.21879267836311647,-0.5967922470183468
2023-10-13 02:20:00,-1.9641556578921788,-0.2153354059699789,-0.6136390635986062
2023-10-13 02:25:00,-1.9611562641133655,-0.21106840086147688,-0.595600998054006
2023-10-13 02:30:00,-2.232751135741248,0.5279870176131779,-0.6515110543400706
2023-10-13 02:35:00,-2.2169903772595134,-0.20534374820221518,-0.6656160391284354
2023-10-13 02:40:00,-2.2181682018589037,-0.2071238712820305,-0.5635616562729433
2023-10-13 02:45:00,-2.431389840503397,-0.2185411933876642,-0.5099205613331814
2023-10-13 02:50:00,-2.4107888647552103,-0.20800067618737206,-0.6168644465719786
2023-10-13 02:55:00,-2.4082360965555365,-0.20263794092610207,-0.5974369738113537
2023-10-13 03:00:00,-2.509998112504632,0.5679103862747131,-0.5208250015411271
2023-10-13 03:05:00,-2.4842373355720992,-0.215883559079256,-0.46737324085521414
2023-10-13 03:10:00,-2.489950262937361,-0.22974862346733968,-0.18452294806294142
2023-10-13 03:15:00,-2.488712875406136,-0.2354404461966998,-0.2889343619391416
2023-10-13 03:20:00,-2.5092631749829195,-0.24872333486835532,-0.22603510047565123
2023-10-13 03:25:00,-2.520688572041009,-0.24629682102646955,-0.2955300336972641
2023-10-13 03:30:00,-2.4106338105505403,0.850886706956802,-0.3926716110077867
2023-10-13 03:35:00,-2.4153077788508006,-0.23675003297647967,-0.4448908514800613
2023-10-13 03:40:00,-2.4056271079914238,-0.21389353747838008,-0.5786741740301571
2023-10-13 03:45:00,-2.6835633191065953,-0.19321171654550134,-0.8052573186826478
2023-10-13 03:50:00,-2.7177595094068216,-0.18611817480683396,-0.9518388555735953
2023-10-13 03:55:00,-2.7238284776667596,-0.17504994893728656,-1.1000724448741261
2023-10-13 04:00:00,-2.78053624321487,1.1456678540040344,-1.2942827971183235
2023-10-13 04:05:00,-2.776043068838785,-0.16177151468530981,-1.2997153938629809
2023-10-13 04:10:00,-2.775806766367182,-0.1523754984281755,-1.0238191161676626
2023-10-13 04:15:00,-2.556725389462014,-0.13177754632268948,-0.9642166216510024
2023-10-13 04:20:00,-2.5837880064382803,-0.14246942969550705,-1.0677847806701353
2023-10-13 04:25:00,-2.576521603424758,-0.11852168284022176,-0.8675687551715616
2023-10-13 04:30:00,-2.134428344885328,-0.6592939468218287,-0.9883458206026765
2023-10-13 04:35:00,-2.1614638915436784,-0.14783653799540267,-1.1522414619897745
2023-10-13 04:40:00,-2.171593567733102,-0.15399392349565044,-0.9259161243019626
2023-10-13 04:45:00,-2.1913255313454383,-0.1527968458634811,-0.8430301316179466
2023-10-13 04:50:00,-2.2129712444477465,-0.1632964845292715,-0.9083781947559898
2023-10-13 04:55:00,-2.208204319925689,-0.1522072573697934,-0.9850673695045308
2023-10-13 05:00:00,-1.8686602246494912,-1.0171197803974734,-1.002009209121432
2023-10-13 05:05:00,-1.8868302549545797,-0.16958183647109215,-1.1902240412384057
2023-10-13 05:10:00,-1.9150015708847654,-0.1690289928147619,-1.2396784841331872
2023-10-13 05:15:00,-1.7565051395603641,-0.16133458142596,-1.1811091178649484
2023-10-13 05:20:00,-1.7537789551539837,-0.17475197931958394,-1.2230286374291206
2023-10-13 05:25:00,-1.7641250397141988,-0.17167881379920533,-1.370442495908301
2023-10-13 05:30:00,-2.1458889519320397,-1.2805697128706468,-1.3158690360679934
2023-10-13 05:35:00,-2.1262636378962423,-0.1614161058469365,-1.0385066068290338
2023-10-13 05:40:00,-2.0894422426189063,-0.16148548208382324,-0.9801942936314463
2023-10-13 05:45:00,-1.9586841726637274,-0.18474539038496657,-1.055329799742598
2023-10-13 05:50:00,-1.9777077722758112,-0.1942026540900546,-0.8453994235660253
2023-10-13 05:55:00,-1.9769498666661904,-0.18427057081019382,-0.9597000009360106
2023-10-13 06:00:00,-2.4306198344341423,-1.4347837105044623,-1.0580949465912743
2023-10-13 06:05:00,-2.4115424971976784,-0.1490328932028562,-0.9628445577645587
2023-10-13 06:10:00,-2.4115957258593212,-0.1478808486015525,-1.0542625781844985
2023-10-13 06:15:00,-2.3013043242300006,-0.16517234022343158,-0.9570916675196833
2023-10-13 06:20:00,-2.3061165202127003,-0.17459502424871623,-0.5952103575927815
2023-10-13 06:25:00,-2.2712676912296557,-0.17648268860490637,-0.5443419334178701
2023-10-13 06:30:00,-2.1131573854642105,-0.1741626975317289,-0.8869588770879966
2023-10-13 06:35:00,-2.1440278393677166,-0.17808535706737494,-0.7695544611554093
2023-10-13 06:40:00,-2.15120210507031,-0.19849347276324322,-0.5724147434425952
2023-10-13 06:45:00,-2.0883488308066958,-0.1993926467774458,-0.6340008032789787
2023-10-13 06:50:00,-2.079792254169493,-0.1916286493659338,-0.5238310627012462
2023-10-13 06:55:00,-2.077453145119305,-0.19469174063184733,-0.4134337389977755
2023-10-13 07:00:00,-2.1149529973549708,-0.700455634493304,-0.3799007609705095
2023-10-13 07:05:00,-2.0987845970782373,-0.19943929372832653,-0.31945483165828775
2023-10-13 07:10:00,-2.106012120055616,-0.19159103507145417,-0.3080879409619307
2023-10-13 07:15:00,-2.193561980069315,-0.1879248508144109,-0.15112928519559835
2023-10-13 07:20:00,-2.179130681011229,-0.17268225663176978,-0.36205954679696695
2023-10-13 07:25:00,-2.2082177568593946,-0.17828292605037574,-0.5147753736159507
2023-10-13 07:30:00,-2.3225460002515903,-1.0402879066387436,0.6318373202319894
2023-10-13 07:35:00,-2.246269748036615,-0.2372026649175222,1.0722573925580268
2023-10-13 07:40:00,-2.2653011385542188,-0.2301946758244268,1.230471976886004
2023-10-13 07:45:00,-2.3147422619507934,-0.20145824377925534,1.0173909684776634
2023-10-13 07:50:00,-2.2970842006239285,-0.2302198267746033,1.2566741895917133
2023-10-13 07:55:00,-2.27123774536492,-0.2523301090971964,1.4763513865993318
2023-10-13 08:00:00,-0.8459761993333048,-0.48218614767291273,1.48886123943679
2023-10-13 08:05:00,-0.893462397508703,-0.32112810564402006,1.157574813374924
2023-10-13 08:10:00,-0.9079154973956088,-0.32596119906180926,1.3642982744703027
2023-10-13 08:15:00,-1.0295719267229189,-0.30291744418496463,0.7840798563960403
2023-10-13 08:20:00,-1.0809123932282738,-0.2876811294857303,0.30891050150018945
2023-10-13 08:25:00,-1.0408416905754978,-0.30277658921284445,0.6462271158109285
2023-10-13 08:30:00,-1.9007877974309544,1.9781734171161827,0.5335323262778693
2023-10-13 08:35:00,-1.835500092710337,-0.2741571463804217,1.2778700134079124
2023-10-13 08:40:00,-1.8541232138541066,-0.25489862413474534,0.7317040823239983
2023-10-13 08:45:00,-2.6958450102723868,-0.16215975719196996,0.02136275218399749
2023-10-13 08:50:00,-2.6749574809792533,-0.17959436427889724,0.6764275854588997
2023-10-13 08:55:00,-2.674605364879274,-0.19623872236616421,1.13291584092021
2023-10-13 09:00:00,-2.66880239781878,2.0480741465570214,0.6550565483121894
2023-10-13 09:05:00,-2.6991258854606386,-0.15395713625887208,-0.2102874608359709
2023-10-13 09:10:00,-2.7475646840539003,-0.1474339888585529,-0.2795959058228427
2023-10-13 09:15:00,-2.902275635456108,-0.1458714936421004,0.039091049773103126
2023-10-13 09:20:00,-2.8958982914410902,-0.1599679537046121,0.3081846912740229
2023-10-13 09:25:00,-2.90052804731762,-0.15909529171964007,0.3240115896490474
2023-10-13 09:30:00,-2.4892764896676463,1.5200386535878354,1.084092644444338
2023-10-13 09:35:00,-2.4976315628381607,-0.1918168382218862,0.7957626746782522
2023-10-13 09:40:00,-2.506197583167898,-0.1950456988101345,0.7131225421201501
2023-10-13 09:45:00,-2.629375456893046,-0.189348129972547,0.37361090507636235
2023-10-13 09:50:00,-2.6182691881649154,-0.19180365343898198,0.4725305536278641
2023-10-13 09:55:00,-2.63327968974798,-0.18406404446433486,0.4050705267509814
2023-10-13 10:00:00,-2.967191169593113,3.2435756411420953,-0.16894638163337586
2023-10-13 10:05:00,-2.9654113202103627,-0.1420075298815468,-0.19031805836764384
2023-10-13 10:10:00,-2.9995170045197304,-0.13649432098994047,-0.69036087912217
2023-10-13 10:15:00,-2.8540434764547804,-0.1602900744818456,-0.5145815038840061
2023-10-13 10:20:00,-2.839030276644876,-0.1618178153694172,-0.2314635145494551
2023-10-13 10:25:00,-2.834728583293563,-0.18270078901706338,-0.2453899230322988
2023-10-13 10:30:00,-2.988448362221385,1.4502792127601714,-0.204386286063608
2023-10-13 10:35:00,-3.0134985384588977,-0.17695748020155566,-0.21184569789375607
2023-10-13 10:40:00,-3.000291732373502,-0.1786833399709431,0.072669243035469
2023-10-13 10:45:00,-3.073305849755794,-0.18254988766964017,0.23696069834725894
2023-10-13 10:50:00,-3.071277878557569,-0.18759405053906153,0.21857634951867205
2023-10-13 10:55:00,-3.0781791492829687,-0.17766943788626702,0.17207789531550502
2023-10-13 11:00:00,-2.414326808275556,0.8557914293616586,-0.08688431196215629
2023-10-13 11:05:00,-2.4218370996982084,-0.18457338239524498,-0.24084578149303904
2023-10-13 11:10:00,-2.4518194643049482,-0.1901219285377464,-0.28104488856584453
2023-10-13 11:15:00,-2.93375658989621,-0.16104350240452653,-0.2827944275005685
2023-10-13 11:20:00,-2.911581176617026,-0.17378263593057833,-0.06958213017255986
2023-10-13 11:25:00,-2.9426924035676234,-0.18934462105807529,-0.10138945370184953
2023-10-13 11:30:00,-3.1007621816623034,1.1564671298548699,-0.06806121488680678
2023-10-13 11:35:00,-3.0739799254493856,-0.16541320141558385,0.219803122463045
2023-10-13 11:40:00,-3.039162698368687,-0.17799310516642458,0.13254672205909437
2023-10-13 11:45:00,-2.8112864506863966,-0.2111351716455794,0.034386248991340136
2023-10-13 11:50:00,-2.814185981986286,-0.19017099724320188,-0.05521158009545957
2023-10-13 11:55:00,-2.8339047116427474,-0.18441319624070793,-0.21591374863735208
2023-10-13 12:00:00,-2.6752084875174393,0.6315737236632558,-0.3921922322195072
2023-10-13 12:05:00,-2.6808099915875285,-0.18888012127592244,-0.5484477576902815
2023-10-13 12:10:00,-2.7008616347066003,-0.19815383579791512,-0.3626820850952069
2023-10-13 12:15:00,-3.045553298543622,-0.18651389288118111,-0.4535650855348978
2023-10-13 12:20:00,-3.037709132968685,-0.16685720914845323,-0.7007349762226378
2023-10-13 12:25:00,-3.0383733647001283,-0.17391437561548645,-0.6501560443316465
2023-10-13 12:30:00,-2.137100029050494,0.043414044821780684,-0.8242018927478345
2023-10-13 12:35:00,-2.1286524060475123,-0.17154299832900374,-0.9283279448727456
2023-10-13 12:40:00,-2.120030102341613,-0.1839360785438399,-0.8325010193745411
2023-10-13 12:45:00,-2.0945221618625234,-0.1948732372645236,-0.7697992565979357
2023-10-13 12:50:00,-2.1113738271789613,-0.20121357963035194,-0.7729246224879026
2023-10-13 12:55:00,-2.1080974205812315,-0.20344126518662617,-0.7270754610810147
2023-10-13 13:00:00,-2.0399803686859532,-0.546067747239233,-0.681397919082598
2023-10-13 13:05:00,-2.0173775960975875,-0.21077260000843068,-0.6619598671195466
2023-10-13 13:10:00,-2.0319146645812904,-0.21600667109407867,-0.5500499254424494
2023-10-13 13:15:00,-1.9634674216520442,-0.21494945813344324,-0.5130191417750223
2023-10-13 13:20:00,-1.941223357691415,-0.19239495429737005,-0.7350533326225667
2023-10-13 13:25:00,-1.9591094289413795,-0.2017259835360411,-0.6734410623766969
2023-10-13 13:30:00,-1.687669073119873,0.6221987985952064,-0.46617276333197577
2023-10-13 13:35:00,-1.693623874346317,-0.23434369612558986,-0.5395755558669129
2023-10-13 13:40:00,-1.6803323220095028,-0.23389937454047152,-0.5552590497994769
2023-10-13 13:45:00,-1.4290561990402368,-0.22100892409444597,-0.6072948315119162
2023-10-13 13:50:00,-1.4145197432416123,-0.20009494987698426,-0.6905661548111872
2023-10-13 13:55:00,-1.4362427944429093,-0.21352070951423965,-0.45781608982241784
2023-10-13 14:00:00,-0.8874330067795074,-0.2109262089886756,-0.5154924387067412
2023-10-13 14:05:00,-0.8835979223350344,-0.22018953230696078,-0.380248513149381
2023-10-13 14:10:00,-0.8928744544454599,-0.22507750243438315,-0.3856549524590137
2023-10-13 14:15:00,-1.5077958938986527,-0.2250704753571991,-0.5870550235889821
2023-10-13 14:20:00,-1.5158865112342703,-0.20616868447527092,-0.5345341542216244
2023-10-13 14:25:00,-1.5081058010975104,-0.21530229306747892,-0.6849328631323086
2023-10-13 14:30:00,-1.8362305905104528,0.3447439935505662,-0.6666601039220368
2023-10-13 14:35:00,-1.8386214423880125,-0.21986692556552218,-0.5641868758390175
2023-10-13 14:40:00,-1.8098490509981027,-0.20901049629014512,-0.6491932495634003
2023-10-13 14:45:00,-1.6817640201167834,-0.2037770989401099,-0.6350315278441696
2023-10-13 14:50:00,-1.6862712504380684,-0.20255903983697474,-0.6712930527566475
2023-10-13 14:55:00,-1.6843756769274967,-0.20259528699287627,-0.6337146522675521
2023-10-13 15:00:00,-1.0637800835328914,0.20518691878966988,-0.5374971082243937
2023-10-13 15:05:00,-1.054500728263567,-0.2456316232534763,-0.5213474489983484
2023-10-13 15:10:00,-1.0344433672655007,-0.25133181585401637,-0.3116033676867055
2023-10-13 15:15:00,-0.6952839947051266,-0.28191040621023145,-0.3871857445855296
2023-10-13 15:20:00,-0.6797852108306875,-0.2682788041011598,-0.5492476627277033
2023-10-13 15:25:00,-0.6966285747390815,-0.2705182846604179,-0.5188179342812724
2023-10-13 15:30:00,-0.023576312180426464,-0.589244410685407,-0.46109307973232816
2023-10-13 15:35:00,-0.05525522142179613,-0.29073831500245395,-0.665340276268115
2023-10-13 15:40:00,-0.06518727319231019,-0.2961009088833311,-0.5791858873870335
2023-10-13 15:45:00,0.06221639541289015,-0.29424203357329864,-0.3021003610702848
2023-10-13 15:50:00,0.05483546679065631,-0.28218181238366236,-0.35715109056809624
2023-10-13 15:55:00,0.004628312024282531,-0.2731681249913945,-0.6668210120009265
2023-10-13 16:00:00,0.04020250165941054,0.16159580299084184,-0.6638279749143379
2023-10-13 16:05:00,0.06199195153897056,-0.25973776786068403,-0.6005861387939798
2023-10-13 16:10:00,0.06700835782369119,-0.2735397222459735,-0.5864443076763987
2023-10-13 16:15:00,-0.1378638572880003,-0.27460215429716334,-0.4926781294700566
2023-10-13 16:20:00,-0.13876288756239116,-0.26607229929113896,-0.5792665728936212
2023-10-13 16:25:00,-0.14762033051009354,-0.27771234383787985,-0.6199427013632941
2023-10-13 16:30:00,-0.36315904528308857,-0.23677318381997892,-0.5709648134788657
2023-10-13 16:35:00,-0.3379816447512637,-0.24623446896157627,-0.7920852387411936
2023-10-13 16:40:00,-0.3174593449452633,-0.2573688042519852,-0.7363647390215697
2023-10-13 16:45:00,-0.1989540481773095,-0.2606434161368767,-0.8316769683734851
2023-10-13 16:50:00,-0.1992706532538737,-0.2581943283515071,-0.80673528416647
2023-10-13 16:55:00,-0.21841352692213511,-0.2734448406988468,-0.7067499076772507
2023-10-13 17:00:00,0.3967737435933869,-0.7331933728467179,-0.6941126929346939
2023-10-13 17:05:00,0.40217562051014305,-0.2891449388538724,-0.7851621262774601
2023-10-13 17:10:00,0.38868469521423643,-0.29479741146001237,-0.6591115520001148
2023-10-13 17:15:00,-0.06322103800148933,-0.26398521796180147,-0.607683761724206
2023-10-13 17:20:00,-0.07988860249662774,-0.2516059351457632,-0.6433706524228526
2023-10-13 17:25:00,-0.058143987179765204,-0.2651902674115534,-0.6684748225520035
2023-10-13 17:30:00,0.09536704225400973,0.048644770777721585,-0.5719659746169659
2023-10-13 17:35:00,0.07339009209107283,-0.2697983548096741,-0.5233480065486256
2023-10-13 17:40:00,0.10355859819394954,-0.27022807842344304,-0.3484052896649135
2023-10-13 17:45:00,-0.016511349673217473,-0.2605054070676266,-0.6229615859872658
2023-10-13 17:50:00,-0.011552620004588284,-0.25067728728598504,-0.5719300686136344
2023-10-13 17:55:00,-0.014365446509240569,-0.255463468453247,-0.5774874700794785
2023-10-13 18:00:00,-0.05842260803620402,-0.1651511119516227,-0.8492065109376156
2023-10-13 18:05:00,-0.09576025202845322,-0.259719547747445,-0.7935678643681507
2023-10-13 18:10:00,-0.08237639326355538,-0.2505863737908983,-0.7734739439069492
2023-10-13 18:15:00,-0.28786128078393874,-0.2528165991148507,-0.3180748478498137
2023-10-13 18:20:00,-0.270122458481304,-0.2603647601211705,-0.2771375176513312
2023-10-13 18:25:00,-0.2721392234074983,-0.2521683749374344,-0.573976783149933
2023-10-13 18:30:00,0.24109597479462486,-0.8629028063103634,-0.5968551788076188
2023-10-13 18:35:00,0.25862951464274786,-0.2685911996119868,-0.7101379320113107
2023-10-13 18:40:00,0.24214612634939642,-0.26123337323504314,-0.7678415741077801
2023-10-13 18:45:00,0.0038157084714700814,-0.24086361031043738,-0.7877025375013029
2023-10-13 18:50:00,-0.017936401794099315,-0.24657593338679512,-0.7106377505166968
2023-10-13 18:55:00,-0.012601581774210833,-0.2459913937997805,-0.7809230496630941
2023-10-13 19:00:00,-0.21992788065293822,-0.6994791862488746,-0.9579108599180907
2023-10-13 19:05:00,-0.24334556229688714,-0.22984390517002773,-1.0446369478372806
2023-10-13 19:10:00,-0.24880371007887095,-0.23123618393458276,-1.0783541778628951
2023-10-13 19:15:00,-0.10630944109846917,-0.22959586336599416,-1.0042822734966224
2023-10-13 19:20:00,-0.0741410514377131,-0.21286842198775513,-0.8626058880674549
2023-10-13 19:25:00,-0.06479573163471412,-0.1949748327386309,-0.8108582169437092
2023-10-13 19:30:00,-0.08392386940839944,-0.8490999606771324,-0.6754673990924098
2023-10-13 19:35:00,-0.1261447461624024,-0.20736032770082155,-0.723483957767416
2023-10-13 19:40:00,-0.12180499110653797,-0.21028287793928943,-0.7150911013312151
2023-10-13 19:45:00,-0.3068060197070635,-0.21596424166737663,-0.7614863238407231
2023-10-13 19:50:00,-0.3046625865251384,-0.21657621262481774,-0.637586835045871
2023-10-13 19:55:00,-0.286770650306567,-0.22476827654588472,-0.5971254339300233
2023-10-13 20:00:00,-0.24683032808505526,-0.3862405009877922,-0.7073858719159413
2023-10-13 20:05:00,-0.301063153337737,-0.21010484394250395,-0.8730988517845543
2023-10-13 20:10:00,-0.25029541598525934,-0.20364614033634698,-0.8363692794766944
2023-10-13 20:15:00,-0.16630662023430126,-0.23881769860330068,-0.5886892448631623
2023-10-13 20:20:00,-0.1706198002855132,-0.2409189634001323,-0.6227811228946764
2023-10-13 20:25:00,-0.16121342264372693,-0.21857781060062667,-0.8559798821845097
2023-10-13 20:30:00,-0.547244454352975,-0.05260627505713203,-0.9546929544012893
2023-10-13 20:35:00,-0.5690358383845107,-0.22758335632666601,-0.8401528248737111
2023-10-13 20:40:00,-0.5663501587265617,-0.22887118075645474,-0.8958844978445242
2023-10-13 20:45:00,-0.6224354804757509,-0.20068756924111014,-1.0054719663782041
2023-10-13 20:50:00,-0.6475209744749759,-0.199095537166854,-0.9437961229711903
2023-10-13 20:55:00,-0.6388323005352784,-0.19160733307423056,-0.9334129538491164
2023-10-13 21:00:00,-0.20573607135732963,-0.2092027610444676,-1.0808486518281595
2023-10-13 21:05:00,-0.22320521732140236,-0.21093093341031585,-1.2156548351908962
2023-10-13 21:10:00,-0.2387262553476873,-0.21538961898750003,-1.1434627876943606
2023-10-13 21:15:00,-0.3926148613670052,-0.19828112428453212,-1.1887648409880072
2023-10-13 21:20:00,-0.37767887344652196,-0.18511888358146159,-1.3710455195071127
2023-10-13 21:25:00,-0.4149904145585834,-0.20577402406313783,-1.333156650878621
2023-10-13 21:30:00,-0.4461786745498862,-0.19627339896328894,-1.3178841116537714
2023-10-13 21:35:00,-0.43439920897794276,-0.19552362960302136,-1.278127567963077
2023-10-13 21:40:00,-0.45254513407274216,-0.18506207236583383,-1.305338383587857
2023-10-13 21:45:00,-0.6139810324564527,-0.1556866276765169,-1.449123657554099
2023-10-13 21:50:00,-0.6159484524967991,-0.16661279082565397,-1.3371496279786497
2023-10-13 21:55:00,-0.6153634250453225,-0.17661596031489518,-1.235327712179739
2023-10-13 22:00:00,-0.18778434847681807,-0.7237216674290082,-1.3902114774674457
2023-10-13 22:05:00,-0.21464299218798452,-0.20864407861913817,-1.2841719048298046
2023-10-13 22:10:00,-0.20533489912878675,-0.19989213794978702,-1.1647257536106588
2023-10-13 22:15:00,-0.5173230904158663,-0.17218268282747917,-0.9616645384107456
2023-10-13 22:20:00,-0.5094439481586264,-0.16690421536060387,-1.0682411990725549
2023-10-13 22:25:00,-0.5025728333242396,-0.17023425945493126,-1.0683652174104201
2023-10-13 22:30:00,-0.5253127837793651,-0.08514179006727263,-1.116881643324094
2023-10-13 22:35:00,-0.5184843834701468,-0.18764959564372635,-0.8844899617177261
2023-10-13 22:40:00,-0.49327209807921185,-0.18471698762768377,-0.8395656671937827
2023-10-13 22:45:00,-0.41848222428313575,-0.18566903803674076,-0.8541601785202028
2023-10-13 22:50:00,-0.4368324938087794,-0.19259382681457105,-0.8914343168618408
2023-10-13 22:55:00,-0.4380212565847254,-0.1890281198240649,-0.9582663883200282
2023-10-13 23:00:00,-0.3232566414015849,-0.6653989231894027,-1.0252766433549194
2023-10-13 23:05:00,-0.35039026244485033,-0.2137138449655544,-0.9411499148359977
2023-10-13 23:10:00,-0.35476782490188674,-0.2195755550835784,-0.8858539451438684
2023-10-13 23:15:00,-0.5726833121339099,-0.19663144895645468,-0.6765761565853199
2023-10-13 23:20:00,-0.5802778105202343,-0.21341971853121264,-0.5829271474102464
2023-10-13 23:25:00,-0.5724597764429209,-0.23709689517739863,-0.5163638331713551
2023-10-13 23:30:00,-0.4726493468243708,-0.6462222864222416,-0.5736015558008732
2023-10-13 23:35:00,-0.4669839032356359,-0.23819721257489074,-0.27747295027399665
2023-10-13 23:40:00,-0.4580788182470849,-0.2564599101547577,-0.01872245442486584
2023-10-13 23:45:00,-0.33397197050471206,-0.2397898761710643,-0.627180113698747
2023-10-13 23:50:00,-0.34779398557897717,-0.22267158261688194,-0.8409086135608664
2023-10-13 23:55:00,-0.36632099209857033,-0.21022519695841446,-1.011369754780778
2023-10-14 00:00:00,-0.37357161688503093,-0.3003570927976692,-0.6175156990018592
2023-10-14 00:15:00,-0.21952426545080853,-0.2137647848123656,-0.927452229251176
2023-10-14 00:20:00,-0.2427730104592314,-0.21959849516987578,-0.9460026555745075
2023-10-14 00:25:00,-0.2434373974135851,-0.2118133977291719,-0.9701700757448296
2023-10-14 00:30:00,-0.5914942140934877,-0.2691623228758776,-0.2967385020818427
2023-10-14 00:35:00,-0.5599026483722906,-0.2896468450350373,1.090454334794161
2023-10-14 00:40:00,-0.5275283507789683,-0.3110940860922511,1.3768942718501729
2023-10-14 00:45:00,-1.1272725225814395,-0.22829848164474428,-0.01864737145267583
2023-10-14 00:50:00,-1.1562528743678362,-0.19143200968522747,-0.5692757702741686
2023-10-14 00:55:00,-1.1587496805879782,-0.2003317790599812,-0.45514097813002585
2023-10-14 01:00:00,-0.7272094264714459,-0.47910041289916344,-0.5311702491681379
2023-10-14 01:05:00,-0.6690081472967513,-0.2714153327975399,0.7331200586400857
2023-10-14 01:10:00,-0.7187654129066744,-0.2425332950701809,-0.004035096787660301
2023-10-14 01:15:00,-0.6344091878059974,-0.2421573309241131,-0.051129559872945256
2023-10-14 01:20:00,-0.6686199604609105,-0.24952460162936907,-0.10031864001618411
2023-10-14 01:25:00,-0.6511362821683532,-0.2453615287262473,-0.10789552719010483
2023-10-14 01:30:00,-0.8311881694735868,-0.4052571260612883,-0.24805435153255884
2023-10-14 01:35:00,-0.849562117317704,-0.22216107666012336,-0.4839711388186819
2023-10-14 01:40:00,-0.8663442299373844,-0.2115905257025738,-0.6873062327711892
2023-10-14 01:45:00,-1.0138835474735008,-0.2156788585785766,-0.5136764125918976
2023-10-14 01:50:00,-1.0197544738006448,-0.20641443674292412,-0.6196165008626463
2023-10-14 01:55:00,-1.0138901824261413,-0.20267411840448227,-0.6970593422985962
2023-10-14 02:00:00,-0.9943033079727872,-0.07782589855696759,-0.975878618312505
2023-10-14 02:05:00,-0.9952858464727895,-0.19432818894197076,-0.8877232703714918
2023-10-14 02:10:00,-1.0084362546608299,-0.2055303594022116,-0.7295635691478631
2023-10-14 02:15:00,-1.0523414072438093,-0.2170525664650782,-0.6586138617206504
2023-10-14 02:20:00,-1.0212802946089674,-0.21884760676371356,-0.6678840039844148
2023-10-14 02:25:00,-1.0435860682088112,-0.23740651733913518,-0.5975435041835139
2023-10-14 02:30:00,-1.182270186985393,-0.23118428576853042,-0.33665213369365027
2023-10-14 02:35:00,-1.1759782837126498,-0.2303893160567312,-0.3686805310876369
2023-10-14 02:40:00,-1.2421271123778785,-0.20011397666136221,-0.9755655717648672
2023-10-14 02:45:00,-0.9369317310683696,-0.19545470837750123,-1.2295463202223893
2023-10-14 02:50:00,-0.9493577659012761,-0.19434525154256976,-1.2279564730742443
2023-10-14 02:55:00,-0.9654785454423032,-0.18536351189901995,-1.2917860226612796
2023-10-14 03:00:00,-0.7965568639135748,-0.2418998462314054,-1.378844129187891
2023-10-14 03:05:00,-0.7933140302764616,-0.19395125144953265,-1.0818081931027408
2023-10-14 03:10:00,-0.7638260701310093,-0.20443393986056058,-0.798323138766653
2023-10-14 03:15:00,-0.4760082541571415,-0.20701888329025023,-0.9554404275504645
2023-10-14 03:20:00,-0.4820073013427077,-0.20066691069505044,-1.0544864354315757
2023-10-14 03:25:00,-0.4877553211682487,-0.22078888109212982,-0.8952998204986257
2023-10-14 03:30:00,-0.9459434598645352,-0.6509462597404495,-0.3130448438012632
2023-10-14 03:35:00,-0.9183771719198645,-0.23090193932618897,-0.21894072164481151
2023-10-14 03:40:00,-0.973465782736103,-0.22017827168074036,-0.6795987418464984
2023-10-14 03:45:00,-0.8703431669655379,-0.21146323929335104,-1.1680079382448953
2023-10-14 03:50:00,-0.8710041422598502,-0.19897853314859693,-1.394399823780599
2023-10-14 03:55:00,-0.8894950382195467,-0.2012009171736148,-1.3906920082756309
2023-10-14 04:00:00,-0.7940808335414633,-0.38144054472643013,-1.2078567115507644
2023-10-14 04:05:00,-0.7946556607378108,-0.1937747681543244,-1.0786765417420472
2023-10-14 04:10:00,-0.7697847320246514,-0.1724878308104118,-1.2461585461251405
2023-10-14 04:15:00,-1.1211665698263187,-0.18728400673161677,-0.5570812242576569
2023-10-14 04:20:00,-0.8273606830955024,-0.33862814472252595,4.083293379932795
2023-10-14 04:25:00,-0.8566046687844706,-0.3562561396673941,4.552171434319916
2023-10-14 04:30:00,-1.170441591002812,-0.8765713083237231,2.691316907492727
2023-10-14 04:35:00,-1.3270495914982536,-0.22016840524797637,-0.1473701704069257
2023-10-14 04:40:00,-1.3513880765399982,-0.19041601891096865,-0.6950496909888173
2023-10-14 04:45:00,-0.7965980877390556,-0.2011586515708114,-0.8542565703350862
2023-10-14 04:50:00,-0.82006789772629,-0.2086514518826038,-0.8442895471149598
2023-10-14 04:55:00,-0.8096040585514138,-0.21567113273097482,-0.7478575638380899
2023-10-14 05:00:00,-1.2135577847283097,-0.20157747115505947,-0.8461013888042537
2023-10-14 05:05:00,-1.1997691505586892,-0.18117209471716075,-1.0286876286999647
2023-10-14 05:10:00,-1.2112652150977092,-0.1917070813398871,-0.9152783646004401
2023-10-14 05:15:00,-1.9582100645469995,-0.17262604538721335,-0.8935685582044817
2023-10-14 05:20:00,-1.9509187211895644,-0.1636391604889203,-1.0276695637195
2023-10-14 05:25:00,-1.982016055160924,-0.1726522271269219,-0.9749820097301668
2023-10-14 05:30:00,-2.0703936887496304,-0.2092299033560281,-1.1544596970664969
2023-10-14 05:35:00,-2.087147255609424,-0.1614773057285114,-1.3066277174937164
2023-10-14 05:40:00,-2.103232618682214,-0.16270837533867316,-1.3424536343123648
2023-10-14 05:45:00,-2.3168668598533158,-0.13429014233649175,-1.3567307668360236
2023-10-14 05:50:00,-2.328931317729446,-0.12211626679045785,-1.4210252190755925
2023-10-14 05:55:00,-2.322605438395555,-0.1008616749238668,-1.5500950703269198
2023-10-14 06:00:00,-2.0623295580503385,-0.847639512991574,-1.5715170346944942
2023-10-14 06:05:00,-2.0802936736406803,-0.15405985365201022,-1.4768190909207677
2023-10-14 06:10:00,-2.0629386044710283,-0.17625913911280403,-1.2664557801816347
2023-10-14 06:15:00,-2.1860938792771165,-0.16469681440650893,-1.021293187611426
2023-10-14 06:20:00,-2.217064061852659,-0.15607712034816518,-1.0828294969459982
2023-10-14 06:25:00,-2.222612550626382,-0.14820231343470108,-1.2691269749986187
2023-10-14 06:30:00,-2.654393080583952,-1.2264162619789023,-1.2320478879849024
2023-10-14 06:35:00,-2.6426098043304416,-0.1299561481943054,-1.287751845675581
2023-10-14 06:40:00,-2.6411259824892364,-0.12165315360394723,-1.394267897098497
2023-10-14 06:45:00,-2.8834748113938544,-0.12323122237431625,-1.2789394878288591
2023-10-14 06:50:00,-2.866687872275241,-0.1305550865359313,-1.1117511293572173
2023-10-14 06:55:00,-2.8731758269829957,-0.13171374004783942,-1.151738072474882
2023-10-14 07:00:00,-2.4771184882617963,-0.8378242162446886,-0.9263658036022647
2023-10-14 07:05:00,-2.4417202153679396,-0.194716199141347,0.12492543749368687
2023-10-14 07:10:00,-2.3876301738854107,-0.22739646249446244,0.98635849881431
2023-10-14 07:15:00,-2.3284836322566416,-0.20616844760482975,-0.2977460566095618
2023-10-14 07:20:00,-2.3669674850064393,-0.1908426629864854,-0.8131581609687044
2023-10-14 07:25:00,-2.383163555487297,-0.17602878669255806,-1.044023164662404
2023-10-14 07:30:00,-2.2441874842288874,-0.6548932359330742,-0.8676505541769676
2023-10-14 07:35:00,-2.2449606506191584,-0.15079243188652677,-0.8222269708389982
2023-10-14 07:40:00,-2.2397699904724004,-0.1707655650932746,-0.7807640355520639
2023-10-14 07:45:00,-2.223715820949646,-0.1709422863842817,-0.9044834918532001
2023-10-14 07:50:00,-2.253864185149313,-0.15815649850870353,-0.9858219399157121
2023-10-14 07:55:00,-2.2418493659579104,-0.14735378515293082,-0.9740610787107282
2023-10-14 08:00:00,-2.345163188222508,-0.6821944321027783,-1.0548852218112836
2023-10-14 08:05:00,-2.3241080340336677,-0.13669004860016806,-1.0653531727168117
2023-10-14 08:10:00,-2.32850772489299,-0.1439238405660626,-0.9776933292126485
2023-10-14 08:15:00,-2.450920868563042,-0.13227459976035208,-0.8523338523789544
2023-10-14 08:20:00,-2.446237252969508,-0.12207358606055856,-0.9066692365904098
2023-10-14 08:25:00,-2.4575103958838445,-0.11670361807258371,-1.131905225152096
2023-10-14 08:30:00,-2.36010765331615,0.26954551701551716,-0.9723263593889396
2023-10-14 08:35:00,-2.34393407986695,-0.15298063996646952,-0.690195196382754
2023-10-14 08:40:00,-2.341830513324022,-0.157518609390377,-0.6060237696618205
2023-10-14 08:45:00,-2.441257219035998,-0.1656259245899388,-0.43231163469632533
2023-10-14 08:50:00,-2.459800599325711,-0.17939780191558105,-0.28505952932927275
2023-10-14 08:55:00,-2.4370273467308037,-0.16147187245603742,-0.35158648933399206
2023-10-14 09:00:00,-2.1769553471632164,0.13084753344840522,-0.0742850640127604
2023-10-14 09:05:00,-2.1684423069992826,-0.17484539172315958,-0.13134348193662337
2023-10-14 09:10:00,-2.173226765633497,-0.18562711206631838,-0.24752957111767848
2023-10-14 09:15:00,-2.0562310482560813,-0.1928911771258939,-0.4005194278270816
2023-10-14 09:20:00,-2.0780635568879493,-0.17195186650812075,-0.3934395933170986
2023-10-14 09:25:00,-2.0855815261815236,-0.15659882756278795,-0.5020011924009161
2023-10-14 09:30:00,-1.779552464084862,-0.052950561544739934,-0.6750392748907668
2023-10-14 09:35:00,-1.7774933751226405,-0.17872522162821042,-0.814609954426825
2023-10-14 09:40:00,-1.8151863545045719,-0.1968664958174135,-0.6399195283697934
2023-10-14 09:45:00,-1.9713550096557788,-0.2087252100999954,-0.39657313809700495
2023-10-14 09:50:00,-1.9739913350628775,-0.21051169800332392,-0.3809700946399106
2023-10-14 09:55:00,-2.00851016734302,-0.22117195129583972,-0.008153673243347261
2023-10-14 10:00:00,-1.6927164845878888,-0.2264618303034624,0.09465358569367836
2023-10-14 10:05:00,-1.700783192263322,-0.22371753007174905,0.024464201784955692
2023-10-14 10:10:00,-1.7283033071221294,-0.2549034603780144,-0.12766716995674088
2023-10-14 10:15:00,-1.740881109913509,-0.24315472223414644,-0.1926498739061498
2023-10-14 10:20:00,-1.7595238435646239,-0.26436971730055814,-0.05914889417226713
2023-10-14 10:25:00,-1.777948168807424,-0.3046071477275894,0.6436531786330287
2023-10-14 10:30:00,-1.5195197147540234,0.0498870275630767,0.21769029339543355
2023-10-14 10:35:00,-1.5426495755286327,-0.29468179120603877,0.039512975960724325
2023-10-14 10:40:00,-1.6873182795962172,-0.4147773770053722,1.5537437072981393
2023-10-14 10:45:00,-1.5568045732425482,-0.365451139986079,0.8199309273221844
2023-10-14 10:50:00,-1.5171323023085372,-0.2966346853261776,0.07214798101799248
2023-10-14 10:55:00,-1.517856376905404,-0.30281825820587677,0.3310213185373481
2023-10-14 11:00:00,-1.5069278513721418,0.030596967206965846,0.9421300409918113
2023-10-14 11:05:00,-1.507740022376977,-0.32283234645092634,0.5758008457365064
2023-10-14 11:10:00,-1.4930199060507232,-0.29171502540532396,0.04357677324984818
2023-10-14 11:15:00,-1.8612454270704626,-0.2571374701919704,-0.14562027743403233
2023-10-14 11:20:00,-1.8411844927001368,-0.2516265037558472,-0.1660894762215344
2023-10-14 11:25:00,-1.8326665403297184,-0.24648984423322856,-0.15778999831826906
2023-10-14 11:30:00,-1.7169312813835167,0.07270335712460531,-0.11640080326730429
2023-10-14 11:35:00,-1.7258129901729145,-0.2739565857815175,0.04907263749243853
2023-10-14 11:40:00,-1.7370856462488942,-0.2943360410027693,0.3124872766661919
2023-10-14 11:45:00,-1.864806304730882,-0.2936805404642295,0.12182260652506052
2023-10-14 11:50:00,-1.8483037251771022,-0.2674557941323229,-0.16761792299166925
2023-10-14 11:55:00,-1.8389785532189626,-0.25017671873624125,-0.31455802171631003
2023-10-14 12:00:00,-2.159300139630385,0.6407010164758357,-0.22193304227811686
2023-10-14 12:05:00,-2.149044295869476,-0.23793086886756654,-0.37130607902762675
2023-10-14 12:10:00,-2.1573274040610717,-0.2313592940091887,-0.4985796243261832
2023-10-14 12:15:00,-2.3234165615917153,-0.20723627716234383,-0.41141479782945223
2023-10-14 12:20:00,-2.369811311500417,-0.23221940166901195,-0.6174758734075436
2023-10-14 12:25:00,-2.36734423960977,-0.25163467528949157,-0.42035404577641977
2023-10-14 12:30:00,-1.9931264638723758,-0.23677599037222236,-0.5928801467030643
2023-10-14 12:35:00,-1.991329126442471,-0.2391666967591189,-0.5720464052237832
2023-10-14 12:40:00,-1.9774849303260662,-0.25359853559308754,-0.4124252661435994
2023-10-14 12:45:00,-1.6544770599224659,-0.26509322273685315,-0.5506421789302988
2023-10-14 12:50:00,-1.6571961125091477,-0.258444428236428,-0.6152570599080464
2023-10-14 12:55:00,-1.6322219110510179,-0.24608396175593342,-0.8147064679731207
2023-10-14 13:00:00,-1.5896605029003292,0.235082613560304,-0.8734203699337418
2023-10-14 13:05:00,-1.6012343743717299,-0.22872654478096757,-0.8301823397879583
2023-10-14 13:10:00,-1.6120425852830016,-0.2384780326433532,-0.8307617324335076
2023-10-14 13:15:00,-2.094996240511526,-0.1905942158885932,-0.7615144391582267
2023-10-14 13:20:00,-2.1142298481088266,-0.20723693126614418,-0.9889520899358519
2023-10-14 13:25:00,-2.0990339354787424,-0.1881293064212697,-1.1907523591101499
2023-10-14 13:30:00,-2.40152969287269,-0.3265151229792168,-1.2361777362116877
2023-10-14 13:35:00,-2.4077639257670556,-0.18802235169358222,-1.2362332048856033
2023-10-14 13:40:00,-2.388892084992656,-0.1888776879849812,-1.126778146428282
2023-10-14 13:45:00,-2.6682897828770296,-0.19059457677393518,-1.0387553793433446
2023-10-14 13:50:00,-2.650203832918401,-0.18490859349572228,-0.7734854049053809
2023-10-14 13:55:00,-2.694879653447841,-0.1901932735226854,-1.0859362693965324
2023-10-14 14:00:00,-2.330945702525961,-0.7630251029168927,-1.2238347888746097
2023-10-14 14:05:00,-2.3243283463905784,-0.17058177607163078,-1.2293993131818772
2023-10-14 14:10:00,-2.339785815166792,-0.1827225562016326,-1.1138180372439783
2023-10-14 14:15:00,-1.874616247841794,-0.18435120184686057,-1.1584318994799274
2023-10-14 14:20:00,-1.8738731027520164,-0.18801615313692843,-0.9117169661807066
2023-10-14 14:25:00,-1.8587877881408166,-0.18965600832047733,-0.9303125545967081
2023-10-14 14:30:00,-1.8290750591066045,-0.9950944946003772,-0.8574897764360738
2023-10-14 14:35:00,-1.8252422179648478,-0.20847895477290804,-0.7058057559025772
2023-10-14 14:40:00,-1.8282161711125144,-0.19844222615297935,-0.8053898450130201
2023-10-14 14:45:00,-1.2829393197191437,-0.22005133132660853,-0.8319712789103026
2023-10-14 14:50:00,-1.2714824022920266,-0.22117786917126156,-0.7174284158445707
2023-10-14 14:55:00,-1.2784132056287012,-0.19462536752371207,-1.0639138500752614
2023-10-14 15:00:00,-2.3871890529903306,-0.07564122166494928,-1.0812506547856346
2023-10-14 15:05:00,-2.3932532405593854,-0.17367988849754482,-1.0374483758571285
2023-10-14 15:10:00,-2.381120452134329,-0.18380681614208022,-0.7520112301283122
2023-10-14 15:15:00,-2.1868499818195968,-0.18080760391700895,-0.8521092888245734
2023-10-14 15:20:00,-2.168683540949905,-0.1799526923960277,-0.9180338233771317
2023-10-14 15:25:00,-2.1761906392473547,-0.18448578447400332,-1.0648591215605339
2023-10-14 15:30:00,-2.187400093612339,-0.7367044158442018,-1.0311561595064243
2023-10-14 15:35:00,-2.156361686206911,-0.17727165439525192,-0.9953423003134172
2023-10-14 15:40:00,-2.1244529681229753,-0.18137226664248432,-0.7045028275495532
2023-10-14 15:45:00,-1.7677849701369768,-0.16827567674399585,-1.0338193472803694
2023-10-14 15:50:00,-1.7385114352343956,-0.2059385751003429,-0.6827954025396283
2023-10-14 15:55:00,-1.7508508811561532,-0.21007178956548248,-0.7891093949177236
2023-10-14 16:00:00,-2.0328823915331853,-0.664810765958236,-0.8979938747493186
2023-10-14 16:05:00,-2.021328436520437,-0.18029034774379682,-0.771027395473472
2023-10-14 16:10:00,-2.028314440940719,-0.1976548354699258,-0.5598581083110213
2023-10-14 16:15:00,-1.7708380633049934,-0.22130037633769728,-0.7354450902185695
2023-10-14 16:20:00,-1.7725022433003113,-0.21701614938602548,-0.8885485110605024
2023-10-14 16:25:00,-1.766446986500106,-0.2088170901474885,-0.858965854485142
2023-10-14 16:30:00,-1.9450870846359636,-0.2094135342674191,-0.7934115441932654
2023-10-14 16:35:00,-1.9534789113332405,-0.18327518255288802,-0.9410614916815673
2023-10-14 16:40:00,-1.9693267589443877,-0.17339410160809823,-1.0284593980445893
2023-10-14 16:45:00,-2.1190353692359856,-0.16815737021513694,-0.8621637367162704
2023-10-14 16:50:00,-2.11218654082077,-0.1656558275544762,-0.8265431510258833
2023-10-14 16:55:00,-2.1235380772365553,-0.17225125823330445,-0.8687505951656591
2023-10-14 17:00:00,-2.1447853601863267,-0.4507240130988264,-0.8315566543904932
2023-10-14 17:05:00,-2.18974542237932,-0.18861705149768868,-0.7930336309375186
2023-10-14 17:10:00,-2.188188576424075,-0.17056817196698906,-0.9628193872096833
2023-10-14 17:15:00,-2.549747868461715,-0.1682418093471078,-1.0197262054209753
2023-10-14 17:20:00,-2.5249610281295873,-0.17451482233935495,-1.0030882737891047
2023-10-14 17:25:00,-2.532780513356219,-0.16211477712203248,-1.1551915672591782
2023-10-14 17:30:00,-2.473920279746326,0.1649747017191832,-1.3856900104230543
2023-10-14 17:35:00,-2.431541811298319,-0.18338909564911882,-0.3604985677182056
2023-10-14 17:40:00,-2.494618620433682,-0.19868987846173058,-0.9711404853725274
2023-10-14 17:45:00,-2.7609095798821053,-0.18644767645095217,-1.096081291710991
2023-10-14 17:50:00,-2.744591344118055,-0.17594733475227525,-1.1449221417665432
2023-10-14 17:55:00,-2.7171140516004604,-0.1781904686440502,-0.9089283942752322
2023-10-14 18:00:00,-2.1014949313570535,-0.9243267173799832,-0.9549873897548566
2023-10-14 18:05:00,-2.100757157459483,-0.17776817704587858,-0.9129218685714716
2023-10-14 18:10:00,-2.1217223395457934,-0.18133682890562225,-0.8592372525245481
2023-10-14 18:15:00,-2.1659651133568176,-0.16655154859602372,-0.984186362988813
2023-10-14 18:20:00,-2.1747692777546157,-0.16680786214312543,-1.043453981153758
2023-10-14 18:25:00,-2.1552261501057073,-0.16008235753216796,-1.113443600392738
2023-10-14 18:30:00,-2.5282219002565145,-0.5406362563327701,-1.1000009921088214
2023-10-14 18:35:00,-2.5356245732393634,-0.12694508211109456,-1.0481265583498023
2023-10-14 18:40:00,-2.5093933676554614,-0.12132999349316567,-0.8137285046393499
2023-10-14 18:45:00,-2.235975407710258,-0.21467281783958833,0.5525825189741232
2023-10-14 18:50:00,-2.34128400844563,-0.10825489276201103,-0.8450613607953052
2023-10-14 18:55:00,-2.3394136836294424,-0.11033820113887233,-0.6956885734441177
2023-10-14 19:00:00,-2.3900791558401604,-0.4594575442033344,-0.7342601588686891
2023-10-14 19:05:00,-2.4121582327368576,-0.133181615109594,-0.5281417055098485
2023-10-14 19:10:00,-2.398327788333426,-0.14685534063465902,-0.20781552595089187
2023-10-14 19:15:00,-2.395058419744925,-0.14880611743858982,-0.45287848553005394
2023-10-14 19:20:00,-2.3990315906848414,-0.10646692627096498,-0.9157603426106934
2023-10-14 19:25:00,-2.403568465782758,-0.11102931747161154,-1.0247553557436513
2023-10-14 19:30:00,-2.321512009546006,-0.03529544744065283,-1.1414526867079515
2023-10-14 19:35:00,-2.363804694322621,-0.12000839683447091,-1.021679755564387
2023-10-14 19:40:00,-2.3604234369872357,-0.11441631594755745,-1.1417388440600966
2023-10-14 19:45:00,-2.1634961146294325,-0.12156594791822506,-1.0089561297732363
2023-10-14 19:50:00,-2.171515122669851,-0.1225358324402232,-1.0044908453277999
2023-10-14 19:55:00,-2.1669233344253302,-0.1098855501085617,-1.1301373067897804
2023-10-14 20:00:00,-1.7757539891523024,-0.11847868700506543,-1.2882635338893604
2023-10-14 20:05:00,-1.8157529726856723,-0.13322061139527236,-1.220605339528182
2023-10-14 20:10:00,-1.7861847688294323,-0.119881696623957,-1.1523251542052446
2023-10-14 20:15:00,-1.884183901342592,-0.09746639024135552,-1.164415605066099
2023-10-14 20:20:00,-1.914561868597399,-0.10056200359432647,-1.0707374748255991
2023-10-14 20:25:00,-1.9279098911376635,-0.10113339422171082,-1.2332254009770391
2023-10-14 20:30:00,-2.047751138021901,-0.37128612052613835,-1.3412723943149691
2023-10-14 20:35:00,-2.039241526966131,-0.11807855654698085,-1.5048186898016238
2023-10-14 20:40:00,-2.0293035782191406,-0.12291270703841084,-1.3823341514663203
2023-10-14 20:45:00,-2.100606230011546,-0.08651047349082616,-1.4742646812821298
2023-10-14 20:50:00,-2.1200566089178454,-0.07891616320722802,-1.6475550587425862
2023-10-14 20:55:00,-2.1111349575742673,-0.09236526192814691,-1.4902983676617458
2023-10-14 21:00:00,-2.0909801189824235,-0.48966934377144056,-1.4000365915001352
2023-10-14 21:05:00,-2.1030827433801145,-0.08380789300266894,-1.466129526467438
2023-10-14 21:10:00,-2.1139270136215296,-0.09690484560882545,-1.519555760198445
2023-10-14 21:15:00,-1.970706201955107,-0.0727798976879792,-1.632941804995205
2023-10-14 21:20:00,-2.013448773910974,-0.10774115517793252,-1.4965458922560602
2023-10-14 21:25:00,-2.0153878928928908,-0.12450217008546685,-1.4999956847841207
2023-10-14 21:30:00,-1.9511507975502598,-0.5201314550117616,-1.5898177123235437
2023-10-14 21:35:00,-1.948295320494687,-0.09689139646975982,-1.5941168031990318
2023-10-14 21:40:00,-1.9875296492267702,-0.13837560888267553,-1.4216708012332693
2023-10-14 21:45:00,-1.9808272168551302,-0.11970672434841942,-1.5750597618863038
2023-10-14 21:50:00,-1.965292214756442,-0.08568244980743729,-1.3733168591483196
2023-10-14 21:55:00,-1.9816034043583282,-0.09406436845522108,-1.2546481547219825
2023-10-14 22:00:00,-1.6626280532232034,-0.8456052383491556,-1.3445122150631972
2023-10-14 22:05:00,-1.6642673785682864,-0.16135958377095988,-1.1076488327853984
2023-10-14 22:10:00,-1.6495687093536497,-0.13782819442731153,-1.164373773429416
2023-10-14 22:15:00,-1.8401952337796113,-0.1203257793059889,-1.2224863512709712
2023-10-14 22:20:00,-1.8550551155254829,-0.13034559253500574,-1.1607328949629088
2023-10-14 22:25:00,-1.8493350936198223,-0.12279320281727639,-1.2866528012516965
2023-10-14 22:30:00,-2.242884336450875,-0.4714813952865231,-1.258365297811511
2023-10-14 22:35:00,-2.228507431537956,-0.12365648148285503,-1.1940233568188914
2023-10-14 22:40:00,-2.2436278215364256,-0.12702046198185263,-1.3534989205365044
2023-10-14 22:45:00,-2.190439089322874,-0.1287067742982573,-1.26890657588996
2023-10-14 22:50:00,-2.20274274328581,-0.12529294057557047,-1.3956477301597294
2023-10-14 22:55:00,-2.1954736933854413,-0.10957196664198508,-1.6137558227815707
2023-10-14 23:00:00,-2.0672334805201116,-0.24792177569314444,-1.646601711963076
2023-10-14 23:05:00,-2.064137208886885,-0.08404640164726003,-1.3902497708102857
2023-10-14 23:10:00,-2.0551221648926434,-0.08540767503776056,-1.338316210578779
2023-10-14 23:15:00,-2.142893891992284,-0.07048450497256287,-1.5042223320554808
2023-10-14 23:20:00,-2.150692316576582,-0.08952204776240826,-1.4262676200170243
2023-10-14 23:25:00,-2.1451623838091485,-0.08889052336000922,-1.382438269849053
2023-10-14 23:30:00,-2.0503155831757027,-0.785256454681189,-1.2255641292493156
2023-10-14 23:35:00,-2.0379771752073848,-0.10853503978688885,-1.3502076201403652
2023-10-14 23:40:00,-2.0396937935103874,-0.10503704746956392,-1.461732289792453
2023-10-14 23:45:00,-2.098549171697767,-0.09213920738353636,-1.5740787373573857
2023-10-14 23:50:00,-2.0833276775554204,-0.07102293350026646,-1.5753076194955666
2023-10-14 23:55:00,-2.0790365628201823,-0.09349432661779661,-1.4162191768451733
2023-10-15 00:00:00,-2.1367412472660408,-0.45903523373280003,-0.5792821240498112
2023-10-15 00:15:00,-1.6633172360673898,-0.12004160005849496,-1.561948773115387
2023-10-15 00:20:00,-1.6948280350106475,-0.13678021191266745,-1.7037474258574041
2023-10-15 00:25:00,-1.7297039629340443,-0.1524288003357492,-1.6283442938190735
2023-10-15 00:30:00,-1.5592435325827323,-0.5282833671177891,-1.6174302505907878
2023-10-15 00:35:00,-1.5391253223966614,-0.11003840821516393,-1.5443228590501323
2023-10-15 00:40:00,-1.5650936096963717,-0.1354300502993461,-1.330829441521096
2023-10-15 00:45:00,-1.8152780471902856,-0.11712407573848249,-1.2970100455662588
2023-10-15 00:50:00,-1.8091887552311132,-0.12381709035599274,-1.2622846379725752
2023-10-15 00:55:00,-1.7828660317971015,-0.10503728604241876,-1.4131966181074909
2023-10-15 01:00:00,-1.8405460097101882,-0.6521669144260392,-1.3660238782645477
2023-10-15 01:05:00,-1.8091761514901628,-0.10044823474078625,-1.4228370705877944
2023-10-15 01:10:00,-1.8072006644674505,-0.09071967895837076,-1.4771945721304447
2023-10-15 01:15:00,-1.8291968729679953,-0.08858006762205185,-1.6395843334838622
2023-10-15 01:20:00,-1.8247022846119838,-0.09260772885530201,-1.606897026291854
2023-10-15 01:25:00,-1.8392805353149253,-0.10643157097672573,-1.6194974886560796
2023-10-15 01:30:00,-2.085391299974457,-0.04769423732497209,-1.5908731994662941
2023-10-15 01:35:00,-2.073980413664213,-0.10242710892654182,-1.4639968864524404
2023-10-15 01:40:00,-2.0376064755158336,-0.09908933525031371,-1.402805151125837
2023-10-15 01:45:00,-1.8134140741931843,-0.13398769162071308,-1.194018196939029
2023-10-15 01:50:00,-1.8231496918295345,-0.13368147461916255,-1.2997490781891332
2023-10-15 01:55:00,-1.834279181234773,-0.13565408036469406,-1.4346697152446974
2023-10-15 02:00:00,-2.2430978205126464,-0.3551221358452529,-1.4588018938167193
2023-10-15 02:05:00,-2.238129879898423,-0.10868628248393272,-1.34518735366612
2023-10-15 02:10:00,-2.226972787726915,-0.09331869374207885,-1.42604263806391
2023-10-15 02:15:00,-2.2084195182512514,-0.08704146371234595,-1.5076799054803323
2023-10-15 02:20:00,-2.2600063578057505,-0.10642131236564399,-1.4454089468468523
2023-10-15 02:25:00,-2.2511217478770362,-0.10719903437326686,-1.4258633587292227
2023-10-15 02:30:00,-2.193310447067041,-0.5178458805660915,-1.422194963619402
2023-10-15 02:35:00,-2.180979402408024,-0.08545744444387104,-1.6057985662288827
2023-10-15 02:40:00,-2.172277846546533,-0.08347362438951801,-1.5515201535158114
2023-10-15 02:45:00,-2.146768940405963,-0.08944326105967002,-1.5677734829362653
2023-10-15 02:50:00,-2.182590868820368,-0.10394975759735703,-1.501002504731717
2023-10-15 02:55:00,-2.1662466028593617,-0.08544858476117922,-1.5070277539803436
2023-10-15 03:00:00,-2.072827548369458,-0.3375080708608586,-1.4214824367564127
2023-10-15 03:05:00,-2.063389703869804,-0.05835440786494882,-1.484133168737196
2023-10-15 03:10:00,-2.0543387870294865,-0.059709305929501015,-1.6392743067728939
2023-10-15 03:15:00,-2.2743103081848943,-0.08460190353909822,-1.6886319902562716
2023-10-15 03:20:00,-2.2700575177504825,-0.07476166464856253,-1.4479728572996495
2023-10-15 03:25:00,-2.2252688717644444,-0.04773366133542318,-1.5653180281813628
2023-10-15 03:30:00,-1.7972770006824728,-0.10650945198806654,-1.6698149043500286
2023-10-15 03:35:00,-1.8133425669019505,-0.12445124447508221,-1.6765485203682249
2023-10-15 03:40:00,-1.8617299817352146,-0.13371834499794585,-1.6519955648021794
2023-10-15 03:45:00,-1.8255529900251948,-0.13504022330084006,-1.6044293689646447
2023-10-15 03:50:00,-1.794820938213237,-0.14123920888871702,-1.6734581437389762
2023-10-15 03:55:00,-1.8156293706319189,-0.15426427176763038,-1.488775464232345
2023-10-15 04:00:00,-1.9185606147134373,-0.4268837896434536,-1.32309738476501
2023-10-15 04:05:00,-1.9184784123946041,-0.1578242141631511,-1.3475016773041277
2023-10-15 04:10:00,-1.8995092263358515,-0.13970034867767656,-1.5924641342982753
2023-10-15 04:15:00,-1.7649054634833454,-0.14987490115771676,-1.5436414404370438
2023-10-15 04:20:00,-1.8009118354609377,-0.16645975442832828,-1.5007868261033448
2023-10-15 04:25:00,-1.7988983062874373,-0.1667285337108317,-1.5332395202617628
2023-10-15 04:30:00,-1.551873566937577,-0.7247379067079454,-1.6079188054599731
2023-10-15 04:35:00,-1.5581525937889928,-0.16390421439179573,-1.647828634450652
2023-10-15 04:40:00,-1.5602117361046968,-0.15235343769734175,-1.7274865566347486
2023-10-15 04:45:00,-1.7084860383484273,-0.13668507310745964,-1.7746494777838517
2023-10-15 04:50:00,-1.742076183935096,-0.1598297540347755,-1.5932365073628016
2023-10-15 04:55:00,-1.703145512586614,-0.15465385041473523,-1.6619232675705276
2023-10-15 05:00:00,-1.8274301030471434,-0.8539311645324059,-1.6625958136340722
2023-10-15 05:05:00,-1.8343107494821094,-0.1460467043540349,-1.6931535358015584
2023-10-15 05:10:00,-1.8319139553872053,-0.14733407754411862,-1.6626866836568488
2023-10-15 05:15:00,-1.5110690063980754,-0.1758885014503766,-1.649132584402058
2023-10-15 05:20:00,-1.469658117497227,-0.1711602284672352,-1.6173493993813097
2023-10-15 05:25:00,-1.4747568843797374,-0.1700831432410255,-1.6928088780988144
2023-10-15 05:30:00,-1.4805768426314747,1.053930309767568,-1.6986456563728367
2023-10-15 05:35:00,-1.4779922717193796,-0.17107519984245284,-1.7653295900766157
2023-10-15 05:40:00,-1.4784984798907836,-0.16770812870262117,-1.7519320643384688
2023-10-15 05:45:00,-1.5816349810682995,-0.16699095443380763,-1.621064546989148
2023-10-15 05:50:00,-1.530296440910902,-0.12020252427835158,-1.7870994503303812
2023-10-15 05:55:00,-1.4136437565836084,-0.010045513191472264,-1.521034827953569
2023-10-15 06:00:00,-1.4127718883080058,0.07644175741444804,-1.4384751808379306
2023-10-15 06:05:00,-1.4862584815309092,-0.1432859309101571,-1.5641114260599909
2023-10-15 06:10:00,-1.5021977754942746,-0.16744179360154468,-1.5666499565290892
2023-10-15 06:15:00,-1.5994633042244886,-0.15434376339634753,-1.4422443545107626
2023-10-15 06:20:00,-1.632238904035005,-0.1840827908690496,-1.402688114508585
2023-10-15 06:25:00,-1.6075866462044501,-0.17292860055145515,-1.5371217968588078
2023-10-15 06:30:00,-1.4980967229428857,-0.4372516544139554,-1.4725242784280532
2023-10-15 06:35:00,-1.466412687734315,-0.10313428243793805,-1.494044848589326
2023-10-15 06:40:00,-1.4473925911041707,-0.10631049660383,-1.6131419974618788
2023-10-15 06:45:00,-1.647250619418421,-0.05695078021595589,-1.5327444643444732
2023-10-15 06:50:00,-1.6229375785241154,-0.03885361380556704,-1.4194087003667069
2023-10-15 06:55:00,-1.6623053940417012,-0.08506191015858008,-1.1190852797432307
2023-10-15 07:00:00,-1.5221901947560916,-0.45834097517958994,-1.1637007776649146
2023-10-15 07:05:00,-1.5338322032963765,-0.08667000600598514,-1.232079744486159
2023-10-15 07:10:00,-1.4544589999539599,-0.03092308590445644,-1.0931072425229964
2023-10-15 07:15:00,-1.5353042863116078,0.06604655550314542,-1.0461465925448021
2023-10-15 07:20:00,-1.5248462641313325,0.09736431290234676,-0.7792007045891189
2023-10-15 07:25:00,-1.5346575402997362,0.07865411289434913,-0.49964510904297815
2023-10-15 07:30:00,-0.9277670214339183,1.3546438736648412,-0.6328558695470233
2023-10-15 07:35:00,-0.8577746593840905,0.17529202104254268,1.5435720236267911
2023-10-15 07:40:00,-0.8650361862904716,0.12257696498986757,0.7298865555768195
2023-10-15 07:45:00,-1.3303969400838775,0.024828877013740897,-0.292278804342549
2023-10-15 07:50:00,-1.5363294840139972,-0.12474964319828041,-0.8030102232915667
2023-10-15 07:55:00,-1.5157534656117133,-0.12424222274045804,-0.984091219402972
2023-10-15 08:00:00,-1.1788572564192843,4.1984287082791205,-1.1843549624535432
2023-10-15 08:05:00,-1.2008526243196722,-0.08144621066119806,-1.0681882520446628
2023-10-15 08:10:00,-1.2454595823218755,-0.1433165450674505,-0.9426923929806151
2023-10-15 08:15:00,-0.8671625410717726,-0.16462398988977,-0.9323089272589008
2023-10-15 08:20:00,-0.8983354552195914,-0.19176168463994903,-0.8013419708293008
2023-10-15 08:25:00,-0.9169236900786485,-0.16366156117063743,-0.6121344941482467
2023-10-15 08:30:00,-1.0834938499799955,1.3484836581826312,-1.3680646555501563
2023-10-15 08:35:00,-1.0259896349120474,-0.14969239543694454,-1.5754165428945444
2023-10-15 08:40:00,-1.022974489635097,-0.14850593286400346,-1.5191104183473085
2023-10-15 08:45:00,-1.0938328973915847,-0.1920020044347433,-1.2849161967285305
2023-10-15 08:50:00,-1.0978442621862674,-0.20027829888595855,-1.276276804614197
2023-10-15 08:55:00,-1.1032910400401024,-0.19526364577816763,-1.4586047091636527
2023-10-15 09:00:00,-1.7195735345008638,0.2452447497241645,-1.4467984842354968
2023-10-15 09:05:00,-1.6753768485214173,-0.16851403221423938,-1.4110161814427855
2023-10-15 09:10:00,-1.7289626503829938,-0.18548462567742938,-1.3387464328946816
2023-10-15 09:15:00,-1.7558725948252847,-0.18699866501601128,-1.2730575634753167
2023-10-15 09:20:00,-1.7325985893834257,-0.17173467773819948,-1.214344951803588
2023-10-15 09:25:00,-1.7127942645397571,-0.1577650157563536,-1.2339502608384272
2023-10-15 09:30:00,-1.6500949333941934,0.5938352482368316,-0.6547551796288914
2023-10-15 09:35:00,-1.6795296002599767,-0.18864648941896128,-0.7789789407333177
2023-10-15 09:40:00,-1.6950069363593292,-0.2123126636622406,-1.0324597609334338
2023-10-15 09:45:00,-1.6751184596796413,-0.19063844145520745,-1.1811775353406602
2023-10-15 09:50:00,-1.6874448657179417,-0.18993980820158102,-1.2002099460599505
2023-10-15 09:55:00,-1.7047534873175785,-0.1978017604071529,-1.094591360025009
2023-10-15 10:00:00,-1.652270397965669,0.5152485876501601,-1.1593784067294493
2023-10-15 10:05:00,-1.6283241364946548,-0.19891866140573677,-1.0327683793234264
2023-10-15 10:10:00,-1.6247256668429801,-0.2035289945145792,-1.0674217955561196
2023-10-15 10:15:00,-1.9060556878464732,-0.18756906181979027,-1.082457470913059
2023-10-15 10:20:00,-1.9095639935854425,-0.19102986769617636,-0.9716181103298299
2023-10-15 10:25:00,-1.9380505076966072,-0.19899594596787132,-1.0402002924203166
2023-10-15 10:30:00,-1.8139503438605242,0.25888152949751925,-1.1713292376166484
2023-10-15 10:35:00,-1.797929941983537,-0.20509260601701862,-0.9406311722503866
2023-10-15 10:40:00,-1.7916994647022493,-0.2019562113317375,-1.009591044979491
2023-10-15 10:45:00,-1.9170185020589514,-0.19400410195921033,-1.1958919891499278
2023-10-15 10:50:00,-1.9403756536788161,-0.21282668952383443,-0.9982726763934204
2023-10-15 10:55:00,-1.9417582750913707,-0.20856218927388823,-0.9932918711871824
2023-10-15 11:00:00,-1.516273345663179,-0.23155094330227138,-0.7515704742121806
2023-10-15 11:05:00,-1.5463352729686595,-0.21193334595829832,-1.174700866919285
2023-10-15 11:10:00,-1.5078373747041496,-0.24445920122844822,-1.0773963845122496
2023-10-15 11:15:00,-1.9744246501068161,-0.20106123762176673,-1.1288674310621234
2023-10-15 11:20:00,-1.9663451234717109,-0.19464009503977106,-1.1469055746517454
2023-10-15 11:25:00,-1.9597711957751647,-0.18913744386252682,-1.195147081105271
2023-10-15 11:30:00,-2.129042926057983,-0.4586700491544233,-1.0689493252309088
2023-10-15 11:35:00,-2.1269767305187615,-0.17402886780737692,-1.1684011142895305
2023-10-15 11:40:00,-2.1452264208547005,-0.16096867808329618,-1.3654012142029026
2023-10-15 11:45:00,-2.443053601983506,-0.1503171133324743,-1.4863019805506945
2023-10-15 11:50:00,-2.434183638469717,-0.15486455135383684,-1.3721678615032136
2023-10-15 11:55:00,-2.4353600654385423,-0.15961366874279243,-1.4216056318429837
2023-10-15 12:00:00,-2.3288353200586616,1.1704662264496204,-1.4121889333880637
2023-10-15 12:05:00,-2.3144907457711077,-0.1889087063533607,-1.2764375671866806
2023-10-15 12:10:00,-2.2813686676683287,-0.18314363014146345,-1.2735066789197411
2023-10-15 12:15:00,-2.2460080798952253,-0.18712989867251742,-1.2355546985144463
2023-10-15 12:20:00,-2.247766912838596,-0.18608250520230468,-1.1940377192459244
2023-10-15 12:25:00,-2.2439159177182115,-0.1867420809204722,-1.0096185569226508
2023-10-15 12:30:00,-2.4950165183775543,-0.25357609391201463,-0.8505747494722221
2023-10-15 12:35:00,-2.4817618457745514,-0.19022366323971449,-0.5620134255873681
2023-10-15 12:40:00,-2.5207637134947984,-0.17385889703767501,-1.0871685220226557
2023-10-15 12:45:00,-2.2658725789324086,-0.1719736263377272,-1.121728198206146
2023-10-15 12:50:00,-2.2760057849081963,-0.18168073746762545,-1.0315010227562034
2023-10-15 12:55:00,-2.3088918983200086,-0.18177390406384575,-1.1207609668747591
2023-10-15 13:00:00,-2.525619231093174,0.004680772517980894,-1.2203204106906826
2023-10-15 13:05:00,-2.503210585378368,-0.17268036336210565,-1.032267323067111
2023-10-15 13:10:00,-2.5294008978293596,-0.1538289100749013,-1.144873807033423
2023-10-15 13:15:00,-2.5461591462622395,-0.18289364853095577,-1.1865655777627222
2023-10-15 13:20:00,-2.539704783961646,-0.18755733526763402,-1.112197653896927
2023-10-15 13:25:00,-2.5517491374847348,-0.19942709278506135,-1.0034877552637513
2023-10-15 13:30:00,-2.590471449044345,-0.3752284675248515,-1.157006542867101
2023-10-15 13:35:00,-2.5549179121738903,-0.18226686256917105,-1.1618718277225388
2023-10-15 13:40:00,-2.555518515714603,-0.1735413028404238,-1.2421123228359816
2023-10-15 13:45:00,-2.278008053526545,-0.17859492590712234,-1.286469879844397
2023-10-15 13:50:00,-2.2571871309085356,-0.17982612934340444,-1.2741422197474086
2023-10-15 13:55:00,-2.2584819528465006,-0.1843017865303638,-1.2605206275760845
2023-10-15 14:00:00,-2.1860248509042295,-0.4252916535496291,-1.3532627434485758
2023-10-15 14:05:00,-2.1769306820919923,-0.1892138253944016,-1.228040275834946
2023-10-15 14:10:00,-2.182928521408754,-0.20351818446174647,-1.0372727867700209
2023-10-15 14:15:00,-2.2081011679139992,-0.19757038828349083,-0.9655913394714732
2023-10-15 14:20:00,-2.20094913653983,-0.1977812897074969,-1.027810592250172
2023-10-15 14:25:00,-2.2141372146973364,-0.20114652220650614,-1.009537536987947
2023-10-15 14:30:00,-2.133360072867856,-0.6187552278580122,-0.9522116874671588
2023-10-15 14:35:00,-2.1083273505084104,-0.22794166564272178,-0.8252252237990114
2023-10-15 14:40:00,-2.127690443976147,-0.22718634266593954,-0.8803005782968557
2023-10-15 14:45:00,-2.3612905958105332,-0.20871516091305634,-0.8000649863847568
2023-10-15 14:50:00,-2.3903477075065878,-0.21360784906961008,-0.7950561188172541
2023-10-15 14:55:00,-2.3529941898533107,-0.19813858311683671,-0.851170835186425
2023-10-15 15:00:00,-0.9686117394126473,-0.31472416882541177,-0.8377554225357619
2023-10-15 15:05:00,-0.9432828200625042,-0.21959058300084128,-0.8896179619794592
2023-10-15 15:10:00,-0.962564530682008,-0.22484951482608664,-0.9187040690462853
2023-10-15 15:15:00,-1.2838448423629858,-0.2161789944587656,-1.0049584221336423
2023-10-15 15:20:00,-1.2529290787672904,-0.20572515869548808,-1.0707475855965622
2023-10-15 15:25:00,-1.2815145470676628,-0.21275986058091695,-1.0086394357846342
2023-10-15 15:30:00,-0.7832007686604456,-0.3288053016430635,-1.0546140635985586
2023-10-15 15:35:00,-0.7761017580580479,-0.20633667420113108,-1.0285698071142977
2023-10-15 15:40:00,-0.7879615116684718,-0.19665530271881154,-1.158114283529098
2023-10-15 15:45:00,-1.2755883124318714,-0.209418223933277,-1.081750449031395
2023-10-15 15:50:00,-1.2844662175083015,-0.22366593421160466,-1.0635996382824489
2023-10-15 15:55:00,-1.2615446285129261,-0.22301424385263613,-0.9420282035842525
2023-10-15 16:00:00,-1.3025988755336284,-0.40483472926156044,-0.8907554517752169
2023-10-15 16:05:00,-1.3170999785652597,-0.22268215482116624,-0.9893261664452169
2023-10-15 16:10:00,-1.326308627507445,-0.21700854101538536,-1.101729169743241
2023-10-15 16:15:00,-1.4705389659801973,-0.21312546041333563,-1.1389352945743756
2023-10-15 16:20:00,-1.4499716633497735,-0.20327310124443868,-1.1860709018131312
2023-10-15 16:25:00,-1.4869981385281401,-0.22689707762690198,-0.9873659475389253
2023-10-15 16:30:00,-1.571844788436457,0.31745775099163503,-1.0946322899754393
2023-10-15 16:35:00,-1.5645290032706038,-0.21479754789686734,-1.1155774713370694
2023-10-15 16:40:00,-1.538566146128508,-0.22114245399928376,-0.9897022556628395
2023-10-15 16:45:00,-1.130569294741212,-0.23602587829695282,-0.7890767199465963
2023-10-15 16:50:00,-1.1174928282359833,-0.24337219262564078,-0.7513496865851393
2023-10-15 16:55:00,-1.0908636218352696,-0.2276044822456292,-0.6614916500902814
2023-10-15 17:00:00,-1.2534970381589632,-0.4502026778099383,-0.9482507614091857
2023-10-15 17:05:00,-1.1798845451202828,-0.09349981465060646,-0.7955105511596888
2023-10-15 17:10:00,-1.1659313732231693,-0.13181134623629986,-0.5412927989541957
2023-10-15 17:15:00,-0.9319083124153381,-0.16552045711172172,-0.6670230239051022
2023-10-15 17:20:00,-0.7341258004250164,-0.18769462577088655,3.2430862161725913
2023-10-15 17:25:00,-0.7138307483849891,-0.27927488449293214,3.4479739864570007
2023-10-15 17:30:00,-0.9691126684117672,0.8768626359863685,-0.19891771411548653
2023-10-15 17:35:00,-0.9403466635529892,-0.09982358512532621,-0.4603283104234221
2023-10-15 17:40:00,-0.8571994548888858,-0.0852550840765475,0.13268400390522353
2023-10-15 17:45:00,-0.41205931516894556,-0.18528729840319835,-0.1062913238669005
2023-10-15 17:50:00,-0.41248855821052116,-0.23121187377782612,0.43607503578519813
2023-10-15 17:55:00,-0.43423816684942546,-0.2323752960115233,0.9687963793323745
2023-10-15 18:00:00,0.7277070261337094,3.118746405292337,0.255081608246308
2023-10-15 18:05:00,0.7150066243960091,-0.21875680594887115,-0.3913038508600735
2023-10-15 18:10:00,0.7230631594681425,-0.232828102492251,-0.31612179040276556
2023-10-15 18:15:00,0.5821768979197544,-0.20813115563976017,-0.09182354106810876
2023-10-15 18:20:00,0.5690419903405562,-0.21641747225227695,-0.06891211444265234
2023-10-15 18:25:00,0.5875583994191117,-0.16921958405436943,-0.20520130072139323
2023-10-15 18:30:00,0.30503635436420967,-0.16516289973502948,-0.23987355223520193
2023-10-15 18:35:00,0.34918584797801927,-0.13621029244101335,0.5101195408505353
2023-10-15 18:40:00,0.5168310714552712,-0.018875979758443226,1.6511413687710843
2023-10-15 18:45:00,0.24158578512589077,-0.1447679736402783,1.2444364308289229
2023-10-15 18:50:00,0.19278613562387084,-0.20302904110387646,0.6944346617266761
2023-10-15 18:55:00,0.1659711920789508,-0.22118674793995372,1.0089896215888146
2023-10-15 19:00:00,1.051146527004527,1.746166638752955,3.5652893515341564
2023-10-15 19:05:00,1.0047271743558537,-0.168149716049977,2.1801224178583447
2023-10-15 19:10:00,1.0284204811841027,-0.12446708665468875,0.6094209999864711
2023-10-15 19:15:00,1.0659579008175475,0.09315708441321373,0.5582492526031675
2023-10-15 19:20:00,0.9815846441051006,-0.008809375065928292,0.43894920272160337
2023-10-15 19:25:00,0.9754011983425263,-0.01080737934624251,1.0077125743488833
2023-10-15 19:30:00,0.8941659004278516,4.887093916074237,0.9688975051234718
2023-10-15 19:35:00,0.8129585164818617,-0.09279269156531318,0.3482756973002808
2023-10-15 19:40:00,0.8772964047002918,0.03931130022506856,0.46424806687435743
2023-10-15 19:45:00,1.847223748625673,-0.06226559234804924,0.4562124806358844
2023-10-15 19:50:00,1.8160187423175083,-0.13509651322621077,0.42671638055106154
2023-10-15 19:55:00,1.8537491888693507,-0.1498706421681187,0.5068946954072308
2023-10-15 20:00:00,0.7336309706956179,8.35328067693921,0.44609638805392166
2023-10-15 20:05:00,0.8614450468476362,0.005029232390841366,0.21622956739194518
2023-10-15 20:10:00,0.8478988488838649,0.016988620018758904,0.3966465812871675
2023-10-15 20:15:00,1.1496829177813548,0.23061529438685313,0.7289394452914928
2023-10-15 20:20:00,1.4380346519148186,0.5175324250019574,1.1589441527380122
2023-10-15 20:25:00,1.3521884544946314,0.43864946301940855,1.1490973395947484
2023-10-15 20:30:00,2.1511633990656245,6.544721063446887,1.264219240571138
2023-10-15 20:35:00,2.021032312253816,0.14205475325092665,0.9517459493104004
2023-10-15 20:40:00,1.9266979902652621,0.04049772605367873,0.8626294407227234
2023-10-15 20:45:00,1.362923984684165,0.059687135688732296,0.8654714237646152
2023-10-15 20:50:00,1.4091071877253853,0.11354336364356661,1.0231556351074753
2023-10-15 20:55:00,1.4413453553324715,0.10934976085089401,0.9556012423892289
2023-10-15 21:00:00,2.3487351519385125,10.22129699391561,0.8146034170044291
2023-10-15 21:05:00,2.3962470422792816,0.11995890470175,2.4562437127487535
2023-10-15 21:10:00,2.501428763452126,0.13337081405445164,0.794792965493349
2023-10-15 21:15:00,4.945258530329813,0.23354414359584677,0.47266854054928154
2023-10-15 21:20:00,4.7568860918293785,0.03513548501390962,0.6158514863492073
2023-10-15 21:25:00,4.74802515539412,0.05409410649845746,1.3387085089051345
2023-10-15 21:30:00,2.9969932783190405,9.682885376113198,0.7583586650547096
2023-10-15 21:35:00,3.0411248189715208,-0.011905654025668178,0.5270970075991518
2023-10-15 21:40:00,3.0029333153887094,-0.0008513192692949753,0.5848448006245293
2023-10-15 21:45:00,3.2590434522919622,0.022987624216366097,0.9283219663983526
2023-10-15 21:50:00,3.286484845019161,0.03732817479177199,1.0705169027832175
2023-10-15 21:55:00,3.3329538565477947,0.06228148212741207,0.8582407614050738
2023-10-15 22:00:00,3.1017974501977585,9.313189687387732,0.46662317207210874
2023-10-15 22:05:00,3.1316306173511657,0.03429381684762944,0.20051198452168706
2023-10-15 22:10:00,3.27069643726207,0.1976319439814495,0.6316222113183655
2023-10-15 22:15:00,2.8098052465629437,0.48429371397531895,0.8508202801188308
2023-10-15 22:20:00,2.9651864075715264,0.6210324980051425,1.178624988663567
2023-10-15 22:25:00,2.726682242197991,0.4098619444214566,0.8986758371921287
2023-10-15 22:30:00,1.9596377894511934,9.923785227033356,0.5215438033601011
2023-10-15 22:35:00,1.8985094172631076,0.1890130784950992,0.3083750415765756
2023-10-15 22:40:00,1.82768903764807,0.12327592743305585,0.3498162755964535
2023-10-15 22:45:00,1.8714599802104506,0.2696959967674003,3.050197412262583
2023-10-15 22:50:00,1.8628936149436963,0.25103401146395,2.182142093862789
2023-10-15 22:55:00,1.868008452715301,0.21740542880683633,1.214120873421757
2023-10-15 23:00:00,2.662279793737504,11.984396325310811,0.5997336515034952
2023-10-15 23:05:00,2.7338167863140197,0.19683060653249385,0.6689294415266078
2023-10-15 23:10:00,2.738487164228658,0.19238597763887583,0.6036130448018617
2023-10-15 23:15:00,2.554960197427301,0.15251724350887322,0.3543604263270943
2023-10-15 23:20:00,2.4924461196482066,0.1252969052217901,0.18776283666135002
2023-10-15 23:25:00,2.4755075191390694,0.0995116029889346,0.19771990292159736
2023-10-15 23:30:00,2.248559039552311,13.450097385417033,0.3364081217763844
2023-10-15 23:35:00,2.3638103085229782,0.13675056667264712,0.677965583700384
2023-10-15 23:40:00,2.3459034324752235,0.089371065749957,0.2324747387800899
2023-10-15 23:45:00,2.3208947937894187,0.02467632524513738,-0.01638216949977853
2023-10-15 23:50:00,2.38726034908967,0.08096419103318087,0.04890467530255783
2023-10-15 23:55:00,2.41137051931751,0.12194103064754497,0.21087107737772365
2023-10-16 00:00:00,2.0177401386709723,11.092628442927174,-0.5557071150839185
2023-10-16 00:15:00,2.180013770215967,0.588838793183707,0.775317918797482
2023-10-16 00:20:00,2.3023908388194814,0.7134810686857365,0.8449187796166744
2023-10-16 00:25:00,2.345625564533694,0.7648596648569498,1.0117689976821809
2023-10-16 00:30:00,2.2091617218695716,10.42852506760581,0.873082847426314
2023-10-16 00:35:00,2.150799518494872,0.5882618591525626,0.8634605882104056
2023-10-16 00:40:00,2.201865224974881,0.6505538047470255,0.6437780327716935
2023-10-16 00:45:00,2.111145763857916,0.6256112412178617,0.5110782508020714
2023-10-16 00:50:00,2.049358010606874,0.5560118584690938,0.3993097364791502
2023-10-16 00:55:00,1.9688711797821024,0.4871154864365703,0.2630007633698323
2023-10-16 01:00:00,1.1738890464879026,13.966834495267959,0.047956465818729505
2023-10-16 01:05:00,1.1770659055036532,0.16641376480286146,-0.0806414517993249
2023-10-16 01:10:00,1.2274981740659827,0.23624212894910307,-0.10713187819840901
2023-10-16 01:15:00,1.7831083427825323,0.2329889627669572,-0.15714843858643757
2023-10-16 01:20:00,1.7369147555530597,0.19032920156824157,-0.040679046323151974
2023-10-16 01:25:00,1.675591056965244,0.13957029053919776,-0.21404905157526807
2023-10-16 01:30:00,1.387358311787723,12.123956203934053,-0.4850135235209552
2023-10-16 01:35:00,1.4244395247148092,0.08593491027280466,-0.4910546781019269
2023-10-16 01:40:00,1.3983013364086656,0.04972603120979497,-0.5781457634047465
2023-10-16 01:45:00,1.2319365677837404,0.06319845312324651,-0.5376749482107613
2023-10-16 01:50:00,1.2130556638783607,0.052665017025335,-0.49655507127881604
2023-10-16 01:55:00,1.2284991553861744,0.05774482182223931,-0.4948863738095093
2023-10-16 02:00:00,1.5249332843399312,0.06590108848340115,-0.527041612789868
2023-10-16 02:05:00,1.5454366768988563,0.09989358134722488,-0.5733011891386586
2023-10-16 02:10:00,1.6024961806479692,0.14917007859707607,-0.5404767943087383
2023-10-16 02:15:00,2.2974354605503335,0.1677660381818353,-0.4666687197548008
2023-10-16 02:20:00,2.264651996347676,0.1232550000087522,-0.4688922038241037
2023-10-16 02:25:00,2.2177082316172254,0.07010672072258259,-0.5943120208210992
2023-10-16 02:30:00,2.0522416407915873,5.630183211334769,-0.6432048523685328
2023-10-16 02:35:00,1.996733514620517,0.042498355195345505,-0.6030236890102929
2023-10-16 02:40:00,1.96395639279811,0.00859503213052214,-0.6638977020687226
2023-10-16 02:45:00,1.5490191707701675,0.02030510861420597,-0.6260852923580126
2023-10-16 02:50:00,1.545923996836031,0.026024160869610895,-0.59032468219347
2023-10-16 02:55:00,1.5417822586191063,0.037349806698657256,-0.5775619493168266
2023-10-16 03:00:00,1.3639691188928253,8.56826832506909,-0.6573128241056335
2023-10-16 03:05:00,1.4730887895708096,0.07823255167337177,-0.6388249542004326
2023-10-16 03:10:00,1.5085018535244197,0.09800345926424951,-0.5139387152778123
2023-10-16 03:15:00,1.5660472574944353,0.21547761690169673,-0.08553753877460628
2023-10-16 03:20:00,1.6963622603842385,0.3527178093494207,0.3235427206349438
2023-10-16 03:25:00,1.7109195246156892,0.3767970927723429,0.3702921885830684
2023-10-16 03:30:00,2.118773708532114,9.148553551102525,0.32100496578661214
2023-10-16 03:35:00,2.26484963658825,0.5191915263828246,0.3490521393661868
2023-10-16 03:40:00,2.276638585839541,0.5340263260398225,0.41187886745832725
2023-10-16 03:45:00,2.497828942727313,0.5519138055154414,0.5021309719673626
2023-10-16 03:50:00,2.313194374408716,0.37304483408653205,0.25866757933779305
2023-10-16 03:55:00,2.2443273407917634,0.3260228393601515,0.14845810671646392
2023-10-16 04:00:00,1.5991196193386121,12.618957418882124,0.016171183626694768
2023-10-16 04:05:00,1.4782211283868638,0.06813843651977516,-0.24743257741352082
2023-10-16 04:10:00,1.611561179627389,0.19384320627292814,-0.03900199285995448
2023-10-16 04:15:00,1.2907344831118712,0.19679121088181636,0.10270619404437634
2023-10-16 04:20:00,1.2213459440004182,0.1272194019648903,0.22360215116009874
2023-10-16 04:25:00,1.226638948433886,0.1390881525457226,0.3153373447635248
2023-10-16 04:30:00,1.0470418253724192,12.614118210456533,0.6398630309343175
2023-10-16 04:35:00,1.1269904487092595,0.24359921547063043,0.5269126412879673
2023-10-16 04:40:00,1.1836211999694193,0.3094820230440876,0.379872198280986
2023-10-16 04:45:00,1.8241970636682783,0.45148261624217517,0.8737532399109653
2023-10-16 04:50:00,1.8865707672078422,0.5085128323187251,0.8261636442408581
2023-10-16 04:55:00,1.8775007518766402,0.47727542840622295,0.6461952592127247
2023-10-16 05:00:00,1.5068287127326296,12.807486093685428,0.6980625926375705
2023-10-16 05:05:00,1.5200274221336993,0.34242966879114034,0.385220147634593
2023-10-16 05:10:00,1.4717559758088015,0.2969072337089255,0.1315431160841499
2023-10-16 05:15:00,1.3721402035296253,0.2733142740384952,0.368241776994698
2023-10-16 05:20:00,1.3094337799867646,0.27840887507788653,1.1408621274920372
2023-10-16 05:25:00,1.323117441065418,0.2986261416389346,1.7017123685082434
2023-10-16 05:30:00,1.1119840363373596,13.508735222878911,0.8073205604822272
2023-10-16 05:35:00,1.2305544647694087,0.3516959888515382,1.4844776342725252
2023-10-16 05:40:00,1.238939519519777,0.34635366528108724,1.6353523374503443
2023-10-16 05:45:00,1.0638271042917218,0.3382921048931403,1.2148624802193624
2023-10-16 05:50:00,1.0171113103024598,0.34466779367700556,1.7074397424902452
2023-10-16 05:55:00,1.0508192136285948,0.34661115640374623,1.6194004813768859
2023-10-16 06:00:00,1.3988743224099176,11.129068396058996,1.1179354550672134
2023-10-16 06:05:00,1.4624226651701322,0.3326793155064622,0.9458137646327948
2023-10-16 06:10:00,1.52295291200537,0.31722581916011927,2.912897338518676
2023-10-16 06:15:00,1.4079491146949399,0.6029075694186001,5.295947010402155
2023-10-16 06:20:00,1.3408536896088485,0.37962536208259495,3.1531819230323155
2023-10-16 06:25:00,1.3196354402134751,0.30140276052351966,2.456043700790439
2023-10-16 06:30:00,1.4342701850448725,20.38200842321504,3.740906154462714
2023-10-16 06:35:00,1.6925674396264678,0.5537448105064482,4.061587766103163
2023-10-16 06:40:00,1.551934240286535,0.41657117290891305,3.7717311060628615
2023-10-16 06:45:00,2.0974811268756315,0.28683223764002747,3.68726790285367
2023-10-16 06:50:00,2.0091103827265657,0.2693343986794527,3.3462429594951373
2023-10-16 06:55:00,2.110018428213537,0.4514513204346444,5.11165787128459
2023-10-16 07:00:00,2.1164867581736684,18.70369646627692,7.002208255263307
2023-10-16 07:05:00,2.246681737537012,0.5290621877353017,6.628892100445878
2023-10-16 07:10:00,2.2895484751818533,0.499093451088394,6.217509573876402
2023-10-16 07:15:00,2.215099846118493,0.42828949540360195,5.602204669283656
2023-10-16 07:20:00,2.1639264647797067,0.42553841671282727,6.973038818639591
2023-10-16 07:25:00,2.1134703555137935,0.40961577336568555,7.2971659405170515
2023-10-16 07:30:00,2.787567905257302,34.61772663470616,8.052891835949668
2023-10-16 07:35:00,2.97698443326351,0.523159701250405,9.582747810303198
2023-10-16 07:40:00,2.933157469023467,0.4389771673678648,8.369148678518929
2023-10-16 07:45:00,3.422316363937429,0.3155582335103935,7.899000890004287
2023-10-16 07:50:00,3.4608620962519034,0.35973132106952704,8.95931680170662
2023-10-16 07:55:00,3.3743164327396307,0.3814536432250713,8.929197951141193
2023-10-16 08:00:00,2.5706989984260735,21.891140414995416,8.983881277253642
2023-10-16 08:05:00,2.750773886765634,0.5073124314880735,9.992075260802249
2023-10-16 08:10:00,2.7697360068105503,0.5745978449206046,11.838572294653932
2023-10-16 08:15:00,3.4381353347969017,0.5978150509712229,13.322517321449729
2023-10-16 08:20:00,3.4502350388861522,0.5790294071009314,14.0270566332816
2023-10-16 08:25:00,3.464158657857901,0.545700803530286,13.539080699419635
2023-10-16 08:30:00,5.148786689082894,23.145187344662418,13.164072022612054
2023-10-16 08:35:00,5.329471519588897,0.4595411966551688,13.366255659518265
2023-10-16 08:40:00,5.348116410371272,0.42020551326457256,12.992296043479605
2023-10-16 08:45:00,5.014944078517043,0.41957005479258747,12.997794314977908
2023-10-16 08:50:00,5.075180769610162,0.4492606151137851,13.398576067269788
2023-10-16 08:55:00,5.053843067411114,0.39476428730676505,14.025948391941334
2023-10-16 09:00:00,5.446905047411118,20.579876849788395,12.982178446836654
2023-10-16 09:05:00,5.643025490150533,0.19786999210513148,10.968198852125445
2023-10-16 09:10:00,5.628273341574643,0.13243555015606753,10.00038672085503
2023-10-16 09:15:00,5.367013123053318,0.04044292788674096,9.031271927094437
2023-10-16 09:20:00,5.312818836792535,0.06388735986515909,8.74125716187541
2023-10-16 09:25:00,5.349057459832888,-0.019784234693596955,8.544910791280866
2023-10-16 09:30:00,4.566771303468818,-0.013155315115852377,8.027942277236763
2023-10-16 09:35:00,4.545646928478097,-0.08180655437856621,7.4211467758437655
2023-10-16 09:40:00,4.536938466074127,-0.12725095734660494,7.0518674301637505
2023-10-16 09:45:00,3.7001960721629987,-0.16912676257115877,5.021100962060214
2023-10-16 09:50:00,3.610100512357966,-0.24831165117766063,2.5233602738307126
2023-10-16 09:55:00,3.5534785190670486,-0.24667500048694238,0.8185369629543485
2023-10-16 10:00:00,2.4181734286532044,9.348647734240904,0.12834515631337376
2023-10-16 10:05:00,2.425772249827755,-0.28374731577184886,0.13650621559633316
2023-10-16 10:10:00,2.431060931677729,-0.2827639231188149,0.108929214999004
2023-10-16 10:15:00,-0.33011274316669925,-0.24126917855081562,0.22914465217914817
2023-10-16 10:20:00,-0.3193090733836109,-0.24419186019054848,0.5887032261858656
2023-10-16 10:25:00,-0.3259357350451763,-0.25777186540362157,0.6260135812731386
2023-10-16 10:30:00,-0.4651054324480452,3.5471654030512427,0.5456397460112355
2023-10-16 10:35:00,-0.44763346919421554,-0.20301294303542003,0.40750225246125893
2023-10-16 10:40:00,-0.4743454777052185,-0.20465500212106177,-0.03447844452911408
2023-10-16 10:45:00,-0.05617833106075392,-0.20559412351893788,-0.07579890625771218
2023-10-16 10:50:00,-0.08003676600693226,-0.20794110833805535,-0.29406313442055393
2023-10-16 10:55:00,-0.0775223608613833,-0.2102576548719221,-0.2682698338830253
2023-10-16 11:00:00,-0.5219475036950397,1.8275800847759047,-0.34257724381506743
2023-10-16 11:05:00,-0.5232946547863493,-0.22925131243832192,-0.39140085319605333
2023-10-16 11:10:00,-0.5350619340603886,-0.22991582532037902,-0.3331114950584425
2023-10-16 11:15:00,-0.976898266063875,-0.20364331166169808,-0.30731518832828375
2023-10-16 11:20:00,-0.9922163227280629,-0.21353810296232484,-0.2744644379336939
2023-10-16 11:25:00,-0.9997363789144865,-0.21381282943848434,-0.39803342695367033
2023-10-16 11:30:00,-1.0621179937561325,0.9272325137050181,-0.650701931911863
2023-10-16 11:35:00,-1.0629857414438177,-0.21435177115954254,-0.4114589884609059
2023-10-16 11:40:00,-1.045525379707987,-0.20926094618724703,-0.43346561561701924
2023-10-16 11:45:00,-0.9031669584005488,-0.23068973610618065,-0.15841543823793025
2023-10-16 11:50:00,-0.917265278668482,-0.23491585972856002,-0.18888089130821578
2023-10-16 11:55:00,-0.9446569214708551,-0.2299370323098364,-0.34682912405175953
2023-10-16 12:00:00,-0.33402351942084635,0.7808876831346309,-0.5760122042346303
2023-10-16 12:05:00,-0.32564359723318315,-0.20201432751049872,-0.8461031056322009
2023-10-16 12:10:00,-0.3511985899919642,-0.21560251794211682,-0.707486748365028
2023-10-16 12:15:00,-0.33663171020880867,-0.20423262264651135,-0.6921878266616162
2023-10-16 12:20:00,-0.34081634854278603,-0.2078533081805823,-0.7341455155435687
2023-10-16 12:25:00,-0.3406891299736565,-0.20661188045735882,-0.8504203897324937
2023-10-16 12:30:00,0.02777947231835172,0.970023129870799,-0.8032770348204746
2023-10-16 12:35:00,0.04266471947480201,-0.22110532796046545,-0.7262096011978096
2023-10-16 12:40:00,0.03641399852221524,-0.21923642879454663,-0.8151893723657323
2023-10-16 12:45:00,-0.3212510771535308,-0.2190527848079066,-0.793167424910807
2023-10-16 12:50:00,-0.30866466848992996,-0.2223883769048706,-0.67436278354481
2023-10-16 12:55:00,-0.3071674449774982,-0.22491148442803677,-0.6101581692979821
2023-10-16 13:00:00,-0.30123716698598013,0.9500076649599567,-0.677205325834844
2023-10-16 13:05:00,-0.28667683772570685,-0.20175500255082057,-0.7538820888874919
2023-10-16 13:10:00,-0.28626410340425285,-0.2061183461716788,-0.6558404178122547
2023-10-16 13:15:00,0.04265640552489425,-0.21032529283443546,-0.6853785517344647
2023-10-16 13:20:00,0.05817469347633022,-0.2054885276179201,-0.7264014472489139
2023-10-16 13:25:00,0.06597807064407293,-0.2143923242959866,-0.7069894965129153
2023-10-16 13:30:00,0.4370458426355332,1.0113677830783843,-0.7766318410389788
2023-10-16 13:35:00,0.4469721038586817,-0.2295979526490214,-0.8088483337916295
2023-10-16 13:40:00,0.45837635341132493,-0.21941154129412538,-0.9451863779376254
2023-10-16 13:45:00,-0.042540250323281285,-0.20703639306363814,-0.7031608441019134
2023-10-16 13:50:00,-0.042363128618124815,-0.21895991401734688,-0.5450248150337461
2023-10-16 13:55:00,-0.019361367282069105,-0.22180920908624852,-0.4791399540510786
2023-10-16 14:00:00,-0.1800565190118731,0.570924680461618,-0.6537888687884127
2023-10-16 14:05:00,-0.20258562674866185,-0.22745778896996174,-0.5736777094625268
2023-10-16 14:10:00,-0.1738993422523981,-0.24169690865066845,-0.3417491897182082
2023-10-16 14:15:00,-0.5288583604366213,-0.23757068992737757,-0.2994802412408392
2023-10-16 14:20:00,-0.5279222034453611,-0.2407749781321321,-0.16422795291319656
2023-10-16 14:25:00,-0.5114583305320298,-0.23895319633509987,-0.22405058154104102
2023-10-16 14:30:00,-0.1372198293197493,0.8065613074439016,-0.28305647261807576
2023-10-16 14:35:00,-0.13888057324929465,-0.2615267887257754,-0.18649397722982755
2023-10-16 14:40:00,-0.14401327812728887,-0.2622773665465747,-0.18318395459854003
2023-10-16 14:45:00,0.09054226901621025,-0.25413328710260635,-0.34875821026839826
2023-10-16 14:50:00,0.056621561398576443,-0.2576252250359914,-0.4422243819867322
2023-10-16 14:55:00,0.063900729692653,-0.2506052847478735,-0.4695051357275472
2023-10-16 15:00:00,0.15071886121743583,1.4143379619813778,-0.5539600993583297
2023-10-16 15:05:00,0.13901781172939326,-0.26525192332571756,-0.3621811255767156
2023-10-16 15:10:00,0.1394396125709487,-0.26174523287017615,-0.35378768451986176
2023-10-16 15:15:00,-0.45080366689670004,-0.23781652566830255,-0.34152045848663753
2023-10-16 15:20:00,-0.4447574495076559,-0.2481130482564692,-0.2749861085243578
2023-10-16 15:25:00,-0.4504758080837578,-0.23982829530246366,-0.3773974070493587
2023-10-16 15:30:00,-0.39145576522808795,0.7519464749827067,-0.40638537042453765
2023-10-16 15:35:00,-0.36432877292319366,-0.2704527889112702,-0.4448528822653293
2023-10-16 15:40:00,-0.3562708135809698,-0.2747936076677331,-0.37776844581302427
2023-10-16 15:45:00,-0.47875454363326747,-0.25912286950682073,-0.3673645323045775
2023-10-16 15:50:00,-0.4837024147464108,-0.27771640614189563,-0.15927703535573426
2023-10-16 15:55:00,-0.4745982250197186,-0.28885540861361586,-0.05526092400145342
2023-10-16 16:00:00,-0.3929768775903528,0.6231386332690583,0.23352178208489108
2023-10-16 16:05:00,-0.328051663756657,-0.3370052354735458,0.5674853265294298
2023-10-16 16:10:00,-0.3126292743633928,-0.37332977203453194,1.0327884492439854
2023-10-16 16:15:00,0.39487845689999473,-0.4045582909923608,1.3664047341909034
2023-10-16 16:20:00,0.4074757123697403,-0.4240807537286616,1.5785150729912556
2023-10-16 16:25:00,0.40836464690402524,-0.4510846134105888,1.9388694127699477
2023-10-16 16:30:00,1.5189401901120867,1.042826530601263,1.9907277581910159
2023-10-16 16:35:00,1.5576178009329726,-0.5021711687560119,2.0592263081285838
2023-10-16 16:40:00,1.5634302935046658,-0.509434522830362,2.113553619775051
2023-10-16 16:45:00,2.1002587944386133,-0.46602940480233185,2.0320561395765795
2023-10-16 16:50:00,2.0794954403734365,-0.4682989533886979,1.8436927635337796
2023-10-16 16:55:00,2.0809611465868825,-0.45161450055313834,1.5810874566151434
2023-10-16 17:00:00,2.40032893410405,-0.4430841889380064,1.2572693350507462
2023-10-16 17:05:00,2.392013842094269,-0.4265982600206527,1.1724344781128588
2023-10-16 17:10:00,2.3699183547226195,-0.40705227741204864,0.9755865093856041
2023-10-16 17:15:00,1.9718600880997839,-0.4021099950958503,0.8355347586997043
2023-10-16 17:20:00,1.9578167600086078,-0.4038245431680979,0.9556335090457682
2023-10-16 17:25:00,1.966031802336378,-0.406702579228783,0.8382599374686581
2023-10-16 17:30:00,1.5753068604077773,1.2452196255973411,0.66835218418348
2023-10-16 17:35:00,1.5593559822800371,-0.4325759721583748,0.762997983900197
2023-10-16 17:40:00,1.5585935965701019,-0.427812502682946,0.7180908549467134
2023-10-16 17:45:00,2.5380188082124007,-0.37464241322499997,0.68929270326116
2023-10-16 17:50:00,2.535559090802865,-0.37047098520260247,0.6618874820010863
2023-10-16 17:55:00,2.554804350914746,-0.37607427646574937,0.7196452751028336
2023-10-16 18:00:00,2.529886314017444,2.0033411903000817,0.9357727341692464
2023-10-16 18:05:00,2.5677792765518217,-0.3696144927160557,0.713394779789201
2023-10-16 18:10:00,2.5693458480952893,-0.3713225280885195,0.7909036533046083
2023-10-16 18:15:00,1.9019494678478583,-0.3999532770156228,0.8415941349553825
2023-10-16 18:20:00,1.920903415717486,-0.38454703393715345,0.805101563270258
2023-10-16 18:25:00,1.9049992177397062,-0.3778530877326633,0.6681553990926338
2023-10-16 18:30:00,2.386184296212519,2.516242299370636,0.5254598755624479
2023-10-16 18:35:00,2.4185799383888265,-0.355062485776564,0.5610639200733367
2023-10-16 18:40:00,2.381763199489614,-0.3562550156963415,0.519412975898345
2023-10-16 18:45:00,1.4148325093496696,-0.34558533984399814,0.30402993683664176
2023-10-16 18:50:00,1.4107985194696266,-0.32864310405767383,0.15058063503035213
2023-10-16 18:55:00,1.4135923396351575,-0.32787125005093387,0.12363166157775052
2023-10-16 19:00:00,0.9863185048203408,1.2078840182536412,0.11720264888646616
2023-10-16 19:05:00,1.014672490481112,-0.31577870174329,0.01901648722253384
2023-10-16 19:10:00,0.9989506454811804,-0.32640435547974345,0.16027135336507922
2023-10-16 19:15:00,1.263754011516998,-0.3241551019689192,0.1109148886632528
2023-10-16 19:20:00,1.2659263678846404,-0.3075916417282209,0.02104463620709492
2023-10-16 19:25:00,1.2453687790840393,-0.2998038241355037,-0.14181191050776348
2023-10-16 19:30:00,1.4037274183842159,0.9411272397405501,-0.29268240515729005
2023-10-16 19:35:00,1.4120615923823163,-0.3070324399131878,-0.3042286992222786
2023-10-16 19:40:00,1.389752659506037,-0.3102744778812794,-0.24347222642506203
2023-10-16 19:45:00,0.8142782962728871,-0.27162215986985067,-0.20461193450509416
2023-10-16 19:50:00,0.8369940979953321,-0.25967650791717856,-0.25221141580804596
2023-10-16 19:55:00,0.8324847360035056,-0.25415627004846897,-0.2896646111871158
2023-10-16 20:00:00,0.7886709082539795,0.6947562387255998,-0.28429582988832264
2023-10-16 20:05:00,0.7979852460322124,-0.29810936355465883,-0.11522157515631047
2023-10-16 20:10:00,0.8085618220864988,-0.3107475514829492,-0.025339052226858956
2023-10-16 20:15:00,0.2339094913238012,-0.2951329000309665,-0.01110297791418993
2023-10-16 20:20:00,0.2442504220092043,-0.29847376625208355,-0.012553512103662975
2023-10-16 20:25:00,0.25458638667257416,-0.28408610565877124,-0.16743937023327377
2023-10-16 20:30:00,0.6743224197171213,0.34464331128116144,-0.10145704913461576
2023-10-16 20:35:00,0.6778625200092342,-0.3109717160334104,-0.1684233923898355
2023-10-16 20:40:00,0.6762034139943757,-0.3093502285729186,-0.20567059337731153
2023-10-16 20:45:00,0.5349610602973704,-0.29258578067724517,-0.1644545510674622
2023-10-16 20:50:00,0.5508805818909356,-0.27328744244271697,-0.3517259282816657
2023-10-16 20:55:00,0.55207567921884,-0.2705016356753049,-0.31455463969097885
2023-10-16 21:00:00,0.7545462755864363,0.4800958070970324,-0.35170743233341045
2023-10-16 21:05:00,0.7471041084575452,-0.2808033338500199,-0.26287278255954877
2023-10-16 21:10:00,0.7505000691731055,-0.27274086521662094,-0.24030956624660255
2023-10-16 21:15:00,0.6654181741569858,-0.261903587834197,-0.4256780480558522
2023-10-16 21:20:00,0.6610224413815764,-0.2740393104810049,-0.4481865490709321
2023-10-16 21:25:00,0.6603123871952611,-0.28591087882987254,-0.346349553155284
2023-10-16 21:30:00,0.30146125054462625,0.6393239206072765,-0.5260722729735455
2023-10-16 21:35:00,0.307546427992406,-0.25617067395502413,-0.5504454308451061
2023-10-16 21:40:00,0.2883629963979561,-0.26229453953027365,-0.5984324045199907
2023-10-16 21:45:00,-0.36617687343222793,-0.25627009787243726,-0.5437589024144642
2023-10-16 21:50:00,-0.3255390919960092,-0.20797884355239635,0.8859516690195468
2023-10-16 21:55:00,-0.3632021956425793,-0.24200733431335442,-0.15758730882737781
2023-10-16 22:00:00,-0.6403426688868721,0.21470368160411005,-0.5326145632395727
2023-10-16 22:05:00,-0.6284535282878351,-0.24404727935557355,-0.42020662095661493
2023-10-16 22:10:00,-0.5864435839503227,-0.24717223929219007,-0.01108679827847229
2023-10-16 22:15:00,-0.4621043161518399,-0.23529193062019846,-0.053435849973585026
2023-10-16 22:20:00,-0.5022935154171561,-0.22268941247658378,-0.5113020934491991
2023-10-16 22:25:00,-0.51537351166462,-0.21251009319094072,-0.5942187229946434
2023-10-16 22:30:00,0.4974872376574872,0.09159650220069161,-0.6305601460624608
2023-10-16 22:35:00,0.5580711489503557,-0.1649712282799448,0.05442311953964688
2023-10-16 22:40:00,0.6568051222357394,-0.12042150860824413,0.9996634938474145
2023-10-16 22:45:00,0.5700037561624528,-0.14882284492668818,-0.09692851405642061
2023-10-16 22:50:00,0.4850819335368733,-0.18919393458718275,-0.41555754856032684
2023-10-16 22:55:00,0.43761129107199936,-0.21621465589982392,-0.5713384346721502
2023-10-16 23:00:00,0.6335678116839721,0.4379058580773563,-0.6538625802056269
2023-10-16 23:05:00,0.6271100648679419,-0.2695991066858057,-0.5280041645380078
2023-10-16 23:10:00,0.6354503020206955,-0.24606200800036035,-0.619266013518583
2023-10-16 23:15:00,-0.38213182058445894,-0.19189798855410078,-0.7428852270693292
2023-10-16 23:20:00,-0.4021381923989792,-0.21280440148298468,-0.4861575135030057
2023-10-16 23:25:00,-0.39399421030089027,-0.22367784494261092,-0.46654097155296703
2023-10-16 23:30:00,-0.1019429800708766,0.05159072909114333,-0.7243467053608013
2023-10-16 23:35:00,-0.11081537589438263,-0.2244980805963676,-0.905673161969845
2023-10-16 23:40:00,-0.1072411944020543,-0.2144494744277519,-0.844748149188648
2023-10-16 23:45:00,-0.16836529985663104,-0.1987729891882348,-0.7124543318548057
2023-10-16 23:50:00,-0.1631823972960189,-0.20788908064041908,-0.6107620159214235
2023-10-16 23:55:00,-0.14105293860687004,-0.2247515925900265,-0.5500186885858946
2023-10-17 00:00:00,-0.21704844037083085,0.019035675570229622,-0.578899335397037
2023-10-17 00:15:00,0.17182274749543544,-0.1846605881328118,-0.7985792506633331
2023-10-17 00:20:00,0.1818306314887467,-0.16129562284746793,-0.9983479682405012
2023-10-17 00:25:00,0.16496958057677513,-0.15909672945282383,-1.0028411809784785
2023-10-17 00:30:00,-0.21529244364951858,-0.17819464146210692,-1.0788666524720738
2023-10-17 00:35:00,-0.23352898464782135,-0.17431391315701034,-1.0891782427592902
2023-10-17 00:40:00,-0.23300933103766977,-0.17291892227987005,-0.9393211561309954
2023-10-17 00:45:00,-0.11076217639435057,-0.19684545692635452,-0.823879263618175
2023-10-17 00:50:00,-0.09489164516313972,-0.19885002875653834,-0.9243028274017846
2023-10-17 00:55:00,-0.11572322808534538,-0.2153640081747898,-0.7778057774213674
2023-10-17 01:00:00,0.09033483961477741,-0.26781937475600787,-0.7465851844701927
2023-10-17 01:05:00,0.10246544922432242,-0.16578352281790085,-1.1534295908646621
2023-10-17 01:10:00,0.05775494205039169,-0.1759728144766228,-1.0661438316479324
2023-10-17 01:15:00,-0.5340287048805352,-0.16895629462304848,-1.1172895831485112
2023-10-17 01:20:00,-0.5175877760421991,-0.15790692965642517,-1.2226478838509374
2023-10-17 01:25:00,-0.5166501476418818,-0.16148801856191888,-1.2165545246779061
2023-10-17 01:30:00,-0.12769000501629563,-0.29410725936779963,-1.131733449447008
2023-10-17 01:35:00,-0.12745831468077534,-0.18433478804179135,-1.2423207880551208
2023-10-17 01:40:00,-0.11708012205407636,-0.1829835810919511,-1.1922178369616363
2023-10-17 01:45:00,-0.9786232949673712,-0.16959254059172874,-1.2083591539509733
2023-10-17 01:50:00,-0.9438441849696566,-0.1660165019977725,-1.2181812876208225
2023-10-17 01:55:00,-0.9746235663772056,-0.19902354176635798,-0.946730386125177
2023-10-17 02:00:00,-1.0342535853133108,-0.5924962028760304,-1.0430356694532639
2023-10-17 02:05:00,-1.0628367710228723,-0.1803054613567271,-1.1589110262291693
2023-10-17 02:10:00,-1.0660430195024493,-0.18719416842706618,-1.0516433181849167
2023-10-17 02:15:00,-1.1586526565643849,-0.19676895361807897,-1.1202378855133774
2023-10-17 02:20:00,-1.1369057551391122,-0.1744334641802119,-1.2903795536791933
2023-10-17 02:25:00,-1.1678874328630646,-0.1801021610936276,-1.2256857930044662
2023-10-17 02:30:00,-1.0799475460236232,-0.9671369072726517,-1.1123470312131578
2023-10-17 02:35:00,-1.0656238947452616,-0.2040055466706944,-1.032591339281411
2023-10-17 02:40:00,-1.0359917107858843,-0.19181231931028056,-1.1403253006492557
2023-10-17 02:45:00,-1.2724895417178672,-0.1973787451818716,-1.0382582791131776
2023-10-17 02:50:00,-1.239142709034727,-0.1869514105468189,-1.0834275027431954
2023-10-17 02:55:00,-1.2670428096490987,-0.18946669646170564,-0.990377835463347
2023-10-17 03:00:00,-1.2533899890676887,-0.9434212213561025,-1.1191104448771816
2023-10-17 03:05:00,-1.2750091073206926,-0.18090253204301562,-1.3136179767940326
2023-10-17 03:10:00,-1.2912323975161493,-0.16326284754084766,-1.4626318512278011
2023-10-17 03:15:00,-1.0386529986945867,-0.18799795732532115,-1.4600963032001673
2023-10-17 03:20:00,-1.0475244364640424,-0.1870121973501396,-1.4708647814778313
2023-10-17 03:25:00,-1.0494544749168675,-0.19067395701268422,-1.399288234453822
2023-10-17 03:30:00,-1.6202187659574574,-1.0543057941937726,-1.3168570183294879
2023-10-17 03:35:00,-1.6073586516287144,-0.17367638531206614,-1.1258632317138284
2023-10-17 03:40:00,-1.5955751091164474,-0.20110829631215205,-0.8581552833941616
2023-10-17 03:45:00,-1.573887967978828,-0.20528289140766962,-0.7452729056703006
2023-10-17 03:50:00,-1.595451914230636,-0.18648659876564422,-0.9738728217308062
2023-10-17 03:55:00,-1.6239161963882205,-0.17366860646059715,-1.0991211070116678
2023-10-17 04:00:00,-1.407458149292308,-1.0985638612457334,-1.1746968569409608
2023-10-17 04:05:00,-1.3923039649047264,-0.16537792258875927,-1.1575221490718381
2023-10-17 04:10:00,-1.380588929408353,-0.17085099702678558,-1.1010861698629355
2023-10-17 04:15:00,-0.9730604543046212,-0.17939598381396188,-1.096354776731909
2023-10-17 04:20:00,-0.957374412687501,-0.1993646633951551,-0.9570535804324538
2023-10-17 04:25:00,-0.9261582526085003,-0.22732693707016355,-0.6804678838240571
2023-10-17 04:30:00,-0.738286053508089,-1.1494907051183223,-0.5166794013960084
2023-10-17 04:35:00,-0.7216748873291321,-0.21772199140243545,-0.6482171571722113
2023-10-17 04:40:00,-0.7569966829223563,-0.1966499575137817,-0.8805950532186279
2023-10-17 04:45:00,-0.6951097536143905,-0.16556823478971575,-1.2257577582452621
2023-10-17 04:50:00,-0.7079786192930028,-0.16806619047528407,-1.1972370403274362
2023-10-17 04:55:00,-0.720365373201989,-0.17542751481598062,-1.128997428690476
2023-10-17 05:00:00,-0.6719725926491239,-0.6303851859534091,-1.0317838392734104
2023-10-17 05:05:00,-0.6560243026303988,-0.1809307418189723,-1.063907433561034
2023-10-17 05:10:00,-0.665273124660605,-0.1824033156941581,-1.0965362106265863
2023-10-17 05:15:00,-0.6753613427672,-0.169409027948918,-1.1241122732870643
2023-10-17 05:20:00,-0.6927425454916287,-0.18327420838243716,-1.0381875850345583
2023-10-17 05:25:00,-0.6857842648006373,-0.17786010770825877,-1.038049274023224
2023-10-17 05:30:00,-0.4909004671950384,-0.493793298220496,-0.9442142706824825
2023-10-17 05:35:00,-0.4518909402286446,-0.19489276576926046,-0.8896919020621185
2023-10-17 05:40:00,-0.49721513602993495,-0.21048565435180724,-0.824562058541418
2023-10-17 05:45:00,-0.10837755310134327,-0.2326597858148696,-0.7830550850566512
2023-10-17 05:50:00,-0.10132990359858823,-0.2408043298535653,-0.6929147079706199
2023-10-17 05:55:00,-0.11522906393775227,-0.24491980209439163,-0.6352475849145308
2023-10-17 06:00:00,-0.1642165675200422,-0.5649111613363376,-0.7718978524510274
2023-10-17 06:05:00,-0.16143184494077023,-0.20501121788987609,-0.8188673747655528
2023-10-17 06:10:00,-0.16049120042558865,-0.20179625330842096,-0.8184516719220659
2023-10-17 06:15:00,-0.3910116055329712,-0.21089246654295882,-0.7765292356342082
2023-10-17 06:20:00,-0.3955517570672202,-0.2213510727017754,-0.6852700143061042
2023-10-17 06:25:00,-0.36784044932235044,-0.22438879237505008,-0.6425597847927491
2023-10-17 06:30:00,-0.5543029318823507,-0.41722835633264777,-0.5489860064374749
2023-10-17 06:35:00,-0.5462059817507817,-0.2467212509941154,-0.380924967248797
2023-10-17 06:40:00,-0.5288915378235708,-0.25239629358426835,-0.2983783357400487
2023-10-17 06:45:00,-0.4408899109705905,-0.2682370307201448,-0.1716977072470702
2023-10-17 06:50:00,-0.4612929644880335,-0.28115426595208926,-0.017010837414218338
2023-10-17 06:55:00,-0.42808522142939726,-0.2711157848619335,-0.08176104033034244
2023-10-17 07:00:00,-0.17570639800597299,-0.12511641832734607,0.057432287926806394
2023-10-17 07:05:00,-0.14875809509008478,-0.2928856826637128,0.11814097009222951
2023-10-17 07:10:00,-0.1684188071917867,-0.2967098092619192,0.10535768903721707
2023-10-17 07:15:00,0.10941882293166244,-0.3035898689735501,-0.04120127073130752
2023-10-17 07:20:00,0.12315922521772109,-0.29917135418841684,0.06214202586344071
2023-10-17 07:25:00,0.139882505515429,-0.2977047681516313,0.13166894693913023
2023-10-17 07:30:00,0.02014449019874005,0.7191681623716973,0.24959642711128524
2023-10-17 07:35:00,0.028742031362309465,-0.3083274402185126,0.3739145845716579
2023-10-17 07:40:00,0.03739214441670583,-0.30279411497200964,0.28984874648256154
2023-10-17 07:45:00,0.2345364158823977,-0.31134853767376375,0.17351027526275747
2023-10-17 07:50:00,0.2183888825733377,-0.31027245916110047,0.11576723455473656
2023-10-17 07:55:00,0.22538459727148344,-0.31046343865327825,0.15755958635153053
2023-10-17 08:00:00,-0.01195774780968462,-0.297139365274026,0.23368477589255218
2023-10-17 08:05:00,-0.03565231125379103,-0.28231795124564263,0.26135253022916477
2023-10-17 08:10:00,-0.014351373617518008,-0.27122028899934386,0.0880339557296535
2023-10-17 08:15:00,0.12473002743301521,-0.290298680065106,0.096719600934854
2023-10-17 08:20:00,0.12301768186009637,-0.28222352519879684,-0.040766054527804
2023-10-17 08:25:00,0.11723149386569288,-0.2721806054888714,-0.16919586954877822
2023-10-17 08:30:00,-0.17500825732719663,0.29312148476765726,-0.10028913828242234
2023-10-17 08:35:00,-0.19749089875551945,-0.2643106373179089,-0.19209321591136497
2023-10-17 08:40:00,-0.20830696267255888,-0.2568462673576818,-0.23430054697612238
2023-10-17 08:45:00,-0.30649103337086736,-0.25202371353315034,-0.29072201919673674
2023-10-17 08:50:00,-0.28685255643588575,-0.24420015748641696,-0.4072751431530148
2023-10-17 08:55:00,-0.31381293594834375,-0.2551082918779973,-0.38032840863483114
2023-10-17 09:00:00,-0.15307882870881168,1.4568300149449294,-0.45565567510946403
2023-10-17 09:05:00,-0.13675061998739355,-0.2804605855587591,-0.342656174231717
2023-10-17 09:10:00,-0.1663674195156838,-0.2787453099528491,-0.4808228682118088
2023-10-17 09:15:00,-0.6129141327620552,-0.2536760629614018,-0.5168854858023426
2023-10-17 09:20:00,-0.6250168110723612,-0.2603598963646282,-0.48213453411659596
2023-10-17 09:25:00,-0.6290227656308846,-0.261073521962543,-0.5375841663906706
2023-10-17 09:30:00,-0.5513913813120491,0.5613420512586581,-0.47599384996816274
2023-10-17 09:35:00,-0.5520246418342992,-0.2849604030975223,-0.4949883528341805
2023-10-17 09:40:00,-0.5545077443821704,-0.28946104699600533,-0.44468530832848574
2023-10-17 09:45:00,-0.8375186447160637,-0.25425312605044703,-0.6232887463775351
2023-10-17 09:50:00,-0.8646347348981065,-0.26150703828634164,-0.5754821612089425
2023-10-17 09:55:00,-0.8674516617064567,-0.2685984835712369,-0.414102401693871
2023-10-17 10:00:00,-0.8179736687888748,0.39335082422287243,-0.3626108570391624
2023-10-17 10:05:00,-0.782172499801692,-0.25710825854696984,-0.3702211201599902
2023-10-17 10:10:00,-0.786446649083199,-0.2668604334241787,-0.3194189364717783
2023-10-17 10:15:00,-0.832695757881927,-0.2839334624890871,-0.33264238341161073
2023-10-17 10:20:00,-0.8608873704523854,-0.3015174130291662,-0.27185270453133886
2023-10-17 10:25:00,-0.8273842319825498,-0.27492729289858236,-0.3991023837085324
2023-10-17 10:30:00,-0.5729868318338863,0.5791792499372435,-0.3185493425794167
2023-10-17 10:35:00,-0.5586249438360228,-0.28870720930958,-0.2351378446771915
2023-10-17 10:40:00,-0.5896210642980353,-0.286496758252273,-0.3086413579632932
2023-10-17 10:45:00,-0.00338964082190118,-0.31836095993608193,-0.384311471915033
2023-10-17 10:50:00,-0.013505711940583488,-0.3245758501696703,-0.33523291001385597
2023-10-17 10:55:00,-0.0075139886340366,-0.3092833552725143,-0.4273156945920131
2023-10-17 11:00:00,-0.22272741932647744,0.6496043582403392,-0.47092808574655926
2023-10-17 11:05:00,-0.22583033168183464,-0.29986051530728375,-0.6884565486003948
2023-10-17 11:10:00,-0.24399143047690958,-0.2942481400231324,-0.7566209813216886
2023-10-17 11:15:00,-0.7862040332596287,-0.24412070305759703,-0.8209356654033985
2023-10-17 11:20:00,-0.8097707173716159,-0.2509531664712551,-0.810766406282906
2023-10-17 11:25:00,-0.8137391352703665,-0.2495059593768439,-0.851771582474408
2023-10-17 11:30:00,-0.7496756563076338,0.3202730535175431,-0.8578896162255274
2023-10-17 11:35:00,-0.7454363248664427,-0.2725206102036068,-0.7723432998317483
2023-10-17 11:40:00,-0.7409258245856971,-0.260425414097383,-0.8811821265423238
2023-10-17 11:45:00,-0.5760466121567582,-0.26156516828309223,-0.9471451490643309
2023-10-17 11:50:00,-0.5786332779268314,-0.2668755354475401,-0.9115189199556716
2023-10-17 11:55:00,-0.6004469807689616,-0.2658870307661948,-0.9352635676182228
2023-10-17 12:00:00,-0.2397727142660077,-0.22367832065471818,-0.958734301578795
2023-10-17 12:05:00,-0.23458320064441376,-0.28778769944459875,-1.0222933275975845
2023-10-17 12:10:00,-0.2169789322853704,-0.26711413840189263,-1.1721955033694924
2023-10-17 12:15:00,-0.39023925477024707,-0.2708898334196046,-1.0845012299957608
2023-10-17 12:20:00,-0.38485022119791246,-0.270689341796705,-1.086857185316173
2023-10-17 12:25:00,-0.3831564311012706,-0.2632435305034291,-1.1655470527134801
2023-10-17 12:30:00,-0.885104769080807,-0.5948112857171328,-1.1647147918155514
2023-10-17 12:35:00,-0.9012459345058657,-0.2393954717089702,-1.1362175557889498
2023-10-17 12:40:00,-0.9108819177883795,-0.23963068222684983,-1.1327036910052837
2023-10-17 12:45:00,-0.7078685165042583,-0.24386213039515592,-1.2187659493153051
2023-10-17 12:50:00,-0.6981456121138643,-0.2401921164987014,-1.2274006321474482
2023-10-17 12:55:00,-0.6960174875138156,-0.2569988000705762,-1.0484282811505075
2023-10-17 13:00:00,-0.72196143748112,-0.6095959646781615,-1.1192586623992125
2023-10-17 13:05:00,-0.7264117846639713,-0.24954638674545507,-1.2300943729104392
2023-10-17 13:10:00,-0.7249649350028259,-0.25717766270746406,-1.1294762287639601
2023-10-17 13:15:00,-1.0884936831699823,-0.24386557564493827,-0.9853956707651923
2023-10-17 13:20:00,-1.0982350755878798,-0.2594573926284708,-0.8642357105231799
2023-10-17 13:25:00,-1.1046680066413566,-0.26455491790137203,-0.8116002976731665
2023-10-17 13:30:00,-0.7278495316553144,-0.7657094416232249,-1.0518860622119284
2023-10-17 13:35:00,-0.7175684752714491,-0.25911769583548994,-1.0461090202018355
2023-10-17 13:40:00,-0.7324483260924313,-0.268597936241393,-0.9411884054383804
2023-10-17 13:45:00,-0.6581896559160102,-0.2620107260177765,-1.0250252948540501
2023-10-17 13:50:00,-0.6547656156489398,-0.27001297563497806,-0.957918644040289
2023-10-17 13:55:00,-0.6622022079049527,-0.271527323620088,-1.0272660151506123
2023-10-17 14:00:00,-0.31512261119338786,-0.6724527379403111,-1.1301251368165495
2023-10-17 14:05:00,-0.32704139970135876,-0.29609114946710297,-1.0083882358904512
2023-10-17 14:10:00,-0.33123294108098744,-0.30577987055588396,-0.8859236215212409
2023-10-17 14:15:00,-0.996131439360538,-0.2636725044527123,-0.798500546411368
2023-10-17 14:20:00,-0.979738488551076,-0.24501765258424835,-0.9817750661792641
2023-10-17 14:25:00,-0.9641720747556995,-0.25120775569933074,-0.9591996301020886
2023-10-17 14:30:00,-0.43236412360251747,-0.8360989788775608,-0.9203534960534886
2023-10-17 14:35:00,-0.4104205109625401,-0.28480065042931757,-0.9981450049745487
2023-10-17 14:40:00,-0.41993998328536997,-0.2814920987067194,-1.0676614729376412
2023-10-17 14:45:00,-0.6638273497248047,-0.2498011442835994,-1.2788214985615822
2023-10-17 14:50:00,-0.6538121983653411,-0.257206100729577,-1.1645035580382825
2023-10-17 14:55:00,-0.6435980185008658,-0.2544549269390051,-1.0983508533388318
2023-10-17 15:00:00,-0.838999139048666,-0.4406623605117043,-0.9912108094175024
2023-10-17 15:05:00,-0.8041421539504536,-0.2386632179127701,-1.1279625485912799
2023-10-17 15:10:00,-0.844619651391192,-0.24333627683905737,-1.118061468994119
2023-10-17 15:15:00,-0.24585352839459795,-0.28719998028975974,-1.1680846492567583
2023-10-17 15:20:00,-0.25957791019177545,-0.30204404210348373,-1.0434637060944512
2023-10-17 15:25:00,-0.23335279949180027,-0.2913842774706304,-1.0669818685107666
2023-10-17 15:30:00,-0.899353058739557,-0.2409364929564469,-1.0184293851236776
2023-10-17 15:35:00,-0.9298667194972885,-0.2538692520224963,-0.9005047026199285
2023-10-17 15:40:00,-0.927475083144664,-0.2523375073435597,-0.9151141210958045
2023-10-17 15:45:00,-0.5155100614174881,-0.2850140221613226,-0.8663779763612364
2023-10-17 15:50:00,-0.5231750469921873,-0.2797673804470739,-0.9496724919098691
2023-10-17 15:55:00,-0.5347694805285882,-0.2826418958630223,-0.9100266953534308
2023-10-17 16:00:00,-0.8388939353340311,-0.34955560801598046,-0.9001596999386192
2023-10-17 16:05:00,-0.8214868388142714,-0.25414845797333374,-1.0665232492878975
2023-10-17 16:10:00,-0.8182292362680768,-0.2576870320751036,-0.987302169541483
2023-10-17 16:15:00,-0.3941982861095542,-0.2769614252841744,-1.0202094244027227
2023-10-17 16:20:00,-0.3938956899379311,-0.27192344971899524,-1.095365205955978
2023-10-17 16:25:00,-0.3987642305850869,-0.2897580589117169,-0.9237137388430307
2023-10-17 16:30:00,-0.2524651264051015,-0.6864824330917884,-0.9316028403160035
2023-10-17 16:35:00,-0.2472525281003226,-0.3053512117185471,-0.8255576971616503
2023-10-17 16:40:00,-0.26167698379163573,-0.314802366195278,-0.7762458161634923
2023-10-17 16:45:00,-0.62560873982779,-0.29867792265706483,-0.8752383375299448
2023-10-17 16:50:00,-0.6433308976993907,-0.3044137190338735,-0.8199236150319881
2023-10-17 16:55:00,-0.6288504899986086,-0.31118283450687145,-0.6962201034421173
2023-10-17 17:00:00,-0.49548538739788245,-0.6123526526630074,-0.8677472539415202
2023-10-17 17:05:00,-0.4873327552173478,-0.2815902130782785,-0.8752475546079788
2023-10-17 17:10:00,-0.47686343559416783,-0.28202004613338033,-0.8349960735291073
2023-10-17 17:15:00,-0.3515598965072111,-0.2754373878038675,-0.9203572261011964
2023-10-17 17:20:00,-0.3347734538191773,-0.2702948145262495,-0.9945808584815528
2023-10-17 17:25:00,-0.3452472098868525,-0.2853614470101517,-0.8189071375619514
2023-10-17 17:30:00,-0.2319800048536079,-0.6095889306322693,-0.8603935463807805
2023-10-17 17:35:00,-0.2408499198627131,-0.27698032286809593,-0.9194010292063054
2023-10-17 17:40:00,-0.2426865392566169,-0.27837030699240306,-0.9372954996718011
2023-10-17 17:45:00,-0.45213429045815007,-0.25659144345187923,-0.9144338897257728
2023-10-17 17:50:00,-0.4429200140770165,-0.2585816412478439,-0.9044493195941506
2023-10-17 17:55:00,-0.44470092665079264,-0.26853064376417274,-0.828465968098842
2023-10-17 18:00:00,-0.1996154250791283,-0.31094002409023963,-0.9361777652610379
2023-10-17 18:05:00,-0.16969291499111128,-0.254114350670896,-1.0312638440822728
2023-10-17 18:10:00,-0.1367495820393648,-0.24002118329588865,-1.1078543394541744
2023-10-17 18:15:00,-0.5154619789047576,-0.23448188579952048,-1.049764231958796
2023-10-17 18:20:00,-0.48561365170916626,-0.22370851244578924,-1.09906223954283
2023-10-17 18:25:00,-0.5225278294706662,-0.23788279836413775,-1.0033993398959815
2023-10-17 18:30:00,-0.36812692689043414,-0.6040028185061107,-0.9874117781321402
2023-10-17 18:35:00,-0.3754117636795664,-0.25244417853458495,-1.0379850431904065
2023-10-17 18:40:00,-0.3461404036137306,-0.2363144246415289,-1.1322014006535512
2023-10-17 18:45:00,-0.5264831607457104,-0.2484142058748637,-0.9615039789809172
2023-10-17 18:50:00,-0.5370402992655434,-0.2376376370445489,-1.1260249328446437
2023-10-17 18:55:00,-0.5147882631795131,-0.2160326441469394,-1.2767997931093258
2023-10-17 19:00:00,-0.5925778623578666,-0.3740457633929363,-1.189863837388529
2023-10-17 19:05:00,-0.6334063612445537,-0.24562934820753413,-1.0598070607870616
2023-10-17 19:10:00,-0.675630462583559,-0.2634130089534882,-0.8962743035009386
2023-10-17 19:15:00,-0.9179969686495782,-0.23176012090761494,-0.9605353616491826
2023-10-17 19:20:00,-0.927824116468884,-0.2239234297516218,-1.0552816305469823
2023-10-17 19:25:00,-0.9109996641031948,-0.2179052448870998,-1.130126658878769
2023-10-17 19:30:00,-0.7611622795294019,-0.1572856287037982,-1.0854181304862733
2023-10-17 19:35:00,-0.7506443649157145,-0.24846577074139714,-1.0290919912063297
2023-10-17 19:40:00,-0.7470925641556282,-0.24838117194834775,-1.0342178625614757
2023-10-17 19:45:00,-0.950116313098853,-0.22770075111002694,-1.0163718109750952
2023-10-17 19:50:00,-0.9669119791961748,-0.2290755806583652,-1.0018884041504688
2023-10-17 19:55:00,-0.9617670014028712,-0.224521503915384,-1.0511962783063546
2023-10-17 20:00:00,-0.2185996170792294,-0.7859227402734247,-1.0936207450652704
2023-10-17 20:05:00,-0.22880247583735222,-0.2542751885535805,-1.110286941640611
2023-10-17 20:10:00,-0.24114172242653403,-0.2678575651800375,-1.011460439952052
2023-10-17 20:15:00,-0.7499868476572601,-0.21212317587302756,-1.1355319631102927
2023-10-17 20:20:00,-0.7543717560788117,-0.2042379321871833,-1.2612721834986431
2023-10-17 20:25:00,-0.7554494718926,-0.2054974410191465,-1.2660935137221778
2023-10-17 20:30:00,-0.9528280118285033,-0.7503470745507561,-1.221118640293485
2023-10-17 20:35:00,-0.9832437935204772,-0.21576593191600604,-1.0662650870146186
2023-10-17 20:40:00,-0.9849084581720425,-0.21085915481047704,-1.1247532137317124
2023-10-17 20:45:00,-1.0108267279223226,-0.21366793688511596,-1.1454866796029572
2023-10-17 20:50:00,-0.9971304404568163,-0.22001154425703798,-1.0772157449132524
2023-10-17 20:55:00,-0.9721503484993902,-0.2190879070287622,-1.0666966390243584
2023-10-17 21:00:00,-1.2663761719902273,-0.9714320414431431,-1.06066425706065
2023-10-17 21:05:00,-1.2700253033043933,-0.20815163958986793,-1.1363600352763825
2023-10-17 21:10:00,-1.246928136570966,-0.1926534380540753,-1.2943937131090488
2023-10-17 21:15:00,-0.7561932858777788,-0.22331408808208336,-1.2610814798475274
2023-10-17 21:20:00,-0.7766499501162754,-0.22614074616472352,-1.2176030169723149
2023-10-17 21:25:00,-0.7729263035788833,-0.22249247538568492,-1.2750387159966194
2023-10-17 21:30:00,-0.9006109972448898,-0.9176647535018594,-1.2096982359796336
2023-10-17 21:35:00,-0.8875039855610112,-0.22645291877298257,-1.1765930836820289
2023-10-17 21:40:00,-0.918897845001709,-0.23989166762350425,-1.0763571506895513
2023-10-17 21:45:00,-1.1210578570062157,-0.21265960366774617,-1.169113537214122
2023-10-17 21:50:00,-1.1137621468134933,-0.21821605069470962,-1.149920354220902
2023-10-17 21:55:00,-1.0908160720808775,-0.20029703552198458,-1.1922716632755883
2023-10-17 22:00:00,-0.8285952054238176,-0.8529415925816869,-1.0812998443776882
2023-10-17 22:05:00,-0.8439208667136572,-0.2357685109509602,-1.0811497950589664
2023-10-17 22:10:00,-0.8280845668880575,-0.22848417121784848,-1.1637857465417418
2023-10-17 22:15:00,-0.7993368636100379,-0.22477039222284062,-1.2357063756578919
2023-10-17 22:20:00,-0.8245727355127359,-0.2339696743065455,-1.1349223445045429
2023-10-17 22:25:00,-0.7970302240651566,-0.23485236507961862,-1.1231985643674132
2023-10-17 22:30:00,-0.7742607568275514,-0.9806294956838193,-1.1005982618799988
2023-10-17 22:35:00,-0.7823079143270902,-0.23941155929438293,-1.138037884807395
2023-10-17 22:40:00,-0.7784670241010446,-0.23781165044584734,-1.1287935288557855
2023-10-17 22:45:00,-0.8800621006321748,-0.22175095964708788,-1.1914580177901974
2023-10-17 22:50:00,-0.8774812962759475,-0.21889107146361622,-1.2575318474859027
2023-10-17 22:55:00,-0.8727161790290318,-0.22156916317519837,-1.197729753762178
2023-10-17 23:00:00,-0.7422463509461067,-0.2321977963674648,-1.1712004252362125
2023-10-17 23:05:00,-0.7477417776686682,-0.23030682372880476,-1.124415510609506
2023-10-17 23:10:00,-0.7466940811307606,-0.22550630170353275,-1.111103346089991
2023-10-17 23:15:00,-1.0141460148738475,-0.20757957537183166,-1.0884656558077253
2023-10-17 23:20:00,-0.9907181056954084,-0.20711092733694983,-1.042831799814713
2023-10-17 23:25:00,-1.0015015768101665,-0.21565137470016146,-0.9909231910179488
2023-10-17 23:30:00,-0.4777929623640569,-0.7315311902430031,-1.1197629613153635
2023-10-17 23:35:00,-0.47319050042247623,-0.22475050243597577,-1.1392152057283986
2023-10-17 23:40:00,-0.44281382706951683,-0.22337222033543877,-1.1439821779528665
2023-10-17 23:45:00,-0.5139027876063998,-0.22314558160989717,-1.0296204949400796
2023-10-17 23:50:00,-0.5057701700499979,-0.2184907280117036,-1.064399359412633
2023-10-17 23:55:00,-0.5070164527497864,-0.21992803632688002,-1.0949083585408375
2023-10-18 00:00:00,-0.46114118891448513,-0.7752591859981057,-0.5857282786882403
2023-10-18 00:15:00,-0.10943410523937258,-0.22388907098513766,-1.0989163751429156
2023-10-18 00:20:00,-0.10686202011798346,-0.23749435988934717,-0.990982747241201
2023-10-18 00:25:00,-0.11785797966613154,-0.23736895056105617,-1.032469911713228
2023-10-18 00:30:00,-0.026667038048067155,-0.8540879541684595,-1.0887222195915778
2023-10-18 00:35:00,-0.02135800534124095,-0.22345288215989084,-1.1593302270892614
2023-10-18 00:40:00,-0.04978275140148023,-0.23656400072871328,-1.0091233234596821
2023-10-18 00:45:00,0.09081202917766382,-0.23491046566084792,-0.9704106569308942
2023-10-18 00:50:00,0.11403255162773562,-0.22119656250134945,-1.0747387611935155
2023-10-18 00:55:00,0.09857065147734911,-0.21664692465249705,-1.1131132580048262
2023-10-18 01:00:00,0.2476043604209718,-0.7750572302321407,-1.1289495702556833
2023-10-18 01:05:00,0.3219083609663477,-0.17282154230218577,-1.4900564700423113
2023-10-18 01:10:00,0.3269467603671783,-0.17776282321456177,-1.4128364981179882
2023-10-18 01:15:00,1.0709733727993827,-0.20424794152301085,-1.4623568035968664
2023-10-18 01:20:00,1.0666455137919408,-0.2051299699898042,-1.531030665260149
2023-10-18 01:25:00,1.0626048520971907,-0.20321344313941136,-1.5702653451709914
2023-10-18 01:30:00,1.2420990679192878,-0.7888721279573785,-1.4962231411686404
2023-10-18 01:35:00,1.2324283722626337,-0.18647175473232422,-1.541850149280325
2023-10-18 01:40:00,1.2344858809077062,-0.19972689578874323,-1.4309737862531275
2023-10-18 01:45:00,1.4204946199453221,-0.19340753506797803,-1.3535704472261276
2023-10-18 01:50:00,1.4210940949106006,-0.19234126009051694,-1.3370380974875151
2023-10-18 01:55:00,1.4200216795609564,-0.1926665148503031,-1.3564280400309021
2023-10-18 02:00:00,1.8372492263013545,-0.7781566284338929,-1.4402391730716761
2023-10-18 02:05:00,1.7672234251746786,-0.23950409650432888,-1.1835501564422972
2023-10-18 02:10:00,1.7547963511819555,-0.25268846573446074,-1.02756265606635
2023-10-18 02:15:00,1.7077654359671732,-0.23097989572641292,-1.112409868312262
2023-10-18 02:20:00,1.70997617947101,-0.2314329078129295,-1.0795961186538916
2023-10-18 02:25:00,1.7091055143362828,-0.23735358140741356,-1.075428834585453
2023-10-18 02:30:00,1.5754027192003568,-0.6474576227871306,-1.08150956702628
2023-10-18 02:35:00,1.5715126703971745,-0.22666923505125403,-1.1555857796158175
2023-10-18 02:40:00,1.5778087196286537,-0.2278821389636671,-1.1028429495603835
2023-10-18 02:45:00,1.780869486169652,-0.22871273662655922,-1.097389123383934
2023-10-18 02:50:00,1.7751689326179705,-0.22781064061459208,-1.086332447363892
2023-10-18 02:55:00,1.7709758616328815,-0.23329376490910964,-1.056274806863777
2023-10-18 03:00:00,1.6416022011547033,-0.6704026964476114,-0.9981332307224812
2023-10-18 03:05:00,1.6683974821211662,-0.22427487021410708,-1.1766274288612666
2023-10-18 03:10:00,1.6755058306546387,-0.21341364616431518,-1.2648951981195748
2023-10-18 03:15:00,1.6712177861199893,-0.22258718573782046,-1.167861459517709
2023-10-18 03:20:00,1.6699262581187275,-0.2341025759645861,-1.0734292684502302
2023-10-18 03:25:00,1.679338988027947,-0.2284742284358188,-1.1374096735762746
2023-10-18 03:30:00,1.5850191106103,-0.7287949807109003,-1.0770248723733742
2023-10-18 03:35:00,1.5814782049796594,-0.23860810662728052,-0.9566318777005368
2023-10-18 03:40:00,1.5836665013237963,-0.23749748675680254,-0.9909107639143107
2023-10-18 03:45:00,1.6737031784930578,-0.2304994563189074,-1.121723293708256
2023-10-18 03:50:00,1.6864215597047827,-0.23134705859738688,-1.0970485085500983
2023-10-18 03:55:00,1.6864607086368057,-0.2284540368072983,-1.13403171788278
2023-10-18 04:00:00,1.451113482539658,-0.6859224048251693,-1.1158834651555372
2023-10-18 04:05:00,1.4605212947582045,-0.2129407486432553,-1.1420053288424237
2023-10-18 04:10:00,1.434468721733267,-0.22245693360348814,-1.056610793417303
2023-10-18 04:15:00,1.4356771585898112,-0.22434079811917967,-1.0674110155670598
2023-10-18 04:20:00,1.4501536808743902,-0.2226036475368686,-1.0745162384261862
2023-10-18 04:25:00,1.442004299429497,-0.22925641036413497,-1.0035531266621025
2023-10-18 04:30:00,1.7625355200330812,-0.6570661133641782,-0.9998802105685258
2023-10-18 04:35:00,1.7502937588443601,-0.23945137468917482,-1.0362219948111522
2023-10-18 04:40:00,1.7600802903268373,-0.23702985261301793,-1.0448168096100123
2023-10-18 04:45:00,1.5350606571136889,-0.2227093067702714,-1.014635912006868
2023-10-18 04:50:00,1.522858897036982,-0.22865484189587298,-0.9553034014162054
2023-10-18 04:55:00,1.5344063315549297,-0.22893309811987894,-0.8815862111233028
2023-10-18 05:00:00,1.9994364441594092,-0.5602704477890549,-0.8340990653599449
2023-10-18 05:05:00,2.017603396874055,-0.2635472672161248,-0.9234477837108478
2023-10-18 05:10:00,2.0105079137751223,-0.26042876674283505,-0.9276207148299762
2023-10-18 05:15:00,1.8161491398665286,-0.23803789274521034,-0.8872034307028942
2023-10-18 05:20:00,1.8228732025116536,-0.2421941642110742,-0.890100645352973
2023-10-18 05:25:00,1.8289707493091112,-0.24383107385358024,-0.851390008980608
2023-10-18 05:30:00,1.9136090850825156,-0.45712663776495,-0.8573262402421356
2023-10-18 05:35:00,1.9006102854498665,-0.25233833674838185,-0.78484872546607
2023-10-18 05:40:00,1.931000395836386,-0.24394363010078202,-0.8634705006232335
2023-10-18 05:45:00,2.2508536965213524,-0.26785404419231523,-0.7471307632377534
2023-10-18 05:50:00,2.2468815974484206,-0.2625480176361742,-0.7485546543080732
2023-10-18 05:55:00,2.2692766347381776,-0.25711024127129073,-0.7218852350558644
2023-10-18 06:00:00,2.0897069812359987,-0.38480570259293134,-0.5929097445157637
2023-10-18 06:05:00,2.102011685703657,-0.2545858981651104,-0.6396150588259134
2023-10-18 06:10:00,2.1001296529446334,-0.2500215108418199,-0.6694997304890958
2023-10-18 06:15:00,2.1103549828219124,-0.2583195971810543,-0.6694229716544658
2023-10-18 06:20:00,2.0859431898408882,-0.26382252131936335,-0.6934955056033278
2023-10-18 06:25:00,2.1061428366756636,-0.26550542759087076,-0.6287240478627069
2023-10-18 06:30:00,2.1944670047406323,-0.28222333638474495,-0.6267900543295295
2023-10-18 06:35:00,2.2118915258503873,-0.282801330558724,-0.558631530751191
2023-10-18 06:40:00,2.1886707069391123,-0.29063370518943465,-0.4455197785299408
2023-10-18 06:45:00,1.978930304436163,-0.2815705467485426,-0.47032434563445946
2023-10-18 06:50:00,1.9944910277742225,-0.2786003575954629,-0.4656919872222919
2023-10-18 06:55:00,1.975126078537231,-0.27022272837786016,-0.5987834536970289
2023-10-18 07:00:00,1.6311816133218946,-0.1544944622094771,-0.5468733515308564
2023-10-18 07:05:00,1.6158863682474052,-0.275474955700367,-0.3495938604379346
2023-10-18 07:10:00,1.6229705662234986,-0.2642344802049056,-0.41518045500606066
2023-10-18 07:15:00,1.6521575770777472,-0.28055084696562876,-0.4490483020413063
2023-10-18 07:20:00,1.671148555996155,-0.27197041301456254,-0.5571287300465363
2023-10-18 07:25:00,1.6647364823008661,-0.2836848710631007,-0.4494515543620931
2023-10-18 07:30:00,1.253743719196695,-0.012364998029410657,-0.4278494416750177
2023-10-18 07:35:00,1.2635145885176446,-0.25017416129889836,-0.5331591892385921
2023-10-18 07:40:00,1.2607952687673467,-0.2487688098004121,-0.4283494117802382
2023-10-18 07:45:00,1.6096615611486658,-0.2705727450997286,-0.4977479541393261
2023-10-18 07:50:00,1.622075617983264,-0.28395717090881595,-0.44598355485697727
2023-10-18 07:55:00,1.6175697220417329,-0.2900653595491774,-0.3907744393990996
2023-10-18 08:00:00,1.270950771505795,0.08237016366639932,-0.42421064803820685
2023-10-18 08:05:00,1.2552261278311754,-0.28239140451427996,-0.3401279769505018
2023-10-18 08:10:00,1.2464460904900492,-0.2682298153198172,-0.48161706699648094
2023-10-18 08:15:00,1.614197871828556,-0.3007856406657812,-0.48562093299621906
2023-10-18 08:20:00,1.6160833906177154,-0.3050116090681903,-0.41922891101143017
2023-10-18 08:25:00,1.5894172021803312,-0.31565990466017946,-0.4565921152969936
2023-10-18 08:30:00,1.1969804930560486,2.776497967601239,-0.50970153909252
2023-10-18 08:35:00,1.1871739490136979,-0.2880493324069891,-0.4463083561088395
2023-10-18 08:40:00,1.1947208179223778,-0.2801584604441855,-0.5888739302221829
2023-10-18 08:45:00,1.0558122727652282,-0.278367616042104,-0.55591193012905
2023-10-18 08:50:00,1.0430942414472555,-0.2788892666457898,-0.5277294658471485
2023-10-18 08:55:00,1.0450258244144546,-0.2780139230124133,-0.4977660195289357
2023-10-18 09:00:00,1.5630219634409233,0.9152915721221991,-0.5144410643870497
2023-10-18 09:05:00,1.5911655023867044,-0.3022904763852382,-0.5695458455974725
2023-10-18 09:10:00,1.566091351441369,-0.3135492515324408,-0.5001984215958496
2023-10-18 09:15:00,1.104081031241471,-0.27294162907821434,-0.4450728671977969
2023-10-18 09:20:00,1.0925162181584656,-0.2701805359749163,-0.43201628324762537
2023-10-18 09:25:00,1.0795277743006224,-0.26992958708191744,-0.47312045292392635
2023-10-18 09:30:00,1.268044157313167,1.3048081909441696,-0.40802340006922777
2023-10-18 09:35:00,1.2605475069409449,-0.28038087748107393,-0.45227579347529556
2023-10-18 09:40:00,1.243134772135533,-0.2887015384362177,-0.3526762457300749
2023-10-18 09:45:00,1.3357539352507548,-0.2939687932693328,-0.45009667676375775
2023-10-18 09:50:00,1.3354609814862894,-0.30035947915049166,-0.4327720662187899
2023-10-18 09:55:00,1.3318410514588324,-0.3083237616453637,-0.35326542776149283
2023-10-18 10:00:00,0.866055998080929,0.3481967342376235,-0.31822667194352416
2023-10-18 10:05:00,0.8618871250255856,-0.2829343887540567,-0.3113816387863765
2023-10-18 10:10:00,0.8666687350226193,-0.2617832300940235,-0.469786849021774
2023-10-18 10:15:00,1.1773953059858768,-0.28560682517495967,-0.4601815646455106
2023-10-18 10:20:00,1.2162414975965647,-0.27856199612744376,-0.5435772717652966
2023-10-18 10:25:00,1.180879163183834,-0.30513870133140847,-0.40305352772820696
2023-10-18 10:30:00,0.8084273657837745,2.211527801609966,-0.4571830867359498
2023-10-18 10:35:00,0.8235886621613813,-0.29583030080475015,-0.473947576360774
2023-10-18 10:40:00,0.8422474826876066,-0.29220546315111534,-0.46432975701741624
2023-10-18 10:45:00,0.7038047784903032,-0.29139914474700335,-0.4163101320567948
2023-10-18 10:50:00,0.7126987084877974,-0.2806340694448023,-0.4405672897108807
2023-10-18 10:55:00,0.7061955051626894,-0.284350909017736,-0.4516895073166768
2023-10-18 11:00:00,1.0005845890067802,0.2439127308528804,-0.35778356413605594
2023-10-18 11:05:00,1.0090846552686514,-0.3020823449350404,-0.30389775527883306
2023-10-18 11:10:00,0.9898677329981895,-0.30245962970009355,-0.3578887397456373
2023-10-18 11:15:00,1.0211390754036402,-0.29325639847826473,-0.5762254170590716
2023-10-18 11:20:00,1.01057759142219,-0.2894766226001425,-0.610292589093885
2023-10-18 11:25:00,1.0157676227013364,-0.2854782088337408,-0.662468234715778
2023-10-18 11:30:00,1.1585323990810747,0.2678975057886162,-0.679867169602548
2023-10-18 11:35:00,1.1488684652025523,-0.28829948190141047,-0.5841978964068713
2023-10-18 11:40:00,1.1679940945880827,-0.2881736581673119,-0.6387571388934246
2023-10-18 11:45:00,1.5907520248049352,-0.31196112538863147,-0.6596752523389173
2023-10-18 11:50:00,1.584397288402169,-0.308127202216653,-0.7528741302555682
2023-10-18 11:55:00,1.5761113469150902,-0.3048391971603644,-0.8451299388609436
2023-10-18 12:00:00,1.38826579861885,0.0277333158003169,-0.8178681089202878
2023-10-18 12:05:00,1.3908109271620859,-0.2899035479507414,-0.8368656402479293
2023-10-18 12:10:00,1.3881221325493283,-0.30136560454755684,-0.708593917202104
2023-10-18 12:15:00,0.7151044822447964,-0.2800480368024617,-0.6013452375106212
2023-10-18 12:20:00,0.711343931077182,-0.2899500525889388,-0.5228741505260817
2023-10-18 12:25:00,0.7286783599158813,-0.2774319611180176,-0.673461206471059
2023-10-18 12:30:00,0.9456912426850325,-0.20136890263742885,-0.6930152130738348
2023-10-18 12:35:00,0.9400550678237618,-0.28093211229242604,-0.7728762737342302
2023-10-18 12:40:00,0.9340642984645221,-0.2967141974812855,-0.5928001030998651
2023-10-18 12:45:00,1.3320989065859574,-0.3299234671803176,-0.5922140834224175
2023-10-18 12:50:00,1.325915605060526,-0.3230771755624171,-0.6482250171782302
2023-10-18 12:55:00,1.3257580172067016,-0.322140145546543,-0.6447660673228315
2023-10-18 13:00:00,0.6797776426452129,-0.13254072655016622,-0.652266018596155
2023-10-18 13:05:00,0.7053818793545638,-0.27698664336324513,-0.6884638842330731
2023-10-18 13:10:00,0.7002509206303962,-0.27167362420845864,-0.7016491517985903
2023-10-18 13:15:00,1.486803856262484,-0.30724051405821984,-0.7658565336337729
2023-10-18 13:20:00,1.4922216428382433,-0.31214000749345777,-0.7097302686665191
2023-10-18 13:25:00,1.4999686686047151,-0.3254354100253593,-0.608258363228059
2023-10-18 13:30:00,1.794180290767004,-0.18747351701568865,-0.6803451338842472
2023-10-18 13:35:00,1.7940478670008853,-0.3268277252358158,-0.7172304321513755
2023-10-18 13:40:00,1.7946465304491548,-0.32611897354853703,-0.7303529148167883
2023-10-18 13:45:00,1.570189849420555,-0.3012599048939063,-0.6894708937140193
2023-10-18 13:50:00,1.5688474613778693,-0.30667331176367013,-0.6198536315730316
2023-10-18 13:55:00,1.5777813623048418,-0.31098410903796264,-0.6154721479334488
2023-10-18 14:00:00,1.595880616543511,-0.3089597311518341,-0.538203116797777
2023-10-18 14:05:00,1.6046598571876936,-0.31274743795924065,-0.44798917556459955
2023-10-18 14:10:00,1.6091414704969567,-0.3193024330797541,-0.3902588384849369
2023-10-18 14:15:00,1.8506427208774507,-0.3283219400940045,-0.4519195194001506
2023-10-18 14:20:00,1.860148539158875,-0.3365011327351733,-0.3507734910981775
2023-10-18 14:25:00,1.8697956008462993,-0.33569715545543716,-0.3294294468735031
2023-10-18 14:30:00,1.7536856504977332,0.10836477998436707,-0.3275153500890868
2023-10-18 14:35:00,1.7494268160961686,-0.32220355934960127,-0.20406782583028485
2023-10-18 14:40:00,1.7457205690916375,-0.31666048486088766,-0.2640717290018755
2023-10-18 14:45:00,1.4993154729340425,-0.29544670837403963,-0.3470920952116743
2023-10-18 14:50:00,1.498795178064397,-0.28861289261693096,-0.374689374470264
2023-10-18 14:55:00,1.491635235852034,-0.29653150982656323,-0.2959562058914875
2023-10-18 15:00:00,1.5054382616754982,-0.08665403117414654,-0.33530754278647024
2023-10-18 15:05:00,1.4877342099314703,-0.3118773712071108,-0.31774947003198734
2023-10-18 15:10:00,1.4773272669729536,-0.31262630708465566,-0.30851824587853344
2023-10-18 15:15:00,1.6589189737369872,-0.3149520086235019,-0.19078942841308777
2023-10-18 15:20:00,1.6634583314694675,-0.3039368612103425,-0.31931194880477637
2023-10-18 15:25:00,1.659221858671582,-0.2999185155497313,-0.3976551216655406
2023-10-18 15:30:00,2.5128727275582996,-0.12980688456598896,-0.3217697744442185
2023-10-18 15:35:00,2.5228864608970887,-0.3547706564406886,-0.22162036347361672
2023-10-18 15:40:00,2.5157159690698707,-0.35801622200399513,-0.21708387624421724
2023-10-18 15:45:00,2.4833930600718914,-0.353057087993592,-0.38638555772767097
2023-10-18 15:50:00,2.4984976390727844,-0.36153880841100045,-0.1967385482370299
2023-10-18 15:55:00,2.505730064481408,-0.36177470584183974,-0.20055560071280037
2023-10-18 16:00:00,2.4857507129427887,-0.22289425029378487,0.04315804185206878
2023-10-18 16:05:00,2.4722974806327027,-0.3463242796158163,-0.16508308157937907
2023-10-18 16:10:00,2.497087403607621,-0.3340125132344944,-0.32241620745879673
2023-10-18 16:15:00,1.7368219570251398,-0.2971812487996068,-0.384150765588174
2023-10-18 16:20:00,1.7316533213203298,-0.30411247333551517,-0.37924970974471545
2023-10-18 16:25:00,1.7163798375109507,-0.30651710954104544,-0.3537584161580342
2023-10-18 16:30:00,1.675840678537815,-0.32744602656321203,-0.2417413162090297
2023-10-18 16:35:00,1.6625521829076302,-0.3106232301347062,-0.13533821374539862
2023-10-18 16:40:00,1.6402449048742207,-0.3061446272155779,-0.21503985871321726
2023-10-18 16:45:00,1.584998188444544,-0.3254021401494768,-0.3295521169721811
2023-10-18 16:50:00,1.6160861996958291,-0.3276428581265394,-0.3251082807096153
2023-10-18 16:55:00,1.5930054262388575,-0.32829954180095017,-0.21876470594264547
2023-10-18 17:00:00,1.559044266221278,-0.270933111641579,-0.23508585524523484
2023-10-18 17:05:00,1.5465739859674332,-0.3401276630392902,-0.125814640973846
2023-10-18 17:10:00,1.5641486475552002,-0.33695788234310053,-0.12969118680774908
2023-10-18 17:15:00,1.6083197558630187,-0.32441978376915387,-0.2138474415001303
2023-10-18 17:20:00,1.608162827380249,-0.32697985520875494,-0.22595612514319688
2023-10-18 17:25:00,1.5909691167013498,-0.33105664936902696,-0.22173206421984598
2023-10-18 17:30:00,1.6775297025248852,-0.40167264773588157,-0.28772846088857285
2023-10-18 17:35:00,1.7122563819657701,-0.3119097760578691,-0.26746308172663885
2023-10-18 17:40:00,1.7154342748312412,-0.31581534006872763,-0.23432582259105203
2023-10-18 17:45:00,2.0188387718018146,-0.32334120068593086,-0.2657936811200844
2023-10-18 17:50:00,2.036215782196588,-0.3269106489582208,-0.25987871690645237
2023-10-18 17:55:00,2.0460599326207154,-0.32240679355793406,-0.2966191724764113
2023-10-18 18:00:00,2.3727559468535873,-0.2865636479151904,-0.3472323483757319
2023-10-18 18:05:00,2.3894037733981213,-0.32338357530029316,-0.2633595818168884
2023-10-18 18:10:00,2.3982357733960904,-0.3257678698824933,-0.26191909001755925
2023-10-18 18:15:00,2.6272551747939428,-0.3142091598981827,-0.2419837997725159
2023-10-18 18:20:00,2.6284044563625555,-0.3168864282581729,-0.19805390577432957
2023-10-18 18:25:00,2.6433922022581213,-0.29492633767459675,-0.36155962414589093
2023-10-18 18:30:00,3.041365619292626,-0.10724397791991581,-0.35467666758001415
2023-10-18 18:35:00,3.022449971683107,-0.3451837149536293,-0.12208152016605048
2023-10-18 18:40:00,3.0273760237343215,-0.3398342468861801,-0.1205347489885613
2023-10-18 18:45:00,2.8983764517970014,-0.32345134451391877,-0.09072044985912041
2023-10-18 18:50:00,2.8982172904934833,-0.3285818421701724,-0.13297661764363242
2023-10-18 18:55:00,2.906323068543737,-0.3221104336569075,-0.3043169896730541
2023-10-18 19:00:00,2.5181640209517253,-0.2118486476293509,-0.330969654860068
2023-10-18 19:05:00,2.5098695986815374,-0.3112686656298197,-0.2109061793753022
2023-10-18 19:10:00,2.5292814524699194,-0.306374359869814,-0.10945225554013154
2023-10-18 19:15:00,2.0908620576888466,-0.30663415146984724,-0.12882767139392529
2023-10-18 19:20:00,2.101776799284008,-0.307596713179086,-0.21057321110912197
2023-10-18 19:25:00,2.104882416541967,-0.2994003222803966,-0.2117658842244231
2023-10-18 19:30:00,1.3650873648807256,-0.06806533052285176,-0.1692831834757813
2023-10-18 19:35:00,1.3836312264319703,-0.2717894906573691,-0.2933749443174769
2023-10-18 19:40:00,1.3889136719415973,-0.26652908506251594,-0.3070941633844088
2023-10-18 19:45:00,0.9097791073660645,-0.25318284299367516,-0.3177172891924119
2023-10-18 19:50:00,0.9079915104605544,-0.2572756574047617,-0.4000785814078379
2023-10-18 19:55:00,0.9080939961611547,-0.2559366877592445,-0.4171033530588639
2023-10-18 20:00:00,0.31445251091344606,0.10665165068025026,-0.4369692678899401
2023-10-18 20:05:00,0.321062701616192,-0.24313131568174795,-0.3894108758441283
2023-10-18 20:10:00,0.33433490451424625,-0.22822065362381064,-0.45729786883767953
2023-10-18 20:15:00,-0.3908447179728337,-0.23503559437120766,-0.39360009778396626
2023-10-18 20:20:00,-0.3670769078992485,-0.21995232466762685,-0.5138330967288419
2023-10-18 20:25:00,-0.3796460842479398,-0.2429607390562677,-0.22094735366886017
2023-10-18 20:30:00,-0.7824429221961986,-0.0015123680019915283,-0.24525172672371723
2023-10-18 20:35:00,-0.8058419171043307,-0.235378895859101,-0.2931685665283913
2023-10-18 20:40:00,-0.8324699146620962,-0.24830423793944303,-0.2121223716493247
2023-10-18 20:45:00,-1.2239412248406873,-0.24416975809817637,-0.2599260955487853
2023-10-18 20:50:00,-1.2169386411022685,-0.23684246424809705,-0.27513317335596943
2023-10-18 20:55:00,-1.2117884207651988,-0.2411185631822715,-0.2754863665222401
2023-10-18 21:00:00,-1.6268127364758531,0.034709476261348876,-0.283777325836046
2023-10-18 21:05:00,-1.5963790269117806,-0.2334730965082525,-0.2607030843420976
2023-10-18 21:10:00,-1.5939062087598408,-0.2237659401067969,-0.36272397136920187
2023-10-18 21:15:00,-1.812358541444333,-0.23851988341430885,-0.297965792863169
2023-10-18 21:20:00,-1.828106451164925,-0.2363141108059075,-0.2369948499563545
2023-10-18 21:25:00,-1.8386006976938323,-0.24246952355259532,-0.23495613388618894
2023-10-18 21:30:00,-2.328158967941379,-0.232980525635911,-0.2890180157755535
2023-10-18 21:35:00,-2.311018745100122,-0.22483088067185647,-0.43640344753905264
2023-10-18 21:40:00,-2.3064486838580347,-0.22303162117018638,-0.37148355802763006
2023-10-18 21:45:00,-2.4138317235636775,-0.2228675569151405,-0.3972936286021853
2023-10-18 21:50:00,-2.4288396374888026,-0.22482758443370712,-0.39359364782859585
2023-10-18 21:55:00,-2.4414872764854936,-0.23755392128157532,-0.2743892436032546
2023-10-18 22:00:00,-2.681391140851116,-0.11692160549594707,-0.3912013060966068
2023-10-18 22:05:00,-2.678897454439718,-0.21592406663180297,-0.35052964127184344
2023-10-18 22:10:00,-2.680804624428494,-0.2272819289188524,-0.20224604068594926
2023-10-18 22:15:00,-2.7383323903531585,-0.23405530402960917,-0.1774836629462691
2023-10-18 22:20:00,-2.73802009675074,-0.22313350177510732,-0.3543059713323319
2023-10-18 22:25:00,-2.7400247636321224,-0.22010420256520147,-0.3587880367338492
2023-10-18 22:30:00,-2.773158394360361,0.2628639257542322,-0.5088881023574597
2023-10-18 22:35:00,-2.800986736667526,-0.21890304328223378,-0.43503673209939303
2023-10-18 22:40:00,-2.80704007537899,-0.2189893340814872,-0.38700662064058317
2023-10-18 22:45:00,-3.120536432954771,-0.21389402257270196,-0.5046945149459245
2023-10-18 22:50:00,-3.1151007886742947,-0.20523953618447568,-0.6200887251501329
2023-10-18 22:55:00,-3.119407616151939,-0.201506887860202,-0.5874713361874666
2023-10-18 23:00:00,-3.2015153448653,0.2943122546643546,-0.6933119328940968
2023-10-18 23:05:00,-3.2063990965277145,-0.20366495294803383,-0.6631178766333967
2023-10-18 23:10:00,-3.2009663390637826,-0.19634916923200504,-0.6816347714431427
2023-10-18 23:15:00,-3.1885655094031717,-0.19173164251713315,-0.8073801632411659
2023-10-18 23:20:00,-3.1837187801149107,-0.18848820796767077,-0.8342180213016999
2023-10-18 23:25:00,-3.2141184966700345,-0.19771394559129496,-0.6986131987636799
2023-10-18 23:30:00,-3.202543736460119,0.2236626937959757,-0.7327265217859749
2023-10-18 23:35:00,-3.1933165018915957,-0.18650260828176982,-0.823344388400969
2023-10-18 23:40:00,-3.184469507808782,-0.18849789222941396,-0.846359041458759
2023-10-18 23:45:00,-3.1945816669119753,-0.18994317626573157,-0.8232660444517634
2023-10-18 23:50:00,-3.1891398516629,-0.18359892860490884,-0.8767733698252137
2023-10-18 23:55:00,-3.1969790856269578,-0.1912333722171899,-0.8770431391307859
2023-10-19 00:00:00,-3.1626632622226944,0.1601561964608593,-0.5634652693465115
2023-10-19 00:15:00,-3.183134203850306,-0.2060159441318889,-0.6919272729904293
2023-10-19 00:20:00,-3.167078399103904,-0.212505975867828,-0.5779378216887924
2023-10-19 00:25:00,-3.153513419795592,-0.2246154391502748,-0.4993563269757796
2023-10-19 00:30:00,-3.184708020284929,0.02503682100757048,-0.17594981019168157
2023-10-19 00:35:00,-3.161216767702167,-0.20175582263718678,-0.08766075498751247
2023-10-19 00:40:00,-3.1908477279555916,-0.2055364092863462,-0.486726013042767
2023-10-19 00:45:00,-3.210017814749564,-0.20784905342693083,-0.6069959838006492
2023-10-19 00:50:00,-3.222792986391197,-0.20761630970292227,-0.7063544645632873
2023-10-19 00:55:00,-3.2170679023739774,-0.18609254289182675,-0.7141715134023363
2023-10-19 01:00:00,-3.2231043900316747,0.25712979104882405,-0.6129796594413636
2023-10-19 01:05:00,-3.21897956617328,-0.19136460595889387,-0.792419821137618
2023-10-19 01:10:00,-3.213591080454189,-0.1868973193094693,-0.6137911495775241
2023-10-19 01:15:00,-3.1120721896506898,-0.20198965261348636,-0.4575326019128448
2023-10-19 01:20:00,-3.1097447536860825,-0.2104129613560601,-0.41094722205553114
2023-10-19 01:25:00,-3.1055437606988057,-0.20740092450488665,-0.47009431517692485
2023-10-19 01:30:00,-3.2192726766926523,0.05813965874682142,-0.6487436538183474
2023-10-19 01:35:00,-3.200975448396869,-0.18343778416615739,-0.7025648762961761
2023-10-19 01:40:00,-3.211548041889639,-0.19419060925223278,-0.4386077355755434
2023-10-19 01:45:00,-3.118641480977216,-0.1792330064012536,-0.3441694630754544
2023-10-19 01:50:00,-3.112020907029055,-0.18149987785360747,-0.34869585740972736
2023-10-19 01:55:00,-3.123111990275829,-0.1906168381818863,-0.22214127936903022
2023-10-19 02:00:00,-3.0280854292613104,0.25540489845176345,-0.27868589679778155
2023-10-19 02:05:00,-3.0396467203600284,-0.18395761412844341,0.19318448282359396
2023-10-19 02:10:00,-3.0266475291014725,-0.1675498763485973,0.004693171246721558
2023-10-19 02:15:00,-2.327617311178584,-0.1842842389569585,-0.0014687907703407536
2023-10-19 02:20:00,-2.3213079525881866,-0.18434862366120203,-0.02585490550823088
2023-10-19 02:25:00,-2.312106321751466,-0.1865007810764387,-0.2211071301097033
2023-10-19 02:30:00,-1.783803727972933,0.6959433341549316,-0.076464063949827
2023-10-19 02:35:00,-1.7612392986667198,-0.18525043484782844,-0.17517439351832628
2023-10-19 02:40:00,-1.7855069734465263,-0.1983363374944053,-0.266508477408097
2023-10-19 02:45:00,-1.0837904471513633,-0.20176165904823715,-0.2683375643302172
2023-10-19 02:50:00,-1.073103216275987,-0.19093740263225512,-0.39723805584888666
2023-10-19 02:55:00,-1.0641311554895574,-0.18192708464418486,-0.2711116021526685
2023-10-19 03:00:00,-1.0310707167487394,0.5580567590894752,-0.1325428198470654
2023-10-19 03:05:00,-1.0317758205015355,-0.18554642324226994,-0.46631017850240003
2023-10-19 03:10:00,-1.0223652163550603,-0.17783703654074,-0.5710633889629848
2023-10-19 03:15:00,-1.041910316200037,-0.17516340410567102,-0.45475146793637194
2023-10-19 03:20:00,-1.0441365996864809,-0.1728560129381935,-0.40617091308753384
2023-10-19 03:25:00,-1.0283210908074518,-0.17318480175479023,-0.47433093162447637
2023-10-19 03:30:00,-0.873236868687853,0.4300752453449973,-0.5721807306417891
2023-10-19 03:35:00,-0.8966338276457703,-0.18627637161869134,-0.6371259962493584
2023-10-19 03:40:00,-0.9052470160949062,-0.18724093962848262,-0.6089598132323194
2023-10-19 03:45:00,-1.0640724730116693,-0.18070942507374604,-0.3963558117416307
2023-10-19 03:50:00,-1.0523135136273962,-0.17838556745792106,-0.6185452346335463
2023-10-19 03:55:00,-1.0938181426032634,-0.18638098672998146,-0.5218937183647978
2023-10-19 04:00:00,-1.248132859978853,0.3276175821014916,-0.31154247601427615
2023-10-19 04:05:00,-1.2357942183978003,-0.17282648908868756,-0.5639550349879847
2023-10-19 04:10:00,-1.2396364065018792,-0.17064091494464484,-0.7378948639025289
2023-10-19 04:15:00,-1.560918079018755,-0.16447554349033702,-0.9392723680198269
2023-10-19 04:20:00,-1.567059449161224,-0.16309538994838527,-0.9123233027953922
2023-10-19 04:25:00,-1.5605792807128862,-0.15220288821943415,-0.7736168828108381
2023-10-19 04:30:00,-1.8227050477850613,0.2564104588975327,-0.7230647586664147
2023-10-19 04:35:00,-1.821938076457438,-0.15964196720796514,-0.8127661449888962
2023-10-19 04:40:00,-1.854956422053086,-0.16550112507874457,-1.0213777766845409
2023-10-19 04:45:00,-1.9812749792094515,-0.1547690925110788,-1.2274454111071198
2023-10-19 04:50:00,-1.9744563929219727,-0.14377735840214662,-1.0672460903204042
2023-10-19 04:55:00,-1.9673443550721934,-0.14499249519244192,-0.8120687599337405
2023-10-19 05:00:00,-1.7724087952111884,-0.1638038264545815,-0.865063797780527
2023-10-19 05:05:00,-1.7964419773446438,-0.16636170208177134,-0.9635502455328928
2023-10-19 05:10:00,-1.8112926457748317,-0.1544870460993456,-1.0644002681840539
2023-10-19 05:15:00,-2.062888584185235,-0.14876301168485484,-1.0089440525156448
2023-10-19 05:20:00,-2.0652225750814615,-0.15406145401907695,-1.082407503978206
2023-10-19 05:25:00,-2.0762506727156116,-0.15295988604794752,-1.0356712162810175
2023-10-19 05:30:00,-1.993547228364516,-0.438854189312989,-1.073062832201286
2023-10-19 05:35:00,-1.999618289095561,-0.1856780168578681,-1.0939552823496013
2023-10-19 05:40:00,-1.9875453436979582,-0.19593921268354153,-1.0257962850120095
2023-10-19 05:45:00,-1.9063338244701815,-0.19598111354707837,-1.0184712645403726
2023-10-19 05:50:00,-1.9003773172182568,-0.18199934866511522,-1.0690117048762497
2023-10-19 05:55:00,-1.8946646564407876,-0.17894299575034756,-1.1953224003547895
2023-10-19 06:00:00,-1.9828100033486793,-1.1771575650298216,-1.257639747002641
2023-10-19 06:05:00,-1.962944899195255,-0.16956619012219085,-1.3198831612966702
2023-10-19 06:10:00,-1.9586086319048621,-0.1732851670594275,-1.2890767180099532
2023-10-19 06:15:00,-1.6202930636888437,-0.18307932853955086,-1.2773400139005064
2023-10-19 06:20:00,-1.62820386351556,-0.2011059996252695,-1.0800499918482511
2023-10-19 06:25:00,-1.5986488134821462,-0.2014510419216388,-0.9892641755907298
2023-10-19 06:30:00,-1.55230103991184,-1.1072445102278183,-1.0934399580099432
2023-10-19 06:35:00,-1.610342862246882,-0.19917781453773126,-1.0802457122966445
2023-10-19 06:40:00,-1.6117336747462043,-0.21061527149901996,-0.9088162915861562
2023-10-19 06:45:00,-1.1622098311943259,-0.23168001128276453,-0.8446922818430793
2023-10-19 06:50:00,-1.1492239960436985,-0.24338684603804225,-0.7747214874473851
2023-10-19 06:55:00,-1.1601714523572981,-0.2530433061917873,-0.6290160097552806
2023-10-19 07:00:00,-1.2649764855266536,-1.374918589872774,-0.5639613819896118
2023-10-19 07:05:00,-1.281240336939111,-0.22898857465230169,-0.7442969210906794
2023-10-19 07:10:00,-1.2854889434662649,-0.23465365401573995,-0.7165597289848561
2023-10-19 07:15:00,-0.8147222919890996,-0.22710877982780828,-0.7942056458979957
2023-10-19 07:20:00,-0.8409665899695655,-0.23897439696800377,-0.7005909649600282
2023-10-19 07:25:00,-0.8180824827505072,-0.230706280518858,-0.752430756773143
2023-10-19 07:30:00,-1.000921504906362,0.777007486192637,-0.7360418291918819
2023-10-19 07:35:00,-1.0110411252208986,-0.2371655033797513,-0.5882154003659065
2023-10-19 07:40:00,-1.0098095126315991,-0.24045727672540726,-0.5332557459358215
2023-10-19 07:45:00,-2.061759196122523,-0.2195523742385698,-0.4987235135479898
2023-10-19 07:50:00,-2.0492792922375753,-0.21941230150755076,-0.547964565509114
2023-10-19 07:55:00,-2.0435731293015196,-0.22063574846588777,-0.5265574372909805
2023-10-19 08:00:00,-2.4522147766321254,-0.20382486935808053,-0.5703611696799974
2023-10-19 08:05:00,-2.4591055087473097,-0.2235222982627866,-0.6092464403448401
2023-10-19 08:10:00,-2.485778886049904,-0.2168191696910087,-0.6195511019777608
2023-10-19 08:15:00,-2.9315256346103107,-0.18697801315538615,-0.705496865085822
2023-10-19 08:20:00,-2.912172391695676,-0.18924854345918746,-0.7424318201803011
2023-10-19 08:25:00,-2.9022068318581464,-0.19737970251814965,-0.6403310251466029
2023-10-19 08:30:00,-2.212248623837802,-0.7131744754939483,-0.628716004231809
2023-10-19 08:35:00,-2.2189931541485,-0.2093327182435152,-0.6235457630040973
2023-10-19 08:40:00,-2.2050036286090537,-0.2110533841963473,-0.5480138872536682
2023-10-19 08:45:00,-1.849837219544568,-0.2267265735914163,-0.5778906391739562
2023-10-19 08:50:00,-1.8678437394899334,-0.22577315243454854,-0.6534982651010003
2023-10-19 08:55:00,-1.8567311958066306,-0.22311807374817522,-0.6235256522979845
2023-10-19 09:00:00,-1.6532052373601398,-0.05591704471523982,-0.5893712670625031
2023-10-19 09:05:00,-1.6594612814216396,-0.2227778994184664,-0.5127669791864484
2023-10-19 09:10:00,-1.6772951628124702,-0.20342910173012674,-0.8027120835666876
2023-10-19 09:15:00,-1.7105244972245583,-0.21090362920667313,-0.7415219611489091
2023-10-19 09:20:00,-1.7125847169049127,-0.2024077072669311,-0.8326531319603884
2023-10-19 09:25:00,-1.7310225953279996,-0.19626082560419592,-0.9584500987029554
2023-10-19 09:30:00,-1.454076566549871,-0.5037466826510337,-1.0309160786074405
2023-10-19 09:35:00,-1.461766524467959,-0.18950181566595586,-1.2158599604362088
2023-10-19 09:40:00,-1.475869135838956,-0.20626350134103813,-1.1599253478117677
2023-10-19 09:45:00,-1.6617166252778872,-0.20646994869064003,-0.9500692505921404
2023-10-19 09:50:00,-1.6376220220050048,-0.21327419091387406,-0.8000163187818359
2023-10-19 09:55:00,-1.6399863745132544,-0.22328935932696964,-0.7000310299213067
2023-10-19 10:00:00,-1.4477005486895342,-1.635579300398417,-0.8335129864015868
2023-10-19 10:05:00,-1.4534475955799573,-0.2149932526758937,-1.0023953034107442
2023-10-19 10:10:00,-1.4580363573069992,-0.20758126025952262,-1.0357959254475615
2023-10-19 10:15:00,-1.2541936577250428,-0.22604558830850982,-0.8305449395194822
2023-10-19 10:20:00,-1.2254568243295385,-0.22042535932546578,-0.7775968336980787
2023-10-19 10:25:00,-1.2183014828760321,-0.2215822267335972,-0.7323474613719266
2023-10-19 10:30:00,-1.0924491051033443,-1.3521571253775402,-0.6899608107291086
2023-10-19 10:35:00,-1.0999551649445904,-0.22798117667245382,-0.8391172800033785
2023-10-19 10:40:00,-1.0953021615874898,-0.2329644512114925,-0.7465085510648021
2023-10-19 10:45:00,-0.28901571758719524,-0.2750228583442263,-0.7606405181817508
2023-10-19 10:50:00,-0.27073339275908564,-0.2633938077168833,-0.8806465249517843
2023-10-19 10:55:00,-0.2797322997332563,-0.2773725171161159,-0.7041439539774116
2023-10-19 11:00:00,-0.7488343088998434,-1.1917084319661588,-0.7013114239535314
2023-10-19 11:05:00,-0.7569149883926659,-0.2432148682414669,-0.5806478529592048
2023-10-19 11:10:00,-0.7269752504912507,-0.2451831534658068,-0.6536707570633924
2023-10-19 11:15:00,-0.6633927994896782,-0.23805724063967193,-0.8305252565902119
2023-10-19 11:20:00,-0.6835626280061352,-0.24728278841767354,-0.7478779307365918
2023-10-19 11:25:00,-0.673409076823601,-0.24585823578285398,-0.7005783150294141
2023-10-19 11:30:00,-0.2820798082046196,-0.585079045494414,-0.7148272512649785
2023-10-19 11:35:00,-0.3074211901925607,-0.2585631739128751,-0.756550460869648
2023-10-19 11:40:00,-0.3189837294853729,-0.26584665144357084,-0.7179759274867211
2023-10-19 11:45:00,-0.004945200990843095,-0.25253428249038234,-0.9050837452638906
2023-10-19 11:50:00,-0.015238703807034413,-0.2522655659419227,-0.9437832172567509
2023-10-19 11:55:00,-0.028314856175977118,-0.25062071400064967,-0.9331831600500543
2023-10-19 12:00:00,-0.4771958603600741,1.5084616912240847,-0.8550764655487292
2023-10-19 12:35:00,-0.6408546746277367,-0.22019344808959962,-0.8143357106094389
2023-10-19 12:40:00,-0.6439778260014296,-0.21764605678015828,-0.848461970985087
2023-10-19 12:45:00,-0.6599368534056832,-0.21767645414310607,-0.8912844342173984
2023-10-19 12:50:00,-0.6652981735481154,-0.21296731279837158,-0.9477127278597464
2023-10-19 12:55:00,-0.6732607791456247,-0.20456194095254382,-1.0224763993107517
2023-10-19 13:00:00,-0.7184976853708389,0.054817703091981654,-1.150558053255551
2023-10-19 13:05:00,-0.7209099687630136,-0.1867511692403401,-1.1951520873180939
2023-10-19 13:10:00,-0.712769670922732,-0.1983168952472933,-1.1377679602524204
2023-10-19 13:15:00,-0.620548277451727,-0.22255725625034903,-1.1288112979029996
2023-10-19 13:20:00,-0.6252500394098496,-0.2152932396683202,-1.1582154419340407
2023-10-19 13:25:00,-0.6254123081126989,-0.21164216085832827,-1.1374424641210983
2023-10-19 13:30:00,-0.6801901249244023,-0.9517917066053013,-1.0941519091099017
2023-10-19 13:35:00,-0.6901702067324205,-0.20011708225669494,-1.10970087827371
2023-10-19 13:40:00,-0.7407798033997857,-0.2233311377607433,-0.9862034539266289
2023-10-19 13:45:00,-0.4352444395881525,-0.19693899686239627,-1.0769156007976122
2023-10-19 13:50:00,-0.44505169822716134,-0.1957676779964626,-1.014929163160729
2023-10-19 13:55:00,-0.44391778504579676,-0.20348672541520282,-0.956184818527568
2023-10-19 14:00:00,-0.6284091292442275,-0.8444077981125331,-1.03237904132648
2023-10-19 14:05:00,-0.6156392957348348,-0.19797641477646155,-1.1479395377445032
2023-10-19 14:10:00,-0.5997938319961976,-0.20092107977846882,-0.9671212678065776
2023-10-19 14:15:00,-0.6156425936203113,-0.21821485056500747,-0.9164688081178597
2023-10-19 14:20:00,-0.6193664716378418,-0.20692614317234695,-1.0282906496717252
2023-10-19 14:25:00,-0.6317438272866637,-0.2025348432997007,-1.1527940784389872
2023-10-19 14:30:00,-0.6670245228294467,-1.1359869907768052,-1.0742654039112058
2023-10-19 14:35:00,-0.6636944704928275,-0.21151554896152122,-1.1336577171329538
2023-10-19 14:40:00,-0.6608617231885712,-0.21570260115670206,-1.1216252361773393
2023-10-19 14:45:00,-1.199214664808448,-0.18462706335800033,-1.0967680937970987
2023-10-19 14:50:00,-1.1975407936120153,-0.1896571043403235,-1.0594850325696932
2023-10-19 14:55:00,-1.2070778382454586,-0.1892246422484808,-1.0018184100781509
2023-10-19 15:00:00,-0.8711457385998319,-1.316726298811555,-1.030059517553873
2023-10-19 15:05:00,-0.8731504936314024,-0.19400059839807135,-1.004591426253113
2023-10-19 15:10:00,-0.8912871832520928,-0.20355015310064647,-1.0646033579716436
2023-10-19 15:15:00,-0.7255747014541537,-0.20860540238598932,-1.0171793819392152
2023-10-19 15:20:00,-0.7113507654200136,-0.20228088899945101,-1.0412779057622297
2023-10-19 15:25:00,-0.6966472005561777,-0.19704856573360807,-1.042350009941809
2023-10-19 15:30:00,-0.8400703950460615,-1.0639747074042467,-1.0099607728579925
2023-10-19 15:35:00,-0.861623632616922,-0.202863425311443,-0.9388720605825458
2023-10-19 15:40:00,-0.8487665292161087,-0.1967223266461755,-1.0626844190018
2023-10-19 15:45:00,-1.1328517303322478,-0.19428613907487263,-1.0628790791915914
2023-10-19 15:50:00,-1.133476150571733,-0.1996468092307406,-0.9816049574157817
2023-10-19 15:55:00,-1.1158075903211129,-0.19437130268977898,-1.1387515567925348
2023-10-19 16:00:00,-1.0955141844497993,-1.2398613248123813,-1.005071243980387
2023-10-19 16:05:00,-1.1116916728003878,-0.2134955124726345,-0.8937406253592179
2023-10-19 16:10:00,-1.0876020664545651,-0.20341064900160868,-0.9637620059669936
2023-10-19 16:15:00,-0.9368626850191255,-0.22558100171221346,-0.8795529710913617
2023-10-19 16:20:00,-0.9445586538051645,-0.2323268539496413,-0.8516957037640102
2023-10-19 16:25:00,-0.9369491513182027,-0.2272893408572696,-0.9192338272408953
2023-10-19 16:30:00,-0.7201591408040411,-1.2470050316382826,-0.9133371822945245
2023-10-19 16:35:00,-0.7538789367810218,-0.21141868478556614,-0.8812260298493731
2023-10-19 16:40:00,-0.7570289043044242,-0.20624203638270888,-0.9464749702160548
2023-10-19 16:45:00,-0.3141969663470232,-0.2316780238925382,-0.7740333756645283
2023-10-19 16:50:00,-0.29871688595439094,-0.23424812511001397,-0.5967125188175727
2023-10-19 16:55:00,-0.299451570770841,-0.2230306241746641,-0.9162620403564964
2023-10-19 17:00:00,-0.48729692715027245,-0.770290562113067,-1.0614192490968541
2023-10-19 17:05:00,-0.49603149065856517,-0.22263370105031158,-1.0394827688439647
2023-10-19 17:10:00,-0.5013436061922617,-0.23307296609947398,-0.947421111858096
2023-10-19 17:15:00,-0.8420223536412534,-0.21668847852302517,-0.9413844848025092
2023-10-19 17:20:00,-0.8382767530324401,-0.2266008973190441,-0.9106494547197661
2023-10-19 17:25:00,-0.8528455417847149,-0.231537000060254,-0.8631644929498667
2023-10-19 17:30:00,-1.3813077704869876,-0.23735980738908505,-0.9005205046278885
2023-10-19 17:35:00,-1.3763878294650884,-0.2148357392396744,-0.8571037652900931
2023-10-19 17:40:00,-1.3700003375257945,-0.21058784282437754,-0.8526544302771306
2023-10-19 17:45:00,-1.1395773820517743,-0.2188676528257197,-0.8489101778427097
2023-10-19 17:50:00,-1.1472007260052515,-0.2202959787980964,-0.8487255607695958
2023-10-19 17:55:00,-1.1572490920919787,-0.21449011400514748,-0.9313671108854286
2023-10-19 18:00:00,-1.2590031116289855,-0.8748270982748774,-0.9638145706073181
2023-10-19 18:05:00,-1.284479843290737,-0.21126568693913308,-0.9613308150489741
2023-10-19 18:10:00,-1.27448085900506,-0.2076861734679756,-1.0218763090944811
2023-10-19 18:15:00,-1.1752555318125195,-0.2139083270049928,-1.0060800885684322
2023-10-19 18:20:00,-1.1680127871501442,-0.2072070998892954,-1.0553267707164706
2023-10-19 18:25:00,-1.1738806370255968,-0.2114676725616546,-1.0381600926770689
2023-10-19 18:30:00,-1.0715707251139623,-1.1162689487834887,-1.0010858330698875
2023-10-19 18:35:00,-1.0774389686213621,-0.2155932499735853,-0.9827761927515992
2023-10-19 18:40:00,-1.078302524922777,-0.22226071907543174,-0.9069722812746415
2023-10-19 18:45:00,-1.045950178943703,-0.22255812076269782,-0.8857868139991264
2023-10-19 18:50:00,-1.0349995389804758,-0.23467834043974767,-0.7460394920272587
2023-10-19 18:55:00,-1.041507049194604,-0.24549048747699384,-0.5972796714383893
2023-10-19 19:00:00,-0.6699322478746081,-0.9667123550033091,-0.9900863064381019
2023-10-19 19:05:00,-0.6961756708004373,-0.22902366402471847,-1.0444194779367801
2023-10-19 19:10:00,-0.7072776536057381,-0.2347488462506742,-1.0176377106725492
2023-10-19 19:15:00,-0.27287308705518315,-0.22773575982771976,-1.1397944027880202
2023-10-19 19:20:00,-0.2754890745613164,-0.22807218503394225,-1.1126968790031253
2023-10-19 19:25:00,-0.2528687754628936,-0.22490452690500795,-1.169452027003175
2023-10-19 19:30:00,-0.6933166300824264,-1.051167274613905,-1.140042760355113
2023-10-19 19:35:00,-0.682768352771756,-0.20593232959903116,-1.1170895919135275
2023-10-19 19:40:00,-0.6801469680659377,-0.20666968560065238,-1.0999123614677273
2023-10-19 19:45:00,-0.7413379222093683,-0.2040708130174124,-1.2029135210534907
2023-10-19 19:50:00,-0.7601861371406866,-0.218000756273451,-1.1225138423440264
2023-10-19 19:55:00,-0.7538258886115433,-0.22394578646057592,-1.0357235886992846
2023-10-19 20:00:00,-0.8329393513488237,-0.22161662623625425,-1.0074756424452405
2023-10-19 20:05:00,-0.8047656842868343,-0.2401811842745964,-0.8175963938895005
2023-10-19 20:10:00,-0.7991805040682861,-0.26000219810032826,-0.6657747814256194
2023-10-19 20:15:00,-0.730121618303896,-0.2704064395793688,-0.5913434939332796
2023-10-19 20:20:00,-0.7247691773021354,-0.2511580898866381,-0.7591247742544239
2023-10-19 20:25:00,-0.763997658080892,-0.22584602033188253,-0.9858615511255833
2023-10-19 20:30:00,-0.13437957177153262,-0.8792089782385356,-1.139592494869466
2023-10-19 20:35:00,-0.1631499802608885,-0.22656972552783808,-1.0714124594342929
2023-10-19 20:40:00,-0.16343941341470924,-0.22847225162148818,-1.0680793963651005
2023-10-19 20:45:00,-0.5015732591165188,-0.19911632312253125,-1.2022575961713948
2023-10-19 20:50:00,-0.5099553167470955,-0.19190515911236675,-1.289624607976126
2023-10-19 20:55:00,-0.5050394342990325,-0.1890021798999299,-1.2836861477124684
2023-10-19 21:00:00,-0.4486786719195482,-1.2769720122354238,-1.1308193442560621
2023-10-19 21:05:00,-0.43736280331744676,-0.20620045759515768,-1.1862747200361228
2023-10-19 21:10:00,-0.4527631463898665,-0.21735803242900634,-1.1156596735065198
2023-10-19 21:15:00,-0.5128267453446805,-0.2141646768223469,-1.0763276262447372
2023-10-19 21:20:00,-0.514183067158326,-0.21885987534346718,-1.0742544036354147
2023-10-19 21:25:00,-0.5050930743621419,-0.21867093965137058,-1.0521487541484569
2023-10-19 21:30:00,-0.2438485813728323,-1.3662896375908846,-1.0070090368254152
2023-10-19 21:35:00,-0.24233439461781311,-0.2153044426025806,-1.0872333051386645
2023-10-19 21:40:00,-0.24111797602242316,-0.22112035788634363,-1.1069149264034708
2023-10-19 21:45:00,-0.03673890946674684,-0.22718846752303742,-1.0124879823173125
2023-10-19 21:50:00,-0.04451679817154634,-0.22677472266667115,-1.0165566679975033
2023-10-19 21:55:00,-0.05701752097342349,-0.22679036807546302,-1.029986367136274
2023-10-19 22:00:00,0.026848803178330716,-1.0669084516902452,-1.0711652856730542
2023-10-19 22:05:00,0.03998872167968857,-0.2111920164875395,-1.0773075432558172
2023-10-19 22:10:00,0.016829334964261367,-0.22338955572304467,-0.9722442094657421
2023-10-19 22:15:00,0.10601179176603089,-0.2313707012508488,-0.9339894835316052
2023-10-19 22:20:00,0.11881469234091813,-0.21819879539975248,-1.020339534455992
2023-10-19 22:25:00,0.09141229748121854,-0.23079062463946656,-0.9573061833387697
2023-10-19 22:30:00,-0.2531423910266866,-0.873982027708609,-1.1293159650878017
2023-10-19 22:35:00,-0.23947789048193732,-0.19291993194716592,-1.1728097064764686
2023-10-19 22:40:00,-0.2677817381903996,-0.2091605270802341,-1.055777299840241
2023-10-19 22:45:00,-0.7987001238879197,-0.2299932332948428,-0.8803715130769654
2023-10-19 22:50:00,-0.7896460055745436,-0.23848262498560624,-0.7886375978092062
2023-10-19 22:55:00,-0.7766630736457284,-0.2146201431728277,-0.9922899689503716
2023-10-19 23:00:00,-0.6355258671275033,-0.8161222119130217,-1.0364413801300878
2023-10-19 23:05:00,-0.6509775202790741,-0.2165310285989557,-1.079209090061581
2023-10-19 23:10:00,-0.6538974097222406,-0.21328698617143152,-1.078616183881216
2023-10-19 23:15:00,-0.6896518505279509,-0.19480343538339553,-1.2060990063715697
2023-10-19 23:20:00,-0.7147603750987332,-0.19960155755571002,-1.202216464547939
2023-10-19 23:25:00,-0.7164834280379037,-0.20029370902208385,-1.221058765284091
2023-10-19 23:30:00,-1.3261764623803,-0.8921011574303434,-1.2068962485344346
2023-10-19 23:35:00,-1.3326582050136635,-0.18362586126283814,-1.2104408582362838
2023-10-19 23:40:00,-1.3477018872384652,-0.17797624170520693,-1.2780105346542516
2023-10-19 23:45:00,-1.851252841423803,-0.18390380084562505,-1.282056629829703
2023-10-19 23:50:00,-1.8554296885727708,-0.18014255742118251,-1.3255490475291405
2023-10-19 23:55:00,-1.8310821432916797,-0.16812914436131476,-1.385727297882575
2023-10-20 00:00:00,-1.749379699152523,-1.194400360827188,-0.5755766258916759
2023-10-20 00:15:00,-1.9737560005827584,-0.1774219362803067,-1.2989310218756518
2023-10-20 00:20:00,-1.9658389499938256,-0.17167562606670284,-1.3230562401273809
2023-10-20 00:25:00,-1.9520727085915905,-0.16565765999240567,-1.3767624430074314
2023-10-20 00:30:00,-1.8338306549762329,-0.9959218598047349,-1.3146918131097
2023-10-20 00:35:00,-1.8513735671131721,-0.1833180313044075,-1.2314062327333082
2023-10-20 00:40:00,-1.837115657811241,-0.17694029915669393,-1.3174451260770708
2023-10-20 00:45:00,-1.540824546299689,-0.16831629693125788,-1.3587415613062321
2023-10-20 00:50:00,-1.534978417325402,-0.17533007884291954,-1.316144226484617
2023-10-20 00:55:00,-1.5221837223976884,-0.19213185605502223,-1.1678936855340472
2023-10-20 01:00:00,-1.3663865848811563,-1.2070020540157593,-1.0940602747863
2023-10-20 01:05:00,-1.3670017850804508,-0.19158857550186698,-1.1664975867443426
2023-10-20 01:10:00,-1.3698641386508705,-0.20328158554225587,-1.0855251661211558
2023-10-20 01:15:00,-1.3850231023971378,-0.1914643270294565,-0.9859642071446916
2023-10-20 01:20:00,-1.4200768717510748,-0.20989506360236396,-0.8662409704123087
2023-10-20 01:25:00,-1.4221612594580728,-0.20805454988141206,-0.9511412275398081
2023-10-20 01:30:00,-0.9905835804337723,-1.3289346810093727,-1.0429713462286472
2023-10-20 01:35:00,-1.0096926389575167,-0.2051984527458367,-1.0544176963372833
2023-10-20 01:40:00,-1.028251516948382,-0.19375305433422912,-1.1416385500377946
2023-10-20 01:45:00,-1.1986701548323773,-0.17183469331541726,-1.2881385779971235
2023-10-20 01:50:00,-1.195177680773722,-0.15180710498586772,-1.43834319847154
2023-10-20 01:55:00,-1.1932072552490016,-0.14321014455294012,-1.5199290053487455
2023-10-20 02:00:00,-1.2478547064902843,-1.4138363942436523,-1.4970618278266556
2023-10-20 02:05:00,-1.2456804007668956,-0.15489581153596435,-1.5196206061092532
2023-10-20 02:10:00,-1.2450607788661823,-0.1647600924901934,-1.4403634747157357
2023-10-20 02:15:00,-1.4749848841255024,-0.15773934467037862,-1.4259172818572166
2023-10-20 02:20:00,-1.4884743890394538,-0.16260801458999646,-1.3809547153676154
2023-10-20 02:25:00,-1.5051000604405826,-0.16309886058841427,-1.3789222827668235
2023-10-20 02:30:00,-1.5669403782403326,-1.30455350668044,-1.3922545641930821
2023-10-20 02:35:00,-1.602753396516754,-0.17584418021036638,-1.3225473735640223
2023-10-20 02:40:00,-1.5719957135226437,-0.15267799728107811,-1.5444404598541537
2023-10-20 02:45:00,-1.9501554518688105,-0.13979199829488453,-1.5369732508037595
2023-10-20 02:50:00,-1.937524501110566,-0.15447290962191176,-1.391328906895813
2023-10-20 02:55:00,-1.9311188509402593,-0.17910279145813932,-1.187426114200636
2023-10-20 03:00:00,-1.6201168188937871,-1.213775662189594,-1.2421008792792445
2023-10-20 03:05:00,-1.647337671166319,-0.17718771193936997,-1.302712857791785
2023-10-20 03:10:00,-1.6188440995662603,-0.17680117237302453,-1.3094150220141374
2023-10-20 03:15:00,-1.4277181711895528,-0.20876243982200773,-1.0947037403072482
2023-10-20 03:20:00,-1.4468676233728412,-0.2155606035946863,-1.0635455089269383
2023-10-20 03:25:00,-1.4250621746908136,-0.19982642638526274,-1.1834808947561957
2023-10-20 03:30:00,-1.5838803760449949,-0.1991393426109118,-1.201903634608398
2023-10-20 03:35:00,-1.6017269780414929,-0.20291969948861924,-1.1661676589653664
2023-10-20 03:40:00,-1.5945168615412768,-0.20433961611663254,-1.1131131689003435
2023-10-20 03:45:00,-1.8569423793282762,-0.17502244507758694,-1.2472983481681275
2023-10-20 03:50:00,-1.8755737385869888,-0.16358818409344247,-1.414145049550447
2023-10-20 03:55:00,-1.871678303188345,-0.15880944989698112,-1.4378121379563187
2023-10-20 04:00:00,-1.7672082964552698,-0.9091592925091724,-1.447520850950528
2023-10-20 04:05:00,-1.759035594770532,-0.17865722453713037,-1.2267944160836697
2023-10-20 04:10:00,-1.731385619084204,-0.21886255238399974,-0.8559810598218189
2023-10-20 04:15:00,-1.654718857178788,-0.22851127502759408,-0.7282042401144501
2023-10-20 04:20:00,-1.658584384411167,-0.2127327679555176,-0.8290071144319469
2023-10-20 04:25:00,-1.6505037436487517,-0.20632762293687104,-0.9652688327488151
2023-10-20 04:30:00,-1.479732521639148,-1.3623921119694355,-0.8551363918276172
2023-10-20 04:35:00,-1.4865105811299753,-0.22035406401142893,-0.7386675412099578
2023-10-20 04:40:00,-1.498942389575398,-0.2102942575751659,-0.8528909517797983
2023-10-20 04:45:00,-1.480698818046566,-0.2202851513035153,-0.8843621576608829
2023-10-20 04:50:00,-1.477108018371774,-0.20782437304152537,-0.9914494339111786
2023-10-20 04:55:00,-1.4883320563668023,-0.208891957280605,-0.963932560029093
2023-10-20 05:00:00,-1.7562047118013573,0.02051752418066781,-0.7959705541839162
2023-10-20 05:05:00,-1.7340202106622595,-0.21458487072504945,-0.8617742786186611
2023-10-20 05:10:00,-1.746014614096478,-0.21982315158259122,-0.7747309360381369
2023-10-20 05:15:00,-2.018337242297347,-0.21254861967519478,-0.6742729854995045
2023-10-20 05:20:00,-2.0144746562919926,-0.2052785080804596,-0.8102246482562019
2023-10-20 05:25:00,-2.022113956185784,-0.19409662863534075,-0.8553232201729172
2023-10-20 05:30:00,-2.2754037443755766,-1.0179336612495933,-0.8373735247839367
2023-10-20 05:35:00,-2.2921304902528044,-0.15009352479448193,-1.0950803332361403
2023-10-20 05:40:00,-2.2971159220471575,-0.16914683756422683,-0.8778763808263815
2023-10-20 05:45:00,-2.4383565681420114,-0.1685811930955737,-0.31765077598614433
2023-10-20 05:50:00,-2.426915063354858,-0.19552114337303916,-0.6558439882593171
2023-10-20 05:55:00,-2.4208628945482555,-0.19512589346589618,-0.5285765683274599
2023-10-20 06:00:00,-2.1449842067611335,-1.1832130425869876,-0.638881266289101
2023-10-20 06:05:00,-2.1681197334770848,-0.21910209208183973,-0.4896702003084279
2023-10-20 06:10:00,-2.165932270550207,-0.2381298639796432,-0.1496705094760995
2023-10-20 06:15:00,-2.4705188305356685,-0.22409621857317139,-0.23535419183259865
2023-10-20 06:20:00,-2.4922890990509505,-0.2207601452927602,-0.07615850394805963
2023-10-20 06:25:00,-2.4775476339449964,-0.2094487017889355,-0.1362704903945109
2023-10-20 06:30:00,-1.6605357160243681,-0.7845149063719371,-0.20058798309817075
2023-10-20 06:35:00,-1.6804133540009347,-0.22926181948283317,-0.3177752813806013
2023-10-20 06:40:00,-1.6902588925264315,-0.23172766509591305,-0.45886325297399044
2023-10-20 06:45:00,-2.569462533963249,-0.21918369823580391,-0.3843691243793723
2023-10-20 06:50:00,-2.5611582783200357,-0.22048933097470666,-0.15325405661832425
2023-10-20 06:55:00,-2.5577877328264704,-0.20939919547371913,-0.3084662331111995
2023-10-20 07:00:00,-3.0029409147863872,0.9386047127483258,-0.06916895671141106
2023-10-20 07:05:00,-2.966130291769584,-0.19009776453463867,-0.06265171994981852
2023-10-20 07:10:00,-2.999174206729074,-0.1989616518153161,-0.2624296476390956
2023-10-20 07:15:00,-3.1875400078998277,-0.19731155795320027,-0.5422345458989029
2023-10-20 07:20:00,-3.1738850009276502,-0.18214253261008354,-0.37069708852512623
2023-10-20 07:25:00,-3.174952849481325,-0.1716011050533979,-0.3611694952828114
2023-10-20 07:30:00,-2.9623621968149676,1.1938878536193962,-0.3068149039012084
2023-10-20 07:35:00,-2.957573350357591,-0.20118184113877205,-0.24109739294825988
2023-10-20 07:40:00,-2.9589043514396525,-0.2123746128036163,-0.11866698734020951
2023-10-20 07:45:00,-2.797642657454724,-0.2176320419943162,-0.07458643304474971
2023-10-20 07:50:00,-2.772340814899584,-0.20418347970470002,-0.1729522688244077
2023-10-20 07:55:00,-2.780262049362723,-0.21138699959415316,-0.18075767980807814
2023-10-20 08:00:00,-3.1583700868091396,1.2524789732914732,-0.18246572081251666
2023-10-20 08:05:00,-3.1452232078651448,-0.19199737750407717,-0.0995465225503814
2023-10-20 08:10:00,-3.1428858407835545,-0.1808000284261373,-0.178839342180381
2023-10-20 08:15:00,-2.999507919107241,-0.1871185992021703,-0.1842615841440914
2023-10-20 08:20:00,-2.9983692198032004,-0.1951329973203102,-0.21734407398386044
2023-10-20 08:25:00,-2.988520062509337,-0.2055898809883549,-0.17279357430772335
2023-10-20 08:30:00,-3.0772882141131332,1.3666965539712999,-0.2818435985965895
2023-10-20 08:35:00,-3.056232829149112,-0.19271224688552763,-0.24583117405781388
2023-10-20 08:40:00,-3.0266864432694582,-0.18589582932451756,-0.38970518127096
2023-10-20 08:45:00,-3.1848100183743244,-0.17152411318063623,-0.38445447756625084
2023-10-20 08:50:00,-3.17890827922293,-0.17152356763324647,-0.35890553411820425
2023-10-20 08:55:00,-3.1843274399497004,-0.17874418686291435,-0.24804515144017134
2023-10-20 09:00:00,-3.0605668090650235,1.300829781489874,-0.28514668712308155
2023-10-20 09:05:00,-3.0588923575565965,-0.20161982401973422,-0.11749553889673989
2023-10-20 09:10:00,-3.0674542610384554,-0.1987947888083133,-0.26491521514462096
2023-10-20 09:15:00,-3.064133834416892,-0.17493575944901646,-0.5470924590345443
2023-10-20 09:20:00,-3.0583529407034242,-0.17632372661342544,-0.4695028464205818
2023-10-20 09:25:00,-3.05668870381072,-0.1805703069994792,-0.27936413993470355
2023-10-20 09:30:00,-3.181276662978086,1.1899528235460024,-0.14653086380900296
2023-10-20 09:35:00,-3.161505719098648,-0.19207109106807868,-0.23957670055818966
2023-10-20 09:40:00,-3.202348375613296,-0.20055484930993178,-0.29781306388650847
2023-10-20 09:45:00,-3.1012248437086294,-0.18643538674471907,-0.46828983047955397
2023-10-20 09:50:00,-3.1177619657329605,-0.19878938535617377,-0.35223539391809283
2023-10-20 09:55:00,-3.1083492391454093,-0.1979377191867442,-0.38352049906719676
2023-10-20 10:00:00,-3.2159926876278617,1.3129481607440305,-0.31914348232165435
2023-10-20 10:05:00,-3.198026642546115,-0.177907556285695,-0.39410680232455725
2023-10-20 10:10:00,-3.18867424932707,-0.1819982770697118,-0.38837275379440445
2023-10-20 10:15:00,-3.034628651434565,-0.20188993399622504,-0.3168487360066768
2023-10-20 10:20:00,-3.044949276718647,-0.20332343677637565,-0.21422167264548128
2023-10-20 10:25:00,-3.0367794856291233,-0.17708792854703204,-0.4309208779464586
2023-10-20 10:30:00,-3.114071226774859,1.3215588498674764,-0.428089047860632
2023-10-20 10:35:00,-3.100773936024288,-0.2024971330261312,-0.3757698789348198
2023-10-20 10:40:00,-3.074547276650668,-0.18913756116000557,-0.49551828479363175
2023-10-20 10:45:00,-3.0725103251612103,-0.2011562182354022,-0.3003850019668167
2023-10-20 10:50:00,-3.093519028650656,-0.21049174778167964,-0.19658647779846752
2023-10-20 10:55:00,-3.0937048180525712,-0.18972025816449717,-0.44393702920486544
2023-10-20 11:00:00,-3.2060963807505343,-0.19027886040392333,-0.31966522394853336
2023-10-20 11:05:00,-3.1831989504735625,-0.1779064704953212,-0.37182038013638713
2023-10-20 11:10:00,-3.1800026542533426,-0.16966558061940837,-0.41552325242086197
2023-10-20 11:15:00,-3.184844621455845,-0.1647013257154831,-0.4891467150008154
2023-10-20 11:20:00,-3.175628643773052,-0.17827042032166973,-0.42057215080352967
2023-10-20 11:25:00,-3.1857263023851226,-0.16871137133971026,-0.5022305894477276
2023-10-20 11:30:00,-3.196692786693672,0.21971886494022405,-0.49763239406512244
2023-10-20 11:35:00,-3.2125211930022024,-0.17324869176015995,-0.512540297729031
2023-10-20 11:40:00,-3.2019026631196557,-0.16177648551978863,-0.5191741426569458
2023-10-20 11:45:00,-3.1991054261104757,-0.153343392648381,-0.5187526331348677
2023-10-20 11:50:00,-3.1836137651645187,-0.17268004161504677,-0.5744160919377531
2023-10-20 11:55:00,-3.206921622081394,-0.18608497034859264,-0.4777328483963413
2023-10-20 12:00:00,-3.22424605211365,0.9884959699742047,-0.5100142541185193
2023-10-20 12:05:00,-3.177032116500022,-0.16137749274831192,-0.5692359050301394
2023-10-20 12:10:00,-3.181473563134068,-0.1623057955021584,-0.5348286204009313
2023-10-20 12:15:00,-3.1963420527549684,-0.1614478943253438,-0.567423706625491
2023-10-20 12:20:00,-3.2091887718279604,-0.17650756692978684,-0.4603777115030836
2023-10-20 12:25:00,-3.213049196233365,-0.17928476908566585,-0.3587748967496773
2023-10-20 12:30:00,-3.2303544626684078,0.6556145309599983,-0.3718436668967066
2023-10-20 12:35:00,-3.198733804295636,-0.15739264312457218,-0.5380021824711914
2023-10-20 12:40:00,-3.1945107492402225,-0.16654408866834128,-0.5507850842045696
2023-10-20 12:45:00,-3.203508352024038,-0.18251553592141806,-0.39904296998687766
2023-10-20 12:50:00,-3.201880058141584,-0.18495887390691387,-0.36819675054410056
2023-10-20 12:55:00,-3.2080958901675416,-0.1797571636220174,-0.43539535439273386
2023-10-20 13:00:00,-3.2030633994715147,0.5745464895526655,-0.4991906170324902
2023-10-20 13:05:00,-3.2164638201091433,-0.17484414367376572,-0.47453047800816645
2023-10-20 13:10:00,-3.200402004676697,-0.18170077694724412,-0.46811218847342956
2023-10-20 13:15:00,-3.182309373883586,-0.17485131877807403,-0.5364897687190096
2023-10-20 13:20:00,-3.198766418559921,-0.18453526129438305,-0.4465521319665743
2023-10-20 13:25:00,-3.198034726554699,-0.1807130536423048,-0.5022593778406771
2023-10-20 13:30:00,-3.223238427567791,0.7051674247598243,-0.4840606405522759
2023-10-20 13:35:00,-3.202000928637469,-0.17121917367492515,-0.49219146202367425
2023-10-20 13:40:00,-3.2164366309867907,-0.17654328173840955,-0.4248746288695721
2023-10-20 13:45:00,-3.207333554022812,-0.18102873726113597,-0.41213816465982905
2023-10-20 13:50:00,-3.2086619762009327,-0.19351252639311273,-0.31151382062827165
2023-10-20 13:55:00,-3.191249504224934,-0.18476064186195007,-0.32934981523780354
2023-10-20 14:00:00,-3.206813876759199,0.6516569560911659,-0.36173136837294567
2023-10-20 14:05:00,-3.1911312913614567,-0.18064281206459573,-0.39805391041662797
2023-10-20 14:10:00,-3.1973158336357472,-0.17772361972210693,-0.33328661531378145
2023-10-20 14:15:00,-3.197182597504354,-0.1677225983004198,-0.3929390055910107
2023-10-20 14:20:00,-3.212125906330643,-0.18218430320345178,-0.3294946377909977
2023-10-20 14:25:00,-3.182305416367775,-0.1805290399535716,-0.4390333495427619
2023-10-20 14:30:00,-3.213208714537573,0.509302856335271,-0.36895414660760256
2023-10-20 14:35:00,-3.174967263560472,-0.17732383841172508,-0.4647023319043689
2023-10-20 14:40:00,-3.184998873445488,-0.1779666088791382,-0.48490075457409954
2023-10-20 14:45:00,-3.18534925455557,-0.1839427962610266,-0.37420406801020045
2023-10-20 14:50:00,-3.1804109641904925,-0.17286631759484547,-0.46155944007740146
2023-10-20 14:55:00,-3.1878142867737953,-0.17442711507055647,-0.5216145239606893
2023-10-20 15:00:00,-3.1968648585367396,0.7822410138244742,-0.46821028114843816
2023-10-20 15:05:00,-3.1697628073661077,-0.19023216338021592,-0.3470025214344486
2023-10-20 15:10:00,-3.179688065621804,-0.17555010760703402,-0.37950280222281707
2023-10-20 15:15:00,-3.1720643501604857,-0.17855275369686358,-0.4982284517243416
2023-10-20 15:20:00,-3.181889466782287,-0.18467523080147863,-0.44667824109370696
2023-10-20 15:25:00,-3.1887790899286728,-0.17477657579568964,-0.4878895685173646
2023-10-20 15:30:00,-3.20705458984865,1.0027489208559677,-0.4999855705207664
2023-10-20 15:35:00,-3.1866970430264088,-0.17284036164152833,-0.4469599667398522
2023-10-20 15:40:00,-3.1950790681162795,-0.16754343421822426,-0.5436742415613348
2023-10-20 15:45:00,-3.207888244134724,-0.16926286313627642,-0.5305282861911487
2023-10-20 15:50:00,-3.193358466553242,-0.17162403740888127,-0.5558204831538883
2023-10-20 15:55:00,-3.1988205210541776,-0.18828150882938632,-0.5487197947582588
2023-10-20 16:00:00,-3.2195615097410144,1.807263835572282,-0.5800218278762542
2023-10-20 16:05:00,-3.202102019724604,-0.17784418040195127,-0.6047469460191148
2023-10-20 16:10:00,-3.2095737753302984,-0.1915857799037762,-0.49244367457409566
2023-10-20 16:15:00,-3.179591210430648,-0.1958680300648541,-0.4739333940606418
2023-10-20 16:20:00,-3.1890501133376836,-0.20412855866873086,-0.4011647706855504
2023-10-20 16:25:00,-3.2056017242016424,-0.20831741314000812,-0.37432230506589426
2023-10-20 16:30:00,-3.2194984339218355,0.7466768378542299,-0.4081732550751963
2023-10-20 16:35:00,-3.1711593363091755,-0.18685228608738594,-0.5609719797065207
2023-10-20 16:40:00,-3.1601051413967127,-0.16417617310165344,-0.7112542143734285
2023-10-20 16:45:00,-3.06760893748023,-0.17139404252079032,-0.7389522994063917
2023-10-20 16:50:00,-3.081120277591414,-0.18788147891304055,-0.5599448898705625
2023-10-20 16:55:00,-3.070624439023008,-0.19461069291233607,-0.447193331660106
2023-10-20 17:00:00,-3.188764477155005,0.7136163371452555,-0.43622464835055946
2023-10-20 17:05:00,-3.181263678108545,-0.20658787600330744,-0.4518801056493853
2023-10-20 17:10:00,-3.179933057834288,-0.20380876573988305,-0.4127022994172622
2023-10-20 17:15:00,-3.1451435654290782,-0.19747075865052402,-0.47763123741174496
2023-10-20 17:20:00,-3.135856924810832,-0.1805886043204635,-0.3946571975196405
2023-10-20 17:25:00,-3.1248938168418237,-0.1830088955425894,-0.41505500674522106
2023-10-20 17:30:00,-3.1340008792165683,0.6772899216067046,-0.381675139273986
2023-10-20 17:35:00,-3.132418187340253,-0.2057194728537967,-0.41411780483853017
2023-10-20 17:40:00,-3.147286199539501,-0.2043880497886144,-0.48624993182656984
2023-10-20 17:45:00,-3.139152881303794,-0.20093077894617054,-0.4626249690417054
2023-10-20 17:50:00,-3.1582632797142494,-0.2037494094404209,-0.4190190332447128
2023-10-20 17:55:00,-3.1470954251963255,-0.20262790124560584,-0.42018879203021603
2023-10-20 18:00:00,-3.1998868201744832,0.7853029319782308,-0.5006178862273802
2023-10-20 18:05:00,-3.2125881176765967,-0.20141179799722342,-0.48117445977055934
2023-10-20 18:10:00,-3.2062590309314047,-0.20534205507353387,-0.46712223990003526
2023-10-20 18:15:00,-3.2099827958024503,-0.20256324243236007,-0.5028170659211506
2023-10-20 18:20:00,-3.2092805381250247,-0.18482078833572943,-0.6361875611854837
2023-10-20 18:25:00,-3.205333846023628,-0.18631255064959287,-0.6449924987468066
2023-10-20 18:30:00,-3.015662150088737,-0.19819686057235528,-0.6542869472395034
2023-10-20 18:35:00,-3.043624530023616,-0.19450291785194235,-0.628746339116335
2023-10-20 18:40:00,-3.0340324427270646,-0.19646962579091617,-0.5561796467041854
2023-10-20 18:45:00,-3.1387615959175794,-0.1883464664424224,-0.5911835221172135
2023-10-20 18:50:00,-3.1679735495582,-0.1924733800879577,-0.6649439145893883
2023-10-20 18:55:00,-3.1520196084004204,-0.18037602833538033,-0.7970672535829866
2023-10-20 19:00:00,-3.1938808936739336,-0.22212813394009467,-0.7013299450467602
2023-10-20 19:05:00,-3.2132588604661594,-0.19569330002680227,-0.6473762675957876
2023-10-20 19:10:00,-3.1942608972465285,-0.17597895382689616,-0.8362696274360286
2023-10-20 19:15:00,-3.1960041690091248,-0.18773418951700663,-0.6883763363372729
2023-10-20 19:20:00,-3.203464173454374,-0.20467686009234767,-0.5403173668874928
2023-10-20 19:25:00,-3.1846926800024913,-0.1936510478968024,-0.6473371375492959
2023-10-20 19:30:00,-3.2114756212808695,0.4123028216791034,-0.6069243732938797
2023-10-20 19:35:00,-3.2017055671096126,-0.1973900094700654,-0.6146270518306512
2023-10-20 19:40:00,-3.1708463156778692,-0.21112774661874695,-0.19752754603061112
2023-10-20 19:45:00,-3.1288041328037473,-0.18794730452341102,-0.5933056244146107
2023-10-20 19:50:00,-3.1190927729680427,-0.17382099561001205,-0.7232837834946506
2023-10-20 19:55:00,-3.118396454156955,-0.17315681625744322,-0.7301282532231276
2023-10-20 20:00:00,-3.1408017483380877,0.7709514223205709,-0.6976826749315043
2023-10-20 20:05:00,-3.1349287827826173,-0.1766440740476855,-0.7274100840610985
2023-10-20 20:10:00,-3.136105078421503,-0.1662952633420173,-0.7498705080753528
2023-10-20 20:15:00,-3.131888018782618,-0.17887474370370562,-0.6195910520907787
2023-10-20 20:20:00,-3.1193387221534636,-0.182876875681726,-0.5683910186579441
2023-10-20 20:25:00,-3.1102551877823625,-0.17306632655651064,-0.6239625072686105
2023-10-20 20:30:00,-3.150600413232601,0.2969078990635434,-0.6259789527431002
2023-10-20 20:35:00,-3.154379883553627,-0.18627036677286077,-0.6558828644988302
2023-10-20 20:40:00,-3.1730285056243615,-0.18856933516466243,-0.6508364729500723
2023-10-20 20:45:00,-2.9744793399180587,-0.18558285912189224,-0.761239993824337
2023-10-20 20:50:00,-2.9771269127596955,-0.18355752769762296,-0.8607971327418519
2023-10-20 20:55:00,-2.9776886197669885,-0.1828492250800411,-0.8722292959930458
2023-10-20 21:00:00,-3.225746430236403,0.30323768137835494,-0.77968611948402
2023-10-20 21:05:00,-3.1903607652378723,-0.1634764265760038,-0.891345665506053
2023-10-20 21:10:00,-3.2206091272353325,-0.17602274162612377,-0.7756552122258457
2023-10-20 21:15:00,-2.951982331382437,-0.18126913865981292,-0.8365137841141973
2023-10-20 21:20:00,-2.965868322935244,-0.1807656667283543,-0.869099241684377
2023-10-20 21:25:00,-2.9502268706897334,-0.16995099036863512,-0.8683966220016767
2023-10-20 21:30:00,-3.07361468498043,0.4376852364446751,-0.965068364248417
2023-10-20 21:35:00,-3.072270650283564,-0.1700138100071684,-0.9040830556504404
2023-10-20 21:40:00,-3.0661587187357857,-0.16449653456298713,-0.9451889275920908
2023-10-20 21:45:00,-3.105690676299211,-0.1588428128346299,-0.9030143754233331
2023-10-20 21:50:00,-3.1068376721657334,-0.16939361394664137,-0.9263971568697115
2023-10-20 21:55:00,-3.103746433352109,-0.16466251401587437,-1.034881234425588
2023-10-20 22:00:00,-2.763305594394372,0.18703696587486132,-0.9118964324751317
2023-10-20 22:05:00,-2.7614589908268905,-0.1785083311364602,-0.8676492410797201
2023-10-20 22:10:00,-2.744436563983103,-0.17445488923693347,-0.9372763087076743
2023-10-20 22:15:00,-3.0614689311861043,-0.1696072948258507,-1.0344370144881863
2023-10-20 22:20:00,-3.0618850479345454,-0.16180596017454812,-1.1663508945843701
2023-10-20 22:25:00,-3.07986991812954,-0.162620831841798,-1.0695429711874482
2023-10-20 22:30:00,-3.080033030701389,-0.0294444917970221,-0.9742305548140132
2023-10-20 22:35:00,-3.065007707017125,-0.15232503304830786,-1.072128954063837
2023-10-20 22:40:00,-3.0578453518998563,-0.15379070607339737,-1.078135680305597
2023-10-20 22:45:00,-2.9090261481059927,-0.1806162147892831,-1.033247102824142
2023-10-20 22:50:00,-2.9048879071162714,-0.17441592518039253,-0.9828893396876749
2023-10-20 22:55:00,-2.9187792916261586,-0.18425597096439614,-0.893241000934122
2023-10-20 23:00:00,-2.893556024480947,-0.324235297815926,-1.0427746711908858
2023-10-20 23:05:00,-2.875612680175064,-0.16810952390947312,-1.0834282015062815
2023-10-20 23:10:00,-2.880149110730925,-0.16928170568204248,-1.1778864244731733
2023-10-20 23:15:00,-2.950254444605551,-0.17883600609263356,-1.0260152380154044
2023-10-20 23:20:00,-2.9485952104358106,-0.19795513421956362,-0.6749921735985234
2023-10-20 23:25:00,-2.926960080145245,-0.1994006007200413,-0.5235054012676675
2023-10-20 23:30:00,-2.7095614829682257,-0.48342897060701306,-0.5788974579234292
2023-10-20 23:35:00,-2.6955634129093036,-0.1719393381318946,-0.7884983858453061
2023-10-20 23:40:00,-2.716733253863333,-0.17920357077312965,-0.7235043292090696
2023-10-20 23:45:00,-2.613318526821166,-0.18412351393971493,-0.6164152004660831
2023-10-20 23:50:00,-2.621612637167469,-0.18033215890820878,-0.7755387906320838
2023-10-20 23:55:00,-2.6374144740828616,-0.18075560055691825,-0.7260627521039902
2023-10-21 00:00:00,-2.569425188649908,-0.7462983292717161,-0.5611242733209012
2023-10-21 00:15:00,-2.6264092617281594,-0.17188836659035228,-0.9632029709651538
2023-10-21 00:20:00,-2.60871021206875,-0.15339506017180138,-1.1111823051015581
2023-10-21 00:25:00,-2.6269057481862417,-0.15918142309118327,-1.1366321206978374
2023-10-21 00:30:00,-2.742966671782199,-0.7382532820371523,-1.1968247687946525
2023-10-21 00:35:00,-2.7389665475335216,-0.16339694075345093,-1.1316677759245097
2023-10-21 00:40:00,-2.720436594402459,-0.15291241277616496,-1.1918052273185094
2023-10-21 00:45:00,-3.1905938625640644,-0.16189585518282493,-1.029408963774022
2023-10-21 00:50:00,-3.172793796098055,-0.1499201315932016,-1.0405713226874762
2023-10-21 00:55:00,-3.1808823302244504,-0.14487289433014228,-1.132232954983307
2023-10-21 01:00:00,-2.9959884192368182,-0.9576330143185898,-1.1820825705122373
2023-10-21 01:05:00,-2.996177843907162,-0.1687502729315341,-1.1610906398525978
2023-10-21 01:10:00,-2.9892282228562026,-0.16676284941872144,-1.1619502604273877
2023-10-21 01:15:00,-2.9634395922031156,-0.15631465390715865,-1.2743108469590871
2023-10-21 01:20:00,-2.9740348242071573,-0.14550600916148054,-1.3270074328005343
2023-10-21 01:25:00,-2.971976533479685,-0.1426583143493594,-1.3027354333399788
2023-10-21 01:30:00,-3.252417263091128,-0.9450951781135629,-1.3705984245532572
2023-10-21 01:35:00,-3.24351368904377,-0.1340216530450156,-1.331727416587837
2023-10-21 01:40:00,-3.238599322959897,-0.1435376469935376,-1.2234768848631588
2023-10-21 01:45:00,-3.2471271718897987,-0.14493876747568388,-1.2445993018988206
2023-10-21 01:50:00,-3.236250917876621,-0.1301954688268548,-1.365302148223712
2023-10-21 01:55:00,-3.256896096083085,-0.12886254999241775,-1.3673831214251175
2023-10-21 02:00:00,-3.251746300994094,-0.13536252895316886,-1.2631030112828436
2023-10-21 02:05:00,-3.25714116202452,-0.14083178096052945,-1.2035960900945917
2023-10-21 02:10:00,-3.2789385106012143,-0.13840908488840115,-1.288837291425226
2023-10-21 02:15:00,-3.2596600861117793,-0.12720405542159738,-1.3235868394543162
2023-10-21 02:20:00,-3.2567533846415238,-0.12850088704007043,-1.3633698631334805
2023-10-21 02:25:00,-3.2403655123733834,-0.1278081179524438,-1.3593378450391354
2023-10-21 02:30:00,-3.2563318763313234,-0.895169223365764,-1.3187319676933866
2023-10-21 02:35:00,-3.240849039456897,-0.1213864947304977,-1.4384197546735482
2023-10-21 02:40:00,-3.256825914834655,-0.12407834750283017,-1.3009278906298625
2023-10-21 02:45:00,-3.0173318518410053,-0.14570784659009262,-1.2525643276671476
2023-10-21 02:50:00,-3.029480102871835,-0.163412649880336,-1.1851848065827766
2023-10-21 02:55:00,-2.984964631346136,-0.1462381142025623,-1.3059083750419456
2023-10-21 03:00:00,-3.2534822101167173,-0.89202184920117,-1.3598065936479833
2023-10-21 03:05:00,-3.261492846738235,-0.1285740769329659,-1.315768461202354
2023-10-21 03:10:00,-3.276506921181098,-0.1376870883935231,-1.3024947979902706
2023-10-21 03:15:00,-3.1816185178870793,-0.1406744305998165,-1.328488981602785
2023-10-21 03:20:00,-3.183978235452076,-0.14864740139411853,-1.2292278512131933
2023-10-21 03:25:00,-3.1945843648700807,-0.15050498648625207,-1.1118171620053607
2023-10-21 03:30:00,-3.0386795741508834,-0.8993620971134251,-1.1695681314645503
2023-10-21 03:35:00,-3.0220775063272662,-0.14689066810636475,-1.3085436411577462
2023-10-21 03:40:00,-3.0061547957633925,-0.13744537065758533,-1.3681100977119272
2023-10-21 03:45:00,-3.173586304497437,-0.12632123574244353,-1.3284407388032633
2023-10-21 03:50:00,-3.169288981839088,-0.1308891094081532,-1.3580508294787232
2023-10-21 03:55:00,-3.155626053055821,-0.13624369997774397,-1.2617425906123207
2023-10-21 04:00:00,-3.237543147186345,-0.8965131925244039,-1.270582043168189
2023-10-21 04:05:00,-3.256647706728326,-0.1434364525764773,-1.266451038412272
2023-10-21 04:10:00,-3.2239600977566716,-0.1330420725139141,-1.2377087880678381
2023-10-21 04:15:00,-3.2499407809202885,-0.13520178147737164,-1.1820037173794227
2023-10-21 04:20:00,-3.242558842347457,-0.11381855617992892,-1.2808246238977412
2023-10-21 04:25:00,-3.2340964013474913,-0.12748391487861072,-1.2607951577123802
2023-10-21 04:30:00,-3.2216076108207097,-0.6581119103283232,-1.181825938077205
2023-10-21 04:35:00,-3.231541738189229,-0.12436121687259714,-1.311933167568476
2023-10-21 04:40:00,-3.255116112916796,-0.14110336195187656,-1.2276166091939353
2023-10-21 04:45:00,-2.5752470538141696,-0.17190643068337322,-1.1708860240562102
2023-10-21 04:50:00,-2.587723465602876,-0.17129147076550813,-1.1800223170152617
2023-10-21 04:55:00,-2.612583104090301,-0.16635203156448033,-1.2289868235000483
2023-10-21 05:00:00,-2.8308025096118046,-0.8404096321754853,-1.2374470448706547
2023-10-21 05:05:00,-2.8502054140425424,-0.14585060051113646,-1.2801132142845468
2023-10-21 05:10:00,-2.839741959140329,-0.1415093753107063,-1.3348362136155738
2023-10-21 05:15:00,-2.8359607285329833,-0.14763884478990846,-1.2889922018103261
2023-10-21 05:20:00,-2.8445057430353184,-0.15409436660371273,-1.3021372249233054
2023-10-21 05:25:00,-2.8291690802715004,-0.14502270600925882,-1.3106946903024188
2023-10-21 05:30:00,-2.7988029461609507,-0.851723801497361,-1.2318137194619727
2023-10-21 05:35:00,-2.801829771972076,-0.1525645213044575,-1.24081454280144
2023-10-21 05:40:00,-2.7953931492616255,-0.1479817836545133,-1.2400928777937035
2023-10-21 05:45:00,-2.8164887025264904,-0.1308695324230454,-1.3500366628207408
2023-10-21 05:50:00,-2.8044435452446708,-0.13150211473988282,-1.2002902298626474
2023-10-21 05:55:00,-2.819713062729341,-0.14601563795780897,-1.3176084787432463
2023-10-21 06:00:00,-2.6737244583787816,-0.8573527403767754,-1.3190802365270082
2023-10-21 06:05:00,-2.6746812988886557,-0.1599232808455761,-1.3125024869137834
2023-10-21 06:10:00,-2.653704503832244,-0.1491408598526179,-1.42110491519188
2023-10-21 06:15:00,-2.509803676783084,-0.15809277547849457,-1.291251096476118
2023-10-21 06:20:00,-2.493578353167969,-0.1623144447724952,-1.1733904261911992
2023-10-21 06:25:00,-2.462214659189924,-0.16475446727651283,-1.1786068078706662
2023-10-21 06:30:00,-2.5317363823163253,-0.7989453905057523,-1.135820929478009
2023-10-21 06:35:00,-2.5440113725041784,-0.16734187832488429,-1.1351957871118756
2023-10-21 06:40:00,-2.5205827070797797,-0.1698876683643237,-1.0517097933952164
2023-10-21 06:45:00,-2.3335721138290975,-0.1851690302868806,-0.9317049686870791
2023-10-21 06:50:00,-2.316821124433869,-0.16738641966255946,-0.9312187847662893
2023-10-21 06:55:00,-2.3098908887382676,-0.16357073645440642,-0.9071089275846856
2023-10-21 07:00:00,-2.3018972381779177,-0.5358542208890531,-0.9600170563912845
2023-10-21 07:05:00,-2.28203966616656,-0.1579069888594474,-0.9087347316030933
2023-10-21 07:10:00,-2.304811587595562,-0.17237192402598936,-0.9515920046598415
2023-10-21 07:15:00,-2.148025515996805,-0.1865403153628105,-0.9370119636473969
2023-10-21 07:20:00,-2.1501201361707842,-0.1775439522218827,-1.0747919820094547
2023-10-21 07:25:00,-2.145568194672974,-0.18323053977527734,-0.8560317146211798
2023-10-21 07:30:00,-1.9126191771316106,-0.7740866906310352,-0.6834968788167716
2023-10-21 07:35:00,-1.9125942927436583,-0.20123750563025813,-0.6844509815575257
2023-10-21 07:40:00,-1.8873438178608695,-0.18222247628098628,-0.2719160051606026
2023-10-21 07:45:00,-2.0134337868428056,-0.20264282885873097,-0.4091438879333675
2023-10-21 07:50:00,-2.007352647814777,-0.20222942190050558,-0.40699762761115027
2023-10-21 07:55:00,-1.9902154848967435,-0.20751492618260026,-0.052008711191948914
2023-10-21 08:00:00,-2.2012543175882335,0.32469560712170614,-0.13265956148890107
2023-10-21 08:05:00,-2.1961934352462027,-0.19077108258133513,-0.5603719527008364
2023-10-21 08:10:00,-2.229130599101519,-0.20064296670892984,-0.590095602648735
2023-10-21 08:15:00,-2.452740612667565,-0.1947633284491547,-0.4752923552267187
2023-10-21 08:20:00,-2.447931791971242,-0.1878157332205352,-0.4770493188748621
2023-10-21 08:25:00,-2.461756705017746,-0.19728424756478274,-0.32795343372451424
2023-10-21 08:30:00,-2.280550155516928,0.8143194917577611,-0.3534375790889684
2023-10-21 08:35:00,-2.2413142234727914,-0.1944448985396616,-0.2445968844707319
2023-10-21 08:40:00,-2.2490707408221935,-0.20901705619432073,-0.22739625613135198
2023-10-21 08:45:00,-2.3086415192094902,-0.19604654228990903,-0.525736848228624
2023-10-21 08:50:00,-2.3043717926480025,-0.20634325853780852,-0.24059438905140168
2023-10-21 08:55:00,-2.294724553531539,-0.21223842670924392,-0.03760039814443221
2023-10-21 09:00:00,-2.3242488842712623,-0.058277189404494785,-0.33614491291009535
2023-10-21 09:05:00,-2.303094753778889,-0.2218646995373925,-0.14667808018161213
2023-10-21 09:10:00,-2.288643793895682,-0.21423685742573778,-0.16521091871928117
2023-10-21 09:15:00,-2.718290875639153,-0.18753262428215733,-0.38697430345759587
2023-10-21 09:20:00,-2.7194315864971985,-0.18825801076298132,-0.3473175415804897
2023-10-21 09:25:00,-2.721144464766068,-0.1876151555435889,-0.1263539823813853
2023-10-21 09:30:00,-2.303189648152516,-0.2101880426736087,-0.1536941286801671
2023-10-21 09:35:00,-2.3129837401337756,-0.1972298699246114,-0.28506999169123604
2023-10-21 09:40:00,-2.3108931294869604,-0.20091955285143176,-0.27506314425318107
2023-10-21 09:45:00,-2.5478672257986745,-0.17937188341495194,-0.32590136045321916
2023-10-21 09:50:00,-2.544710576930349,-0.17260948953185024,-0.4985385745165322
2023-10-21 09:55:00,-2.5302498850239514,-0.18231708503898367,-0.2644241405201846
2023-10-21 10:00:00,-2.015351115569655,-0.24966803632112142,-0.1429528329868147
2023-10-21 10:05:00,-2.054571964689878,-0.21986343123508167,-0.5291129386096625
2023-10-21 10:10:00,-2.0405583770285225,-0.23544668545630976,-0.1580908204209456
2023-10-21 10:15:00,-2.54185188960421,-0.18296899537353545,-0.4096203712674873
2023-10-21 10:20:00,-2.55898841451057,-0.17585414013256762,-0.3963337173512754
2023-10-21 10:25:00,-2.553471759052975,-0.16804627833661048,-0.4526441423474687
2023-10-21 10:30:00,-2.486653606543509,0.26835609741226446,-0.3342737763055398
2023-10-21 10:35:00,-2.4800983099576723,-0.1809886185979475,-0.48753039903930784
2023-10-21 10:40:00,-2.491189449777137,-0.17860008198600555,-0.5258038108593857
2023-10-21 10:45:00,-2.5722914554854786,-0.1773118526299223,-0.49995940178381815
2023-10-21 10:50:00,-2.530218050422997,-0.1572156111703144,-0.5783800134728696
2023-10-21 10:55:00,-2.5336111623373694,-0.177322845266541,-0.4411206497767815
2023-10-21 11:00:00,-2.452917046499536,-0.05301221178563491,-0.2771821222495281
2023-10-21 11:05:00,-2.446775370163573,-0.19601941940865744,-0.3250040900250141
2023-10-21 11:10:00,-2.4187876994831354,-0.217459384346658,0.13560998784876704
2023-10-21 11:15:00,-2.2629286996097155,-0.21530689065949446,-0.3020420428461673
2023-10-21 11:20:00,-2.2883780220980796,-0.2070137229750252,-0.3458639907540251
2023-10-21 11:25:00,-2.268718148310298,-0.20463271187725376,-0.39025920095594085
2023-10-21 11:30:00,-2.0288503450712816,0.8389098656329591,-0.5236970817413258
2023-10-21 11:35:00,-2.035903231307004,-0.1787211191650269,-0.34097707830267554
2023-10-21 11:40:00,-2.0140448688592927,-0.18726027542081353,-0.41982789303338125
2023-10-21 11:45:00,-2.161566277492912,-0.17572722362769014,-0.3933877830533636
2023-10-21 11:50:00,-2.1540274625432283,-0.16794998282791862,-0.3525015536486658
2023-10-21 11:55:00,-2.1635817971074194,-0.1705833723512784,-0.32850892213564087
2023-10-21 12:00:00,-2.484884348835918,0.0945106951911303,0.03413463475857567
2023-10-21 12:05:00,-2.454974225540858,-0.1751636536833034,-0.04033431909627468
2023-10-21 12:10:00,-2.4640192651187864,-0.17129622178144122,-0.30780403663076866
2023-10-21 12:15:00,-2.551390109978773,-0.171989569190605,-0.29466604802255797
2023-10-21 12:20:00,-2.5391664397942737,-0.16997991909707955,-0.35805130863198276
2023-10-21 12:25:00,-2.578714591419219,-0.1757869038977414,-0.320681942939761
2023-10-21 12:30:00,-2.5092495297732547,2.3819939613610197,-0.535203769896755
2023-10-21 12:35:00,-2.48672353961014,-0.16453004836715604,-0.6983775181671665
2023-10-21 12:40:00,-2.4884718842902465,-0.16221663395623503,-0.7390175765824669
2023-10-21 12:45:00,-2.5215655096509892,-0.16832824983145994,-0.6067996432574476
2023-10-21 12:50:00,-2.5160091882810387,-0.17220884194058558,-0.7305759391547089
2023-10-21 12:55:00,-2.506027206393555,-0.17556162431821157,-0.618041478942629
2023-10-21 13:00:00,-2.8153865172613193,0.43221042478844895,-0.2422462836366352
2023-10-21 13:05:00,-2.7996641464866237,-0.16979435425603148,-0.5110228621302227
2023-10-21 13:10:00,-2.8115831515668543,-0.15983865133993017,-0.689179989253558
2023-10-21 13:15:00,-2.6665533045528864,-0.17389033623706568,-0.695488205613976
2023-10-21 13:20:00,-2.690495221668138,-0.18053423703242238,-0.3775347378160909
2023-10-21 13:25:00,-2.6670255744483695,-0.17451670750981205,-0.4153386000115922
2023-10-21 13:30:00,-2.644749627511891,-0.03986319692469595,-0.6638670400559129
2023-10-21 13:35:00,-2.6632225170843418,-0.18892391312823656,-0.49928794937481064
2023-10-21 13:40:00,-2.6909515598939255,-0.18342291441615863,-0.562098237411611
2023-10-21 13:45:00,-2.7185294457241116,-0.17688727983687202,-0.38505812478625195
2023-10-21 13:50:00,-2.7163433094588507,-0.22619810678381147,0.13574875786985344
2023-10-21 13:55:00,-2.733476962997162,-0.22815011693351264,-0.10435061051386459
2023-10-21 14:00:00,-2.5541822022224836,0.08276975711370084,-0.11025879850794344
2023-10-21 14:05:00,-2.5182992189254225,-0.19898250720450475,-0.3299104596446552
2023-10-21 14:10:00,-2.557229117042614,-0.22462842844211392,-0.39124938894914585
2023-10-21 14:15:00,-2.5687565363655867,-0.20267256698165387,-0.5972515811882594
2023-10-21 14:20:00,-2.5522482842625958,-0.19760059298585822,-0.46946576237960924
2023-10-21 14:25:00,-2.5417064156416993,-0.19137235715298576,-0.33883113458733055
2023-10-21 14:30:00,-2.6355627943641493,0.3926152484229619,-0.4625891293856655
2023-10-21 14:35:00,-2.652156315722334,-0.19366969511765145,-0.6042754588806153
2023-10-21 14:40:00,-2.6486654647897856,-0.1966761700931116,-0.5044294522093039
2023-10-21 14:45:00,-2.418076325188753,-0.20753221726480858,-0.41343522354589507
2023-10-21 14:50:00,-2.4407980316116022,-0.22553214048756046,-0.2828935506529544
2023-10-21 14:55:00,-2.444274841017507,-0.20618119410745933,-0.22196428125986414
2023-10-21 15:00:00,-2.3199834133202177,-0.13246959768872368,-0.1324274542321884
2023-10-21 15:05:00,-2.316396046139795,-0.21980481981922534,-0.35782997899312424
2023-10-21 15:10:00,-2.2903285320656153,-0.2056271252235789,-0.600164366133286
2023-10-21 15:15:00,-2.5265459415887968,-0.21381171777315133,-0.34010972015234653
2023-10-21 15:20:00,-2.509301892209488,-0.21628048909075676,-0.20996928440260448
2023-10-21 15:25:00,-2.5498164626487054,-0.1651595908592776,-0.7680215261485768
2023-10-21 15:30:00,-2.393891170671074,0.3275422481837155,-0.5445552640439623
2023-10-21 15:35:00,-2.3717580786597137,-0.19233922307151521,-0.5846697602861488
2023-10-21 15:40:00,-2.342463323323342,-0.19123065486247964,-0.4593548220058237
2023-10-21 15:45:00,-2.635450844925477,-0.21858579222842947,-0.36492680768851854
2023-10-21 15:50:00,-2.645489324829325,-0.22905186676727035,-0.10134058134837003
2023-10-21 15:55:00,-2.607503858678022,-0.21556716534585957,0.1069728273933934
2023-10-21 16:00:00,-2.508792646501213,-0.0709151764017591,-0.03927909119951272
2023-10-21 16:05:00,-2.533385048227332,-0.21582268840001445,-0.2573364058224575
2023-10-21 16:10:00,-2.5684690432199173,-0.22448212011837157,-0.5981453454551859
2023-10-21 16:15:00,-2.07361138631659,-0.20603167969302721,-0.6469912831178581
2023-10-21 16:20:00,-2.079800067068518,-0.20361299704549915,-0.6058988266482073
2023-10-21 16:25:00,-2.0802359825091603,-0.21067321140114492,-0.6312005924530284
2023-10-21 16:30:00,-1.935406039262688,1.1071540084436347,-0.648838947395913
2023-10-21 16:35:00,-1.89459947181049,-0.20761045819846155,-0.7734535118381574
2023-10-21 16:40:00,-1.8944913208094922,-0.20870548391047997,-0.729554103842904
2023-10-21 16:45:00,-2.2594636274630773,-0.17921134734908858,-0.8246726693079702
2023-10-21 16:50:00,-2.2403961889360446,-0.17190477707269014,-0.8316124735226262
2023-10-21 16:55:00,-2.223730575098691,-0.1402595522031394,-0.8980616943438441
2023-10-21 17:00:00,-2.100123016987715,-0.1396676918544776,-0.7890334973339781
2023-10-21 17:05:00,-2.11555370765114,-0.17809033305900285,-0.7673099150947045
2023-10-21 17:10:00,-2.1004677145988713,-0.16825865533896756,-0.6682427773309039
2023-10-21 17:15:00,-1.7543201856255657,-0.16871251795034345,-0.699973469981129
2023-10-21 17:20:00,-1.7415283702401585,-0.16613474126025732,-0.6420977368446239
2023-10-21 17:25:00,-1.7340012307813077,-0.16829961620033482,-0.38595849082097927
2023-10-21 17:30:00,-1.7943514428260798,-0.27941464143370875,-0.5581261439622839
2023-10-21 17:35:00,-1.770632840374273,-0.1421124448995008,-0.5121226957456174
2023-10-21 17:40:00,-1.6758705288735292,-0.0639878108144315,0.46039048561197043
2023-10-21 17:45:00,-0.9343607999059586,-0.10843870558518671,0.015150383316214162
2023-10-21 17:50:00,-0.9946614700541221,-0.12370860157681104,-0.28328262458473946
2023-10-21 17:55:00,-1.0284628425338014,-0.12777569748915404,-0.7274039658629158
2023-10-21 18:00:00,-1.103013985039055,2.245684264007417,-0.7223795502034346
2023-10-21 18:05:00,-1.0666154701611863,-0.22317038917719131,-0.646817899934428
2023-10-21 18:10:00,-1.0406755045949132,-0.21251705310673905,-0.48183062224540896
2023-10-21 18:15:00,-1.6381975450640867,-0.14812573922408762,-0.5499372262904779
2023-10-21 18:20:00,-1.6643643024621073,-0.15020359606657274,-0.6687982914941173
2023-10-21 18:25:00,-1.641637322828096,-0.10679681169539712,-0.6285460199247217
2023-10-21 18:30:00,-1.2214953105760742,0.6458334575428167,-0.46501353139377943
2023-10-21 18:35:00,-1.2086123947769216,-0.11191855190825778,-0.34386089372311696
2023-10-21 18:40:00,-1.207374479979435,-0.1202261826851111,-0.37230317520584044
2023-10-21 18:45:00,-1.9808644007211722,-0.12110326848454338,-0.5576808083869507
2023-10-21 18:50:00,-1.9584958101225334,-0.09304453700909296,-0.4171064882246159
2023-10-21 18:55:00,-1.9672844374383183,-0.10709703996177375,-0.527278346751411
2023-10-21 19:00:00,-2.039170107622322,0.5985874261221087,-0.7660589018011872
2023-10-21 19:05:00,-2.0403167431972853,-0.10964370216489766,-0.5201356193387091
2023-10-21 19:10:00,-2.029226511848512,-0.10479925072936251,-0.4455828313512621
2023-10-21 19:15:00,-1.7784988147070542,-0.14489078029125477,-0.3776577391118514
2023-10-21 19:20:00,-1.7785212912360557,-0.12467247022892775,-0.46168761063948804
2023-10-21 19:25:00,-1.7804390248276747,-0.10891408247623766,-0.6702674205966277
2023-10-21 19:30:00,-1.9654098593237348,0.5948097274168048,-0.5787510065148243
2023-10-21 19:35:00,-1.9403983027034641,-0.08540559841711659,-0.5314919901967439
2023-10-21 19:40:00,-1.9559978430832254,-0.08580142621653054,-0.44364487637815836
2023-10-21 19:45:00,-1.9546218755258453,-0.10330475498849624,-0.406645930755649
2023-10-21 19:50:00,-1.9744086240380998,-0.11265463165808044,-0.49057862695431664
2023-10-21 19:55:00,-1.9572307642032238,-0.098383364211678,-0.6380266416433212
2023-10-21 20:00:00,-2.0101567806641545,0.4733491035781339,-0.5985371136537153
2023-10-21 20:05:00,-2.020319929475414,-0.09920118075945066,-0.6884098400084792
2023-10-21 20:10:00,-2.006279417526382,-0.09926259507848532,-0.8243916594889017
2023-10-21 20:15:00,-2.1820278952481797,-0.10204192242345678,-0.7413146012776897
2023-10-21 20:20:00,-2.173012777218042,-0.1018138157783663,-0.6350044335102781
2023-10-21 20:25:00,-2.2083247391160987,-0.11275312824058757,-0.7058295208236899
2023-10-21 20:30:00,-2.414773242554572,0.2596557854994596,-0.8044606720200957
2023-10-21 20:35:00,-2.414686190733501,-0.13121675612155048,-0.90750102591925
2023-10-21 20:40:00,-2.42874938954083,-0.1418428891284486,-0.9958984002207417
2023-10-21 20:45:00,-2.4643115424996176,-0.11325661606716474,-0.9212778538481163
2023-10-21 20:50:00,-2.480226370196213,-0.11412063072256454,-0.7946528348613418
2023-10-21 20:55:00,-2.514351700833386,-0.14365330435166232,-0.9506922369298961
2023-10-21 21:00:00,-2.5326746303630085,-0.2124210552090987,-0.9229310587225336
2023-10-21 21:05:00,-2.4496702777844623,-0.04028878841180854,-0.9766094730828319
2023-10-21 21:10:00,-2.443641496081416,-0.029703126157779217,-0.7190808537836982
2023-10-21 21:15:00,-2.2683291391178715,-0.05897432544327331,-0.682302356779783
2023-10-21 21:20:00,-2.2794406815688406,-0.10324436872347437,-0.524084561660587
2023-10-21 21:25:00,-2.268876658991691,-0.12441588689987937,-0.4282425928218066
2023-10-21 21:30:00,-2.3021016698736463,-0.317000166528149,-0.3705306511093122
2023-10-21 21:35:00,-2.3113194904667327,-0.14923705545096677,-0.081724316530146
2023-10-21 21:40:00,-2.3390237382233843,-0.1668630997692675,0.03404047978114972
2023-10-21 21:45:00,-1.9553334841409953,-0.21102442059033752,0.9015450465741045
2023-10-21 21:50:00,-1.927057704738019,-0.21957757044746695,1.2035821928431987
2023-10-21 21:55:00,-1.9727764519132283,-0.17543344899715024,0.21989498833566537
2023-10-21 22:00:00,-2.053614959459796,0.04149339812705696,-0.3320942819754619
2023-10-21 22:05:00,-2.056320999153263,-0.1755001566281597,0.02459272804457169
2023-10-21 22:10:00,-2.0329553204285036,-0.1925061081241523,0.3625409111078788
2023-10-21 22:15:00,-2.172219546801547,-0.24023604884437733,1.2932751392518433
2023-10-21 22:20:00,-2.1907306551459977,-0.25148800682780625,1.473348031868296
2023-10-21 22:25:00,-2.1639207585985156,-0.2664602408133073,2.1966161986886505
2023-10-21 22:30:00,-2.24296023605162,-0.3786582925071029,2.458597095856878
2023-10-21 22:35:00,-2.2795400431170494,-0.275089140205869,2.5016033003666487
2023-10-21 22:40:00,-2.2371013861311373,-0.27101553104806103,3.1792171019080193
2023-10-21 22:45:00,-1.9322276045604274,-0.31369162839132764,3.831714288128243
2023-10-21 22:50:00,-1.9831576002936195,-0.3145719544111033,3.308803917417077
2023-10-21 22:55:00,-2.0014982767049285,-0.2869439681190193,3.2455002878878934
2023-10-21 23:00:00,-1.6591957873838594,-0.871069789923425,4.00333386979583
2023-10-21 23:05:00,-1.668116092236669,-0.31052037081816986,3.3693948966091636
2023-10-21 23:10:00,-1.6483839413067556,-0.30297344432874085,4.01849489002991
2023-10-21 23:15:00,-1.8380787469876936,-0.3664886532283629,5.464176758135933
2023-10-21 23:20:00,-1.9169702584305948,-0.27967661338031957,4.09297531407222
2023-10-21 23:25:00,-1.8853289159486757,-0.27758891265815566,5.864105024920057
2023-10-21 23:30:00,-2.073968025796264,-0.7584245698699624,3.6267831275080615
2023-10-21 23:35:00,-2.1249703362350534,-0.22523753498266136,2.588555144376138
2023-10-21 23:40:00,-2.0817562684868816,-0.2796812165017195,2.6776746546681935
2023-10-21 23:45:00,-1.965097149501972,-0.29919954692387507,1.726060137060945
2023-10-21 23:50:00,-1.9393237249145723,-0.326872582976431,2.93635365802442
2023-10-21 23:55:00,-1.906815088430725,-0.3153185901228291,3.2446214278325423
2023-10-22 00:00:00,-2.025869543305812,-0.8133108942458708,-0.5781697538437233
2023-10-22 00:15:00,-2.2963690236391145,-0.29841302833152505,5.363088880250707
2023-10-22 00:20:00,-2.2900735354253134,-0.3089510190558777,3.757379413411655
2023-10-22 00:25:00,-2.3206922897764417,-0.302047001838127,3.2557697381109083
2023-10-22 00:30:00,-2.212239673362373,-0.3150353266168448,2.834774106869593
2023-10-22 00:35:00,-2.2395134978572964,-0.2957118502255401,2.5092777164506526
2023-10-22 00:40:00,-2.2322975234775426,-0.28962634857614755,2.610498884819667
2023-10-22 00:45:00,-2.228760737546483,-0.2874137322820288,2.435342530163579
2023-10-22 00:50:00,-2.12946461804374,-0.3335789728210486,4.297728843065863
2023-10-22 00:55:00,-2.076894476972113,-0.3739123529422932,4.924684145337002
2023-10-22 01:00:00,-2.387423004703051,-0.9274963282740288,4.9356695980477365
2023-10-22 01:05:00,-2.462688072190714,-0.32567641572443606,3.7079201558347283
2023-10-22 01:10:00,-2.498895541209491,-0.32437907307817815,3.3178847936564635
2023-10-22 01:15:00,-2.3430091044236274,-0.332017393174373,3.026328075675326
2023-10-22 01:20:00,-2.3353052111339547,-0.31141040928751207,4.584829302717847
2023-10-22 01:25:00,-2.2761328666176226,-0.3835325811360906,5.912407625332507
2023-10-22 01:30:00,-2.437282463028284,-1.0797951915631177,3.5591475983770757
2023-10-22 01:35:00,-2.3216881823138085,-0.3753412951173986,5.485218287906101
2023-10-22 01:40:00,-2.3925114348245184,-0.35132584235700687,4.759811552377645
2023-10-22 01:45:00,-2.1978612038705125,-0.4656932161793355,6.651504587026874
2023-10-22 01:50:00,-2.2783293690555713,-0.41733824298064176,5.535734449192484
2023-10-22 01:55:00,-2.3277913618028228,-0.38076609561821306,4.3457747286231845
2023-10-22 02:00:00,-2.440546317577717,-1.0751544472210723,3.9778269332849563
2023-10-22 02:05:00,-2.496869434587514,-0.3624978348782631,3.82286678482387
2023-10-22 02:10:00,-2.5008885374254612,-0.3613959342279999,3.442110038714218
2023-10-22 02:15:00,-2.6679111657824714,-0.3197958447820551,3.597725718360386
2023-10-22 02:20:00,-2.6385856035541635,-0.3240077907473712,3.6925992558862237
2023-10-22 02:25:00,-2.604316510940247,-0.3583993374288387,4.554137943349044
2023-10-22 02:30:00,-2.5752683375786893,-1.165890641868626,3.3778223396407565
2023-10-22 02:35:00,-2.587379891107555,-0.3226723650678048,2.3091109172995465
2023-10-22 02:40:00,-2.605319772244285,-0.2915665531776232,2.2474535137102287
2023-10-22 02:45:00,-2.6014749325648974,-0.2649984870896081,1.123072408182665
2023-10-22 02:50:00,-2.577831670022702,-0.2673493378994805,1.092499788704024
2023-10-22 02:55:00,-2.5785508185575146,-0.26393288956211786,0.8002242316976114
2023-10-22 03:00:00,-2.4380807332724146,-0.7559692237704179,1.9567226484666538
2023-10-22 03:05:00,-2.384542896279342,-0.3206415830506062,2.547530270801351
2023-10-22 03:10:00,-2.4410132341262223,-0.2993070600362484,1.42022936943179
2023-10-22 03:15:00,-2.7112056492867644,-0.2560344484618161,0.7373229087393736
2023-10-22 03:20:00,-2.6578427157359896,-0.27432006356741123,1.5571407703737874
2023-10-22 03:25:00,-2.656270971456356,-0.27632634654291294,1.1550311766539185
2023-10-22 03:30:00,-2.575023353598247,-1.1383718905363027,0.36634192720644504
2023-10-22 03:35:00,-2.6115395913445747,-0.23542882619541525,-0.17827032934558418
2023-10-22 03:40:00,-2.5910511641797562,-0.222106767792691,-0.4532132319989791
2023-10-22 03:45:00,-2.5958892230799213,-0.21948586996699934,-0.5609376957358707
2023-10-22 03:50:00,-2.578514559581993,-0.21041847291053395,-0.6621378739008599
2023-10-22 03:55:00,-2.5577828528891358,-0.20601735709069993,-0.6986002208744158
2023-10-22 04:00:00,-2.7955992520886785,-0.7870074404753187,-0.8449258649254356
2023-10-22 04:05:00,-2.812828228733667,-0.16847159380305268,-0.8252535028158894
2023-10-22 04:10:00,-2.8096694330244505,-0.16623275314939462,-0.8924326388605087
2023-10-22 04:15:00,-2.598383009308738,-0.17862986855259635,-1.059193590553757
2023-10-22 04:20:00,-2.5897175247649935,-0.17643321889372915,-1.1226847332238503
2023-10-22 04:25:00,-2.59152115230558,-0.17152734795226712,-1.1697807994295835
2023-10-22 04:30:00,-2.5818331295445534,-0.9240964938792268,-0.9927111112019299
2023-10-22 04:35:00,-2.579041320413047,-0.17167959627819251,-1.047661508035228
2023-10-22 04:40:00,-2.586266722380505,-0.1754127548918388,-1.0544005099873546
2023-10-22 04:45:00,-2.7460716018120466,-0.1567398491332136,-1.092216400967375
2023-10-22 04:50:00,-2.736556396546993,-0.1559071507101466,-1.0232300158776484
2023-10-22 04:55:00,-2.7463930537424366,-0.1629650306131258,-0.8215864509891543
2023-10-22 05:00:00,-2.5939028635066594,-1.0052939653398065,-0.8925548084043521
2023-10-22 05:05:00,-2.580968376370979,-0.15500943028106434,-0.9776063981899034
2023-10-22 05:10:00,-2.5833791300591384,-0.15048819279598288,-1.1558409231377833
2023-10-22 05:15:00,-2.6485609964820442,-0.152887134568522,-1.129361173171987
2023-10-22 05:20:00,-2.6474246506682997,-0.15604130533266583,-1.167057332221735
2023-10-22 05:25:00,-2.646847201287469,-0.15584948611438426,-1.197276479903143
2023-10-22 05:30:00,-2.504919920833373,-0.6652530768894779,-1.3080115847210472
2023-10-22 05:35:00,-2.4797759810187388,-0.19707489743502135,-0.7431345737187417
2023-10-22 05:40:00,-2.5054862920203935,-0.1746375470287478,-1.0418930801062392
2023-10-22 05:45:00,-2.2452096439008224,-0.1855128697969357,-0.9983503070599093
2023-10-22 05:50:00,-2.2169915750902014,-0.1780197255899427,-1.00399899080074
2023-10-22 05:55:00,-2.213778813699351,-0.18648509876556194,-0.999688872230271
2023-10-22 06:00:00,-1.9165219648861342,-1.2123904617425636,-1.0088108058263516
2023-10-22 06:05:00,-1.917264736457193,-0.2126648791381101,-0.9851461892193855
2023-10-22 06:10:00,-1.925043814761087,-0.23281659306391772,-0.60505855398511
2023-10-22 06:15:00,-2.169654743434891,-0.19806993310346144,-0.4153854676904733
2023-10-22 06:20:00,-2.187534779240262,-0.1968292743409874,-0.7881372752877097
2023-10-22 06:25:00,-2.202456175334776,-0.19427126660981964,-0.8940294537074756
2023-10-22 06:30:00,-1.7845989581711381,-0.017877386134919196,-0.5173744224975868
2023-10-22 06:35:00,-1.7606754092000811,-0.21754826827358412,-0.572433070135659
2023-10-22 06:40:00,-1.797585000592355,-0.21074794082922002,-0.7125457180126104
2023-10-22 06:45:00,-2.080781788576534,-0.2112891305327778,-0.4835683568762832
2023-10-22 06:50:00,-2.069752032765074,-0.22799189608706158,-0.2511906660270242
2023-10-22 06:55:00,-2.0407446008336905,-0.22309765368319912,-0.09937165931171575
2023-10-22 07:00:00,-1.3162697792493432,-0.6168776615717201,1.1006856275447152
2023-10-22 07:05:00,-1.3888477042199325,-0.24618358665801102,0.058512070409612656
2023-10-22 07:10:00,-1.3801271932803019,-0.23622041156472093,-0.15815598160919556
2023-10-22 07:15:00,-0.6929283241996674,-0.22794045475728011,-0.2537238513249566
2023-10-22 07:20:00,-0.6975812004637255,-0.22475455324890706,-0.23038195212564436
2023-10-22 07:25:00,-0.7256731152423732,-0.23196940516350328,0.281379618038456
2023-10-22 07:30:00,-0.5822857281903374,0.9180587851190221,0.04670463915016808
2023-10-22 07:35:00,-0.6085877919592013,-0.20818815263751841,-0.1603997791205276
2023-10-22 07:40:00,-0.563565689944277,-0.18678250911549543,-0.2519536308609449
2023-10-22 07:45:00,-0.6566745472178231,-0.19723617640864888,0.31085906842180827
2023-10-22 07:50:00,-0.6663057049941995,-0.1968548304456092,0.2629175989276336
2023-10-22 07:55:00,-0.6656933361177182,-0.19338683749533483,0.25241764833064345
2023-10-22 08:00:00,-0.7567058317486645,-0.18076194856251285,0.96246720051175
2023-10-22 08:05:00,-0.7428192808180016,-0.17531418525484918,1.060209380623799
2023-10-22 08:10:00,-0.7402250439244834,-0.1870671988178658,0.36278941173948737
2023-10-22 08:15:00,-0.48863955667864367,-0.20783479070659075,0.09140993860385987
2023-10-22 08:20:00,-0.5137080937265052,-0.2105136546799961,0.1446284968936496
2023-10-22 08:25:00,-0.48838009014984507,-0.2140513220266427,0.2747525735005877
2023-10-22 08:30:00,-0.9779839173543698,0.2927954738007568,0.3599693760695384
2023-10-22 08:35:00,-0.9680067289507711,-0.18862387265494857,0.5342369028461106
2023-10-22 08:40:00,-0.9986691973364232,-0.18948809603037267,0.3948009979270213
2023-10-22 08:45:00,-1.1238470262004683,-0.19721193297218972,0.2952879151047194
2023-10-22 08:50:00,-1.1169690820815124,-0.18883254778298275,0.1390952405243663
2023-10-22 08:55:00,-1.1289337783535645,-0.19730280849749118,-0.08146253686459579
2023-10-22 09:00:00,-0.8252612466824539,0.43063861543517545,-0.5872194726120328
2023-10-22 09:05:00,-0.8436365847044324,-0.15804497868907183,-0.7310924663274957
2023-10-22 09:10:00,-0.8250894162566227,-0.15539345635321325,-0.7558166270683341
2023-10-22 09:15:00,-1.2921588404275248,-0.15723741787402054,-0.7513470618806116
2023-10-22 09:20:00,-1.2957072708053627,-0.16323826223097643,-0.6434028966413504
2023-10-22 09:25:00,-1.2968878943567443,-0.15985489599021713,-0.5017321992234846
2023-10-22 09:30:00,-1.3267082245509194,-0.016375841446887224,-0.544529886472088
2023-10-22 09:35:00,-1.316809849326215,-0.2039729233082556,-0.5153440847870332
2023-10-22 09:40:00,-1.3207649250798066,-0.20704697337200254,-0.5516185415175109
2023-10-22 09:45:00,-1.407606980341257,-0.213138592943965,-0.2523598261827568
2023-10-22 09:50:00,-1.4727066727352671,-0.2577715193980215,0.5610832228052071
2023-10-22 09:55:00,-1.4758229641843774,-0.23537813282791262,-0.03869933562208878
2023-10-22 10:00:00,-1.7811078336878436,-0.1760448517453608,-0.22319461463762377
2023-10-22 10:05:00,-1.9116939315057522,-0.29499278158630166,0.4691228815541018
2023-10-22 10:10:00,-2.0733964123744313,-0.37886635190781226,1.2923127217895887
2023-10-22 10:15:00,-1.8289047523323785,-0.29645673816746027,0.2560405978768182
2023-10-22 10:20:00,-1.7737462149876366,-0.2814149471075612,0.04795602893906094
2023-10-22 10:25:00,-1.7629867483823316,-0.2879409565554556,0.3226530739026779
2023-10-22 10:30:00,-2.0722862680063936,-0.6601758321708412,2.219791691396355
2023-10-22 10:35:00,-2.250227104471931,-0.3649008098510456,1.2567690541281
2023-10-22 10:40:00,-2.1402771924597856,-0.2797062337342221,0.4292264075170589
2023-10-22 10:45:00,-2.114787957523411,-0.25699912800673425,0.12933987917269021
2023-10-22 10:50:00,-2.1154314597669903,-0.24864137469192268,-0.07888659217002673
2023-10-22 10:55:00,-2.1027759639263492,-0.24242161205128235,-0.15558095218705423
2023-10-22 11:00:00,-1.7994388269168775,-0.7040054891453252,-0.02363158095699829
2023-10-22 11:05:00,-1.7689775015412204,-0.23113706269865988,-0.2959804690576575
2023-10-22 11:10:00,-1.7786313644965392,-0.22785419727855485,-0.47166627323360116
2023-10-22 11:15:00,-1.734525501264955,-0.22566627188650124,-0.4060631693398711
2023-10-22 11:20:00,-1.702079393815794,-0.23434332264110047,-0.20248601400474117
2023-10-22 11:25:00,-1.703678093451547,-0.2211758330229157,-0.43780225050319554
2023-10-22 11:30:00,-2.0098096147675966,-0.5272513092301133,-0.5627972529952636
2023-10-22 11:35:00,-2.012327962195141,-0.21674813206466742,-0.4759895145112712
2023-10-22 11:40:00,-2.0300119684650664,-0.2140953802127921,-0.7410236404427483
2023-10-22 11:45:00,-2.0759298729898954,-0.19584562430810423,-0.8379552609940727
2023-10-22 11:50:00,-2.0802350311412803,-0.21589385775153808,-0.6623440482351384
2023-10-22 11:55:00,-2.0569299240222807,-0.2212981523102156,-0.46345687382889544
2023-10-22 12:00:00,-1.8281789145074328,-0.7339348755108828,-0.586854470644419
2023-10-22 12:05:00,-1.8743574222757171,-0.23526723600007546,-0.5847634970166393
2023-10-22 12:10:00,-1.8499577816796549,-0.23550134109795698,-0.5063177980331512
2023-10-22 12:15:00,-1.7690233145441836,-0.23589685001724162,-0.5450462614990509
2023-10-22 12:20:00,-1.7701914619293642,-0.22682138554649095,-0.714652542300703
2023-10-22 12:25:00,-1.7552157791707994,-0.22694263825111385,-0.7045683809272515
2023-10-22 12:30:00,-1.5812566524434875,-0.743492862827211,-0.748554225705249
2023-10-22 12:35:00,-1.559413428758776,-0.2159841984366858,-0.7977337748185682
2023-10-22 12:40:00,-1.567620025506957,-0.23172785967791587,-0.6377924205458286
2023-10-22 12:45:00,-1.4380659924811263,-0.22527798912136607,-0.6866193022503301
2023-10-22 12:50:00,-1.4283368710327504,-0.22178915761621346,-0.7024425077602512
2023-10-22 12:55:00,-1.451066704344088,-0.24009718815347553,-0.5385938695154544
2023-10-22 13:00:00,-1.9317146099602167,-0.4296872388698018,-0.601674156898535
2023-10-22 13:05:00,-1.9299577034981876,-0.2225786924389392,-0.7358845038071535
2023-10-22 13:10:00,-1.9098976560795913,-0.2141983378454139,-0.831833319118723
2023-10-22 13:15:00,-1.6338392607811187,-0.22481709660324015,-0.9878304251571927
2023-10-22 13:20:00,-1.6296819546092973,-0.22966524373328936,-0.8958299522870844
2023-10-22 13:25:00,-1.6289155804380855,-0.2262253634283292,-0.9107904970728912
2023-10-22 13:30:00,-1.7303219717300569,-0.830063977533126,-0.7896240997661037
2023-10-22 13:35:00,-1.7341570735368301,-0.21867428466080782,-0.8700736359991623
2023-10-22 13:40:00,-1.7202736551216493,-0.2048805858713967,-0.9972231836770076
2023-10-22 13:45:00,-2.0034001770564522,-0.19673690299885255,-0.8015699559795493
2023-10-22 13:50:00,-1.9822520315644638,-0.21698963914014405,-0.5807639826670838
2023-10-22 13:55:00,-1.9798816254219487,-0.2102885761559416,-0.6208155024533248
2023-10-22 14:00:00,-2.0682446567426234,-0.8123953242775523,-0.9399200187198739
2023-10-22 14:05:00,-2.085071041004138,-0.20046567867585405,-1.0524845166557943
2023-10-22 14:10:00,-2.0663618314122503,-0.20181268413252998,-1.0103168768295705
2023-10-22 14:15:00,-2.414153276800486,-0.20446744487601226,-0.9289752156152602
2023-10-22 14:20:00,-2.4238214372735856,-0.20598626981251247,-0.9694378676543683
2023-10-22 14:25:00,-2.4276194926789754,-0.1939052492883741,-1.0791735802050133
2023-10-22 14:30:00,-2.6341671486897233,-1.0961526562365982,-1.0633186878299592
2023-10-22 14:35:00,-2.671966351427572,-0.18906311054844308,-1.0016006116030676
2023-10-22 14:40:00,-2.668170954918512,-0.17416033043091095,-1.1590238028193522
2023-10-22 14:45:00,-2.246140026575207,-0.1939468344811092,-1.0512652282714858
2023-10-22 14:50:00,-2.223873614526419,-0.21714471416920947,-0.7147939588476824
2023-10-22 14:55:00,-2.2110513847577513,-0.2015870837707636,-0.9734386621885368
2023-10-22 15:00:00,-2.362333130209708,-1.3126920123406267,-0.7861078070533843
2023-10-22 15:05:00,-2.357238736779526,-0.19441385960138205,-0.898060765072218
2023-10-22 15:10:00,-2.3527742602765427,-0.16255705300217035,-1.3756900480227152
2023-10-22 15:15:00,-2.099510365053023,-0.16469160752367373,-1.364301088483864
2023-10-22 15:20:00,-2.0845864116319324,-0.18153943612061232,-1.1057449364294698
2023-10-22 15:25:00,-2.1046976947275082,-0.1861488499927247,-1.0834716839661491
2023-10-22 15:30:00,-1.9785628427177822,-0.1795856927077203,-1.1769260261532617
2023-10-22 15:35:00,-1.9731029828716142,-0.181332818074252,-1.1629095173266553
2023-10-22 15:40:00,-1.9378989424668775,-0.17366188225273035,-1.1105396818669986
2023-10-22 15:45:00,-1.9330279226231009,-0.20285964130124,-0.8380249770740335
2023-10-22 15:50:00,-1.910467307974673,-0.19081218438222197,-1.0188628181319686
2023-10-22 15:55:00,-1.9155276280934537,-0.20109789965694452,-1.0468548178206751
2023-10-22 16:00:00,-1.591922936123882,-1.016542642792836,-0.8627692771621587
2023-10-22 16:05:00,-1.605097743493958,-0.23930601762304662,-0.6756434110657953
2023-10-22 16:10:00,-1.622772233276412,-0.2473932884210552,-0.5734932302281457
2023-10-22 16:15:00,-1.3275425184889835,-0.23938024157195573,-0.5836788709762637
2023-10-22 16:20:00,-1.3068029342719116,-0.19813032263270333,-0.8705414682220525
2023-10-22 16:25:00,-1.3291301050439654,-0.20703178810945083,-0.8080531272051554
2023-10-22 16:30:00,-1.3422810451375469,-0.7252240727778602,-0.9275437650446603
2023-10-22 16:35:00,-1.3254612838584696,-0.18437725636123398,-1.0327766142197028
2023-10-22 16:40:00,-1.3173566573803943,-0.18383861213584798,-1.0105872994573741
2023-10-22 16:45:00,-1.3661334819677968,-0.19993272323499203,-0.8948158487291087
2023-10-22 16:50:00,-1.3601530202401237,-0.19441954206815398,-0.9988548284597251
2023-10-22 16:55:00,-1.3632680415919574,-0.18529738387494193,-1.186033265328457
2023-10-22 17:00:00,-1.779540268077612,-0.9123920687833341,-1.0909725960531635
2023-10-22 17:05:00,-1.7127159003178603,-0.1645232301928448,-1.266085442003529
2023-10-22 17:10:00,-1.7545836141782702,-0.1892837128105232,-1.0335947856320837
2023-10-22 17:15:00,-1.8610207115142434,-0.17615922575933202,-1.1152811090029364
2023-10-22 17:20:00,-1.8796649341007736,-0.17765881989668,-1.1122046346475973
2023-10-22 17:25:00,-1.8520764916721548,-0.19144705542818424,-0.7753608956745363
2023-10-22 17:30:00,-1.6677289259912376,-0.788292215310422,-0.8240885895787092
2023-10-22 17:35:00,-1.6442828163497434,-0.1934209152175803,-0.7225972735164072
2023-10-22 17:40:00,-1.6353050839554892,-0.19206832350183153,-0.7931419524968027
2023-10-22 17:45:00,-1.6259081809317693,-0.15678863405416077,-1.274410950860832
2023-10-22 17:50:00,-1.6641571729734792,-0.18668347890006298,-1.0740627749647151
2023-10-22 17:55:00,-1.605015757325504,-0.21248637607165252,-0.2327974692494681
2023-10-22 18:00:00,-1.1812079093669194,-0.9450977744424569,0.39208952998469493
2023-10-22 18:05:00,-1.2174950639532942,-0.22607585869620223,-0.20087755437143087
2023-10-22 18:10:00,-1.2598363794042713,-0.24509906761528683,-0.0494167361482282
2023-10-22 18:15:00,-0.5403787525358567,-0.23933279894212295,-0.21620757184210643
2023-10-22 18:20:00,-0.5621737298109714,-0.2654324114808664,-0.23319300070307714
2023-10-22 18:25:00,-0.5760208295418955,-0.2614839708325799,-0.13122680869519618
2023-10-22 18:30:00,0.32970953128605524,0.6657353386104651,3.387636026326471
2023-10-22 18:35:00,0.33000876782298005,-0.25762282182872864,1.226293695288235
2023-10-22 18:40:00,0.36259764160169344,-0.137065174556728,2.6863530136102955
2023-10-22 18:45:00,0.3961705381326873,-0.23560002155982301,1.7626481329814594
2023-10-22 18:50:00,0.4200775922674806,-0.28799271616875294,1.848694576522576
2023-10-22 18:55:00,0.4145901935376538,-0.3006340569193101,2.0403785385057875
2023-10-22 19:00:00,0.7183958521559187,1.6939305375182936,1.9908058191287632
2023-10-22 19:05:00,0.7446818292274849,-0.314813403341222,2.120616500567603
2023-10-22 19:10:00,0.7225086022083093,-0.26740647507353804,2.8504384385229
2023-10-22 19:15:00,0.8544393902096414,-0.20827346994050355,2.037006167875894
2023-10-22 19:20:00,0.9055567402974728,-0.2050023289002923,1.1072037105599057
2023-10-22 19:25:00,0.954013128721886,-0.15640260002100498,1.14458874018067
2023-10-22 19:30:00,1.0948263790834563,6.887439794029046,1.4013446795944726
2023-10-22 19:35:00,1.3006327564331674,-0.02139652801191375,3.6183344196053704
2023-10-22 19:40:00,1.521023625318382,0.2574495990597415,1.8898792865561431
2023-10-22 19:45:00,1.3725946115751408,0.2727946023235401,2.277575155549224
2023-10-22 19:50:00,1.2887814561592834,0.19451532134279612,2.3854446115577757
2023-10-22 19:55:00,1.3493592822056328,0.19305706500731942,2.0695630820396844
2023-10-22 20:00:00,1.0189923203617106,5.047409771859514,2.2135245892721183
2023-10-22 20:05:00,1.1008010434333635,0.3964579648220193,2.0690361626735476
2023-10-22 20:10:00,1.3862052330567947,0.6437573179421552,2.3777084977069007
2023-10-22 20:15:00,1.4630890982793947,0.4159520436338227,2.106238044287837
2023-10-22 20:20:00,1.0379736621397708,0.048285970957234324,1.7522022414322347
2023-10-22 20:25:00,0.8470168904102129,-0.162528261226835,1.6400292927932845
2023-10-22 20:30:00,0.6457566945354826,6.285939654876183,2.0301916868179273
2023-10-22 20:35:00,0.6986820920128138,-0.1434747003278965,2.0025297928349586
2023-10-22 20:40:00,0.7255075097700598,-0.0574614802114654,1.83897375742709
2023-10-22 20:45:00,1.9008679551354273,-0.05060146184198171,1.8404475574510941
2023-10-22 20:50:00,1.9310556394873033,-0.05124856771048305,1.5245916762477265
2023-10-22 20:55:00,2.0894857772791577,0.07144989025534572,2.005694927856265
2023-10-22 21:00:00,1.0339507539170356,6.61907653539257,2.3303688338865354
2023-10-22 21:05:00,0.9805587115127282,0.09844799543619745,2.639918622060515
2023-10-22 21:10:00,0.9138403149891862,0.08813634557449415,3.2786547903772507
2023-10-22 21:15:00,1.219542978111189,0.04583475403951625,3.1493125494664334
2023-10-22 21:20:00,1.2927705086970742,0.1108000178841449,3.0185250990517063
2023-10-22 21:25:00,1.3318238248599301,0.12248639732541222,3.064994811121976
2023-10-22 21:30:00,5.690816917217693,8.446755637434242,2.995392370962808
2023-10-22 21:35:00,5.828039186696766,0.12279758914962986,2.894883996178912
2023-10-22 21:40:00,5.888169555576088,0.17232423084453083,2.773912463911338
2023-10-22 21:45:00,6.11558875125708,0.35663811794585826,2.4415571331740282
2023-10-22 21:50:00,6.191628042496869,0.4397899153796166,2.388707645217851
2023-10-22 21:55:00,6.308853198510106,0.5236063299446301,2.526956128629369
2023-10-22 22:00:00,4.987451731200972,12.08424094401155,2.88728253071858
2023-10-22 22:05:00,5.3502670743803025,1.0733396696046373,3.1743145034850833
2023-10-22 22:10:00,5.590397185179465,1.3638993277454232,3.494148925586147
2023-10-22 22:15:00,5.044020420897528,1.1442755478825277,3.0927127740797364
2023-10-22 22:20:00,4.973713938789334,1.0487391420664103,2.906025614854243
2023-10-22 22:25:00,4.837351642181565,0.8716954659740009,2.5585466874046845
2023-10-22 22:30:00,5.1939577184547465,13.756038810495019,2.1969129090081227
2023-10-22 22:35:00,5.196407311514545,0.5015234126393353,2.109580281233549
2023-10-22 22:40:00,5.4025692264083744,0.736480520852646,2.1731638878460036
2023-10-22 22:45:00,4.9676523252198335,0.7953215553438719,2.223508858881839
2023-10-22 22:50:00,5.218093526356507,1.0086520583082754,2.5371151937569976
2023-10-22 22:55:00,5.2090843921316425,1.002059720882149,2.829439467922695
2023-10-22 23:00:00,4.712136460558917,0.7657616301086391,2.362056947383164
2023-10-22 23:05:00,4.300894242741302,0.34677627605603634,1.4317591451203908
2023-10-22 23:10:00,4.159763606134445,0.20999702557065414,1.2946415850335387
2023-10-22 23:15:00,4.8851504723574095,0.3148832566114339,1.6358467728932529
2023-10-22 23:20:00,5.173443871788615,0.6197631385591481,2.0903744408461566
2023-10-22 23:25:00,5.342988659831484,0.7768636614405325,2.1622690397733484
2023-10-22 23:30:00,4.958841582658911,7.0510371906314875,2.2915463098692745
2023-10-22 23:35:00,4.849548517119963,0.7386445660027605,2.026326684006556
2023-10-22 23:40:00,4.568445853080688,0.4729897443761752,1.6011181776114607
2023-10-22 23:45:00,4.86202808362492,0.5019614032694171,1.6704670061563083
2023-10-22 23:50:00,4.908425899296849,0.5235338218700752,1.627401305509992
2023-10-22 23:55:00,4.879698026016602,0.4958622595774884,1.7557230362376068
2023-10-23 00:00:00,3.9966872633013546,10.10495373836753,-0.5425453685840256
2023-10-23 00:15:00,2.833713259662599,0.22341989198347076,1.3290897291236703
2023-10-23 00:20:00,2.7849371062604407,0.1250974583415843,1.1791884127144807
2023-10-23 00:25:00,2.745976587360264,0.07163657662974426,1.0284999054018615
2023-10-23 00:30:00,3.674246487368718,8.691580527375303,1.0523299819009742
2023-10-23 00:35:00,3.7657541952812172,0.09839574285169395,1.029995691945366
2023-10-23 00:40:00,3.573147989834988,-0.05774024925131201,1.0170871106485517
2023-10-23 00:45:00,2.3752815930105027,-0.1193399232410714,1.078948529821702
2023-10-23 00:50:00,2.3620253082802014,-0.10538317243034485,1.0964283641173524
2023-10-23 00:55:00,2.3669016665791665,-0.1062039741986842,1.0306770996576513
2023-10-23 01:00:00,3.047017551575097,6.901489373410907,0.9833180807500528
2023-10-23 01:05:00,3.107936140863828,-0.1034933544400552,0.980740807838527
2023-10-23 01:10:00,3.1121327446814924,-0.09495528344834396,0.9540320428304472
2023-10-23 01:15:00,3.500540200986137,-0.08112862627159673,0.9540126584280718
2023-10-23 01:20:00,3.456720128640568,-0.10103416889352036,1.0174971434536693
2023-10-23 01:25:00,3.4608941253464502,-0.0813853311785314,0.8709952151128572
2023-10-23 01:30:00,3.3735492660545177,8.061218819629758,0.6518050897332013
2023-10-23 01:35:00,3.4390237264210715,-0.0629883090348665,0.6306316350546683
2023-10-23 01:40:00,3.441256076297372,-0.07427016929100237,0.7551128302961168
2023-10-23 01:45:00,3.890542542989447,-0.07280926573117597,0.7518521068992761
2023-10-23 01:50:00,3.896490700463693,-0.07250656980351068,0.6731258900445577
2023-10-23 01:55:00,3.9191607610842096,-0.06364150599528982,0.6108272066631224
2023-10-23 02:00:00,3.3840182704691193,8.388726944955934,0.7165350197260378
2023-10-23 02:05:00,3.6796683740576595,0.24920476605276498,0.8946016200404037
2023-10-23 02:10:00,3.5090670473350998,0.0846213624505108,0.5993844492184236
2023-10-23 02:15:00,3.6955081017504057,0.1695410299444527,0.692938071871603
2023-10-23 02:20:00,3.5796619418621503,0.06032687231819269,0.43211602932287657
2023-10-23 02:25:00,3.462704236582372,-0.05238003373314061,0.31933438769518824
2023-10-23 02:30:00,3.129442529385251,8.394225116618866,0.38708725276281725
2023-10-23 02:35:00,3.230678218720154,-0.07530592981646574,0.4371375755256653
2023-10-23 02:40:00,3.206750274326116,-0.09472324843106372,0.5847010975812282
2023-10-23 02:45:00,3.178278885325642,-0.09056142437404294,0.47208488491655376
2023-10-23 02:50:00,3.152690368764343,-0.07536179299283301,0.3208871097652687
2023-10-23 02:55:00,3.1559534652734307,-0.051742746830880613,0.26052788219099654
2023-10-23 03:00:00,2.7137788148896007,8.45273198810956,0.23310793221923853
2023-10-23 03:05:00,2.8128630694530843,-0.02930044745442468,0.29289382623084254
2023-10-23 03:10:00,3.357526752105692,0.48245346897693975,1.0647367175758202
2023-10-23 03:15:00,2.8744828248836902,0.635414550776159,2.735730165832319
2023-10-23 03:20:00,2.672101608952079,0.4925658656516239,2.4860689240611062
2023-10-23 03:25:00,2.4051815344140914,0.16368189512458037,0.532475530209669
2023-10-23 03:30:00,1.4679115556198534,7.743174457131637,0.14019095414999172
2023-10-23 03:35:00,1.5163737684766456,-0.02209482012294147,0.027086725299374895
2023-10-23 03:40:00,1.5415261862062908,0.00039148049287917637,0.018057596129489182
2023-10-23 03:45:00,1.1666604004992431,0.04807634146766007,0.029601770369321167
2023-10-23 03:50:00,1.172526218085664,0.07473342817258108,-0.01668764667167538
2023-10-23 03:55:00,1.1316561191868182,0.05467858391962941,-0.15313969770929858
2023-10-23 04:00:00,0.5617628874599928,8.440690343096588,-0.1672291051460217
2023-10-23 04:05:00,0.7248643828983558,0.17350926915393086,1.6297978705423786
2023-10-23 04:10:00,0.6670735196161337,0.09666990193081776,0.3750410208137912
2023-10-23 04:15:00,0.3835464158188554,0.0627953435535919,0.043382520330325386
2023-10-23 04:20:00,0.37274377270690534,0.004259770684121081,-0.21297670283950565
2023-10-23 04:25:00,0.3387195817081918,-0.057515690578630256,-0.27258161261083386
2023-10-23 04:30:00,-0.030839057065198915,7.295490582724739,-0.19172191222935178
2023-10-23 04:35:00,0.024114749806185515,-0.16920190903283058,-0.29787082582529084
2023-10-23 04:40:00,0.020520149761156615,-0.1864400143588495,-0.3259961865422788
2023-10-23 04:45:00,0.41473427665762014,-0.18825033768401947,-0.3282607032343167
2023-10-23 04:50:00,0.4146355063921206,-0.20486391150280953,-0.3076716301387841
2023-10-23 04:55:00,0.4191826294950288,-0.21423670164405298,-0.28941669923476593
2023-10-23 05:00:00,0.8785194109488579,3.7618529432653607,-0.20770367964026204
2023-10-23 05:05:00,0.9361722773462055,-0.260558168898893,-0.0786481515352474
2023-10-23 05:10:00,0.9493502197692015,-0.27528449336359107,0.08219598570573952
2023-10-23 05:15:00,0.9194945212092468,-0.26285732718672683,0.09578337107245553
2023-10-23 05:20:00,0.8876061412686377,-0.26794759409299634,0.28294931158755365
2023-10-23 05:25:00,0.880817142336197,-0.258385382231895,0.11564158343685949
2023-10-23 05:30:00,1.2332955095948654,1.4485136944329797,0.12161284607460433
2023-10-23 05:35:00,1.2411278184382306,-0.2592631888708021,-0.031554213244031654
2023-10-23 05:40:00,1.3049722393140395,-0.22736330460746634,-0.15797472863006332
2023-10-23 05:45:00,1.3171370137278133,-0.2472039819451391,-0.04375719605446645
2023-10-23 05:50:00,1.2859526109724988,-0.2658862468734149,-0.025039558693442324
2023-10-23 05:55:00,1.2914164085957611,-0.2795289405316219,0.09447857558791513
2023-10-23 06:00:00,2.052999958601219,1.5789511450605047,0.1331549302958547
2023-10-23 06:05:00,2.031506617708614,-0.3040500758492803,0.36328951186152786
2023-10-23 06:10:00,1.999178197027158,-0.31849525525179595,0.5221575111083969
2023-10-23 06:15:00,2.2261393248582553,-0.28380653020892177,0.45572516527812623
2023-10-23 06:20:00,2.209798582102972,-0.2762043848175177,0.6306230402396324
2023-10-23 06:25:00,2.2281534714977336,-0.2878067731541736,0.48271984638658594
2023-10-23 06:30:00,2.493279278449545,-0.30179011161646363,0.722559243003737
2023-10-23 06:35:00,2.496159471433175,-0.3197483535803045,0.9610416397396666
2023-10-23 06:40:00,2.5082648790054742,-0.33728350931608847,0.8404068350027223
2023-10-23 06:45:00,2.1443000386840874,-0.34564462477346053,0.932070583074733
2023-10-23 06:50:00,2.159309800003332,-0.3464001252045109,0.9879892335168154
2023-10-23 06:55:00,2.155283797785644,-0.35995470705294524,1.205912352764753
2023-10-23 07:00:00,2.119017010517904,1.774020836615177,1.1214212067693854
2023-10-23 07:05:00,2.1097976360540978,-0.36313703083121185,1.023915992520543
2023-10-23 07:10:00,2.1172421717512764,-0.3464301005276336,1.0695236384086482
2023-10-23 07:15:00,2.3066237429890544,-0.32876145844915405,1.097132537572911
2023-10-23 07:20:00,2.2794983330081915,-0.31247088629303554,0.8260182001642721
2023-10-23 07:25:00,2.2680259481883605,-0.29298770710773886,0.5770731733744805
2023-10-23 07:30:00,2.1339336733399374,1.605110126874632,0.7217494885713427
2023-10-23 07:35:00,2.165395363163587,-0.3034544709793492,1.0037517624020122
2023-10-23 07:40:00,2.2051039679569335,-0.2953005175937755,1.2085873898664043
2023-10-23 07:45:00,1.8007823190045549,-0.328084028478256,1.3787335235329505
2023-10-23 07:50:00,1.790201985124002,-0.3354673096032863,1.2367357160124648
2023-10-23 07:55:00,1.7580159652320262,-0.30851871204010745,0.7349212719427717
2023-10-23 08:00:00,1.3802011845093456,1.615571228522649,0.26446985500773024
2023-10-23 08:05:00,1.378627334792909,-0.2996585107444747,0.3783813792708576
2023-10-23 08:10:00,1.4078595201351791,-0.2960895926510717,0.4288608532011995
2023-10-23 08:15:00,1.2442971022862204,-0.2982213289491499,0.4359669552238946
2023-10-23 08:20:00,1.2354759606125731,-0.31186475490447574,0.6657390533386344
2023-10-23 08:25:00,1.2701448225294114,-0.3084744355639812,0.7807745802327286
2023-10-23 08:30:00,1.5244331010174326,1.7437944952191289,0.695364948951869
2023-10-23 08:35:00,1.5084882470982497,-0.26941023818685683,0.28468838091396614
2023-10-23 08:40:00,1.488421329267248,-0.2591791203001182,0.14975436760643704
2023-10-23 08:45:00,1.9070277285673496,-0.281758420044904,0.28609548218708575
2023-10-23 08:50:00,1.904023059365813,-0.3064263891405923,0.6376328948675902
2023-10-23 08:55:00,1.9351001819601157,-0.3063580121550742,0.7004782271108729
2023-10-23 09:00:00,1.2509198343011396,0.43523829819989096,0.6487829485137717
2023-10-23 09:05:00,1.2544528605350196,-0.32288444753571555,0.8431217175707266
2023-10-23 09:10:00,1.2557763225271434,-0.3188667330555189,0.9325728585061611
2023-10-23 09:15:00,1.0284004920941638,-0.3475204613888225,1.064916094292905
2023-10-23 09:20:00,1.0265137535038835,-0.3447354917306088,1.0097130741364444
2023-10-23 09:25:00,1.0188361525266558,-0.3348395805429159,0.7877495994174956
2023-10-23 09:30:00,0.6844480760169255,0.5516838518014391,0.7226547682691407
2023-10-23 09:35:00,0.6717700580741254,-0.3102627437120004,0.5673062321364228
2023-10-23 09:40:00,0.6382063672611085,-0.2910674902547664,0.18868203594369198
2023-10-23 09:45:00,0.39532389903160337,-0.25453067053012085,-0.06383685124903102
2023-10-23 09:50:00,0.4041411587617412,-0.24432198471863587,-0.23957170751358006
2023-10-23 09:55:00,0.3815663727379311,-0.2521969191750613,-0.0965669323834821
2023-10-23 10:00:00,0.10579007985713627,0.4549983239834089,-0.02754940084450903
2023-10-23 10:05:00,0.11860652920937444,-0.2564863982528616,-0.17015377011058344
2023-10-23 10:10:00,0.11707562557408398,-0.24867916289744654,-0.2569827271632089
2023-10-23 10:15:00,-0.18251647884243752,-0.22789201850349358,-0.3334541115518493
2023-10-23 10:20:00,-0.18248950764143101,-0.22317809210181566,-0.3860431543029545
2023-10-23 10:25:00,-0.18340529316420964,-0.23775004488751766,-0.2924364218178206
2023-10-23 10:30:00,-0.13879484121795524,0.249348218591568,-0.38229838302269614
2023-10-23 10:35:00,-0.12425231055603651,-0.23939611472828054,-0.5377664577248665
2023-10-23 10:40:00,-0.10600160380136436,-0.23016098437254243,-0.5605749414087289
2023-10-23 10:45:00,0.07328071340335761,-0.27068095165595574,-0.5392847223975693
2023-10-23 10:50:00,0.0756459840860349,-0.2720624569420355,-0.5100509501802588
2023-10-23 10:55:00,0.08393419405322798,-0.27543243021135555,-0.3486599019196484
2023-10-23 11:00:00,0.020172389437114774,-0.27603252081783763,-0.009177152051679795
2023-10-23 11:05:00,0.06321504630188317,-0.30825354694877755,0.3085601011877151
2023-10-23 11:10:00,0.0829536099174649,-0.3063898980929875,0.3745571431245075
2023-10-23 11:15:00,0.41008935924723383,-0.29733125924547227,0.3322118314950593
2023-10-23 11:20:00,0.40778641013288663,-0.27097838665961416,0.2297628365073473
2023-10-23 11:25:00,0.4177618352579235,-0.263527862847645,0.2348447644556486
2023-10-23 11:30:00,1.120284979393138,0.06051493620032581,0.3530973529652511
2023-10-23 11:35:00,1.1219929221063305,-0.28939925515237325,0.33092342328593377
2023-10-23 11:40:00,1.1135419714371237,-0.2813941686382329,0.245586424183605
2023-10-23 11:45:00,1.3069692764571355,-0.30451146672532176,0.14812434233276492
2023-10-23 11:50:00,1.2943003392563353,-0.3045741834813649,0.06672807137358068
2023-10-23 11:55:00,1.2942934133530422,-0.301712979545597,0.03061344409291161
2023-10-23 12:00:00,0.7889738642020117,0.8215130870322118,0.1315436437989278
2023-10-23 12:05:00,0.7914124459925856,-0.3156827920769916,0.21998331692647996
2023-10-23 12:10:00,0.807666224538608,-0.30391067701439467,-0.05814820418950735
2023-10-23 12:15:00,0.7322227501349524,-0.30389193797816083,-0.1232874984768886
2023-10-23 12:20:00,0.711147967706743,-0.3024537773016327,-0.07796353930420062
2023-10-23 12:25:00,0.7313049400382813,-0.2868599531925947,-0.15477344430540846
2023-10-23 12:30:00,0.9396811104397487,0.37493044962517624,-0.04240331340902125
2023-10-23 12:35:00,0.9451451124970736,-0.2958831157653479,-0.05602869541044631
2023-10-23 12:40:00,0.962026100787133,-0.28613825315080316,-0.16901445492322803
2023-10-23 12:45:00,0.5679300868818317,-0.2756889587792249,-0.046608430554817386
2023-10-23 12:50:00,0.5752096058614722,-0.2811050795953831,-0.15216924963347456
2023-10-23 12:55:00,0.5680534400818393,-0.29636038926700176,-0.11453293903057497
2023-10-23 13:00:00,0.3455509354320831,-0.07862527969927705,-0.2409842132428815
2023-10-23 13:05:00,0.321856126619145,-0.2745255190534837,-0.31749260443378674
2023-10-23 13:10:00,0.31741306454781354,-0.284003604286372,-0.19901645353516648
2023-10-23 13:15:00,0.10040288331707187,-0.2935220397811899,-0.13367879033371488
2023-10-23 13:20:00,0.08192840187936373,-0.2995973002667498,-0.1301697972254955
2023-10-23 13:25:00,0.06487990210017325,-0.2998016524990808,-0.16266768663709857
2023-10-23 13:30:00,0.13526905355751484,-0.013637303119530389,-0.048529687236263844
2023-10-23 13:35:00,0.11712744640708585,-0.30531819915224667,0.02997272090652559
2023-10-23 13:40:00,0.11916521132167936,-0.31686231498777173,0.08367479131952765
2023-10-23 13:45:00,0.9206446094379078,-0.3185802650864452,0.06047003872642167
2023-10-23 13:50:00,0.9403803331139267,-0.31619599961150896,0.09588672992536117
2023-10-23 13:55:00,0.9121366155328048,-0.3358489132118313,0.28722365013623047
2023-10-23 14:00:00,5.050096028153612,-0.33207646386178,0.015781725172140566
2023-10-23 14:05:00,5.032049899706545,-0.3343128525982007,-0.0034156897978698426
2023-10-23 14:10:00,5.068999026473747,-0.32778486512193805,-0.048592438826654955
2023-10-23 14:15:00,2.9754957066909404,-0.347399856414043,-0.09565576409828497
2023-10-23 14:20:00,2.9870790338248594,-0.33672283274292397,-0.15417684851542607
2023-10-23 14:25:00,2.9989588444333295,-0.32192824220018884,-0.062376577037173135
2023-10-23 14:30:00,1.8455731218840215,0.31275297173467276,-0.27787417774481066
2023-10-23 14:35:00,1.8229778603427225,-0.3443873639489823,-0.1746550364766971
2023-10-23 14:40:00,1.8404262505928852,-0.34438008006164567,-0.2068005371461284
2023-10-23 14:45:00,0.4380102420497533,-0.32101154860466724,-0.3171438966689675
2023-10-23 14:50:00,0.4118746134939073,-0.3182024467913819,-0.4076336855064373
2023-10-23 14:55:00,0.4032417239206954,-0.3100058619212554,-0.49474095645527266
2023-10-23 15:00:00,-0.10188412296334916,0.22671063713575967,-0.61174113153709
2023-10-23 15:05:00,-0.1099727255109987,-0.2990046454151957,-0.5326144386099332
2023-10-23 15:10:00,-0.09411466581747872,-0.3127658635696453,-0.3648094818793047
2023-10-23 15:15:00,-0.12868801823420542,-0.3091738008455741,-0.39848075051748505
2023-10-23 15:20:00,-0.13614163774271096,-0.3152327789983203,-0.36956614396118564
2023-10-23 15:25:00,-0.10470284632533298,-0.32330162963936254,-0.19753733086715963
2023-10-23 15:30:00,-0.4596623522522833,-0.5202634265729105,-0.23618167969948897
2023-10-23 15:35:00,-0.47169943938131903,-0.33491169068635046,-0.1938603881227078
2023-10-23 15:40:00,-0.4456342695281446,-0.3306838929404446,-0.09244557181744445
2023-10-23 15:45:00,-0.3057471914102762,-0.3157365462680127,-0.14254848963932246
2023-10-23 15:50:00,-0.30879283342906794,-0.32781053213897887,-0.024924473958435226
2023-10-23 15:55:00,-0.3155505072113013,-0.3346014085060374,0.11580422721000229
2023-10-23 16:00:00,-0.1487770418163446,-0.25909079502224674,0.01224228913992238
2023-10-23 16:05:00,-0.15823835085493207,-0.32567042058631485,-0.07408754392976014
2023-10-23 16:10:00,-0.16584912045937536,-0.3452119512336886,0.1305846014883479
2023-10-23 16:15:00,0.1417834787619343,-0.3607948661977499,0.19642849077702668
2023-10-23 16:20:00,0.1183100805043922,-0.36974501788643815,0.282278557344251
2023-10-23 16:25:00,0.1501760111452946,-0.3597018490467551,0.1640018470685053
2023-10-23 16:30:00,0.026696269403203052,0.3211504404112482,0.38099146954082164
2023-10-23 16:35:00,0.025330941158346894,-0.37455487545278326,0.39636570084498546
2023-10-23 16:40:00,0.02756473686210336,-0.37702598709644614,0.3605009152706843
2023-10-23 16:45:00,0.7782673998528293,-0.40584309797241375,0.30335034115765364
2023-10-23 16:50:00,0.7673619253008925,-0.39948781180166915,0.27299955056024877
2023-10-23 16:55:00,0.744742370745388,-0.4007999358600994,0.267153873809637
2023-10-23 17:00:00,0.4456138135311357,0.6879096620995162,0.17073650301080906
2023-10-23 17:05:00,0.470439645285844,-0.3548700963822301,0.07792599810733075
2023-10-23 17:10:00,0.4479296635777175,-0.36227150184107276,0.10615287423664309
2023-10-23 17:15:00,0.759251163554281,-0.37743887481891036,0.13137059944506668
2023-10-23 17:20:00,0.7814373908566227,-0.3693117467742692,0.1091014813386709
2023-10-23 17:25:00,0.7727714662198968,-0.37088033600906717,0.0352715855370874
2023-10-23 17:30:00,0.5210281322855472,0.18735428752378544,-0.06634595130432111
2023-10-23 17:35:00,0.5124541441389469,-0.34510217602132326,-0.0019704475427427723
2023-10-23 17:40:00,0.525281840029404,-0.3281736986918992,-0.11223367965274954
2023-10-23 17:45:00,0.747439360474944,-0.3317302452768047,-0.14507589427281425
2023-10-23 17:50:00,0.7497990457344654,-0.3241485787000133,-0.21114358863790794
2023-10-23 17:55:00,0.7386828437628277,-0.31926233753960237,-0.24075955115266034
2023-10-23 18:00:00,0.8554300094989201,0.07978735661200413,-0.2654708817129158
2023-10-23 18:05:00,0.8692145295214321,-0.3206810134768965,-0.31053582881007014
2023-10-23 18:10:00,0.8842721227158525,-0.312453562285137,-0.391368108302829
2023-10-23 18:15:00,0.6270005781973936,-0.2954326089966323,-0.47499715577230467
2023-10-23 18:20:00,0.6107469607451979,-0.29408430013352155,-0.5436930855057734
2023-10-23 18:25:00,0.6052648997541051,-0.2988486302598053,-0.5374140874768418
2023-10-23 18:30:00,0.7879772145851409,-0.08158191375809391,-0.43761116251733595
2023-10-23 18:35:00,0.7873100489349906,-0.3144657056314642,-0.4477720835642139
2023-10-23 18:40:00,0.777100194661333,-0.3113321718285022,-0.42163487644042247
2023-10-23 18:45:00,0.26535731137289015,-0.28994038379900916,-0.4087733992499197
2023-10-23 18:50:00,0.2957967938908606,-0.2701295823515107,-0.47066795907055037
2023-10-23 18:55:00,0.3129321760313564,-0.2733842489057215,-0.47604652050184604
2023-10-23 19:00:00,0.3710320692749848,-0.3834813467391049,-0.5039457341968322
2023-10-23 19:05:00,0.3644271083514482,-0.2962023801360221,-0.5073204297052202
2023-10-23 19:10:00,0.37946481167339424,-0.29957657037458385,-0.4745056290606336
2023-10-23 19:15:00,0.7117990297098576,-0.32629916766949524,-0.5216989126007642
2023-10-23 19:20:00,0.7121199515536502,-0.321622420692656,-0.5494895184050201
2023-10-23 19:25:00,0.6982475304989755,-0.3297499223101854,-0.44923500271190425
2023-10-23 19:30:00,0.7289114223940498,-0.4668254334702703,-0.4726224208171086
2023-10-23 19:35:00,0.7217184229594175,-0.31376522776337484,-0.42153294874818587
2023-10-23 19:40:00,0.7309439356302313,-0.30965368195573795,-0.48764183496831714
2023-10-23 19:45:00,0.8074852373482597,-0.2993672835734835,-0.5673778557595978
2023-10-23 19:50:00,0.787574631255658,-0.31454932818981823,-0.4843359661275698
2023-10-23 19:55:00,0.7707885423148506,-0.3074833662104024,-0.5848575539904134
2023-10-23 20:00:00,0.6718396829166625,-0.4499035557262866,-0.6198019648153515
2023-10-23 20:05:00,0.6852998994416357,-0.2937115031305328,-0.5274580733360668
2023-10-23 20:10:00,0.697253747394045,-0.28976874044056483,-0.6230971573156272
2023-10-23 20:15:00,0.8488559269515265,-0.30250754415310444,-0.5906289804047179
2023-10-23 20:20:00,0.8574243063431791,-0.29244803593737034,-0.6389960280408737
2023-10-23 20:25:00,0.8462902712865102,-0.29129714694106384,-0.6861193888936088
2023-10-23 20:30:00,0.7732967486987072,-0.6601718533856455,-0.5720921788307709
2023-10-23 20:35:00,0.7952080629886172,-0.27054949124886707,-0.6608265318331247
2023-10-23 20:40:00,0.7388445282661981,-0.2816544644192075,-0.638393487053146
2023-10-23 20:45:00,0.6262324106270425,-0.277999313559835,-0.5981615565575734
2023-10-23 20:50:00,0.6424266920385163,-0.2783384801287783,-0.5899738261833645
2023-10-23 20:55:00,0.633685034480632,-0.2651633423110437,-0.7096981597483534
2023-10-23 21:00:00,1.0532099048527979,-0.284214687090348,-0.7602908312826944
2023-10-23 21:05:00,1.0453048239301548,-0.2908852250989141,-0.8455416058819414
2023-10-23 21:10:00,1.0537011623671932,-0.29506372172008066,-0.7368644041862409
2023-10-23 21:15:00,1.0128737441950897,-0.2908576920968021,-0.7997576118621846
2023-10-23 21:20:00,1.0187037088248811,-0.28662260837704456,-0.8669112925414612
2023-10-23 21:25:00,1.0191618447542343,-0.28974716183776084,-0.8169443667302434
2023-10-23 21:30:00,0.8205196455816215,-0.2894312115794389,-0.8084966574221032
2023-10-23 21:35:00,0.8220618721119656,-0.2746434316193885,-0.940055260752454
2023-10-23 21:40:00,0.8149952796142532,-0.26773205425400387,-0.9473331117681272
2023-10-23 21:45:00,0.9281287682952962,-0.2540213884572971,-0.9575898272736246
2023-10-23 21:50:00,0.9301354035380757,-0.252696545623631,-0.9168636979096085
2023-10-23 21:55:00,0.9323229237913235,-0.25272373143149085,-0.8818775059433346
2023-10-23 22:00:00,0.5460598715396091,-0.6067214448567201,-0.8761610504629443
2023-10-23 22:05:00,0.5514810999713784,-0.24684712895611013,-0.9369200452057628
2023-10-23 22:10:00,0.5507650346005531,-0.2409090621455075,-1.0361355099087755
2023-10-23 22:15:00,0.5571594572931855,-0.23838976711731513,-1.02555449126607
2023-10-23 22:20:00,0.5652753251485464,-0.2362356040113751,-1.069112082744646
2023-10-23 22:25:00,0.5660982399738896,-0.24090018079097741,-1.0231230211704236
2023-10-23 22:30:00,1.0025612747384671,-0.9952287003264225,-1.0208534169803203
2023-10-23 22:35:00,1.0364562282775454,-0.26085574050206234,-1.1410837125302564
2023-10-23 22:40:00,1.0436566125159885,-0.25485304199546754,-1.1120080032155744
2023-10-23 22:45:00,0.8733977455943501,-0.2526850151926341,-0.975521520361951
2023-10-23 22:50:00,0.8652416329527124,-0.26081613989942953,-0.908504621339795
2023-10-23 22:55:00,0.8670742490638296,-0.26795124926105146,-0.7365169130855149
2023-10-23 23:00:00,1.175340328084822,-0.9682082325597124,-0.8099273973191627
2023-10-23 23:05:00,1.164100533291858,-0.24848105233179488,-0.8862045595360811
2023-10-23 23:10:00,1.1898019742923722,-0.23960179882696267,-0.9164016504105379
2023-10-23 23:15:00,1.4510665557010407,-0.2563268816292856,-0.9703512230300967
2023-10-23 23:20:00,1.4322295793797102,-0.24956532814809107,-1.043200396466255
2023-10-23 23:25:00,1.4390632916370658,-0.25012908258040656,-0.9993612104735389
2023-10-23 23:30:00,1.3459654135757124,-0.6183613939727552,-0.9622074034458735
2023-10-23 23:35:00,1.3692563685041121,-0.24590711270069757,-0.9657192146112276
2023-10-23 23:40:00,1.3404382442449763,-0.24820895924951566,-0.9440777882064707
2023-10-23 23:45:00,1.66485494345822,-0.2642643401591819,-1.0003380304403853
2023-10-23 23:50:00,1.6675663839963129,-0.26780967114748744,-0.9794325302697737
2023-10-23 23:55:00,1.6714327953399006,-0.2631215544896615,-1.075388801606197
2023-10-24 00:00:00,1.6944835619062297,-0.6991000506725507,-0.6008767614730363
2023-10-24 00:15:00,1.253461721682907,-0.24116083452369408,-1.0195282761075446
2023-10-24 00:20:00,1.2642625419965914,-0.2458074167732777,-0.8884068239905855
2023-10-24 00:25:00,1.2482174007630316,-0.26144742497735163,-0.7458607472686867
2023-10-24 00:30:00,1.3359361272734185,-0.9684190963544211,-0.8115652534463634
2023-10-24 00:35:00,1.333821734365202,-0.23425260440724216,-0.9573137296059672
2023-10-24 00:40:00,1.3293165148961892,-0.24157188464749577,-0.9516461537149765
2023-10-24 00:45:00,1.6123398036864258,-0.2200446428956513,-1.095465329822173
2023-10-24 00:50:00,1.5927859147783974,-0.219430793127428,-1.0937793939103848
2023-10-24 00:55:00,1.5875465410364102,-0.22425314997706094,-1.0212162367875628
2023-10-24 01:00:00,1.109939565825154,-0.7660272914011745,-1.0646782505201935
2023-10-24 01:05:00,1.0930290307466668,-0.2308041050728879,-0.9965505631062991
2023-10-24 01:10:00,1.115930403618052,-0.23366174355322983,-0.9588890127336577
2023-10-24 01:15:00,1.827327021022729,-0.2516239026771016,-0.8376353215761648
2023-10-24 01:20:00,1.832189511275654,-0.24653949222485505,-0.7894439318798637
2023-10-24 01:25:00,1.8238314498820296,-0.24063926104088892,-0.8240669579214818
2023-10-24 01:30:00,2.3081408335216214,-0.5665792270679065,-1.0334270650777333
2023-10-24 01:35:00,2.3113262943957036,-0.2214520612633338,-1.143189646770885
2023-10-24 01:40:00,2.295887751361856,-0.22829173252906992,-1.1227925986317335
2023-10-24 01:45:00,1.6913325774681995,-0.21917125521488057,-1.0476953211333824
2023-10-24 01:50:00,1.7005497900085897,-0.2360678672035796,-0.8189832732847068
2023-10-24 01:55:00,1.6880229171652033,-0.23556519512568064,-0.892775221316092
2023-10-24 02:00:00,1.5950668212449304,-0.5877524755354053,-1.0357604945547605
2023-10-24 02:05:00,1.5655195368022394,-0.21950770875801934,-1.0200751122721243
2023-10-24 02:10:00,1.5709469696699052,-0.21323689528953105,-1.1434190797246995
2023-10-24 02:15:00,1.3194894908260753,-0.20742837950272047,-1.129198255962249
2023-10-24 02:20:00,1.2913815588864361,-0.2186332998138125,-1.0276537141403563
2023-10-24 02:25:00,1.308382114672042,-0.2224627688455293,-0.9660181663094441
2023-10-24 02:30:00,1.3314696151890613,-0.8568673145676073,-0.8877185689442187
2023-10-24 02:35:00,1.3597774064886077,-0.21498645216995205,-1.0905839332922809
2023-10-24 02:40:00,1.3569896712485103,-0.2018722064635738,-1.1772676149835009
2023-10-24 02:45:00,1.3706117634406212,-0.20461280807720003,-1.1211130679690555
2023-10-24 02:50:00,1.3727179393203495,-0.19845290417827946,-1.1733045756171425
2023-10-24 02:55:00,1.3400531843870331,-0.2135600429928207,-1.044872409742228
2023-10-24 03:00:00,1.4917200592349702,-0.8374241857872796,-1.19380521752555
2023-10-24 03:05:00,1.5065935419940122,-0.1935318791310693,-1.2706047206551736
2023-10-24 03:10:00,1.5441162503877035,-0.17920805878163512,-1.4437113271591204
2023-10-24 03:15:00,1.6440041569894348,-0.180054987720331,-1.4523722974156528
2023-10-24 03:20:00,1.6451066398060477,-0.17716718412065335,-1.4160603221525567
2023-10-24 03:25:00,1.645134693572802,-0.17888508787724028,-1.4266145561946995
2023-10-24 03:30:00,1.8249986786775076,-0.9114959833655241,-1.3780944913342927
2023-10-24 03:35:00,1.824288031679379,-0.19676180111661065,-1.320004190341406
2023-10-24 03:40:00,1.8269124467721631,-0.1993219227900879,-1.2940156324208647
2023-10-24 03:45:00,1.8792192869576645,-0.19744812368346018,-1.256043973612225
2023-10-24 03:50:00,1.8834919488180981,-0.1909684899924475,-1.2820981464793817
2023-10-24 03:55:00,1.8480896747747217,-0.21405472956350263,-1.1215387799414878
2023-10-24 04:00:00,2.320356826323778,-0.7921675860125285,-1.2375583111771808
2023-10-24 04:05:00,2.3158301657937845,-0.22075362458626216,-1.2291606492448968
2023-10-24 04:10:00,2.3200529554387805,-0.2222266836526795,-1.1703880959203956
2023-10-24 04:15:00,2.2437095918308483,-0.20722812078956016,-1.1649929619707537
2023-10-24 04:20:00,2.2536217346376546,-0.2168588150483734,-1.0665894326886984
2023-10-24 04:25:00,2.2585136923092506,-0.220961913678422,-1.013859603656537
2023-10-24 04:30:00,2.133181737470878,-0.5241293126955773,-1.0097118591846508
2023-10-24 04:35:00,2.126887426540391,-0.19682756877515492,-1.0101096777153162
2023-10-24 04:40:00,2.0827493353995066,-0.21513318138189877,-0.9099280655748481
2023-10-24 04:45:00,2.061069820596488,-0.2158934954501658,-0.973756114372302
2023-10-24 04:50:00,2.0613523455233573,-0.21708254847148015,-0.9769854628091185
2023-10-24 04:55:00,2.0717170539677845,-0.21787280279210164,-0.8879196252046982
2023-10-24 05:00:00,1.9930569820493516,-0.211655930817982,-0.8815352511973253
2023-10-24 05:05:00,1.9956726949466563,-0.22523442619519712,-0.6754600733522216
2023-10-24 05:10:00,2.009394088538439,-0.23544994565736413,-0.45669763794935775
2023-10-24 05:15:00,2.0161512314476155,-0.245217340574223,-0.3973210479711036
2023-10-24 05:20:00,2.0188495885435533,-0.23549847596643947,-0.6681353265866893
2023-10-24 05:25:00,2.0219591169790103,-0.25031504815127487,-0.41608475740376005
2023-10-24 05:30:00,1.7180758247421184,0.39736784036640144,-0.10748928029123508
2023-10-24 05:35:00,1.718548292069774,-0.24912021929502282,-0.0925434942368237
2023-10-24 05:40:00,1.7262171329515261,-0.25288648069316827,0.06305195072838289
2023-10-24 05:45:00,1.765401117219998,-0.2647032561198849,0.40753125357850833
2023-10-24 05:50:00,1.7778045720533788,-0.25924267062662454,0.6088654318390494
2023-10-24 05:55:00,1.7909802552336611,-0.3051545204368269,0.6461153177745004
2023-10-24 06:00:00,1.8827257186709505,2.9617243476627655,0.47098610342097474
2023-10-24 06:05:00,1.9185245122113033,-0.3590556662021563,0.9989237546815262
2023-10-24 06:10:00,1.9364854390826536,-0.3970089904171107,0.9812442160727594
2023-10-24 06:15:00,2.534328398372631,-0.37921287035857537,0.824881532102157
2023-10-24 06:20:00,2.500437624740438,-0.3535368111269616,0.504587262072623
2023-10-24 06:25:00,2.4759897644228617,-0.33207967442538133,0.30979262273740976
2023-10-24 06:30:00,0.6894961316840454,3.6694669563588387,0.2797993292716169
2023-10-24 06:35:00,0.7296391283924792,-0.3616879076232031,0.5380270414403402
2023-10-24 06:40:00,0.7578404133743193,-0.3824586245004128,1.021490882453078
2023-10-24 06:45:00,-0.28933905098378326,-0.38322946551884957,0.9203519632909978
2023-10-24 06:50:00,-0.2689936329024316,-0.3844471976491775,0.8781397161651378
2023-10-24 06:55:00,-0.25162270065273884,-0.3723068413483057,0.8107257442988338
2023-10-24 07:00:00,-0.15177655887055905,0.14134058423882181,0.9187303624162192
2023-10-24 07:05:00,-0.138234846966656,-0.38362057141565575,1.0265481651669417
2023-10-24 07:10:00,-0.13181890667001553,-0.3769341633374932,0.830313191167513
2023-10-24 07:15:00,-0.008207935294461174,-0.4115812986714449,1.7052371573846021
2023-10-24 07:20:00,0.007611272695323592,-0.40360320226280294,1.3333556829107394
2023-10-24 07:25:00,0.01630933793507673,-0.40537357429920323,1.4081711656766858
2023-10-24 07:30:00,0.10459973850818027,1.058869578396748,1.396877162831431
2023-10-24 07:35:00,0.06784315645301738,-0.3754060288164939,0.9310042523495923
2023-10-24 07:40:00,0.106938327195354,-0.3813544354328218,1.0647212256729288
2023-10-24 07:45:00,-0.05402299792223542,-0.4068140272230719,1.4255549875480513
2023-10-24 07:50:00,-0.05008084657160453,-0.4094812545024597,1.409276000202664
2023-10-24 07:55:00,-0.05785674231552021,-0.38217428192430364,1.1023767869300802
2023-10-24 08:00:00,0.33570362594612163,1.7213867865147399,0.6201377462448
2023-10-24 08:05:00,0.33288461159224536,-0.35873854005632905,0.6207619163799191
2023-10-24 08:10:00,0.34083439552505473,-0.3557746110887869,0.5798092637103487
2023-10-24 08:15:00,0.12881226367165344,-0.3538864558560586,0.621438641897469
2023-10-24 08:20:00,0.15332949175941402,-0.3615331550124346,0.8920510215616236
2023-10-24 08:25:00,0.18029623772541128,-0.368826955439205,1.0857781450306605
2023-10-24 08:30:00,0.4766858689174588,2.6220649080780642,1.125677078760747
2023-10-24 08:35:00,0.512511207877715,-0.3833276807434811,1.2828922983132969
2023-10-24 08:40:00,0.514290328174197,-0.40007305646201424,1.461972302125742
2023-10-24 08:45:00,1.7714217749892673,-0.41710585569694975,1.7070437359996267
2023-10-24 08:50:00,1.757427514231454,-0.4140690089582758,1.6122636055073603
2023-10-24 08:55:00,1.766752970513303,-0.3982943863878691,1.3957853706139558
2023-10-24 09:00:00,1.4985399941338218,2.2787591108769343,1.2819931589281206
2023-10-24 09:05:00,1.503146391977726,-0.3767403222256942,1.4310070670140582
2023-10-24 09:10:00,1.5259121191409777,-0.355339057954972,1.4897639169431007
2023-10-24 09:15:00,1.3496420867885135,-0.39175343414731995,1.1841752694396293
2023-10-24 09:20:00,1.3408538443667894,-0.3857915452682704,0.9327314606585522
2023-10-24 09:25:00,1.361934278784978,-0.36558162950459866,0.8735581816878576
2023-10-24 09:30:00,0.6082771708755711,3.043746119222053,0.8335329966194407
2023-10-24 09:35:00,0.6333797923829855,-0.3311748217208674,0.8259730110358532
2023-10-24 09:40:00,0.622692491889336,-0.33235965739792966,0.755815290912613
2023-10-24 09:45:00,0.845759181894694,-0.3334322495037649,0.4626016528857233
2023-10-24 09:50:00,0.8115267663909975,-0.2955975082784089,0.10275845639009264
2023-10-24 09:55:00,0.7853319819176313,-0.2735814597137105,-0.18619870815040418
2023-10-24 10:00:00,0.48742310488135865,1.9051852785426349,-0.25226412728322173
2023-10-24 10:05:00,0.5095578153003731,-0.2646958292036438,-0.1278203921186156
2023-10-24 10:10:00,0.5120758953642739,-0.27155066893639584,-0.13118784738100364
2023-10-24 10:15:00,0.6849299678925237,-0.2806738155423071,0.12842864356947575
2023-10-24 10:20:00,0.7109481392676038,-0.28731786040870533,0.2550411084583272
2023-10-24 10:25:00,0.7006987016434387,-0.3049847195320449,0.3661689854587081
2023-10-24 10:30:00,1.3874169281037623,2.386931993541937,0.5152378978740065
2023-10-24 10:35:00,1.3903798027914838,-0.31689317633831493,0.5439102004940007
2023-10-24 10:40:00,1.4039395306314852,-0.2991010132569712,0.37488857865182584
2023-10-24 10:45:00,0.871388074017709,-0.26473792937122226,0.006918400177340513
2023-10-24 10:50:00,0.8336526587341492,-0.2230545427264773,-0.5374417001103939
2023-10-24 10:55:00,0.8105951743917673,-0.22917282647564444,-0.4337275942082126
2023-10-24 11:00:00,0.5546824023326568,2.063456885829058,-0.531768216808806
2023-10-24 11:05:00,0.5832562142949421,-0.21825126017687294,-0.5604425438839388
2023-10-24 11:10:00,0.5864640732398022,-0.20972900488097965,-0.454139909599659
2023-10-24 11:15:00,0.06225612937515853,-0.19144721182856256,-0.49798223821650045
2023-10-24 11:20:00,0.060220643645579455,-0.19396210891892104,-0.5962806521533727
2023-10-24 11:25:00,0.02487475296285521,-0.20307135727752926,-0.584751405768536
2023-10-24 11:30:00,0.7404428453587155,-0.2965981093203482,-0.5371968500135644
2023-10-24 11:35:00,0.7425704184947989,-0.23797278889148804,-0.4353450496064315
2023-10-24 11:40:00,0.7368910991567079,-0.2555578499683815,-0.3134933011973203
2023-10-24 11:45:00,0.7949375264406219,-0.23876398981849767,-0.4078102004783801
2023-10-24 11:50:00,0.8094182946112267,-0.2162324776597193,-0.6764618325576457
2023-10-24 11:55:00,0.7868269747906742,-0.22555171070546298,-0.599295302973055
2023-10-24 12:00:00,0.9993330043720119,-0.3971506445552828,-0.7413548194261907
2023-10-24 12:05:00,0.9800366709242027,-0.21718124273203404,-0.662853629535304
2023-10-24 12:10:00,0.962773268397952,-0.22442545405130956,-0.48638827114347255
2023-10-24 12:15:00,1.409901009994613,-0.21738207254279798,-0.409937841481914
2023-10-24 12:20:00,1.413816037678967,-0.21904527488956602,-0.4392942252376124
2023-10-24 12:25:00,1.4062915630940929,-0.22295181191764057,-0.5232511597942341
2023-10-24 12:30:00,2.20214321497413,-0.22136986283683766,-0.3031938641892862
2023-10-24 12:35:00,2.221856847729283,-0.22298668381612127,-0.22586210340525856
2023-10-24 12:40:00,2.179401721224962,-0.22933416515399055,-0.36898431064640436
2023-10-24 12:45:00,2.8203370775104175,-0.21873026073283913,-0.5058417082455889
2023-10-24 12:50:00,2.84316904119679,-0.2062501301604998,-0.30656003516078983
2023-10-24 12:55:00,2.8332203450714593,-0.22094264157411106,-0.2495304925068737
2023-10-24 13:00:00,0.9243553509447956,-0.271264835859993,-0.3536819296085263
2023-10-24 13:05:00,0.9305169917791599,-0.23572626573182717,-0.24586842994409633
2023-10-24 13:10:00,0.9236997898661856,-0.23789697869335114,-0.18858152086402175
2023-10-24 13:15:00,0.7484617729863259,-0.2154767153750243,-0.4423047866172177
2023-10-24 13:20:00,0.7283971710272991,-0.21608851844942212,-0.5330570774717549
2023-10-24 13:25:00,0.7128744640232219,-0.23446241261657902,-0.2810493623611676
2023-10-24 13:30:00,0.9878598890542458,-0.49689735223876147,-0.12700403610294503
2023-10-24 13:35:00,1.0124113045213272,-0.22356729095164038,-0.24697665996113888
2023-10-24 13:40:00,0.9915913967766682,-0.23709505285839325,-0.2173653036380641
2023-10-24 13:45:00,1.4688902149064047,-0.24406992820458637,0.012204843284600584
2023-10-24 13:50:00,1.4752297641806036,-0.23179847061749487,-0.24604406192651168
2023-10-24 13:55:00,1.4662116032596397,-0.24002523471533285,-0.0053909769378914785
2023-10-24 14:00:00,1.9090584487341185,0.08150779793342275,-0.00555923148741891
2023-10-24 14:05:00,1.881827993762594,-0.231043549080576,-0.41725631980133293
2023-10-24 14:10:00,1.8551563401703708,-0.22925070645446982,-0.5882954029055603
2023-10-24 14:15:00,1.9963065251745153,-0.22471411666287386,-0.683652333734356
2023-10-24 14:20:00,2.0119840628516776,-0.20532582272484062,-0.7632135197514366
2023-10-24 14:25:00,2.032818110827615,-0.22009044366775712,-0.6292309577419621
2023-10-24 14:30:00,1.640541475175433,0.16340528678083116,-0.46775433543226125
2023-10-24 14:35:00,1.6219053442804412,-0.21885065483441885,-0.42169085559387076
2023-10-24 14:40:00,1.6316940939022093,-0.21834790731347403,-0.5114696678595104
2023-10-24 14:45:00,1.7134928063234727,-0.2644858986394966,-0.29384062285343976
2023-10-24 14:50:00,1.704342365881785,-0.274742848582352,-0.36464836862035394
2023-10-24 14:55:00,1.7009984120246158,-0.2709002224261421,-0.16059107018755273
2023-10-24 15:00:00,1.0440007329261913,-0.4275738533967868,-0.2784166973190738
2023-10-24 15:05:00,1.0077910439774387,-0.24899491618053507,-0.38127198011373253
2023-10-24 15:10:00,1.02910576248798,-0.2326393928920161,-0.4513825464937316
2023-10-24 15:15:00,1.4415927911586308,-0.25314898467946817,-0.29861811282355516
2023-10-24 15:20:00,1.4794178945439038,-0.26318610629067957,-0.14202447796928533
2023-10-24 15:25:00,1.4875890187101526,-0.26019077405353885,-0.16561112341147535
2023-10-24 15:30:00,1.0092991412360672,-0.5024024845860529,0.010421790917552751
2023-10-24 15:35:00,1.0006129558701846,-0.23922562567016417,-0.14930791930431506
2023-10-24 15:40:00,0.9999397513878412,-0.2323028651160203,-0.39399435455453186
2023-10-24 15:45:00,1.8357740754292402,-0.30432993598237,-0.14095164488170664
2023-10-24 15:50:00,1.8365036720773271,-0.30760304488222034,-0.22654987716694114
2023-10-24 15:55:00,1.8645770492036433,-0.277380153746919,-0.21524525597998292
2023-10-24 16:00:00,1.3908660004865274,-0.4250095303831231,-0.19090308494924996
2023-10-24 16:05:00,1.362140015204436,-0.2486001668151404,-0.4465539477315897
2023-10-24 16:10:00,1.3629218811818355,-0.24641125834654926,-0.5454864057375373
2023-10-24 16:15:00,1.450475868186801,-0.27263083038556213,-0.20144977221955881
2023-10-24 16:20:00,1.4508978242855228,-0.27949191389074274,0.0275039938650088
2023-10-24 16:25:00,1.457492207403632,-0.2590533077497831,-0.19460381476298236
2023-10-24 16:30:00,0.8506638088872975,-0.5854293814067335,0.6082732517428164
2023-10-24 16:35:00,0.9430474087712294,-0.3380317664245381,1.6614457467959072
2023-10-24 16:40:00,1.0404349626599105,-0.3217536010131725,2.4776424800949752
2023-10-24 16:45:00,1.1513271524514783,-0.295626625706708,2.2257386087793107
2023-10-24 16:50:00,1.1554803580893351,-0.25562140578600895,1.5101320424119595
2023-10-24 16:55:00,1.1919248626845513,-0.21084434389430107,2.042101130271937
2023-10-24 17:00:00,1.5225879740883654,1.5438719459594896,2.7569337886034773
2023-10-24 17:05:00,1.5891277409006868,-0.13486157097685103,4.852024490820438
2023-10-24 17:10:00,1.5334835954817612,-0.0988671422169692,7.495961683659442
2023-10-24 17:15:00,2.0194047472209466,-0.2406981828591823,5.504364613139439
2023-10-24 17:20:00,1.9671178743316244,-0.3233172060291262,4.321780057844607
2023-10-24 17:25:00,1.9268026401603355,-0.3203668625397277,4.280898228057816
2023-10-24 17:30:00,2.7734714948567283,2.556314634594315,5.094704113413133
2023-10-24 17:35:00,2.8077471547098987,-0.3542242670467306,4.003048534676543
2023-10-24 17:40:00,2.7450933167340565,-0.31199135357068825,3.2532484992539286
2023-10-24 17:45:00,3.2744979467074837,-0.18073241824136702,3.605022242440815
2023-10-24 17:50:00,3.2350460315644503,-0.21666688687912752,3.4577121618332374
2023-10-24 17:55:00,3.26591045417586,-0.1016817985461748,6.0404081363739035
2023-10-24 18:00:00,2.047444541170984,5.634373335672733,5.403694561670709
2023-10-24 18:05:00,2.27405006258507,-0.057959454115448485,4.692264080895759
2023-10-24 18:10:00,2.442657543747635,0.13901599015933883,3.6772126895412107
2023-10-24 18:15:00,2.6148628437574564,0.1523258600923541,3.6808775558379625
2023-10-24 18:20:00,2.5418647210627032,0.10811326219108247,3.7723349448564614
2023-10-24 18:25:00,2.5940351391965084,0.14903988679529306,3.4788861408704035
2023-10-24 18:30:00,1.457581084872888,10.796248388186735,3.505300701641509
2023-10-24 18:35:00,1.4669559245229555,0.10673252609867762,4.501652355176814
2023-10-24 18:40:00,1.8717393709085695,0.5408041983448089,5.738200197807554
2023-10-24 18:45:00,2.2743798469253522,0.6003939708776532,6.9459414770971835
2023-10-24 18:50:00,2.4010681300704673,0.542754219467569,7.794110509112828
2023-10-24 18:55:00,2.4313500665498102,0.5143500165031222,7.138257627853244
2023-10-24 19:00:00,2.517351367412384,9.381663896064039,5.743392077027765
2023-10-24 19:05:00,2.713847258222083,0.8281610689187304,4.957955649925347
2023-10-24 19:10:00,2.400894401778029,0.6078039786604856,4.150522943932873
2023-10-24 19:15:00,3.592701356908461,0.6779936511241009,4.233027117461717
2023-10-24 19:20:00,3.45256553648943,0.538515235414664,5.223981980834904
2023-10-24 19:25:00,3.307839705936734,0.3911112184005545,4.190178061459836
2023-10-24 19:30:00,3.8155507464080074,17.86153909527834,3.7672636782680806
2023-10-24 19:35:00,3.869902814337501,0.6951734362877672,4.095910170396023
2023-10-24 19:40:00,3.4346083347717133,0.32724604548494834,4.325255350242886
2023-10-24 19:45:00,4.648656943398609,0.41258279972901146,4.55563055969627
2023-10-24 19:50:00,4.664803332088106,0.4299864380201057,4.850198410075124
2023-10-24 19:55:00,4.529558592706139,0.25446867226528425,4.404368203293782
2023-10-24 20:00:00,5.993531489712898,0.32101353620974254,4.381731210149109
2023-10-24 20:05:00,6.097946337782674,0.3795069605831186,4.2753937217409765
2023-10-24 20:10:00,6.00350605941083,0.26774855415336707,4.045276559858478
2023-10-24 20:15:00,7.213260713555615,0.3147072235350045,3.830063943008734
2023-10-24 20:20:00,7.191192838869865,0.31554356557355456,3.8210628438180816
2023-10-24 20:25:00,7.2144109660882965,0.2951494137835132,3.8585090897771237
2023-10-24 20:30:00,7.72182555296465,10.974865258445691,3.9728598593614866
2023-10-24 20:35:00,7.7618581997353004,0.3336557953803214,3.970759375753053
2023-10-24 20:40:00,7.793915426905912,0.3883516777123775,4.2628911453737794
2023-10-24 20:45:00,7.189028457300737,0.3078801392661859,4.402177351138076
2023-10-24 20:50:00,7.10943817678478,0.20529074468086433,4.506069707176797
2023-10-24 20:55:00,7.047798375139908,0.1611713105637621,4.301956229228451
2023-10-24 21:00:00,6.535094866126508,16.491057899052265,4.12136175757746
2023-10-24 21:05:00,6.943631659368153,0.6877789863304181,5.067270103001621
2023-10-24 21:10:00,6.841381142332878,0.6512384127671859,6.294788865849495
2023-10-24 21:15:00,6.342091797664392,0.5441941780407157,4.896523428318083
2023-10-24 21:20:00,6.422612372596632,0.5745704135579348,4.705652410566162
2023-10-24 21:25:00,6.517977256965174,0.6421679274481055,4.443801296803229
2023-10-24 21:30:00,6.233495013952859,15.680987159822067,4.583839732696772
2023-10-24 21:35:00,6.540456218903611,0.8896103110429655,10.042846151495615
2023-10-24 21:40:00,6.495290352535917,0.8733332720213126,6.883326268382546
2023-10-24 21:45:00,7.317102010032078,0.4101351988329211,5.414106175246952
2023-10-24 21:50:00,7.072124394476296,0.12435839401400751,4.417541000747583
2023-10-24 21:55:00,7.226013150849236,0.33936608294941173,4.553086217466051
2023-10-24 22:00:00,5.620564011443734,18.95751159589604,4.22686884514993
2023-10-24 22:05:00,5.684513305008564,0.25839192188584315,4.178800530714047
2023-10-24 22:10:00,5.6982491908728745,0.278055951952211,3.8553023535363766
2023-10-24 22:15:00,6.678260646696716,0.2874504426487874,3.568344365545118
2023-10-24 22:20:00,6.674653044494469,0.2766400990968064,3.3354495632953456
2023-10-24 22:25:00,6.626519835936558,0.2122027804006744,3.555009831383346
2023-10-24 22:30:00,6.134742720403157,15.444923088393903,3.6312149908378863
2023-10-24 22:35:00,6.2637847531334145,0.28107373771660105,3.3608085870325226
2023-10-24 22:40:00,6.249521601260223,0.2644734681549592,3.483329000930007
2023-10-24 22:45:00,6.0473151581724265,0.4492732119116605,3.6851881625516456
2023-10-24 22:50:00,6.034255634496502,0.44668666746408847,3.589753878896687
2023-10-24 22:55:00,6.109704216970885,0.5113300214932679,3.790738406468501
2023-10-24 23:00:00,7.2029524383923516,15.430558453310386,3.556140579711887
2023-10-24 23:05:00,7.373045268736974,0.5386145478622179,3.462853971204285
2023-10-24 23:10:00,7.358729980318871,0.48538677208665215,3.4358284841384
2023-10-24 23:15:00,7.455397180529074,0.4137858497122764,3.4335135718494434
2023-10-24 23:20:00,7.556612509283711,0.5532440673415435,3.915081311425154
2023-10-24 23:25:00,7.519201194113515,0.5154285515568509,3.0375932333924354
2023-10-24 23:30:00,6.393227417458829,16.938872407048112,2.2016985815003642
2023-10-24 23:35:00,6.299021752724033,-0.04884258791883362,1.7658263214060685
2023-10-24 23:40:00,6.394065224993363,0.06635572366128005,1.8448510057738703
2023-10-24 23:45:00,5.463023273673029,0.14340419874043878,1.9776412793150282
2023-10-24 23:50:00,5.441832343548309,0.14472947321280022,2.0335989300964643
2023-10-24 23:55:00,5.429463056481622,0.15592407184178092,1.8425783779500755
2023-10-25 00:00:00,4.919875457763312,13.512336729078557,-0.5739272349277724
2023-10-25 00:15:00,6.899839843924783,-0.28841921175882645,0.39450375338489474
2023-10-25 00:20:00,6.892414476014971,-0.27706138606294684,0.2590983615976855
2023-10-25 00:25:00,6.8889733852943476,-0.27673914860659865,0.2479347954109369
2023-10-25 00:30:00,2.6889764442289588,9.382725302485186,0.5216105679057228
2023-10-25 00:35:00,2.791114883140017,-0.12819086228191184,0.49047965024292467
2023-10-25 00:40:00,2.800928239660248,-0.11503982170445187,0.15012259967579097
2023-10-25 00:45:00,1.6007109309805168,-0.07737527445395964,0.22021739716826852
2023-10-25 00:50:00,1.6023994075529588,-0.13047747384711722,0.3865732836098096
2023-10-25 00:55:00,1.5368226285561644,-0.1742116264801041,0.3892258813656316
2023-10-25 01:00:00,1.77770045328315,3.9972484575344045,0.4459087594832607
2023-10-25 01:05:00,1.8515381149730845,-0.0808911991990037,0.5623664316262654
2023-10-25 01:10:00,1.7846288633774459,-0.12141339270255405,0.21135028931341354
2023-10-25 01:15:00,1.6328561234905383,-0.15654639521426925,0.060429752007605544
2023-10-25 01:20:00,1.653562710686588,-0.15939699400082535,0.11723046041077742
2023-10-25 01:25:00,1.647235300262272,-0.15086500100858513,0.16120018643681874
2023-10-25 01:30:00,1.4952917237936594,4.172761112827975,-0.09277401629786572
2023-10-25 01:35:00,1.5389521876540038,-0.031015617876342487,-0.16063428967578255
2023-10-25 01:40:00,1.5950835571905773,0.013809726349583348,-0.05137072332357238
2023-10-25 01:45:00,1.3234674856563533,-0.04170238190872488,-0.06632327116295937
2023-10-25 01:50:00,1.285701449854934,-0.08018056804945713,-0.07909457506179764
2023-10-25 01:55:00,1.3316704845714509,-0.030689954078016404,-0.21441681538528493
2023-10-25 02:00:00,0.846298836684166,4.56815178304573,-0.3017336136515035
2023-10-25 02:05:00,0.8666142104385317,-0.024556158781942172,-0.2652233608112775
2023-10-25 02:10:00,0.7495696240289565,-0.15877548547491227,-0.1232074053979995
2023-10-25 02:15:00,0.43710526552820855,-0.038096633986326865,0.0919349417043946
2023-10-25 02:20:00,0.46422913993735593,-0.01455655768504992,-0.02602960979552625
2023-10-25 02:25:00,0.407492326982394,-0.05827166408877773,-0.04993348612878447
2023-10-25 02:30:00,-0.10570469452970718,4.423721264647641,0.06055408778022933
2023-10-25 02:35:00,-0.07109796048191194,-0.10354221503414236,-0.025297371590150077
2023-10-25 02:40:00,0.018643572094174585,0.045104515828509315,0.1450715987354149
2023-10-25 02:45:00,0.21518473477661895,0.19908324361124002,0.36752732240123515
2023-10-25 02:50:00,0.22294104975518772,0.21565559857053793,0.3107575526529757
2023-10-25 02:55:00,0.3891711643008317,0.38465202394891235,0.37071432489482564
2023-10-25 03:00:00,0.639985334631525,5.270082931593211,0.2894912543912301
2023-10-25 03:05:00,0.7279919853081148,0.3063319655032404,0.3282912435718866
2023-10-25 03:10:00,0.6424009366843054,0.21923480825620392,0.3822147141810774
2023-10-25 03:15:00,0.6666461704538045,0.12576995137498553,0.2172692439958598
2023-10-25 03:20:00,0.7306966097468627,0.21631182369696608,0.0016094901820495357
2023-10-25 03:25:00,0.7671481916404793,0.2587235744079429,-0.012365369028408102
2023-10-25 03:30:00,1.0197297202172926,0.18717745209852119,-0.2132475485404303
2023-10-25 03:35:00,1.2010149873536213,0.3772391113078656,-0.06482708004045021
2023-10-25 03:40:00,1.3101511523658484,0.4823193745315621,0.1429404790024486
2023-10-25 03:45:00,1.1036322364129802,0.4144472988365959,0.1776442010473264
2023-10-25 03:50:00,1.0739623023911453,0.37319684490331,0.11684714726022413
2023-10-25 03:55:00,1.0211169089799303,0.32317804735688743,0.1526421032788884
2023-10-25 04:00:00,0.8358686684024907,6.1548212762073815,0.04327715253564925
2023-10-25 04:05:00,0.8363487958897853,0.3395577290784595,0.11646336916319903
2023-10-25 04:10:00,0.8284952179212709,0.3264599866346955,0.04112791980665734
2023-10-25 04:15:00,1.0870760164453457,0.23255499565749121,-0.12128279780401083
2023-10-25 04:20:00,1.106470131735975,0.26424985329804884,-0.26432888476587996
2023-10-25 04:25:00,1.1377795151857841,0.2974177398769755,-0.2613387015457029
2023-10-25 04:30:00,0.49001138171772063,7.862202487062916,-0.09423777134384975
2023-10-25 04:35:00,0.43035795478288724,0.12277603979840108,0.0892960873452193
2023-10-25 04:40:00,0.45669785371663146,0.27134362229055753,3.698673327785545
2023-10-25 04:45:00,0.5162809225900286,0.17589822261681112,2.2517363844295524
2023-10-25 04:50:00,0.5768038914563575,0.23496972348835587,2.1486205659383306
2023-10-25 04:55:00,0.6027360789174353,0.20567420251814855,1.8761289998703512
2023-10-25 05:00:00,0.3554701906643918,7.328603587123214,0.31902366216213823
2023-10-25 05:05:00,0.36925867755130265,0.1213024672561665,0.5909894791802092
2023-10-25 05:10:00,0.396607799934129,0.14403281449021182,0.7715207003386533
2023-10-25 05:15:00,0.13291522877079376,0.04966064094567425,0.5900398906146583
2023-10-25 05:20:00,0.09961227627999968,-0.0031624405925659593,0.6201104475680203
2023-10-25 05:25:00,0.1042273791362798,0.03696719891182178,0.6466890034985833
2023-10-25 05:30:00,0.21038828096117215,8.56885556436062,0.7770215045615237
2023-10-25 05:35:00,0.22159496940286244,0.007659645928862152,0.9500143520274337
2023-10-25 05:40:00,0.24334255071685543,0.024155646232020933,1.3120830808118458
2023-10-25 05:45:00,1.4106360091152927,0.11264478665480832,1.637477886052891
2023-10-25 05:50:00,1.2818291307439127,0.027611204530634512,1.431825723533701
2023-10-25 05:55:00,1.2636476071626501,0.005279270217097103,1.591424724206951
2023-10-25 06:00:00,1.4034899057140537,7.536208664943494,2.934769446291279
2023-10-25 06:05:00,1.4344624946839144,-0.003210456668124154,2.6131654806028304
2023-10-25 06:10:00,1.3999366444831731,-0.016843452393347925,2.074736365765441
2023-10-25 06:15:00,1.3661119558235826,-0.045520787589426306,2.1561070320230677
2023-10-25 06:20:00,1.3650390205568907,-0.027312307843493044,2.21469641072616
2023-10-25 06:25:00,1.3907686452199517,0.022850568840408085,3.4125354695115595
2023-10-25 06:30:00,0.6180985478750525,9.903468169280718,5.295099160355601
2023-10-25 06:35:00,0.6253508752537656,0.003303393166227694,3.4481713993486856
2023-10-25 06:40:00,0.5467818875601227,-0.10356251865321423,2.297357188443959
2023-10-25 06:45:00,0.1593480480423461,-0.09037163513227477,2.018469172968913
2023-10-25 06:50:00,0.1627010248698237,-0.059087143567582226,2.000072425059513
2023-10-25 06:55:00,0.17447694274932432,-0.016306152151408387,2.030502574575806
2023-10-25 07:00:00,0.6375098302379344,25.769058926356426,5.602996355554661
2023-10-25 07:05:00,0.7876981105178226,-0.05643917275536551,2.8863836972285086
2023-10-25 07:10:00,0.7756736425670305,-0.03723270341238089,3.309999400627093
2023-10-25 07:15:00,0.9156993261895296,0.013310185827953316,4.546608644756311
2023-10-25 07:20:00,0.9592814830044412,-0.013970319408195778,5.104487309530637
2023-10-25 07:25:00,0.9900860756345776,-0.046172315143446094,4.6363114951714985
2023-10-25 07:30:00,0.9478094717265139,13.131995554724591,5.546240130930409
2023-10-25 07:35:00,1.1648331022995,0.10653509655976945,8.228358337544758
2023-10-25 07:40:00,1.230687109187521,0.25077890158960026,8.530131152748906
2023-10-25 07:45:00,1.7471685273909254,0.3058604969320636,8.665368506332555
2023-10-25 07:50:00,1.7588627844805302,0.338897003063009,8.833778801434152
2023-10-25 07:55:00,1.8278507482333064,0.3745531978496621,9.18848789102391
2023-10-25 08:00:00,2.769396099240961,14.118289029267968,11.676690796148739
2023-10-25 08:05:00,2.8078289716693687,0.3323700676458568,9.959788953641016
2023-10-25 08:10:00,2.7583629827758624,0.24375130615346255,9.114617907804895
2023-10-25 08:15:00,2.8364205010467662,0.17304117034350705,8.635872310378103
2023-10-25 08:20:00,2.800239017852186,-0.029545522195740737,6.186958644946338
2023-10-25 08:25:00,2.8072237688347434,-0.13170156736688168,5.20780247733097
2023-10-25 08:30:00,1.957554026013925,22.75778120462034,7.507661176874348
2023-10-25 08:35:00,2.0432286687851193,-0.036111975068808005,7.777175689238473
2023-10-25 08:40:00,1.9546597537875767,-0.10204037056396702,6.206805062875297
2023-10-25 08:45:00,1.239079349068853,-0.17155956882633314,5.954925240548018
2023-10-25 08:50:00,1.2032023650619668,-0.19445122216816577,5.4607684491868405
2023-10-25 08:55:00,1.2056532365525676,-0.22370237673148616,4.9060379867757735
2023-10-25 09:00:00,1.4831422734301345,-0.22546630644574264,4.592129536786233
2023-10-25 09:05:00,1.4904184562180176,-0.23343350342423363,4.539849466726172
2023-10-25 09:10:00,1.4820164932125615,-0.22029095500267137,4.369579850815382
2023-10-25 09:15:00,1.3559585333972621,-0.229576740232237,4.083832445891512
2023-10-25 09:20:00,1.3601074574300762,-0.232416320283921,3.4342673773429016
2023-10-25 09:25:00,1.3490654824089316,-0.24073033481499137,2.622885146161082
2023-10-25 09:30:00,1.308677948938521,-0.2351204279335318,2.5156138918188273
2023-10-25 09:35:00,1.3362619935554578,-0.22657128715575373,3.2344949028783287
2023-10-25 09:40:00,1.3732459140220554,-0.21091544440957702,3.689761998634726
2023-10-25 09:45:00,1.2808362764834742,-0.21023415661019468,3.7509095175404745
2023-10-25 09:50:00,1.2722729182591828,-0.2222201345744861,3.644118284727512
2023-10-25 09:55:00,1.2668710424046519,-0.23127594256377873,3.7342830687508335
2023-10-25 10:00:00,1.8698221316342012,-0.22784836336677222,3.65421093206873
2023-10-25 10:05:00,1.8508102823087276,-0.23225756572262363,3.725487331158796
2023-10-25 10:10:00,1.8547427919055965,-0.2308458226324319,3.7267632288715644
2023-10-25 10:15:00,2.294766302739819,-0.2840748348958814,1.9951026593562635
2023-10-25 10:20:00,2.250346377411752,-0.26010530682908267,0.9988784586000188
2023-10-25 10:25:00,2.2997491369086336,-0.22941041110280463,1.2087880733598826
2023-10-25 10:30:00,1.6452608187988094,-0.24108684225989202,1.0029688325012556
2023-10-25 10:35:00,1.6055080204090857,-0.2612164336948658,0.5232021169571037
2023-10-25 10:40:00,1.5945300684265946,-0.24188525090256985,0.41370326396197754
2023-10-25 10:45:00,-0.060950956140664585,-0.22776841123003977,0.4508060147436855
2023-10-25 10:50:00,-0.027310732983989224,-0.2269087458018022,0.7860530927098995
2023-10-25 10:55:00,-0.04615457256787141,-0.2382908086931382,0.8882230847532577
2023-10-25 11:00:00,-0.3954122130415634,-0.1951948386434275,0.4870696858451992
2023-10-25 11:05:00,-0.4264752023480573,-0.1943413657652505,-0.01443813601056851
2023-10-25 11:10:00,-0.4286159400824119,-0.19396399582308477,-0.2738213775841802
2023-10-25 11:15:00,-0.00513278973665679,-0.1973379153400654,-0.5149882028698322
2023-10-25 11:20:00,-0.002353074965650284,-0.19355451170466595,-0.09345891811282196
2023-10-25 11:25:00,0.021522629495294047,-0.1924961760941425,-0.07227770823497694
2023-10-25 11:30:00,0.2754303456736017,-0.22286974967491172,-0.21254292200614494
2023-10-25 11:35:00,0.25833921104666546,-0.2416853946451483,-0.18901565603133197
2023-10-25 11:40:00,0.25169409069438375,-0.23961210562658122,-0.42046840785828465
2023-10-25 11:45:00,-0.24950751551948724,-0.17132266051978837,-0.8610340374424467
2023-10-25 11:50:00,-0.2802813313127782,-0.17860103130487023,-0.7710634910631957
2023-10-25 11:55:00,-0.28849236962705216,-0.18355889515273596,-0.8949126661965168
2023-10-25 12:00:00,-0.21200849649901843,1.548588044155173,-0.9578399670635132
2023-10-25 12:05:00,-0.2043517077553813,-0.1968326175099117,-0.8919232560973879
2023-10-25 12:10:00,-0.19153604014185982,-0.19320562382101386,-0.5397722014174091
2023-10-25 12:15:00,-0.3258098687099627,-0.19566814839875293,-0.31901794831453606
2023-10-25 12:20:00,-0.3322695992298234,-0.19062251634974425,-0.7775414205917616
2023-10-25 12:25:00,-0.33502951128782216,-0.1859756906815168,-0.778911021661612
2023-10-25 12:30:00,-0.5456468342906943,0.8554144701802814,-0.7172989217914403
2023-10-25 12:35:00,-0.5656736895650881,-0.1872469715207753,-0.8182114856873046
2023-10-25 12:40:00,-0.5767464991011242,-0.1823901184420145,-0.7355980327332793
2023-10-25 12:45:00,-0.460759186332342,-0.18544227643352704,-0.42710838260747086
2023-10-25 12:50:00,-0.4549709302273564,-0.1894827014887471,-0.40198646791877957
2023-10-25 12:55:00,-0.46500850302052166,-0.1779117883774514,-0.5239992211005255
2023-10-25 13:00:00,0.09093987231584506,1.146713768284084,-0.11272476876592058
2023-10-25 13:05:00,0.10812426369093082,-0.2139882936427156,0.13026462243877274
2023-10-25 13:10:00,0.10883019886383073,-0.21381939878649803,-0.013282915101920225
2023-10-25 13:15:00,-0.12641645999703563,-0.18107869739581064,1.2676758799808983
2023-10-25 13:20:00,-0.1358856066582477,-0.21916067013696358,0.758743286168777
2023-10-25 13:25:00,-0.19029415645228256,-0.21159494396156536,0.39256227973894137
2023-10-25 13:30:00,-0.12324005933865567,0.9680848493271069,0.8775827675866995
2023-10-25 13:35:00,-0.1508289977665632,-0.2584681777561554,1.4755939250226844
2023-10-25 13:40:00,-0.16605438608797934,-0.2769262111264447,1.4552750920427062
2023-10-25 13:45:00,0.18094667372976825,-0.2571824990496515,0.3732864541483748
2023-10-25 13:50:00,0.22728565775765286,-0.23367979127640562,0.3198842898006835
2023-10-25 13:55:00,0.20002191701582872,-0.25342916829605255,0.581491932363901
2023-10-25 14:00:00,0.33137307993835685,1.7439544347377958,0.7860866725898042
2023-10-25 14:05:00,0.37670839737596135,-0.2704825138974262,1.4971222175487435
2023-10-25 14:10:00,0.3457814696258721,-0.24805518611663072,0.5412573045814948
2023-10-25 14:15:00,0.5593800354339287,-0.2486405838073403,0.2805146310583774
2023-10-25 14:20:00,0.5697819471210047,-0.2535817609498304,0.555698167408785
2023-10-25 14:25:00,0.5800348015669183,-0.2491511605211636,0.6953482379272748
2023-10-25 14:30:00,0.8320572236558185,2.8361722151989017,0.5850897724423552
2023-10-25 14:35:00,0.8482173526963006,-0.25819400473418885,0.40673249058992433
2023-10-25 14:40:00,0.8592329848487315,-0.2542938319444923,0.28078917136148757
2023-10-25 14:45:00,0.9259224844678648,-0.2616234228851034,0.09639427869826422
2023-10-25 14:50:00,0.9344807240699234,-0.25605272026263753,-0.02973084593430582
2023-10-25 14:55:00,0.9291317038489948,-0.2752778386191849,0.20623363449147117
2023-10-25 15:00:00,0.7094661970964455,0.7996485889551359,0.4763727145869192
2023-10-25 15:05:00,0.7102788830900737,-0.285784953964662,0.5209843436192526
2023-10-25 15:10:00,0.7731191965687007,-0.28952877069392097,1.1255480836738057
2023-10-25 15:15:00,0.8907499847528725,-0.2906682833963786,1.001090925289637
2023-10-25 15:20:00,0.9691230509062295,-0.28658597084645,2.6438178926702216
2023-10-25 15:25:00,0.968778759999134,-0.3099208529466657,1.6277713350189247
2023-10-25 15:30:00,1.0933246865000437,0.7328942265638401,2.5900303182219737
2023-10-25 15:35:00,1.0382211486818909,-0.32485554514306636,2.0312732732907977
2023-10-25 15:40:00,0.9617238123735666,-0.2889934518842476,0.9710589045138635
2023-10-25 15:45:00,1.6064487049429597,-0.29742310832306884,1.3388403778970799
2023-10-25 15:50:00,1.6329995906379553,-0.29906656094316025,1.4249031748201884
2023-10-25 15:55:00,1.6304457386696498,-0.2911072889267468,1.066779605731203
2023-10-25 16:00:00,1.2369469317745039,2.1870447098321435,0.6924867729902116
2023-10-25 16:05:00,1.2649156212833579,-0.3071208846733844,1.0823677244158183
2023-10-25 16:10:00,1.269671946512723,-0.3901421183285123,1.5761534879276482
2023-10-25 16:15:00,1.3391103546230523,-0.3728575975216375,1.531907285759915
2023-10-25 16:20:00,1.3361274684761326,-0.35967655973523566,1.5545008608725506
2023-10-25 16:25:00,1.3251011027111008,-0.35546424063592064,1.3608984391263061
2023-10-25 16:30:00,1.4178780251494618,1.3394588774569318,1.3712274628447199
2023-10-25 16:35:00,1.4766949537241933,-0.3592680654019088,1.2629379452566845
2023-10-25 16:40:00,1.4595510339699689,-0.3673870387474377,1.5777665960051275
2023-10-25 16:45:00,1.960617974152988,-0.3114659220312875,2.146972177040027
2023-10-25 16:50:00,1.9789920402016636,-0.29727827170127313,1.9533235244615381
2023-10-25 16:55:00,1.9954327450586196,-0.2975981428463024,1.7778131508116084
2023-10-25 17:00:00,2.162887119754454,1.1819205131584303,2.2326930386978443
2023-10-25 17:05:00,2.199553048025284,-0.2657248814114365,2.4213459287846955
2023-10-25 17:10:00,2.3328322602544085,-0.24607135232191268,3.5696058834299813
2023-10-25 17:15:00,2.4539899905787634,-0.3056193578383753,3.9830792556686716
2023-10-25 17:20:00,2.37231319993938,-0.3256605187378982,3.597804310695207
2023-10-25 17:25:00,2.33946771989849,-0.3277823360822159,4.360091769108615
2023-10-25 17:30:00,2.962022891912917,2.899696575618358,4.259939911085988
2023-10-25 17:35:00,2.9893168090556967,-0.3605104760709256,3.6800710625291853
2023-10-25 17:40:00,2.9378279147716366,-0.3540591964050925,3.321666217481602
2023-10-25 17:45:00,4.841700624386061,-0.3491794384369878,3.0603840598920575
2023-10-25 17:50:00,4.826299836977735,-0.35143022239864424,3.1224151059375633
2023-10-25 17:55:00,4.866297242420836,-0.1268751194608045,6.762695787461552
2023-10-25 18:00:00,3.7311814507905634,4.374966026147177,4.14919909138493
2023-10-25 18:05:00,3.776757043731789,-0.27730682390907474,4.1549986404474835
2023-10-25 18:10:00,3.7306994269202933,-0.22590079350930345,4.162215986797789
2023-10-25 18:15:00,4.473066359346257,-0.1814914405585444,4.205090828597497
2023-10-25 18:20:00,4.501040065884583,-0.17811405104812222,4.720823453874081
2023-10-25 18:25:00,4.510401410516619,-0.2475307860227395,3.7002312049045556
2023-10-25 18:30:00,4.770515252504393,-0.2341826889484045,3.7747758997774996
2023-10-25 18:35:00,4.792482507246673,-0.2085469819185459,3.7481144858301625
2023-10-25 18:40:00,4.813168395134349,-0.0734622302493904,5.230574201123082
2023-10-25 18:45:00,5.178696339297009,-0.05623142869722839,5.929039193405415
2023-10-25 18:50:00,5.1681688112922455,-0.04478776090146318,5.279956130194401
2023-10-25 18:55:00,5.1975612291286195,-0.18983963354161776,4.162822255978487
2023-10-25 19:00:00,5.768462489035104,4.605046827791055,3.1276328689645765
2023-10-25 19:05:00,5.757900931302189,-0.2246103230875248,3.211736575994058
2023-10-25 19:10:00,5.750861619606117,-0.20559092036007107,3.243473184266049
2023-10-25 19:15:00,5.825194075920625,-0.1424593577034508,5.585260364677441
2023-10-25 19:20:00,5.835337935772736,-0.15887155620637589,5.4606951041344916
2023-10-25 19:25:00,5.767325819000255,-0.18049892403063947,3.972767637732976
2023-10-25 19:30:00,5.52523586132702,8.446086736413154,3.1638190669013415
2023-10-25 19:35:00,5.608488340329373,-0.17541393769013125,2.955939080516261
2023-10-25 19:40:00,5.681697952883716,-0.09098221912271184,2.7592443274021683
2023-10-25 19:45:00,4.2087478452169895,-0.044272558578701666,2.768629234274091
2023-10-25 19:50:00,4.132410017393734,-0.14029045036481275,2.772571936478923
2023-10-25 19:55:00,4.130638827183362,-0.10053947470603865,2.72228343824496
2023-10-25 20:00:00,3.9274680904472405,6.428554037047196,3.2367954278571043
2023-10-25 20:05:00,3.8040066299184545,0.022213556801896638,3.4350809363299235
2023-10-25 20:10:00,3.7897272401054987,-0.028377174259896425,3.1684450361069056
2023-10-25 20:15:00,3.9281152464797655,-0.09418338012236152,2.9575427576161486
2023-10-25 20:20:00,3.912517691841898,-0.11072449183246688,3.314579023249981
2023-10-25 20:25:00,3.930865015787496,-0.1394899724922273,3.206335030412702
2023-10-25 20:30:00,4.102836409459474,7.052323218248132,2.8700213508424115
2023-10-25 20:35:00,4.420584027562385,0.09633850335834329,3.4795315984380375
2023-10-25 20:40:00,4.50003860789551,0.19640314687778127,3.8887411653093085
2023-10-25 20:45:00,5.767123613723433,0.20013501834871097,3.8677326316501697
2023-10-25 20:50:00,5.7032405739324075,0.18439068903211867,3.717775713982858
2023-10-25 20:55:00,5.6595850045664,0.15004853450825847,3.5601335926203017
2023-10-25 21:00:00,5.548202722505101,8.617122590905742,4.06814139381542
2023-10-25 21:05:00,5.625432144999621,0.06173945510476097,4.237610617765172
2023-10-25 21:10:00,5.708361339887026,0.1549885158179948,3.8916878008591227
2023-10-25 21:15:00,5.707425890076881,0.15910154236639967,4.144736796070214
2023-10-25 21:20:00,5.633789969446212,0.05073284951128093,3.660826251790596
2023-10-25 21:25:00,5.6697726385393095,0.11290679037527329,3.906362606652665
2023-10-25 21:30:00,6.425714210292881,12.83205767066665,4.308458355164842
2023-10-25 21:35:00,6.452221309084346,0.023392451910319863,4.7177617776056735
2023-10-25 21:40:00,6.463242074797087,0.04245652772906386,4.907796486594881
2023-10-25 21:45:00,7.332271893709152,0.1919139721523686,8.074983977255075
2023-10-25 21:50:00,7.284891762745154,0.058851618381252066,5.559157133484553
2023-10-25 21:55:00,7.20099408088959,-0.050216415161138866,3.269662032418385
2023-10-25 22:00:00,6.3757219871644715,14.619115813069518,3.346753415510624
2023-10-25 22:05:00,6.506798636570382,0.02794854033099986,3.8878425069033606
2023-10-25 22:10:00,6.456697521575124,0.010443349994983952,3.561141684779566
2023-10-25 22:15:00,6.843750978752059,-0.02985535498596057,3.4240813519480757
2023-10-25 22:20:00,6.850347251192459,-0.04435405683357766,3.2528935145952875
2023-10-25 22:25:00,6.8618409675071765,-0.029201553599194126,3.0425390904494574
2023-10-25 22:30:00,7.186293940270979,12.940211855650354,2.6082810634423907
2023-10-25 22:35:00,7.281137135454054,-0.12267873753382061,2.3791667593696206
2023-10-25 22:40:00,7.27912365285708,-0.1499436037453045,2.2870625605139323
2023-10-25 22:45:00,6.314908471556555,-0.10874284529851279,2.0882929350100623
2023-10-25 22:50:00,6.302295205270887,-0.14468541049310962,1.8490426182055113
2023-10-25 22:55:00,6.303940197821609,-0.1737434399728858,1.8316629713695602
2023-10-25 23:00:00,6.030729605075126,9.921172913965538,1.7989684358989455
2023-10-25 23:05:00,6.117109500647649,-0.18157572936132702,1.981272135843969
2023-10-25 23:10:00,6.103634240394496,-0.13614793219483437,2.354356283686263
2023-10-25 23:15:00,5.79292877080153,-0.1438198888378577,2.312574869551268
2023-10-25 23:20:00,5.784906351185065,-0.19147769346659582,2.001276700120287
2023-10-25 23:25:00,5.7720304933823305,-0.20557278237983428,1.5029915027588352
2023-10-25 23:30:00,6.773781364793184,7.204364819371193,1.3654993497039398
2023-10-25 23:35:00,6.828223908379486,-0.22193951811322368,1.2694258789622723
2023-10-25 23:40:00,6.843798133658987,-0.22666822826416025,1.2178209989159114
2023-10-25 23:45:00,5.9214771461037765,-0.23654667542440316,1.5421883562271135
2023-10-25 23:50:00,5.91813251714482,-0.23775180940405916,1.903887331574912
2023-10-25 23:55:00,5.907767491900277,-0.22487692380220942,1.678227610928213
2023-10-26 00:00:00,5.75393183443933,6.237572881659784,-0.5230159226022388
2023-10-26 00:15:00,6.199839856641144,-0.3462281212768843,0.6626239100569475
2023-10-26 00:20:00,6.189488974163571,-0.3488666582804455,0.5394094926655336
2023-10-26 00:25:00,6.184517818544824,-0.34870927335918894,0.46677665091434983
2023-10-26 00:30:00,5.386602397408661,5.372777395542348,0.37110107202351383
2023-10-26 00:35:00,5.417982768360051,-0.33022523646174595,0.31791009520958546
2023-10-26 00:40:00,5.411718704364802,-0.3146026278034275,0.19133709551556624
2023-10-26 00:45:00,5.562181053400172,-0.30763259463369647,0.0632740722888282
2023-10-26 00:50:00,5.566711580851476,-0.30215926015140293,-0.058995011178638035
2023-10-26 00:55:00,5.547512074467086,-0.29489112111042143,-0.15496088454437082
2023-10-26 01:00:00,5.23713805357177,4.013249083560271,-0.2710434527558243
2023-10-26 01:05:00,5.241718121355999,-0.27614172396807846,-0.25784755684233623
2023-10-26 01:10:00,5.241124572187664,-0.28000456577953564,-0.2228435485812416
2023-10-26 01:15:00,5.110953481973923,-0.266497575477717,-0.14858540583782734
2023-10-26 01:20:00,5.111216237005299,-0.2816734327960536,0.009034921938091404
2023-10-26 01:25:00,5.1196123862615375,-0.2905246006978683,0.08782380934497971
2023-10-26 01:30:00,4.7057193353219615,3.3578168970225275,0.17233515600173277
2023-10-26 01:35:00,4.7669859818899605,-0.3056608859916568,0.16587323570595014
2023-10-26 01:40:00,4.777883406146424,-0.31525868400354173,0.25316663816046103
2023-10-26 01:45:00,5.056856902747312,-0.32877904434116106,0.23948842017380775
2023-10-26 01:50:00,5.045715847229221,-0.3305350712283274,0.23620259392848764
2023-10-26 01:55:00,5.049319926718224,-0.3160037026597889,0.09433344031399438
2023-10-26 02:00:00,4.814863500340836,-0.29018510798220676,0.08573194746052101
2023-10-26 02:05:00,4.8250132256231595,-0.2848887223582387,-0.001127410320066726
2023-10-26 02:10:00,4.817471990567962,-0.28559862936545594,-0.06659712689202986
2023-10-26 02:15:00,5.2098779622371945,-0.2931957799165515,-0.18922065345850644
2023-10-26 02:20:00,5.1800600447767655,-0.2906720824353495,-0.15336321053298388
2023-10-26 02:25:00,5.180550754327042,-0.27152668996151325,-0.3227347896223456
2023-10-26 02:30:00,5.261923233342926,2.287525371951992,-0.3616703279415151
2023-10-26 02:35:00,5.265249761652226,-0.24880919886392944,-0.3961664909276221
2023-10-26 02:40:00,5.247321245957774,-0.25409195677269103,-0.4126442331787316
2023-10-26 02:45:00,5.323783123690916,-0.26632040331115164,-0.2861304569844585
2023-10-26 02:50:00,5.333925951324521,-0.2696998944887263,-0.26942943624388577
2023-10-26 02:55:00,5.357253153761564,-0.27049703823896964,-0.27393820173462985
2023-10-26 03:00:00,5.700908531399539,1.7903428758584585,-0.2946241794194049
2023-10-26 03:05:00,5.7234155645443145,-0.2745266014080497,-0.43350197567178517
2023-10-26 03:10:00,5.734006430212617,-0.2617545636897251,-0.48752241265621243
2023-10-26 03:15:00,5.886180732756706,-0.2655138302079558,-0.4944401644046979
2023-10-26 03:20:00,5.883253899819614,-0.26542550205888477,-0.478645939534849
2023-10-26 03:25:00,5.900279965305804,-0.26515100837817646,-0.5154415047849996
2023-10-26 03:30:00,5.533474904514193,1.9354030992909381,-0.49639076895802825
2023-10-26 03:35:00,5.549161541323092,-0.2652925186579749,-0.41981466379866667
2023-10-26 03:40:00,5.539272923563218,-0.28006348957322874,-0.29822915912521336
2023-10-26 03:45:00,5.181991982652324,-0.26487957308985594,-0.39195628485107903
2023-10-26 03:50:00,5.172576650408914,-0.24842782653256476,-0.5014291029195962
2023-10-26 03:55:00,5.164776631973491,-0.24770059276429157,-0.49752423732426754
2023-10-26 04:00:00,5.241656687327129,1.9006827767265677,-0.5236310489427211
2023-10-26 04:05:00,5.24285280335498,-0.2521650560883805,-0.46990515604871974
2023-10-26 04:10:00,5.238526304353398,-0.25564253777349616,-0.43683556861520056
2023-10-26 04:15:00,4.898720922562333,-0.24638796664820034,-0.4588707965184799
2023-10-26 04:20:00,4.899880219938321,-0.2486109630954131,-0.4545091075243318
2023-10-26 04:25:00,4.883510791875653,-0.25610433943065314,-0.46888896549047915
2023-10-26 04:30:00,4.210473572569995,1.310522056220377,-0.48048442856998425
2023-10-26 04:35:00,4.2161076776471305,-0.26019348491027494,-0.42315669955906043
2023-10-26 04:40:00,4.238998103253147,-0.2501659455512485,-0.47714557147253006
2023-10-26 04:45:00,2.772071585703578,-0.2498668420596428,-0.405928999237067
2023-10-26 04:50:00,2.7738570469442645,-0.24851326876224106,-0.41087621226471494
2023-10-26 04:55:00,2.7870906108627906,-0.2452671872827138,-0.41870313252004254
2023-10-26 05:00:00,1.772630838653386,1.0215995688856776,-0.433443971205693
2023-10-26 05:05:00,1.765856725869917,-0.2448971288400663,-0.24321725529612487
2023-10-26 05:10:00,1.776862980949132,-0.2470936614803448,-0.3100010820424767
2023-10-26 05:15:00,1.7518366682358009,-0.2522948795256153,-0.3621314546220699
2023-10-26 05:20:00,1.7341864711409654,-0.2678692651645282,-0.20338725505151503
2023-10-26 05:25:00,1.764670498362372,-0.2650943151946585,-0.1743969644694816
2023-10-26 05:30:00,1.8005863050137412,1.0917237946809883,0.09911790210873103
2023-10-26 05:35:00,1.7995673634023515,-0.2720354718578587,-0.013344273542870157
2023-10-26 05:40:00,1.7901720824283043,-0.2718107852184347,0.024244358709213872
2023-10-26 05:45:00,1.7407874768606377,-0.2627832178935627,0.06944108938133314
2023-10-26 05:50:00,1.736383796557061,-0.2817519056043924,0.13413359905601271
2023-10-26 05:55:00,1.7487265816154078,-0.2883519189355341,0.22164227657442007
2023-10-26 06:00:00,1.7117028107108307,1.3010059627467119,0.261738512926343
2023-10-26 06:05:00,1.7067665907706693,-0.2928222986761577,0.2639470969911358
2023-10-26 06:10:00,1.7197471430618405,-0.28782175342911887,0.25483757097647886
2023-10-26 06:15:00,2.141115107167572,-0.2959279411476453,0.28322153670034617
2023-10-26 06:20:00,2.1429467601838352,-0.2990211204019028,0.42666209136057065
2023-10-26 06:25:00,2.1305654308943254,-0.3151320022977489,0.5197091885484809
2023-10-26 06:30:00,2.167297737203906,1.671290071716096,0.6255322699360969
2023-10-26 06:35:00,2.2160122112138527,-0.3175171296732454,0.5773597615343857
2023-10-26 06:40:00,2.1965742582869074,-0.3153020027171701,0.638283710126002
2023-10-26 06:45:00,3.270236188314247,-0.2948634992931971,0.7446928283080761
2023-10-26 06:50:00,3.2884120204016476,-0.30784336472087764,0.6958584802118679
2023-10-26 06:55:00,3.279227669253341,-0.3147182611604964,0.691358308322051
2023-10-26 07:00:00,3.269199828895371,2.060728208348156,0.846914274241516
2023-10-26 07:05:00,3.304806575932981,-0.3193849791725871,0.8209161383331095
2023-10-26 07:10:00,3.3012917941193094,-0.3313840936562083,1.1190816627408784
2023-10-26 07:15:00,2.8518068662532814,-0.3378984748309462,1.192375326060842
2023-10-26 07:20:00,2.8518616321622816,-0.3368004226229923,1.0612658761219869
2023-10-26 07:25:00,2.8259544282698177,-0.3299710830798875,1.1335828258800489
2023-10-26 07:30:00,2.119725955756772,2.5621799524473787,0.9912866088229593
2023-10-26 07:35:00,2.132471344222538,-0.32860521619385646,1.1679903182483549
2023-10-26 07:40:00,2.1241819579431387,-0.3324954234235076,1.2174038451469247
2023-10-26 07:45:00,1.0822410276927494,-0.3409193837434079,1.0860897166792254
2023-10-26 07:50:00,1.107494543780813,-0.3277297551998261,1.0770126167388194
2023-10-26 07:55:00,1.0980390824263806,-0.32356117549402236,1.0135403654923112
2023-10-26 08:00:00,0.13790352420094532,2.3972883922898243,0.9793465958080765
2023-10-26 08:05:00,0.18267249261742588,-0.31302080694639,0.9197842487396483
2023-10-26 08:10:00,0.16829975747822573,-0.3225605093410675,0.9041851441552281
2023-10-26 08:15:00,-0.13290038513847457,-0.3286236666144802,0.9985137724644249
2023-10-26 08:20:00,-0.11333662154600628,-0.32174179597719954,0.9909030739188783
2023-10-26 08:25:00,-0.13114778511687983,-0.3326797167662512,1.0497071199060366
2023-10-26 08:30:00,-0.23712677248230948,2.1787010875151114,1.088357232480362
2023-10-26 08:35:00,-0.21939853834691372,-0.32705309541631294,0.9704550223497269
2023-10-26 08:40:00,-0.2319361808984162,-0.3220542706943111,0.9743013662524023
2023-10-26 08:45:00,0.40946079856376494,-0.331348042273169,0.9077179297411756
2023-10-26 08:50:00,0.405803802934909,-0.33129484645844576,0.9183179010476763
2023-10-26 08:55:00,0.4171427986311922,-0.32188573658816344,0.9177358378385956
2023-10-26 09:00:00,1.2629421732390906,2.1955983047076635,0.8913136732458202
2023-10-26 09:05:00,1.2670818978117613,-0.3257077246657531,0.8156602636891604
2023-10-26 09:10:00,1.252595941021873,-0.3169739681884621,0.6849632180218902
2023-10-26 09:15:00,0.22683787257618024,-0.3118583170010484,0.5699381037053568
2023-10-26 09:20:00,0.21645826380897548,-0.3052404269464613,0.5766803896104473
2023-10-26 09:25:00,0.212715244958411,-0.31008193556893954,0.7086443216830556
2023-10-26 09:30:00,-0.3692415451387356,-0.30832881443725657,0.6040539529730345
2023-10-26 09:35:00,-0.38064572873709596,-0.302366022463905,0.471484946730263
2023-10-26 09:40:00,-0.4077993664618211,-0.3157354840988744,0.531463172260952
2023-10-26 09:45:00,-1.2484707750958401,-0.27744938684632203,0.5602753501178964
2023-10-26 09:50:00,-1.2595833170660287,-0.27971181409503576,0.366155597249809
2023-10-26 09:55:00,-1.2755384429420096,-0.27678361953287794,0.42686641926201824
2023-10-26 10:00:00,-1.3401637651414244,1.305443415496797,0.43477648364656496
2023-10-26 10:05:00,-1.342015031381687,-0.2813930985507883,0.3327856611056678
2023-10-26 10:10:00,-1.3323394897911045,-0.28092622128724964,0.2887201351639915
2023-10-26 10:15:00,-0.7556356328603041,-0.27285217097882214,0.22820761543698784
2023-10-26 10:20:00,-0.7821802630332095,-0.2757416863074401,0.3600388164532583
2023-10-26 10:25:00,-0.7736781661927694,-0.26258931928930124,0.2952940109900713
2023-10-26 10:30:00,-0.7371931358656374,1.8725656124739254,0.42341362795706533
2023-10-26 10:35:00,-0.7267830534107506,-0.26302358083286004,0.5123721967705885
2023-10-26 10:40:00,-0.723551371972098,-0.2616738490458843,0.4206420585445485
2023-10-26 10:45:00,-0.6772296498527484,-0.2654563750203147,0.41118927969071994
2023-10-26 10:50:00,-0.66110853616188,-0.2647846816928153,0.36243223262272756
2023-10-26 10:55:00,-0.6687753001246469,-0.26471300629559363,0.357487951226615
2023-10-26 11:00:00,-0.6831296668299557,1.1601358288328476,0.6186626313040141
2023-10-26 11:05:00,-0.6722777666962317,-0.286912089797334,0.6101805433136587
2023-10-26 11:10:00,-0.6547192342256805,-0.29582007573025154,0.5994902484776704
2023-10-26 11:15:00,-0.34517653485612704,-0.2977845840671085,0.6673627764895007
2023-10-26 11:20:00,-0.3502959834818405,-0.3014304697999708,0.6306334646018228
2023-10-26 11:25:00,-0.35196330238472545,-0.30562330402420373,0.6393833377610865
2023-10-26 11:30:00,0.027035835961558095,1.6467934204201051,0.6317423476993418
2023-10-26 11:35:00,0.06625752436799878,-0.2844811070857233,0.6022928882975706
2023-10-26 11:40:00,0.044289444067442375,-0.2990694980688248,0.6958673112328749
2023-10-26 11:45:00,0.053376036265846236,-0.307785518516278,0.7038872500998639
2023-10-26 11:50:00,0.07508059181470582,-0.28863482691047326,0.6350496204092393
2023-10-26 11:55:00,0.05603035267183765,-0.3066568799367126,0.8096403043901977
2023-10-26 12:00:00,0.3750376639166747,2.055822223079312,0.6739607736972384
2023-10-26 12:05:00,0.37744823435115427,-0.3031077690588679,0.5918386541380851
2023-10-26 12:10:00,0.37132129576714995,-0.29416140864194396,0.6127393217682962
2023-10-26 12:15:00,0.21815270048977467,-0.2696655486895096,0.5717668701087746
2023-10-26 12:20:00,0.21292458646736512,-0.2507194698215659,0.2529265742744841
2023-10-26 12:25:00,0.19984017748729976,-0.23765604373082652,0.06926850245216494
2023-10-26 12:30:00,-0.047346159189270806,2.569306914691694,-0.14580978030159253
2023-10-26 12:35:00,-0.06280842085010406,-0.20552246828111168,-0.21788701843021768
2023-10-26 12:40:00,-0.03205457771911855,-0.20888638911963678,-0.28480254366137014
2023-10-26 12:45:00,-0.8936253298737319,-0.20660934921918434,-0.37928726922807116
2023-10-26 12:50:00,-0.8885495376863599,-0.20785648043173627,-0.4087520449326739
2023-10-26 12:55:00,-0.8735753603539269,-0.21314710142379642,-0.45998682882539665
2023-10-26 13:00:00,-1.1859866433655222,1.4565894115892208,-0.4735504329847917
2023-10-26 13:05:00,-1.1791310700296438,-0.2281698154874123,-0.5933222129180193
2023-10-26 13:10:00,-1.1971512497581824,-0.24230953103287237,-0.4111859669385861
2023-10-26 13:15:00,-1.4068909229643483,-0.23339961912266788,-0.24161478753050397
2023-10-26 13:20:00,-1.401841534952131,-0.24273506283629243,-0.2824662545720546
2023-10-26 13:25:00,-1.401357257425424,-0.23475862624051902,-0.5370379859850413
2023-10-26 13:30:00,-1.215697719941306,0.6234756551426237,-0.4863232812610305
2023-10-26 13:35:00,-1.2244743618556935,-0.2343734716760529,-0.18801254058783354
2023-10-26 13:40:00,-1.2468556130918393,-0.25638759436678793,-0.18942600158060238
2023-10-26 13:45:00,-1.1581129650600028,-0.2253433828148394,-0.45067009440377276
2023-10-26 13:50:00,-1.1608697484511938,-0.23339661217149502,-0.30304320905060184
2023-10-26 13:55:00,-1.141132081749827,-0.2317269051265456,-0.3498265923496114
2023-10-26 14:00:00,-1.308779714210758,0.7017306073708821,-0.23304240173629204
2023-10-26 14:05:00,-1.281154203047336,-0.24518026467132395,-0.3554563131543757
2023-10-26 14:10:00,-1.2763231683940808,-0.24768587142761916,-0.5443079901706981
2023-10-26 14:15:00,-1.5006946785924273,-0.26719114751459566,-0.2507160259783596
2023-10-26 14:20:00,-1.4829034237563885,-0.26237919169436447,-0.24599773213310572
2023-10-26 14:25:00,-1.4941070319598002,-0.23401372209908028,-0.6840447604616278
2023-10-26 14:30:00,-1.3835095739759182,0.15858207709069166,-0.5947138150772047
2023-10-26 14:35:00,-1.3741248873964682,-0.23675920252862875,-0.5469506583569071
2023-10-26 14:40:00,-1.367468353542036,-0.2284011821523619,-0.6367035092325364
2023-10-26 14:45:00,-1.2184774849796427,-0.23976710753583566,-0.5063914706208033
2023-10-26 14:50:00,-1.217729358112704,-0.24869120117984483,-0.4263376934601861
2023-10-26 14:55:00,-1.209283599656115,-0.25163026002297767,-0.43424787462478603
2023-10-26 15:00:00,-0.3965558995942053,0.12850552237181023,-0.6027411997400003
2023-10-26 15:05:00,-0.41871266192754636,-0.21986473800970444,-0.6039020205756619
2023-10-26 15:10:00,-0.4273261488456417,-0.2275148568232524,-0.6058331577797128
2023-10-26 15:15:00,-0.7194705273003703,-0.25122560608457345,-0.6288306813401848
2023-10-26 15:20:00,-0.7184220294615896,-0.2444601009245401,-0.736314963824746
2023-10-26 15:25:00,-0.7011335026626273,-0.2410368406732132,-0.8411651578638762
2023-10-26 15:30:00,-1.3608802482868527,0.061489364333080346,-0.8538050274233393
2023-10-26 15:35:00,-1.368120591565625,-0.24767282172077393,-0.5319325001994031
2023-10-26 15:40:00,-1.3546388397224705,-0.2663891795066963,-0.31566106852845355
2023-10-26 15:45:00,-1.2289907697148188,-0.27700216806046535,-0.3702510172972596
2023-10-26 15:50:00,-1.229901360294351,-0.28242721328412423,-0.38594221918678395
2023-10-26 15:55:00,-1.2320981526952004,-0.2965508310079851,-0.10731234272133389
2023-10-26 16:00:00,-0.575796431540838,-0.21137152290391484,0.06831170346847394
2023-10-26 16:05:00,-0.5606278376767713,-0.3314590182122477,0.20005480660066832
2023-10-26 16:10:00,-0.5530550796438376,-0.3459544918707063,0.2768357960918779
2023-10-26 16:15:00,0.5781175330914294,-0.35530911495547024,0.3508234425897212
2023-10-26 16:20:00,0.5870073194745965,-0.35824525962433545,0.40604642633429183
2023-10-26 16:25:00,0.6256858857042413,-0.3701474196664343,0.6140186362893317
2023-10-26 16:30:00,0.5558507439660112,1.5361051456109738,0.8460901034028048
2023-10-26 16:35:00,0.5866089630962409,-0.3579657121426104,0.5282118801989549
2023-10-26 16:40:00,0.5958236432389143,-0.3712834649345453,0.6390631578252303
2023-10-26 16:45:00,-0.03008913067621534,-0.38916102635001526,0.959086281520193
2023-10-26 16:50:00,-0.003958270097338682,-0.39632785665008163,1.0709384872016523
2023-10-26 16:55:00,0.004127451223246412,-0.412177024484171,1.2675162050555986
2023-10-26 17:00:00,0.4472388871734031,-0.4311431354464816,1.5458704469196594
2023-10-26 17:05:00,0.4392959242758932,-0.4171504123072426,2.010024381039182
2023-10-26 17:10:00,0.49039257596514235,-0.38110454444348696,2.182217240225876
2023-10-26 17:15:00,0.6528081306701882,-0.4175327545318698,2.1430192166806377
2023-10-26 17:20:00,0.6538825502534088,-0.43190472784214673,1.9360694673775927
2023-10-26 17:25:00,0.6768453677285642,-0.4131812990914666,1.5248654802694575
2023-10-26 17:30:00,1.687045525511733,1.3853508196456497,1.4313499533732126
2023-10-26 17:35:00,1.703292567632669,-0.40844664113528545,1.1346888765047867
2023-10-26 17:40:00,1.655679758433012,-0.4191867580551443,1.2254061313308782
2023-10-26 17:45:00,3.398571470327994,-0.41534913703940235,1.157474095076832
2023-10-26 17:50:00,3.471819917985499,-0.4252920854486596,1.3418303071025603
2023-10-26 17:55:00,3.4658038343359223,-0.4652674224075403,1.8539602106870532
2023-10-26 18:00:00,2.7550789036178998,3.692625645661484,1.8544924521425092
2023-10-26 18:05:00,2.8252570587037336,-0.43352171719736093,1.5696409497777877
2023-10-26 18:10:00,2.730815610866536,-0.4444758316057626,2.05812536033923
2023-10-26 18:15:00,2.13138067028744,-0.4128423802793816,2.403823984020521
2023-10-26 18:20:00,2.126455527969884,-0.3875820312768537,3.35807204387354
2023-10-26 18:25:00,2.1585922175057877,-0.37606642482142766,3.336181422477336
2023-10-26 18:30:00,2.558618383674644,4.065234573135289,4.1275630380474455
2023-10-26 18:35:00,2.5876164737423886,-0.23123329423544747,4.065844463494452
2023-10-26 18:40:00,2.5659282348793533,-0.23846540561376525,3.235586640004525
2023-10-26 18:45:00,1.619483112495881,-0.24213764604077045,2.3529096042273303
2023-10-26 18:50:00,1.6269098418958945,-0.28877573272528423,1.8250949418036924
2023-10-26 18:55:00,1.6202866702605934,-0.2994938174254239,1.8999416512475913
2023-10-26 19:00:00,0.5147454983057435,8.356898100322667,2.485452721018708
2023-10-26 19:05:00,0.6226839305485293,-0.10950544203156216,4.653013126484728
2023-10-26 19:10:00,0.6267807044948667,-0.1862370352816345,4.415378755320937
2023-10-26 19:15:00,0.8322116901167975,-0.23875238101705845,2.7643728366138087
2023-10-26 19:20:00,0.8452589276854241,-0.23475436667093613,2.6246804172640776
2023-10-26 19:25:00,0.8689955668246747,-0.25975856979724044,2.876520888822596
2023-10-26 19:30:00,0.9450435300489721,7.4819447652975,3.4965866734188737
2023-10-26 19:35:00,1.0134883021003116,-0.22556339696108024,3.5027956004361633
2023-10-26 19:40:00,0.9820028091941356,-0.21239043981946798,2.937979070441873
2023-10-26 19:45:00,4.731935817593103,-0.1843240071296968,3.296997994647944
2023-10-26 19:50:00,4.732133008937743,-0.17236435602365321,2.636741089530956
2023-10-26 19:55:00,4.715751452740284,-0.16528407261387282,1.9635841207706002
2023-10-26 20:00:00,7.628037080448661,6.623050732094737,2.8538788420710137
2023-10-26 20:05:00,7.744312891906212,-0.13447622231760517,3.2928616884372373
2023-10-26 20:10:00,7.717310762331813,-0.16314959264301834,2.371493241588947
2023-10-26 20:15:00,3.437015901119558,-0.15544123608564728,2.381451479830331
2023-10-26 20:20:00,3.452752711675844,-0.16507840034914334,2.016660209760933
2023-10-26 20:25:00,3.4261958056530903,-0.13254097349015675,1.9281326651927904
2023-10-26 20:30:00,3.418626222143997,5.476782434000072,1.8482476875133267
2023-10-26 20:35:00,3.4489385184488226,-0.09675536059218558,3.186161974503785
2023-10-26 20:40:00,3.457581447472726,-0.07092512761206725,2.9679407080958566
2023-10-26 20:45:00,2.136443765488921,-0.1279341649153413,2.1718510348624505
2023-10-26 20:50:00,2.134814106361038,-0.14911015090642804,1.7574656138804505
2023-10-26 20:55:00,2.145866006602687,-0.1661347023781719,2.2246804210590523
2023-10-26 21:00:00,1.9621887599943941,5.311017684453812,2.59321867427743
2023-10-26 21:05:00,1.9928229017928323,-0.12527204643155823,2.242901569422701
2023-10-26 21:10:00,2.0818726805545262,-0.035878153716802946,4.3392915793041364
2023-10-26 21:15:00,1.1685220765553224,0.01917390114155803,4.284416431624835
2023-10-26 21:20:00,1.2957084828335559,0.1928048915814032,4.966315704377507
2023-10-26 21:25:00,1.4089044132484174,0.26083461327625984,4.749588848536254
2023-10-26 21:30:00,1.3750150380662778,6.958948553472364,4.197885754885871
2023-10-26 21:35:00,1.3719145135865953,0.21685792433350257,4.248697804258928
2023-10-26 21:40:00,1.4746085973367282,0.29502458499984946,3.8304811860637455
2023-10-26 21:45:00,1.8694427220482088,0.3045429286979724,3.0042204099485392
2023-10-26 21:50:00,1.9071571203391622,0.358607822970467,3.5250643674673934
2023-10-26 21:55:00,1.8650538521618667,0.28809271799223585,3.325873708326198
2023-10-26 22:00:00,1.1019772622399473,10.318870131428161,2.7008579781321638
2023-10-26 22:05:00,1.2195264093463174,0.2840215099086182,2.9370099474793565
2023-10-26 22:10:00,1.4387443736308212,0.5134312678234217,3.4101963089413174
2023-10-26 22:15:00,1.485582596037936,0.6589151405544322,3.711543779210723
2023-10-26 22:20:00,1.3975660073090768,0.5733785268351532,3.543429661439257
2023-10-26 22:25:00,1.2708425181223524,0.40848639347464705,3.7231635807142474
2023-10-26 22:30:00,2.5169385334780072,9.318381347240416,3.5200396468797983
2023-10-26 22:35:00,2.7558444534341486,0.643547437206585,3.5411716280929895
2023-10-26 22:40:00,2.7828574573751323,0.6247853496360911,3.7842200320512256
2023-10-26 22:45:00,5.388559209365037,0.6383814056051397,3.5166291758970916
2023-10-26 22:50:00,5.333739659816379,0.6045472533400501,3.1653982035998944
2023-10-26 22:55:00,5.247398356737182,0.5362264272185969,2.985254442768718
2023-10-26 23:00:00,4.1668448755678025,14.903657882897352,2.8686204548967624
2023-10-26 23:05:00,4.312539103936218,0.5875799040650483,3.0506390620364354
2023-10-26 23:10:00,4.479935456248559,0.7366424907028151,3.3334165060772634
2023-10-26 23:15:00,3.235824482425878,0.8372492338084573,3.427539116631896
2023-10-26 23:20:00,3.088145030813389,0.6779667290910933,3.419736611300371
2023-10-26 23:25:00,2.989825438285204,0.5753916720524008,3.447117674834856
2023-10-26 23:30:00,3.283966571784209,15.604174458049325,3.182697448557146
2023-10-26 23:35:00,3.2976958126413796,0.47891162856697306,2.9345114031407364
2023-10-26 23:40:00,3.2030158058385996,0.4070366514306012,2.954093261317725
2023-10-26 23:45:00,4.103873104766255,0.16211185382108115,2.880297421314015
2023-10-26 23:50:00,4.006546249032555,0.06012846853366945,2.8041096816828963
2023-10-26 23:55:00,4.033752566591279,0.07672008982882252,2.7696747679784086
2023-10-27 00:00:00,3.7770362296286577,15.841971446968847,-0.5550006660389926
2023-10-27 00:15:00,4.918066904828513,0.00554412562217901,2.179265202839
2023-10-27 00:20:00,4.918620033209587,-0.12049363403360357,1.8442227976559715
2023-10-27 00:25:00,4.887667345161324,-0.17935351923368686,1.813946302392508
2023-10-27 00:30:00,4.05117254969824,-0.11960974202568915,1.9270593259504627
2023-10-27 00:35:00,4.03778811597676,-0.09119243396437089,2.0148562434450836
2023-10-27 00:40:00,4.0313793043125035,-0.07871433444816464,1.9255228283105272
2023-10-27 00:45:00,4.8632986213305545,-0.08336361328573347,2.255769117340427
2023-10-27 00:50:00,4.891597862033671,-0.10677227610436824,2.34960564399772
2023-10-27 00:55:00,4.890678655429093,-0.13809947436940734,2.2575742386880417
2023-10-27 01:00:00,4.567056252659216,6.855828368276186,2.1117662641259907
2023-10-27 01:05:00,4.6146805569301295,-0.12328538470135855,2.0026114331846956
2023-10-27 01:10:00,4.616721075813192,-0.13232429423374545,1.9859397755913017
2023-10-27 01:15:00,5.308994595018646,-0.12945698612437426,1.9096787884403919
2023-10-27 01:20:00,5.300270592776312,-0.1286211298060113,1.8976578159788244
2023-10-27 01:25:00,5.290663488302701,-0.12898951221934996,1.7180218530250941
2023-10-27 01:30:00,5.331748562700317,10.662491007398161,1.6413169008610198
2023-10-27 01:35:00,5.421741050302789,-0.15798087050035495,1.4518726505926212
2023-10-27 01:40:00,5.43794238944514,-0.174156683669872,1.337249337612303
2023-10-27 01:45:00,4.99298740646414,-0.15652550276909274,1.4139054457639217
2023-10-27 01:50:00,4.981901938051243,-0.1664457542780529,1.4081802139156874
2023-10-27 01:55:00,4.962059205213188,-0.16965544976761818,1.4073231806582749
2023-10-27 02:00:00,4.389175231903079,9.970416309125897,1.3313504545960977
2023-10-27 02:05:00,4.464936888685937,-0.16089531774407312,1.368706976664396
2023-10-27 02:10:00,4.494748116163263,-0.18543660331348147,1.3018172538742705
2023-10-27 02:15:00,4.396073667091136,-0.19735869635529876,1.302088351266451
2023-10-27 02:20:00,4.406142334074357,-0.16765393997296665,1.1960746174387025
2023-10-27 02:25:00,4.409096717194061,-0.17692279821644694,1.1436045406451356
2023-10-27 02:30:00,3.691043450942298,8.280141681103819,1.078364698087225
2023-10-27 02:35:00,3.746935477021516,-0.22509428132467588,0.9875700666538414
2023-10-27 02:40:00,3.7277025091922513,-0.21616048748580646,0.8932105108267464
2023-10-27 02:45:00,3.1754358848922513,-0.25999518171801506,0.5966504534471662
2023-10-27 02:50:00,3.1909524412963,-0.30886075106832783,0.3461295316413988
2023-10-27 02:55:00,3.196659508108365,-0.32288830614014286,0.34831523115221286
2023-10-27 03:00:00,2.96104820768922,6.75283023123194,0.26913409994537996
2023-10-27 03:05:00,2.987822872215864,-0.3430165922634019,0.38200224319983095
2023-10-27 03:10:00,2.979754829340025,-0.3390307522328141,0.33811705297049177
2023-10-27 03:15:00,2.4381760711695146,-0.3154558588940322,0.2126657282704994
2023-10-27 03:20:00,2.4300418748676718,-0.3147757867256467,0.19045820431510158
2023-10-27 03:25:00,2.425024464370563,-0.31878696494091935,0.15301412567817654
2023-10-27 03:30:00,2.613436739710293,3.233530757691675,0.1698977539947166
2023-10-27 03:35:00,2.6491300906025783,-0.33044569337606006,-0.01865814988446242
2023-10-27 03:40:00,2.6577599171117217,-0.3225061639433831,-0.1417278107773539
2023-10-27 03:45:00,2.621192531857003,-0.3054581142952991,-0.09708297412728313
2023-10-27 03:50:00,2.608710725123427,-0.2931991738479423,-0.2202749573908668
2023-10-27 03:55:00,2.5906195974680144,-0.29352855829164104,-0.20151451787998145
2023-10-27 04:00:00,2.87926226304869,1.8154560831559399,-0.2249361924331507
2023-10-27 04:05:00,2.8863749012905595,-0.3007880896153146,-0.27577187563264977
2023-10-27 04:10:00,2.8860601484555524,-0.29133083008267074,-0.3811889070481741
2023-10-27 04:15:00,1.8997515603358035,-0.2611429173907498,-0.45188304666736584
2023-10-27 04:20:00,1.9161170121073339,-0.2544942506964574,-0.46504529620434126
2023-10-27 04:25:00,1.9237183991227116,-0.2532002601123206,-0.4661538845963933
2023-10-27 04:30:00,1.283442346267932,1.1675781048829157,-0.46568519617532145
2023-10-27 04:35:00,1.2818448238183728,-0.2588587426262365,-0.41595446446995615
2023-10-27 04:40:00,1.3009546124297835,-0.25043019124120125,-0.5070657260964145
2023-10-27 04:45:00,1.269713365908257,-0.24829333368180923,-0.5218636549750973
2023-10-27 04:50:00,1.2758897549891288,-0.2390494646073519,-0.5289516485894457
2023-10-27 04:55:00,1.2685161115387555,-0.23021381130709695,-0.6693869264689685
2023-10-27 05:00:00,0.7342437932127718,0.7801658897751806,-0.7776660431061253
2023-10-27 05:05:00,0.7227688675250518,-0.22064702878616796,-0.6759796988715475
2023-10-27 05:10:00,0.7379053648973944,-0.22581512433278292,-0.5205738777707665
2023-10-27 05:15:00,0.5122570326115272,-0.21924901758305387,-0.6030049214418225
2023-10-27 05:20:00,0.5043577839689584,-0.2238788440237517,-0.6554436999984639
2023-10-27 05:25:00,0.4969097631048892,-0.22317957472255923,-0.6309281686803845
2023-10-27 05:30:00,0.47315101868319204,0.8074380944626811,-0.6608638541638182
2023-10-27 05:35:00,0.47974409404405477,-0.22257963973899914,-0.636356561909165
2023-10-27 05:40:00,0.468722375647671,-0.22759648791579612,-0.470810274628863
2023-10-27 05:45:00,0.47988352077681157,-0.22442617923359667,-0.5466961874220522
2023-10-27 05:50:00,0.4746889229515224,-0.24308158536678182,-0.3947555604364533
2023-10-27 05:55:00,0.5006352042813215,-0.23433477255523524,-0.4970446684379891
2023-10-27 06:00:00,0.5056708631774224,0.24497142420750778,-0.5107246376312607
2023-10-27 06:05:00,0.5174642725754386,-0.2416041898269161,-0.42965001795005864
2023-10-27 06:10:00,0.5129152098799143,-0.24057047145813848,-0.43560529712068546
2023-10-27 06:15:00,0.506188087063497,-0.2173985285931777,-0.4464570650941358
2023-10-27 06:20:00,0.48511687656620633,-0.22388112255983755,-0.39677892417579447
2023-10-27 06:25:00,0.4749245658716223,-0.22906888805252326,-0.40007782364571515
2023-10-27 06:30:00,0.5004513563797356,0.6730263669974001,-0.5452668280256556
2023-10-27 06:35:00,0.5199987110958746,-0.2299174983506106,-0.47488278822130336
2023-10-27 06:40:00,0.5302851393683322,-0.24626406165199285,-0.2747451509502648
2023-10-27 06:45:00,0.5748190581776061,-0.2685596770445581,-0.252985326068414
2023-10-27 06:50:00,0.5797523603286978,-0.26258027295245134,-0.2468226067490545
2023-10-27 06:55:00,0.5615901488361563,-0.27398508397792837,-0.16135973868781237
2023-10-27 07:00:00,0.238464018698849,0.49533730725423447,-0.08912876311587617
2023-10-27 07:05:00,0.23417576708949014,-0.2572440493530425,-0.08812522728940471
2023-10-27 07:10:00,0.2346356752538219,-0.26230385971509335,-0.009917435583028152
2023-10-27 07:15:00,0.21559369197407288,-0.24662513123795085,-0.061401661201307696
2023-10-27 07:20:00,0.21027099715173053,-0.24255088116268866,-0.17725198004686052
2023-10-27 07:25:00,0.20803776860344986,-0.24602235203648198,-0.12558902078239673
2023-10-27 07:30:00,0.36879578813555614,1.0186109368657958,-0.13879929866017113
2023-10-27 07:35:00,0.35867938656732185,-0.2569689768461681,0.012481094247314504
2023-10-27 07:40:00,0.4054548889466712,-0.2650306678380036,0.2794242215591312
2023-10-27 07:45:00,0.6044545948670761,-0.2781158691986256,0.3909544574145432
2023-10-27 07:50:00,0.5901055064516887,-0.29649142002926504,0.43069828227478535
2023-10-27 07:55:00,0.5694546686834654,-0.2888953619121732,0.3335871352974916
2023-10-27 08:00:00,1.4511966391879099,-0.2650928079059808,0.17293553455849842
2023-10-27 08:05:00,1.4606089433940255,-0.2501373189558112,-0.10075928233616657
2023-10-27 08:10:00,1.426525140157154,-0.2504890806481581,-0.11191211190690464
2023-10-27 08:15:00,0.6584766891110946,-0.24481040459223474,-0.24750599037669568
2023-10-27 08:20:00,0.6616410539070365,-0.245581689133265,-0.22179426204280536
2023-10-27 08:25:00,0.6638517654891947,-0.23515096258860077,-0.34957766775113924
2023-10-27 08:30:00,0.15075828249114986,1.1314640024150262,-0.4181940780399939
2023-10-27 08:35:00,0.14411737553055926,-0.232247386852975,-0.33766645960915315
2023-10-27 08:40:00,0.16105356474904578,-0.22814139877027623,-0.38498942563609867
2023-10-27 08:45:00,0.21212652587282665,-0.2568332642583888,-0.16522594804447777
2023-10-27 08:50:00,0.19897182639610067,-0.26429118758066045,-0.10565928263368289
2023-10-27 08:55:00,0.2096766906048255,-0.2580167462868749,-0.17032557915468644
2023-10-27 09:00:00,0.28043434781576726,0.7078176934547205,-0.14363115684809183
2023-10-27 09:05:00,0.2767590696756794,-0.2563104857332763,-0.0018804298253232452
2023-10-27 09:10:00,0.2632938018988965,-0.2621726761680697,-0.04203994674252284
2023-10-27 09:15:00,0.630059903460315,-0.24582642797919457,-0.10726909672414554
2023-10-27 09:20:00,0.6208058354161682,-0.24106526629702216,-0.07914023041054502
2023-10-27 09:25:00,0.6122464337383604,-0.23572261522309715,-0.07997088197788427
2023-10-27 09:30:00,1.1962805655401256,1.551687026124906,0.006759992345499746
2023-10-27 09:35:00,1.2033018160773679,-0.24461711510857365,-0.001346336812301393
2023-10-27 09:40:00,1.196842461232529,-0.24327338911980628,-0.12592869650965915
2023-10-27 09:45:00,1.3726941134845427,-0.24656911055798425,-0.15256358718709692
2023-10-27 09:50:00,1.379798654564819,-0.25163844133799357,-0.11108718297693763
2023-10-27 09:55:00,1.3791631477748985,-0.2606433579124418,-0.0622948994294855
2023-10-27 10:00:00,0.843052597611401,0.7110149476737186,-0.07281726101191749
2023-10-27 10:05:00,0.8391407028174389,-0.26300029139312137,0.01742454408861649
2023-10-27 10:10:00,0.8717984928083996,-0.2528380156660837,-0.1061561925887272
2023-10-27 10:15:00,1.4655565857445283,-0.2715510012969966,-0.16520093631161276
2023-10-27 10:20:00,1.4627832992279868,-0.2742848516934028,-0.16661114848342912
2023-10-27 10:25:00,1.4686223580708648,-0.27472795347360024,-0.04651945125870732
2023-10-27 10:30:00,1.0434953748722156,0.7705280715403867,0.049757390167715645
2023-10-27 10:35:00,1.0628253755133172,-0.2840608770418413,0.1276001904883384
2023-10-27 10:40:00,1.068763457263342,-0.29164213645577736,0.12574926504344433
2023-10-27 10:45:00,0.8018035468076486,-0.2964794893273047,0.2893483136241743
2023-10-27 10:50:00,0.8192220712854729,-0.26390110181576487,0.02773613160943823
2023-10-27 10:55:00,0.796054491546916,-0.2611105958040007,-0.015566608648745065
2023-10-27 11:00:00,0.9063615503323669,1.0112572300283358,-0.05600515479628054
2023-10-27 11:05:00,0.9382719676962488,-0.25615869768953053,-0.09770415425559709
2023-10-27 11:10:00,0.9201233639339049,-0.24938383650705276,-0.22908558360704379
2023-10-27 11:15:00,0.682479831095367,-0.2576857362550567,-0.2941760725255782
2023-10-27 11:20:00,0.6894772635344619,-0.25907415920502713,-0.252794437001871
2023-10-27 11:25:00,0.6967514396696753,-0.2643235134467194,-0.24685107194332653
2023-10-27 11:30:00,0.156094901837811,1.369951092106965,-0.21461913945177202
2023-10-27 11:35:00,0.15923403305538691,-0.2540381909812747,-0.305611509187299
2023-10-27 11:40:00,0.15079497012148738,-0.23981353884479673,-0.3780277355621143
2023-10-27 11:45:00,-0.051457216893619574,-0.23906638707850195,-0.4138574055445199
2023-10-27 11:50:00,-0.03792034056661467,-0.250919009250178,-0.33389113117767594
2023-10-27 11:55:00,-0.04486892445494258,-0.26207176541650445,-0.2400645868731238
2023-10-27 12:00:00,-0.2582423264396896,0.6028428339719524,0.1940191609573674
2023-10-27 12:05:00,-0.2681323157174361,-0.2758473820407339,0.13959396950899947
2023-10-27 12:10:00,-0.24386322332238955,-0.2721437408830926,0.005104455688007624
2023-10-27 12:15:00,-0.01961120297229627,-0.25127638516265677,-0.23021998567592677
2023-10-27 12:20:00,-0.0006575414433183555,-0.25138501944366637,-0.28710177270810716
2023-10-27 12:25:00,-0.025534858178107165,-0.25416501811455544,-0.29041127497147573
2023-10-27 12:30:00,0.4874726263137419,0.8223767468067547,-0.20094085875729933
2023-10-27 12:35:00,0.4959874376757052,-0.2733599325635981,-0.15955457233201706
2023-10-27 12:40:00,0.48640957834155507,-0.2812257472684329,-0.32410370327687305
2023-10-27 12:45:00,0.37979649692060585,-0.286762780313152,-0.3690271472650031
2023-10-27 12:50:00,0.3927356070907422,-0.2824304334989943,-0.32027212145658657
2023-10-27 12:55:00,0.38686611381646024,-0.2810712697642298,-0.281234691918557
2023-10-27 13:00:00,0.06955103599221905,1.481544398938855,-0.35799333884340817
2023-10-27 13:05:00,0.1038999714744462,-0.27808947214095814,-0.3526260955708904
2023-10-27 13:10:00,0.10639578428535178,-0.27520474019321023,-0.39886456360160905
2023-10-27 13:15:00,0.5090498296789696,-0.2843348124629772,-0.25660577818954317
2023-10-27 13:20:00,0.5270371339218191,-0.265089022821552,-0.3355104251260305
2023-10-27 13:25:00,0.49808921592891264,-0.26152098159333426,-0.20992154634339427
2023-10-27 13:30:00,0.6158758985868694,0.9656378780765092,-0.1234289884461751
2023-10-27 13:35:00,0.6449705350204213,-0.2553044054149594,-0.1716453245615256
2023-10-27 13:40:00,0.6355930198786841,-0.25518429396945996,-0.28178798043875186
2023-10-27 13:45:00,0.027433627702141448,-0.2670642157325935,-0.2732707668433103
2023-10-27 13:50:00,0.030163639214593727,-0.2692075491250438,-0.24980669410451753
2023-10-27 13:55:00,0.025979777742354916,-0.27379833178222834,-0.22327191871425042
2023-10-27 14:00:00,0.2373833497604477,0.3257329032361157,-0.2636961964793389
2023-10-27 14:05:00,0.24844098620745278,-0.2873601848432334,-0.27245093369685963
2023-10-27 14:10:00,0.2503427876019544,-0.2879292366951716,-0.2032105997171803
2023-10-27 14:15:00,-0.14177436757787412,-0.26721249038287337,-0.2073158571737077
2023-10-27 14:20:00,-0.14932526332798407,-0.2715450874812843,-0.23869300263468043
2023-10-27 14:25:00,-0.14180704827289817,-0.2689903664252319,-0.20591662711869518
2023-10-27 14:30:00,0.001241611281173434,0.7972049301923743,-0.20853982377186683
2023-10-27 14:35:00,-0.013465086633790016,-0.2909818092787531,-0.25204224803395764
2023-10-27 14:40:00,0.009174055701778707,-0.2813769803324598,-0.3327289409092841
2023-10-27 14:45:00,-0.46493443956426916,-0.28494449207028033,-0.25233327076749573
2023-10-27 14:50:00,-0.4714269698625972,-0.2843862134294087,-0.26239936693643384
2023-10-27 14:55:00,-0.4562859003263038,-0.2829669327208201,-0.23063522402817777
2023-10-27 15:00:00,-0.6159124025194791,1.0721381340813496,-0.2783982803380382
2023-10-27 15:05:00,-0.608922545328867,-0.26802983128378305,-0.3423559375161139
2023-10-27 15:10:00,-0.6333663524199323,-0.28169357997161065,-0.30511491027001353
2023-10-27 15:15:00,-0.37623944325588926,-0.29362829089424436,-0.29937513231859836
2023-10-27 15:20:00,-0.3669047382852072,-0.2959824621459331,-0.23998344833202295
2023-10-27 15:25:00,-0.34346395679176833,-0.2947725221597959,-0.22108689325237665
2023-10-27 15:30:00,-0.46224796833685494,-0.29344420024193457,-0.17968866862783386
2023-10-27 15:35:00,-0.45682670691759625,-0.30106220601626144,-0.10714845429461677
2023-10-27 15:40:00,-0.44900534716421725,-0.30628663137058293,-0.0838124163364377
2023-10-27 15:45:00,-0.30240192422190176,-0.2910353052822831,-0.07772953742584661
2023-10-27 15:50:00,-0.2620853477682396,-0.2952365309864088,0.03190131123982769
2023-10-27 15:55:00,-0.262027114961927,-0.303324872237909,0.10614706131160546
2023-10-27 16:00:00,0.01456986486502734,-0.11302582422987682,0.19326610807686048
2023-10-27 16:05:00,0.02044973350552338,-0.3397829871524227,0.4204013478668652
2023-10-27 16:10:00,0.04008449918488142,-0.3420752211340047,0.40962925194455624
2023-10-27 16:15:00,0.7522848143179536,-0.36903288098662546,0.5578798005116069
2023-10-27 16:20:00,0.7903122334243811,-0.3821481060743111,0.8035821100488366
2023-10-27 16:25:00,0.7866555989357387,-0.4053113060350086,0.8955410387812626
2023-10-27 16:30:00,0.9336837543028618,0.7971619211085188,0.8507761908694076
2023-10-27 16:35:00,0.9573656341287423,-0.4096958908741613,1.0509924570618914
2023-10-27 16:40:00,0.9701247446675363,-0.419028024829221,1.2733606782093096
2023-10-27 16:45:00,1.4802715905350634,-0.4220179962005693,1.2356618456765365
2023-10-27 16:50:00,1.453623706018157,-0.4164078962019589,1.0273167134313146
2023-10-27 16:55:00,1.4537740972491056,-0.4252423495938008,1.0914865308956787
2023-10-27 17:00:00,1.7189965415671826,0.7009689905571923,1.309096875267415
2023-10-27 17:05:00,1.7563456978935212,-0.4312402087294264,1.3879129631372829
2023-10-27 17:10:00,1.764762187690816,-0.44123349388043714,1.3970895628818802
2023-10-27 17:15:00,2.0800289948235116,-0.4428332362995026,1.3881821922086683
2023-10-27 17:20:00,2.056388032480544,-0.4066671032745155,0.9790483433565831
2023-10-27 17:25:00,2.0197639568516434,-0.3549199023327683,0.5326319221655166
2023-10-27 17:30:00,2.034249102356689,1.4489471477952656,0.3589267266371775
2023-10-27 17:35:00,2.03009370952456,-0.35176520948082657,0.46115947915140665
2023-10-27 17:40:00,2.056271111424627,-0.34544552913542154,0.47245591673657966
2023-10-27 17:45:00,1.4906337835713739,-0.3368003171058627,0.29471468550091634
2023-10-27 17:50:00,1.4878577836564966,-0.3392126119177139,0.27657813663775677
2023-10-27 17:55:00,1.4900966335585395,-0.34116801667389307,0.33559299917776947
2023-10-27 18:00:00,1.4689360014604975,0.8626079967461167,0.38272863719776967
2023-10-27 18:05:00,1.4704881443003661,-0.3597352274774114,0.30304514226630264
2023-10-27 18:10:00,1.4683997232443047,-0.35660929515137996,0.33150098420631335
2023-10-27 18:15:00,1.0918688624283512,-0.3708096533306188,0.5136506904601164
2023-10-27 18:20:00,1.094901600116868,-0.3859589230634764,0.644940002397121
2023-10-27 18:25:00,1.1114146429722414,-0.3691880902885754,0.7194667525521364
2023-10-27 18:30:00,1.3804894720801413,0.5627253669092334,0.2596899941579216
2023-10-27 18:35:00,1.378752342275319,-0.3527684293926033,0.19767628423288947
2023-10-27 18:40:00,1.3508128157163297,-0.3466466792829669,0.11213951670379978
2023-10-27 18:45:00,1.6118583976428609,-0.3224857803658872,-0.03406784349417217
2023-10-27 18:50:00,1.6008965460467688,-0.31942177818729234,-0.05960052199226366
2023-10-27 18:55:00,1.5880635721685508,-0.3320157682591996,-0.02782198020222575
2023-10-27 19:00:00,1.5541440384615302,0.8308778586433648,-0.10582803366325921
2023-10-27 19:05:00,1.540935292233711,-0.3128462509520267,-0.015292939976852197
2023-10-27 19:10:00,1.5401142184197842,-0.31582347488257295,0.014868260122762782
2023-10-27 19:15:00,1.9180237754203278,-0.3254388172649528,0.06519534792618943
2023-10-27 19:20:00,1.9600293149035326,-0.3451785878479282,0.2701074146728897
2023-10-27 19:25:00,1.9705650670692658,-0.3590472715178021,0.48333140753978443
2023-10-27 19:30:00,2.3205107001012193,0.3030416851870605,0.661280781406665
2023-10-27 19:35:00,2.329038106770987,-0.3570810757376799,0.5100276057764086
2023-10-27 19:40:00,2.31529334666058,-0.35195235214509557,0.4392079766542265
2023-10-27 19:45:00,2.3172535839850745,-0.33881315461994865,0.37773428376034573
2023-10-27 19:50:00,2.3138837277137534,-0.3477853859846305,0.7546801782739307
2023-10-27 19:55:00,2.3518710134033807,-0.33991253634017027,0.667181527153341
2023-10-27 20:00:00,2.7132796457112,0.8412975830035253,0.5485618457652227
2023-10-27 20:05:00,2.7239544536464866,-0.34706747409207583,0.5389342438896728
2023-10-27 20:10:00,2.7238473687504277,-0.3432650460011787,0.4988295131100863
2023-10-27 20:15:00,3.219581892812699,-0.3255632944981416,0.45095429727694347
2023-10-27 20:20:00,3.234257643638016,-0.32543363332110326,0.4314676352056696
2023-10-27 20:25:00,3.2391152950897384,-0.3295958234553973,0.5880410981931975
2023-10-27 20:30:00,2.34712710557781,0.8439467894480174,1.0369974194063172
2023-10-27 20:35:00,2.3556593723679002,-0.30252067774841523,1.0129802391746334
2023-10-27 20:40:00,2.338911782771858,-0.2826214109991576,1.2032723339015283
2023-10-27 20:45:00,3.6452468008522643,-0.3290225094554549,0.8128347848467401
2023-10-27 20:50:00,3.66080406262685,-0.34195640341590416,0.9675769665809119
2023-10-27 20:55:00,3.6420086428606537,-0.3332375794970179,1.0124653987476206
2023-10-27 21:00:00,2.312947829500237,3.281085007041547,0.8207835537942517
2023-10-27 21:05:00,2.3631875836020058,-0.32957126965475725,0.6643846320650153
2023-10-27 21:10:00,2.3628747497119873,-0.30963542521373355,0.6888366939925836
2023-10-27 21:15:00,2.488788765459216,-0.15373188179201483,4.885491663101409
2023-10-27 21:20:00,2.4259314001946506,-0.22617391966634678,4.025250915623263
2023-10-27 21:25:00,2.4381385035053476,-0.22724931302857462,3.1222095035527504
2023-10-27 21:30:00,2.69855449405488,2.2074688578009813,1.886185463999688
2023-10-27 21:35:00,2.6755605447104718,-0.28964788468698804,1.5158374404768937
2023-10-27 21:40:00,2.67706911399317,-0.270767320767491,1.1804660829249554
2023-10-27 21:45:00,1.8083134575794653,-0.2504658341995281,0.8499548906855777
2023-10-27 21:50:00,1.7933241513879938,-0.2254069634794521,1.103289287652948
2023-10-27 21:55:00,1.7776537642958612,-0.17613393152361909,1.4094427606797286
2023-10-27 22:00:00,0.9020459890614776,4.599672281832632,1.3370566845109497
2023-10-27 22:05:00,0.9351725213478879,-0.21798910275282496,1.1093929649551528
2023-10-27 22:10:00,0.949043877600899,-0.2460937813273079,0.6930127044060242
2023-10-27 22:15:00,0.39420969655018295,-0.2392783874808672,0.9249189082169823
2023-10-27 22:20:00,0.45227795027284734,-0.16121914936242743,1.2664596678935087
2023-10-27 22:25:00,0.49740952901819063,-0.159268001793166,0.9181544947064982
2023-10-27 22:30:00,0.44625230899398016,7.791467893220802,0.9034296698709983
2023-10-27 22:35:00,0.5071816407417846,-0.19024286635759924,0.7904337931505863
2023-10-27 22:40:00,0.5130870165055095,-0.2391401303304034,0.5381923027135582
2023-10-27 22:45:00,0.9221474113203152,-0.3174104837425739,0.5267101257406177
2023-10-27 22:50:00,0.8889075880276563,-0.3407830385429437,0.6423605293874337
2023-10-27 22:55:00,0.8824915954088441,-0.33443278815755506,0.4895532999882697
2023-10-27 23:00:00,1.7200512767267309,-0.32396695252005564,0.40194964724814825
2023-10-27 23:05:00,1.7037694314421532,-0.3239267292669944,0.4521588147763337
2023-10-27 23:10:00,1.7104279872427746,-0.32517320493568197,0.4535022730702042
2023-10-27 23:15:00,2.893851004430607,-0.32280932898529124,0.2375563560664022
2023-10-27 23:20:00,2.837157734749505,-0.3055284783152333,-0.004078525279831055
2023-10-27 23:25:00,2.8005544541540144,-0.29770773112028776,-0.044430059851930194
2023-10-27 23:30:00,2.774566369397728,0.8603444164263588,-0.22344417260288268
2023-10-27 23:35:00,2.792951595317843,-0.26785226985380783,-0.39490219153988776
2023-10-27 23:40:00,2.7707010288518137,-0.2786841573277198,-0.3010010702389641
2023-10-27 23:45:00,2.2062635862089244,-0.2866712800859843,-0.18979238384108363
2023-10-27 23:50:00,2.2106487393832235,-0.28344301097199326,-0.18813179639484812
2023-10-27 23:55:00,2.1977829202966275,-0.27709751430482127,-0.35022101756635116
2023-10-28 00:00:00,2.158033604296735,0.8415294298116504,-0.5583044464817435
2023-10-28 00:15:00,1.8997713163343934,-0.2809294851547149,-0.4635807903035077
2023-10-28 00:20:00,1.9165450870602798,-0.2631156227631606,-0.579514810300233
2023-10-28 00:25:00,1.8971843625153597,-0.2597454115792912,-0.6203235585012213
2023-10-28 00:30:00,1.9596670452596743,0.09749686293001338,-0.6695041718067007
2023-10-28 00:35:00,1.956416965681088,-0.25936026433481413,-0.6712935281446597
2023-10-28 00:40:00,1.9532406430295428,-0.26096667919183797,-0.6704016108133094
2023-10-28 00:45:00,1.7156327528735973,-0.2519949619468268,-0.6697294754519549
2023-10-28 00:50:00,1.717256103663811,-0.2581220963418435,-0.613493365883577
2023-10-28 00:55:00,1.7156927709716157,-0.25028746956360015,-0.6293518018719308
2023-10-28 01:00:00,1.6076831789390043,-0.2204746310684361,-0.7048962807237563
2023-10-28 01:05:00,1.6186331006274801,-0.2559839900404179,-0.7125452229607436
2023-10-28 01:10:00,1.6063621860120951,-0.25105851612372926,-0.7473135477068835
2023-10-28 01:15:00,1.400469380185863,-0.23273561220894007,-0.792071269096305
2023-10-28 01:20:00,1.419917681585384,-0.22551209827227223,-0.8700359617903008
2023-10-28 01:25:00,1.392490039046881,-0.2384912979733841,-0.7634654099859245
2023-10-28 01:30:00,1.1543555093292839,-0.1629458413524123,-0.7333532846391001
2023-10-28 01:35:00,1.1713064481271305,-0.23027804821663547,-0.829220395173371
2023-10-28 01:40:00,1.1709273045225252,-0.22858852442217448,-0.8314202822902221
2023-10-28 01:45:00,1.3887854764548317,-0.23324614545338943,-0.827759434783585
2023-10-28 01:50:00,1.3883524653139847,-0.22903789809057706,-0.8418147538672375
2023-10-28 01:55:00,1.395467325057402,-0.21908841732293963,-0.9136980978905334
2023-10-28 02:00:00,1.5928658352608933,-0.5139457376203822,-0.8971291156438774
2023-10-28 02:05:00,1.5780077672081492,-0.24329272536740326,-0.7906659989616133
2023-10-28 02:10:00,1.5806213813761492,-0.24240592360901886,-0.8054958670675869
2023-10-28 02:15:00,1.4036757325649576,-0.24775402626646512,-0.773983910230426
2023-10-28 02:20:00,1.428345273934625,-0.23984464657765686,-0.8258157415525905
2023-10-28 02:25:00,1.4040212995643313,-0.24973824485818805,-0.8168425068310802
2023-10-28 02:30:00,1.111154983768463,-0.5614564674790694,-0.9268067419954177
2023-10-28 02:35:00,1.1173648496473987,-0.22097698662154325,-0.9131652051264636
2023-10-28 02:40:00,1.120977803726763,-0.22298350716556023,-0.8745620365085809
2023-10-28 02:45:00,1.3606633958459127,-0.22691508406038177,-0.827868540829354
2023-10-28 02:50:00,1.352148765223935,-0.2259661475313101,-0.8342267547596108
2023-10-28 02:55:00,1.3543349065782602,-0.2283313253925983,-0.8141881094342865
2023-10-28 03:00:00,1.5691882238258887,-0.6154227841102934,-0.8738927754402392
2023-10-28 03:05:00,1.5594397165933895,-0.22984081366830075,-0.9157329256019439
2023-10-28 03:10:00,1.5672354299575237,-0.23243732971355302,-0.8691733648513174
2023-10-28 03:15:00,1.924691948014721,-0.24041033618563235,-0.7978876111901446
2023-10-28 03:20:00,1.9225335061638675,-0.23611907724231324,-0.8121576026481833
2023-10-28 03:25:00,1.9340457758259513,-0.23643785058558991,-0.8026248290150578
2023-10-28 03:30:00,2.1092133570874108,-0.5854695809059425,-0.8105609865700608
2023-10-28 03:35:00,2.0978705065507586,-0.23737941036524748,-0.7779932411623764
2023-10-28 03:40:00,2.111175033210646,-0.23493890181535315,-0.804779175197841
2023-10-28 03:45:00,1.8708886878136688,-0.21754630067735722,-0.8684909082391181
2023-10-28 03:50:00,1.8737048219741879,-0.21725325187444544,-0.8702893643681832
2023-10-28 03:55:00,1.8498190016151979,-0.23087342162962593,-0.7445571083852578
2023-10-28 04:00:00,2.1205153568101336,-0.6249266550512166,-0.8310542731510597
2023-10-28 04:05:00,2.099415769740335,-0.22967635956277943,-0.7849547496107052
2023-10-28 04:10:00,2.099765019996684,-0.2332041382661429,-0.7529928271024745
2023-10-28 04:15:00,1.9621379390290525,-0.22126791119925662,-0.8819898363663218
2023-10-28 04:20:00,1.9547069961597088,-0.22207836796466124,-0.8821208927302695
2023-10-28 04:25:00,1.9497906674466507,-0.22720264280174077,-0.8134486206567497
2023-10-28 04:30:00,1.9731123806164388,-0.6848874425411513,-0.7322037410830623
2023-10-28 04:35:00,1.9657926755459305,-0.23716561047797446,-0.7648058682821886
2023-10-28 04:40:00,1.981944570643267,-0.2270133992065587,-0.8349550345798098
2023-10-28 04:45:00,1.6430729021480681,-0.2119138897064212,-0.8858195875531315
2023-10-28 04:50:00,1.6508726088980394,-0.2123843337109819,-0.881396526934053
2023-10-28 04:55:00,1.650725399813009,-0.22466474066418057,-0.7763379913504185
2023-10-28 05:00:00,1.4059273612086332,-0.6283760047085318,-0.783429274843511
2023-10-28 05:05:00,1.3957204388581397,-0.2324290076606313,-0.7470828760979931
2023-10-28 05:10:00,1.4015312111881246,-0.237020483013561,-0.7250241906042919
2023-10-28 05:15:00,1.247035694662701,-0.21850970100267952,-0.7262956022207926
2023-10-28 05:20:00,1.2297756764758068,-0.22149932156885,-0.7181279415525689
2023-10-28 05:25:00,1.2133293563357128,-0.22726908782176916,-0.7010686353392293
2023-10-28 05:30:00,1.0474338922370177,-0.6079912831535014,-0.6594145548745014
2023-10-28 05:35:00,1.0415547460037695,-0.22796516967860794,-0.6914717089989522
2023-10-28 05:40:00,1.0526753642816387,-0.20506693971407366,-0.7332098119701709
2023-10-28 05:45:00,0.8923827970717148,-0.19900925896394442,-0.7616258645413717
2023-10-28 05:50:00,0.8871567417857508,-0.20340205155264265,-0.8336228021950463
2023-10-28 05:55:00,0.8659770110207153,-0.2079402151014379,-0.7870499297486306
2023-10-28 06:00:00,0.6842981986914237,-0.7226340003684635,-0.7989012835093644
2023-10-28 06:05:00,0.6737155153822861,-0.2127015956886789,-0.7060876853376162
2023-10-28 06:10:00,0.6767937585777208,-0.20950831579156515,-0.7476701365452683
2023-10-28 06:15:00,0.49750451855343697,-0.21421232637132595,-0.8127841806151543
2023-10-28 06:20:00,0.5036728953539124,-0.21268784933630414,-0.82035060915771
2023-10-28 06:25:00,0.5170926155045187,-0.2171654655169067,-0.786295838231789
2023-10-28 06:30:00,0.3591729743697322,-0.22858244485529478,-0.7715012486403968
2023-10-28 06:35:00,0.35632632050811214,-0.2156110682569929,-0.7752671360707933
2023-10-28 06:40:00,0.3697607564812856,-0.2044977735127454,-0.8763540718756975
2023-10-28 06:45:00,0.5088365889525309,-0.20310373791440173,-0.8720178659706833
2023-10-28 06:50:00,0.48359188056747165,-0.2115720750128633,-0.7858851224022994
2023-10-28 06:55:00,0.5033729968721449,-0.205601850692571,-0.8596657312736271
2023-10-28 07:00:00,0.1871818403609991,-0.6195578521047722,-0.8505277790430698
2023-10-28 07:05:00,0.16475184921955496,-0.2117311257464026,-0.758661519324756
2023-10-28 07:10:00,0.1794721385300629,-0.20025326668429141,-0.8705447810124828
2023-10-28 07:15:00,-0.24773729187018262,-0.19883229188582663,-0.8657773413987571
2023-10-28 07:20:00,-0.24694299380560958,-0.19788810350529928,-0.8522260982752292
2023-10-28 07:25:00,-0.24764343561450625,-0.20674971525802371,-0.7681122910552838
2023-10-28 07:30:00,-0.22969692051455934,-0.8856521260232117,-0.8160589263344484
2023-10-28 07:35:00,-0.24791706157522636,-0.21587072054822695,-0.7262725918589987
2023-10-28 07:40:00,-0.2330720558893413,-0.212979341189785,-0.6830040784704111
2023-10-28 07:45:00,-0.096428320656489,-0.20730731161454746,-0.8012751400655209
2023-10-28 07:50:00,-0.11599229342050907,-0.20626974758516645,-0.8822723324001365
2023-10-28 07:55:00,-0.10783115457138663,-0.2050270805623897,-0.8542433998829203
2023-10-28 08:00:00,-0.173721182787293,-0.694069345781634,-0.8794840413815393
2023-10-28 08:05:00,-0.17590434388191026,-0.19832157931446134,-0.8074451941370363
2023-10-28 08:10:00,-0.17288600938514737,-0.20115450411012634,-0.7973047293775815
2023-10-28 08:15:00,0.1008478145733823,-0.22999859980285425,-0.7647338097310984
2023-10-28 08:20:00,0.09760814423717724,-0.2381825576280096,-0.6192188022599694
2023-10-28 08:25:00,0.10099549577127098,-0.22359131394039003,-0.7773527341253631
2023-10-28 08:30:00,0.7318222016064394,-0.72774004363335,-0.8501815132944827
2023-10-28 08:35:00,0.7059689111342082,-0.26495095663786605,-0.6806848459058462
2023-10-28 08:40:00,0.7238058273462321,-0.25236240105597446,-0.7079691232160397
2023-10-28 08:45:00,0.5816449008305242,-0.23109697480779662,-0.6357242279668155
2023-10-28 08:50:00,0.5876899135203693,-0.23290097903537949,-0.6885204504437565
2023-10-28 08:55:00,0.5845512440383327,-0.2405676353689649,-0.6361384072846954
2023-10-28 09:00:00,0.24756904466436094,-0.1315561854388155,-0.4115449105708275
2023-10-28 09:05:00,0.24484392691421278,-0.25005527893832014,-0.38681146613892403
2023-10-28 09:10:00,0.2558540212956904,-0.22772710923562534,-0.6090725143752069
2023-10-28 09:15:00,0.4154534116571112,-0.23241376935215807,-0.7680796224996534
2023-10-28 09:20:00,0.4131858196067977,-0.22785206958445828,-0.6910874980297734
2023-10-28 09:25:00,0.41426162374934605,-0.23435267423241385,-0.7238314490515142
2023-10-28 09:30:00,-0.15084995826903697,-0.3306823637688512,-0.7980555076313061
2023-10-28 09:35:00,-0.1448282132223398,-0.2211260305494901,-0.8013439876233269
2023-10-28 09:40:00,-0.12906209793535478,-0.20662657605254006,-0.8920799513800078
2023-10-28 09:45:00,-0.33147006227987924,-0.2190507119024947,-0.9356376501539361
2023-10-28 09:50:00,-0.3368299699523751,-0.2259289478547692,-0.8786107292363364
2023-10-28 09:55:00,-0.34957668076858606,-0.2298972956574177,-0.8174074279162972
2023-10-28 10:00:00,-0.45004939054854404,-0.6672187434190583,-0.8027073860973544
2023-10-28 10:05:00,-0.4355629702630212,-0.23583083253649684,-0.9004492422646343
2023-10-28 10:10:00,-0.44124742573046255,-0.23486722028650503,-0.9168361755111942
2023-10-28 10:15:00,-0.9302657198311506,-0.2215360887271342,-0.7716857050552304
2023-10-28 10:20:00,-0.9048481361461136,-0.21057134796074434,-0.8272333192400069
2023-10-28 10:25:00,-0.9217939188095606,-0.21018955889000107,-0.8482418618411932
2023-10-28 10:30:00,-0.8200990416267573,-0.8933596255027929,-0.8418743997193563
2023-10-28 10:35:00,-0.8257568026380534,-0.24710480288730938,-0.7103269441176567
2023-10-28 10:40:00,-0.8069846063637178,-0.23724426224027423,-0.7822194941805946
2023-10-28 10:45:00,-0.9713262904055618,-0.23877277707827482,-0.7184259168889994
2023-10-28 10:50:00,-0.9481611655732258,-0.23853087196577,-0.7251715598334235
2023-10-28 10:55:00,-0.9535566953873511,-0.2484101656302973,-0.625359099014784
2023-10-28 11:00:00,-0.9596090875495709,-0.9699279551718942,-0.5004441463831429
2023-10-28 11:05:00,-0.991978510850041,-0.2683294169566764,-0.5632252545955592
2023-10-28 11:10:00,-0.9811706893682466,-0.2516128991874826,-0.7198873798085168
2023-10-28 11:15:00,-0.8785692207199491,-0.2510147388527567,-0.6974957042302375
2023-10-28 11:20:00,-0.8869731886843479,-0.2585899193483801,-0.6315718986235201
2023-10-28 11:25:00,-0.8952027267195309,-0.2726836825374148,-0.4830258453697331
2023-10-28 11:30:00,-0.931906973108087,-0.08278000148236994,-0.34327894117743957
2023-10-28 11:35:00,-0.910114329609469,-0.26716683013801495,-0.36864546190864506
2023-10-28 11:40:00,-0.9275513170785024,-0.2657140335842794,-0.4465482853936914
2023-10-28 11:45:00,-0.39482623578461523,-0.2465856568254593,-0.5284786138582609
2023-10-28 11:50:00,-0.4122672475887262,-0.25079902210824573,-0.47009147332117857
2023-10-28 11:55:00,-0.4036588895572633,-0.2429580027300386,-0.502612972071445
2023-10-28 12:00:00,-0.551990926585718,0.13724909592726003,-0.40909865329060957
2023-10-28 12:05:00,-0.5469273775359926,-0.23077950457247903,-0.4466235052447271
2023-10-28 12:10:00,-0.5515256602927282,-0.22734196122506478,-0.40771047507561686
2023-10-28 12:15:00,-0.4768518785168196,-0.27227757863119284,-0.34693871842755886
2023-10-28 12:20:00,-0.4696899809995596,-0.27291748840577856,-0.4790714823069041
2023-10-28 12:25:00,-0.4646650511294254,-0.2678767875988684,-0.46900765328827515
2023-10-28 12:30:00,-0.7537558481622524,-0.14828262708158055,-0.39618374473941137
2023-10-28 12:35:00,-0.7601386455487245,-0.2473075390103148,-0.46026257930859094
2023-10-28 12:40:00,-0.7740031180529013,-0.24295369811536727,-0.5041261680567426
2023-10-28 12:45:00,-1.0626791210097721,-0.23743602032677383,-0.4097346549428701
2023-10-28 12:50:00,-1.0582623479506679,-0.2353048240806898,-0.48551185133121044
2023-10-28 12:55:00,-1.0606653558545807,-0.22334112534770778,-0.6423552718886584
2023-10-28 13:00:00,-1.7763773972770966,-0.4275241242734867,-0.5180289497378098
2023-10-28 13:05:00,-1.7431052901230977,-0.2233752485641007,-0.6144153584024562
2023-10-28 13:10:00,-1.7654615097034971,-0.23749794430922655,-0.6279904178621787
2023-10-28 13:15:00,-1.9376062875312805,-0.23806898913296706,-0.6777018014684131
2023-10-28 13:20:00,-1.9534092483955483,-0.24311804374893237,-0.6170053862469421
2023-10-28 13:25:00,-1.9593668078139785,-0.23909279734759453,-0.6672226813082461
2023-10-28 13:30:00,-2.0316226668664665,-0.7633198150567277,-0.8411634593973679
2023-10-28 13:35:00,-2.0355167899421835,-0.23263292966999186,-0.6688848863678207
2023-10-28 13:40:00,-2.006619172428103,-0.2486635347038461,-0.46558839643842437
2023-10-28 13:45:00,-2.11615068107163,-0.23258554375704474,-0.7630724075973644
2023-10-28 13:50:00,-2.0983006533718567,-0.23310586787342644,-0.7217836075888389
2023-10-28 13:55:00,-2.116579185552917,-0.22147163514724785,-0.9003648793196265
2023-10-28 14:00:00,-2.125104514360053,-0.21844772094162307,-0.8719854427201829
2023-10-28 14:05:00,-2.085029965934916,-0.23121957935246065,-0.6821668823850336
2023-10-28 14:10:00,-2.0683808809903033,-0.21861434052586498,-0.8061978365792638
2023-10-28 14:15:00,-1.629502398917964,-0.23147040784631515,-0.9068337615596848
2023-10-28 14:20:00,-1.6417481548478579,-0.2301300143746511,-0.9151772582193273
2023-10-28 14:25:00,-1.6502350501465857,-0.22027574490588894,-1.00958984337969
2023-10-28 14:30:00,-1.3575690251490506,-0.7392375285476014,-1.1351054146033748
2023-10-28 14:35:00,-1.3694121304312896,-0.2472271467135179,-0.956704428021356
2023-10-28 14:40:00,-1.38910073777377,-0.25097236919965543,-0.985951649371705
2023-10-28 14:45:00,-1.0647858153921024,-0.2623804636740275,-0.8656208302368804
2023-10-28 14:50:00,-1.040756872883635,-0.25525112550040197,-0.9327030921968016
2023-10-28 14:55:00,-1.0614514445311911,-0.24069736504845513,-1.1739060685814766
2023-10-28 15:00:00,-1.1131688352182891,-1.1856193250354694,-1.0380244276387098
2023-10-28 15:05:00,-1.1106861331325693,-0.24383068206861438,-1.0412929987283277
2023-10-28 15:10:00,-1.0986860053742207,-0.2549346164780971,-0.9187785142200064
2023-10-28 15:15:00,-0.5516999852757272,-0.29282534923228504,-0.7924707548054455
2023-10-28 15:20:00,-0.5557279067769938,-0.2968513962048044,-0.75832523677794
2023-10-28 15:25:00,-0.5511492265244854,-0.30517389016891505,-0.7378668567296446
2023-10-28 15:30:00,-0.2631024150635156,-1.3906036385549483,-0.7545745144991957
2023-10-28 15:35:00,-0.2785909042563543,-0.29901149363776774,-0.7488762032053461
2023-10-28 15:40:00,-0.25881813972118733,-0.29633906431985096,-0.7880216167902196
2023-10-28 15:45:00,0.44945383694839824,-0.3199551028944724,-0.7288482400654188
2023-10-28 15:50:00,0.4543296934842955,-0.3192372905469641,-0.7066423410148501
2023-10-28 15:55:00,0.46283133141998456,-0.3421658640237594,-0.4592099775147962
2023-10-28 16:00:00,0.5479657266053,-0.9846930653494902,-0.4338365071024634
2023-10-28 16:05:00,0.5741000217926931,-0.34252139256237635,-0.4954574319586973
2023-10-28 16:10:00,0.5566463300286888,-0.35901630859643746,-0.3198954180999514
2023-10-28 16:15:00,0.5039755837317271,-0.3348001780087755,-0.28087033657018473
2023-10-28 16:20:00,0.5188377629489443,-0.350270372322468,-0.14004681202037808
2023-10-28 16:25:00,0.5352834108177161,-0.3581703525338049,-0.07066078346030923
2023-10-28 16:30:00,1.4948621997356941,-0.18372165498529527,-0.19601297115804256
2023-10-28 16:35:00,1.5157893913503642,-0.35327836719089933,-0.11519171611162468
2023-10-28 16:40:00,1.518283051147027,-0.3503183064546201,-0.11865399610463581
2023-10-28 16:45:00,1.1668262203047244,-0.35957229543006836,-0.1923833088759344
2023-10-28 16:50:00,1.1772599040142604,-0.3741581276729657,-0.13098772484481816
2023-10-28 16:55:00,1.1551569957731245,-0.3854151211863678,-0.1221505611949216
2023-10-28 17:00:00,1.3115065688997403,-0.6031426212415687,-0.12464789380481595
2023-10-28 17:05:00,1.296278217526446,-0.3544619434560752,-0.4028436979126918
2023-10-28 17:10:00,1.2598684844827144,-0.33817565076566647,-0.5956993268831487
2023-10-28 17:15:00,1.3097454273569071,-0.3203708953238344,-0.7401888246317674
2023-10-28 17:20:00,1.310232459678214,-0.3119889892915534,-0.788793116142963
2023-10-28 17:25:00,1.2960857472595362,-0.3162782709837966,-0.7538703622801786
2023-10-28 17:30:00,1.2893689979372744,-0.6088497941194732,-0.7393442630651956
2023-10-28 17:35:00,1.2712330778355978,-0.32011621141222285,-0.6401270185799003
2023-10-28 17:40:00,1.288911455427998,-0.3244965555875558,-0.6263208428431478
2023-10-28 17:45:00,1.073598024943823,-0.32909434265990206,-0.43587402805620695
2023-10-28 17:50:00,1.0935316044758059,-0.3354388240357006,-0.34241637510921197
2023-10-28 17:55:00,1.0685302634822706,-0.33891318990567015,-0.33054057205265097
2023-10-28 18:00:00,1.2266056104918956,-1.1623423320311896,-0.33623078141412466
2023-10-28 18:05:00,1.2452164047452619,-0.3073741182326009,-0.4662538934475013
2023-10-28 18:10:00,1.2119310529530491,-0.3346881893214357,-0.2960589843357499
2023-10-28 18:15:00,1.3832996087228944,-0.3353109251208538,-0.2565972124604442
2023-10-28 18:20:00,1.3822018917714594,-0.3448069804705444,-0.18977810769327433
2023-10-28 18:25:00,1.4155650985405899,-0.3436487866733043,-0.10878498898672331
2023-10-28 18:30:00,1.6912768122951145,-0.9055077999606646,-0.1040715019385252
2023-10-28 18:35:00,1.665412701528336,-0.3470552964582984,-0.14977055092627053
2023-10-28 18:40:00,1.6362267569923563,-0.33975653182947124,-0.18704286482675886
2023-10-28 18:45:00,1.5534550170058328,-0.31244685192429406,-0.35508417477854237
2023-10-28 18:50:00,1.5482123879933816,-0.29984408689862396,-0.5182163041507192
2023-10-28 18:55:00,1.5273539486841639,-0.2977125159323562,-0.5354627478154567
2023-10-28 19:00:00,1.2315350309150834,-0.44465283095446156,-0.5850057362540249
2023-10-28 19:05:00,1.2541226819516436,-0.2954906918344835,-0.6006217815685252
2023-10-28 19:10:00,1.2661129036400816,-0.2892955819403888,-0.6025927345792541
2023-10-28 19:15:00,1.0453286749095396,-0.2748469188324633,-0.6277320239346904
2023-10-28 19:20:00,1.051719208889328,-0.2794378494596514,-0.5676041471650162
2023-10-28 19:25:00,1.0269240234729813,-0.28889226663153356,-0.5281465879368774
2023-10-28 19:30:00,0.8208879138722498,-0.7484442998289147,-0.48212483058546823
2023-10-28 19:35:00,0.830431659036382,-0.29579880026431676,-0.44664911617043546
2023-10-28 19:40:00,0.8194570724693002,-0.29523730323200725,-0.43947440580170716
2023-10-28 19:45:00,0.160337588784999,-0.2821136507303453,-0.3145414571660959
2023-10-28 19:50:00,0.1307096629880562,-0.280330292014,-0.3437329295601071
2023-10-28 19:55:00,0.12865701084445058,-0.2644238350427913,-0.44249593144405197
2023-10-28 20:00:00,-0.41913657682034783,-0.773859874819572,-0.5349265119896438
2023-10-28 20:05:00,-0.42549577288874935,-0.2644178484422475,-0.5335199816247689
2023-10-28 20:10:00,-0.42192067880949,-0.27080788475147705,-0.5168351161736859
2023-10-28 20:15:00,-1.2279629097924352,-0.26103739053950475,0.06843138411770604
2023-10-28 20:20:00,-1.213718851451822,-0.27828872876347666,-0.383716200788679
2023-10-28 20:25:00,-1.211296274365378,-0.29323219405165935,-0.1750105285650544
2023-10-28 20:30:00,-1.6698329007690058,-0.7784202815275294,0.017797405347103532
2023-10-28 20:35:00,-1.6646872195578295,-0.2780935365486713,-0.15686399167469448
2023-10-28 20:40:00,-1.6852614248416515,-0.26066659526543956,-0.350532765340674
2023-10-28 20:45:00,-1.5978667014302135,-0.2474285686161714,-0.5219262566945394
2023-10-28 20:50:00,-1.617257861800853,-0.2583761808384735,-0.39798074423001
2023-10-28 20:55:00,-1.5962471869248929,-0.2552344284276129,-0.46309572507012897
2023-10-28 21:00:00,-1.360492330067386,-0.8822399207854997,-0.48272301605744045
2023-10-28 21:05:00,-1.3725099649367367,-0.27541364718335093,-0.3862834760943798
2023-10-28 21:10:00,-1.4021060308590543,-0.2798607966755647,-0.3161679967955341
2023-10-28 21:15:00,-1.0050265640624962,-0.2423078123378289,-0.6244490649920018
2023-10-28 21:20:00,-1.041015669617351,-0.24321401528939518,-0.6620405787357008
2023-10-28 21:25:00,-1.0533627338247844,-0.2382884911447944,-0.7471174931948791
2023-10-28 21:30:00,-1.095460269205763,-0.2320488906822426,-0.7466796675038715
2023-10-28 21:35:00,-1.0794975511354292,-0.23596498667847496,-0.7236791152238558
2023-10-28 21:40:00,-1.05752084346478,-0.2504839263104059,-0.5515457005535404
2023-10-28 21:45:00,-0.8081254609061905,-0.26634381112258004,-0.46242286701936763
2023-10-28 21:50:00,-0.8059559079198905,-0.2660437137486686,-0.48137411602748537
2023-10-28 21:55:00,-0.8436997989496267,-0.2540015029454492,-0.5827330690319266
2023-10-28 22:00:00,-0.8112633710813271,-0.8694692052968643,-0.589411938701507
2023-10-28 22:05:00,-0.8034175849463673,-0.2221827804802926,-0.7774326382344474
2023-10-28 22:10:00,-0.8007634540196593,-0.211705011601515,-0.9043018970600881
2023-10-28 22:15:00,-0.8497956384351175,-0.2103193045658316,-0.9117644279650422
2023-10-28 22:20:00,-0.8658126979090419,-0.22007594599022237,-0.8440810388969923
2023-10-28 22:25:00,-0.8720015882581611,-0.2182872060779174,-0.9123643882835191
2023-10-28 22:30:00,-0.8475389346350768,-1.0368363566312395,-0.9860948763236544
2023-10-28 22:35:00,-0.8677703596111868,-0.22172245499287688,-0.9846691810774477
2023-10-28 22:40:00,-0.8483864387843831,-0.21280607341981206,-1.0103694766101199
2023-10-28 22:45:00,-0.9534015346819462,-0.20398346523990013,-1.0201037139466418
2023-10-28 22:50:00,-0.9634116666851141,-0.20215037120033766,-1.0450147340234734
2023-10-28 22:55:00,-0.948631838668957,-0.19020190208870102,-1.0917460862576942
2023-10-28 23:00:00,-0.9228867432898918,-1.1917023047464348,-0.9887793958801496
2023-10-28 23:05:00,-0.9291888408977035,-0.19787246087215377,-0.9722142072679453
2023-10-28 23:10:00,-0.9211173773836355,-0.19949345571671562,-1.0332963151133114
2023-10-28 23:15:00,-0.7967827476251659,-0.21084625310082902,-1.0124082889608574
2023-10-28 23:20:00,-0.8087343208633049,-0.21070826927657846,-1.0034005450047625
2023-10-28 23:25:00,-0.8118966526455392,-0.20591845588582133,-1.0578206228642104
2023-10-28 23:30:00,-1.021667038740801,-1.285506752725279,-1.0165997682866117
2023-10-28 23:35:00,-1.019140594526463,-0.19700105377047303,-1.0538123139073154
2023-10-28 23:40:00,-1.0143511700502186,-0.20282138848622927,-1.0409897152851453
2023-10-28 23:45:00,-0.9535823164168844,-0.20214615216038193,-1.1163122942473584
2023-10-28 23:50:00,-0.9506301456243806,-0.20017414838949324,-1.1119059344287423
2023-10-28 23:55:00,-0.9525661774492574,-0.21151490672697607,-0.8118295309846062
2023-10-29 00:00:00,-0.9316440801712648,-1.259992522977108,-0.5693934977378419
2023-10-29 00:15:00,-1.4425044823970397,-0.24042644546679803,-0.6290844270321377
2023-10-29 00:20:00,-1.4269787746653717,-0.23015575215785053,-0.6812854166588119
2023-10-29 00:25:00,-1.4561572687320556,-0.22974063203470962,-0.7120298769593332
2023-10-29 00:30:00,-1.3630372095138747,-0.9350916629579868,-0.8201603176530355
2023-10-29 00:35:00,-1.3747735155225445,-0.21568537587604897,-0.8379958864499131
2023-10-29 00:40:00,-1.3788444215596896,-0.21658313001144724,-0.8824981588522497
2023-10-29 00:45:00,-1.4273532351684133,-0.2074592367609608,-0.8097002492262695
2023-10-29 00:50:00,-1.4319076397325685,-0.21055297290281474,-0.5835480199853097
2023-10-29 00:55:00,-1.4491997458063715,-0.2138046622611157,-0.6960954390054863
2023-10-29 01:00:00,-1.21824075811798,-1.0346608533027692,-0.9293945360947063
2023-10-29 01:05:00,-1.2293277583027185,-0.22037538782648167,-0.872068810598374
2023-10-29 01:10:00,-1.2354524146757841,-0.22833074637071982,-0.7717921617432545
2023-10-29 01:15:00,-1.0490296583582843,-0.22389779724017786,-0.750143802413803
2023-10-29 01:20:00,-1.056847418160369,-0.2229668995926335,-0.8147871384477414
2023-10-29 01:25:00,-1.0425610585560279,-0.2162498894249731,-0.7491705619575248
2023-10-29 01:30:00,-0.5559942734645626,-1.135809235120959,-0.6908340436161814
2023-10-29 01:35:00,-0.5663696630628707,-0.2462999447895526,-0.4013141676170316
2023-10-29 01:40:00,-0.5468589291980893,-0.24509025600907713,-0.3642719498748152
2023-10-29 01:45:00,-0.751849069556188,-0.2193697488915438,-0.441061704817308
2023-10-29 01:50:00,-0.7583557400785929,-0.22528064159523403,-0.4386635844965235
2023-10-29 01:55:00,-0.7569333360501586,-0.23185034207988275,-0.3885457193086801
2023-10-29 02:00:00,-0.6984937244167974,-1.167575882723352,-0.3710236270625669
2023-10-29 02:05:00,-0.7147685704898895,-0.22631196836095593,-0.48726193471306833
2023-10-29 02:10:00,-0.6918536095583363,-0.22031882606557104,-0.5371997634251374
2023-10-29 02:15:00,-0.6663309261929763,-0.23596186214588272,-0.5009190993867825
2023-10-29 02:20:00,-0.6694866196072564,-0.23100216982536512,-0.6031538479100934
2023-10-29 02:25:00,-0.6625987407346603,-0.21236983295360012,-0.8038628052013652
2023-10-29 02:30:00,-0.4765797386920065,-1.1530088958487048,-0.885349781647252
2023-10-29 02:35:00,-0.4954525130833578,-0.20653156772013875,-1.0963026228785444
2023-10-29 02:40:00,-0.504931317721179,-0.20363057470076465,-1.1480267364613332
2023-10-29 02:45:00,-0.2822545299233774,-0.21555247923524296,-1.1959270136890476
2023-10-29 02:50:00,-0.28518566603256695,-0.21658722123509752,-1.0826500196900155
2023-10-29 02:55:00,-0.2517170175951468,-0.22351168375234917,-0.7810166935551518
2023-10-29 03:00:00,-0.4610115281134769,-1.38891582897417,-0.7440540234518729
2023-10-29 03:05:00,-0.4793684537643343,-0.20282842656912972,-0.7676380814791772
2023-10-29 03:10:00,-0.47905886514410917,-0.20617361175503907,-0.7080545688900006
2023-10-29 03:15:00,-0.5811725138751209,-0.21069580546404584,-0.5505567479481415
2023-10-29 03:20:00,-0.600788679407136,-0.21880699239179977,-0.5930840945369591
2023-10-29 03:25:00,-0.5718231560451046,-0.21218952825199378,-0.5834997773628181
2023-10-29 03:30:00,-1.319465904894029,-1.5009551899356022,-0.656850510703396
2023-10-29 03:35:00,-1.3310605375469982,-0.18768012308442159,-0.9730428371519161
2023-10-29 03:40:00,-1.3710468583763913,-0.1908820926326536,-1.1201950807121683
2023-10-29 03:45:00,-1.351438012971267,-0.19576448594053672,-1.1572371840291698
2023-10-29 03:50:00,-1.3631558282799805,-0.19098399408433084,-1.2941253711725027
2023-10-29 03:55:00,-1.340343351106987,-0.19317442524745387,-1.2797733848626873
2023-10-29 04:00:00,-1.5099433106414453,-1.5436864940589878,-1.0371040796588415
2023-10-29 04:05:00,-1.5558697741085938,-0.20799942926438503,-1.238672135831158
2023-10-29 04:10:00,-1.5585934211872816,-0.1968707888173032,-1.365285653262121
2023-10-29 04:15:00,-1.813292266264236,-0.1948291009877295,-1.3014079110389614
2023-10-29 04:20:00,-1.7784883250255694,-0.19605978843821023,-1.2055644159975751
2023-10-29 04:25:00,-1.8053749833098365,-0.1902168423856596,-1.2693484041361422
2023-10-29 04:30:00,-2.0267372301714244,-1.4723820221068846,-1.3252092734072178
2023-10-29 04:35:00,-2.025911847041081,-0.18468891096811704,-1.318944365465969
2023-10-29 04:40:00,-2.0330510850278927,-0.18691413166312176,-1.3589440913779995
2023-10-29 04:45:00,-1.931204864108297,-0.19569072450279262,-1.3742325451797788
2023-10-29 04:50:00,-1.9293117908134372,-0.1926932638287549,-1.365258840508663
2023-10-29 04:55:00,-1.9333067981349368,-0.1914583351809749,-1.4016513185763948
2023-10-29 05:00:00,-2.0335486818118382,-0.18974345320805308,-1.375980997363213
2023-10-29 05:05:00,-2.0166046011111733,-0.18474858072986602,-1.3900281763985842
2023-10-29 05:10:00,-2.0408106564289743,-0.20392917759214205,-1.2731021554445205
2023-10-29 05:15:00,-1.9968190055710737,-0.19702464320179092,-1.2690540878769583
2023-10-29 05:20:00,-1.9865479150523984,-0.19958079539276663,-1.2530957666368694
2023-10-29 05:25:00,-2.0002837921413485,-0.20985066616786327,-1.165479102179124
2023-10-29 05:30:00,-1.8418933815476781,-1.0491348082546066,-1.1532676649020168
2023-10-29 05:35:00,-1.8396150033096552,-0.21280366111380505,-1.2440368025259594
2023-10-29 05:40:00,-1.8547263272010013,-0.2168121239263813,-1.214654730641862
2023-10-29 05:45:00,-1.680183564709879,-0.22269819135301117,-1.172676249488622
2023-10-29 05:50:00,-1.6554238521085196,-0.2075701946767481,-1.2390372325042813
2023-10-29 05:55:00,-1.6580695766634697,-0.20417746360093325,-1.1824909262609395
2023-10-29 06:00:00,-1.7280942247905557,-1.3575439300289494,-1.1448171096903408
2023-10-29 06:05:00,-1.7418985448326665,-0.1951072538360755,-1.195607196305106
2023-10-29 06:10:00,-1.7490985064661653,-0.20126785160328417,-1.1637974930516783
2023-10-29 06:15:00,-1.6521868832744224,-0.2050703645734837,-1.1582226434774958
2023-10-29 06:20:00,-1.6523744821441346,-0.2064813681364396,-1.1146280404657316
2023-10-29 06:25:00,-1.6278878285647815,-0.2044749206188839,-1.242339100913091
2023-10-29 06:30:00,-1.6971456990742084,-1.3937824903927456,-1.239784684333408
2023-10-29 06:35:00,-1.6989360115958696,-0.2060247412770018,-1.1890130696267518
2023-10-29 06:40:00,-1.7125850570937762,-0.21522086892558998,-1.1202534863213873
2023-10-29 06:45:00,-1.4813193168725014,-0.22381457959301154,-1.1601213888661968
2023-10-29 06:50:00,-1.4562551676785298,-0.2238869316537964,-1.102587908599142
2023-10-29 06:55:00,-1.476002466605456,-0.23830929199075776,-1.021872641823341
2023-10-29 07:00:00,-1.4024252363770109,-1.6619175911564152,-1.1302956515313132
2023-10-29 07:05:00,-1.4248074574015999,-0.2204667239536971,-1.1809560331980546
2023-10-29 07:10:00,-1.42147389787218,-0.21598136961923461,-1.172013726022433
2023-10-29 07:15:00,-1.1621111690265118,-0.23249902996787442,-1.1937602395310707
2023-10-29 07:20:00,-1.160831639274673,-0.23073188430988112,-1.214956048383345
2023-10-29 07:25:00,-1.18673816695252,-0.24340598408883493,-1.1612668129044648
2023-10-29 07:30:00,-1.2180381926533859,-1.1096010014598146,-1.1717874863378768
2023-10-29 07:35:00,-1.2173019540264676,-0.2255117101934154,-1.175515413567384
2023-10-29 07:40:00,-1.1971620940641974,-0.2068687206215774,-1.2313870161486808
2023-10-29 07:45:00,-1.3144512639978716,-0.20943896073823556,-1.1803538837596714
2023-10-29 07:50:00,-1.3206015055487526,-0.22153169928088923,-1.1070394365357856
2023-10-29 07:55:00,-1.3208820632463711,-0.227753357881804,-0.9909878745837041
2023-10-29 08:00:00,-0.8181919027225213,-1.5341485085385613,-1.0494167714630318
2023-10-29 08:05:00,-0.8463631058472864,-0.2612236189147486,-0.8606962825964876
2023-10-29 08:10:00,-0.8503558650086723,-0.26130919260310276,-0.7856398515473545
2023-10-29 08:15:00,-1.0163215698571186,-0.23302668063163506,-0.8752612248686045
2023-10-29 08:20:00,-1.0228645016787787,-0.2305362851446899,-0.9093301156983102
2023-10-29 08:25:00,-1.0158799526059654,-0.22904884468850198,-0.8496623031298552
2023-10-29 08:30:00,-0.777371603353628,-1.2148697019861514,-0.726566442566831
2023-10-29 08:35:00,-0.7884734785117276,-0.23839989977662565,-0.70572998357625
2023-10-29 08:40:00,-0.8046890357474057,-0.22586341026417217,-0.7909790591675654
2023-10-29 08:45:00,-0.6980011266509667,-0.2295488011375498,-0.767612606533948
2023-10-29 08:50:00,-0.7076995762278779,-0.23099302131531194,-0.7240826064550463
2023-10-29 08:55:00,-0.6981677642686315,-0.21944621772506362,-0.9560686744605742
2023-10-29 09:00:00,-0.8058683208186546,-1.5879999316255964,-1.0436329846598287
2023-10-29 09:05:00,-0.8250096349682967,-0.23601563003193415,-0.9917800590257408
2023-10-29 09:10:00,-0.842972146557481,-0.2458580720627849,-0.9561691447704384
2023-10-29 09:15:00,-1.3315821193581403,-0.22074855367896765,-0.9911775823408854
2023-10-29 09:20:00,-1.3607110047966544,-0.22233401151499654,-1.040816149456756
2023-10-29 09:25:00,-1.364091702866529,-0.22225395342385273,-1.0882491309685536
2023-10-29 09:30:00,-1.396616278918239,-1.534239827654149,-1.1340628217862652
2023-10-29 09:35:00,-1.426361144521592,-0.2246857150148773,-0.9545882912914991
2023-10-29 09:40:00,-1.4063163678694182,-0.22590149300713194,-0.8957482902673892
2023-10-29 09:45:00,-1.1249308501207969,-0.25930167877973614,-0.837091672752008
2023-10-29 09:50:00,-1.1420586155059553,-0.2624287548616308,-0.8685756334478284
2023-10-29 09:55:00,-1.1414053217662272,-0.2553772218576314,-0.8890878703384287
2023-10-29 10:00:00,-1.514680405443047,-1.5950240647188958,-0.8746397762385688
2023-10-29 10:05:00,-1.5140910943624013,-0.24650976280244052,-0.8191068412042364
2023-10-29 10:10:00,-1.508617359270693,-0.24487330310412453,-0.8590125609677078
2023-10-29 10:15:00,-1.4917287658824563,-0.23357628221067078,-0.8530374027580055
2023-10-29 10:20:00,-1.4903586870938412,-0.2301707298245155,-0.8431171937459946
2023-10-29 10:25:00,-1.4837399990658562,-0.2348644761293293,-0.7799644520797988
2023-10-29 10:30:00,-1.0737055717286939,-1.1522623128979919,-0.7044466475754625
2023-10-29 10:35:00,-1.08836596085639,-0.2666404258934618,-0.6785656970334222
2023-10-29 10:40:00,-1.0860157540675224,-0.2537287961302816,-0.843671274618316
2023-10-29 10:45:00,-1.4833630405716938,-0.23669793611522147,-0.7741310861915524
2023-10-29 10:50:00,-1.4761955585692856,-0.24271935414650378,-0.6699273240104584
2023-10-29 10:55:00,-1.4856085657036346,-0.23820241491147864,-0.7373770452713041
2023-10-29 11:00:00,-1.340377282658425,-1.1320614969555356,-0.7727962383005343
2023-10-29 11:05:00,-1.358315125846519,-0.2358573747235242,-0.8955214370864203
2023-10-29 11:10:00,-1.3772874906830908,-0.2310999446336514,-1.094020588550509
2023-10-29 11:15:00,-1.7330578097735159,-0.22856427519644276,-1.0598276856292623
2023-10-29 11:20:00,-1.7107049051544527,-0.2431928437935992,-0.855227479354553
2023-10-29 11:25:00,-1.7157301797843423,-0.24013682003348022,-0.8625272962979504
2023-10-29 11:30:00,-1.3513633838351036,-1.4301500179974127,-0.9014382158908778
2023-10-29 11:35:00,-1.3779546489584116,-0.25370612728320696,-0.8952915500112971
2023-10-29 11:40:00,-1.3687480012927313,-0.24580230917583615,-0.8917150524265853
2023-10-29 11:45:00,-1.0281775339265866,-0.2700957177873172,-0.8459724293688056
2023-10-29 11:50:00,-1.033574702402609,-0.2710807390996761,-0.9317682572312277
2023-10-29 11:55:00,-1.039525368522726,-0.2634182142401633,-0.9731656048109212
2023-10-29 12:00:00,-0.7835485305933748,-1.4299823967083745,-0.9835891740931434
2023-10-29 12:05:00,-0.7880768825188458,-0.278955552959389,-1.0004219653159556
2023-10-29 12:10:00,-0.7727958466685336,-0.2892576925723296,-0.8264994370242303
2023-10-29 12:15:00,-0.9571215746613242,-0.28536488264506726,-0.5646691996423561
2023-10-29 12:20:00,-0.9849428086552542,-0.28771900533187333,-0.6403544110044883
2023-10-29 12:25:00,-0.9777725899721336,-0.3078476937451754,-0.4101742341986534
2023-10-29 12:30:00,-1.1477961079696353,-0.27223120029340603,-0.6916675863886119
2023-10-29 12:35:00,-1.163042819698784,-0.2652511760666147,-0.8308426140222405
2023-10-29 12:40:00,-1.1780594555387136,-0.26362489367869396,-0.9380459858106764
2023-10-29 12:45:00,-0.9677653488191871,-0.26560832681161434,-0.8437583614841677
2023-10-29 12:50:00,-0.9401425916369638,-0.2753160219425233,-0.7727340391519644
2023-10-29 12:55:00,-0.9444334875840796,-0.27932903822905275,-0.74281899680115
2023-10-29 13:00:00,-0.3998236629502849,-0.9121082387245466,-0.947499419137418
2023-10-29 13:05:00,-0.4235301345465578,-0.30655486204877935,-0.7366500999092422
2023-10-29 13:10:00,-0.383093738564787,-0.30101382597800036,-0.7362839724549292
2023-10-29 13:15:00,-0.6218043461578693,-0.2507599466217483,-1.1088411734224597
2023-10-29 13:20:00,-0.6278858056773458,-0.24513917692734857,-1.233792091127401
2023-10-29 13:25:00,-0.6218699344178145,-0.2515887865680477,-1.1155585034302524
2023-10-29 13:30:00,-0.8625946961841714,-1.2355840483642002,-1.3272690398388165
2023-10-29 13:35:00,-0.9035776710619906,-0.23379135810939655,-1.1752818840606307
2023-10-29 13:40:00,-0.8638233694934405,-0.2230618978957774,-1.2515780819029787
2023-10-29 13:45:00,-0.6829010592522734,-0.25829244603550394,-1.016000743821086
2023-10-29 13:50:00,-0.6330997328038384,-0.25695791722576256,-0.9898575228870636
2023-10-29 13:55:00,-0.6566968709985241,-0.23515191030484575,-1.2313032927408514
2023-10-29 14:00:00,-0.5408603422327807,-1.4151535309463625,-1.1865471876106113
2023-10-29 14:05:00,-0.5309050395174075,-0.2382387594310818,-1.1838492055035847
2023-10-29 14:10:00,-0.5610410233271991,-0.2784915968931797,-0.8589455213597121
2023-10-29 14:15:00,-0.6533549301761826,-0.288491785968984,-0.8257556682300579
2023-10-29 14:20:00,-0.6658841650379558,-0.2803475100230041,-0.9761329529378686
2023-10-29 14:25:00,-0.6459851646820364,-0.29849390478282734,-0.77115021791772
2023-10-29 14:30:00,-0.600232223411519,-1.4012817410113114,-1.0400567449867293
2023-10-29 14:35:00,-0.6146230154491246,-0.27635070187781974,-0.8387148693096497
2023-10-29 14:40:00,-0.613114711277384,-0.2774151285342771,-0.7723008811560861
2023-10-29 14:45:00,-0.44377792665791316,-0.3019837037842781,-0.7116260711590903
2023-10-29 14:50:00,-0.438007625296945,-0.2986201712870629,-0.7070199456015485
2023-10-29 14:55:00,-0.3833952936396315,-0.29184425833839006,-0.7907449593826635
2023-10-29 15:00:00,-0.5487091369259672,-1.5559972680864145,-0.7771009895482313
2023-10-29 15:05:00,-0.5708877614480877,-0.27746644203085585,-0.9390971456029923
2023-10-29 15:10:00,-0.5632053179901134,-0.2855826299746316,-0.8671814953479852
2023-10-29 15:15:00,-0.0867871626475606,-0.3265284914619448,-0.7843926058343071
2023-10-29 15:20:00,-0.0882248623704323,-0.3222778402754554,-0.8362730282289402
2023-10-29 15:25:00,-0.08928990916171596,-0.33223645541241387,-0.7868509661216401
2023-10-29 15:30:00,-0.3251643517577961,-1.5247558392836653,-0.5728008989820406
2023-10-29 15:35:00,-0.3210978406357012,-0.32979616902628406,-0.44918387670563276
2023-10-29 15:40:00,-0.3182971471879673,-0.3234401092458811,-0.4870007922766922
2023-10-29 15:45:00,-0.2065002392957368,-0.3315036505312443,-0.4937055161107683
2023-10-29 15:50:00,-0.18611605992743085,-0.34156510251665795,-0.4167430659616015
2023-10-29 15:55:00,-0.17048268260589078,-0.34172338086529763,-0.3024108454586492
2023-10-29 16:00:00,-0.14926126076114796,-1.309565051148098,-0.39319835806748155
2023-10-29 16:05:00,-0.15636268302176212,-0.3041409256750361,-0.6433445969475888
2023-10-29 16:10:00,-0.16622859523481096,-0.28283766977761493,-0.8132944342912122
2023-10-29 16:15:00,0.5720357864496313,-0.3225222843049841,-0.8744029240084611
2023-10-29 16:20:00,0.5640850550179995,-0.3359363132065119,-0.7829186550444888
2023-10-29 16:25:00,0.57852275815706,-0.34334407440038744,-0.7291772588540373
2023-10-29 16:30:00,0.1269756138934925,-1.1671492226072964,-0.5503581967588704
2023-10-29 16:35:00,0.11728769570930761,-0.31481042674800386,-0.6141624950808788
2023-10-29 16:40:00,0.10735813163153504,-0.30465740368401173,-0.7435322579061696
2023-10-29 16:45:00,-0.22500185165369382,-0.27379554910271103,-0.7458831666746898
2023-10-29 16:50:00,-0.23988211137231735,-0.29350053198034787,-0.5782929012016768
2023-10-29 16:55:00,-0.22214262057598877,-0.29857059687140153,-0.49015040817340394
2023-10-29 17:00:00,-0.02157530887720638,-1.1327433643232212,-0.542954593679534
2023-10-29 17:05:00,-0.02333774292385559,-0.3064354125508943,-0.5424728545530852
2023-10-29 17:10:00,-0.03957007752143108,-0.3203411895331858,-0.3934805436415871
2023-10-29 17:15:00,-0.1680450869496542,-0.32827813657513377,-0.1731629861748916
2023-10-29 17:20:00,-0.15188329199543765,-0.3294835974247562,-0.15507487052929833
2023-10-29 17:25:00,-0.12021236274411345,-0.3376421535138283,0.07425503914681583
2023-10-29 17:30:00,-0.44650505757140097,-1.2356642903511141,0.1865978287527789
2023-10-29 17:35:00,-0.42129453780304355,-0.3459353342148373,0.06117580839998441
2023-10-29 17:40:00,-0.41664294829265736,-0.3488706057622475,0.11738685238092016
2023-10-29 17:45:00,-0.20357779297094736,-0.36362490795956787,0.08133820793931573
2023-10-29 17:50:00,-0.20371080175565034,-0.3721588693490385,0.14949082654907114
2023-10-29 17:55:00,-0.2034341309559677,-0.36281687825431996,0.026047043997610226
2023-10-29 18:00:00,-0.659378355813172,-1.0895945594726473,0.032522877259642896
2023-10-29 18:05:00,-0.7168512623297586,-0.31456849185618135,-0.36848838509599746
2023-10-29 18:10:00,-0.7235129857693324,-0.2996580707653264,-0.3467656405449255
2023-10-29 18:15:00,-0.6716908130795505,-0.30414540549441277,-0.3894095715309402
2023-10-29 18:20:00,-0.6607932187559912,-0.3078865290541399,-0.4183383309390201
2023-10-29 18:25:00,-0.6389249500137392,-0.32793426631689465,-0.22080186640148597
2023-10-29 18:30:00,-0.5570559434354022,-1.157693689698102,-0.013766294510531433
2023-10-29 18:35:00,-0.5540374282882315,-0.36264534608222093,0.03724619367752215
2023-10-29 18:40:00,-0.5328838554348843,-0.3423650388656994,-0.11672908296786497
2023-10-29 18:45:00,-0.5800736222185435,-0.29828065925229186,-0.3863341466497079
2023-10-29 18:50:00,-0.5987080771620235,-0.27912799153027756,-0.5428839683518879
2023-10-29 18:55:00,-0.5986660122176872,-0.27807226162114745,-0.5574139215430227
2023-10-29 19:00:00,0.21038244872748732,-0.4186998063150634,-0.44918672562243617
2023-10-29 19:05:00,0.23427038806656036,-0.32116423212978407,-0.4095387692539679
2023-10-29 19:10:00,0.24101441598141968,-0.32374206802292516,-0.41369946219320747
2023-10-29 19:15:00,-0.16448922013313522,-0.3152550655096986,-0.318316167556918
2023-10-29 19:20:00,-0.14143663904379453,-0.31153427554998686,-0.3110802576085161
2023-10-29 19:25:00,-0.15238422873657745,-0.313193492712602,-0.28389237530230854
2023-10-29 19:30:00,0.23008098050951536,-0.651225734771794,-0.1876865726130332
2023-10-29 19:35:00,0.2394868031123869,-0.29780981133422724,-0.3931629168262667
2023-10-29 19:40:00,0.2288110527401351,-0.30274567323341756,-0.389364564183674
2023-10-29 19:45:00,0.5885782884998513,-0.3013816404625507,-0.496620543146138
2023-10-29 19:50:00,0.5694641827787359,-0.2880197198610253,-0.6151290921753112
2023-10-29 19:55:00,0.578322125652297,-0.28116670949227035,-0.6648798156750912
2023-10-29 20:00:00,0.3548336877144192,-0.2739152603748928,-0.6606441826222389
2023-10-29 20:05:00,0.33951274181682,-0.2815990461461596,-0.63117653176896
2023-10-29 20:10:00,0.3739507430087551,-0.27813036027182336,-0.5802983869351893
2023-10-29 20:15:00,0.5851579408442894,-0.30859847906901433,-0.41181139995311317
2023-10-29 20:20:00,0.5849813720192915,-0.31138921298722294,-0.37840465766819686
2023-10-29 20:25:00,0.5939919012010519,-0.31992347542173777,-0.35698924572648255
2023-10-29 20:30:00,0.979053894810572,-1.0516643798244558,-0.28695325188922083
2023-10-29 20:35:00,0.9891474683281725,-0.36937552082717506,-0.13833650046072796
2023-10-29 20:40:00,0.9861530323362949,-0.3905383742600129,0.11540033559855933
2023-10-29 20:45:00,0.4471319438731746,-0.3544328246125226,0.016438759971145286
2023-10-29 20:50:00,0.4011297496176105,-0.3421108743478541,-0.17606998114146752
2023-10-29 20:55:00,0.39939104571503126,-0.3193867346689216,-0.4203833499946053
2023-10-29 21:00:00,0.7831445824130049,-0.9324395398938734,-0.6092711906315318
2023-10-29 21:05:00,0.7765729427443623,-0.3194735483708892,-0.6305456978991951
2023-10-29 21:10:00,0.7569012017657515,-0.3237884778702384,-0.6007979891499242
2023-10-29 21:15:00,0.7983551656429942,-0.3072298497089711,-0.5560392415493355
2023-10-29 21:20:00,0.8273115948186902,-0.2997988399110298,-0.6105017833326603
2023-10-29 21:25:00,0.8259939161077461,-0.29975017289711897,-0.6315933626753921
2023-10-29 21:30:00,1.0247755641763494,-0.8139477304224416,-0.6124371191322671
2023-10-29 21:35:00,1.0220259792961135,-0.3285294260176433,-0.671215907578179
2023-10-29 21:40:00,0.9923772866276279,-0.3316853791759394,-0.7313476580899199
2023-10-29 21:45:00,1.2664773392585296,-0.3335411093698113,-0.6993140704866326
2023-10-29 21:50:00,1.2818122099012694,-0.32204936312125926,-0.7601470133843108
2023-10-29 21:55:00,1.2710331558518506,-0.3237188878437231,-0.6662691763206289
2023-10-29 22:00:00,0.8726228723039459,-0.7081679332472335,-0.5976446780340602
2023-10-29 22:05:00,0.8712991441049107,-0.29206849713811495,-0.5606864551777514
2023-10-29 22:10:00,0.8773591490966591,-0.28552148640314085,-0.6086005054190919
2023-10-29 22:15:00,2.0253962749076617,-0.3230377582871468,-0.6328627582059735
2023-10-29 22:20:00,2.044901208699417,-0.3244468294368089,-0.6396649215582791
2023-10-29 22:25:00,2.0439135869276326,-0.34104050052434115,-0.5186668344564777
2023-10-29 22:30:00,1.583819122954893,-0.5449778992465247,-0.5469211566863096
2023-10-29 22:35:00,1.5835854095577706,-0.3069226539093692,-0.512728498708446
2023-10-29 22:40:00,1.593235141225862,-0.30446963634610236,-0.4459964562063819
2023-10-29 22:45:00,1.3343705048056687,-0.2947771951452907,-0.6293350507929399
2023-10-29 22:50:00,1.3269285347075155,-0.3034558733907715,-0.5483176371440767
2023-10-29 22:55:00,1.3051403574497387,-0.3134057498533977,-0.554965068580332
2023-10-29 23:00:00,0.9992593952316491,-0.4206827884714304,-0.6490796880808795
2023-10-29 23:05:00,1.0124877323367032,-0.2779513497144687,-0.525763936904728
2023-10-29 23:10:00,1.1132918327952204,-0.2786487254744189,1.567372035122972
2023-10-29 23:15:00,1.0676859238038618,-0.32224824354174864,-0.021280231290900894
2023-10-29 23:20:00,1.0691036444046154,-0.2995367679621903,-0.2922727785662308
2023-10-29 23:25:00,1.0485214427044443,-0.27805293295357564,-0.7238065586734586
2023-10-29 23:30:00,0.8194677153373007,0.4241524959324718,-0.73983923639748
2023-10-29 23:35:00,0.8186365153790328,-0.27389862067862647,-0.787578724618045
2023-10-29 23:40:00,0.8324245224068562,-0.264056364113268,-0.8990234912064308
2023-10-29 23:45:00,1.1242147249733618,-0.26954420635610105,-0.8136917282091346
2023-10-29 23:50:00,1.1164622086126723,-0.2655540004065282,-0.8577126928766937
2023-10-29 23:55:00,1.1107381330294048,-0.263504325961874,-0.8678352149327597
2023-10-30 00:00:00,1.1049816169427,-0.4720868073613615,-0.5946891080561264
