datetime,CH4,NOX,NO,NO2,SO2,H2S,Benzene,Toluene,Ethylbenzene,PM1 FIDAS,PM2.5 FIDAS,PM4 FIDAS,PM10 FIDAS,TSP FIDAS
2024-01-01 00:00:00,1655.6842350000002,16.04829177,1.75722768,12.88524125099182,1.107646876,1.06353915,0.22,1.17,0.12,1.12,1.72,2.18,2.39,2.54
2024-01-01 00:15:00,3114.4802600000003,9.64107071,2.341394016,6.0576869797706605,2.645613124,5.0542245,0.26,1.12,0.16,1.02,1.58,2.0,2.38,2.97
2024-01-01 00:20:00,3195.52614,7.350268279999999,1.580787936,4.930953812599182,2.593277624,5.572908,0.26,1.12,0.16,1.02,1.58,2.0,2.38,2.97
2024-01-01 00:25:00,3141.496,8.49522924,1.808866176,5.7268524169921875,2.82841258,5.7106604999999995,0.26,1.12,0.16,1.02,1.58,2.0,2.38,2.97
2024-01-01 00:30:00,2945.6362400000003,15.405328469999999,3.36787776,10.250963821411132,3.4032864600000003,5.070996,0.22,1.13,0.14,1.15,1.78,2.2,2.39,2.55
2024-01-01 00:35:00,2979.4055800000006,21.655465399999997,5.294495232,13.552512454986571,4.91896776,4.568388000000001,0.26,1.12,0.16,1.15,1.78,2.2,2.39,2.55
2024-01-01 00:40:00,3053.69853,10.940174399999998,3.5705404799999996,5.475645055770874,3.6122161600000005,4.767060000000001,0.26,1.12,0.16,1.15,1.78,2.2,2.39,2.55
2024-01-01 00:45:00,3344.11204,5.174715249999999,1.707137952,2.562028286457062,2.7497430800000005,6.7804935,0.26,1.12,0.16,1.5,2.41,3.13,3.16,3.29
2024-01-01 00:50:00,3242.8046900000004,4.35913379,0.89580816,2.988145314455032,2.436075348,6.3999255,0.26,1.12,0.16,1.5,2.41,3.13,3.16,3.29
2024-01-01 00:55:00,3263.0668300000007,4.33941877,0.654883632,3.3371529340744015,2.253075062,6.751426499999999,0.26,1.12,0.16,1.5,2.41,3.13,3.16,3.29
2024-01-01 01:00:00,3263.0675000000006,4.51382087,0.5280397824,3.7056828999519347,2.174609052,5.897845500000001,0.22,1.15,0.14,1.58,2.78,3.82,4.51,4.98
2024-01-01 01:05:00,3269.8211,4.31940197,0.25,3.7053937339782714,2.226809158,6.3561735,0.26,1.12,0.16,1.58,2.78,3.82,4.51,4.98
2024-01-01 01:10:00,3175.2680200000004,3.89204329,0.5278681824,3.0841682267189023,2.1483439460000002,4.8919785,0.26,1.12,0.16,1.58,2.78,3.82,4.51,4.98
2024-01-01 01:15:00,3107.7300100000007,5.87172582,1.1742591744,4.074582633972168,2.200544052,3.3816435,0.26,1.12,0.16,1.68,2.96,4.01,4.5,4.92
2024-01-01 01:20:00,2945.63892,4.95907625,1.1995279296,3.1232602787017822,1.965280618,3.824568,0.26,1.12,0.16,1.68,2.96,4.01,4.5,4.92
2024-01-01 01:25:00,2992.91613,5.71583162,2.099449248,2.502732412815094,1.9913480860000001,2.1916185,0.26,1.12,0.16,1.68,2.96,4.01,4.5,4.92
2024-01-01 01:30:00,2911.8702500000004,5.03611992,2.11204656,1.803741067647934,1.9390168420000002,3.8863529999999997,0.26,1.12,0.16,1.7,3.13,4.42,5.13,5.67
2024-01-01 01:35:00,3296.8381799999997,4.2399326,1.402099296,2.0940917110443116,1.9389516720000002,5.2150605,0.26,1.12,0.16,1.7,3.13,4.42,5.13,5.67
2024-01-01 01:40:00,3040.1933400000003,4.4919838400000005,1.338634752,2.4432721471786496,2.095682596,6.101259,0.26,1.12,0.16,1.7,3.13,4.42,5.13,5.67
2024-01-01 01:45:00,3134.7470900000003,4.49168015,0.8061467232,3.257913943529129,1.729758632,4.589967,0.26,1.12,0.16,1.65,3.02,4.15,5.04,5.75
2024-01-01 01:50:00,3100.9784200000004,4.122549729999999,0.5398580928,3.296324520111084,1.8080919080000002,5.2471950000000005,0.26,1.12,0.16,1.65,3.02,4.15,5.04,5.75
2024-01-01 01:55:00,3006.42467,3.9669477599999996,0.5524487904,3.121453332901001,1.808026738,3.6285015000000005,0.26,1.12,0.16,1.65,3.02,4.15,5.04,5.75
2024-01-01 02:00:00,3073.96402,3.65605133,0.6791277792,2.616681110858917,1.6772989100000002,5.1718755,0.23,1.01,0.11,1.72,3.21,4.53,5.26,5.89
2024-01-01 02:05:00,3134.7477600000007,3.59750983,0.6917192256000001,2.5388690519332884,1.651101634,5.065443,0.26,1.12,0.16,1.72,3.21,4.53,5.26,5.89
2024-01-01 02:10:00,3019.93321,3.53896833,0.7296636672000001,2.422255473136902,1.52037487,4.3171695,0.26,1.12,0.16,1.72,3.21,4.53,5.26,5.89
2024-01-01 02:15:00,2959.1494700000003,3.5968986299999997,0.8816983968,2.2475045061111447,1.415781276,3.660411,0.26,1.12,0.16,1.52,2.54,3.33,3.46,3.63
2024-01-01 02:20:00,2925.3808000000004,4.48955623,1.5027717120000001,2.1896412563323975,1.624775348,3.9205995,0.26,1.12,0.16,1.52,2.54,3.33,3.46,3.63
2024-01-01 02:25:00,3040.1960200000003,6.19753935,2.149203264,2.9082940661907193,1.703107028,4.3031429999999995,0.26,1.12,0.16,1.52,2.54,3.33,3.46,3.63
2024-01-01 02:30:00,3026.68882,8.42966276,2.542103616,4.539103407859802,2.0166276620000003,4.6552035,0.21,1.05,0.11,1.37,2.43,3.25,3.85,4.56
2024-01-01 02:35:00,3060.4574900000007,3.7121518499999997,1.0208060928,2.1498604428768155,1.7552414320000003,4.7015385,0.26,1.12,0.16,1.37,2.43,3.25,3.85,4.56
2024-01-01 02:40:00,2932.1350700000003,3.8865596800000004,0.9446608704,2.4408044457435607,1.572252318,4.48791,0.26,1.12,0.16,1.37,2.43,3.25,3.85,4.56
2024-01-01 02:45:00,3033.4424200000003,4.09979208,0.9699307488000001,2.615362787246704,1.519924,3.6471599999999995,0.26,1.12,0.16,1.35,2.38,3.2,3.48,3.86
2024-01-01 02:50:00,3080.7203000000004,4.83716477,1.2233864448,2.9648346662521363,1.6766509340000002,5.5442355,0.26,1.12,0.16,1.35,2.38,3.2,3.48,3.86
2024-01-01 02:55:00,3107.73604,5.98220786,1.590936672,3.547360886335373,1.96403627,6.233219999999999,0.26,1.12,0.16,1.35,2.38,3.2,3.48,3.86
2024-01-01 03:00:00,3087.47457,5.24422779,1.1091268032000001,3.546765933036804,1.990102142,5.1934755,0.21,1.0,0.11,1.35,2.42,3.27,3.84,4.43
2024-01-01 03:05:00,3026.6894899999998,3.53560864,0.8428233216000001,2.2457107663154603,1.7287199020000001,5.270511,0.26,1.12,0.16,1.35,2.42,3.27,3.84,4.43
2024-01-01 03:10:00,2918.6292099999996,3.5353030399999996,0.7793527872,2.3425435709953306,1.624128436,3.6641580000000005,0.26,1.12,0.16,1.35,2.42,3.27,3.84,4.43
2024-01-01 03:15:00,2763.2910500000003,3.74853735,0.6271408416,2.7887303113937376,1.5979319580000002,2.4553575,0.26,1.12,0.16,1.28,2.3,3.26,3.39,3.6
2024-01-01 03:20:00,2824.07546,4.00060005,0.7918606176,2.7886977517604827,1.676261776,2.7923145,0.26,1.12,0.16,1.28,2.3,3.26,3.39,3.6
2024-01-01 03:25:00,2668.7373000000002,3.55379757,0.8424849887999999,2.26441775560379,1.5194084920000002,3.098736,0.26,1.12,0.16,1.28,2.3,3.26,3.39,3.6
2024-01-01 03:30:00,2621.4607600000004,3.9999907599999998,0.918464976,2.59432698726654,1.5193438540000002,2.440626,0.21,1.1,0.12,1.18,2.28,3.31,3.86,4.37
2024-01-01 03:35:00,2547.16848,5.572140409999999,1.653673632,3.041277626752853,1.3624919,1.7823555,0.26,1.12,0.16,1.18,2.28,3.31,3.86,4.37
2024-01-01 03:40:00,2614.7078300000003,4.64001266,1.3493313599999999,2.574930325746536,1.5192153760000002,2.5788434999999996,0.26,1.12,0.16,1.18,2.28,3.31,3.86,4.37
2024-01-01 03:45:00,2689.0001100000004,9.59004697,3.897437856,3.625218255519867,1.5191507380000002,4.080102,0.26,1.12,0.16,1.15,2.25,3.15,3.92,4.53
2024-01-01 03:50:00,2344.55378,83.4761489,24.62524896,45.788465614318845,5.04678608,3.743481,0.26,1.12,0.16,1.15,2.25,3.15,3.92,4.53
2024-01-01 03:55:00,2452.6147300000002,49.0758838,13.240730880000001,28.811623287200927,8.7050628,3.0544065000000002,0.26,1.12,0.16,1.15,2.25,3.15,3.92,4.53
2024-01-01 04:00:00,2675.49291,30.8854831,8.904918048,17.256962642669677,6.03962044,3.682893,0.2,0.99,0.09,1.2,2.44,3.49,4.32,4.93
2024-01-01 04:05:00,2756.5387900000005,18.63547272,4.64513712,11.526328754425048,4.62847448,5.169696,0.26,1.12,0.16,1.2,2.44,3.49,4.32,4.93
2024-01-01 04:10:00,2716.01652,23.4885306,5.938206144,14.400409932136535,4.4716169400000005,5.3541360000000005,0.26,1.12,0.16,1.2,2.44,3.49,4.32,4.93
2024-01-01 04:15:00,2763.29306,19.9162194,4.315374336,13.311758785247802,3.8705367400000004,4.4349989999999995,0.26,1.12,0.16,1.31,2.43,3.37,3.79,4.16
2024-01-01 04:20:00,3040.20205,9.62684121,1.7543647679999999,6.941876380443572,3.1388053200000003,7.2408165,0.26,1.12,0.16,1.31,2.43,3.37,3.79,4.16
2024-01-01 04:25:00,3100.9864600000005,6.57863592,1.310556,4.572897119522095,3.0864778000000004,7.824204,0.26,1.12,0.16,1.31,2.43,3.37,3.79,4.16
2024-01-01 04:30:00,3195.5415500000004,6.81129875,1.614744768,4.340014228820801,2.5376644720000003,6.69036,0.2,1.03,0.1,1.29,2.37,3.32,3.62,3.89
2024-01-01 04:35:00,3323.8646400000002,5.78208379,1.1582534495999999,4.009436044692993,2.32855336,7.3505025,0.26,1.12,0.16,1.29,2.37,3.32,3.62,3.89
2024-01-01 04:40:00,3269.8345,4.01514279,0.7397920607999999,2.8829292011260983,1.884268988,7.612032,0.26,1.12,0.16,1.29,2.37,3.32,3.62,3.89
2024-01-01 04:45:00,3215.80369,12.168577529999999,3.059812704,7.485691473484039,2.7726377,6.3703710000000004,0.26,1.12,0.16,1.34,2.72,4.04,5.67,7.05
2024-01-01 04:50:00,3317.11238,13.876700079999999,3.41472768,8.650634622573852,2.511266898,6.0642225,0.26,1.12,0.16,1.34,2.72,4.04,5.67,7.05
2024-01-01 04:55:00,3371.1438600000006,15.604243509999998,4.517663904,8.69018979549408,3.2428485600000005,7.369018499999999,0.26,1.12,0.16,1.34,2.72,4.04,5.67,7.05
2024-01-01 05:00:00,3404.9132,12.05124432,3.059585568,7.3687058496475215,2.74630636,8.1217185,0.22,1.05,0.13,1.39,2.72,3.88,4.59,5.29
2024-01-01 05:05:00,3452.1904100000006,8.55646575,1.9564920959999998,5.562154862880707,2.9030202600000004,7.6161585,0.26,1.12,0.16,1.39,2.72,3.88,4.59,5.29
2024-01-01 05:10:00,3364.3902600000006,5.95470959,1.0816000416,4.299376163482666,2.432609368,6.4197869999999995,0.26,1.12,0.16,1.39,2.72,3.88,4.59,5.29
2024-01-01 05:15:00,3242.82144,6.692139579999999,1.347763872,4.629456162452698,2.589322736,5.391975,0.26,1.12,0.16,1.39,2.7,3.94,4.52,5.05
2024-01-01 05:20:00,3438.68388,11.52592747,2.7803568000000003,7.270733685493469,3.1902444000000005,6.666786,0.26,1.12,0.16,1.39,2.7,3.94,4.52,5.05
2024-01-01 05:25:00,3209.05277,10.84614892,2.488671744,7.037364904880524,2.92887812,5.6848155,0.26,1.12,0.16,1.39,2.7,3.94,4.52,5.05
2024-01-01 05:30:00,3087.4826100000005,9.68101645,2.0955567360000003,6.473874230384826,2.641380266,4.6718925,0.22,1.18,0.14,1.31,2.42,3.33,4.14,4.81
2024-01-01 05:35:00,3364.39294,14.51485018,3.09709296,9.774908285140992,3.9739336,4.7798655000000005,0.26,1.12,0.16,1.31,2.42,3.33,4.14,4.81
2024-01-01 05:40:00,3242.8227800000004,16.04829177,3.4647013440000003,10.745744562149047,3.55578692,7.314747,0.26,1.12,0.16,1.31,2.42,3.33,4.14,4.81
2024-01-01 05:45:00,3229.3155800000004,8.47646349,1.905136896,5.560749561786651,3.5818496,5.610366,0.26,1.12,0.16,1.23,2.37,3.36,3.67,3.95
2024-01-01 05:50:00,3391.40935,12.65024324,2.868647808,8.2599253988266,4.57470524,6.5788665,0.26,1.12,0.16,1.23,2.37,3.36,3.67,3.95
2024-01-01 05:55:00,3256.3313200000002,9.83488032,2.2219479360000003,6.4343026638031,3.4249308800000002,5.6729895,0.26,1.12,0.16,1.23,2.37,3.36,3.67,3.95
2024-01-01 06:00:00,3215.80771,6.9224321,1.410417216,4.7638609623909,3.18969644,5.258655,0.22,1.13,0.14,1.12,2.07,2.81,3.11,3.36
2024-01-01 06:05:00,3209.054780000001,6.6503335,1.65123504,4.123202590942383,3.13737158,5.735646,0.26,1.12,0.16,1.12,2.07,2.81,3.11,3.36
2024-01-01 06:10:00,3100.99249,10.765906,2.7415527359999996,6.570100014209747,3.9734415000000003,5.1675045,0.26,1.12,0.16,1.12,2.07,2.81,3.11,3.36
2024-01-01 06:15:00,3195.54758,12.609997629999999,2.399140224,8.93823682308197,4.33918086,5.859825000000001,0.26,1.12,0.16,1.01,1.93,2.74,3.14,3.45
2024-01-01 06:20:00,3033.45448,28.5685003,7.026951359999999,17.81411033630371,4.23459232,4.7995545,0.26,1.12,0.16,1.01,1.93,2.74,3.14,3.45
2024-01-01 06:25:00,2925.39286,19.2298227,4.579806816,12.220664072036742,5.645496220000001,4.3079745,0.26,1.12,0.16,1.01,1.93,2.74,3.14,3.45
2024-01-01 06:30:00,3141.51744,18.7053558,4.655812512,11.579873185157775,4.548001500000001,5.1849915,0.21,1.13,0.14,0.5,1.6,2.24,2.53,2.76
2024-01-01 06:35:00,3060.47089,8.16289497,1.63806864,5.655915222167969,3.47663596,5.17014,0.26,1.12,0.16,0.5,1.6,2.24,2.53,2.76
2024-01-01 06:40:00,3094.2409,19.267850799999998,3.780798528,13.481533365249634,4.52172602,5.9859480000000005,0.26,1.12,0.16,0.5,1.6,2.24,2.53,2.76
2024-01-01 06:45:00,3269.84254,11.11335983,2.347952256,7.519939198493957,4.20810936,7.032722999999999,0.26,1.12,0.16,0.5,1.26,1.82,2.04,1.25
2024-01-01 06:50:00,3175.28812,5.6574944899999995,1.0926080256,3.985313682556152,2.7970777800000004,5.694861,0.26,1.12,0.16,0.5,1.26,1.82,2.04,1.25
2024-01-01 06:55:00,3276.59748,4.35639676,0.6994595712,3.2859099912643432,2.561853714,6.295599000000001,0.26,1.12,0.16,0.5,1.26,1.82,2.04,1.25
2024-01-01 07:00:00,3215.8124,3.8124746,0.724733568,2.7033070397377013,2.195984546,6.311655,0.21,1.12,0.12,0.5,0.5,0.75,1.0,1.25
2024-01-01 07:05:00,3013.1950200000006,2.91907783,0.7119688992000001,1.829445987343788,1.934632364,3.772626,0.26,1.12,0.16,0.5,0.5,0.75,1.0,1.25
2024-01-01 07:10:00,3134.76585,2.80227942,0.5470481952,1.9650503706932068,1.62102395,4.127043,0.26,1.12,0.16,0.5,0.5,0.75,1.0,1.25
2024-01-01 07:15:00,3317.1217600000004,4.95704974,1.3331048639999998,2.9168012380599975,1.8561158140000003,5.5438665,0.26,1.12,0.16,0.5,0.5,0.75,1.0,1.25
2024-01-01 07:20:00,3161.78226,4.16072681,1.0667470944,2.528125056028366,1.751536584,6.345124499999999,0.26,1.12,0.16,0.5,0.5,0.75,1.0,1.25
2024-01-01 07:25:00,3060.4742400000005,2.68486599,0.7750278432,1.4987256109714509,1.568573006,4.0974450000000004,0.26,1.12,0.16,0.5,0.5,0.75,1.0,1.25
2024-01-01 07:30:00,3182.0444,2.80104938,1.0031805887999998,1.2657329738140106,1.35948211,4.4520765,0.21,0.97,0.12,0.5,1.03,1.52,1.0,1.25
2024-01-01 07:35:00,3168.5372,3.8297543700000003,1.1045361599999999,2.1393181800842282,1.411674502,4.945428,0.26,1.12,0.16,0.5,1.03,1.52,1.0,1.25
2024-01-01 07:40:00,3087.4899800000003,4.1789272,1.1424924576,2.4304013013839723,1.359353898,4.684037999999999,0.26,1.12,0.16,0.5,1.03,1.52,1.0,1.25
2024-01-01 07:45:00,3033.45917,3.49908371,0.9522087744,2.041776804924011,1.254777328,3.328668,0.26,1.12,0.16,0.5,1.16,1.72,2.04,1.25
2024-01-01 07:50:00,3168.5378700000006,3.34345309,0.8253239904,2.0803369736671447,1.359225686,3.5292900000000005,0.26,1.12,0.16,0.5,1.16,1.72,2.04,1.25
2024-01-01 07:55:00,3330.63231,3.12957702,0.6603976704,2.1188723242282865,1.3591618460000001,7.459429500000001,0.26,1.12,0.16,0.5,1.16,1.72,2.04,1.25
2024-01-01 08:00:00,3681.83559,2.83803653,0.5588709984,1.9827131748199462,1.2284579580000001,8.724099,0.2,0.97,0.1,0.5,1.38,2.08,2.21,1.25
2024-01-01 08:05:00,3458.95741,4.23565229,0.9391921344,2.7982668685913086,1.48967315,8.293448999999999,0.26,1.12,0.16,0.5,1.38,2.08,2.21,1.25
2024-01-01 08:10:00,3485.97315,3.67229588,0.8249855328,2.40969792842865,1.358969794,7.168944000000001,0.26,1.12,0.16,0.5,1.38,2.08,2.21,1.25
2024-01-01 08:15:00,3553.5125000000003,3.0312731399999997,0.8375812224,1.749398015141487,1.358905688,7.8789750000000005,0.26,1.12,0.16,0.5,1.6,2.39,2.51,2.65
2024-01-01 08:20:00,3621.0518500000003,3.59402408,0.8374966079999999,2.312278594970703,1.41109675,7.956939,0.26,1.12,0.16,0.5,1.6,2.39,2.51,2.65
2024-01-01 08:25:00,3897.9635200000002,4.0402803,1.0529792832,2.4287496399879456,1.620053848,10.101528,0.26,1.12,0.16,0.5,1.6,2.39,2.51,2.65
2024-01-01 08:30:00,4073.5658300000005,4.428292979999999,1.0782567744,2.77807648062706,1.593861626,10.873878000000001,0.22,1.11,0.14,0.5,2.03,3.16,3.67,4.09
2024-01-01 08:35:00,4228.90667,7.9616783799999995,2.156018592,4.66200213432312,1.515414502,12.047503500000001,0.26,1.12,0.16,0.5,2.03,3.16,3.67,4.09
2024-01-01 08:40:00,4404.509650000001,6.738180129999999,1.8262445760000001,3.9432065629959103,1.67211457,13.3294125,0.26,1.12,0.16,0.5,2.03,3.16,3.67,4.09
2024-01-01 08:45:00,4640.897710000001,7.1650364799999995,1.826163456,4.3701867628097535,2.090087818,13.809276,0.26,1.12,0.16,1.06,2.16,2.99,3.55,4.01
2024-01-01 08:50:00,4472.05034,8.32969718,2.041655616,5.205047636032104,2.194531388,13.7800065,0.26,1.12,0.16,1.06,2.16,2.99,3.55,4.01
2024-01-01 08:55:00,4343.72591,9.26137799,2.244466848,5.826336441040039,2.6908825999999997,10.6793985,0.26,1.12,0.16,1.06,2.16,2.99,3.55,4.01
2024-01-01 09:00:00,4188.386410000001,28.9878599,7.430834112,17.615349941253662,3.6052655800000006,8.4424275,0.26,1.12,0.16,1.13,2.46,3.65,4.44,5.15
2024-01-01 09:05:00,4303.20297,33.2785794,7.3420102080000005,22.042010135650635,4.28450456,11.37651,0.26,1.12,0.16,1.13,2.46,3.65,4.44,5.15
2024-01-01 09:10:00,3269.85125,46.4619724,8.394466079999999,33.614671020507814,6.06107334,8.058306,0.26,1.12,0.16,1.13,2.46,3.65,4.44,5.15
2024-01-01 09:15:00,2844.35435,59.587167699999995,13.92329952,38.278270626068114,5.27718464,3.658386,0.26,1.12,0.16,1.48,3.42,5.14,7.74,10.11
2024-01-01 09:20:00,2925.4015700000004,70.8096019,16.16781504,46.06559135437011,9.14389896,2.948337,0.26,1.12,0.16,1.48,3.42,5.14,7.74,10.11
2024-01-01 09:25:00,2702.52205,65.1981365,16.68770688,39.658460273742676,8.46451634,2.79414,0.26,1.12,0.16,1.48,3.42,5.14,7.74,10.11
2024-01-01 09:30:00,2763.30713,71.0035051,19.17319872,41.659907760620115,10.73747038,3.3350265,0.26,1.13,0.18,1.83,4.12,6.38,8.16,9.36
2024-01-01 09:35:00,2614.72056,67.2754143,20.035504319999998,36.61209901809692,10.7373826,2.6710215,0.26,1.12,0.16,1.83,4.12,6.38,8.16,9.36
2024-01-01 09:40:00,2324.30102,32.4614814,7.9629825599999995,20.274545736312866,8.59490688,1.8832455000000001,0.26,1.12,0.16,1.83,4.12,6.38,8.16,9.36
2024-01-01 09:45:00,2459.3803900000003,51.1399635,14.10066528,29.559620523452757,7.4713814,2.0069925,0.26,1.12,0.16,1.78,4.17,6.51,8.57,10.08
2024-01-01 09:50:00,2385.08677,87.4294096,24.16959168,50.4390887260437,9.66593194,2.486229,0.26,1.12,0.16,1.78,4.17,6.51,8.57,10.08
2024-01-01 09:55:00,2580.9518900000003,93.5455352,25.8815856,53.935095329284664,12.356875720000001,3.413829,0.26,1.12,0.16,1.78,4.17,6.51,8.57,10.08
2024-01-01 10:00:00,2824.09355,44.615384399999996,11.881316928,26.431640691757202,12.22615268,5.6556345,0.22,1.1,0.09,1.84,4.12,6.22,8.16,10.18
2024-01-01 10:05:00,2884.87997,43.64435949999999,11.716417439999999,25.712984466552733,12.72246346,6.2282625,0.26,1.12,0.16,1.84,4.12,6.22,8.16,10.18
2024-01-01 10:10:00,2655.24618,43.5664888,10.498951007999999,27.498385353088377,12.87912948,6.290775,0.26,1.12,0.16,1.84,4.12,6.22,8.16,10.18
2024-01-01 10:15:00,2540.42828,74.0507191,20.58075552,42.55293243408203,19.07095512,4.2501555,0.26,1.12,0.16,1.8,4.14,6.44,8.54,10.41
2024-01-01 10:20:00,2337.81023,102.1856494,30.624584640000002,55.3162904548645,16.928500680000003,4.018578,0.26,1.12,0.16,1.8,4.14,6.44,8.54,10.41
2024-01-01 10:25:00,2337.81023,104.0495993,31.005074880000002,56.59792505264282,19.750018540000003,3.6631995,0.26,1.12,0.16,1.8,4.14,6.44,8.54,10.41
2024-01-01 10:30:00,2736.29407,63.429228200000004,17.47370976,36.68661003112793,19.253516240000003,4.792857,0.21,1.08,0.11,1.82,4.11,6.41,8.5,11.27
2024-01-01 10:35:00,2776.8176800000006,86.88484949999999,26.7440784,45.95440589904785,24.37410136,6.943941,0.26,1.12,0.16,1.82,4.11,6.41,8.5,11.27
2024-01-01 10:40:00,2783.5726200000004,77.4480361,23.29464384,41.796776618957516,20.6118479,7.408904999999999,0.26,1.12,0.16,1.82,4.11,6.41,8.5,11.27
2024-01-01 10:45:00,2722.7862000000005,73.05963919999999,21.30358464,40.455596599578854,20.036968700000003,6.078798000000001,0.26,1.12,0.16,1.91,4.24,6.83,8.27,9.45
2024-01-01 10:50:00,2486.39814,60.729596,16.57324032,35.36510240554809,17.50265902,4.1137755,0.26,1.12,0.16,1.91,4.24,6.83,8.27,9.45
2024-01-01 10:55:00,1966.3428000000001,37.487035199999994,8.40601632,24.6220591545105,9.63871216,2.442381,0.26,1.12,0.16,1.91,4.24,6.83,8.27,9.45
2024-01-01 11:00:00,1912.3119900000002,32.690738700000004,6.84607248,22.213176355361938,9.690877420000001,1.26598155,0.2,1.0,0.1,1.97,4.35,6.65,8.98,12.7
2024-01-01 11:05:00,2195.97793,29.622571999999998,6.0216773759999995,20.406704149246217,10.422310920000001,1.591182,0.26,1.12,0.16,1.97,4.35,6.65,8.98,12.7
2024-01-01 11:10:00,1919.06559,38.1465391,8.925822048,24.4860245513916,8.253807100000001,2.4429629999999998,0.26,1.12,0.16,1.97,4.35,6.65,8.98,12.7
2024-01-01 11:15:00,1844.7719700000002,23.8551169,3.573888864,18.385462226867674,6.03306088,1.29710145,0.26,1.12,0.16,1.88,4.33,6.75,9.64,12.42
2024-01-01 11:20:00,1743.46261,14.41797116,2.153404032,11.122296948432922,3.52494422,0.8789468999999999,0.26,1.12,0.16,1.88,4.33,6.75,9.64,12.42
2024-01-01 11:25:00,1729.9540700000002,12.26234898,1.8869959680000001,9.374398384094238,2.89786784,0.9718939500000001,0.26,1.12,0.16,1.88,4.33,6.75,9.64,12.42
2024-01-01 11:30:00,1736.7083400000004,14.76693198,2.521033632,10.908619232177735,3.15905324,0.8789482500000001,0.18,0.92,0.07,1.92,4.29,6.58,8.48,12.11
2024-01-01 11:35:00,1621.89111,11.71808875,2.178531264,8.383958930969237,2.74098104,0.8324643,0.26,1.12,0.16,1.92,4.29,6.58,8.48,12.11
2024-01-01 11:40:00,1601.6289700000002,8.82457245,1.6077422399999999,6.36400527715683,2.636412184,0.6929877,0.26,1.12,0.16,1.92,4.29,6.58,8.48,12.11
2024-01-01 11:45:00,2270.27289,12.02820208,2.520800256,8.17024751663208,3.47234804,1.855371,0.26,1.12,0.16,1.89,4.38,6.92,8.66,10.29
2024-01-01 11:50:00,1756.9704800000002,26.047529499999996,5.678677056,17.35660696029663,6.920785340000001,4.6456095,0.26,1.12,0.16,1.89,4.38,6.92,8.66,10.29
2024-01-01 11:55:00,1716.44687,30.940567499999997,8.2278144,18.348317832946776,5.5360824399999995,1.06498245,0.26,1.12,0.16,1.89,4.38,6.92,8.66,10.29
2024-01-01 12:00:00,1662.41472,38.474447899999994,10.624779360000002,22.213768348693847,12.014983260000001,1.4061051,0.18,1.07,0.05,2.0,4.66,7.21,10.01,12.93
2024-01-01 12:05:00,1561.10536,19.2699327,4.042414271999999,13.083225679397582,5.274686900000001,0.8634465,0.26,1.12,0.16,2.0,4.66,7.21,10.01,12.93
2024-01-01 12:10:00,1547.5968200000002,9.133505399999999,1.886273376,6.246660814285278,3.02788332,0.6153121500000001,0.26,1.12,0.16,2.0,4.66,7.21,10.01,12.93
2024-01-01 12:15:00,1507.07321,7.36617667,1.290102528,5.391740930080414,2.7404437200000005,0.537729,0.26,1.12,0.16,2.01,4.76,7.42,10.05,12.33
2024-01-01 12:20:00,1500.3189400000003,7.36588062,1.505627136,5.061595811843872,2.5313775620000003,0.25,0.26,1.12,0.16,2.01,4.76,7.42,10.05,12.33
2024-01-01 12:25:00,1500.3189400000003,9.016122529999999,1.974813984,5.993770370483398,2.243940356,0.56867415,0.26,1.12,0.16,2.01,4.76,7.42,10.05,12.33
2024-01-01 12:30:00,1466.5489300000002,7.42354161,1.3786344000000001,5.313612382411956,2.243873856,0.6307001999999999,0.17,1.03,0.05,2.14,4.74,7.25,8.49,10.34
2024-01-01 12:35:00,1486.8110700000002,6.66593629,1.26440496,4.730829555988311,2.165434978,0.5530806,0.26,1.12,0.16,2.14,4.74,7.25,8.49,10.34
2024-01-01 12:40:00,1493.5646700000002,7.0540043599999995,1.4038365119999998,4.905504474639892,2.269866312,0.553041,0.26,1.12,0.16,2.14,4.74,7.25,8.49,10.34
2024-01-01 12:45:00,1486.8110700000002,7.50032934,1.353020448,5.42960072517395,2.165302776,0.25,0.26,1.12,0.16,2.21,5.21,8.13,11.3,14.78
2024-01-01 12:50:00,1473.3032,7.558288289999999,1.2134236608,5.701205444335938,2.139112416,0.25,0.26,1.12,0.16,2.21,5.21,8.13,11.3,14.78
2024-01-01 12:55:00,1466.5489300000002,7.771593269999999,1.2260237184,5.895226249694824,1.877804656,0.5529219000000001,0.26,1.12,0.16,2.21,5.21,8.13,11.3,14.78
2024-01-01 13:00:00,1459.7953300000001,7.55769619,1.2132574271999998,5.700867552757263,1.877739486,0.25,0.18,0.93,0.05,2.83,5.97,8.89,12.97,17.26
2024-01-01 13:05:00,1466.5489300000002,7.38263323,1.1878078368,5.564754168987274,1.982170288,0.5062538999999999,0.26,1.12,0.16,2.83,5.97,8.89,12.97,17.26
2024-01-01 13:10:00,1466.5489300000002,7.22698924,1.2765093120000002,5.273357291221618,1.8776086140000001,0.25,0.26,1.12,0.16,2.83,5.97,8.89,12.97,17.26
2024-01-01 13:15:00,1439.5325200000002,7.828669799999999,1.35252624,5.758698015213012,1.903667304,0.25,0.26,1.12,0.16,2.47,5.67,8.38,13.09,19.27
2024-01-01 13:20:00,1439.5325200000002,8.469188299999999,1.0987740192,6.7875714969635,1.8513541480000002,0.5061173999999999,0.26,1.12,0.16,2.47,5.67,8.38,13.09,19.27
2024-01-01 13:25:00,1439.5325200000002,7.63389373,0.9084375456,6.243576984405517,1.9819082780000001,0.25,0.26,1.12,0.16,2.47,5.67,8.38,13.09,19.27
2024-01-01 13:30:00,1439.5325200000002,7.45882886,0.9717711743999999,5.971582460403442,2.03409003,0.25,0.18,0.9,0.04,2.59,5.81,9.32,11.79,15.0
2024-01-01 13:35:00,1446.2867900000003,7.84690839,1.0224216288,6.2821439838409425,1.74666373,0.5836858500000001,0.26,1.12,0.16,2.59,5.81,9.32,11.79,15.0
2024-01-01 13:40:00,1439.5325200000002,7.78835734,0.9716031936,6.301368284225464,1.824969608,0.58365,0.26,1.12,0.16,2.59,5.81,9.32,11.79,15.0
2024-01-01 13:45:00,1439.5331899999999,7.90457511,0.984202752,6.398303549289703,1.7726575160000002,0.5525241,0.26,1.12,0.16,2.68,5.6,8.51,11.59,16.27
2024-01-01 13:50:00,1439.5325200000002,8.19556361,0.9587514144,6.728243746757507,1.877086456,0.25,0.26,1.12,0.16,2.68,5.6,8.51,11.59,16.27
2024-01-01 13:55:00,1432.77892,8.098174619999998,0.9586670495999999,6.63098379611969,1.694157192,0.5524446000000001,0.26,1.12,0.16,2.68,5.6,8.51,11.59,16.27
2024-01-01 14:00:00,1426.02465,7.4376355,1.0600539456,5.8152770948410035,1.6940922880000002,0.5679555000000001,0.2,0.97,0.06,2.74,6.08,9.54,12.81,17.21
2024-01-01 14:05:00,1419.2697100000003,7.204307989999999,1.1868096864,5.387956726551056,1.9030140080000002,0.25,0.26,1.12,0.16,2.74,6.08,9.54,12.81,17.21
2024-01-01 14:10:00,1426.0239800000002,6.69911681,1.2628299840000001,4.766420195102691,1.8768252440000002,0.25,0.26,1.12,0.16,2.74,6.08,9.54,12.81,17.21
2024-01-01 14:15:00,1432.77825,6.834753549999999,1.17395928,5.038069086074829,1.8767600740000001,0.25,0.26,1.12,0.16,2.66,5.58,8.39,10.46,12.8
2024-01-01 14:20:00,1439.5325200000002,7.90251231,0.9962988672,6.377728137969971,1.798325718,0.50557005,0.26,1.12,0.16,2.66,5.58,8.39,10.46,12.8
2024-01-01 14:25:00,1439.5325200000002,8.776083279999998,1.1357405280000001,7.037890868186951,1.8505066720000003,0.5522055,0.26,1.12,0.16,2.66,5.58,8.39,10.46,12.8
2024-01-01 14:30:00,1439.5325200000002,9.222433089999999,1.2371306688,7.329067797660827,1.8243184400000003,0.25,0.21,1.02,0.05,2.92,5.86,8.95,10.14,11.24
2024-01-01 14:35:00,1439.5325200000002,8.717238089999999,0.9706785504,7.23166485786438,1.693638492,0.25,0.26,1.12,0.16,2.92,5.86,8.95,10.14,11.24
2024-01-01 14:40:00,1432.77892,8.212045,0.8437513343999999,6.920726735591888,1.615204934,0.25,0.26,1.12,0.16,2.92,5.86,8.95,10.14,11.24
2024-01-01 14:45:00,1432.77825,8.522460109999999,0.8056138272000001,7.289508981704712,1.771877338,0.25,0.26,1.12,0.16,2.97,6.0,8.85,11.83,14.53
2024-01-01 14:50:00,1426.0239800000002,10.65830806,0.9450574848,9.211946306228638,1.876303352,0.25,0.26,1.12,0.16,2.97,6.0,8.85,11.83,14.53
2024-01-01 14:55:00,1426.0239800000002,12.250422939999998,1.10987136,10.551822118759155,1.9807285680000002,0.5519658000000001,0.26,1.12,0.16,2.97,6.0,8.85,11.83,14.53
2024-01-01 15:00:00,1419.2697100000003,10.96844813,1.2112636224,9.114670872688293,2.1112763140000004,0.5052043500000001,0.21,0.9,0.06,3.47,6.65,9.88,12.43,14.61
2024-01-01 15:05:00,1426.0239800000002,9.86124023,0.9067512480000001,8.47350384235382,2.424680972,0.25,0.26,1.12,0.16,3.47,6.65,9.88,12.43,14.61
2024-01-01 15:10:00,1419.2697100000003,10.32702238,1.0081438848,8.784109992980957,2.5029817960000003,0.25,0.26,1.12,0.16,3.47,6.65,9.88,12.43,14.61
2024-01-01 15:15:00,1419.2697100000003,11.02584363,1.32517632,8.997729420661926,2.4245477060000002,0.25,0.26,1.12,0.16,5.58,8.78,12.11,15.07,19.2
2024-01-01 15:20:00,1432.77825,11.97712486,1.2489859200000002,10.065616173744202,2.7379512999999998,0.5361843,0.26,1.12,0.16,5.58,8.78,12.11,15.07,19.2
2024-01-01 15:25:00,1432.77758,12.34581598,0.9444685536,10.900355005264283,2.4766592340000004,0.25,0.26,1.12,0.16,5.58,8.78,12.11,15.07,19.2
2024-01-01 15:30:00,1439.53185,13.1223303,0.982438704,11.618758039474487,2.6855705800000003,0.25,0.42,0.75,0.09,10.37,13.78,16.88,19.32,22.94
2024-01-01 15:35:00,1432.77758,13.083207769999998,1.0457788224,11.482696113586425,2.4242811740000003,0.5672334,0.26,1.12,0.16,10.37,13.78,16.88,19.32,22.94
2024-01-01 15:40:00,1432.77825,13.607265929999999,1.1471745791999999,11.851574444770813,2.502580934,0.7074999,0.26,1.12,0.16,10.37,13.78,16.88,19.32,22.94
2024-01-01 15:45:00,1432.77825,15.37420502,1.1978308992,13.540986800193785,2.4763921700000004,0.5827485,0.26,1.12,0.16,6.95,10.18,13.08,15.61,17.73
2024-01-01 15:50:00,1432.77758,15.859430969999998,1.185062736,14.045752191543578,2.3979594100000003,0.55152585,0.26,1.12,0.16,6.95,10.18,13.08,15.61,17.73
2024-01-01 15:55:00,1439.53185,14.63568824,0.8805378816,13.288069944381713,2.397893176,0.5047002,0.26,1.12,0.16,6.95,10.18,13.08,15.61,17.73
2024-01-01 16:00:00,1439.53185,14.07222678,1.273692576,12.12290593624115,2.162730024,0.5514457500000001,0.46,0.72,0.09,20.3,23.36,26.23,28.01,29.36
2024-01-01 16:05:00,1446.2861200000002,13.955426459999998,1.3750900799999999,11.850921430587768,2.3716381780000004,0.56700465,0.26,1.12,0.16,20.3,23.36,26.23,28.01,29.36
2024-01-01 16:10:00,1446.28545,13.7803635,1.1086187424,12.083679547309876,2.2932067480000002,0.61376955,0.26,1.12,0.16,20.3,23.36,26.23,28.01,29.36
2024-01-01 16:15:00,1439.53185,14.34327106,1.083164784,12.685542774200439,2.39762691,0.5513253,0.26,1.12,0.16,14.61,18.16,21.28,23.66,25.84
2024-01-01 16:20:00,1439.53185,14.98386596,1.133822352,13.24860857963562,2.188587884,0.5668902,0.26,1.12,0.16,14.61,18.16,21.28,23.66,25.84
2024-01-01 16:25:00,1439.53185,15.35257427,1.476244224,13.093258600234984,2.11015672,0.66049305,0.26,1.12,0.16,14.61,18.16,21.28,23.66,25.84
2024-01-01 16:30:00,1439.53118,14.594900189999999,1.22245344,12.723997750282287,2.29294128,0.5512050000000001,0.26,1.12,0.16,8.25,11.23,13.94,16.03,19.07
2024-01-01 16:35:00,1439.53185,14.05085006,1.0194029664,12.49070592880249,2.136146516,0.64482945,0.26,1.12,0.16,8.25,11.23,13.94,16.03,19.07
2024-01-01 16:40:00,1439.53118,14.361295729999998,1.1208033408,12.645963921546935,1.71813922,0.5511247499999999,0.26,1.12,0.16,8.25,11.23,13.94,16.03,19.07
2024-01-01 16:45:00,1439.53185,14.39986245,1.1460909408,12.645829129219054,1.613589516,0.25,0.26,1.12,0.16,6.82,9.58,11.8,13.63,15.77
2024-01-01 16:50:00,1439.53118,14.61320945,1.2348072672,12.723400292396544,1.6135246120000002,0.6915936,0.26,1.12,0.16,6.82,9.58,11.8,13.63,15.77
2024-01-01 16:55:00,1439.53118,15.13728862,1.298153376,13.150531678199767,1.535096374,0.62909685,0.26,1.12,0.16,6.82,9.58,11.8,13.63,15.77
2024-01-01 17:00:00,1439.53118,14.884544049999999,1.08241224,13.227967138290404,1.3521844,0.6290664,0.39,0.7,0.11,5.44,8.14,10.52,12.01,14.23
2024-01-01 17:05:00,1446.28545,15.292101759999998,1.2091864512,13.44150459766388,1.508846696,0.5353014,0.26,1.12,0.16,5.44,8.14,10.52,12.01,14.23
2024-01-01 17:10:00,1439.5305100000003,14.94225088,1.1329883135999999,13.208270153999328,1.58714486,0.53525925,0.26,1.12,0.16,5.44,8.14,10.52,12.01,14.23
2024-01-01 17:15:00,1446.2847800000002,13.66019585,0.9045588863999999,12.275815081596374,1.351992614,0.25,0.26,1.12,0.16,6.46,8.74,10.55,11.75,13.14
2024-01-01 17:20:00,1446.28545,13.640492290000001,0.8917886016000001,12.275655698776244,1.351928242,0.62894445,0.26,1.12,0.16,6.46,8.74,10.55,11.75,13.14
2024-01-01 17:25:00,1446.2847800000002,13.67905519,0.8663321472000001,12.35317859172821,1.3518644020000001,0.6132837,0.26,1.12,0.16,6.46,8.74,10.55,11.75,13.14
2024-01-01 17:30:00,1439.53118,13.15440684,0.8916197472,11.789828629493712,1.4301625660000001,0.53509035,0.42,0.68,0.11,5.3,7.47,8.86,9.7,11.71
2024-01-01 17:35:00,1432.77691,13.018178,1.2848047679999999,11.051850652694702,1.4039777920000003,0.25,0.26,1.12,0.16,5.3,7.47,8.86,9.7,11.71
2024-01-01 17:40:00,1426.0233100000003,12.43526128,1.221290928,10.566138339042663,1.612878498,0.25,0.26,1.12,0.16,5.3,7.47,8.86,9.7,11.71
2024-01-01 17:45:00,1426.02264,11.19202318,0.9547977503999999,9.730753779411316,1.534451856,0.53496375,0.26,1.12,0.16,4.46,6.49,7.86,8.22,8.64
2024-01-01 17:50:00,1426.02264,10.76446968,1.0054585632,9.225666890144348,1.429905876,0.6131214,0.26,1.12,0.16,4.46,6.49,7.86,8.22,8.64
2024-01-01 17:55:00,1426.02264,10.14270356,0.9673156895999999,8.662276854515076,1.560443248,0.55052115,0.26,1.12,0.16,4.46,6.49,7.86,8.22,8.64
2024-01-01 18:00:00,1426.02264,8.64697301,1.0814088480000001,6.991932604312897,1.61261968,0.53483685,0.33,0.63,0.09,3.94,5.4,6.36,6.58,7.61
2024-01-01 18:05:00,1426.02264,7.40371199,1.0940116512,5.729382960796356,1.5864346400000002,0.50350305,0.26,1.12,0.16,3.94,5.4,6.36,6.58,7.61
2024-01-01 18:10:00,1419.26837,7.15093877,0.9924363072,5.632066087722778,1.534129996,0.25,0.26,1.12,0.16,3.94,5.4,6.36,6.58,7.61
2024-01-01 18:15:00,1419.26837,6.529153549999999,0.9289198463999999,5.107489411830902,1.2989844000000002,0.5503599,0.26,1.12,0.16,3.26,4.39,4.98,5.53,6.55
2024-01-01 18:20:00,1419.26837,5.946210089999999,1.0303279584,4.369346132278443,1.3511605660000001,0.5190162,0.26,1.12,0.16,3.26,4.39,4.98,5.53,6.55
2024-01-01 18:25:00,1419.2677000000003,6.159547539999999,1.1190505248,4.4468981695175165,1.3510964600000002,0.25,0.26,1.12,0.16,3.26,4.39,4.98,5.53,6.55
2024-01-01 18:30:00,1419.26837,6.5088387899999995,0.9921003456,4.990480108261108,1.48163197,0.5189274,0.28,0.54,0.07,2.99,3.87,4.31,4.83,8.19
2024-01-01 18:35:00,1426.02197,6.2949016,0.8524624992000001,4.990251507759094,1.5076877340000001,0.51888315,0.26,1.12,0.16,2.99,3.87,4.31,4.83,8.19
2024-01-01 18:40:00,1426.02197,5.98385619,0.8650646784,4.659919228553772,1.141945714,0.53449845,0.26,1.12,0.16,2.99,3.87,4.31,4.83,8.19
2024-01-01 18:45:00,1426.02264,6.56620755,0.5731833120000001,5.68897987127304,1.089642932,0.64408665,0.26,1.12,0.16,2.99,3.81,4.25,4.88,6.82
2024-01-01 18:50:00,1419.2677000000003,7.12914185,0.7126533024,6.038462224006652,1.194058306,0.5657406,0.26,1.12,0.16,2.99,3.81,4.25,4.88,6.82
2024-01-01 18:55:00,1419.26837,6.89578378,0.9536197632,5.436317572593689,1.24623394,0.25,0.26,1.12,0.16,2.99,3.81,4.25,4.88,6.82
2024-01-01 19:00:00,1426.02197,7.94426682,0.9535355232,6.484929933547973,1.246170366,0.5029941,0.28,0.42,0.05,3.0,3.64,3.94,4.72,7.24
2024-01-01 19:05:00,1426.02264,8.099349270000001,0.9661384512,6.6207240962982175,1.3244650720000002,0.25,0.26,1.12,0.16,3.0,3.64,3.94,4.72,7.24
2024-01-01 19:10:00,1426.02197,8.409806399999999,0.8518705728,7.1060620880126955,1.35052057,0.54991545,0.26,1.12,0.16,3.0,3.64,3.94,4.72,7.24
2024-01-01 19:15:00,1426.02197,8.273558459999999,0.8390991648,6.989360165596008,1.35045673,0.5968947,0.26,1.12,0.16,2.38,2.89,3.08,3.61,5.15
2024-01-01 19:20:00,1426.02197,10.25431632,1.0293221952,8.678991103172303,1.2459152720000002,0.59686005,0.26,1.12,0.16,2.38,2.89,3.08,3.61,5.15
2024-01-01 19:25:00,1419.2677000000003,13.36156926,1.003863744,11.825207061767578,1.350328518,0.54979395,0.26,1.12,0.16,2.38,2.89,3.08,3.61,5.15
2024-01-01 19:30:00,1419.2677000000003,13.924530299999999,0.953030832,12.465965161323547,1.480860836,0.65950725,0.24,0.43,0.05,2.34,2.91,3.18,3.7,4.08
2024-01-01 19:35:00,1419.2677000000003,12.40931775,0.8895098784,11.047968997955321,1.4546771260000002,0.64379955,0.26,1.12,0.16,2.34,2.91,3.18,3.7,4.08
2024-01-01 19:40:00,1426.0213,8.62169034,0.8767379712,7.279888179302215,1.480732092,0.5967216,0.26,1.12,0.16,2.34,2.91,3.18,3.7,4.08
2024-01-01 19:45:00,1426.02197,7.12587766,0.9147158592,5.725951676368713,1.350072626,0.6907970999999999,0.26,1.12,0.16,2.58,3.16,3.38,3.7,6.93
2024-01-01 19:50:00,1432.7762400000001,7.086736029999999,1.0415064191999999,5.492764136791229,1.271651836,0.70646115,0.26,1.12,0.16,2.58,3.16,3.38,3.7,6.93
2024-01-01 19:55:00,1432.77557,7.5331546,1.2190481472,5.667464101314544,1.167112506,0.7221294,0.26,1.12,0.16,2.58,3.16,3.38,3.7,6.93
2024-01-01 20:00:00,1432.7762400000001,7.24152243,1.1174644416,5.531300625801086,1.1670491980000002,0.6593466,0.27,0.51,0.05,2.21,2.54,2.69,2.75,3.92
2024-01-01 20:05:00,1432.7762400000001,6.79450985,1.1300686176,5.064997496604919,1.349816734,0.25,0.26,1.12,0.16,2.21,2.54,2.69,2.75,3.92
2024-01-01 20:10:00,1426.02197,6.67767706,0.9777328704,5.181306881904602,1.349752628,0.549429,0.26,1.12,0.16,2.21,2.54,2.69,2.75,3.92
2024-01-01 20:15:00,1426.0213,6.5414195699999995,0.9015222528,5.161686401367187,1.5325191,0.6435693,0.26,1.12,0.16,1.94,2.2,2.36,2.53,2.64
2024-01-01 20:20:00,1432.77557,7.16264707,1.0917548928,5.491772320270538,1.3496246820000002,0.54934785,0.26,1.12,0.16,1.94,2.2,2.36,2.53,2.64
2024-01-01 20:25:00,1426.0213,7.317731429999999,1.0282320672,5.744074869155884,1.245086948,0.53360655,0.26,1.12,0.16,1.94,2.2,2.36,2.53,2.64
2024-01-01 20:30:00,1426.0213,6.5987940599999995,1.0154602847999998,5.044683928489685,1.3494967360000003,0.25,0.29,0.42,0.05,1.61,1.81,1.96,2.12,3.31
2024-01-01 20:35:00,1419.2670300000002,6.44311378,1.1676317952,4.656113166809082,1.166604446,0.53352135,0.26,1.12,0.16,1.61,1.81,1.96,2.12,3.31
2024-01-01 20:40:00,1419.2670300000002,6.75358046,1.0152925536,5.199727437496185,1.323250516,0.5805987,0.26,1.12,0.16,1.61,1.81,1.96,2.12,3.31
2024-01-01 20:45:00,1419.2670300000002,6.7921280799999995,1.053272688,5.1801483964920045,1.375423224,0.5648533499999999,0.26,1.12,0.16,1.62,1.75,1.81,1.0,1.25
2024-01-01 20:50:00,1426.0213,7.00548272,1.2054461952,5.160609428882599,1.5059499560000003,0.25,0.26,1.12,0.16,1.62,1.75,1.81,1.0,1.25
2024-01-01 20:55:00,1426.0213,7.00518476,1.2180512448,5.141019458770752,1.453649302,0.54906345,0.26,1.12,0.16,1.62,1.75,1.81,1.0,1.25
2024-01-01 21:00:00,1419.2670300000002,6.51931323,1.0910863392,4.849461832046509,1.505821212,0.53330805,0.24,0.41,0.06,1.25,1.39,0.75,1.0,1.25
2024-01-01 21:05:00,1419.2670300000002,6.09170625,0.8753021472000001,4.752100787162781,1.19234101,0.50183265,0.26,1.12,0.16,1.25,1.39,0.75,1.0,1.25
2024-01-01 21:10:00,1419.2670300000002,5.60582708,0.7737112032000001,4.42170202255249,1.32286721,0.25,0.26,1.12,0.16,1.25,1.39,0.75,1.0,1.25
2024-01-01 21:15:00,1419.2670300000002,5.17821819,0.6974962176,4.110736122131348,1.348920846,0.5174597999999999,0.26,1.12,0.16,1.7,1.81,1.86,1.0,1.25
2024-01-01 21:20:00,1419.2670300000002,5.31387976,0.5324615711999999,4.498974456787109,1.2966215220000001,0.51741495,0.26,1.12,0.16,1.7,1.81,1.86,1.0,1.25
2024-01-01 21:25:00,1419.2670300000002,6.18762454,0.6465718272,5.1980794191360475,1.348793166,0.5173704,0.26,1.12,0.16,1.7,1.81,1.86,1.0,1.25
2024-01-01 21:30:00,1419.2663599999998,6.148481,0.9510109440000001,4.69300755739212,1.4793175040000002,0.5959575,0.3,0.45,0.06,1.61,1.77,1.86,2.4,3.91
2024-01-01 21:35:00,1419.2670300000002,5.837406939999999,0.9001724160000001,4.4597389602661135,1.3486652200000002,0.6431079000000001,0.26,1.12,0.16,1.61,1.77,1.86,2.4,3.91
2024-01-01 21:40:00,1419.2663599999998,6.167304049999999,1.1031062016,4.479056613445282,1.37471859,0.5644271999999999,0.26,1.12,0.16,1.61,1.77,1.86,2.4,3.91
2024-01-01 21:45:00,1419.2670300000002,5.992195249999999,1.0395791328,4.401172604560852,1.531359606,0.6115852500000001,0.26,1.12,0.16,1.59,1.72,1.83,1.0,2.77
2024-01-01 21:50:00,1419.2670300000002,5.875352909999999,0.8491645344,4.575750527381897,1.348473168,0.56434965,0.26,1.12,0.16,1.59,1.72,1.83,1.0,2.77
2024-01-01 21:55:00,1419.2663599999998,6.12756077,1.0267228608,4.5562142920494075,1.348409062,0.58004715,0.26,1.12,0.16,1.59,1.72,1.83,1.0,2.77
2024-01-01 22:00:00,1419.2670300000002,5.71936512,1.0773942816,4.070468280315399,1.3483449560000003,0.6901779,0.24,0.43,0.06,1.51,1.67,1.79,1.0,2.62
2024-01-01 22:05:00,1419.2663599999998,6.01042047,0.8742883968,4.672366571426392,1.531101852,0.6429342,0.26,1.12,0.16,1.51,1.67,1.79,1.0,2.62
2024-01-01 22:10:00,1419.2670300000002,5.796458449999999,0.7092478848,4.710990948677063,1.3482170100000002,0.8003271000000001,0.26,1.12,0.16,1.51,1.67,1.79,1.0,2.62
2024-01-01 22:15:00,1419.2663599999998,5.7378883,0.5568949152,4.885588908195495,1.295919016,0.6901086,0.26,1.12,0.16,1.55,1.7,1.77,2.05,1.25
2024-01-01 22:20:00,1419.2663599999998,5.65989345,0.25,4.943664820194244,1.557025148,0.69008565,0.26,1.12,0.16,1.55,1.7,1.77,2.05,1.25
2024-01-01 22:25:00,1419.2663599999998,6.59193716,0.8105051136,5.351500866413116,1.374142168,0.8475439499999999,0.26,1.12,0.16,1.55,1.7,1.77,2.05,1.25
2024-01-01 22:30:00,1419.2663599999998,7.465716319999999,0.9119334431999999,6.070049166679382,1.347961384,0.8160405000000001,0.21,0.47,0.05,1.78,1.96,2.08,2.49,3.07
2024-01-01 22:35:00,1419.2663599999998,6.53307096,0.6961327776,5.467675459384918,1.295663656,0.7057686,0.26,1.12,0.16,1.78,1.96,2.08,2.49,3.07
2024-01-01 22:40:00,1419.2663599999998,6.20256265,0.5945339712000001,5.292659006118774,1.347833438,0.73725555,0.26,1.12,0.16,1.78,1.96,2.08,2.49,3.07
2024-01-01 22:45:00,1412.51209,6.55189783,0.5690696544,5.680966103076934,1.16495232,0.6427023000000001,0.26,1.12,0.16,1.78,1.92,2.04,2.13,1.25
2024-01-01 22:50:00,1412.51209,6.90123301,0.25,6.146954565048217,1.3477052260000002,0.6111572999999999,0.26,1.12,0.16,1.78,1.92,2.04,2.13,1.25
2024-01-01 22:55:00,1392.24928,6.00742368,0.25,5.2726969909667964,1.4259914200000001,0.7529642999999999,0.26,1.12,0.16,1.78,1.92,2.04,2.13,1.25
2024-01-01 23:00:00,1412.51209,6.04597321,0.7337753279999999,4.922967822551727,1.3475772799999999,0.62685315,0.2,0.65,0.05,1.4,1.59,1.81,1.0,1.25
2024-01-01 23:05:00,1412.51209,5.793157969999999,1.088996064,4.126505458354949,1.243047526,0.7214061,0.26,1.12,0.16,1.4,1.59,1.81,1.0,1.25
2024-01-01 23:10:00,1412.51209,5.2684045699999995,1.2031183008,3.4270935702323913,1.0862854800000001,0.7213868999999999,0.26,1.12,0.16,1.4,1.59,1.81,1.0,1.25
2024-01-01 23:15:00,1412.51209,5.38464908,1.203035184,3.5434657979011535,1.269036524,0.674064,0.26,1.12,0.16,0.5,0.5,0.75,1.0,1.25
2024-01-01 23:20:00,1412.5114200000003,5.61743988,1.1902624032,3.7958043217658997,1.3473216540000001,0.61095915,0.26,1.12,0.16,0.5,0.5,0.75,1.0,1.25
2024-01-01 23:25:00,1405.75782,5.6948369,1.0886617248,4.028695864677429,1.50395469,0.67401375,0.26,1.12,0.16,0.5,0.5,0.75,1.0,1.25
2024-01-01 23:30:00,1412.5114200000003,4.68446218,0.8601625344,3.3680276632308956,1.347193708,0.6739887,0.17,0.86,0.04,0.5,0.5,0.75,1.0,1.25
2024-01-01 23:35:00,1412.51209,4.31509301,0.631661472,3.348367564678192,1.2687811640000002,0.72129135,0.26,1.12,0.16,0.5,0.5,0.75,1.0,1.25
2024-01-01 23:40:00,1405.7571500000001,3.6155039399999995,0.25,2.8819633412361143,1.294833736,0.6581607,0.26,1.12,0.16,0.5,0.5,0.75,1.0,1.25
2024-01-01 23:45:00,1811.0073200000004,10.56921802,1.887790944,7.680050625801086,1.085842058,1.604925,0.26,1.12,0.16,0.5,0.5,0.75,1.0,1.25
2024-01-01 23:50:00,1426.0192900000002,17.81433507,3.156707424,12.983155126571654,1.32082167,1.6997084999999998,0.26,1.12,0.16,0.5,0.5,0.75,1.0,1.25
2024-01-01 23:55:00,1419.2656900000002,6.85851968,1.2785098560000001,4.901825919151306,1.346873444,0.67386315,0.26,1.12,0.16,0.5,0.5,0.75,1.0,1.25
2024-01-02 00:15:00,1439.52783,31.915469699999996,7.483695648,20.46205461502075,1.5816578120000002,0.9580146,0.26,1.12,0.16,0.5,0.5,0.75,1.0,1.25
2024-01-02 00:20:00,1527.33267,90.7340725,26.58249984,50.05091960906982,1.8427490480000002,1.3370762999999999,0.26,1.12,0.16,0.5,0.5,0.75,1.0,1.25
2024-01-02 00:25:00,1473.29851,41.627533199999995,12.394731647999999,22.65803111076355,2.4694540920000003,2.000556,0.26,1.12,0.16,0.5,0.5,0.75,1.0,1.25
2024-01-02 00:30:00,1581.36616,69.2497431,15.5038416,45.521904678344725,2.67831144,2.206071,0.17,0.96,0.04,0.5,0.5,0.75,1.0,1.25
2024-01-02 00:35:00,2047.40342,55.2052457,12.432728256,36.17759412765503,3.0438592800000004,3.8810130000000003,0.26,1.12,0.16,0.5,0.5,0.75,1.0,1.25
2024-01-02 00:40:00,2439.1463900000003,55.3798961,12.077359008,36.89612102508545,3.17436686,5.7618,0.26,1.12,0.16,0.5,0.5,0.75,1.0,1.25
2024-01-02 00:45:00,2445.90066,39.800713699999996,8.308233024,27.0853889465332,3.6704861200000005,6.0626865,0.26,1.12,0.16,0.5,0.5,0.75,1.0,1.25
2024-01-02 00:50:00,2439.1463900000003,31.447634299999997,7.166027232,20.48039547920227,3.74876194,7.3119945,0.26,1.12,0.16,0.5,0.5,0.75,1.0,1.25
2024-01-02 00:55:00,2493.1805500000005,30.4761319,6.353767680000001,20.752016592025758,3.51365784,7.455078,0.26,1.12,0.16,0.5,0.5,0.75,1.0,1.25
2024-01-02 01:00:00,3242.8944700000006,13.964334699999998,2.013492,10.882788286209106,3.9314294600000004,8.768116500000001,0.14,0.89,0.05,0.5,1.15,0.75,2.05,1.25
2024-01-02 01:05:00,4107.43098,9.45735927,2.2291551359999997,6.045751938819885,3.2001396000000004,11.947268999999999,0.26,1.12,0.16,0.5,1.15,0.75,2.05,1.25
2024-01-02 01:10:00,3047.0239900000006,54.8154911,11.13800688,37.76934215545654,3.7484826399999998,14.415606,0.26,1.12,0.16,0.5,1.15,0.75,2.05,1.25
2024-01-02 01:15:00,2020.3876800000003,65.4410503,12.432429984,46.41385101318359,4.479628860000001,5.1967545,0.26,1.12,0.16,0.5,1.79,2.43,3.14,3.59
2024-01-02 01:20:00,2101.4375800000003,44.2282274,7.91443536,32.11559089660644,3.8266893,2.3026590000000002,0.26,1.12,0.16,0.5,1.79,2.43,3.14,3.59
2024-01-02 01:25:00,1892.05856,39.4881613,7.825544064,27.511569499969482,4.11387886,2.2553805000000002,0.26,1.12,0.16,0.5,1.79,2.43,3.14,3.59
2024-01-02 01:30:00,1790.7451800000001,34.165316,6.7721347199999995,23.80091157913208,3.8265483200000006,1.36953945,0.15,0.91,0.1,1.23,2.12,2.83,3.52,4.13
2024-01-02 01:35:00,1770.48304,10.09665919,1.251470688,8.181347846984863,3.0952691,1.02148065,0.26,1.12,0.16,1.23,2.12,2.83,3.52,4.13
2024-01-02 01:40:00,1756.9745,18.95450766,4.72874688,11.717403254508971,2.7557147800000004,1.02149925,0.26,1.12,0.16,1.23,2.12,2.83,3.52,4.13
2024-01-02 01:45:00,1696.18674,55.882684499999996,12.267219744,37.108335151672364,3.09513344,1.24310595,0.26,1.12,0.16,1.41,2.48,3.34,3.91,4.45
2024-01-02 01:50:00,1804.25372,49.6856704,10.033530623999999,34.3298645401001,3.5912367400000003,1.908,0.26,1.12,0.16,1.41,2.48,3.34,3.91,4.45
2024-01-02 01:55:00,1885.3042899999998,42.0510757,7.342937472,30.81308534622192,4.27014056,2.7788745,0.26,1.12,0.16,1.41,2.48,3.34,3.91,4.45
2024-01-02 02:00:00,1642.1532500000003,20.837756199999998,3.370503552,15.679373273849487,3.40830056,1.4015832000000001,0.12,1.03,0.05,1.68,3.0,3.95,5.38,8.66
2024-01-02 02:05:00,1615.13684,14.66002928,3.1546756800000004,9.831960048675537,3.0687462400000003,0.910743,0.26,1.12,0.16,1.68,3.0,3.95,5.38,8.66
2024-01-02 02:10:00,1601.6283,22.197065,4.9187049599999995,14.669239568710326,2.859766,1.02161175,0.26,1.12,0.16,1.68,3.0,3.95,5.38,8.66
2024-01-02 02:15:00,1581.3654900000004,16.25241156,2.976845664,11.696502246856689,2.624671742,0.8315538,0.26,1.12,0.16,1.91,3.58,4.91,6.37,8.57
2024-01-02 02:20:00,1574.6112200000002,21.1086706,4.8043457279999995,13.755864896774291,2.7029457000000003,0.79986525,0.26,1.12,0.16,1.91,3.58,4.91,6.37,8.57
2024-01-02 02:25:00,1615.1361700000002,34.376485599999995,9.005182368,20.59451539993286,2.8334506200000003,1.0533555,0.26,1.12,0.16,1.91,3.58,4.91,6.37,8.57
2024-01-02 02:30:00,1628.64471,49.5481313,9.944309856,34.32887363433838,3.4339988200000002,1.8139724999999998,0.12,0.93,0.04,2.19,3.9,5.24,5.9,6.49
2024-01-02 02:35:00,1507.06919,40.0096486,8.776629887999999,26.577465953826902,3.3033635599999998,1.116792,0.26,1.12,0.16,2.19,3.9,5.24,5.9,6.49
2024-01-02 02:40:00,1567.85695,51.0629905,13.574034240000001,30.288628435134886,2.9115881200000002,1.0058745,0.26,1.12,0.16,2.19,3.9,5.24,5.9,6.49
2024-01-02 02:45:00,1534.0856000000003,17.086099819999998,2.6971713600000005,12.958218545913695,3.17265648,1.29122235,0.26,1.12,0.16,2.48,4.45,5.79,6.64,7.58
2024-01-02 02:50:00,1486.80638,17.41607715,3.839355936,11.540140414237976,2.598088234,0.7205406000000001,0.26,1.12,0.16,2.48,4.45,5.79,6.64,7.58
2024-01-02 02:55:00,1500.3142500000001,16.774731619999997,3.331609632,11.675874466896056,2.180204362,0.70466565,0.26,1.12,0.16,2.48,4.45,5.79,6.64,7.58
2024-01-02 03:00:00,1473.29784,9.547797769999999,0.7423839071999999,8.411616859436036,2.154025174,0.7522174500000001,0.13,0.93,0.16,2.57,4.56,6.03,6.4,6.75
2024-01-02 03:05:00,1466.54357,9.81947999,1.63073664,7.323721187114716,2.1278457200000003,0.70462275,0.26,1.12,0.16,2.57,4.56,6.03,6.4,6.75
2024-01-02 03:10:00,1473.29784,11.6258644,1.8971883840000001,8.72231499671936,2.127779752,0.62529255,0.26,1.12,0.16,2.57,4.56,6.03,6.4,6.75
2024-01-02 03:15:00,1459.7893,11.27589892,1.6305744000000002,8.780388631820678,2.101600564,0.5618061000000001,0.26,1.12,0.16,2.37,4.27,5.68,5.99,6.31
2024-01-02 03:20:00,1439.5264900000002,5.46702738,0.9197334432,4.059422595500946,1.944855542,0.25,0.26,1.12,0.16,2.37,4.27,5.68,5.99,6.31
2024-01-02 03:25:00,1446.28143,5.155897929999999,0.9196489536,3.748422541618347,1.918677152,0.54585945,0.26,1.12,0.16,2.37,4.27,5.68,5.99,6.31
2024-01-02 03:30:00,1432.77222,4.883619789999999,0.7418738496,3.7482198977470396,1.840272056,0.25,0.13,1.11,0.06,2.36,4.32,5.72,6.36,7.12
2024-01-02 03:35:00,1426.01862,3.9119741399999994,0.6275581728,2.951528705358505,1.7618682900000002,0.25,0.26,1.12,0.16,2.36,4.32,5.72,6.36,7.12
2024-01-02 03:40:00,1426.0179500000004,4.43619847,0.7417037472,3.301059100627899,1.8140292940000002,0.25,0.26,1.12,0.16,2.36,4.32,5.72,6.36,7.12
2024-01-02 03:45:00,1426.01862,8.69039495,1.731623712,6.04023365020752,1.631173712,0.25,0.26,1.12,0.16,2.42,4.53,6.13,6.75,7.28
2024-01-02 03:50:00,1419.2636800000002,12.76976913,2.63270592,8.74054748058319,1.631109074,0.64091895,0.26,1.12,0.16,2.42,4.53,6.13,6.75,7.28
2024-01-02 03:55:00,1412.5094100000001,5.63976396,1.1729928288,3.8445586156845093,1.5527058400000002,0.25,0.26,1.12,0.16,2.42,4.53,6.13,6.75,7.28
2024-01-02 04:00:00,1412.5094100000001,5.25092043,0.9317515584,3.8249221968650815,1.7093178620000002,0.25,0.12,0.97,0.16,2.47,4.49,5.88,7.18,9.12
2024-01-02 04:05:00,1405.7551400000002,6.43567433,1.2489821760000002,4.524171059131622,1.6831402700000002,0.25,0.26,1.12,0.16,2.47,4.49,5.88,7.18,9.12
2024-01-02 04:10:00,1412.5094100000001,4.35666607,1.07120208,2.717246205806732,1.5786251460000003,0.25,0.26,1.12,0.16,2.47,4.49,5.88,7.18,9.12
2024-01-02 04:15:00,1405.7551400000002,4.31750916,1.0584255552,2.6976434850692748,1.6046731960000002,0.6407714999999999,0.26,1.12,0.16,2.66,4.82,6.28,7.24,8.49
2024-01-02 04:20:00,1405.7551400000002,4.802886,0.8171796672,3.5522345852851864,1.8135082,0.5771823,0.26,1.12,0.16,2.66,4.82,6.28,7.24,8.49
2024-01-02 04:25:00,1405.7551400000002,3.6952273399999997,0.5886248159999999,2.7943672263622283,1.5523190759999999,0.56125275,0.26,1.12,0.16,2.66,4.82,6.28,7.24,8.49
2024-01-02 04:30:00,1399.0002000000002,3.03439217,0.550460352,2.1919406950473785,1.3433558600000002,0.60889515,0.12,0.93,0.16,2.81,5.14,6.69,7.62,8.5
2024-01-02 04:35:00,1399.0008700000003,3.59747927,0.6899964864,2.541475188732147,1.4999657540000002,0.60886155,0.26,1.12,0.16,2.81,5.14,6.69,7.62,8.5
2024-01-02 04:40:00,1399.0002000000002,4.0828618400000005,0.7406832576000001,2.949284139871597,1.5521256940000001,0.6883179,0.26,1.12,0.16,2.81,5.14,6.69,7.62,8.5
2024-01-02 04:45:00,1399.0002000000002,4.00484598,0.8421419136,2.7159907245635986,1.447612698,0.5928943499999999,0.26,1.12,0.16,3.06,5.66,7.62,8.69,9.61
2024-01-02 04:50:00,1399.0008700000003,3.3828583,1.0324530528,1.8027417373657226,1.682556932,0.5769567,0.26,1.12,0.16,3.06,5.66,7.62,8.69,9.61
2024-01-02 04:55:00,1371.98312,3.09113827,0.9689037696,1.6082806938886642,1.7086047160000002,0.7041516,0.26,1.12,0.16,3.06,5.66,7.62,8.69,9.61
2024-01-02 05:00:00,1399.0008700000003,3.05197563,0.8165017535999999,1.802361609339714,1.57797983,0.7200363000000001,0.11,0.96,0.16,2.88,5.47,7.28,8.43,9.64
2024-01-02 05:05:00,1399.0002000000002,3.45965367,0.6640984896,2.44328489780426,1.604027082,0.56093565,0.26,1.12,0.16,2.88,5.47,7.28,8.43,9.64
2024-01-02 05:10:00,1399.0008700000003,3.4593461599999995,0.6767065344,2.4236812663078307,1.60396271,0.57680595,0.26,1.12,0.16,2.88,5.47,7.28,8.43,9.64
2024-01-02 05:15:00,1399.0002000000002,3.78931394,0.6639277631999999,2.7732066524028776,1.525562668,0.529032,0.26,1.12,0.16,2.69,5.03,6.62,7.25,7.91
2024-01-02 05:20:00,1399.0002000000002,3.4587349599999997,0.6384557087999999,2.4816112291812895,1.4993866720000002,0.5449024499999999,0.26,1.12,0.16,2.69,5.03,6.62,7.25,7.91
2024-01-02 05:25:00,1399.0002000000002,3.12815407,0.7526110176,1.9763214683532715,1.603769062,0.62444175,0.26,1.12,0.16,2.69,5.03,6.62,7.25,7.91
2024-01-02 05:30:00,1399.0002000000002,3.24441386,0.892154016,1.87901780128479,1.4470349460000003,0.7199192999999999,0.11,0.87,0.16,2.86,5.25,6.86,7.85,8.73
2024-01-02 05:35:00,1398.99953,3.12753905,1.0316982624,1.5485777109861374,1.394747326,0.5447773499999999,0.26,1.12,0.16,2.86,5.25,6.86,7.85,8.73
2024-01-02 05:40:00,1399.0002000000002,3.5157962099999995,1.1204695008,1.8009750926494599,1.238014806,0.5288131500000001,0.26,1.12,0.16,2.86,5.25,6.86,7.85,8.73
2024-01-02 05:45:00,1398.99953,3.24349706,1.069611504,1.6065115445852278,1.133505534,0.25,0.26,1.12,0.16,3.02,5.81,8.05,8.66,9.25
2024-01-02 05:50:00,1399.0002000000002,2.07750127,0.714104976,0.5,1.237887392,0.6242835,0.26,1.12,0.16,3.02,5.81,8.05,8.66,9.25
2024-01-02 05:55:00,1412.50807,2.5823238199999996,0.6632449824000001,1.567261475920677,1.394491168,0.57646665,0.26,1.12,0.16,3.02,5.81,8.05,8.66,9.25
2024-01-02 06:00:00,1412.50874,3.6699981499999996,0.5743030176,2.7910568451881406,1.316093254,0.54456825,0.11,0.75,0.16,3.06,6.01,8.25,10.11,11.6
2024-01-02 06:05:00,1412.50874,3.4948377799999997,0.7011556031999999,2.4217550110816957,1.3160296800000002,0.25,0.26,1.12,0.16,3.06,6.01,8.25,10.11,11.6
2024-01-02 06:10:00,1412.50807,3.24196333,0.8280093119999999,1.9747376585006713,1.2637433900000001,0.25,0.26,1.12,0.16,3.06,6.01,8.25,10.11,11.6
2024-01-02 06:15:00,1412.50874,3.49422467,0.9421698624000001,2.0522819542884827,1.0025696940000002,0.5603791499999999,0.26,1.12,0.16,3.13,6.39,9.1,10.39,11.75
2024-01-02 06:20:00,1412.50807,4.17391727,0.9801675935999999,2.6738212180137633,1.2113940580000002,0.51252405,0.26,1.12,0.16,3.13,6.39,9.1,10.39,11.75
2024-01-02 06:25:00,1412.50874,4.52332503,1.0562476704,2.9067919969558713,1.1329977400000002,0.51247815,0.26,1.12,0.16,3.13,6.39,9.1,10.39,11.75
2024-01-02 06:30:00,1412.50807,4.95044878,1.0815519936,3.2951888036727905,1.341821306,0.62402985,0.12,0.46,0.04,3.07,6.13,8.57,9.65,10.65
2024-01-02 06:35:00,1405.7538,5.55243303,0.9164447136,4.149861416816711,1.5245324500000001,0.5921091,0.26,1.12,0.16,3.07,6.13,8.57,9.65,10.65
2024-01-02 06:40:00,1412.50807,6.79556417,0.7894184063999999,5.587399735450744,1.315582534,0.25,0.26,1.12,0.16,3.07,6.13,8.57,9.65,10.65
2024-01-02 06:45:00,1412.50807,8.31070223,0.6877795392,7.258090529441833,1.158855068,0.54419145,0.26,1.12,0.16,3.13,6.17,8.52,9.1,9.78
2024-01-02 06:50:00,1412.5074000000002,9.92299244,0.8908029312,8.559664373397826,1.3154545880000001,0.6239028,0.26,1.12,0.16,3.13,6.17,8.52,9.1,9.78
2024-01-02 06:55:00,1412.50807,8.7958365,0.8272469088,7.529778127670288,1.5242749620000002,0.57601305,0.26,1.12,0.16,3.13,6.17,8.52,9.1,9.78
2024-01-02 07:00:00,1419.2616700000003,7.06637543,0.8779396704,5.722733509540558,1.419768616,0.5121564000000001,0.12,0.42,0.16,3.18,6.22,8.39,11.29,14.11
2024-01-02 07:05:00,1426.0166100000001,7.00779382,0.8905495872,5.644853599071502,1.3413733620000001,0.5440239,0.26,1.12,0.16,3.18,6.22,8.39,11.29,14.11
2024-01-02 07:10:00,1419.26234,7.39607581,0.8650762848,6.0721211433410645,1.315199494,0.6876108000000001,0.26,1.12,0.16,3.18,6.22,8.39,11.29,14.11
2024-01-02 07:15:00,1419.26234,8.891808269999999,0.8903807328,7.5291260242462155,1.15847389,0.6237438,0.26,1.12,0.16,3.12,6.2,8.72,10.18,11.31
2024-01-02 07:20:00,1419.26234,7.92006521,0.8902962432,6.557511959075928,1.3150715480000001,0.6556377,0.26,1.12,0.16,3.12,6.2,8.72,10.18,11.31
2024-01-02 07:25:00,1419.2616700000003,7.02603241,0.9156011904000001,5.624751782417297,1.3150077080000002,0.639645,0.26,1.12,0.16,3.12,6.2,8.72,10.18,11.31
2024-01-02 07:30:00,1419.26234,6.5594366,0.7631804544,5.391428084373474,1.2627235460000001,0.57574785,0.26,1.12,0.16,2.96,5.67,7.63,9.18,10.76
2024-01-02 07:35:00,1419.2616700000003,7.2780168,0.7757902464,6.0907097339630125,1.3409897899999998,0.6076476000000001,0.26,1.12,0.16,2.96,5.67,7.63,9.18,10.76
2024-01-02 07:40:00,1412.5074000000002,7.58859044,0.8772636288,6.245983209609985,1.39314574,0.5916429000000001,0.26,1.12,0.16,2.96,5.67,7.63,9.18,10.76
2024-01-02 07:45:00,1405.75313,7.3551426,0.9025689504000001,5.973807444572448,1.393081634,0.57563385,0.26,1.12,0.16,2.65,5.11,7.1,8.31,9.22
2024-01-02 07:50:00,1405.75313,7.80172161,1.0421285472000001,6.206797349452972,1.262468718,0.62352105,0.26,1.12,0.16,2.65,5.11,7.1,8.31,9.22
2024-01-02 07:55:00,1405.7538,8.42316494,1.1436043008,6.672937452793121,1.157965564,0.62348925,0.26,1.12,0.16,2.65,5.11,7.1,8.31,9.22
2024-01-02 08:00:00,1405.75313,8.189717100000001,1.1943009312,6.3619005131721496,1.3406700580000002,0.63943635,0.16,1.03,0.05,2.65,5.14,7.04,8.6,10.36
2024-01-02 08:05:00,1405.7538,8.422576659999999,1.1561325984000002,6.653175349235535,1.39282521,0.6873501,0.26,1.12,0.16,2.65,5.14,7.04,8.6,10.36
2024-01-02 08:10:00,1405.75313,8.266846719999998,0.9402323424,6.827869849205017,1.07944662,0.6074104499999999,0.26,1.12,0.16,2.65,5.14,7.04,8.6,10.36
2024-01-02 08:15:00,1412.5074000000002,7.5476591399999995,0.7878058655999999,6.341962633132934,1.183821296,0.5434356,0.26,1.12,0.16,2.76,5.48,7.77,8.92,10.12
2024-01-02 08:20:00,1419.2616700000003,7.547364999999999,0.7623306912000001,6.380657138824462,1.079320004,0.54339345,0.26,1.12,0.16,2.76,5.48,7.77,8.92,10.12
2024-01-02 08:25:00,1419.2616700000003,8.36311454,1.105017888,6.671941082477569,1.1053661920000002,0.60730845,0.26,1.12,0.16,2.76,5.48,7.77,8.92,10.12
2024-01-02 08:30:00,1419.2610000000002,9.95605645,1.2826694399999998,7.992996516227722,1.340286486,0.70322265,0.15,1.08,0.06,2.93,5.8,8.19,9.45,10.86
2024-01-02 08:35:00,1419.2616700000003,12.67592892,0.7620758496,11.509610862731932,1.183567,0.7831680000000001,0.26,1.12,0.16,2.93,5.8,8.19,9.45,10.86
2024-01-02 08:40:00,1419.2610000000002,14.07458945,0.7746862656,12.888971719741821,1.183503692,0.62320215,0.26,1.12,0.16,2.93,5.8,8.19,9.45,10.86
2024-01-02 08:45:00,1419.2616700000003,13.80229221,0.8126877408000001,12.558515577316284,1.157330888,0.6871602,0.26,1.12,0.16,3.15,6.2,8.83,9.78,10.67
2024-01-02 08:50:00,1412.50673,13.00538673,0.6475611168000001,12.0143279838562,1.209485508,0.6871362000000001,0.26,1.12,0.16,3.15,6.2,8.83,9.78,10.67
2024-01-02 08:55:00,1412.50673,12.63593543,0.74904024,11.489567790031433,1.3138580560000002,0.68711235,0.26,1.12,0.16,3.15,6.2,8.83,9.78,10.67
2024-01-02 09:00:00,1412.50673,12.616222319999999,0.9266940384,11.197964625358582,1.261576022,0.68708865,0.17,0.7,0.08,3.27,6.26,8.75,9.89,11.94
2024-01-02 09:05:00,1412.50673,10.03174593,1.0027838495999999,8.497036943435669,1.339839074,0.6390478500000001,0.26,1.12,0.16,3.27,6.26,8.75,9.89,11.94
2024-01-02 09:10:00,1412.5074000000002,9.215392829999999,0.8503508832,7.913974514007568,1.078686924,0.5909949,0.26,1.12,0.16,3.27,6.26,8.75,9.89,11.94
2024-01-02 09:15:00,1412.50673,10.61407055,0.7867874976,9.409932556152343,1.339711128,0.59095875,0.26,1.12,0.16,3.5,6.91,9.58,11.52,13.88
2024-01-02 09:20:00,1412.5074000000002,10.03087688,0.9771400704000001,8.535414505004882,1.313538324,0.5909227499999999,0.26,1.12,0.16,3.5,6.91,9.58,11.52,13.88
2024-01-02 09:25:00,1412.50673,8.573319589999999,0.7231382496,7.466593313217163,1.078497,0.70298355,0.26,1.12,0.16,3.5,6.91,9.58,11.52,13.88
2024-01-02 09:30:00,1412.50673,9.40852821,0.9388842528,7.971613717079162,1.130650822,0.7189776,0.17,1.03,0.09,3.82,7.0,9.18,11.34,13.52
2024-01-02 09:35:00,1405.7524600000002,8.82532881,0.9641919456000001,7.349682826995849,0.9739366560000001,0.7029399000000001,0.26,1.12,0.16,3.82,7.0,9.18,11.34,13.52
2024-01-02 09:40:00,1398.9981900000002,6.53225348,0.5070501695999999,5.7562389659881585,1.287174266,0.67087815,0.26,1.12,0.16,3.82,7.0,9.18,11.34,13.52
2024-01-02 09:45:00,1398.99752,6.18220778,0.6212289408,5.231448717117309,1.156569064,0.5586981,0.26,1.12,0.16,3.35,6.31,8.62,9.87,12.21
2024-01-02 09:50:00,1398.9981900000002,6.51222713,0.684624096,5.464444997310638,1.15650549,0.5426337,0.26,1.12,0.16,3.35,6.31,8.62,9.87,12.21
2024-01-02 09:55:00,1398.99752,6.492496829999999,0.7607161536,5.328259663581848,1.1042255840000001,0.6868264500000001,0.26,1.12,0.16,3.35,6.31,8.62,9.87,12.21
2024-01-02 10:00:00,1405.7524600000002,6.53105973,0.9383785632,5.094919571876526,1.07805411,0.6868026,0.14,0.95,0.05,2.61,4.74,6.11,6.98,8.25
2024-01-02 10:05:00,1412.5060600000002,6.453038139999999,0.9129017664,5.055888996124267,1.077990536,0.67074855,0.26,1.12,0.16,2.61,4.74,6.11,6.98,8.25
2024-01-02 10:10:00,1419.2610000000002,6.10298862,0.7731575904000001,4.919710493087768,0.9734953620000001,0.6707226,0.26,1.12,0.16,2.61,4.74,6.11,6.98,8.25
2024-01-02 10:15:00,1412.5060600000002,6.93821061,0.671501376,5.910512428283691,0.869000188,0.25,0.26,1.12,0.16,2.59,4.5,5.78,6.28,6.76
2024-01-02 10:20:00,1412.5060600000002,9.54163038,0.7983805439999999,8.319749512672423,1.0778008780000001,0.638598,0.26,1.12,0.16,2.59,4.5,5.78,6.28,6.76
2024-01-02 10:25:00,1405.75112,11.60100575,1.0776189216,9.9517649269104,1.1299531040000002,0.7027218,0.26,1.12,0.16,2.59,4.5,5.78,6.28,6.76
2024-01-02 10:30:00,1405.75179,11.620149679999999,1.306073184,9.621271443367004,1.0776742620000002,0.60645675,0.14,0.81,0.04,2.9,4.77,5.91,6.46,7.96
2024-01-02 10:35:00,1419.26033,15.914091349999998,1.648798944,13.390689711570738,1.103718588,0.6545503500000001,0.26,1.12,0.16,2.9,4.77,5.91,6.46,7.96
2024-01-02 10:40:00,1392.24325,16.98252243,1.35669456,14.906169872283934,1.07754738,0.7347452999999999,0.26,1.12,0.16,2.9,4.77,5.91,6.46,7.96
2024-01-02 10:45:00,1419.26033,22.364629299999997,1.572456288,19.958066101074216,1.0513767040000002,0.78286755,0.26,1.12,0.16,3.93,5.7,6.77,7.35,8.71
2024-01-02 10:50:00,1426.0146,29.6898613,1.6104641279999998,27.22512851715088,1.260173936,0.97544055,0.26,1.12,0.16,3.93,5.7,6.77,7.35,8.71
2024-01-02 10:55:00,1432.76887,31.982491599999996,1.3945364160000002,29.84822546958923,1.18178746,0.9433521,0.26,1.12,0.16,3.93,5.7,6.77,7.35,8.71
2024-01-02 11:00:00,1439.5238100000001,34.3723027,1.534118976,32.02441299438476,1.077294414,1.0075721999999998,0.21,0.64,0.08,3.56,5.06,5.84,5.89,7.12
2024-01-02 11:05:00,1439.5231400000002,36.0625954,1.9530363839999998,33.07357089996338,1.103338474,1.15208355,0.26,1.12,0.16,3.56,5.06,5.84,5.89,7.12
2024-01-02 11:10:00,1432.7695400000002,37.9083239,1.914866304,34.977720184326174,1.077168064,1.0397208,0.26,1.12,0.16,3.56,5.06,5.84,5.89,7.12
2024-01-02 11:15:00,1412.50539,38.3550156,1.851299424,35.52169466018677,1.312069206,1.0236828,0.26,1.12,0.16,3.6,5.11,5.97,6.96,8.4
2024-01-02 11:20:00,1412.50539,37.344358199999995,1.863916704,34.49172826766968,1.28589853,1.0237023,0.26,1.12,0.16,3.6,5.11,5.97,6.96,8.4
2024-01-02 11:25:00,1412.50539,34.9152202,1.698773856,32.31533491134643,1.103084976,0.9755322,0.26,1.12,0.16,3.6,5.11,5.97,6.96,8.4
2024-01-02 11:30:00,1412.50539,30.620661599999995,1.559022816,28.234655656814574,1.390198992,0.9916102499999999,0.35,1.61,0.28,3.2,4.27,4.92,5.72,7.36
2024-01-02 11:35:00,1412.50539,26.967309099999998,1.3557860160000001,24.892348737716674,1.2334933380000002,0.8630877,0.26,1.12,0.16,3.2,4.27,4.92,5.72,7.36
2024-01-02 11:40:00,1419.26033,27.8026094,1.673136192,25.24195996284485,1.07678795,0.9273636,0.26,1.12,0.16,3.2,4.27,4.92,5.72,7.36
2024-01-02 11:45:00,1419.25966,31.5720899,1.7492379839999999,28.894970483779908,1.12893858,1.02379875,0.26,1.12,0.16,2.12,2.94,3.47,3.81,4.03
2024-01-02 11:50:00,1426.0146,31.5718416,1.355537664,29.497260856628415,1.1288750060000001,1.0238181,0.26,1.12,0.16,2.12,2.94,3.47,3.81,4.03
2024-01-02 11:55:00,1419.25966,27.4132368,1.0380197568,25.824599800109862,1.128811698,1.0399128,0.26,1.12,0.16,2.12,2.94,3.47,3.81,4.03
2024-01-02 12:00:00,1419.26033,23.5266542,1.0760283456,21.879847679138184,1.0765347180000002,0.92739135,0.23,1.3,0.36,2.35,3.21,3.68,3.89,4.08
2024-01-02 12:05:00,1398.99618,27.082386599999996,1.482265824,24.81385588645935,1.233111096,1.023876,0.26,1.12,0.16,2.35,3.21,3.68,3.89,4.08
2024-01-02 12:10:00,1419.25966,24.0896458,1.494880608,21.801808385848997,1.076408368,1.03997685,0.26,1.12,0.16,2.35,3.21,3.68,3.89,4.08
2024-01-02 12:15:00,1426.0139299999998,20.4945101,1.1900557344,18.673191022872924,1.024132186,1.02391455,0.26,1.12,0.16,2.7,3.48,3.9,4.07,4.19
2024-01-02 12:20:00,1426.0139299999998,19.9112916,1.3169495039999999,17.895767164230346,1.1023880560000001,0.86307585,0.26,1.12,0.16,2.7,3.48,3.9,4.07,4.19
2024-01-02 12:25:00,1426.0139299999998,21.0186523,1.2025870272,19.178154048919676,1.128431052,0.9113381999999999,0.26,1.12,0.16,2.7,3.48,3.9,4.07,4.19
2024-01-02 12:30:00,1426.0139299999998,22.806125799999997,1.278690816,20.8491545009613,1.180580352,0.9917925,0.26,1.21,0.47,2.22,2.88,3.31,3.75,4.34
2024-01-02 12:35:00,1419.25966,23.738606899999997,1.2913055999999998,21.76232880592346,1.12830417,0.9918078000000001,0.26,1.12,0.16,2.22,2.88,3.31,3.75,4.34
2024-01-02 12:40:00,1419.25966,25.234614399999998,1.291223232,23.258463535308838,1.3370899640000002,0.9596349,0.26,1.12,0.16,2.22,2.88,3.31,3.75,4.34
2024-01-02 12:45:00,1419.25966,26.633479299999998,1.633985184,24.132748432159424,1.310920086,1.00793445,0.26,1.12,0.16,2.35,2.93,3.23,3.57,4.92
2024-01-02 12:50:00,1419.25966,24.690016099999998,1.7862786240000001,21.956209354400634,1.3369620180000001,0.9113625,0.26,1.12,0.16,2.35,2.93,3.23,3.57,4.92
2024-01-02 12:55:00,1412.50539,23.0963312,1.913179008,20.168309345245362,1.180262482,0.81476565,0.26,1.12,0.16,2.35,2.93,3.23,3.57,4.92
2024-01-02 13:00:00,1419.25899,20.8419009,1.367080416,18.74965470314026,1.3107283,0.8952699,0.24,1.08,0.37,2.89,3.55,3.94,4.38,4.7
2024-01-02 13:05:00,1426.0139299999998,21.2302994,1.328902848,19.196482162475586,1.3367702320000001,0.863064,0.26,1.12,0.16,2.89,3.55,3.94,4.38,4.7
2024-01-02 13:10:00,1426.0132600000002,18.35404568,1.0875543744,16.689599876403808,1.284494848,0.8147433000000001,0.26,1.12,0.16,2.89,3.55,3.94,4.38,4.7
2024-01-02 13:15:00,1419.25899,16.643724719999998,0.8969967552,15.27091791152954,1.15390268,0.9436041,0.26,1.12,0.16,2.15,2.65,2.91,2.98,3.06
2024-01-02 13:20:00,1419.25899,17.67337134,1.1254820928,15.950877809524535,1.3104726740000001,0.7825066500000001,0.26,1.12,0.16,2.15,2.65,2.91,2.98,3.06
2024-01-02 13:25:00,1419.25899,18.91678134,1.6968244799999999,16.31987727165222,1.388725618,0.7180443000000001,0.26,1.12,0.16,2.15,2.65,2.91,2.98,3.06
2024-01-02 13:30:00,1426.0132600000002,17.6728289,1.277694912,15.717382888793944,1.3364505000000002,0.87917205,0.22,1.03,0.19,1.98,2.53,2.85,3.6,5.29
2024-01-02 13:35:00,1426.0132600000002,18.6636223,1.2395177184,16.76660454750061,1.3102811540000001,0.91140645,0.26,1.12,0.16,1.98,2.53,2.85,3.6,5.29
2024-01-02 13:40:00,1426.0139299999998,22.4527185,1.480707072,20.186571884155274,1.4146390720000002,1.1531951999999999,0.26,1.12,0.16,1.98,2.53,2.85,3.6,5.29
2024-01-02 13:45:00,1426.0132600000002,16.81697891,1.01077704,15.270036296844482,1.466785712,1.07262615,0.26,1.12,0.16,2.17,2.78,3.26,3.53,3.73
2024-01-02 13:50:00,1419.25899,15.57300737,0.9218030016,14.162235531806946,1.179563434,0.7824366,0.26,1.12,0.16,2.17,2.78,3.26,3.53,3.73
2024-01-02 13:55:00,1419.25899,15.08691046,0.8836224384,13.734572262763976,1.414446754,0.7501746,0.26,1.12,0.16,2.17,2.78,3.26,3.53,3.73
2024-01-02 14:00:00,1419.25899,15.863948120000002,1.2137048352,14.006434726715087,1.362172434,0.87917655,0.24,1.46,0.19,2.49,3.05,3.46,3.65,3.81
2024-01-02 14:05:00,1412.5040500000002,14.581100439999998,1.0866338496,12.91806318283081,1.1793729780000002,0.87917715,0.26,1.12,0.16,2.49,3.05,3.46,3.65,3.81
2024-01-02 14:10:00,1412.5047200000001,14.11443014,0.9849595392,12.606999831199646,1.2576243260000002,0.7985211000000001,0.26,1.12,0.16,2.49,3.05,3.46,3.65,3.81
2024-01-02 14:15:00,1412.5040500000002,13.6283275,1.581722688,11.207582240104674,1.17924583,0.750111,0.26,1.12,0.16,1.67,2.23,2.7,3.03,3.23
2024-01-02 14:20:00,1405.74978,13.045053609999998,1.797523104,10.294037256240845,1.231392204,0.78236625,0.26,1.12,0.16,1.67,2.23,2.7,3.03,3.23
2024-01-02 14:25:00,1392.24057,13.433433009999998,1.086299136,11.770908522605895,1.335747462,0.70166655,0.26,1.12,0.16,1.67,2.23,2.7,3.03,3.23
2024-01-02 14:30:00,1412.5040500000002,12.22829559,0.9465261312,10.77968581676483,1.3878930379999999,0.63708555,0.2,1.55,0.15,1.31,1.73,2.04,2.22,1.25
2024-01-02 14:35:00,1405.74978,11.83934701,1.0099372608,10.293689346313476,1.2573056580000002,0.66933885,0.26,1.12,0.16,1.31,1.73,2.04,2.22,1.25
2024-01-02 14:40:00,1405.74978,12.01396303,1.0860481632,10.351821269989014,1.126719076,0.70160025,0.26,1.12,0.16,1.31,1.73,2.04,2.22,1.25
2024-01-02 14:45:00,1405.74911,12.810440669999998,0.8573789952,11.49826644897461,1.04834191,0.68543205,0.26,1.12,0.16,2.34,2.79,3.2,3.48,3.68
2024-01-02 14:50:00,1398.99551,11.85792367,0.7303018943999999,10.740233559608459,1.1526966360000002,0.6692598,0.26,1.12,0.16,2.34,2.79,3.2,3.48,3.68
2024-01-02 14:55:00,1398.99551,11.39124,0.7175175072,10.293116478919982,1.1265286200000002,0.7499839500000001,0.26,1.12,0.16,2.34,2.79,3.2,3.48,3.68
2024-01-02 15:00:00,1398.9948399999998,12.61525968,1.1111118720000002,10.91475956916809,1.126465312,0.6530551499999999,0.26,1.12,0.16,1.33,1.7,2.09,2.21,1.25
2024-01-02 15:05:00,1398.99551,11.41009934,1.149126576,9.65142029762268,1.0741933860000001,0.7014894,0.26,1.12,0.16,1.33,1.7,2.09,2.21,1.25
2024-01-02 15:10:00,1371.97709,11.29321116,0.9839504064,9.787325572967529,0.9958172840000001,0.6045292499999999,0.26,1.12,0.16,1.33,1.7,2.09,2.21,1.25
2024-01-02 15:15:00,1398.99551,11.79819797,0.971166768,10.311876292228698,1.021858418,0.5398608,0.26,1.12,0.16,1.44,1.75,1.98,2.16,3.37
2024-01-02 15:20:00,1398.9948399999998,11.720178289999998,1.0091812224,10.175678663253784,1.074003462,0.89534895,0.26,1.12,0.16,1.44,1.75,1.98,2.16,3.37
2024-01-02 15:25:00,1405.74978,14.28514021,0.8694014784,12.954566402435303,0.9956278920000001,0.62058765,0.26,1.12,0.16,1.44,1.75,1.98,2.16,3.37
2024-01-02 15:30:00,1412.5033799999999,26.081145499999998,5.441192640000001,17.75367965698242,1.1782927520000002,0.7337079,0.22,0.87,0.16,2.18,2.54,2.78,2.94,3.04
2024-01-02 15:35:00,1405.74911,14.36231758,1.542317088,12.001879730224609,1.152125268,0.68518965,0.26,1.12,0.16,2.18,2.54,2.78,2.94,3.04
2024-01-02 15:40:00,1412.5033799999999,14.49807656,1.377139296,12.390435919761657,1.04764632,0.63665865,0.26,1.12,0.16,2.18,2.54,2.78,2.94,3.04
2024-01-02 15:45:00,1426.01259,19.08419093,4.894901856000001,11.592794122695922,0.9953757240000001,1.0085598,0.26,1.12,0.16,2.72,3.24,3.71,4.04,4.33
2024-01-02 15:50:00,1419.25765,13.70072605,0.9451781664000001,12.254179091453551,1.047520236,0.76598175,0.26,1.12,0.16,2.72,3.24,3.71,4.04,4.33
2024-01-02 15:55:00,1419.25765,13.48667044,1.186391856,11.670958189964294,0.9169384420000001,0.6850923,0.26,1.12,0.16,2.72,3.24,3.71,4.04,4.33
2024-01-02 16:00:00,1432.7668600000002,12.981104899999998,1.0974090816,11.30157711982727,0.7602540680000001,0.86301735,0.25,0.81,0.14,3.43,3.93,4.27,4.71,4.99
2024-01-02 16:05:00,1446.2754,13.79705308,1.2370254623999999,11.903849277496338,0.9429162680000001,1.2027809999999999,0.26,1.12,0.16,3.43,3.93,4.27,4.71,4.99
2024-01-02 16:10:00,1439.52113,14.55470615,1.275041664,12.603320364952086,1.073370648,0.9924657,0.26,1.12,0.16,3.43,3.93,4.27,4.71,4.99
2024-01-02 16:15:00,1439.52113,16.47840849,1.147958448,14.721516222953795,1.07330734,0.83064615,0.26,1.12,0.16,3.57,3.97,4.22,4.62,5.37
2024-01-02 16:20:00,1459.7846100000002,19.062890609999997,2.417892672,15.362429151535034,1.073244032,0.87919755,0.26,1.12,0.16,3.57,3.97,4.22,4.62,5.37
2024-01-02 16:25:00,1459.78394,16.63333623,1.63039968,14.138094043731689,0.968767744,1.02488715,0.26,1.12,0.16,3.57,3.97,4.22,4.62,5.37
2024-01-02 16:30:00,1459.78394,15.486440439999999,1.350912576,13.418937811851501,0.8381886100000001,1.1382348,0.21,1.35,0.11,2.96,3.32,3.62,3.7,4.86
2024-01-02 16:35:00,1480.0474200000003,13.853673119999998,1.0968233952,12.175041422843933,1.02084815,1.543065,0.26,1.12,0.16,2.96,3.32,3.62,3.7,4.86
2024-01-02 16:40:00,1466.53888,13.75622301,1.0586387136,12.136030883789061,1.151300402,1.705092,0.26,1.12,0.16,2.96,3.32,3.62,3.7,4.86
2024-01-02 16:45:00,1527.32798,14.08632831,0.9188503584000001,12.680074577331542,1.046824646,1.9643355000000002,0.26,1.12,0.16,3.29,3.65,3.98,4.13,4.21
2024-01-02 16:50:00,1608.3819,14.80512625,0.9949684992000001,13.282378611564635,0.8118349260000001,2.434221,0.26,1.12,0.16,3.29,3.65,3.98,4.13,4.21
2024-01-02 16:55:00,1689.4351500000002,15.01862987,1.998226464,11.960446572303772,0.942286646,2.466825,0.26,1.12,0.16,3.29,3.65,3.98,4.13,4.21
2024-01-02 17:00:00,1831.2775000000001,17.214459459999997,2.302960608,13.689895892143248,1.0727381,2.5156365000000003,0.23,1.4,0.16,3.89,4.21,4.53,4.8,5.24
2024-01-02 17:05:00,1756.9785200000001,17.01984383,4.436587584,10.229874286651611,1.255393916,2.467236,0.26,1.12,0.16,3.89,4.21,4.53,4.8,5.24
2024-01-02 17:10:00,1743.46998,14.415320079999999,1.1216392512,12.6987087059021,1.255330342,2.0136600000000002,0.26,1.12,0.16,3.89,4.21,4.53,4.8,5.24
2024-01-02 17:15:00,1716.4529,14.162390239999999,1.55337936,11.785022554397582,1.2291639220000001,1.6410105,0.26,1.12,0.16,4.34,4.67,4.92,5.54,6.78
2024-01-02 17:20:00,1750.22492,13.345848049999999,1.184976,11.53230333328247,1.124690028,1.6897410000000002,0.26,1.12,0.16,4.34,4.67,4.92,5.54,6.78
2024-01-02 17:25:00,1675.92594,13.01517739,1.0197818592,11.454453477859497,1.072421826,1.2845271,0.26,1.12,0.16,4.34,4.67,4.92,5.54,6.78
2024-01-02 17:30:00,1696.18875,12.68449909,1.2102114336,10.832332239151,1.17676804,1.12243155,0.29,1.5,0.2,5.05,5.28,5.47,5.61,5.69
2024-01-02 17:35:00,1824.5239000000001,12.93687121,1.514950944,10.618316631317139,1.307216568,2.030616,0.26,1.12,0.16,5.05,5.28,5.47,5.61,5.69
2024-01-02 17:40:00,2101.45567,17.698161229999997,3.661337472,12.094672408103943,1.1505388440000002,3.6202365,0.26,1.12,0.16,5.05,5.28,5.47,5.61,5.69
2024-01-02 17:45:00,2000.1396100000002,13.169526399999999,2.657880576,9.101776347160339,1.1765775840000001,3.231282,0.26,1.12,0.16,5.94,6.2,6.4,6.61,6.76
2024-01-02 17:50:00,2006.8938800000003,8.718607559999999,0.8796498048,7.372348430156707,1.17651401,2.3879775,0.26,1.12,0.16,5.94,6.2,6.4,6.61,6.76
2024-01-02 17:55:00,2148.7369,9.16532409,1.1716917888,7.372109355926513,1.333063522,2.9722875,0.26,1.12,0.16,5.94,6.2,6.4,6.61,6.76
2024-01-02 18:00:00,2878.2174900000005,9.49543321,1.285919232,7.527399225234985,1.1241827659999999,6.899613,0.26,1.25,0.15,4.75,5.02,5.17,5.58,5.78
2024-01-02 18:05:00,2972.77995,8.6205558,1.0826162879999999,6.963667199611663,1.019711266,13.749283499999999,0.26,1.12,0.16,4.75,5.02,5.17,5.58,5.78
2024-01-02 18:10:00,3033.5703900000003,8.91179069,1.768402272,6.205342411994934,1.07185232,10.179978,0.26,1.12,0.16,4.75,5.02,5.17,5.58,5.78
2024-01-02 18:15:00,2567.5137,8.05634371,1.641308448,5.544405081272125,1.2545020180000002,5.34351,0.26,1.12,0.16,5.89,6.3,6.5,6.5,6.5
2024-01-02 18:20:00,3405.0659600000004,8.19209696,1.2220807872,6.321764731407165,1.358845572,11.4812655,0.26,1.12,0.16,5.89,6.3,6.5,6.5,6.5
2024-01-02 18:25:00,3256.4680000000003,8.32785021,1.2219976704,6.4576449608802795,1.123865694,9.371695500000001,0.26,1.12,0.16,5.89,6.3,6.5,6.5,6.5
2024-01-02 18:30:00,4114.284410000001,7.10312001,1.2219144288,5.233042545318603,1.0715990880000001,14.780758500000001,0.25,1.19,0.17,4.86,5.21,5.41,5.45,5.51
2024-01-02 18:35:00,3972.44139,8.13290606,1.2472344768,6.224078090190887,1.123738812,18.193424999999998,0.26,1.12,0.16,4.86,5.21,5.41,5.45,5.51
2024-01-02 18:40:00,3290.2413600000004,13.76892642,2.072755776,10.596679730415344,1.2541833500000001,10.7882595,0.26,1.12,0.16,4.86,5.21,5.41,5.45,5.51
2024-01-02 18:45:00,2878.2195,18.12222325,2.059975008,14.969537749290465,1.332424324,8.2551015,0.26,1.12,0.16,2.97,3.22,3.39,3.91,4.6
2024-01-02 18:50:00,1986.6317400000003,21.11505,2.36473536,17.495943975448608,1.358461734,3.4952354999999997,0.26,1.12,0.16,2.97,3.22,3.39,3.91,4.6
2024-01-02 18:55:00,2027.1580300000003,16.80005822,2.224938144,13.394904704093932,1.201789596,1.22048475,0.26,1.12,0.16,2.97,3.22,3.39,3.91,4.6
2024-01-02 19:00:00,1939.3498400000003,13.57344747,1.780295712,10.848796029090881,1.280030038,1.2042766500000002,0.22,1.15,0.22,3.03,3.23,3.36,3.67,3.83
2024-01-02 19:05:00,1851.54165,16.87725469,2.5804334399999997,12.928033261299133,1.384371198,1.3018489500000001,0.26,1.12,0.16,3.03,3.23,3.36,3.67,3.83
2024-01-02 19:10:00,1878.5600700000002,14.95283037,2.00876832,11.878513784408568,1.410408342,1.17184875,0.26,1.12,0.16,3.03,3.23,3.36,3.67,3.83
2024-01-02 19:15:00,1838.0337800000002,23.2905591,4.86663216,15.842428274154662,1.2015353000000002,1.02555585,0.26,1.12,0.16,2.95,3.2,3.34,3.64,4.97
2024-01-02 19:20:00,1831.27884,18.02315728,4.561715808,11.041684761047362,1.331977178,1.43210535,0.26,1.12,0.16,2.95,3.2,3.34,3.64,4.97
2024-01-02 19:25:00,1797.50682,18.21724766,3.3930549119999998,13.024350576400757,1.331913072,0.9768052500000001,0.26,1.12,0.16,2.95,3.2,3.34,3.64,4.97
2024-01-02 19:30:00,1750.22492,24.7475071,4.739406047999999,17.494089670181275,1.4362531680000001,1.1069421,0.2,0.94,0.1,2.41,2.65,2.91,2.98,3.04
2024-01-02 19:35:00,1743.4713200000003,12.755165269999999,2.00836896,9.681458950042725,1.253482706,1.0581699,0.26,1.12,0.16,2.41,2.65,2.91,2.98,3.04
2024-01-02 19:40:00,1716.4529,15.262145319999998,2.706912,11.119356107711791,1.27951985,1.0256547,0.26,1.12,0.16,2.41,2.65,2.91,2.98,3.04
2024-01-02 19:45:00,1621.8904400000004,12.89065112,1.88118528,10.011593594551085,1.2533552920000002,0.9280438499999999,0.26,1.12,0.16,2.05,2.29,2.47,3.02,4.31
2024-01-02 19:50:00,1621.8897700000002,8.16736055,1.0427512991999999,6.571483001708984,1.122788128,0.84668145,0.26,1.12,0.16,2.05,2.29,2.47,3.02,4.31
2024-01-02 19:55:00,1621.8904400000004,6.70934486,0.8267267424,5.444082248210907,1.3054293140000002,0.8792301,0.26,1.12,0.16,2.05,2.29,2.47,3.02,4.31
2024-01-02 20:00:00,1581.36348,14.34753036,2.706602496,10.205214576721191,1.14876223,0.9117868499999999,0.2,0.98,0.08,1.4,1.66,1.97,2.09,1.25
2024-01-02 20:05:00,1601.62696,13.95852066,2.249236704,10.516178655624389,1.174799108,1.0257535500000001,0.26,1.12,0.16,1.4,1.66,1.97,2.09,1.25
2024-01-02 20:10:00,1561.1000000000001,7.48591075,0.8899853663999999,6.123834037780761,1.044233274,0.7326912,0.26,1.12,0.16,1.4,1.66,1.97,2.09,1.25
2024-01-02 20:15:00,1581.36348,7.757724759999999,0.9280083072,6.337455742359161,1.070270418,0.7978106999999999,0.26,1.12,0.16,1.05,1.31,1.57,1.0,1.25
2024-01-02 20:20:00,1567.8536000000001,16.97034427,3.3922374719999997,11.778700065612792,1.0702073760000002,0.6837951,0.26,1.12,0.16,1.05,1.31,1.57,1.0,1.25
2024-01-02 20:25:00,1520.5730400000002,9.4869891,1.42324416,7.308787016868591,1.070143802,0.9118119,0.26,1.12,0.16,1.05,1.31,1.57,1.0,1.25
2024-01-02 20:30:00,1513.8187700000003,7.29035922,0.9912691776000001,5.77327243566513,1.043980574,0.79778145,0.18,0.96,0.06,0.5,1.24,0.75,2.32,3.83
2024-01-02 20:35:00,1513.8187700000003,6.7069611799999995,1.0165905983999999,5.151121597290039,1.070017452,0.56967075,0.26,1.12,0.16,0.5,1.24,0.75,2.32,3.83
2024-01-02 20:40:00,1547.59146,13.72332326,2.858420448,9.348657603263854,1.3309546740000002,0.8140566,0.26,1.12,0.16,0.5,1.24,0.75,2.32,3.83
2024-01-02 20:45:00,1520.5730400000002,18.31012141,4.192148064,11.894253520965576,1.3308911,0.83034615,0.26,1.12,0.16,0.5,1.19,0.75,1.0,1.25
2024-01-02 20:50:00,1513.8187700000003,11.4486546,2.146900704,8.1629332113266,1.3308269940000002,0.74884425,0.26,1.12,0.16,0.5,1.19,0.75,1.0,1.25
2024-01-02 20:55:00,1493.55462,25.8316613,5.652852192,17.18026216506958,1.2785633140000001,0.71622525,0.26,1.12,0.16,0.5,1.19,0.75,1.0,1.25
2024-01-02 21:00:00,1493.5552900000002,30.768361899999995,6.135503711999999,21.378289070129394,1.2523998200000002,0.8792398499999999,0.17,0.98,0.05,0.5,1.26,1.6,1.0,1.25
2024-01-02 21:05:00,1608.3819,16.03491986,2.667490176,11.952461948394776,1.69603196,0.9607688999999999,0.26,1.12,0.16,0.5,1.26,1.6,1.0,1.25
2024-01-02 21:10:00,1480.0460799999998,23.692824199999997,4.140980064,17.355266323089598,1.617667828,1.3521666,0.26,1.12,0.16,0.5,1.26,1.6,1.0,1.25
2024-01-02 21:15:00,1480.0454100000002,17.803138649999998,3.4041234240000002,12.593302927017211,1.304407874,0.7976926499999999,0.26,1.12,0.16,0.5,1.5,2.02,2.16,1.25
2024-01-02 21:20:00,1493.55462,26.199718299999997,5.906590560000001,17.159985027313233,1.4348420380000002,0.8303069999999999,0.26,1.12,0.16,0.5,1.5,2.02,2.16,1.25
2024-01-02 21:25:00,1507.06383,44.2759965,11.953306560000001,25.982075490951537,1.6957726100000001,1.0097568,0.26,1.12,0.16,0.5,1.5,2.02,2.16,1.25
2024-01-02 21:30:00,1513.8181000000002,55.0634473,15.764274239999999,30.937032356262204,2.087199324,1.38504855,0.17,1.01,0.05,1.02,1.58,2.14,2.38,2.56
2024-01-02 21:35:00,1473.2918100000002,47.463309,11.978634719999999,29.13062208175659,2.1132327440000003,1.1729763,0.26,1.12,0.16,1.02,1.58,2.14,2.38,2.56
2024-01-02 21:40:00,1493.55462,44.508653599999995,10.060370112000001,29.11177119255066,1.9304718580000002,0.89556675,0.26,1.12,0.16,1.02,1.58,2.14,2.38,2.56
2024-01-02 21:45:00,1513.8187700000003,87.3094998,22.81466304,52.39283065795898,2.60898652,1.6627335,0.26,1.12,0.16,1.09,1.66,2.11,2.2,1.25
2024-01-02 21:50:00,1466.5362000000002,59.59167529999999,14.95115232,36.70969959259033,2.7394143,1.22206755,0.26,1.12,0.16,1.09,1.66,2.11,2.2,1.25
2024-01-02 21:55:00,1493.55462,56.209370899999996,15.02734272,33.21079313278198,2.347861502,1.12415175,0.26,1.12,0.16,1.09,1.66,2.11,2.2,1.25
2024-01-02 22:00:00,1466.5362000000002,46.5682066,9.679071168,31.754886627197266,2.6609815400000003,1.2221586,0.17,1.12,0.04,1.13,1.68,2.08,2.21,1.25
2024-01-02 22:05:00,1554.3450599999999,30.123832399999998,5.690051328,21.41549903869629,2.5304218240000003,1.3038598499999998,0.26,1.12,0.16,1.13,1.68,2.08,2.21,1.25
2024-01-02 22:10:00,1540.8358500000004,40.56158129999999,11.521019328,22.929249668121336,2.217167722,1.36924905,0.26,1.12,0.16,1.13,1.68,2.08,2.21,1.25
2024-01-02 22:15:00,1574.60921,84.937509,25.39356768,46.073952121734614,3.6525391000000003,2.0390655,0.26,1.12,0.16,1.05,1.78,2.43,3.28,4.11
2024-01-02 22:20:00,1628.64538,61.009601999999994,15.05261472,37.97234668731689,3.9395531000000004,2.8397565,0.26,1.12,0.16,1.05,1.78,2.43,3.28,4.11
2024-01-02 22:25:00,1736.7170500000002,63.2447795,15.6496704,39.29376323699951,4.278766940000001,2.7092955,0.26,1.12,0.16,1.05,1.78,2.43,3.28,4.11
2024-01-02 22:30:00,1669.1723400000003,84.89831579999999,20.045226239999998,54.22012281417847,5.45313832,3.6737025,0.26,1.12,0.16,1.18,1.92,2.57,2.79,2.94
2024-01-02 22:35:00,1844.78939,62.661331800000006,13.83294432,41.49071788787842,5.08768358,2.954934,0.26,1.12,0.16,1.18,1.92,2.57,2.79,2.94
2024-01-02 22:40:00,2013.6528400000002,54.4778222,12.09245856,35.97093563079834,5.0615118400000005,5.3253855,0.26,1.12,0.16,1.18,1.92,2.57,2.79,2.94
2024-01-02 22:45:00,2533.75039,33.1931069,6.75667824,22.85235610961914,4.696059760000001,9.314928,0.26,1.12,0.16,1.2,2.02,2.52,3.18,3.7
2024-01-02 22:50:00,2952.53121,28.5472038,6.947181696,17.914898567199707,3.6259524,13.403613,0.26,1.12,0.16,1.2,2.02,2.52,3.18,3.7
2024-01-02 22:55:00,2628.31419,28.8774046,9.056025888,15.017620358467102,3.6258859000000006,9.4479525,0.26,1.12,0.16,1.2,2.02,2.52,3.18,3.7
2024-01-02 23:00:00,2749.89574,24.678537,6.032352768,15.446330089569091,3.7302057800000004,8.304247499999999,0.19,1.08,0.06,1.13,1.84,2.41,2.91,4.19
2024-01-02 23:05:00,3269.9946299999997,33.9308444,9.22107888,19.818454036712644,4.017217120000001,11.8873425,0.26,1.12,0.16,1.13,1.84,2.41,2.91,4.19
2024-01-02 23:10:00,3742.81229,16.14467419,2.538514368,12.259608125686645,5.061075600000001,14.3426145,0.26,1.12,0.16,1.13,1.84,2.41,2.91,4.19
2024-01-02 23:15:00,3472.63211,8.56349264,1.2425828064,6.661782932281493,3.28633158,15.440565000000001,0.26,1.12,0.16,0.5,1.72,2.41,2.88,3.22
2024-01-02 23:20:00,3087.6233100000004,23.2002161,4.926805728,15.659994144439697,3.6516347000000002,14.787938999999998,0.26,1.12,0.16,0.5,1.72,2.41,2.88,3.22
2024-01-02 23:25:00,2074.44328,47.6727978,10.173719711999999,32.10243953704834,4.304013,4.2505125,0.26,1.12,0.16,0.5,1.72,2.41,2.88,3.22
2024-01-02 23:30:00,2081.19822,32.6078829,7.327839168000001,21.39299964904785,3.5471046800000003,1.5012255,0.19,1.08,0.16,0.5,1.71,2.39,3.24,3.78
2024-01-02 23:35:00,1898.8262300000001,19.253449399999997,4.304072448,12.666287508010864,3.2860576000000004,1.0920679500000001,0.26,1.12,0.16,0.5,1.71,2.39,3.24,3.78
2024-01-02 23:40:00,2094.7081000000003,70.97894249999999,17.1230592,44.77298028945923,4.486486340000001,1.5505050000000002,0.26,1.12,0.16,0.5,1.71,2.39,3.24,3.78
2024-01-02 23:45:00,1966.3716100000001,55.000321799999995,11.78703552,36.960868701934814,5.243248360000001,1.8125745,0.26,1.12,0.16,0.5,1.59,2.16,3.26,4.14
2024-01-02 23:50:00,2060.9354100000005,38.86615069999999,7.5435884159999995,27.32107515335083,4.695123440000001,1.910952,0.26,1.12,0.16,0.5,1.59,2.16,3.26,4.14
2024-01-02 23:55:00,2358.13535,88.6287559,27.032790719999998,47.2564524269104,6.36529754,4.220403,0.26,1.12,0.16,0.5,1.59,2.16,3.26,4.14
2024-01-03 00:00:00,1655.6842350000002,16.04829177,1.75722768,12.88524125099182,1.107646876,1.06353915,0.16,0.91,0.08,0.5,1.59,2.16,3.26,4.14
2024-01-03 00:15:00,4783.016769999999,6.01349175,1.0255991616,4.443864886760712,3.3638014199999997,21.28071,0.26,1.12,0.16,1.11,1.95,2.75,3.14,3.46
2024-01-03 00:20:00,4269.67215,6.26589634,0.9619897248,4.793620467185974,2.9722733600000004,18.284219999999998,0.26,1.12,0.16,1.11,1.95,2.75,3.14,3.46
2024-01-03 00:25:00,2472.9633000000003,43.646594199999996,7.378018752,32.35491649627686,4.17267284,11.8284465,0.26,1.12,0.16,1.11,1.95,2.75,3.14,3.46
2024-01-03 00:30:00,1986.6357600000001,30.252967499999997,5.319713567999999,22.11141725540161,4.19870094,1.780893,0.18,1.17,0.15,1.09,1.8,2.44,2.66,2.86
2024-01-03 00:35:00,2067.69102,16.58710277,2.715066432,12.431832647323608,3.23303848,0.94485405,0.26,1.12,0.16,1.09,1.8,2.44,2.66,2.86
2024-01-03 00:40:00,1979.88082,8.46131337,1.266580224,6.522877161502838,2.397866044,0.8628763500000001,0.26,1.12,0.16,1.09,1.8,2.44,2.66,2.86
2024-01-03 00:45:00,1925.84465,13.106960529999998,2.232106656,9.690836124420166,2.449993266,0.9940713000000001,0.26,1.12,0.16,0.5,1.52,2.0,2.13,1.25
2024-01-03 00:50:00,1790.75456,12.79564963,1.901686176,9.885216679573059,2.4760232280000003,1.0268907,0.26,1.12,0.16,0.5,1.52,2.0,2.13,1.25
2024-01-03 00:55:00,1662.4174,5.2529641300000005,0.9359892672,3.8204804253578186,2.1106014720000004,0.7972569,0.26,1.12,0.16,0.5,1.52,2.0,2.13,1.25
2024-01-03 01:00:00,1648.9088600000002,3.98911331,0.9359049024,2.5567588627338407,1.745181312,0.71521665,0.16,0.9,0.1,0.5,1.62,2.25,2.49,3.77
2024-01-03 01:05:00,1648.90819,4.6886221599999995,1.0501709088,3.081389501094818,1.927792972,0.74801235,0.26,1.12,0.16,0.5,1.62,2.25,2.49,3.77
2024-01-03 01:10:00,1608.38123,5.19374267,0.8976192575999999,3.8199826955795286,1.9016310740000002,0.8300475,0.26,1.12,0.16,0.5,1.62,2.25,2.49,3.77
2024-01-03 01:15:00,1642.15392,6.28204348,0.8467119648,4.986194076538085,1.692793144,0.5346177,0.26,1.12,0.16,1.12,1.89,2.54,2.86,3.37
2024-01-03 01:20:00,1594.87202,7.836901899999999,0.7958042976,6.618963599205017,1.5883423920000002,0.5345732999999999,0.26,1.12,0.16,1.12,1.89,2.54,2.86,3.37
2024-01-03 01:25:00,1635.3989800000002,8.128196,0.82113096,6.8714970254898065,1.5882777540000002,0.25,0.26,1.12,0.16,1.12,1.89,2.54,2.86,3.37
2024-01-03 01:30:00,1662.4174,8.011265799999999,0.998927904,6.482457222938537,1.588213648,0.25,0.15,0.67,0.04,1.15,1.89,2.47,2.84,3.12
2024-01-03 01:35:00,1574.60787,6.144771779999999,1.0496675904000001,4.538309681415558,1.4054748400000001,0.25,0.26,1.12,0.16,1.15,1.89,2.47,2.84,3.12
2024-01-03 01:40:00,1615.1355,4.705940129999999,1.0495838495999998,3.0996060466766355,1.353218076,0.25,0.26,1.12,0.16,1.15,1.89,2.47,2.84,3.12
2024-01-03 01:45:00,1635.3989800000002,4.14188657,1.0494998592,2.5356804847717282,1.327057774,0.5015004000000001,0.26,1.12,0.16,1.19,2.01,2.68,3.66,4.49
2024-01-03 01:50:00,1723.20918,3.81110704,0.9985916928,2.2828137207031247,1.274801542,0.7971469500000001,0.26,1.12,0.16,1.19,2.01,2.68,3.66,4.49
2024-01-03 01:55:00,1594.8713500000003,4.879990789999999,0.9858014399999999,3.371272242069244,1.3269300940000002,0.59998095,0.26,1.12,0.16,1.19,2.01,2.68,3.66,4.49
2024-01-03 02:00:00,1574.60787,4.957447019999999,1.0238357376,3.3905188560485837,1.50953803,0.5506494000000001,0.16,0.68,0.06,1.28,2.28,3.24,3.63,3.93
2024-01-03 02:05:00,1547.5894500000002,5.2681811,1.0364581344000001,3.681934859752655,1.378994008,0.25,0.26,1.12,0.16,1.28,2.28,3.24,3.63,3.93
2024-01-03 02:10:00,1561.0986599999999,5.8705187,1.0871990688,4.206616272926331,1.431122028,0.25,0.26,1.12,0.16,1.28,2.28,3.24,3.63,3.93
2024-01-03 02:15:00,1534.0809100000001,5.55917915,0.8584017312,4.245439195632934,1.3527703979999999,0.61627575,0.26,1.12,0.16,1.38,2.58,3.56,4.93,6.28
2024-01-03 02:20:00,1527.32597,5.28671765,0.8710235040000001,3.9536607098579406,1.300514964,0.7642059,0.26,1.12,0.16,1.38,2.58,3.56,4.93,6.28
2024-01-03 02:25:00,1513.81743,5.0531342,0.9090581759999999,3.661867651939392,1.27435546,0.66553605,0.26,1.12,0.16,1.38,2.58,3.56,4.93,6.28
2024-01-03 02:30:00,1493.55261,4.83899264,0.8581477632,3.525641561746597,1.248196222,0.59972985,0.14,1.07,0.04,1.63,3.1,4.43,4.76,5.14
2024-01-03 02:35:00,1493.5532800000003,4.5665273200000005,0.9088893216,3.175518717765808,1.37861017,0.69837525,0.26,1.12,0.16,1.63,3.1,4.43,4.76,5.14
2024-01-03 02:40:00,1480.0434000000002,4.64398546,0.7436194272000001,3.505914067029953,1.4307371260000001,0.6983523,0.26,1.12,0.16,1.63,3.1,4.43,4.76,5.14
2024-01-03 02:45:00,1473.2891300000001,4.021592859999999,0.6800010048,2.9808863377571106,1.326291162,0.8463906,0.26,1.12,0.16,1.63,3.07,4.37,5.02,5.5
2024-01-03 02:50:00,1473.2898,4.39065452,0.6926222784,3.330631899833679,1.326227322,0.7476666000000001,0.26,1.12,0.16,1.63,3.07,4.37,5.02,5.5
2024-01-03 02:55:00,1466.5348600000002,5.01244165,0.6290034816000001,4.049784033298493,1.3261634820000001,0.73119465,0.26,1.12,0.16,1.63,3.07,4.37,5.02,5.5
2024-01-03 03:00:00,1493.5532800000003,5.498148919999999,0.6670382784,4.477281088829041,1.24781398,0.73117575,0.14,0.93,0.04,1.65,3.33,4.83,5.97,8.03
2024-01-03 03:05:00,1486.79834,5.536729009999999,0.8829688608,4.18539057970047,1.2738455380000002,0.73115715,0.26,1.12,0.16,1.65,3.33,4.83,5.97,8.03
2024-01-03 03:10:00,1486.7990100000002,5.67251282,1.213263168,3.8156757164001465,1.35206736,0.6982143000000001,0.26,1.12,0.16,1.65,3.33,4.83,5.97,8.03
2024-01-03 03:15:00,1486.79834,5.74997287,1.0734036768,4.107183706760407,1.325908388,0.82990515,0.26,1.12,0.16,1.79,3.59,5.17,6.87,8.69
2024-01-03 03:20:00,1473.2891300000001,5.3997418999999995,1.0351989024000001,3.8154229807853697,1.378034546,0.71463465,0.26,1.12,0.16,1.79,3.59,5.17,6.87,8.69
2024-01-03 03:25:00,1473.2891300000001,5.2439164599999994,1.0224077759999999,3.6791738939285277,1.2996855760000001,0.7804881000000001,0.26,1.12,0.16,1.79,3.59,5.17,6.87,8.69
2024-01-03 03:30:00,1466.5348600000002,5.535223929999999,0.7808893248,4.340112590789794,1.221337138,0.7310637,0.14,0.82,0.03,1.82,3.54,5.06,5.66,6.16
2024-01-03 03:35:00,1466.53419,5.359956599999999,0.6664401120000001,4.340004210472107,1.299558162,0.7310448,0.26,1.12,0.16,1.82,3.54,5.06,5.66,6.16
2024-01-03 03:40:00,1473.2891300000001,5.90399718,0.6663544992,4.884175865650176,1.429967854,0.7145511,0.26,1.12,0.16,1.82,3.54,5.06,5.66,6.16
2024-01-03 03:45:00,1466.53419,6.4674796500000005,0.6662692608,5.447788581848144,1.3516194160000001,0.6321442500000001,0.26,1.12,0.16,1.85,3.67,5.28,6.1,7.03
2024-01-03 03:50:00,1446.27071,5.65066433,0.666183648,4.6311041808128355,1.325460976,0.5332361999999999,0.26,1.12,0.16,1.85,3.67,5.28,6.1,7.03
2024-01-03 03:55:00,1446.27071,4.77552334,0.7169277023999999,3.678302297592163,1.40368067,0.51670995,0.26,1.12,0.16,1.85,3.67,5.28,6.1,7.03
2024-01-03 04:00:00,1439.5157700000002,4.17254971,0.7676721312,2.9976670718193055,1.4558060300000002,0.7639188000000001,0.14,0.82,0.16,1.87,3.69,5.04,6.2,8.45
2024-01-03 04:05:00,1459.7799200000002,4.055600409999999,0.8692464768,2.7252633893489837,1.4035524580000003,0.8793054,0.26,1.12,0.16,1.87,3.69,5.04,6.2,8.45
2024-01-03 04:10:00,1466.53419,4.36635168,0.9454069248,2.919454734325409,1.377394284,1.1925795,0.26,1.12,0.16,1.87,3.69,5.04,6.2,8.45
2024-01-03 04:15:00,1473.2891300000001,3.97722547,0.8309547168,2.705491950511932,1.299047442,1.2420924,0.26,1.12,0.16,1.86,3.82,5.5,7.02,8.56
2024-01-03 04:20:00,1473.28846,3.9769198699999997,0.5767178976,3.0942824327945706,1.3250776700000002,1.04423175,0.26,1.12,0.16,1.86,3.82,5.5,7.02,8.56
2024-01-03 04:25:00,1480.0434000000002,3.8405267699999994,0.6655856064,2.8218819379806517,1.246731626,0.8958033000000001,0.26,1.12,0.16,1.86,3.82,5.5,7.02,8.56
2024-01-03 04:30:00,1486.7976700000004,4.05407814,1.0975622112,2.3743156254291535,1.168385582,0.9123030000000001,0.14,0.9,0.16,1.84,3.83,5.53,6.78,7.95
2024-01-03 04:35:00,1507.0618200000001,4.2676276,1.415172096,2.101779199838638,1.063946002,0.71432115,0.26,1.12,0.16,1.84,3.83,5.53,6.78,7.95
2024-01-03 04:40:00,1486.7976700000004,4.267322,1.326134784,2.2377407145500183,1.1682587,0.5327883,0.26,1.12,0.16,1.84,3.83,5.53,6.78,7.95
2024-01-03 04:45:00,1473.28846,4.67528845,1.3514679360000001,2.6069359898567197,0.9855377140000001,0.6812725500000001,0.26,1.12,0.16,1.96,4.15,5.86,8.2,10.36
2024-01-03 04:50:00,1466.53352,5.35543563,1.1099352576000001,3.656736891269684,1.011568474,0.56570925,0.26,1.12,0.16,1.96,4.15,5.86,8.2,10.36
2024-01-03 04:55:00,1466.53419,5.21904253,1.0590198528,3.5982666206359863,1.220255582,0.6151917,0.26,1.12,0.16,1.96,4.15,5.86,8.2,10.36
2024-01-03 05:00:00,1480.0427300000001,5.1020913199999995,0.9318558912,3.675933641195297,1.16800467,0.5491185,0.14,0.55,0.16,1.94,3.93,5.64,6.92,7.95
2024-01-03 05:05:00,1500.30688,5.257322749999999,0.7538583936,4.103581199645996,1.0635666860000001,0.6151236,0.26,1.12,0.16,1.94,3.93,5.64,6.92,7.95
2024-01-03 05:10:00,1500.30688,4.6932138,0.7537735296,3.539602130651474,1.0895969140000001,0.59857545,0.26,1.12,0.16,1.94,3.93,5.64,6.92,7.95
2024-01-03 05:15:00,1486.7976700000004,4.75123578,0.7409801568000001,3.6172035765647887,1.0634400700000002,0.25,0.26,1.12,0.16,2.1,4.14,5.94,7.06,7.88
2024-01-03 05:20:00,1473.28846,5.17865176,0.8806853952,3.830807976722717,1.063376762,0.25,0.26,1.12,0.16,2.1,4.14,5.94,7.06,7.88
2024-01-03 05:25:00,1466.53352,5.35332508,0.906017424,3.9667118859291075,1.06331372,0.25,0.26,1.12,0.16,2.1,4.14,5.94,7.06,7.88
2024-01-03 05:30:00,1466.53419,6.15013888,0.9694744799999999,4.6664079308509825,1.193717028,0.25,0.14,0.72,0.04,2.12,4.2,5.93,7.07,8.72
2024-01-03 05:35:00,1459.77925,6.188722789999999,0.9312652128,4.763469336032867,1.2458399940000002,0.25,0.26,1.12,0.16,2.12,4.2,5.93,7.07,8.72
2024-01-03 05:40:00,1473.28846,6.01344591,0.7405544639999999,4.880065155029297,1.29796296,0.25,0.26,1.12,0.16,2.12,4.2,5.93,7.07,8.72
2024-01-03 05:45:00,1486.7976700000004,6.168681159999999,0.9056794656,4.782585256099701,1.323992124,0.25,0.26,1.12,0.16,2.06,4.09,5.78,7.37,8.86
2024-01-03 05:50:00,1480.0427300000001,5.9739643,0.9183034848,4.5685477900505065,1.062997446,0.25,0.26,1.12,0.16,2.06,4.09,5.78,7.37,8.86
2024-01-03 05:55:00,1473.28779,6.57636875,0.7911331584,5.365579833984375,1.036841134,0.5651814,0.26,1.12,0.16,2.06,4.09,5.78,7.37,8.86
2024-01-03 06:00:00,1459.77925,6.84825916,0.6004187904,5.929348745346069,1.115056838,0.54860475,0.26,1.12,0.16,2.11,4.27,6.25,6.98,7.6
2024-01-03 06:05:00,1453.0243100000002,6.51744334,0.6384590783999999,5.540314407348633,1.167179538,0.25,0.26,1.12,0.16,2.11,4.27,6.25,6.98,7.6
2024-01-03 06:10:00,1453.0243100000002,6.43937591,0.7146260160000001,5.3456774735450745,1.06274448,0.25,0.26,1.12,0.16,2.11,4.27,6.25,6.98,7.6
2024-01-03 06:15:00,1459.7785800000004,7.02234611,0.9305901696000001,5.598125743865967,1.0365887,0.6642735,0.26,1.12,0.16,2.03,3.97,5.67,7.01,8.2
2024-01-03 06:20:00,1459.7785800000004,7.70252958,0.8288349888000001,6.434040365219116,1.297452506,0.56497785,0.26,1.12,0.16,2.03,3.97,5.67,7.01,8.2
2024-01-03 06:25:00,1459.77925,7.97442763,0.7524968256,6.822770054340363,1.323481404,0.5483904000000001,0.26,1.12,0.16,2.03,3.97,5.67,7.01,8.2
2024-01-03 06:30:00,1459.7785800000004,8.362980839999999,0.625322256,7.405956802368164,1.1929544060000001,0.6972887999999999,0.17,1.13,0.06,1.97,3.54,4.73,5.67,6.58
2024-01-03 06:35:00,1459.77925,8.868191119999999,0.5235645792,8.066902785301208,1.166798626,0.58140705,0.26,1.12,0.16,1.97,3.54,4.73,5.67,6.58
2024-01-03 06:40:00,1459.7785800000004,9.04287972,0.8030777664,7.813810153007507,1.21891973,0.6310287,0.26,1.12,0.16,1.97,3.54,4.73,5.67,6.58
2024-01-03 06:45:00,1459.7785800000004,9.41199868,0.955501872,7.949652585983276,1.244948894,0.68066325,0.26,1.12,0.16,2.01,3.46,4.68,5.36,6.19
2024-01-03 06:50:00,1466.5328500000003,9.83944331,1.095218592,8.163267459869385,1.114423492,0.56473335,0.26,1.12,0.16,2.01,3.46,4.68,5.36,6.19
2024-01-03 06:55:00,1473.28779,9.87803868,1.1840990303999999,8.0658362865448,1.323098364,0.64749255,0.26,1.12,0.16,2.01,3.46,4.68,5.36,6.19
2024-01-03 07:00:00,1473.28779,9.48889528,1.272981216,7.5406626081466674,1.323034524,0.69714915,0.15,1.61,0.08,1.98,3.25,4.23,5.03,5.64
2024-01-03 07:05:00,1480.0427300000001,9.97467322,1.24747896,8.065470161437988,1.244694066,0.6971259000000001,0.26,1.12,0.16,1.98,3.25,4.23,5.03,5.64
2024-01-03 07:10:00,1480.04206,11.238164959999999,1.2601056000000002,9.309637956619262,1.1402622,0.68053605,0.26,1.12,0.16,1.98,3.25,4.23,5.03,5.64
2024-01-03 07:15:00,1473.28779,15.593073830000002,1.641304704,13.08114095211029,1.401118824,0.69707925,0.26,1.12,0.16,1.74,2.78,3.55,3.95,4.24
2024-01-03 07:20:00,1459.77791,15.087282909999999,1.2980672640000002,13.100657606124877,1.140135318,0.64734315,0.26,1.12,0.16,1.74,2.78,3.55,3.95,4.24
2024-01-03 07:25:00,1459.7785800000004,14.775918529999998,1.1708894496,12.983932003974914,1.0617964560000002,0.64731315,0.26,1.12,0.16,1.74,2.78,3.55,3.95,4.24
2024-01-03 07:30:00,1446.2693700000002,15.961661809999997,1.2597723840000001,14.033644561767577,1.035641208,0.630708,0.17,1.14,0.08,1.75,2.77,3.45,4.08,4.65
2024-01-03 07:35:00,1453.0236400000001,15.96139059,1.107174432,14.266916346549987,1.035577634,0.6804084,0.26,1.12,0.16,1.75,2.77,3.45,4.08,4.65
2024-01-03 07:40:00,1453.0236400000001,17.030482529999997,1.2468972672,15.122170023918152,1.0616067980000001,0.7798611,0.26,1.12,0.16,1.75,2.77,3.45,4.08,4.65
2024-01-03 07:45:00,1453.0236400000001,21.074386099999998,1.640815488,18.56320048332214,1.113726572,0.8627583000000001,0.26,1.12,0.16,1.66,2.68,3.42,4.23,4.98
2024-01-03 07:50:00,1453.0236400000001,22.240708499999997,1.386537984,20.11868391036987,1.061480182,0.6471636000000001,0.26,1.12,0.16,1.66,2.68,3.42,4.23,4.98
2024-01-03 07:55:00,1453.0229700000002,21.5405025,1.068710448,19.90489599227905,1.296240344,0.69689265,0.26,1.12,0.16,1.66,2.68,3.42,4.23,4.98
2024-01-03 08:00:00,1459.77791,24.301178299999997,1.462632288,22.06269529342651,1.191811138,0.86275395,0.28,1.61,0.16,1.68,2.74,3.63,4.0,4.31
2024-01-03 08:05:00,1459.77791,29.3367596,2.199726048,25.97019190788269,1.087381932,0.8627524499999999,0.26,1.12,0.16,1.68,2.74,3.63,4.0,4.31
2024-01-03 08:10:00,1459.77791,31.708597599999997,2.186937792,28.361602706909178,1.2177753980000001,0.7963797000000001,0.26,1.12,0.16,1.68,2.74,3.63,4.0,4.31
2024-01-03 08:15:00,1459.77791,31.9611187,2.263118208,28.497531661987303,1.0611639080000002,1.0287006,0.26,1.12,0.16,2.02,3.07,3.96,4.53,4.99
2024-01-03 08:20:00,1459.77791,32.291434100000004,2.5426614720000003,28.40002034187317,1.11328315,0.94573485,0.26,1.12,0.16,2.02,3.07,3.96,4.53,4.99
2024-01-03 08:25:00,1459.7785800000004,28.5969402,1.474931328,26.33963399887085,1.165402126,0.89594595,0.26,1.12,0.16,2.02,3.07,3.96,4.53,4.99
2024-01-03 08:30:00,1459.77791,28.7133547,1.3223271360000002,26.68960041999817,1.295793996,0.9291523500000001,0.27,2.08,0.21,2.23,3.33,4.16,4.36,4.63
2024-01-03 08:35:00,1453.0236400000001,26.613176,1.423926816,24.433929138183593,1.2174572620000002,0.84614025,0.26,1.12,0.16,2.23,3.33,4.16,4.36,4.63
2024-01-03 08:40:00,1453.0229700000002,21.1298143,1.1569279488,19.359194717407227,1.16521167,0.72989415,0.26,1.12,0.16,2.23,3.33,4.16,4.36,4.63
2024-01-03 08:45:00,1459.77791,19.9240504,1.1187133152,18.211917104721067,1.191239238,0.6966585,0.26,1.12,0.16,2.11,3.17,4.04,4.92,6.65
2024-01-03 08:50:00,1459.77791,25.076389999999996,1.690598208,22.489016103744508,1.3216295120000001,0.8129084999999999,0.26,1.12,0.16,2.11,3.17,4.04,4.92,6.65
2024-01-03 08:55:00,1459.77791,27.292734899999996,1.5888325440000002,24.861107883453368,1.112839728,0.9291894,0.26,1.12,0.16,2.11,3.17,4.04,4.92,6.65
2024-01-03 09:00:00,1459.77724,26.6702659,1.576040544,24.258216409683225,0.9301416180000001,0.7962775500000001,0.27,1.76,0.21,2.03,2.98,3.68,4.23,4.84
2024-01-03 09:05:00,1432.7594900000001,23.2673335,1.677643968,20.69978638648987,1.060531892,0.74641605,0.26,1.12,0.16,2.03,2.98,3.68,4.23,4.84
2024-01-03 09:10:00,1459.77724,21.594899299999998,1.601297568,19.144195489883423,0.930015534,0.6965413500000001,0.26,1.12,0.16,2.03,2.98,3.68,4.23,4.84
2024-01-03 09:15:00,1453.0229700000002,19.553032899999998,1.296161568,17.569323825836182,0.929953024,0.8294897999999999,0.26,1.12,0.16,2.7,3.86,4.76,5.84,6.61
2024-01-03 09:20:00,1446.2680300000002,16.05282993,0.96559944,14.5750297498703,0.9559805920000001,0.71311815,0.26,1.12,0.16,2.7,3.86,4.76,5.84,6.61
2024-01-03 09:25:00,1439.5137600000003,12.57206121,0.7494324864,11.425093340873717,0.8515561740000002,0.7463487,0.26,1.12,0.16,2.7,3.86,4.76,5.84,6.61
2024-01-03 09:30:00,1439.5130900000001,11.52179232,0.5332636608,10.705659327507018,0.9558547740000001,0.7629598500000001,0.28,1.62,0.21,2.03,2.78,3.32,3.66,3.91
2024-01-03 09:35:00,1439.5130900000001,11.793726659999999,0.6348645888,10.822098951339722,1.138423608,0.7629453,0.26,1.12,0.16,2.03,2.78,3.32,3.66,3.91
2024-01-03 09:40:00,1446.2687,13.05731581,1.0288172544,11.482763509750365,1.1644501120000001,0.62987025,0.26,1.12,0.16,2.03,2.78,3.32,3.66,3.91
2024-01-03 09:45:00,1453.0223,12.0264869,0.7872247968,10.821679091453552,0.8252152580000001,0.629838,0.26,1.12,0.16,1.34,1.95,2.45,2.6,2.71
2024-01-03 09:50:00,1453.0229700000002,11.85120238,0.9650941248,10.374174938201904,0.981692684,0.7961752499999999,0.26,1.12,0.16,1.34,1.95,2.45,2.6,2.71
2024-01-03 09:55:00,1446.2680300000002,12.58980511,1.1938089696,10.762741146087645,0.929449752,0.8627215500000001,0.26,1.12,0.16,1.34,1.95,2.45,2.6,2.71
2024-01-03 10:00:00,1446.2680300000002,12.433964389999998,1.1174588256,10.723751554489136,1.03374649,0.6963066,0.19,1.13,0.12,1.21,2.01,2.63,3.94,6.29
2024-01-03 10:05:00,1459.77724,13.172570939999998,1.2063536160000001,11.326308779716491,1.05977326,0.8127879,0.26,1.12,0.16,1.21,2.01,2.63,3.94,6.29
2024-01-03 10:10:00,1466.5321800000002,13.61951476,1.07915808,11.96791934967041,1.059710218,0.8460714,0.26,1.12,0.16,1.21,2.01,2.63,3.94,6.29
2024-01-03 10:15:00,1466.5321800000002,13.75534441,0.926538912,12.337325010299683,1.05964691,0.7628278499999999,0.26,1.12,0.16,1.45,2.16,2.79,3.27,4.67
2024-01-03 10:20:00,1466.5321800000002,14.24118156,0.9518771808,12.784382891654968,1.059583868,0.82941405,0.26,1.12,0.16,1.45,2.16,2.79,3.27,4.67
2024-01-03 10:25:00,1466.53151,14.12423417,0.8882360448000001,12.764834361076355,1.216058102,0.86271315,0.26,1.12,0.16,1.45,2.16,2.79,3.27,4.67
2024-01-03 10:30:00,1453.0223,12.86004528,0.9262856928000001,11.442412333488464,1.1116366100000001,0.8627115000000001,0.2,1.39,0.09,1.64,2.38,3.02,3.82,4.62
2024-01-03 10:35:00,1432.75815,16.2431557,2.55327072,12.335505313873291,1.215930954,0.6794846999999999,0.26,1.12,0.16,1.64,2.38,3.02,3.82,4.62
2024-01-03 10:40:00,1432.75815,12.0622421,1.574404416,9.65269718170166,1.3202250320000002,0.7127772,0.26,1.12,0.16,1.64,2.38,3.02,3.82,4.62
2024-01-03 10:45:00,1432.75815,10.27302859,1.1802640512,8.466695008277894,1.111446154,0.5294815500000001,0.26,1.12,0.16,1.48,2.25,2.84,3.22,3.48
2024-01-03 10:50:00,1439.5130900000001,8.71714641,1.1547574271999999,6.949849619865417,1.0592042860000002,0.56276295,0.26,1.12,0.16,1.48,2.25,2.84,3.22,3.48
2024-01-03 10:55:00,1446.2673600000003,10.29189366,1.370772,8.193997378349303,1.059141244,0.6293844,0.26,1.12,0.16,1.48,2.25,2.84,3.22,3.48
2024-01-03 11:00:00,1453.0223,12.89723871,1.510519296,10.585466465950011,1.085167216,0.5793481500000001,0.17,1.12,0.07,1.08,1.77,2.24,2.64,2.97
2024-01-03 11:05:00,1540.83317,14.86090971,1.637555712,12.354715042114258,1.059014894,0.7126704,0.26,1.12,0.16,1.08,1.77,2.24,2.64,2.97
2024-01-03 11:10:00,2587.81403,25.2054296,3.963740352,19.13912802696228,1.37202002,5.0974845,0.26,1.12,0.16,1.08,1.77,2.24,2.64,2.97
2024-01-03 11:15:00,2283.8524500000003,71.9318988,19.40862144,42.22799549102783,1.8154688860000001,7.415815499999999,0.26,1.12,0.16,1.33,2.02,2.48,3.25,3.76
2024-01-03 11:20:00,2385.1725300000003,19.9936126,2.6669784959999996,15.911939220428467,1.606692668,7.9836975,0.26,1.12,0.16,1.33,2.02,2.48,3.25,3.76
2024-01-03 11:25:00,3195.7398700000003,23.8629479,3.925388064,17.8553422164917,1.345739486,13.10511,0.26,1.12,0.16,1.33,2.02,2.48,3.25,3.76
2024-01-03 11:30:00,3317.32477,29.1518334,5.221945248,21.159914569854735,1.319586898,19.39557,0.18,1.03,0.09,1.29,1.89,2.24,3.8,7.38
2024-01-03 11:35:00,3256.5329899999997,33.0990012,6.391389888,23.317309494018552,1.554321258,16.478430000000003,0.26,1.12,0.16,1.29,1.89,2.24,3.8,7.38
2024-01-03 11:40:00,3378.11789,36.0544588,6.976086624000001,25.377916240692137,1.554256886,14.394798,0.26,1.12,0.16,1.29,1.89,2.24,3.8,7.38
2024-01-03 11:45:00,3506.4584000000004,40.954468299999995,8.768448,27.534806604385373,1.5541925140000001,17.03328,0.26,1.12,0.16,1.08,1.54,1.86,2.47,4.05
2024-01-03 11:50:00,3290.30635,38.4263541,8.742972576,25.04568229675293,1.371508236,13.9644555,0.26,1.12,0.16,1.08,1.54,1.86,2.47,4.05
2024-01-03 11:55:00,3330.83532,30.550679199999998,7.230154464,19.4852984046936,1.2670904680000001,10.377340499999999,0.26,1.12,0.16,1.08,1.54,1.86,2.47,4.05
2024-01-03 12:00:00,3553.74164,30.4921186,7.12839504,19.582476387023924,1.423557254,16.238415,0.23,1.74,0.25,1.19,1.53,1.86,2.03,1.25
2024-01-03 12:05:00,3249.7793900000006,23.238645299999998,4.560430368,16.259140577316284,1.18869814,10.0125435,0.26,1.12,0.16,1.19,1.53,1.86,2.03,1.25
2024-01-03 12:10:00,3276.79915,18.2214,2.4755178239999998,14.432746429443359,1.16254635,8.160166499999999,0.26,1.12,0.16,1.19,1.53,1.86,2.03,1.25
2024-01-03 12:15:00,3053.8928300000002,22.3630822,3.721265184,16.667876453399657,1.319012072,6.958646999999999,0.26,1.12,0.16,1.49,1.85,2.18,2.55,2.82
2024-01-03 12:20:00,3094.4218000000005,22.4600529,4.05171936,16.259102325439454,1.2145956340000001,6.040767000000001,0.26,1.12,0.16,1.49,1.85,2.18,2.55,2.82
2024-01-03 12:25:00,3337.59227,20.4374202,3.403304736,15.228837203979491,1.292796442,7.1941500000000005,0.26,1.12,0.16,1.49,1.85,2.18,2.55,2.82
2024-01-03 12:30:00,3655.06507,26.348717399999998,4.750771584,19.077904987335206,1.11011642,12.508122,0.22,1.34,0.24,1.69,1.94,2.16,2.36,2.54
2024-01-03 12:35:00,3621.29171,27.904125899999997,4.928681472,20.36103322982788,1.214404912,14.648577,0.26,1.12,0.16,1.69,1.94,2.16,2.36,2.54
2024-01-03 12:40:00,3222.7629800000004,19.2504125,3.1361116800000004,14.450753955841064,1.1621654380000002,9.9542295,0.26,1.12,0.16,1.69,1.94,2.16,2.36,2.54
2024-01-03 12:45:00,3168.7248000000004,15.55540672,2.373267936,11.923241157531738,1.057750862,5.7099195,0.26,1.12,0.16,1.19,1.47,1.69,2.18,2.62
2024-01-03 12:50:00,3026.8750800000003,14.31058141,1.940952,11.34005395412445,1.0576875540000001,3.9385755,0.26,1.12,0.16,1.19,1.47,1.69,2.18,2.62
2024-01-03 12:55:00,3209.2537700000003,14.93257673,2.258694048,11.475760684013366,1.109799614,5.4604245,0.26,1.12,0.16,1.19,1.47,1.69,2.18,2.62
2024-01-03 13:00:00,3465.93479,21.543997799999996,5.436859584,13.223162884712218,1.1879996240000001,9.7751415,0.22,1.18,0.2,1.02,1.32,1.6,2.07,1.25
2024-01-03 13:05:00,3499.70815,21.4465114,4.305335424,14.857416944503784,1.031410212,13.656198,0.26,1.12,0.16,1.02,1.32,1.6,2.07,1.25
2024-01-03 13:10:00,3844.20138,39.006230099999996,10.140567840000001,23.48661047935486,1.03134717,14.009148,0.26,1.12,0.16,1.02,1.32,1.6,2.07,1.25
2024-01-03 13:15:00,4046.84355,24.9657628,4.292479776,18.396343975067136,0.953021874,18.259815,0.26,1.12,0.16,2.55,4.34,6.09,8.19,11.06
2024-01-03 13:20:00,4222.467970000001,28.621445499999997,6.212098463999999,19.114147729873658,1.057308238,18.58002,0.26,1.12,0.16,2.55,4.34,6.09,8.19,11.06
2024-01-03 13:25:00,3904.9951699999997,33.9105984,7.890182976,21.835078411102295,1.0833326140000001,16.624679999999998,0.26,1.12,0.16,2.55,4.34,6.09,8.19,11.06
2024-01-03 13:30:00,4040.09062,22.4175172,3.999862464,16.295933418273925,1.18761818,15.80679,0.26,1.12,0.16,2.54,4.28,5.85,8.79,11.26
2024-01-03 13:35:00,4033.33635,19.7530863,3.643815552,14.176414227485656,1.1353805680000002,15.05562,0.26,1.12,0.16,2.54,4.28,5.85,8.79,11.26
2024-01-03 13:40:00,4296.77231,24.478349899999998,5.703312576,15.749722118377685,1.057055804,13.450544999999998,0.26,1.12,0.16,2.54,4.28,5.85,8.79,11.26
2024-01-03 13:45:00,4006.3179300000006,27.686787,6.377060352,17.927022590637208,1.083079382,14.624125499999998,0.26,1.12,0.16,1.27,1.75,2.05,3.94,6.78
2024-01-03 13:50:00,4067.111720000001,26.1502493,6.288003072,16.526781673431397,1.213451302,13.018570500000001,0.26,1.12,0.16,1.27,1.75,2.05,3.94,6.78
2024-01-03 13:55:00,4465.64246,37.9735886,9.491755104,23.446943283081055,1.4742573860000001,17.55834,0.26,1.12,0.16,1.27,1.75,2.05,3.94,6.78
2024-01-03 14:00:00,4553.45467,50.8276785,13.750763520000001,29.782838439941404,1.317671698,17.945775,0.34,2.03,0.38,1.41,1.78,2.05,2.87,3.99
2024-01-03 14:05:00,4013.0748800000006,32.50860109999999,7.343048544,21.270442457199096,1.2654340860000002,13.71021,0.26,1.12,0.16,1.41,1.78,2.05,2.87,3.99
2024-01-03 14:10:00,4735.83403,30.155309199999998,6.669163488,19.948495845794678,1.3175440180000002,14.3317725,0.26,1.12,0.16,1.41,1.78,2.05,2.87,3.99
2024-01-03 14:15:00,3634.80896,35.9891368,8.334604512,23.233450450897216,1.317479912,12.5910645,0.26,1.12,0.16,1.8,3.66,5.18,15.21,28.96
2024-01-03 14:20:00,3209.2598,13.54712385,1.888650816,10.656640458106994,0.9782900120000001,3.5940585,0.26,1.12,0.16,1.8,3.66,5.18,15.21,28.96
2024-01-03 14:25:00,2959.3330500000006,9.61854799,1.3673025600000002,7.525962047576904,0.952140616,2.739693,0.26,1.12,0.16,1.8,3.66,5.18,15.21,28.96
2024-01-03 14:30:00,3317.3368299999997,11.19346905,1.3926469440000002,9.06209457874298,1.056423522,3.0081284999999998,0.28,1.54,0.33,1.31,1.72,2.1,2.52,2.81
2024-01-03 14:35:00,3033.6360500000005,15.082601499999999,1.964692704,12.075739550590514,1.1867927820000002,3.0419415,0.26,1.12,0.16,1.31,1.72,2.1,2.52,2.81
2024-01-03 14:40:00,2979.59854,17.0270388,2.396888832,13.358722982406615,1.030210818,3.863772,0.26,1.12,0.16,1.31,1.72,2.1,2.52,2.81
2024-01-03 14:45:00,2851.25803,15.39319997,2.028102336,12.289293403625487,0.951888714,3.5791095000000004,0.26,1.12,0.16,1.41,1.84,2.18,2.89,3.52
2024-01-03 14:50:00,2756.69155,15.15955731,2.078879712,11.97793860912323,0.9779122920000001,2.9421885000000003,0.26,1.12,0.16,1.41,1.84,2.18,2.89,3.52
2024-01-03 14:55:00,2641.86025,14.789781309999999,1.9135147200000002,11.861244883537292,1.2387109280000002,2.690874,0.26,1.12,0.16,1.41,1.84,2.18,2.89,3.52
2024-01-03 15:00:00,2648.6158600000003,16.695342469999996,1.9261494719999999,13.74747043132782,1.1082166480000002,3.412446,0.22,1.1,0.22,1.53,1.99,2.46,3.04,3.51
2024-01-03 15:05:00,2594.5776800000003,14.38083121,1.570068864,11.977921304702758,1.2646698680000001,2.909466,0.26,1.12,0.16,1.53,1.99,2.46,3.04,3.51
2024-01-03 15:10:00,2709.40898,10.529959879999998,1.1122721376,8.82768434524536,1.08200421,3.3292289999999998,0.26,1.12,0.16,1.53,1.99,2.46,3.04,3.51
2024-01-03 15:15:00,2297.36702,11.0741991,1.430048256,8.885583114624023,1.1080267240000001,3.3631215,0.26,1.12,0.16,1.77,2.31,2.81,3.77,4.54
2024-01-03 15:20:00,2094.72418,11.054464979999999,1.544395008,8.690847363471985,1.3166505240000002,1.11438975,0.26,1.12,0.16,1.77,2.31,2.81,3.77,4.54
2024-01-03 15:25:00,2256.83872,13.50457287,1.4680261440000002,11.257834277153014,1.05572873,1.5005069999999998,0.26,1.12,0.16,1.77,2.31,2.81,3.77,4.54
2024-01-03 15:30:00,2162.2722400000002,13.54318734,1.684091136,10.96577208995819,1.0556654220000001,2.5414830000000004,0.2,1.15,0.22,2.14,2.71,3.28,3.73,4.1
2024-01-03 15:35:00,2067.70576,13.640142759999998,2.4087410879999998,9.95368844985962,1.05560238,1.7189565,0.26,1.12,0.16,2.14,2.71,3.28,3.73,4.1
2024-01-03 15:40:00,1993.4027600000002,14.51501062,1.925506752,11.568121662139893,1.107710184,1.31603565,0.26,1.12,0.16,2.14,2.71,3.28,3.73,4.1
2024-01-03 15:45:00,2060.95149,12.6866402,1.1244010752,10.965802145004272,0.9511335400000002,1.43366205,0.26,1.12,0.16,3.05,3.61,4.06,4.88,5.78
2024-01-03 15:50:00,2094.72485,13.114208979999999,1.162461456,11.335121283531189,1.1075835680000001,2.156034,0.26,1.12,0.16,3.05,3.61,4.06,4.88,5.78
2024-01-03 15:55:00,2520.27669,13.46398919,1.5946806720000002,11.023412203788757,1.055349414,3.9873855,0.26,1.12,0.16,3.05,3.61,4.06,4.88,5.78
2024-01-03 16:00:00,2229.82097,14.68892567,1.9887591359999999,11.645231981277465,1.055286106,3.9373965,0.23,1.12,0.15,3.49,4.05,4.42,5.2,5.71
2024-01-03 16:05:00,2297.36903,19.04499009,3.056730144,14.366822052001952,1.055223064,3.7193519999999998,0.26,1.12,0.16,3.49,4.05,4.42,5.2,5.71
2024-01-03 16:10:00,2432.46448,17.17771297,2.192038368,13.82291132926941,1.107330336,4.1398980000000005,0.26,1.12,0.16,3.49,4.05,4.42,5.2,5.71
2024-01-03 16:15:00,2432.46515,16.65234455,1.162044,14.873895306587219,1.055096448,4.5941745,0.26,1.12,0.16,3.31,3.91,4.39,4.98,5.44
2024-01-03 16:20:00,2547.2964500000003,21.650232,1.7214225600000002,19.015683755874633,0.8463524160000001,4.964517,0.26,1.12,0.16,3.31,3.91,4.39,4.98,5.44
2024-01-03 16:25:00,3243.0412000000006,31.043440099999998,2.763979296,26.81331245422363,1.00280005,6.226068000000001,0.26,1.12,0.16,3.31,3.91,4.39,4.98,5.44
2024-01-03 16:30:00,3817.19837,33.6103655,4.060847232,27.395445909500122,1.054907056,19.342950000000002,0.23,1.0,0.24,2.44,3.01,3.52,3.84,4.07
2024-01-03 16:35:00,3756.4059199999997,32.9877819,5.395872768,24.729674434661863,1.0548437480000001,19.194074999999998,0.26,1.12,0.16,2.44,3.01,3.52,3.84,4.07
2024-01-03 16:40:00,3850.9744100000003,29.2340207,5.0524943040000005,21.501438255310056,1.080865464,19.63386,0.26,1.12,0.16,2.44,3.01,3.52,3.84,4.07
2024-01-03 16:45:00,2979.6045700000004,19.9569215,2.750956416,15.746723899841308,1.054717664,10.131734999999999,0.26,1.12,0.16,3.18,3.81,4.4,5.05,5.7
2024-01-03 16:50:00,2702.6587300000006,11.01039555,1.0724523264,9.369062247276306,1.028569598,5.4725535,0.26,1.12,0.16,3.18,3.81,4.4,5.05,5.7
2024-01-03 16:55:00,2675.63897,12.157566379999999,2.9542481279999997,7.636241297721862,0.8719985400000001,4.1775,0.26,1.12,0.16,3.18,3.81,4.4,5.05,5.7
2024-01-03 17:00:00,2560.8083400000005,11.67107028,2.10223728,8.453703942298889,0.89801999,4.295748,0.28,1.06,0.39,3.99,4.58,5.03,6.77,8.94
2024-01-03 17:05:00,2668.8847000000005,13.498947919999999,2.1784501439999997,10.164941725730895,0.89795748,5.4575759999999995,0.26,1.12,0.16,3.99,4.58,5.03,6.77,8.94
2024-01-03 17:10:00,2831.0005800000004,10.93145143,1.275565824,8.979262871742248,0.9239789300000001,5.4076905,0.26,1.12,0.16,3.99,4.58,5.03,6.77,8.94
2024-01-03 17:15:00,3026.88982,9.49196465,1.059317376,7.8707334995269775,0.767409734,5.644005,0.26,1.12,0.16,4.07,4.77,5.47,6.24,6.94
2024-01-03 17:20:00,3330.8567600000006,9.95844013,0.9447924096,8.512483415603638,0.7934317160000001,7.513686,0.26,1.12,0.16,4.07,4.77,5.47,6.24,6.94
2024-01-03 17:25:00,3337.6117,10.65830806,1.249885728,8.745421862602234,0.8716218840000001,10.5458625,0.26,1.12,0.16,4.07,4.77,5.47,6.24,6.94
2024-01-03 17:30:00,2459.48692,12.62234387,1.758433248,9.931152629852294,0.8976436,7.010190000000001,0.23,0.88,0.3,4.45,5.25,5.9,7.95,11.21
2024-01-03 17:35:00,2364.9190999999996,13.61395284,1.1352766464,11.876470041275024,1.054085382,1.80591,0.26,1.12,0.16,4.45,5.25,5.9,7.95,11.21
2024-01-03 17:40:00,3141.7231300000003,14.78060376,1.656544032,12.245347461700439,0.871433822,3.9624854999999997,0.26,1.12,0.16,4.45,5.25,5.9,7.95,11.21
2024-01-03 17:45:00,3391.6525600000004,12.77708634,1.885349856,9.891654834747314,0.975707418,12.0506745,0.26,1.12,0.16,5.02,5.75,6.46,7.17,7.85
2024-01-03 17:50:00,2506.7708300000004,11.68766054,1.580085312,9.269420661926269,0.94956015,4.047575999999999,0.26,1.12,0.16,5.02,5.75,6.46,7.17,7.85
2024-01-03 17:55:00,2337.90068,13.418336369999999,1.745311776,10.747226366996765,1.0538329480000002,1.28393565,0.26,1.12,0.16,5.02,5.75,6.46,7.17,7.85
2024-01-03 18:00:00,2317.63653,14.11822149,1.656218304,11.583464307785034,1.05376964,1.7559675,0.33,0.94,0.23,4.89,5.66,6.31,7.05,7.87
2024-01-03 18:05:00,2250.0878000000002,17.32704823,3.3473818559999997,12.204050917625427,1.053706598,1.4694909,0.26,1.12,0.16,4.89,5.66,6.31,7.05,7.87
2024-01-03 18:10:00,2189.29468,17.01559026,2.6987825279999997,12.88524125099182,1.0797269840000001,1.8236489999999999,0.26,1.12,0.16,4.89,5.66,6.31,7.05,7.87
2024-01-03 18:15:00,2114.99235,14.837004149999999,1.452513504,12.614006299972534,1.053580248,1.587693,0.26,1.12,0.16,5.27,6.06,6.63,7.26,7.72
2024-01-03 18:20:00,2135.2565,15.75083983,1.2871198080000001,13.780969967842102,0.8448481860000001,1.31794275,0.26,1.12,0.16,5.27,6.06,6.63,7.26,7.72
2024-01-03 18:25:00,2033.93441,15.22543512,1.0962917472,13.547617125511168,0.923036226,1.19992905,0.26,1.12,0.16,5.27,6.06,6.63,7.26,7.72
2024-01-03 18:30:00,2060.9535,13.844253,0.9308949311999999,12.41956654548645,0.792556044,1.3518024,0.29,1.13,0.18,5.85,6.73,7.39,8.0,8.93
2024-01-03 18:35:00,2121.7472900000002,13.610577869999998,0.8545117151999999,12.302791762351989,0.714242984,2.4148169999999998,0.26,1.12,0.16,5.85,6.73,7.39,8.0,8.93
2024-01-03 18:40:00,2209.5595000000003,12.598925359999999,0.7908446208,11.388578281402587,0.766347596,3.3599954999999997,0.26,1.12,0.16,5.85,6.73,7.39,8.0,8.93
2024-01-03 18:45:00,2196.05029,16.13845141,2.685525024,12.028393745422363,0.7923685140000001,3.4953465,0.26,1.12,0.16,6.75,7.74,8.38,9.54,11.58
2024-01-03 18:50:00,2216.31511,24.443129499999998,5.266916928,16.382382659912107,1.0531381560000002,3.1412385,0.26,1.12,0.16,6.75,7.74,8.38,9.54,11.58
2024-01-03 18:55:00,2479.7537500000003,11.781191329999999,1.362839712,9.695434546470642,1.02699142,4.424523000000001,0.26,1.12,0.16,6.75,7.74,8.38,9.54,11.58
2024-01-03 19:00:00,4931.75878,12.18934878,2.100324096,8.974910354614257,1.0530115400000002,14.909711999999999,0.29,1.03,0.17,6.26,7.23,7.85,9.5,11.03
2024-01-03 19:05:00,6890.6619,11.81952121,2.07481248,8.644127249717712,0.870367162,42.45246,0.26,1.12,0.16,6.26,7.23,7.85,9.5,11.03
2024-01-03 19:10:00,6221.934230000001,12.98621797,2.4689520959999998,9.207612915039062,0.9746362360000002,33.017595,0.26,1.12,0.16,6.26,7.23,7.85,9.5,11.03
2024-01-03 19:15:00,5627.510230000001,12.57748943,2.290838784,9.071478128433228,0.8702416100000001,27.22851,0.26,1.12,0.16,4.66,5.6,6.38,7.45,8.17
2024-01-03 19:20:00,4350.8460000000005,10.67112225,1.1589548256,8.897401123046874,1.026675944,20.390520000000002,0.26,1.12,0.16,4.66,5.6,6.38,7.45,8.17
2024-01-03 19:25:00,5147.9182,11.13763402,1.1970223199999999,9.305652475357055,0.8440334280000001,18.636074999999998,0.26,1.12,0.16,4.66,5.6,6.38,7.45,8.17
2024-01-03 19:30:00,4776.40186,10.84559502,1.1460707232,9.091592240333556,1.052632756,15.444885,0.33,1.42,0.35,4.01,4.94,5.59,6.73,7.67
2024-01-03 19:35:00,5708.572190000001,10.417407399999998,0.8662119648,9.0917151927948,1.026486552,23.20374,0.26,1.12,0.16,4.01,4.94,5.59,6.73,7.67
2024-01-03 19:40:00,6525.90854,12.2065235,0.9551469408000001,10.744719958305359,1.15683666,23.83212,0.26,1.12,0.16,4.01,4.94,5.59,6.73,7.67
2024-01-03 19:45:00,4931.764810000001,12.82864106,0.9804970656,11.328041043281555,1.130690456,26.438445,0.26,1.12,0.16,4.35,5.31,6.2,7.13,7.84
2024-01-03 19:50:00,4296.80983,14.792822029999998,1.323777312,12.76684895992279,1.234957136,9.890556,0.26,1.12,0.16,4.35,5.31,6.2,7.13,7.84
2024-01-03 19:55:00,6012.542479999999,14.67584026,1.374563424,12.572140531539917,1.28705829,14.169663,0.26,1.12,0.16,4.35,5.31,6.2,7.13,7.84
2024-01-03 20:00:00,6485.38225,11.563525819999999,1.171004016,9.771364521980285,1.104418168,22.66074,0.35,1.5,0.43,4.91,5.76,6.44,6.95,7.33
2024-01-03 20:05:00,7032.521,10.41567503,1.1836381440000001,8.604176807403563,1.078272496,33.065325,0.26,1.12,0.16,4.91,5.76,6.44,6.95,7.33
2024-01-03 20:10:00,5289.7752900000005,11.23229744,1.3743163200000001,9.128977074623107,1.0521270900000002,25.28853,0.26,1.12,0.16,4.91,5.76,6.44,6.95,7.33
2024-01-03 20:15:00,6397.57205,9.96773801,0.9799913760000001,8.467910871505737,1.02598195,17.577315,0.26,1.12,0.16,5.0,5.91,6.68,7.3,7.73
2024-01-03 20:20:00,4735.87892,12.048642899999999,2.010027552,8.972398481369018,0.895508152,17.342685,0.26,1.12,0.16,5.0,5.91,6.68,7.3,7.73
2024-01-03 20:25:00,2898.5580200000004,19.7118494,3.129095424,14.92292965888977,1.208429754,5.753103,0.26,1.12,0.16,5.0,5.91,6.68,7.3,7.73
2024-01-03 20:30:00,2412.2083700000003,22.376299399999997,1.84453776,19.55332845687866,1.05187439,1.2179566499999999,0.36,1.32,0.44,5.09,5.98,6.59,7.45,8.28
2024-01-03 20:35:00,2202.80791,17.3577935,0.9796545408,15.858481311798094,1.051811348,0.91331835,0.26,1.12,0.16,5.09,5.98,6.59,7.45,8.28
2024-01-03 20:40:00,2277.1109100000003,13.37014325,0.8015220096,12.143454480171203,0.9474209780000001,1.08261585,0.26,1.12,0.16,5.09,5.98,6.59,7.45,8.28
2024-01-03 20:45:00,2196.05297,12.864144139999999,0.9667683168,11.384555459022522,0.921276104,0.9471920999999999,0.26,1.12,0.16,5.24,6.0,6.48,6.71,6.88
2024-01-03 20:50:00,2216.31779,12.80551096,0.8522233824,11.501226415634155,0.7647228680000001,0.9810696000000001,0.26,1.12,0.16,5.24,6.0,6.48,6.71,6.88
2024-01-03 20:55:00,2743.1977500000007,14.30293568,1.182803856,12.492715063095092,0.712497226,1.40448645,0.26,1.12,0.16,5.24,6.0,6.48,6.71,6.88
2024-01-03 21:00:00,2425.71892,18.076115849999997,1.8694890240000002,15.214959058761597,0.868924378,2.8443195,0.26,1.12,0.16,4.94,5.73,6.27,7.71,10.01
2024-01-03 21:05:00,3195.7740400000002,17.511768149999998,1.869409152,14.650732946395873,1.025350732,4.1320785,0.26,1.12,0.16,4.94,5.73,6.27,7.71,10.01
2024-01-03 21:10:00,2648.62993,17.394792109999997,3.204722976,12.490126686096191,1.05136899,7.639711500000001,0.26,1.12,0.16,4.94,5.73,6.27,7.71,10.01
2024-01-03 21:15:00,2148.76973,19.5341239,4.082196768,13.28653076171875,1.025224382,2.4553785,0.26,1.12,0.16,3.98,4.68,5.28,5.97,8.55
2024-01-03 21:20:00,2169.0345500000003,15.79926597,2.6322566399999996,11.770731835365295,0.97299874,1.16758005,0.26,1.12,0.16,3.98,4.68,5.28,5.97,8.55
2024-01-03 21:25:00,2033.9370900000001,14.067847149999999,2.365096032,10.448188676834105,1.051179598,0.9811715999999999,0.26,1.12,0.16,3.98,4.68,5.28,5.97,8.55
2024-01-03 21:30:00,2020.4272100000003,11.55837646,1.678231776,8.989928770065307,1.0511162900000002,0.7777605000000001,0.3,0.85,0.14,3.37,4.08,4.64,5.8,6.63
2024-01-03 21:35:00,2047.4469700000002,14.825882219999999,2.84823552,10.466803679466247,1.077134282,0.8794741500000001,0.26,1.12,0.16,3.37,4.08,4.64,5.8,6.63
2024-01-03 21:40:00,1885.33042,25.309792,5.137461888,17.447169189453124,1.311801078,1.0320855,0.26,1.12,0.16,3.37,4.08,4.64,5.8,6.63
2024-01-03 21:45:00,1844.80078,13.988922129999999,1.970512128,10.973153791427611,1.077007932,0.7946806499999999,0.26,1.12,0.16,2.57,3.15,3.65,4.36,4.84
2024-01-03 21:50:00,2101.4864900000002,13.40510198,2.301109824,9.883370571136474,1.129106426,1.015167,0.26,1.12,0.16,2.57,3.15,3.65,4.36,4.84
2024-01-03 21:55:00,2466.2492300000004,84.7134278,24.91454784,46.582993526458736,1.8593078140000001,4.085599500000001,0.26,1.12,0.16,2.57,3.15,3.65,4.36,4.84
2024-01-03 22:00:00,2756.7096400000005,64.2893776,19.63635648,34.23693798065185,2.250454962,6.4612620000000005,0.25,1.15,0.11,2.44,2.99,3.37,3.97,4.41
2024-01-03 22:05:00,1939.3699400000003,44.1375215,11.636338272,26.32870306968689,2.4329541040000002,4.8500385,0.26,1.12,0.16,2.44,2.99,3.37,3.97,4.41
2024-01-03 22:10:00,1831.2909000000002,43.8650027,10.275399263999999,28.139029607772827,1.8591125700000002,1.592241,0.26,1.12,0.16,2.44,2.99,3.37,3.97,4.41
2024-01-03 22:15:00,1750.23229,14.959819060000001,2.059061472,11.808531064987182,1.702563324,1.0661817,0.26,1.12,0.16,2.41,3.02,3.5,4.82,5.92
2024-01-03 22:20:00,1750.2329600000003,12.99492948,1.702854816,10.38879717350006,1.2591293540000001,0.6588054000000001,0.26,1.12,0.16,2.41,3.02,3.5,4.82,5.92
2024-01-03 22:25:00,1777.2527200000002,11.808097499999999,2.020745376,8.71545060634613,1.311226518,0.6587763,0.26,1.12,0.16,2.41,3.02,3.5,4.82,5.92
2024-01-03 22:30:00,1608.3798900000002,13.869692289999998,3.00001728,9.278319687843322,1.154680198,0.64176735,0.25,1.15,0.13,2.2,2.88,3.4,4.36,5.65
2024-01-03 22:35:00,1682.68423,7.21691972,0.8631624768,5.895893836021423,1.232857864,0.5228619,0.26,1.12,0.16,2.2,2.88,3.4,4.36,5.65
2024-01-03 22:40:00,2040.69337,8.36427582,1.1174570784,6.654064705371856,1.12847308,1.1172651,0.26,1.12,0.16,2.2,2.88,3.4,4.36,5.65
2024-01-03 22:45:00,1662.41941,13.40200587,2.211210144,10.017862348556518,1.3892118660000001,1.28716455,0.26,1.12,0.16,2.0,2.58,3.09,3.61,3.99
2024-01-03 22:50:00,1655.6638,17.27264761,3.241376736,12.311887512207031,1.310907584,0.64164195,0.26,1.12,0.16,2.0,2.58,3.09,3.61,3.99
2024-01-03 22:55:00,1642.15459,10.40584808,1.549655328,8.034180126190185,1.154363126,0.6416103,0.26,1.12,0.16,2.0,2.58,3.09,3.61,3.99
2024-01-03 23:00:00,1648.9088600000002,13.55677699,2.567109792,9.627946395874023,1.049979406,0.5566113,0.22,0.92,0.08,2.12,2.72,3.11,4.43,6.47
2024-01-03 23:05:00,1588.11574,7.70143706,1.6130886720000002,5.232687349319458,1.049916364,0.25,0.26,1.12,0.16,2.12,2.72,3.11,4.43,6.47
2024-01-03 23:10:00,1561.09531,6.43675921,1.4985335039999998,4.14333081960678,1.023773086,0.5395272,0.26,1.12,0.16,2.12,2.72,3.11,4.43,6.47
2024-01-03 23:15:00,1581.3608000000002,7.60358585,1.892750496,4.706828780174255,0.8411510520000001,0.5224815,0.26,1.12,0.16,1.93,2.51,3.07,3.66,4.03
2024-01-03 23:20:00,1554.3403700000001,6.61123007,1.2185427072000001,4.746312913894653,0.971487328,0.53943675,0.26,1.12,0.16,1.93,2.51,3.07,3.66,4.03
2024-01-03 23:25:00,1588.1150700000003,19.021441699999997,4.652708736,11.900708980560303,1.127902776,0.6924367499999999,0.26,1.12,0.16,1.93,2.51,3.07,3.66,4.03
2024-01-03 23:30:00,1561.09531,10.61779696,1.587241344,8.188604774475097,1.101759764,0.7264269,0.21,1.03,0.07,1.81,2.31,2.62,3.4,4.05
2024-01-03 23:35:00,1520.5663400000003,6.51307326,1.180134384,4.7069380712509155,1.049537314,0.25,0.26,1.12,0.16,1.81,2.31,2.62,3.4,4.05
2024-01-03 23:40:00,1547.5861,7.251964399999999,1.4344424640000002,5.056623978614807,0.9451559880000001,0.62431515,0.26,1.12,0.16,1.81,2.31,2.62,3.4,4.05
2024-01-03 23:45:00,1534.07555,6.57083357,1.2435656064,4.667620151042938,1.049410964,0.59025285,0.26,1.12,0.16,1.53,1.9,2.25,2.45,2.56
2024-01-03 23:50:00,1561.09531,6.74560621,1.2053232672,4.900920624732971,1.0232684840000001,0.6582807,0.26,1.12,0.16,1.53,1.9,2.25,2.45,2.56
2024-01-03 23:55:00,1540.83049,7.873552889999999,1.472355456,5.620188879966736,0.840649908,0.60719475,0.26,1.12,0.16,1.53,1.9,2.25,2.45,2.56
2024-01-04 00:00:00,1655.6842350000002,16.04829177,1.75722768,12.88524125099182,1.107646876,1.06353915,0.2,0.93,0.06,1.53,1.9,2.25,2.45,2.56
2024-01-04 00:15:00,3249.82428,15.67290037,3.1510602239999996,10.850363445281982,1.8835635560000001,8.967883500000001,0.26,1.12,0.16,1.2,1.45,1.68,1.0,1.25
2024-01-04 00:20:00,3459.22809,16.33401822,3.6470653439999996,10.752371244430542,2.03997262,15.747119999999999,0.26,1.12,0.16,1.2,1.45,1.68,1.0,1.25
2024-01-04 00:25:00,2452.7453800000003,32.3822928,8.060855712,20.045568180084228,1.8312751380000003,10.8096255,0.26,1.12,0.16,1.2,1.45,1.68,1.0,1.25
2024-01-04 00:30:00,3702.4059300000004,29.0361829,5.300533056,20.9239897441864,2.24847273,8.8008315,0.2,1.17,0.06,0.5,1.29,1.53,2.42,3.09
2024-01-04 00:35:00,2648.63864,32.2845581,7.844501183999999,20.278951988220214,1.8311450640000002,13.930178999999999,0.26,1.12,0.16,0.5,1.29,1.53,2.42,3.09
2024-01-04 00:40:00,1925.8614000000002,41.855166999999994,11.062660128000001,24.92433277130127,1.909316612,2.941314,0.26,1.12,0.16,0.5,1.29,1.53,2.42,3.09
2024-01-04 00:45:00,3243.07135,18.667003,3.557656128,13.22219292640686,1.6223853380000002,6.0262095,0.26,1.12,0.16,0.5,1.1,0.75,2.04,2.68
2024-01-04 00:50:00,1966.39037,15.37917484,2.450914752,11.628175287246703,1.518005874,7.492728,0.26,1.12,0.16,0.5,1.1,0.75,2.04,2.68
2024-01-04 00:55:00,1682.68423,8.93992881,1.356885504,6.863285622596741,1.465784488,0.96474105,0.26,1.12,0.16,0.5,1.1,0.75,2.04,2.68
2024-01-04 01:00:00,1723.2132,5.2435421,0.8352640608,3.965213232040405,1.3874847280000002,0.5555766,0.21,1.02,0.17,0.5,1.2,0.75,2.11,3.93
2024-01-04 01:05:00,1642.15459,4.2316737600000005,0.5680492896,3.36230354309082,1.178792832,0.50437935,0.26,1.12,0.16,0.5,1.2,0.75,2.11,3.93
2024-01-04 01:10:00,1696.1934400000002,4.38699496,0.580683792,3.4982880544662476,1.0483371220000002,0.5213829000000001,0.26,1.12,0.16,0.5,1.2,0.75,2.11,3.93
2024-01-04 01:15:00,1669.1743500000002,8.82203597,1.890817344,5.928236708641052,1.309057554,0.6236709,0.26,1.12,0.16,0.5,1.21,0.75,2.35,3.14
2024-01-04 01:20:00,1682.6835600000002,15.26079495,3.480816768,9.933583445549012,1.3350723540000002,0.7601034,0.26,1.12,0.16,0.5,1.21,0.75,2.35,3.14
2024-01-04 01:25:00,1642.15459,15.396691449999999,3.188167008,10.517366285324096,1.30893014,0.8283304499999999,0.26,1.12,0.16,0.5,1.21,0.75,2.35,3.14
2024-01-04 01:30:00,1621.8897700000002,15.08515899,4.256633472,8.570598945617675,1.282788192,0.57238005,0.18,0.93,0.07,0.5,1.11,1.58,2.65,3.52
2024-01-04 01:35:00,1628.64471,30.803276699999998,8.83604592,17.280163316726682,1.465271108,0.86244885,0.26,1.12,0.16,0.5,1.11,1.58,2.65,3.52
2024-01-04 01:40:00,1642.1552600000002,33.837789199999996,8.13634848,21.385524139404296,1.8302994500000003,0.91365,0.26,1.12,0.16,0.5,1.11,1.58,2.65,3.52
2024-01-04 01:45:00,1588.1150700000003,9.1704448,1.508708448,6.861444067955016,1.46514263,0.62346675,0.26,1.12,0.16,0.5,0.5,0.75,1.0,1.25
2024-01-04 01:50:00,1581.36013,13.29431625,3.04785936,8.629723596572875,1.4129228400000002,0.6917217,0.26,1.12,0.16,0.5,0.5,0.75,1.0,1.25
2024-01-04 01:55:00,1540.83049,12.80769409,2.767921728,8.571531562805175,1.09992463,0.25,0.26,1.12,0.16,0.5,0.5,0.75,1.0,1.25
2024-01-04 02:00:00,1554.3403700000001,10.10334419,2.729683008,5.925704343318939,1.125939164,0.5892108,0.18,1.17,0.06,0.5,1.13,0.75,2.72,4.6
2024-01-04 02:05:00,1527.32061,11.50372563,2.9840266559999997,6.936825766563415,1.2562642680000002,0.52085505,0.26,1.12,0.16,0.5,1.13,0.75,2.72,4.6
2024-01-04 02:10:00,1513.81073,6.425998269999999,0.9104031456,5.032672839164734,1.0475792879999999,0.25,0.26,1.12,0.16,0.5,1.13,0.75,2.72,4.6
2024-01-04 02:15:00,1540.83049,6.8536835599999995,1.69903344,4.2534001398086545,1.125748974,0.25,0.26,1.12,0.16,0.5,1.4,1.81,2.2,2.63
2024-01-04 02:20:00,1520.5656700000002,13.312079249999998,3.73435296,7.596843686103821,1.25607328,0.52071075,0.26,1.12,0.16,0.5,1.4,1.81,2.2,2.63
2024-01-04 02:25:00,1527.32061,20.237405,5.884181472000001,11.2319669008255,1.412474364,0.8282567999999999,0.26,1.12,0.16,0.5,1.4,1.81,2.2,2.63
2024-01-04 02:30:00,1554.3403700000001,32.2986157,9.420654048,17.880788822174072,1.5688751820000002,0.9137052000000001,0.18,1.07,0.06,1.23,1.77,2.35,2.63,2.82
2024-01-04 02:35:00,1513.8100600000002,10.47094661,1.876807296,7.598589611053466,1.5166559240000002,0.8966173500000001,0.26,1.12,0.16,1.23,1.77,2.35,2.63,2.82
2024-01-04 02:40:00,1493.5452400000001,11.579539259999999,2.4873575999999997,7.772765889167785,1.307973338,0.52051845,0.26,1.12,0.16,1.23,1.77,2.35,2.63,2.82
2024-01-04 02:45:00,1486.7903000000001,9.9061959,2.6017729920000003,5.924315891265869,1.203600524,0.52047,0.26,1.12,0.16,1.41,2.0,2.49,2.66,2.79
2024-01-04 02:50:00,1480.03536,8.407934599999999,2.499922464,4.581931393146514,1.0470744200000002,0.25,0.26,1.12,0.16,1.41,2.0,2.49,2.66,2.79
2024-01-04 02:55:00,1466.5261500000001,6.61784822,1.68566112,4.038030233383179,1.12524251,0.25,0.26,1.12,0.16,1.41,2.0,2.49,2.66,2.79
2024-01-04 03:00:00,1466.52548,5.85883332,1.253043168,3.941115005016327,1.15125598,0.50322075,0.18,1.19,0.05,1.52,2.29,3.01,3.81,4.65
2024-01-04 03:05:00,1466.52548,7.35651589,1.316568864,5.341574959754944,1.072962072,0.25,0.26,1.12,0.16,1.52,2.29,3.01,3.81,4.65
2024-01-04 03:10:00,1466.52548,15.527060409999999,3.3519682559999997,10.397044095993042,0.9946678980000001,0.5031195,0.26,1.12,0.16,1.52,2.29,3.01,3.81,4.65
2024-01-04 03:15:00,1540.83049,59.31869809999999,20.729903999999998,27.592641620635984,1.542217992,0.9650902499999999,0.26,1.12,0.16,1.42,2.14,2.79,3.31,3.66
2024-01-04 03:20:00,1871.8232200000002,59.0461793,14.02547328,37.58090976715088,3.05460834,2.8134405,0.26,1.12,0.16,1.42,2.14,2.79,3.31,3.66
2024-01-04 03:25:00,1628.64471,33.832937799999996,6.5449488,23.816226902008054,2.637312328,3.1389210000000003,0.26,1.12,0.16,1.42,2.14,2.79,3.31,3.66
2024-01-04 03:30:00,1486.7903000000001,18.09395716,3.580665504,12.613932528495788,1.620254944,0.8110576500000001,0.17,0.96,0.05,1.33,1.91,2.46,2.76,3.0
2024-01-04 03:35:00,1473.2804200000003,8.405285430000001,1.392403584,6.27428322315216,1.437654722,0.53710905,0.26,1.12,0.16,1.33,1.91,2.46,2.76,3.0
2024-01-04 03:40:00,1473.2797500000001,6.5373436300000005,1.1378787263999999,4.795878694057464,1.333284568,0.25,0.26,1.12,0.16,1.33,1.91,2.46,2.76,3.0
2024-01-04 03:45:00,1473.2804200000003,6.12849476,0.9851292672,4.620804862976074,1.202838434,0.25,0.26,1.12,0.16,1.19,1.81,2.43,2.73,2.96
2024-01-04 03:50:00,1473.2804200000003,9.31877731,1.964652768,6.311976804733276,1.2549276180000002,0.5027145000000001,0.26,1.12,0.16,1.19,1.81,2.43,2.73,2.96
2024-01-04 03:55:00,1459.76987,9.5908549,2.193573408,6.233703446388245,1.09840577,0.25,0.26,1.12,0.16,1.19,1.81,2.43,2.73,2.96
2024-01-04 04:00:00,1459.77054,7.8201703,1.6718807039999999,5.261442286968231,1.0461902360000002,0.25,0.17,1.06,0.05,1.3,1.96,2.41,3.12,3.56
2024-01-04 04:05:00,1459.76987,7.64478073,1.480962912,5.378243026733398,1.020050682,0.25,0.26,1.12,0.16,1.3,1.96,2.41,3.12,3.56
2024-01-04 04:10:00,1453.0156000000004,11.068558869999999,2.3460041279999997,7.478119423389434,1.0460638860000002,0.5196495,0.26,1.12,0.16,1.3,1.96,2.41,3.12,3.56
2024-01-04 04:15:00,1439.5050500000002,9.64805558,1.837027296,6.836579892635346,0.967772638,0.25,0.26,1.12,0.16,1.35,2.16,2.89,3.31,3.62
2024-01-04 04:20:00,1439.5050500000002,6.74896017,1.3280467200000001,4.716452770233154,1.1241657420000002,0.25,0.26,1.12,0.16,1.35,2.16,2.89,3.31,3.62
2024-01-04 04:25:00,1446.25999,9.93930002,1.938646944,6.97230073928833,1.150178414,0.25,0.26,1.12,0.16,1.35,2.16,2.89,3.31,3.62
2024-01-04 04:30:00,1439.5050500000002,9.841733399999999,1.7731721280000001,7.127984056472778,0.9154318180000001,0.25,0.26,1.12,0.16,1.46,2.65,3.77,4.37,5.52
2024-01-04 04:35:00,1453.01493,8.12938402,1.773091008,5.415759010314941,0.9935964500000001,0.25,0.26,1.12,0.16,1.46,2.65,3.77,4.37,5.52
2024-01-04 04:40:00,1453.01493,16.669945199999997,3.834089376,10.80206862926483,1.202139652,0.25,0.26,1.12,0.16,1.46,2.65,3.77,4.37,5.52
2024-01-04 04:45:00,1459.77054,44.607477,11.544007488000002,26.9399662399292,1.64536295,0.7594673999999999,0.26,1.12,0.16,1.53,2.87,4.11,5.18,6.22
2024-01-04 04:50:00,1439.5050500000002,22.1947157,4.190182463999999,15.781855516433716,1.20201277,0.6050439000000001,0.26,1.12,0.16,1.53,2.87,4.11,5.18,6.22
2024-01-04 04:55:00,1473.2804200000003,50.8717231,14.571959999999999,28.570086364746093,1.254100092,0.70795995,0.26,1.12,0.16,1.53,2.87,4.11,5.18,6.22
2024-01-04 05:00:00,1486.78963,21.377082899999998,4.635341568,14.282930221557617,1.801622256,1.0511598,0.2,1.05,0.04,1.63,3.16,4.43,6.27,9.31
2024-01-04 05:05:00,1669.17502,27.797108599999998,5.080575552,20.021549644470213,1.9840854880000003,1.22281905,0.26,1.12,0.16,1.63,3.16,4.43,6.27,9.31
2024-01-04 05:10:00,1979.90427,64.41220969999999,15.38614272,40.86450916290283,3.33994122,4.2440535,0.26,1.12,0.16,1.63,3.16,4.43,6.27,9.31
2024-01-04 05:15:00,1716.4602700000003,42.3494177,7.968576096,30.15392171859741,3.6266972,4.158675000000001,0.26,1.12,0.16,1.7,3.15,4.43,5.3,5.97
2024-01-04 05:20:00,1513.8100600000002,32.3490015,6.403576608000001,22.54865442276001,2.609694878,1.2229626,0.26,1.12,0.16,1.7,3.15,4.43,5.3,5.97
2024-01-04 05:25:00,1493.5452400000001,16.74530807,2.9937048959999997,12.163595914840698,1.931673114,0.5017491000000001,0.26,1.12,0.16,1.7,3.15,4.43,5.3,5.97
2024-01-04 05:30:00,1459.76987,13.70993798,2.968183296,9.167286329269409,1.35795527,0.25,0.19,0.86,0.04,1.8,3.26,4.48,5.85,6.93
2024-01-04 05:35:00,1466.52481,11.277684769999999,2.522792064,7.416681444644928,1.3318159820000002,0.25,0.26,1.12,0.16,1.8,3.26,4.48,5.85,6.93
2024-01-04 05:40:00,1466.5241400000002,8.33956615,1.466678304,6.094890117645264,1.3839022399999998,0.25,0.26,1.12,0.16,1.8,3.26,4.48,5.85,6.93
2024-01-04 05:45:00,1453.01493,5.30415595,0.9194903328,3.8969231581687924,1.201313988,0.25,0.26,1.12,0.16,1.67,3.19,4.45,5.95,7.5
2024-01-04 05:50:00,1446.2593200000003,5.53732493,1.046640192,3.9354956221580504,1.149100582,0.25,0.26,1.12,0.16,1.67,3.19,4.45,5.95,7.5
2024-01-04 05:55:00,1453.01493,5.96505606,1.1483439551999999,4.207574391365051,1.149037274,0.25,0.26,1.12,0.16,1.67,3.19,4.45,5.95,7.5
2024-01-04 06:00:00,1439.5050500000002,6.31496424,1.0464720864,4.713392164707184,0.888226136,0.25,0.18,1.01,0.04,1.68,3.16,4.44,5.39,6.58
2024-01-04 06:05:00,1432.74944,5.886631459999999,1.0082173920000002,4.3436062622070315,0.78386476,0.25,0.26,1.12,0.16,1.68,3.16,4.44,5.39,6.58
2024-01-04 06:10:00,1439.50438,5.18590976,1.0844750592,3.5261764049530027,1.018473834,0.25,0.26,1.12,0.16,1.68,3.16,4.44,5.39,6.58
2024-01-04 06:15:00,1432.74944,6.1195043899999995,1.364312352,4.031494171619415,1.044485442,0.25,0.26,1.12,0.16,1.71,3.18,4.4,5.18,6.03
2024-01-04 06:20:00,1439.50438,5.4576932099999995,1.27516272,3.50612194776535,0.9140499480000001,0.25,0.26,1.12,0.16,1.71,3.18,4.4,5.18,6.03
2024-01-04 06:25:00,1432.74944,6.13835991,0.9824329632000001,4.634796397686005,0.7836149860000001,0.25,0.26,1.12,0.16,1.71,3.18,4.4,5.18,6.03
2024-01-04 06:30:00,1432.74944,8.06423583,1.402236576,5.918184661865234,0.939998514,0.25,0.18,0.94,0.04,1.87,3.68,5.27,6.39,7.24
2024-01-04 06:35:00,1432.74944,8.60871953,1.4148775679999999,6.44332190990448,1.018158358,0.25,0.26,1.12,0.16,1.87,3.68,5.27,6.39,7.24
2024-01-04 06:40:00,1432.74944,6.66278479,1.0203521951999999,5.1011883258819575,0.9137983120000001,0.25,0.26,1.12,0.16,1.87,3.68,5.27,6.39,7.24
2024-01-04 06:45:00,1425.9938300000001,5.88422868,0.7912361184000001,4.673282794952392,0.8615875660000001,0.25,0.26,1.12,0.16,2.13,4.23,6.22,7.49,9.2
2024-01-04 06:50:00,1425.9938300000001,6.8762101,1.1983204896,5.042242183685302,0.965820996,0.25,0.26,1.12,0.16,2.13,4.23,6.22,7.49,9.2
2024-01-04 06:55:00,1425.9938300000001,10.14461356,1.898063232,7.239725074768066,0.8353878960000001,0.25,0.26,1.12,0.16,2.13,4.23,6.22,7.49,9.2
2024-01-04 07:00:00,1432.7487700000001,8.39322951,1.1599811808,6.617938084602356,0.7831771500000001,0.25,0.18,1.01,0.04,2.08,4.09,5.89,6.94,7.75
2024-01-04 07:05:00,1432.7487700000001,7.20607856,1.210794624,5.3530195569992065,0.8874105800000001,0.25,0.26,1.12,0.16,2.08,4.09,5.89,6.94,7.75
2024-01-04 07:10:00,1425.9938300000001,6.29131653,1.1343656064,4.555228395462036,1.0177170640000002,0.25,0.26,1.12,0.16,2.08,4.09,5.89,6.94,7.75
2024-01-04 07:15:00,1419.2388899999999,6.07699161,1.1724551904,4.282609090805053,0.782989886,0.25,0.26,1.12,0.16,2.09,4.14,5.7,7.13,8.51
2024-01-04 07:20:00,1419.2388899999999,5.86267051,0.8797112064,4.516318039894104,0.7307799380000001,0.25,0.26,1.12,0.16,2.09,4.14,5.7,7.13,8.51
2024-01-04 07:25:00,1419.2388899999999,6.251506399999999,0.9177997920000001,4.846861159801483,0.782864866,0.25,0.26,1.12,0.16,2.09,4.14,5.7,7.13,8.51
2024-01-04 07:30:00,1419.2388899999999,7.28242126,1.1213066592,5.566319308280945,0.7567285040000001,0.25,0.2,1.02,0.05,2.14,4.66,6.9,8.55,10.36
2024-01-04 07:35:00,1419.2388899999999,8.780310109999999,1.2611926080000002,6.85011969089508,0.78273958,0.25,0.26,1.12,0.16,2.14,4.66,6.9,8.55,10.36
2024-01-04 07:40:00,1419.2382200000002,8.41033356,1.0575163872,6.791858894824982,0.991265226,0.25,0.26,1.12,0.16,2.14,4.66,6.9,8.55,10.36
2024-01-04 07:45:00,1419.2388899999999,8.838093339999999,0.904736976,7.453440132141113,0.808688146,0.25,0.26,1.12,0.16,2.29,4.71,6.69,8.5,9.96
2024-01-04 07:50:00,1419.2382200000002,10.91970875,1.1464211616,9.16516972541809,0.8607722760000001,0.25,0.26,1.12,0.16,2.29,4.71,6.69,8.5,9.96
2024-01-04 07:55:00,1419.2388899999999,12.261965069999999,1.2226858176,10.390707035064697,0.7824898060000001,0.51745845,0.26,1.12,0.16,2.29,4.71,6.69,8.5,9.96
2024-01-04 08:00:00,1419.2382200000002,12.436795009999999,1.2226025759999999,10.565664744377136,0.83457367,0.25,0.19,1.03,0.04,2.31,4.94,7.41,8.83,10.25
2024-01-04 08:05:00,1419.2388899999999,14.674092609999999,1.6042653119999999,12.218847107887267,0.782364786,1.06353915,0.26,1.12,0.16,2.31,4.94,7.41,8.83,10.25
2024-01-04 08:10:00,1425.99316,13.409090059999999,1.286060256,11.440840363502502,0.782302542,1.06353915,0.26,1.12,0.16,2.31,4.94,7.41,8.83,10.25
2024-01-04 08:15:00,1425.99316,12.31919631,1.0314784896,10.740571451187133,0.782239766,1.06353915,0.26,1.12,0.16,2.39,4.99,7.4,8.82,10.08
2024-01-04 08:20:00,1432.7487700000001,16.13255715,1.5022188479999998,13.833488883972167,1.107646876,1.06353915,0.26,1.12,0.16,2.39,4.99,7.4,8.82,10.08
2024-01-04 08:25:00,1432.7481000000002,18.681205759999997,1.8329875199999999,15.87591323852539,1.107646876,1.06353915,0.26,1.12,0.16,2.39,4.99,7.4,8.82,10.08
2024-01-04 08:30:00,1432.7487700000001,16.67681738,1.27300368,14.728551836013793,1.107646876,1.06353915,0.21,0.91,0.05,2.39,4.94,7.37,9.31,11.23
2024-01-04 08:35:00,1432.7481000000002,16.287393209999998,1.2092944032,14.43662899494171,1.107646876,1.06353915,0.26,1.12,0.16,2.39,4.94,7.37,9.31,11.23
2024-01-04 08:40:00,1432.7487700000001,16.24820574,1.400088768,14.105441513061523,1.107646876,1.06353915,0.26,1.12,0.16,2.39,4.94,7.37,9.31,11.23
2024-01-04 08:45:00,1432.7481000000002,18.933079369999998,2.010817536,15.855626993179321,1.107646876,1.06353915,0.26,1.12,0.16,2.59,5.18,7.57,9.53,11.79
2024-01-04 08:50:00,1432.7481000000002,19.8473257,2.201616768,16.47786298751831,1.107646876,1.06353915,0.26,1.12,0.16,2.59,5.18,7.57,9.53,11.79
2024-01-04 08:55:00,1432.7481000000002,18.2709836,1.667073408,15.719612426757811,1.107646876,1.06353915,0.26,1.12,0.16,2.59,5.18,7.57,9.53,11.79
2024-01-04 09:00:00,1432.7481000000002,16.04829177,1.75722768,12.88524125099182,1.107646876,1.06353915,0.24,0.54,0.08,2.66,5.07,7.14,9.2,11.76
2024-01-04 09:30:00,1432.7481000000002,16.04829177,1.75722768,12.88524125099182,1.107646876,0.5003907,0.14,0.49,0.09,2.44,5.01,7.23,9.3,10.93
2024-01-04 09:40:00,1432.7487700000001,16.04829177,1.75722768,12.88524125099182,0.836347358,0.55292355,0.26,1.12,0.16,2.44,5.01,7.23,9.3,10.93
2024-01-04 09:45:00,1432.7487700000001,18.34783054,2.5959847679999997,14.374807586669922,0.6019098540000001,0.25,0.26,1.12,0.16,2.6,5.13,7.58,8.88,9.92
2024-01-04 09:50:00,1432.7487700000001,15.526191359999999,1.8579125760000001,12.682751297950745,0.7846566420000001,0.7779255,0.26,1.12,0.16,2.6,5.13,7.58,8.88,9.92
2024-01-04 09:55:00,1432.7487700000001,15.156241549999999,1.654306368,12.62441081047058,0.784884604,0.8645569500000001,0.26,1.12,0.16,2.6,5.13,7.58,8.88,9.92
2024-01-04 10:00:00,1432.7487700000001,13.63826905,1.463426016,11.398570218086242,1.071930524,0.9339418500000001,0.29,0.8,0.17,2.61,5.18,7.65,9.01,10.43
2024-01-04 10:05:00,1432.7501100000002,12.82077759,1.39980048,10.678454957008361,0.863564744,0.77911635,0.26,1.12,0.16,2.61,5.18,7.65,9.01,10.43
2024-01-04 10:10:00,1432.7501100000002,12.17841021,1.285272768,10.211365842819214,1.176687708,0.8312544000000001,0.26,1.12,0.16,2.61,5.18,7.65,9.01,10.43
2024-01-04 10:15:00,1432.7501100000002,11.47765986,1.527057792,9.140575590133666,1.124768232,0.728169,0.26,1.12,0.16,2.6,5.27,7.69,9.55,12.09
2024-01-04 10:20:00,1432.7501100000002,11.5746955,1.679765568,9.003900723457336,1.1249980560000001,0.9872727000000001,0.26,1.12,0.16,2.6,5.27,7.69,9.55,12.09
2024-01-04 10:25:00,1432.7501100000002,11.20473232,1.7433935999999999,8.536558418273925,1.2816768440000001,1.0394118,0.26,1.12,0.16,2.6,5.27,7.69,9.55,12.09
2024-01-04 10:30:00,1432.7501100000002,11.12664197,1.616140032,8.653222999572753,1.386206864,1.0225623,0.26,1.12,0.16,2.71,5.4,7.88,9.51,10.95
2024-01-04 10:35:00,1432.75078,11.37934261,1.6543176,8.847494263648986,1.073537164,1.04020725,0.26,1.12,0.16,2.71,5.4,7.88,9.51,10.95
2024-01-04 10:40:00,1432.75078,11.39854384,1.7433985920000001,8.730361552238463,1.151992268,1.0923464999999999,0.26,1.12,0.16,2.71,5.4,7.88,9.51,10.95
2024-01-04 10:45:00,1432.75078,10.795079340000001,1.908832224,7.873709859848022,1.1261469100000001,1.10999175,0.26,1.12,0.16,2.62,5.43,8.11,10.16,11.78
2024-01-04 10:50:00,1432.75145,11.2812813,1.947009792,8.301482419967652,1.100301286,0.9379158,0.26,1.12,0.16,2.62,5.43,8.11,10.16,11.78
2024-01-04 10:55:00,1432.75145,12.13719814,1.6797743040000002,9.566390018463135,1.30913496,0.80033355,0.26,1.12,0.16,2.62,5.43,8.11,10.16,11.78
2024-01-04 11:00:00,1432.75145,13.12932854,1.8070316160000002,10.363759498596192,1.2050629920000002,0.9042155999999999,0.24,0.65,0.09,2.5,5.26,7.97,10.12,11.99
2024-01-04 11:05:00,1432.75145,14.277129669999999,1.807034112,11.511556243896484,1.048838798,0.9908503499999999,0.26,1.12,0.16,2.5,5.26,7.97,10.12,11.99
2024-01-04 11:10:00,1432.75212,16.22274162,1.94701728,13.242930908203125,1.127295498,1.0429908,0.26,1.12,0.16,2.5,5.26,7.97,10.12,11.99
2024-01-04 11:15:00,1432.75212,16.78679518,2.239708224,13.359037194252014,1.04929818,0.9743979,0.26,1.12,0.16,2.8,5.54,8.09,10.87,14.09
2024-01-04 11:20:00,1432.75279,16.80600978,2.417867712,13.10558663368225,0.8669958780000001,0.8885572500000001,0.26,1.12,0.16,2.8,5.54,8.09,10.87,14.09
2024-01-04 11:25:00,1432.75279,15.93012389,2.405144352,12.249173560142516,1.049756764,0.88895445,0.26,1.12,0.16,2.8,5.54,8.09,10.87,14.09
2024-01-04 11:30:00,1432.75279,15.696372359999998,2.2906166399999996,12.190700101852416,1.049986056,0.94109505,0.25,0.77,0.09,3.15,5.75,7.95,10.35,12.37
2024-01-04 11:35:00,1432.75279,15.17073463,2.392423488,11.509252934455871,1.024139368,0.7517665499999999,0.26,1.12,0.16,3.15,5.75,7.95,10.35,12.37
2024-01-04 11:40:00,1432.7534600000001,15.384534299999999,2.4306023039999998,11.664622950553893,0.789681382,0.83840265,0.26,1.12,0.16,3.15,5.75,7.95,10.35,12.37
2024-01-04 11:45:00,1432.7534600000001,15.462124229999999,2.481506976,11.664305095672606,0.894215658,0.9077913,0.26,1.12,0.16,3.03,5.76,8.05,10.94,13.13
2024-01-04 11:50:00,1432.7534600000001,14.21650054,2.2778982720000003,10.73029444694519,0.9726742200000001,0.6839658000000001,0.26,1.12,0.16,3.03,5.76,8.05,10.94,13.13
2024-01-04 11:55:00,1486.0993138709675,13.632483659999998,2.1379175999999998,10.360509910583495,0.9207499560000001,0.5463789,0.26,1.12,0.16,3.03,5.76,8.05,10.94,13.13
2024-01-04 12:00:00,1483.0246096666665,13.106834469999999,1.896131328,10.204903097152709,0.9209789820000001,0.70200735,0.24,0.83,0.11,2.93,5.47,7.78,9.56,10.91
2024-01-04 12:05:00,1485.6095438709679,12.795238979999999,1.8070528319999999,10.029637551307678,0.6082853420000001,0.7024041,0.26,1.12,0.16,2.93,5.47,7.78,9.56,10.91
2024-01-04 12:10:00,1489.8898093333335,14.48792682,2.048842848,11.352277250289916,0.738897726,0.7200489,0.26,1.12,0.16,2.93,5.47,7.78,9.56,10.91
2024-01-04 12:15:00,1487.5291587096774,14.54605576,2.239730688,11.11826319694519,0.660894822,0.70319775,0.26,1.12,0.16,2.75,5.5,8.0,11.82,15.52
2024-01-04 12:20:00,1485.3578616129037,13.456091339999999,2.074298304,10.281484265327453,0.765431492,0.63460185,0.26,1.12,0.16,2.75,5.5,8.0,11.82,15.52
2024-01-04 12:25:00,1481.8346558064516,12.67746838,1.9597680960000001,9.678143787384032,0.9221238460000001,0.58325385,0.26,1.12,0.16,2.75,5.5,8.0,11.82,15.52
2024-01-04 12:30:00,1480.7845093333335,12.44370348,1.8706896,9.58070897102356,0.870197986,0.6698916,0.23,0.85,0.11,2.89,5.75,8.53,11.21,14.5
2024-01-04 12:35:00,1480.022997419355,12.30723589,1.8834167039999998,9.424763355255127,0.792194284,0.6012951,0.26,1.12,0.16,2.89,5.75,8.53,11.21,14.5
2024-01-04 12:40:00,1479.0451,12.85184374,1.959773088,9.852511324882506,0.870655772,0.5499465,0.26,1.12,0.16,2.89,5.75,8.53,11.21,14.5
2024-01-04 12:45:00,1478.1859143333336,13.04618242,1.9597743360000002,10.046848163604736,0.8708845319999999,0.6883302,0.26,1.12,0.16,2.99,5.84,8.45,11.06,12.99
2024-01-04 12:50:00,1473.4437054838713,13.00701023,1.883421696,10.12453043937683,0.792879766,0.56798775,0.26,1.12,0.16,2.99,5.84,8.45,11.06,12.99
2024-01-04 12:55:00,1470.5234593333332,11.43053825,1.756164384,8.742818002700805,0.845263944,0.5511358500000001,0.26,1.12,0.16,2.99,5.84,8.45,11.06,12.99
2024-01-04 13:00:00,1469.2575238709676,11.31352592,1.3871170560000001,9.190614509582518,0.8715708120000001,0.5342838,0.22,0.77,0.09,3.04,5.98,8.8,11.36,14.85
2024-01-04 13:05:00,1472.719068064516,11.54678276,1.46347344,9.30701132774353,0.767486608,0.68991735,0.26,1.12,0.16,3.04,5.98,8.8,11.36,14.85
2024-01-04 13:10:00,1473.4625930000002,11.33247121,1.730717664,8.683696084022522,0.79379321,0.7075626,0.26,1.12,0.16,3.04,5.98,8.8,11.36,14.85
2024-01-04 13:15:00,1468.4091958064519,12.36357707,1.743444768,9.69532434463501,0.7940219700000001,0.6734622,0.26,1.12,0.16,3.15,6.16,9.05,11.97,15.75
2024-01-04 13:20:00,1468.262033548387,13.72550257,2.239755648,10.297672095298767,0.8724858520000001,0.6738588,0.26,1.12,0.16,3.15,6.16,9.05,11.97,15.75
2024-01-04 13:25:00,1469.0530658064517,14.425802159999998,2.519726976,10.569489021301269,1.0552645600000001,0.72600195,0.26,1.12,0.16,3.15,6.16,9.05,11.97,15.75
2024-01-04 13:30:00,1474.5251906666667,14.62015039,2.417922624,10.919643969535826,1.0554941180000001,0.69190125,0.23,0.78,0.12,3.82,6.83,9.61,12.48,15.59
2024-01-04 13:35:00,1479.1920245161289,14.71720322,2.087050368,11.523079166412353,1.055723676,0.70954695,0.26,1.12,0.16,3.82,6.83,9.61,12.48,15.59
2024-01-04 13:40:00,1475.913087741935,13.89963727,1.628918304,11.406661400794983,0.821243346,0.658197,0.26,1.12,0.16,3.82,6.83,9.61,12.48,15.59
2024-01-04 13:45:00,1469.8987066666664,14.36642408,1.6798242239999999,11.795539088249207,0.7953926680000001,0.86558085,0.26,1.12,0.16,3.4,6.67,9.64,13.93,18.64
2024-01-04 13:50:00,1468.6595596774196,14.658071529999999,1.997974368,11.60027509689331,0.743463084,0.81423135,0.26,1.12,0.16,3.4,6.67,9.64,13.93,18.64
2024-01-04 13:55:00,1463.965431612903,14.716204289999999,2.1506871359999997,11.424688053131103,0.821928828,0.6938853,0.26,1.12,0.16,3.4,6.67,9.64,13.93,18.64
2024-01-04 14:00:00,1465.069461935484,15.650035759999998,2.316127008,12.105321912765502,0.874316198,0.6252858,0.24,0.6,0.11,3.59,6.67,9.52,12.18,14.11
2024-01-04 14:05:00,1463.9199170000004,20.5148134,3.703261536,14.847161798477172,0.718068596,0.8154224999999999,0.26,1.12,0.16,3.59,6.67,9.52,12.18,14.11
2024-01-04 14:10:00,1465.7421851612905,34.1172222,7.979199072,21.905465507507323,0.84869428,0.9538131,0.26,1.12,0.16,3.59,6.67,9.52,12.18,14.11
2024-01-04 14:15:00,1471.5268787096775,27.0140277,4.59408768,19.9830117893219,1.057559608,1.05770565,0.26,1.12,0.16,4.33,7.39,10.1,14.16,20.0
2024-01-04 14:20:00,1485.2093903333332,30.7696416,5.064954336,23.017990379333494,0.92739038,1.04085405,0.26,1.12,0.16,4.33,7.39,10.1,14.16,20.0
2024-01-04 14:25:00,1473.935636774194,25.1843241,3.194232288,20.29571541786194,0.849380028,0.9205068,0.26,1.12,0.16,4.33,7.39,10.1,14.16,20.0
2024-01-04 14:30:00,1476.4468183870968,23.3159239,2.87608464,18.914223384857177,0.797449114,1.0244001,0.26,0.59,0.13,3.71,6.69,9.28,12.61,16.57
2024-01-04 14:35:00,1478.328646666667,26.4293385,3.270594912,21.42385980606079,0.823757312,1.0420470000000002,0.26,1.12,0.16,3.71,6.69,9.28,12.61,16.57
2024-01-04 14:40:00,1471.5704287096778,26.2928881,2.7488285759999997,22.08594696998596,0.8761465440000001,0.9389482499999999,0.26,1.12,0.16,3.71,6.69,9.28,12.61,16.57
2024-01-04 14:45:00,1470.2237070967744,26.857006600000002,2.8124616000000002,22.55267815589905,0.7981348620000001,0.7323522,0.26,1.12,0.16,5.19,8.13,10.65,12.79,15.16
2024-01-04 14:50:00,1473.2339090322582,28.7833944,3.2196989759999997,23.855812129974364,0.798363356,0.8534957999999999,0.26,1.12,0.16,5.19,8.13,10.65,12.79,15.16
2024-01-04 14:55:00,1477.1716460000002,35.3413603,4.797737568,27.99866889953613,1.033315038,0.9228912,0.26,1.12,0.16,5.19,8.13,10.65,12.79,15.16
2024-01-04 15:00:00,1474.201086451613,37.1315269,4.797741312,29.788829412460327,0.850981348,0.9060389999999999,0.49,1.64,0.27,9.91,13.22,15.94,17.7,20.45
2024-01-04 15:05:00,1475.3918709677419,33.74519239999999,3.639668448,28.174867973327636,0.799048838,0.8891866500000001,0.26,1.12,0.16,9.91,13.22,15.94,17.7,20.45
2024-01-04 15:10:00,1477.6716893333337,35.0293809,4.606857216,27.978823461532592,1.06008448,0.9413331,0.26,1.12,0.16,9.91,13.22,15.94,17.7,20.45
2024-01-04 15:15:00,1480.340037096774,35.2432436,5.866749408,26.26448363304138,1.060314038,0.8037325499999999,0.26,1.12,0.16,10.1,13.0,15.66,18.52,22.01
2024-01-04 15:20:00,1480.8088641935483,31.0978942,3.805118304,25.27435565948486,0.87797689,0.7178811,0.26,1.12,0.16,10.1,13.0,15.66,18.52,22.01
2024-01-04 15:25:00,1484.890936451613,31.3312198,3.283348224,26.30622371673584,0.799962814,0.718278,0.26,1.12,0.16,10.1,13.0,15.66,18.52,22.01
2024-01-04 15:30:00,1492.7608933333336,30.786086699999995,2.837935776,26.442771987915037,0.8001913079999999,0.82217385,0.43,1.06,0.22,7.16,9.98,12.61,15.3,18.04
2024-01-04 15:35:00,1505.496678387097,36.721449899999996,4.352353824,30.060394058227537,0.8525821360000001,0.8915706000000001,0.26,1.12,0.16,7.16,9.98,12.61,15.3,18.04
2024-01-04 15:40:00,1494.4161103225808,45.011575699999995,8.08113072,32.6438201713562,1.087543128,1.02996735,0.26,1.12,0.16,7.16,9.98,12.61,15.3,18.04
2024-01-04 15:45:00,1503.7074650000002,51.1416061,11.898998592,32.930796680450435,1.296424416,1.151115,0.26,1.12,0.16,6.55,9.07,11.22,12.89,14.42
2024-01-04 15:50:00,1513.4627622580651,50.5576236,11.033626656,33.67122186660767,1.0358391120000001,1.08251295,0.26,1.12,0.16,6.55,9.07,11.22,12.89,14.42
2024-01-04 15:55:00,1536.9246709677418,50.771505399999995,11.160897696000001,33.69032230377197,1.0621505020000002,1.0656607500000002,0.26,1.12,0.16,6.55,9.07,11.22,12.89,14.42
2024-01-04 16:00:00,1534.9199877419355,62.1171155,20.921933759999998,30.097166862487793,1.21887052,1.15230885,0.49,1.29,0.27,6.31,8.79,11.02,13.38,15.66
2024-01-04 16:05:00,1562.0178106666672,62.8175889,21.316464,30.1938348197937,1.5842467900000001,1.41145935,0.26,1.12,0.16,6.31,8.79,11.02,13.38,15.66
2024-01-04 16:10:00,1548.8485312903226,72.6842669,25.8724752,33.08776781082153,1.793134196,1.4808588,0.26,1.12,0.16,6.31,8.79,11.02,13.38,15.66
2024-01-04 16:15:00,1548.666226451613,78.6197829,28.76137056,34.60197746276855,1.689038288,1.584759,0.26,1.12,0.16,6.2,8.52,10.46,13.22,18.24
2024-01-04 16:20:00,1546.3195319999995,85.3727407,34.13187648,33.13565187454223,1.7675167999999999,1.740411,0.26,1.12,0.16,6.2,8.52,10.46,13.22,18.24
2024-01-04 16:25:00,2146.4532374193545,105.865379,50.625169920000005,28.38614948272705,2.080736854,2.3273219999999997,0.26,1.12,0.16,6.2,8.52,10.46,13.22,18.24
2024-01-04 16:30:00,3789.191980967742,99.2873963,46.692796799999996,27.826462593078613,2.3678761400000004,4.656525,0.68,1.72,0.34,6.18,8.74,10.94,15.3,19.88
2024-01-04 16:35:00,4864.699954000001,105.45660079999999,46.183787519999996,34.77467922210693,2.263781296,14.334419999999998,0.26,1.12,0.16,6.18,8.74,10.94,15.3,19.88
2024-01-04 16:40:00,6481.498735483871,106.33227849999999,45.33115392,36.95526935577392,2.159685122,18.19896,0.26,1.12,0.16,6.18,8.74,10.94,15.3,19.88
2024-01-04 16:45:00,10075.46367419355,114.79799059999999,52.54702752,34.37746444702148,2.55115945,30.87852,0.26,1.12,0.16,7.3,11.02,14.16,23.91,36.9
2024-01-04 16:50:00,6781.861183548385,168.4921971,85.19012735999999,38.11307716369629,3.4382096,27.359880000000004,0.26,1.12,0.16,7.3,11.02,14.16,23.91,36.9
2024-01-04 16:55:00,3136.7010556666673,143.6593703,67.14424704,40.89854969024658,2.68204342,13.145856,0.26,1.12,0.16,7.3,11.02,14.16,23.91,36.9
2024-01-04 17:00:00,3972.4324206451624,128.3820443,59.1521424,37.85272396087646,2.604032004,10.368931499999999,1.0,2.64,0.65,8.56,14.56,20.2,40.19,63.52
2024-01-04 17:05:00,3461.003330645161,132.89716969999998,65.31177120000001,32.94086238861084,2.578184518,6.6087015000000005,0.26,1.12,0.16,8.56,14.56,20.2,40.19,63.52
2024-01-04 17:10:00,6526.697219333334,140.19527970000001,69.67697568,33.55824768066406,2.8914173400000003,11.146056000000002,0.26,1.12,0.16,8.56,14.56,20.2,40.19,63.52
2024-01-04 17:15:00,12028.01030967742,144.009798,70.453344,36.18456325531006,3.1003231,39.24801,0.26,1.12,0.16,10.47,20.23,29.08,69.62,117.53
2024-01-04 17:20:00,16222.645377419358,141.47981199999998,67.24635839999999,38.56270065307617,2.91797478,56.84433,0.26,1.12,0.16,10.47,20.23,29.08,69.62,117.53
2024-01-04 17:25:00,16931.63397419355,134.707143,61.90131167999999,39.97035514831543,2.657378304,69.4035,0.26,1.12,0.16,10.47,20.23,29.08,69.62,117.53
2024-01-04 17:30:00,17818.431803333337,130.93153139999998,59.63606688,39.66158599853515,2.8923643000000006,67.023435,1.61,4.02,0.93,10.53,18.07,26.46,50.08,72.76
2024-01-04 17:35:00,22380.17966129032,159.55996749999997,81.71649407999999,34.49707260131836,3.0751861000000003,85.67229,0.26,1.12,0.16,10.53,18.07,26.46,50.08,72.76
2024-01-04 17:40:00,29167.292629032265,149.61499859999998,75.74784672,33.68680313110352,3.38843302,157.47165,0.26,1.12,0.16,10.53,18.07,26.46,50.08,72.76
2024-01-04 17:45:00,23097.165046666672,150.02373859999997,74.84433216000001,35.478331604003905,3.5190895600000003,96.0069,0.26,1.12,0.16,14.73,18.23,20.92,27.17,33.56
2024-01-04 17:50:00,33897.51834838709,165.1652445,86.34913248,33.0123314666748,3.88450706,180.7275,0.26,1.12,0.16,14.73,18.23,20.92,27.17,33.56
2024-01-04 17:55:00,34020.588054838714,157.9837973,84.4147824,28.791291503906248,3.64999082,176.41575,0.26,1.12,0.16,14.73,18.23,20.92,27.17,33.56
2024-01-04 18:00:00,30556.245206451615,154.1498543,81.94591392,28.735844497680663,3.5719756800000004,154.80089999999998,0.26,1.12,0.16,13.71,16.29,18.52,20.7,23.35
2024-01-04 18:05:00,20593.656670000004,157.7698391,83.34590784,30.213212127685544,3.8591439600000004,96.45801,0.26,1.12,0.16,13.71,16.29,18.52,20.7,23.35
2024-01-04 18:10:00,23045.68309677419,182.4090301,94.74893376,37.400645065307614,4.22456678,97.45922999999999,0.26,1.12,0.16,13.71,16.29,18.52,20.7,23.35
2024-01-04 18:15:00,61100.97008709678,248.60025199999995,130.66322879999998,48.62687873840332,4.8769238,351.57165,0.26,1.12,0.16,12.2,14.44,16.31,18.52,20.64
2024-01-04 18:20:00,48809.766213333336,165.1073142,81.01715232000001,41.11472015380859,4.303305440000001,293.98785,0.26,1.12,0.16,12.2,14.44,16.31,18.52,20.64
2024-01-04 18:25:00,50307.77518064517,160.0666523,79.10824896,38.99552974700928,3.7296817600000005,280.42935,0.26,1.12,0.16,12.2,14.44,16.31,18.52,20.64
2024-01-04 18:30:00,54867.14095806453,166.2946848,85.16615327999999,35.95224685668945,3.96468744,370.31055000000003,2.1,6.22,2.71,12.5,14.58,15.89,17.53,19.43
2024-01-04 18:35:00,37409.71978666667,164.7766741,86.20980576000001,32.83698486328125,3.7823338,218.94735,0.26,1.12,0.16,12.5,14.58,15.89,17.53,19.43
2024-01-04 18:40:00,42906.51168387097,162.71374039999998,84.77178527999999,32.974866485595705,3.62606412,260.8695,0.26,1.12,0.16,12.5,14.58,15.89,17.53,19.43
2024-01-04 18:45:00,40983.72190967743,166.35332179999997,85.53544896000001,35.44570457458496,3.4176212000000006,233.7339,0.26,1.12,0.16,13.78,16.0,17.72,19.09,20.72
2024-01-04 18:50:00,40178.58463870968,167.9687616,86.12093568,36.165087585449214,3.62654292,206.33925000000002,0.26,1.12,0.16,13.78,16.0,17.72,19.09,20.72
2024-01-04 18:55:00,49854.84181666667,181.5926197,94.83875232000001,36.44676712036133,3.67895556,251.93640000000002,0.26,1.12,0.16,13.78,16.0,17.72,19.09,20.72
2024-01-04 19:00:00,66852.09382580646,169.5454093,90.5881392,30.904908065795897,3.9661344800000005,390.10635,2.46,7.46,3.6,12.11,13.84,14.91,15.74,16.38
2024-01-04 19:05:00,62064.50529999999,175.637297,92.47175808,34.11401466369629,3.9142059600000003,357.70889999999997,0.26,1.12,0.16,12.11,13.84,14.91,15.74,16.38
2024-01-04 19:10:00,64159.020886666665,171.1999086,85.66308192,40.09695793151855,3.15795998,373.49564999999996,0.26,1.12,0.16,12.11,13.84,14.91,15.74,16.38
2024-01-04 19:15:00,75758.16867741937,150.8030568,73.5219264,38.281523857116696,3.49731214,438.36389999999994,0.26,1.12,0.16,15.19,17.18,18.52,19.75,20.57
2024-01-04 19:20:00,61992.57301935484,145.9568902,72.44020992,35.09086559295654,3.3410371400000005,387.93825,0.26,1.12,0.16,15.19,17.18,18.52,19.75,20.57
2024-01-04 19:25:00,19224.013190000005,165.8673987,86.27419008,33.82917297363281,3.6803946200000004,68.10609,0.26,1.12,0.16,15.19,17.18,18.52,19.75,20.57
2024-01-04 19:30:00,24993.05192903226,172.48482289999998,87.69965567999999,38.264991760253906,3.4458597600000003,96.41714999999999,2.96,9.29,4.8,19.57,21.9,23.22,26.05,28.33
2024-01-04 19:35:00,27765.23679677419,170.6554058,86.89794048,37.662564773559566,3.4982697400000005,135.545355,0.26,1.12,0.16,19.57,21.9,23.22,26.05,28.33
2024-01-04 19:40:00,45277.649032258065,170.83066739999998,87.44526336,37.00017341613769,3.8637165,233.9346,0.26,1.12,0.16,19.57,21.9,23.22,26.05,28.33
2024-01-04 19:45:00,58024.50691666666,149.4215156,74.51498496,35.380159072875976,3.42048868,332.35875,0.26,1.12,0.16,25.67,27.73,29.15,30.19,30.96
2024-01-04 19:50:00,58211.48378064517,144.75040049999998,73.40782175999999,32.40350002288818,3.42072808,302.63460000000003,0.26,1.12,0.16,25.67,27.73,29.15,30.19,30.96
2024-01-04 19:55:00,55452.49942580646,140.955135,73.2169776,28.900305709838864,3.6035738200000003,294.9414,0.26,1.12,0.16,25.67,27.73,29.15,30.19,30.96
2024-01-04 20:00:00,47959.09937333335,154.8712613,81.0821856,30.779121322631834,4.0212018,265.7862,2.81,7.82,3.58,25.94,28.25,29.89,31.55,33.33
2024-01-04 20:05:00,54923.45683548387,156.7008885,80.68773024000001,33.21245071411133,3.76057234,307.1409,0.26,1.12,0.16,25.94,28.25,29.89,31.55,33.33
2024-01-04 20:10:00,66334.55470322582,166.7633988,87.21662976,33.28281959533691,3.86516354,456.34035,0.26,1.12,0.16,25.94,28.25,29.89,31.55,33.33
2024-01-04 20:15:00,59130.679041935495,167.7755651,92.1801504,26.698571395874023,4.334970080000001,340.8372,0.26,1.12,0.16,22.64,24.66,26.07,27.03,28.87
2024-01-04 20:20:00,59568.48194,152.2244979,78.80436096,31.618469505310056,3.76129586,345.5484,0.26,1.12,0.16,22.64,24.66,26.07,27.03,28.87
2024-01-04 20:25:00,58253.636074193564,136.40089279999998,68.9411424,30.89000804901123,3.65718612,343.35855,0.26,1.12,0.16,22.64,24.66,26.07,27.03,28.87
2024-01-04 20:30:00,51252.55925483872,134.2404727,66.59948256,32.31337131500244,3.42263796,307.4574,2.98,9.2,5.0,21.51,23.66,24.79,25.74,26.46
2024-01-04 20:35:00,20177.34502333334,139.9627181,71.5757328,30.419728546142576,3.5011425400000005,94.64847,0.26,1.12,0.16,21.51,23.66,24.79,25.74,26.46
2024-01-04 20:40:00,11651.633703225809,150.8428039,78.93190656,30.041566848754883,3.86660526,29.4516,0.26,1.12,0.16,21.51,23.66,24.79,25.74,26.46
2024-01-04 20:45:00,32685.150538709677,153.7429288,81.680976,28.734387283325194,3.6320597600000006,101.343765,0.26,1.12,0.16,21.24,23.34,24.66,26.03,27.79
2024-01-04 20:50:00,45031.1281516129,130.79546299999998,68.58510048,25.82948875427246,3.21489462,195.78555,0.26,1.12,0.16,21.24,23.34,24.66,26.03,27.79
2024-01-04 20:55:00,41807.49236333334,118.8058964,60.28723584,26.53937801361084,3.03251704,212.7459,0.26,1.12,0.16,21.24,23.34,24.66,26.03,27.79
2024-01-04 21:00:00,42831.771454838716,119.4287092,59.76548448,27.960693893432616,2.98057788,198.5649,2.72,7.93,3.9,28.89,31.12,32.07,33.4,34.29
2024-01-04 21:05:00,42220.778354838716,121.297224,60.0455232,29.400632972717283,2.98081462,236.34959999999998,0.26,1.12,0.16,28.89,31.12,32.07,33.4,34.29
2024-01-04 21:10:00,33822.60433,125.55973279999999,61.738248,31.072516860961912,3.2419361800000006,179.84745,0.26,1.12,0.16,28.89,31.12,32.07,33.4,34.29
2024-01-04 21:15:00,41519.71196774193,126.61076759999999,63.69825696,29.123849678039548,3.3987032800000003,209.1783,0.26,1.12,0.16,23.24,24.99,25.9,26.44,26.93
2024-01-04 21:20:00,40335.815267741935,137.9192282,73.294416,25.74588836669922,3.65982484,213.25095000000002,0.26,1.12,0.16,23.24,24.99,25.9,26.44,26.93
2024-01-04 21:25:00,44038.60576333333,127.0973401,66.1674,25.831536140441894,3.3470035200000003,223.2069,0.26,1.12,0.16,23.24,24.99,25.9,26.44,26.93
2024-01-04 21:30:00,55214.60317419356,123.49655080000001,64.0547856,25.463990249633788,3.24288846,264.2355,3.37,8.2,3.85,25.56,27.78,29.04,30.73,32.22
2024-01-04 21:35:00,50372.30806774195,115.419008,59.98219968,23.61932445526123,3.2953037600000004,250.58925000000002,0.26,1.12,0.16,25.56,27.78,29.04,30.73,32.22
2024-01-04 21:40:00,38720.589858064515,106.83537249999999,53.69512512,24.65773540496826,2.90420928,191.7918,0.26,1.12,0.16,25.56,27.78,29.04,30.73,32.22
2024-01-04 21:45:00,35361.752003333335,101.28808310000001,50.309787840000006,24.291537437438965,2.617468196,157.13115,0.26,1.12,0.16,24.93,26.72,27.7,28.02,28.43
2024-01-04 21:50:00,22628.671854838714,102.06659909999999,50.04256608,25.47902141571045,2.7220604600000002,82.46001,0.26,1.12,0.16,24.93,26.72,27.7,28.02,28.43
2024-01-04 21:55:00,31719.93103225806,100.4315436,48.96081216,25.49953170776367,2.61794008,118.70968500000001,0.26,1.12,0.16,24.93,26.72,27.7,28.02,28.43
2024-01-04 22:00:00,25076.649003333325,90.485295,43.60277376,23.75348289489746,2.513819434,96.22935000000001,3.07,8.91,4.12,23.64,25.15,26.21,26.91,27.52
2024-01-04 22:05:00,22983.68950967742,86.20311319999999,38.9701728,26.5612580871582,2.253161778,76.90626,0.26,1.12,0.16,23.64,25.15,26.21,26.91,27.52
2024-01-04 22:10:00,32977.329974193555,82.3491152,36.25934208,26.856048908233642,2.30557495,119.22939,0.26,1.12,0.16,23.64,25.15,26.21,26.91,27.52
2024-01-04 22:15:00,20093.225219354834,71.7020685,28.7249664,27.73998420715332,1.836198266,105.927705,0.26,1.12,0.16,22.26,23.95,24.98,26.08,27.01
2024-01-04 22:20:00,17974.605453333334,46.7097949,9.748932960000001,31.789553756713865,1.132011146,86.36292,0.26,1.12,0.16,22.26,23.95,24.98,26.08,27.01
2024-01-04 22:25:00,19328.346735483872,35.4202815,4.632655872,28.330237989425658,1.106151158,77.771295,0.26,1.12,0.16,22.26,23.95,24.98,26.08,27.01
2024-01-04 22:30:00,14157.151870967746,28.4129117,3.270861984,23.40702471733093,1.132470794,61.760580000000004,2.24,6.49,2.86,18.38,20.61,22.18,23.3,24.38
2024-01-04 22:35:00,8904.442174000002,22.047836699999998,1.39998144,19.905236616134644,1.054430916,32.533545,0.26,1.12,0.16,18.38,20.61,22.18,23.3,24.38
2024-01-04 22:40:00,6957.09795451613,19.16685,1.0690772352,17.530682144165038,0.9763905060000001,19.09344,0.26,1.12,0.16,18.38,20.61,22.18,23.3,24.38
2024-01-04 22:45:00,6045.462649032261,20.9962862,1.2218036064,19.126377401351927,0.8983492980000001,12.606494999999999,0.26,1.12,0.16,11.42,14.33,16.48,18.74,21.16
2024-01-04 22:50:00,6524.397409032258,20.976575,1.107260544,19.281969642639158,1.0029391680000002,6.913190999999999,0.26,1.12,0.16,11.42,14.33,16.48,18.74,21.16
2024-01-04 22:55:00,5617.583197333333,18.38754899,0.814537152,17.140942878723145,0.9248976940000001,5.8438680000000005,0.26,1.12,0.16,11.42,14.33,16.48,18.74,21.16
2024-01-04 23:00:00,5107.780164193549,15.44814876,0.6109033631999999,14.513191947937012,1.003398018,4.3086899999999995,0.75,2.69,1.34,8.37,11.19,13.12,16.0,18.48
2024-01-04 23:05:00,4488.120851935484,13.40411069,0.25,12.644458436965943,0.873174792,2.9978024999999997,0.26,1.12,0.16,8.37,11.19,13.12,16.0,18.48
2024-01-04 23:10:00,3618.412072333333,12.56687556,0.25,12.17730921268463,0.69076875,2.0837475,0.26,1.12,0.16,8.37,11.19,13.12,16.0,18.48
2024-01-04 23:15:00,2251.366505806451,13.17002873,0.25,12.663592572212218,0.847541702,1.8425924999999999,0.26,1.12,0.16,8.3,11.17,13.38,14.92,16.24
2024-01-04 23:20:00,2395.1169509677416,13.481213569999998,0.25,12.857907552719116,0.6651343300000001,1.532421,0.26,1.12,0.16,8.3,11.17,13.38,14.92,16.24
2024-01-04 23:25:00,2871.647068,13.227917009999999,0.25,12.779915618896483,0.743635452,1.42929555,0.26,1.12,0.16,8.3,11.17,13.38,14.92,16.24
2024-01-04 23:30:00,2437.874600322581,13.46124452,0.25,13.013242049217224,0.9004102660000001,1.44694845,0.43,1.16,0.58,7.0,10.06,12.23,14.78,17.68
2024-01-04 23:35:00,2572.590765483871,13.402596059999999,0.25,12.837723312377928,0.8223658660000001,1.5508724999999999,0.26,1.12,0.16,7.0,10.06,12.23,14.78,17.68
2024-01-04 23:40:00,2674.901235161291,13.61646067,0.25,12.95419572353363,0.8486857680000001,1.5512715,0.26,1.12,0.16,7.0,10.06,12.23,14.78,17.68
2024-01-04 23:45:00,2369.6534763333343,14.083367809999999,0.5090901503999999,13.304231362342835,0.82282312,1.44814515,0.26,1.12,0.16,8.13,11.6,14.22,17.66,20.53
2024-01-04 23:50:00,1956.8856203225807,14.70600107,0.5090905247999999,13.926864447593688,0.7969604720000001,1.3622727000000001,0.26,1.12,0.16,8.13,11.6,14.22,17.66,20.53
2024-01-04 23:55:00,1983.5940896774196,15.36756395,0.25,14.724775829315185,0.640639454,1.3971798,0.26,1.12,0.16,8.13,11.6,14.22,17.66,20.53
2024-01-05 00:00:00,1655.6842350000002,16.04829177,1.75722768,12.88524125099182,1.107646876,1.06353915,0.39,0.87,0.39,8.13,11.6,14.22,17.66,20.53
2024-01-05 00:15:00,1784.5032438709677,16.12571744,0.25,15.930932188034056,0.824195148,1.2779934,0.26,1.12,0.16,6.56,9.71,12.05,14.44,16.32
2024-01-05 00:20:00,1844.8743013333337,18.90900955,0.25,18.422047414779662,0.7983319680000001,1.3474097999999999,0.26,1.12,0.16,6.56,9.71,12.05,14.44,16.32
2024-01-05 00:25:00,1789.6081900000004,24.4563849,0.25,23.89150659561157,0.824652668,1.41682665,0.26,1.12,0.16,6.56,9.71,12.05,14.44,16.32
2024-01-05 00:30:00,1829.011279032258,31.736235299999997,0.5218213728,30.937615242004394,0.824881428,1.46898945,0.36,0.93,0.34,7.13,10.14,12.48,15.04,17.63
2024-01-05 00:35:00,1783.9424243333333,39.8141792,1.0054615584,38.27537076950073,0.8251101880000001,1.6419344999999999,0.26,1.12,0.16,7.13,10.14,12.48,15.04,17.63
2024-01-05 00:40:00,1803.231278387097,44.1353059,1.6163759039999999,41.66152526855468,0.955801574,1.676844,0.26,1.12,0.16,7.13,10.14,12.48,15.04,17.63
2024-01-05 00:45:00,1788.305537096774,46.1011543,1.9600164480000002,43.1014497756958,0.773382232,1.7635155,0.26,1.12,0.16,12.2,15.31,17.49,19.77,21.29
2024-01-05 00:50:00,1759.3126919354843,46.8211861,2.494569792,43.00337560653686,1.034538106,1.8329355,0.26,1.12,0.16,12.2,15.31,17.49,19.77,21.29
2024-01-05 00:55:00,1759.315100333334,47.0351443,2.621844576,43.02254526138306,0.93039618,1.7988255,0.26,1.12,0.16,12.2,15.31,17.49,19.77,21.29
2024-01-05 01:00:00,1769.7380648387098,49.0399185,2.570937408,45.10523244857788,0.8784394640000001,1.799226,0.64,1.34,0.41,15.77,18.63,20.57,21.96,22.91
2024-01-05 01:05:00,1742.2670706451613,51.6092123,3.245493888,46.64215278625488,0.800389212,1.782372,0.26,1.12,0.16,15.77,18.63,20.57,21.96,22.91
2024-01-05 01:10:00,1700.7724656666667,54.197988099999996,3.640046592,48.62708274841308,0.9571767940000001,1.7655165,0.26,1.12,0.16,15.77,18.63,20.57,21.96,22.91
2024-01-05 01:15:00,1660.92001483871,55.404706999999995,3.512775552,50.02858415603637,0.9834993560000002,1.6623855,0.26,1.12,0.16,14.41,17.01,18.98,20.59,21.93
2024-01-05 01:20:00,1668.2742158064518,56.5919439,3.81823728,50.748327827453615,0.957635378,1.6627844999999999,0.26,1.12,0.16,14.41,17.01,18.98,20.59,21.93
2024-01-05 01:25:00,1644.2888641935488,54.723085299999994,4.263702144,48.19770725250244,0.827397256,1.8012255000000001,0.26,1.12,0.16,14.41,17.01,18.98,20.59,21.93
2024-01-05 01:30:00,1657.6560003333336,52.970965899999996,4.16188656,46.60141271591186,0.905906624,1.7498595000000001,0.26,1.12,0.16,12.12,15.0,17.04,18.87,20.69
2024-01-05 01:35:00,1623.9956880645166,55.657113499999994,4.734627456,48.41101064682007,0.9061359160000001,1.6984934999999999,0.26,1.12,0.16,12.12,15.0,17.04,18.87,20.69
2024-01-05 01:40:00,1623.8765793548387,55.6959056,4.62008352,48.625104579925534,0.8280838020000001,1.802424,0.26,1.12,0.16,12.12,15.0,17.04,18.87,20.69
2024-01-05 01:45:00,1623.313028666667,54.4693609,4.365537696,47.78812801361084,0.828312562,1.8028245,0.26,1.12,0.16,12.92,16.21,18.57,20.8,22.86
2024-01-05 01:50:00,1626.4774545161292,53.7100404,3.970987488,47.63264688491821,0.8285410560000002,1.8032234999999999,0.26,1.12,0.16,12.92,16.21,18.57,20.8,22.86
2024-01-05 01:55:00,7387.0107596774205,53.067478200000004,3.61461984,47.53548711776733,0.933146088,40.869765,0.26,1.12,0.16,12.92,16.21,18.57,20.8,22.86
2024-01-05 02:00:00,15032.420829999997,54.8582178,4.734647424,47.61208194732666,1.0116575840000002,117.605055,0.71,1.95,0.57,13.29,16.34,18.53,20.85,22.89
2024-01-05 02:05:00,6145.510766451614,60.6200384,7.865631072,48.58209125518798,0.933604406,38.144400000000005,0.26,1.12,0.16,13.29,16.34,18.53,20.85,22.89
2024-01-05 02:10:00,2775.6513396774194,64.61046769999999,10.372969152,48.73516798019409,1.064305368,14.228777999999998,0.26,1.12,0.16,13.29,16.34,18.53,20.85,22.89
2024-01-05 02:15:00,2256.31471516129,65.8951146,10.627529952,49.63022911071777,1.2732909280000002,3.8586314999999995,0.26,1.12,0.16,12.91,15.79,17.81,20.74,22.96
2024-01-05 02:20:00,1871.7490063333335,63.5200678,9.354779616,49.20305765151977,1.29961615,2.2887795,0.26,1.12,0.16,12.91,15.79,17.81,20.74,22.96
2024-01-05 02:25:00,1898.5006964516137,60.7362428,8.196575712,48.19180553436279,1.299846772,2.133879,0.26,1.12,0.16,12.91,15.79,17.81,20.74,22.96
2024-01-05 02:30:00,1999.8160648387097,57.407342,6.4529000640000005,47.531508922576904,0.934750068,1.8581895,0.83,2.41,0.84,13.19,16.39,18.62,23.62,28.05
2024-01-05 02:35:00,1887.4931576666668,55.4021476,5.472878112,47.026187057495115,1.0654536900000002,1.77231,0.26,1.12,0.16,13.19,16.39,18.62,23.62,28.05
2024-01-05 02:40:00,1756.8655277419361,55.9081066,5.98198848,46.75297758102417,1.039588382,1.6346640000000001,0.26,1.12,0.16,13.19,16.39,18.62,23.62,28.05
2024-01-05 02:45:00,1831.3632600000005,56.3167511,5.994720576,47.142137603759764,1.065913338,1.617807,0.26,1.12,0.16,15.01,18.28,20.59,23.43,26.66
2024-01-05 02:50:00,1795.855745483871,53.6885911,5.141973408,45.8190634727478,0.9095715719999999,1.68723,0.26,1.12,0.16,15.01,18.28,20.59,23.43,26.66
2024-01-05 02:55:00,1777.857104666667,51.741766299999995,4.88742384,44.261814994812006,1.040277322,1.791165,0.26,1.12,0.16,15.01,18.28,20.59,23.43,26.66
2024-01-05 03:00:00,1775.984799032258,51.7026495,4.7346960959999995,44.45644054412842,0.98831635,1.8778439999999998,0.7,2.08,0.61,15.62,18.82,21.17,23.74,26.44
2024-01-05 03:05:00,1712.483928064516,51.897163899999995,4.340142144,45.254797286987305,0.831972456,1.8264765,0.26,1.12,0.16,15.62,18.82,21.17,23.74,26.44
2024-01-05 03:10:00,1792.0429700000004,52.442048699999994,4.887437568,44.96207571029663,0.8843922780000001,1.9476689999999999,0.26,1.12,0.16,15.62,18.82,21.17,23.74,26.44
2024-01-05 03:15:00,1772.3087251612903,55.0893851,6.6565923840000005,44.90180896759033,1.119482812,1.9998375000000002,0.26,1.12,0.16,16.48,19.51,21.26,22.94,24.48
2024-01-05 03:20:00,1752.3384674193544,57.1332379,7.789365792,45.21201347351074,0.9109462600000001,1.9829819999999998,0.26,1.12,0.16,16.48,19.51,21.26,22.94,24.48
2024-01-05 03:25:00,1754.8003932258068,54.310391599999996,6.363866496,44.57081729888916,1.119942726,2.0351505000000003,0.26,1.12,0.16,16.48,19.51,21.26,22.94,24.48
2024-01-05 03:30:00,1745.6589593333338,54.582757599999994,6.694793664,44.33671945571899,1.067980424,1.9320135,0.68,2.25,0.74,17.32,19.9,21.83,22.66,23.53
2024-01-05 03:35:00,1757.6715593548388,54.9719392,7.1148155520000005,44.08308036804199,1.094306444,1.8979005,0.26,1.12,0.16,17.32,19.9,21.83,22.66,23.53
2024-01-05 03:40:00,1759.1039112903227,55.0107122,7.3311937920000005,43.79069759368896,1.303306102,1.9845825000000001,0.26,1.12,0.16,17.32,19.9,21.83,22.66,23.53
2024-01-05 03:45:00,1759.130850333334,54.7574653,7.496659872,43.28421360015869,1.094766358,1.8124185000000002,0.26,1.12,0.16,17.7,20.97,22.88,24.24,25.32
2024-01-05 03:50:00,1754.130522903226,53.978624599999996,6.8475501119999995,43.498802986145016,1.094995916,1.7610495000000002,0.26,1.12,0.16,17.7,20.97,22.88,24.24,25.32
2024-01-05 03:55:00,1739.7195577419357,53.920063999999996,6.058433472,44.64794036865234,1.303997968,1.813218,0.26,1.12,0.16,17.7,20.97,22.88,24.24,25.32
2024-01-05 04:00:00,1763.3176133333334,53.8030956,5.931158688,44.72576290130615,1.095455564,1.779105,0.72,2.56,0.83,18.4,21.41,23.17,24.42,26.84
2024-01-05 04:05:00,1921.692314193548,52.6932901,6.032986752,43.46011394500732,1.0956851220000001,2.366226,0.26,1.12,0.16,18.4,21.41,23.17,24.42,26.84
2024-01-05 04:10:00,1770.937451290323,50.649074399999996,4.531108608,43.714445209503175,1.095915212,2.55645,0.26,1.12,0.16,18.4,21.41,23.17,24.42,26.84
2024-01-05 04:15:00,1736.8034800000003,48.0013369,2.9274036480000003,43.521094722747804,1.096145036,1.694022,0.26,1.12,0.16,16.6,19.39,20.92,21.83,22.36
2024-01-05 04:20:00,1723.821604666667,45.7040271,1.9982726400000002,42.64577520370483,0.8875983760000001,1.47008505,0.26,1.12,0.16,16.6,19.39,20.92,21.83,22.36
2024-01-05 04:25:00,1724.5143400000002,46.054263799999994,1.870996608,43.190798873901365,0.835632882,1.7293335,0.26,1.12,0.16,16.6,19.39,20.92,21.83,22.36
2024-01-05 04:30:00,1717.9631016129028,46.4823521,2.0110047360000003,43.4046122932434,0.9141536880000001,1.6434495,0.7,2.59,0.8,14.79,16.81,18.02,18.67,19.12
2024-01-05 04:35:00,1719.605093666667,46.910459499999995,2.22738048,43.50156805038452,1.0970643320000002,1.64385,0.26,1.12,0.16,14.79,16.81,18.02,18.67,19.12
2024-01-05 04:40:00,1727.3690370967745,47.1828255,2.087374848,43.9882084274292,1.07119663,1.713276,0.26,1.12,0.16,14.79,16.81,18.02,18.67,19.12
2024-01-05 04:45:00,1735.7519041935489,46.1898165,2.036465184,43.07311059951782,0.9670360840000001,1.7654459999999998,0.26,1.12,0.16,14.42,16.0,17.04,17.56,17.87
2024-01-05 04:50:00,1973.391221612903,45.5082521,2.189201664,42.15779054641723,1.09775407,1.972929,0.26,1.12,0.16,14.42,16.0,17.04,17.56,17.87
2024-01-05 04:55:00,3143.7508850000004,46.0531751,2.545585536,42.1572878074646,0.9413966100000001,10.222152,0.26,1.12,0.16,14.42,16.0,17.04,17.56,17.87
2024-01-05 05:00:00,2028.7344103225807,45.9751134,2.952881568,41.455879535675045,0.993822018,8.1517335,0.63,2.36,0.69,13.82,15.26,16.31,16.68,17.04
2024-01-05 05:05:00,1818.4104525806456,52.360358,8.107705632,39.95192867279052,1.098443542,2.422812,0.26,1.12,0.16,13.82,15.26,16.31,16.68,17.04
2024-01-05 05:10:00,1799.908859333333,52.710594699999994,9.864172032,37.61398488998413,1.307458362,1.8537299999999999,0.26,1.12,0.16,13.82,15.26,16.31,16.68,17.04
2024-01-05 05:15:00,1808.7537425806452,44.6702205,4.556613984,37.696557941436765,1.0728046,1.647045,0.26,1.12,0.16,13.8,15.08,15.82,16.18,16.57
2024-01-05 05:20:00,1972.889089032258,41.847183199999996,2.672876544,37.75648223876953,0.9425430699999999,1.8200159999999999,0.26,1.12,0.16,13.8,15.08,15.82,16.18,16.57
2024-01-05 05:25:00,1872.4412409677427,40.620543,2.240127552,37.19214319229126,0.812279944,2.0447595,0.26,1.12,0.16,13.8,15.08,15.82,16.18,16.57
2024-01-05 05:30:00,1817.5912759999999,39.919496599999995,1.8073773119999998,37.15339950561523,0.9690997120000001,1.596471,0.64,2.17,0.68,15.27,16.8,17.69,18.37,19.14
2024-01-05 05:35:00,1785.90711,39.3157838,1.5528177600000002,36.939276428222655,0.9432306800000001,1.6486424999999998,0.26,1.12,0.16,15.27,16.8,17.69,18.37,19.14
2024-01-05 05:40:00,1783.2528941935489,40.4252837,1.909204128,37.50334224700928,0.8651636700000002,1.666299,0.26,1.12,0.16,15.27,16.8,17.69,18.37,19.14
2024-01-05 05:45:00,1795.358889333334,43.6567745,3.7929552959999997,37.85185327529907,0.7870963940000001,1.5631545,0.26,1.12,0.16,17.24,18.93,19.78,20.16,20.71
2024-01-05 05:50:00,1814.3523274193544,37.3294602,2.60924976,33.336139068603515,0.839522866,1.6843559999999997,0.26,1.12,0.16,17.24,18.93,19.78,20.16,20.71
2024-01-05 05:55:00,1783.5450790322582,31.547202600000002,2.21468208,28.157743883132934,0.891949604,2.116191,0.26,1.12,0.16,17.24,18.93,19.78,20.16,20.71
2024-01-05 06:00:00,1740.5711133333334,27.906456099999996,1.0182458208,26.34808402061462,0.8138812639999999,1.4780646000000002,0.65,2.05,0.62,17.58,19.36,20.37,20.99,21.47
2024-01-05 06:05:00,1740.5824529032252,35.4404511,5.4094360319999995,27.161586685180662,0.8663085340000001,1.5820094999999998,0.26,1.12,0.16,17.58,19.36,20.37,20.99,21.47
2024-01-05 06:10:00,1736.7336703225806,27.575052,0.8145980544000001,26.328351516723632,0.9187360700000001,1.5824085,0.26,1.12,0.16,17.58,19.36,20.37,20.99,21.47
2024-01-05 06:15:00,1721.39488483871,31.0012482,2.71108656,26.852068891525267,1.02336318,1.47926175,0.26,1.12,0.16,16.17,17.93,19.02,19.65,20.49
2024-01-05 06:20:00,1737.2359873333337,33.6682003,3.449319744,28.38919506072998,0.9452940420000001,1.4106298499999999,0.26,1.12,0.16,16.17,17.93,19.02,19.65,20.49
2024-01-05 06:25:00,1729.04347516129,29.560172299999998,1.1964441216000001,27.729076957702635,0.8411247180000001,1.22119335,0.26,1.12,0.16,16.17,17.93,19.02,19.65,20.49
2024-01-05 06:30:00,1716.2379812903228,26.0556279,0.7127759808,24.964761362075805,0.9718522800000001,1.27336515,0.8,2.21,0.64,14.35,15.93,16.63,17.99,19.39
2024-01-05 06:35:00,1708.3599029999998,23.9138685,0.5345824224,23.0957181930542,0.8415822380000001,1.27376355,0.26,1.12,0.16,14.35,15.93,16.63,17.99,19.39
2024-01-05 06:40:00,1708.2218635483869,28.2551075,3.665710464,22.644925289154052,1.102810996,1.3949673,0.26,1.12,0.16,14.35,15.93,16.63,17.99,19.39
2024-01-05 06:45:00,1692.1222390322582,22.278049,2.074691424,19.102841567993163,0.89424013,1.2918186,0.26,1.12,0.16,12.9,14.63,15.75,17.45,18.85
2024-01-05 06:50:00,1698.0841583870967,22.939749399999997,0.9546136704,21.478762178421018,0.842268784,1.22318535,0.26,1.12,0.16,12.9,14.63,15.75,17.45,18.85
2024-01-05 06:55:00,1701.7129893333333,19.5519824,2.443813632,15.811850452423094,0.8424978100000001,1.2235836,0.26,1.12,0.16,12.9,14.63,15.75,17.45,18.85
2024-01-05 07:00:00,1703.3233638709685,19.9410876,1.438287552,17.73986162185669,0.8427265700000001,1.1204337,0.72,2.3,0.57,12.22,13.94,15.36,17.15,18.43
2024-01-05 07:05:00,1709.9072593548387,22.179779500000002,2.074698912,19.004557924270628,0.6602519,1.1726061,0.26,1.12,0.16,12.22,13.94,15.36,17.15,18.43
2024-01-05 07:10:00,1713.4549850000003,21.245025499999997,1.998331296,18.18668179512024,0.5560777880000001,1.15574625,0.26,1.12,0.16,12.22,13.94,15.36,17.15,18.43
2024-01-05 07:15:00,1708.9556864516128,19.804102399999998,1.412834592,17.641831169128416,0.6607080900000001,1.2596934,0.26,1.12,0.16,12.23,14.13,15.36,19.99,23.56
2024-01-05 07:20:00,1708.7756725806457,18.1879559,0.7891513344000001,16.98019938468933,0.55653318,1.0875096000000002,0.26,1.12,0.16,12.23,14.13,15.36,19.99,23.56
2024-01-05 07:25:00,1700.95513,17.83726844,0.9546192863999999,16.376273288726807,0.5306598920000001,0.8980669499999999,0.26,1.12,0.16,12.23,14.13,15.36,19.99,23.56
2024-01-05 07:30:00,1692.4783123333336,16.90251826,0.9291637056000001,15.480481729507446,0.25,1.01927235,0.57,1.58,0.44,11.8,13.49,14.93,16.79,18.32
2024-01-05 07:35:00,1691.2768719354842,15.05271764,0.6236857536,14.09819824695587,0.5833172520000001,1.07144535,0.26,1.12,0.16,11.8,13.49,14.93,16.79,18.32
2024-01-05 07:40:00,1687.834087741936,14.68255773,0.5855014464,13.786477327346802,0.6879502140000001,0.98555145,0.26,1.12,0.16,11.8,13.49,14.93,16.79,18.32
2024-01-05 07:45:00,1683.543773,15.655761939999998,0.7000567392,14.584362297058105,0.583773176,1.10675835,0.26,1.12,0.16,10.45,12.42,14.08,16.25,19.68
2024-01-05 07:50:00,1680.4458248387102,17.797118329999996,1.1582765376,16.024436168670654,0.5578993560000001,1.08989775,0.26,1.12,0.16,10.45,12.42,14.08,16.25,19.68
2024-01-05 07:55:00,1670.6850703225805,17.87475601,1.1455491839999998,16.121552219390868,0.25,0.9004517999999999,0.26,1.12,0.16,10.45,12.42,14.08,16.25,19.68
2024-01-05 08:00:00,1660.8279813333336,17.60194116,0.8655269376,16.277297468185424,0.636659828,0.8145565499999999,0.49,1.52,0.37,9.64,11.76,13.37,15.44,17.66
2024-01-05 08:05:00,1664.6157132258065,17.66010639,0.5982322944,16.744542322158814,0.741294918,1.0393162500000002,0.26,1.12,0.16,9.64,11.76,13.37,15.44,17.66
2024-01-05 08:10:00,1657.749553225807,19.3926311,0.6873313824,18.340705709457396,0.819828758,0.9706791,0.26,1.12,0.16,9.64,11.76,13.37,15.44,17.66
2024-01-05 08:15:00,1643.1373070967745,21.5534905,1.298293152,19.5665180683136,0.846159566,0.9020421000000001,0.26,1.12,0.16,10.13,12.31,14.12,16.09,17.66
2024-01-05 08:20:00,1641.9039206666664,22.020523700000002,1.36193616,19.93614959716797,0.846388326,1.02325095,0.26,1.12,0.16,10.13,12.31,14.12,16.09,17.66
2024-01-05 08:25:00,1639.5353006451612,24.2592729,1.70560416,21.648933849334718,0.846617352,0.9718725,0.26,1.12,0.16,10.13,12.31,14.12,16.09,17.66
2024-01-05 08:30:00,1639.5182480645158,25.1156978,2.3165688,21.570308027267455,0.8207437980000001,1.0585644,0.46,1.32,0.33,10.26,12.15,13.83,14.73,15.47
2024-01-05 08:35:00,1651.0879456666669,24.9207823,2.7238798080000004,20.752023878097532,0.742665616,0.9381501000000001,0.26,1.12,0.16,10.26,12.15,13.83,14.73,15.47
2024-01-05 08:40:00,1657.7398922580649,24.7453106,1.4764975679999999,22.485606222152708,0.8212015840000001,0.92128875,0.26,1.12,0.16,10.26,12.15,13.83,14.73,15.47
2024-01-05 08:45:00,1666.6027170967745,29.4372829,2.31657504,25.891884851455686,0.9519432440000001,1.0942764,0.26,1.12,0.16,10.64,12.71,14.29,15.92,18.76
2024-01-05 08:50:00,1672.4764774193543,38.8798263,5.689614528,30.17216239929199,0.9782751160000001,1.2154875,0.26,1.12,0.16,10.64,12.71,14.29,15.92,18.76
2024-01-05 08:55:00,1671.734531666667,39.2300821,5.2441234560000005,31.204219894409178,0.8740932900000001,1.11233145,0.26,1.12,0.16,10.64,12.71,14.29,15.92,18.76
2024-01-05 09:00:00,1667.7609309677423,42.150338399999995,6.7333581119999995,31.845277633666992,1.0831453500000001,1.07821125,0.26,1.12,0.16,10.75,12.91,14.42,15.9,17.1
2024-01-05 09:05:00,1656.5964183870967,40.397875199999994,5.473245024000001,32.02135648727417,0.9267573000000001,1.1821641,0.26,1.12,0.16,10.75,12.91,14.42,15.9,17.1
2024-01-05 09:10:00,1640.999331333333,35.880686999999995,3.538519296,30.465164489746094,0.639852626,1.0272297,0.26,1.12,0.16,10.75,12.91,14.42,15.9,17.1
2024-01-05 09:15:00,1631.6207203225806,35.5105672,3.8567355840000004,29.60803282737732,0.509564762,1.131183,0.26,1.12,0.16,10.37,12.41,14.02,15.58,17.46
2024-01-05 09:20:00,1622.9891319354845,36.347567399999996,5.2186892160000005,28.360630016326905,0.5881023260000001,1.1833593,0.26,1.12,0.16,10.37,12.41,14.02,15.58,17.46
2024-01-05 09:25:00,1631.7116241935485,32.044509299999994,4.174954368,25.654954547882078,0.692743534,1.2010167,0.26,1.12,0.16,10.37,12.41,14.02,15.58,17.46
2024-01-05 09:30:00,1614.2303523333337,28.792810699999997,3.856745568,22.89025825500488,0.7451790500000001,1.0633401,0.96,6.36,0.44,9.86,11.47,12.68,14.02,16.07
2024-01-05 09:35:00,1603.5214606451614,29.201455199999998,4.696831776,22.013195543289182,1.006443452,1.0637382,0.26,1.12,0.16,9.86,11.47,12.68,14.02,16.07
2024-01-05 09:40:00,1588.9426712903226,25.3461775,2.9912101439999996,20.76828456878662,1.137191496,0.9778389000000001,0.26,1.12,0.16,9.86,11.47,12.68,14.02,16.07
2024-01-05 09:45:00,1589.0823266666666,26.5336054,3.22032672,21.60506076812744,1.006902568,1.0300148999999998,0.26,1.12,0.16,8.83,10.44,11.69,12.75,15.33
2024-01-05 09:50:00,1603.6590051612902,26.474987499999997,3.3094301760000002,21.410074558258056,0.954924306,1.030413,0.26,1.12,0.16,8.83,10.44,11.69,12.75,15.33
2024-01-05 09:55:00,1618.6460406451622,27.1367452,3.614918112,21.604297552108765,1.059569504,1.28970465,0.26,1.12,0.16,8.83,10.44,11.69,12.75,15.33
2024-01-05 10:00:00,1613.6615223333333,29.1614216,3.971321952,23.083517665863035,1.085903504,1.2383245500000002,0.46,3.48,0.38,8.12,9.65,10.69,11.17,11.71
2024-01-05 10:05:00,1639.4163648387098,28.401852799999997,3.742210368,22.67459235191345,1.007820534,1.4113197,0.26,1.12,0.16,8.12,9.65,10.69,11.17,11.71
2024-01-05 10:10:00,1614.8768583870972,33.56127849999999,5.931536832,24.48336513519287,0.851424238,1.2218616,0.26,1.12,0.16,8.12,9.65,10.69,11.17,11.71
2024-01-05 10:15:00,1627.2604467741933,29.043956599999998,3.640388544,23.472528324127197,0.87775744,1.153221,0.26,1.12,0.16,7.28,9.04,10.31,11.19,12.08
2024-01-05 10:20:00,1634.374639333333,32.6652211,5.6515168319999995,24.015861625671384,0.9824047660000002,1.5333345,0.26,1.12,0.16,7.28,9.04,10.31,11.19,12.08
2024-01-05 10:25:00,1612.1802164516125,32.450842699999995,6.427970016,22.61316165924072,1.113157332,1.4474349000000002,0.26,1.12,0.16,7.28,9.04,10.31,11.19,12.08
2024-01-05 10:30:00,1611.7935400000001,29.257475499999998,4.455031776,22.439279556274414,0.878444518,1.29249495,0.48,2.17,0.42,7.76,9.37,10.42,12.31,15.07
2024-01-05 10:35:00,1601.6759593333336,31.2432643,5.078740992,23.47051372528076,0.9047785180000001,1.2065937,0.26,1.12,0.16,7.76,9.37,10.42,12.31,15.07
2024-01-05 10:40:00,1585.8737687096777,28.8870883,4.60778448,21.83511119842529,0.722272992,1.0689123,0.26,1.12,0.16,7.76,9.37,10.42,12.31,15.07
2024-01-05 10:45:00,1584.5219032258065,27.2708272,4.060454112,21.056510639190673,0.8008166740000001,1.10383005,0.26,1.12,0.16,8.05,9.92,11.47,12.51,13.94
2024-01-05 10:50:00,1593.8160567741936,25.810288399999997,3.589495104,20.31675030708313,0.774940194,1.1560084499999999,0.26,1.12,0.16,8.05,9.92,11.47,12.51,13.94
2024-01-05 10:55:00,1599.4436756666669,24.8365322,3.907716384,18.855973062515258,0.827379434,1.1736669000000002,0.26,1.12,0.16,8.05,9.92,11.47,12.51,13.94
2024-01-05 11:00:00,1581.8434593548393,22.6945245,2.6603041920000003,18.62306649208069,0.853713434,1.0187236499999999,0.4,1.43,0.32,8.12,9.87,11.33,11.99,13.18
2024-01-05 11:05:00,1610.2844838709677,24.9918534,3.818621664,19.14764726638794,0.749520436,0.98460105,0.26,1.12,0.16,8.12,9.87,11.33,11.99,13.18
2024-01-05 11:10:00,1814.827526,24.913753500000002,3.665880192,19.303312368392945,0.854171486,2.0378745,0.26,1.12,0.16,8.12,9.87,11.33,11.99,13.18
2024-01-05 11:15:00,1656.5754970967741,22.4212417,2.8894295039999998,17.99911827087402,0.6455548680000001,1.4859456,0.26,1.12,0.16,7.8,9.22,10.2,11.06,11.78
2024-01-05 11:20:00,1975.1008238709678,23.647671799999998,3.411310656,18.426834363937378,0.8285235000000001,2.4011445,0.26,1.12,0.16,7.8,9.22,10.2,11.06,11.78
2024-01-05 11:25:00,1808.4498651612898,25.8865929,4.327785696,19.263138790130615,0.854858298,3.1610025,0.26,1.12,0.16,7.8,9.22,10.2,11.06,11.78
2024-01-05 11:30:00,1680.3834276666666,20.103494899999998,2.6730475200000003,16.012532548904417,0.6723453240000001,1.4698824,0.35,1.35,0.3,7.53,9.1,10.46,11.64,12.34
2024-01-05 11:35:00,1655.6842350000002,20.2005993,2.774879328,15.953788595199585,0.77699797,0.8834249999999999,0.26,1.12,0.16,7.53,9.1,10.46,11.64,12.34
2024-01-05 11:40:00,1655.6842350000002,20.044609599999998,3.1567461119999995,15.213372516632079,1.0905007820000001,0.79751985,0.26,1.12,0.16,7.53,9.1,10.46,11.64,12.34
2024-01-05 11:45:00,1655.6842350000002,19.791229,3.156748608,14.959988441467285,1.0646245680000002,0.9187413,0.26,1.12,0.16,8.45,9.98,11.11,12.04,13.96
2024-01-05 11:50:00,1655.6842350000002,21.2124027,3.6913631039999997,15.56296188354492,0.8821092000000001,3.3356265,0.26,1.12,0.16,8.45,9.98,11.11,12.04,13.96
2024-01-05 11:55:00,2317.60906,23.8797177,4.951522368,16.301667556762695,1.11729709,4.475232,0.26,1.12,0.16,8.45,9.98,11.11,12.04,13.96
2024-01-05 12:00:00,2445.93885,26.527588899999998,5.346121247999999,18.345625629425047,1.1175269140000001,5.148807,0.33,1.05,0.27,8.72,10.26,11.51,13.46,15.05
2024-01-05 12:05:00,2290.5926499999996,26.5663046,4.875157248,19.10512575149536,1.1699704100000001,4.355221500000001,0.26,1.12,0.16,8.72,10.26,11.51,13.46,15.05
2024-01-05 12:10:00,2229.80422,25.845623399999997,5.027908704000001,18.15066856384277,1.01355975,4.2348015,0.26,1.12,0.16,8.72,10.26,11.51,13.46,15.05
2024-01-05 12:15:00,2142.00005,22.5742327,4.62058896,15.502658710479736,1.066003246,2.509125,0.26,1.12,0.16,7.96,9.35,10.39,11.5,12.46
2024-01-05 12:20:00,2175.77073,22.651874199999998,4.696965312,15.46341046333313,1.14455411,4.080267,0.26,1.12,0.16,7.96,9.35,10.39,11.5,12.46
2024-01-05 12:25:00,1979.8995800000002,20.354010499999998,3.9205058879999997,14.353878345489502,1.040355526,1.8885345,0.26,1.12,0.16,7.96,9.35,10.39,11.5,12.46
2024-01-05 12:30:00,1898.84901,27.5582249,7.751915808000001,15.694315185546875,0.9883708800000001,1.1467128,0.4,1.15,0.34,7.81,9.16,10.2,10.88,11.79
2024-01-05 12:35:00,1912.3575500000002,19.847268399999997,4.1750916479999995,13.457504811286926,1.223566218,1.2679383,0.26,1.12,0.16,7.81,9.16,10.2,10.88,11.79
2024-01-05 12:40:00,1757.01202,19.2823668,4.531505472,12.347130241394042,0.884399992,1.1129871,0.26,1.12,0.16,7.81,9.16,10.2,10.88,11.79
2024-01-05 12:45:00,1939.37463,16.88710456,2.953118688,12.3675084733963,1.119596926,1.0961242500000001,0.26,1.12,0.16,7.07,8.33,9.19,9.67,10.11
2024-01-05 12:50:00,2108.2287,18.60037074,2.9658495360000003,14.061289739608764,0.963181212,3.8237835000000002,0.26,1.12,0.16,7.07,8.33,9.19,9.67,10.11
2024-01-05 12:55:00,1831.30765,17.13974981,2.494880544,13.321462922096252,1.093949206,1.821891,0.26,1.12,0.16,7.07,8.33,9.19,9.67,10.11
2024-01-05 13:00:00,1865.07833,15.971200349999998,2.405779584,12.289277920722961,0.9636400620000001,1.18362465,0.31,0.98,0.26,6.54,7.69,8.55,9.33,11.66
2024-01-05 13:05:00,1851.56979,19.00855493,4.226028768,12.540834102630615,1.12051702,1.5810315000000001,0.26,1.12,0.16,6.54,7.69,8.55,9.33,11.66
2024-01-05 13:10:00,1824.5540500000002,19.3003972,4.493341632,12.423568420410156,1.068531044,1.6677375,0.26,1.12,0.16,6.54,7.69,8.55,9.33,11.66
2024-01-05 13:15:00,2169.01512,21.9288628,5.562583104,13.41561445236206,0.85989554,3.221661,0.26,1.12,0.16,5.82,7.0,7.84,8.77,10.84
2024-01-05 13:20:00,1993.4074500000002,20.799250599999997,3.436839744,15.539344081878662,0.9384493300000001,3.4637235000000004,0.26,1.12,0.16,5.82,7.0,7.84,8.77,10.84
2024-01-05 13:25:00,1912.3575500000002,19.319153399999998,2.927680704,14.838489551544189,1.095328682,1.996905,0.26,1.12,0.16,5.82,7.0,7.84,8.77,10.84
2024-01-05 13:30:00,2277.08076,18.40372287,2.698560384,14.27371516227722,0.8083654880000001,3.6198855000000005,0.34,1.18,0.26,5.54,6.92,8.0,9.5,12.2
2024-01-05 13:35:00,2202.7858,20.6427643,3.2586415680000003,15.655580606460571,0.9391372060000001,4.241706,0.26,1.12,0.16,5.54,6.92,8.0,9.5,12.2
2024-01-05 13:40:00,2223.0472700000005,23.68018,6.186332256,14.212315435409545,0.8610404040000001,3.914142,0.26,1.12,0.16,5.54,6.92,8.0,9.5,12.2
2024-01-05 13:45:00,2972.7565000000004,22.1416368,4.302432576,15.55698366165161,0.70461671,6.831762,0.26,1.12,0.16,5.42,6.49,7.31,8.27,8.95
2024-01-05 13:50:00,3033.54292,30.300259099999998,6.593674464,20.20897837638855,0.861498456,9.66309,0.26,1.12,0.16,5.42,6.49,7.31,8.27,8.95
2024-01-05 13:55:00,2776.88602,31.137335699999998,7.115573088,20.247317686080933,0.9139454100000001,8.86947,0.26,1.12,0.16,5.42,6.49,7.31,8.27,8.95
2024-01-05 14:00:00,2587.7698100000002,24.9449629,5.511709632,16.509575614929197,0.8358472780000001,7.402638,0.33,1.62,0.31,4.32,5.29,6.08,7.18,7.93
2024-01-05 14:05:00,2628.2940900000003,20.4076815,3.3986784,15.206179342269897,0.62720273,5.9357999999999995,0.26,1.12,0.16,4.32,5.29,6.08,7.18,7.93
2024-01-05 14:10:00,2378.39146,20.1543009,3.5896186560000003,14.660572786331176,0.9146330200000001,4.4862150000000005,0.26,1.12,0.16,4.32,5.29,6.08,7.18,7.93
2024-01-05 14:15:00,2358.12999,16.00644367,1.97301936,12.986838235855101,0.862643586,3.2955509999999997,0.26,1.12,0.16,6.31,7.2,8.05,9.54,11.87
2024-01-05 14:20:00,2310.85077,16.14250252,1.7948124479999998,13.39563513278961,0.732325132,3.1923825,0.26,1.12,0.16,6.31,7.2,8.05,9.54,11.87
2024-01-05 14:25:00,2905.2117900000003,20.5235803,2.99135616,15.945462436676024,0.863101372,6.455301,0.26,1.12,0.16,6.31,7.2,8.05,9.54,11.87
2024-01-05 14:30:00,2864.68617,25.7030228,4.926195455999999,18.16373249053955,0.8633303980000001,10.098,0.36,1.62,0.35,4.76,5.51,6.12,6.85,7.37
2024-01-05 14:35:00,2837.66976,26.1701515,4.913470847999999,18.65033643722534,0.8635594240000001,9.131745,0.26,1.12,0.16,4.76,5.51,6.12,6.85,7.37
2024-01-05 14:40:00,2493.21003,21.8664631,2.86407264,17.483147811889648,0.863788716,5.8868865,0.26,1.12,0.16,4.76,5.51,6.12,6.85,7.37
2024-01-05 14:45:00,2993.01395,19.9384518,2.0494044479999998,16.80194381713867,0.8901277700000001,5.0932379999999995,0.26,1.12,0.16,3.72,4.42,5.05,5.8,6.55
2024-01-05 14:50:00,2337.86584,21.5349826,2.507658816,17.697139739990234,0.785916152,7.268682,0.26,1.12,0.16,3.72,4.42,5.05,5.8,6.55
2024-01-05 14:55:00,2067.7024100000003,18.90590962,1.6166142719999999,16.431764011383056,0.786144912,1.2100491,0.26,1.12,0.16,3.72,4.42,5.05,5.8,6.55
2024-01-05 15:00:00,1993.4067800000003,18.53568668,1.2092790528,16.684947719573973,0.86470482,0.9860379,0.33,1.5,0.33,5.41,6.06,6.58,6.97,8.33
2024-01-05 15:05:00,1932.6203600000001,19.8790699,2.316726048,16.333440294265746,0.812712726,1.003698,0.26,1.12,0.16,5.41,6.06,6.58,6.97,8.33
2024-01-05 15:10:00,2006.9146500000002,20.2488268,3.029567424,15.612228479385376,0.839052046,0.7969473,0.26,1.12,0.16,5.41,6.06,6.58,6.97,8.33
2024-01-05 15:15:00,1966.3910400000002,16.17874286,1.412950656,14.016293692588805,0.865391632,0.728295,0.26,1.12,0.16,7.17,7.86,8.33,8.65,8.88
2024-01-05 15:20:00,1952.8825000000004,16.08112849,1.158366144,14.308309431076049,0.787288446,0.8667921,0.26,1.12,0.16,7.17,7.86,8.33,8.65,8.88
2024-01-05 15:25:00,1763.7683000000002,17.34662955,1.362036,15.262102675437927,0.8658496840000001,0.8326645500000001,0.26,1.12,0.16,7.17,7.86,8.33,8.65,8.88
2024-01-05 15:30:00,1817.80112,16.43114936,1.0438043616,14.833660707473754,0.839967884,0.8157994500000001,0.33,1.21,0.21,6.53,7.17,7.65,8.11,8.32
2024-01-05 15:35:00,1689.4733400000002,19.780265599999996,1.502060352,17.481439228057862,0.683530358,0.9542977500000001,0.26,1.12,0.16,6.53,7.17,7.65,8.11,8.32
2024-01-05 15:40:00,1784.0304400000002,26.2840639,3.8060730240000002,20.459063682556152,0.762092128,1.0237461,0.26,1.12,0.16,6.53,7.17,7.65,8.11,8.32
2024-01-05 15:45:00,1736.75189,27.6079995,4.48073184,20.750468301773072,0.8145433380000001,0.9550932,0.26,1.12,0.16,7.15,7.95,8.57,10.04,12.95
2024-01-05 15:50:00,1729.9982900000002,21.765825200000002,1.7566523520000001,19.077358531951905,0.86699508,0.9209656500000001,0.26,1.12,0.16,7.15,7.95,8.57,10.04,12.95
2024-01-05 15:55:00,1757.0147,21.7850589,1.374773088,19.681040544509887,0.71055516,0.95588895,0.26,1.12,0.16,7.15,7.95,8.57,10.04,12.95
2024-01-05 16:00:00,1682.7204100000001,25.4847671,2.8004645759999995,21.198798513412473,0.7107836540000001,0.9908122500000001,0.37,1.24,0.24,8.06,8.95,9.73,10.31,10.84
2024-01-05 16:05:00,1716.49042,26.127157399999998,1.743927744,23.458165655136106,0.7110118820000001,1.0947873000000001,0.26,1.12,0.16,8.06,8.95,9.73,10.31,10.84
2024-01-05 16:10:00,1689.47468,27.548483899999997,0.9165173472,26.14580080986023,0.711240376,1.1469741,0.26,1.12,0.16,8.06,8.95,9.73,10.31,10.84
2024-01-05 16:15:00,1723.24402,30.702963500000003,1.642094688,28.189822635650632,0.6853569800000001,1.1646353999999999,0.26,1.12,0.16,8.2,9.15,9.76,10.73,11.41
2024-01-05 16:20:00,1696.2282799999998,27.3922459,1.272942528,25.444071950912473,0.711697364,1.06145595,0.26,1.12,0.16,8.2,9.15,9.76,10.73,11.41
2024-01-05 16:25:00,1648.9504000000002,24.334698799999998,1.6293688320000002,21.841032953262328,0.503028876,1.0273278,0.26,1.12,0.16,8.2,9.15,9.76,10.73,11.41
2024-01-05 16:30:00,1655.7046700000003,23.691830999999997,2.304030144,20.165631713867185,0.607705462,1.0967780999999999,0.26,1.12,0.16,9.38,10.23,11.03,12.07,13.37
2024-01-05 16:35:00,1655.7046700000003,23.341078599999996,1.629371328,20.84740948677063,0.816831736,1.0281237,0.26,1.12,0.16,9.38,10.23,11.03,12.07,13.37
2024-01-05 16:40:00,1682.7204100000001,25.3855808,1.756667328,22.697091741561888,0.817060762,1.4601012,0.26,1.12,0.16,9.38,10.23,11.03,12.07,13.37
2024-01-05 16:45:00,1669.2125400000002,26.2032518,1.04381784,24.605741996765136,0.765064678,1.40871045,0.26,1.12,0.16,9.32,10.0,10.54,11.14,11.48
2024-01-05 16:50:00,1702.98255,24.1582721,0.840146736,22.872469310760497,0.791406126,1.28826675,0.26,1.12,0.16,9.32,10.0,10.54,11.14,11.48
2024-01-05 16:55:00,1790.7860500000002,21.801733199999997,0.5346393312000001,20.983495092391966,0.71329629,2.4798345,0.26,1.12,0.16,9.32,10.0,10.54,11.14,11.48
2024-01-05 17:00:00,1669.2132100000003,20.769397299999998,0.687394032,19.7173761844635,0.8440890220000001,1.772439,0.46,1.23,0.22,9.81,10.54,11.26,11.54,11.72
2024-01-05 17:05:00,1729.99963,19.7954501,1.1583871104,18.022597637176514,0.6615273700000001,1.8073649999999999,0.26,1.12,0.16,9.81,10.54,11.26,11.54,11.72
2024-01-05 17:10:00,1621.93533,20.0289094,1.4002497600000001,17.885898180007935,0.740094726,1.5142860000000002,0.26,1.12,0.16,9.81,10.54,11.26,11.54,11.72
2024-01-05 17:15:00,1608.4274599999999,20.126032900000002,1.400251008,17.983021516799926,0.76643644,1.0485711,0.26,1.12,0.16,8.98,9.71,10.27,11.58,12.67
2024-01-05 17:20:00,1601.67319,17.808398790000002,0.814691904,16.56155445098877,0.7666651999999999,0.9281245499999999,0.26,1.12,0.16,8.98,9.71,10.27,11.58,12.67
2024-01-05 17:25:00,1574.6574500000002,18.29500376,1.705762656,15.684420700073241,0.688553768,0.8939952,0.26,1.12,0.16,8.98,9.71,10.27,11.58,12.67
2024-01-05 17:30:00,1581.41105,18.37266054,1.502090304,16.07378837585449,0.610441804,0.98071095,0.47,1.5,0.36,7.89,8.59,9.04,9.32,9.51
2024-01-05 17:35:00,1615.18173,18.294522439999998,0.8274235008,17.02819456100464,0.68901049,1.06742715,0.26,1.12,0.16,7.89,8.59,9.04,9.32,9.51
2024-01-05 17:40:00,1581.4123900000004,18.995351099999997,1.27296,17.047152919769285,0.610897994,1.0505613,0.26,1.12,0.16,7.89,8.59,9.04,9.32,9.51
2024-01-05 17:45:00,1581.4123900000004,18.95615981,1.082017248,17.300189085006714,0.611125956,0.84379455,0.26,1.12,0.16,8.15,8.81,9.39,10.36,11.26
2024-01-05 17:50:00,1561.1502500000001,18.0795825,0.8401553472,16.79376702308655,0.611353918,0.87871965,0.26,1.12,0.16,8.15,8.81,9.39,10.36,11.26
2024-01-05 17:55:00,1547.64238,23.921623099999998,5.219150976000001,15.933979587554932,0.663809916,0.7755342000000001,0.26,1.12,0.16,8.15,8.81,9.39,10.36,11.26
2024-01-05 18:00:00,1554.3966500000001,19.500718,1.985825088,16.461514863967896,0.611810108,0.82772325,0.49,1.56,0.34,8.0,8.76,9.22,10.35,11.44
2024-01-05 18:05:00,1540.8887800000002,19.7926042,2.2022307839999997,16.422202863693236,0.71649494,0.8971764,0.26,1.12,0.16,8.0,8.76,9.22,10.35,11.44
2024-01-05 18:10:00,1534.13518,20.220788,1.1456702399999998,18.467397747039794,0.716723434,0.914838,0.26,1.12,0.16,8.0,8.76,9.22,10.35,11.44
2024-01-05 18:15:00,1534.13518,20.123186999999998,0.5346466944,19.30493716239929,0.8214093299999999,0.8461797,0.26,1.12,0.16,7.73,8.55,9.15,9.79,10.37
2024-01-05 18:20:00,1527.3815800000002,20.1813656,0.6619440672000001,19.168294172286988,0.5866076720000001,0.9674254499999999,0.26,1.12,0.16,7.73,8.55,9.15,9.79,10.37
2024-01-05 18:25:00,1527.3815800000002,19.2073993,0.6364851168,18.233290796279906,0.61295045,0.70886205,0.26,1.12,0.16,7.73,8.55,9.15,9.79,10.37
2024-01-05 18:30:00,1520.62731,18.27239318,0.636485616,17.298285598754884,0.6654077780000001,0.84737235,0.45,1.39,0.27,8.93,9.99,10.76,12.52,14.51
2024-01-05 18:35:00,1520.62731,18.38899868,1.082026608,16.733012113571167,0.6656360060000001,0.8477698499999999,0.26,1.12,0.16,8.93,9.99,10.76,12.52,14.51
2024-01-05 18:40:00,1507.12011,17.53186899,1.3493513279999998,15.466756591796875,0.6397494180000001,0.6755249999999999,0.26,1.12,0.16,8.93,9.99,10.76,12.52,14.51
2024-01-05 18:45:00,1507.12011,14.90254389,0.6619468128,13.889468684196471,0.666092994,0.67592235,0.26,1.12,0.16,6.96,7.88,8.84,9.78,11.16
2024-01-05 18:50:00,1507.12011,14.39595268,1.196597376,12.564621305465698,0.614090792,0.6763194,0.26,1.12,0.16,6.96,7.88,8.84,9.78,11.16
2024-01-05 18:55:00,1493.61224,12.56507252,1.298436672,10.577881665229796,0.61431902,0.5731302,0.26,1.12,0.16,6.96,7.88,8.84,9.78,11.16
2024-01-05 19:00:00,1493.6129100000003,11.90267306,1.7821689600000001,9.17515528678894,0.614546982,0.50446935,0.5,1.26,0.24,4.56,5.57,6.5,7.8,8.7
2024-01-05 19:05:00,1547.6443900000002,13.051434919999998,1.323898368,11.025276527404785,0.6931215200000002,0.5911884000000001,0.26,1.12,0.16,4.56,5.57,6.5,7.8,8.7
2024-01-05 19:10:00,1770.52525,17.374612959999997,1.1329523712,15.64068787574768,0.8239270200000001,2.5770014999999997,0.26,1.12,0.16,4.56,5.57,6.5,7.8,8.7
2024-01-05 19:15:00,1919.1118199999999,21.19145,1.4257389120000001,19.009430484771727,0.8763878060000001,3.6305415000000005,0.26,1.12,0.16,3.43,4.38,5.18,6.22,6.98
2024-01-05 19:20:00,1898.8503500000002,21.4833553,2.7114522240000003,17.333617582321168,0.6938064700000001,4.0970895,0.26,1.12,0.16,3.43,4.38,5.18,6.22,6.98
2024-01-05 19:25:00,1851.57247,20.7625213,3.06788976,16.0672728061676,0.56345583,3.1652055,0.26,1.12,0.16,3.43,4.38,5.18,6.22,6.98
2024-01-05 19:30:00,1851.57247,19.399048699999998,1.362093408,17.314435176849365,0.615915286,3.5799615,0.42,1.38,0.21,4.85,5.93,6.78,8.15,9.49
2024-01-05 19:35:00,1811.04886,18.8729774,0.7256019264000001,17.762481231689453,0.25,2.7861884999999997,0.26,1.12,0.16,4.85,5.93,6.78,8.15,9.49
2024-01-05 19:40:00,1790.7873900000002,20.6644619,0.916550544,19.2617289352417,0.616371742,2.147796,0.26,1.12,0.16,4.85,5.93,6.78,8.15,9.49
2024-01-05 19:45:00,1763.7716500000001,24.7345382,2.660543808,20.6627130317688,0.61659997,1.8374294999999998,0.26,1.12,0.16,7.79,8.92,9.77,10.63,11.28
2024-01-05 19:50:00,1723.2480400000002,22.338844299999998,1.4130180479999999,20.176293058395384,0.642944078,1.5788564999999999,0.26,1.12,0.16,7.79,8.92,9.77,10.63,11.28
2024-01-05 19:55:00,1689.4787,21.5790845,0.8910929664,20.215311794281003,0.6431723060000001,1.1821637999999999,0.26,1.12,0.16,7.79,8.92,9.77,10.63,11.28
2024-01-05 20:00:00,1669.21656,23.1368614,1.51485984,20.818445529937744,0.617284122,1.16529735,0.46,1.41,0.24,8.56,9.77,10.91,11.47,12.12
2024-01-05 20:05:00,1716.4944400000002,27.090141199999998,3.23339952,22.14158887863159,0.72197853,1.28655045,0.26,1.12,0.16,8.56,9.77,10.91,11.47,12.12
2024-01-05 20:10:00,1709.74017,24.0322694,1.718540928,21.402130918502806,0.6699739339999999,1.8739590000000002,0.26,1.12,0.16,8.56,9.77,10.91,11.47,12.12
2024-01-05 20:15:00,1655.7093599999998,23.5451621,1.2857245439999998,21.57742651939392,0.696319106,1.0974321,0.26,1.12,0.16,8.33,9.74,10.72,12.62,14.21
2024-01-05 20:20:00,1635.4478900000001,24.5187082,1.80765312,21.752188415527343,0.7748984320000001,0.82158855,0.26,1.12,0.16,8.33,9.74,10.72,12.62,14.21
2024-01-05 20:25:00,1608.43215,21.8503427,1.0820470752,20.194324264526365,0.61842473,0.82198605,0.26,1.12,0.16,8.33,9.74,10.72,12.62,14.21
2024-01-05 20:30:00,1615.1864200000002,21.499533,1.27299744,19.551275606155393,0.6186529580000001,0.856914,0.51,1.29,0.25,8.45,10.05,11.31,12.99,14.14
2024-01-05 20:35:00,1601.67855,21.4993038,1.272998688,19.551044273376466,0.6188809200000001,0.8055159000000001,0.26,1.12,0.16,8.45,10.05,11.31,12.99,14.14
2024-01-05 20:40:00,1594.9242800000002,21.206920999999998,1.514869824,18.888490800857543,0.619108882,0.75411735,0.26,1.12,0.16,8.45,10.05,11.31,12.99,14.14
2024-01-05 20:45:00,1588.1706800000002,20.544532999999998,1.5276006720000002,18.206618309020996,0.645454586,0.8063106,0.26,1.12,0.16,7.61,9.17,10.52,11.84,14.07
2024-01-05 20:50:00,1574.66281,19.6094543,1.476682272,17.34946843147278,0.645682814,0.703116,0.26,1.12,0.16,7.61,9.17,10.52,11.84,14.07
2024-01-05 20:55:00,1574.6634800000002,18.713324319999998,1.1329727136,16.97936695098877,0.802617228,0.7380441,0.26,1.12,0.16,7.61,9.17,10.52,11.84,14.07
2024-01-05 21:00:00,1547.6477399999999,17.700342449999997,0.6110420160000001,16.765172834396363,0.64613927,0.68664495,0.51,1.28,0.23,6.81,8.37,9.85,10.94,12.14
2024-01-05 21:05:00,1547.6477399999999,16.86263555,0.5219321952,16.06384470939636,0.25,0.6870419999999999,0.26,1.12,0.16,6.81,8.37,9.85,10.94,12.14
2024-01-05 21:10:00,1534.14054,15.96649793,0.7765339296,14.778051586151122,0.25,0.6874392,0.26,1.12,0.16,6.81,8.37,9.85,10.94,12.14
2024-01-05 21:15:00,1527.38627,15.089830849999998,0.9292954943999999,13.667591404914855,0.25,0.77416425,0.26,1.12,0.16,5.4,6.98,8.36,9.7,10.88
2024-01-05 21:20:00,1534.14054,13.940497899999999,0.878376096,12.59618821144104,0.25,0.7054992,0.26,1.12,0.16,5.4,6.98,8.36,9.7,10.88
2024-01-05 21:25:00,1520.63334,13.511773569999999,0.8274563232,12.24539391040802,0.25,0.7058964,0.26,1.12,0.16,5.4,6.98,8.36,9.7,10.88
2024-01-05 21:30:00,1513.87974,13.33623502,0.7128861792,12.245199918746948,0.25,0.68902785,0.41,0.99,0.19,4.45,6.16,7.67,9.7,11.43
2024-01-05 21:35:00,1520.63334,13.41388989,0.8274576960000001,12.147508268356322,0.25,0.56856465,0.26,1.12,0.16,4.45,6.16,7.67,9.7,11.43
2024-01-05 21:40:00,1507.1261400000003,13.47206658,0.9165693888,12.069304127693176,0.25,0.67255635,0.26,1.12,0.16,4.45,6.16,7.67,9.7,11.43
2024-01-05 21:45:00,1513.87974,14.34824279,0.8911098144,12.984444761276244,0.25,0.79381455,0.26,1.12,0.16,4.06,5.82,7.15,9.0,10.44
2024-01-05 21:50:00,1507.1261400000003,15.983999260000001,1.2220945152,14.113645629882813,0.543946326,0.70788255,0.26,1.12,0.16,4.06,5.82,7.15,9.0,10.44
2024-01-05 21:55:00,1507.1261400000003,19.1583887,2.68606416,15.047505092620849,0.25,0.76007775,0.26,1.12,0.16,4.06,5.82,7.15,9.0,10.44
2024-01-05 22:00:00,1500.37254,16.528845859999997,2.049557952,13.392102298736571,0.25,0.674145,0.36,0.93,0.17,3.85,5.61,7.23,8.77,10.14
2024-01-05 22:05:00,1500.37321,11.990598,0.6874300992,10.938521270751952,0.25,0.5191477499999999,0.26,1.12,0.16,3.85,5.61,7.23,8.77,10.14
2024-01-05 22:10:00,1500.37321,11.28919061,0.6619701504000001,10.276079821586608,0.8844079720000001,0.25,0.26,1.12,0.16,3.85,5.61,7.23,8.77,10.14
2024-01-05 22:15:00,1493.6196100000002,11.65898571,0.891114432,10.295180258750914,0.8062789840000001,0.25,0.26,1.12,0.16,3.72,5.44,6.87,8.44,10.85
2024-01-05 22:20:00,1500.37321,12.16512234,0.8911151808,10.80131634235382,0.832627348,0.25,0.26,1.12,0.16,3.72,5.44,6.87,8.44,10.85
2024-01-05 22:25:00,1493.6196100000002,11.268944609999998,0.6237812256,10.31427978515625,0.623899808,0.25,0.26,1.12,0.16,3.72,5.44,6.87,8.44,10.85
2024-01-05 22:30:00,1493.62028,11.22973422,0.509209584,10.450415482521057,0.571888562,0.25,0.36,0.92,0.16,3.43,5.25,7.1,8.85,11.58
2024-01-05 22:35:00,1493.62028,11.32685963,0.7128941664,10.235811524391174,0.572116524,0.25,0.26,1.12,0.16,3.43,5.25,7.1,8.85,11.58
2024-01-05 22:40:00,1486.86668,10.917592469999999,0.7383551136,9.787576942443847,0.624584226,0.25,0.26,1.12,0.16,3.43,5.25,7.1,8.85,11.58
2024-01-05 22:45:00,1486.86668,9.82663676,0.661974144,8.813519310951232,0.5725724480000001,0.25,0.26,1.12,0.16,3.32,5.2,7.16,8.33,9.16
2024-01-05 22:50:00,1480.11241,9.41736387,0.6110536224,8.482177000045777,0.598920546,0.25,0.26,1.12,0.16,3.32,5.2,7.16,8.33,9.16
2024-01-05 22:55:00,1480.11308,9.39762784,0.5983237728,8.481924719810486,0.625268644,0.25,0.26,1.12,0.16,3.32,5.2,7.16,8.33,9.16
2024-01-05 23:00:00,1480.11375,8.910444140000001,0.8274696767999999,7.644043769836426,0.651617274,0.25,0.33,0.89,0.17,3.12,4.86,6.3,8.72,10.58
2024-01-05 23:05:00,1473.36015,8.98808755,0.8911220447999999,7.624270737171173,0.599604698,0.5411754,0.26,1.12,0.16,3.12,4.86,6.3,8.72,10.58
2024-01-05 23:10:00,1473.36015,8.59828902,0.7510892064000001,7.448785243034362,0.25,0.25,0.26,1.12,0.16,3.12,4.86,6.3,8.72,10.58
2024-01-05 23:15:00,1473.36015,8.73436506,0.5983258944000001,7.818658123016357,0.547819552,0.25,0.26,1.12,0.16,3.06,4.78,6.15,8.65,10.45
2024-01-05 23:20:00,1480.11375,8.5782875,0.25,8.091209120750428,0.626409518,0.25,0.26,1.12,0.16,3.06,4.78,6.15,8.65,10.45
2024-01-05 23:25:00,1480.11375,8.59750019,0.25,7.837656555175781,0.6266377460000001,0.25,0.26,1.12,0.16,3.06,4.78,6.15,8.65,10.45
2024-01-05 23:30:00,1486.86802,8.86991776,0.25,8.22697322845459,0.6268659740000001,0.25,0.33,0.77,0.14,3.06,4.79,6.38,8.1,10.48
2024-01-05 23:35:00,1486.86869,8.811223459999999,0.5855975424,7.914996385574341,0.5487311340000001,0.25,0.26,1.12,0.16,3.06,4.79,6.38,8.1,10.48
2024-01-05 23:40:00,1486.86869,8.32403021,0.25,7.5836681914329525,0.25,0.25,0.26,1.12,0.16,3.06,4.79,6.38,8.1,10.48
2024-01-05 23:45:00,1486.86869,8.09003993,0.25,7.4081266856193535,0.6275503920000001,0.25,0.26,1.12,0.16,3.06,4.72,6.07,7.28,8.16
2024-01-05 23:50:00,1486.86869,8.050821899999999,0.25,7.38839099407196,0.5232932880000001,0.25,0.26,1.12,0.16,3.06,4.72,6.07,7.28,8.16
2024-01-05 23:55:00,1486.86869,8.22585621,0.6492516576,7.232210402488708,0.601885382,0.25,0.26,1.12,0.16,3.06,4.72,6.07,7.28,8.16
2024-01-06 00:15:00,1493.62363,11.73075014,1.3494299520000002,9.665517024993896,0.25,0.25,0.26,1.12,0.16,2.96,4.68,6.28,6.92,7.49
2024-01-06 00:20:00,1493.62363,11.691537839999999,2.189642208,8.340402793884277,0.603025724,0.63346395,0.26,1.12,0.16,2.96,4.68,6.28,6.92,7.49
2024-01-06 00:25:00,1493.62363,8.73069213,1.005708912,7.191506307125091,0.25,0.25,0.26,1.12,0.16,2.96,4.68,6.28,6.92,7.49
2024-01-06 00:30:00,1513.8851,8.36035077,0.7765606368,7.171864879131316,0.25,0.25,0.35,0.86,0.16,2.97,4.55,5.84,7.68,9.51
2024-01-06 00:35:00,1500.3779000000002,8.12635667,0.7129088927999999,7.0352856421470635,0.25,0.5483184000000001,0.26,1.12,0.16,2.97,4.55,5.84,7.68,9.51
2024-01-06 00:40:00,1500.3785699999999,7.717062769999999,0.5983346304,6.801342628002167,0.5778158400000001,0.25,0.26,1.12,0.16,2.97,4.55,5.84,7.68,9.51
2024-01-06 00:45:00,1493.6249699999998,7.61940638,0.5983351296,6.703685131072998,0.6564111260000001,0.25,0.26,1.12,0.16,4.13,6.08,7.86,10.07,11.8
2024-01-06 00:50:00,1493.6249699999998,7.736008059999999,0.5346830112,6.917702560424805,0.6827621500000001,0.25,0.26,1.12,0.16,4.13,6.08,7.86,10.07,11.8
2024-01-06 00:55:00,1500.3785699999999,7.365664789999999,0.25,6.703227019309997,0.50013187,0.25,0.26,1.12,0.16,4.13,6.08,7.86,10.07,11.8
2024-01-06 01:00:00,1500.3785699999999,7.112186779999999,0.5219532863999999,6.313364346027374,0.604850484,0.25,0.33,0.76,0.12,4.4,6.47,8.5,9.66,10.5
2024-01-06 01:05:00,1500.3785699999999,6.68340706,0.25,5.962517676353454,0.25,0.5334321,0.26,1.12,0.16,4.4,6.47,8.5,9.66,10.5
2024-01-06 01:10:00,1500.37924,6.80000874,0.25,6.196019883155823,0.6314297360000001,0.25,0.26,1.12,0.16,4.4,6.47,8.5,9.66,10.5
2024-01-06 01:15:00,1493.62564,7.7152081599999995,0.9038726112,6.331876888275146,0.71002715,0.6032964,0.26,1.12,0.16,3.96,6.08,7.91,9.95,11.76
2024-01-06 01:20:00,1493.62564,8.162936989999999,1.1457549792,6.409417541027069,0.501270084,0.53462235,0.26,1.12,0.16,3.96,6.08,7.91,9.95,11.76
2024-01-06 01:25:00,1486.8720400000002,7.65624455,0.7765679999999999,6.46774664402008,0.5798677640000001,0.25,0.26,1.12,0.16,3.96,6.08,7.91,9.95,11.76
2024-01-06 01:30:00,1486.87271,7.655979059999999,0.7256462304,6.545414803028106,0.25,0.25,0.32,0.67,0.1,3.65,5.64,7.31,9.86,12.36
2024-01-06 01:35:00,1486.87271,7.73362629,0.6874549343999999,6.681511337757111,0.25,0.5185450500000001,0.26,1.12,0.16,3.65,5.64,7.31,9.86,12.36
2024-01-06 01:40:00,1459.85831,7.6944063499999995,0.5346876288,6.876094081401825,0.5021808680000001,0.25,0.26,1.12,0.16,3.65,5.64,7.31,9.86,12.36
2024-01-06 01:45:00,1480.11844,7.69414086,0.5983412448,6.778410172462463,0.25,0.25,0.26,1.12,0.16,3.67,5.61,7.3,8.37,9.57
2024-01-06 01:50:00,1480.1197800000002,7.44065903,0.598341744,6.524927735328674,0.25,0.25,0.26,1.12,0.16,3.67,5.61,7.3,8.37,9.57
2024-01-06 01:55:00,1480.1197800000002,7.5572626199999995,0.6365344128,6.583079240322113,0.25,0.25,0.26,1.12,0.16,3.67,5.61,7.3,8.37,9.57
2024-01-06 02:00:00,1480.1197800000002,8.06343554,0.738380448,6.933382186889649,0.25,0.25,0.31,0.68,0.11,3.51,5.42,7.2,7.97,8.49
2024-01-06 02:05:00,1480.1197800000002,9.29031258,0.8911496256,7.926453733444213,0.25,0.25,0.26,1.12,0.16,3.51,5.42,7.2,7.97,8.49
2024-01-06 02:10:00,1480.1197800000002,10.16658238,0.8784199008000001,8.822205219268799,0.25,0.50405445,0.26,1.12,0.16,3.51,5.42,7.2,7.97,8.49
2024-01-06 02:15:00,1480.1197800000002,10.5169375,1.1330351136,8.782885022163391,0.25,0.25,0.26,1.12,0.16,3.56,5.56,7.39,9.04,10.4
2024-01-06 02:20:00,1480.1211200000002,10.04919187,1.1712284064,8.25668673992157,0.25,0.25,0.26,1.12,0.16,3.56,5.56,7.39,9.04,10.4
2024-01-06 02:25:00,1480.1211200000002,9.23083327,0.840229728,7.944904799461365,0.25,0.25,0.26,1.12,0.16,3.56,5.56,7.39,9.04,10.4
2024-01-06 02:30:00,1486.87472,8.82151836,0.8402304768000001,7.535588769912719,0.25,0.25,0.33,0.71,0.11,3.86,5.86,7.64,10.17,12.64
2024-01-06 02:35:00,1486.87472,8.275854279999999,0.6747310752,7.243213281631469,0.25,0.25,0.26,1.12,0.16,3.86,5.86,7.64,10.17,12.64
2024-01-06 02:40:00,1486.87472,8.061324990000001,0.5728854144,7.184553573131561,0.504913486,0.25,0.26,1.12,0.16,3.86,5.86,7.64,10.17,12.64
2024-01-06 02:45:00,1486.87472,8.33376357,0.25,7.612861659526825,0.25,0.25,0.26,1.12,0.16,4.47,6.31,7.88,9.41,10.39
2024-01-06 02:50:00,1486.87472,8.52828752,0.25,7.924287948608398,0.25,0.25,0.26,1.12,0.16,4.47,6.31,7.88,9.41,10.39
2024-01-06 02:55:00,1486.87539,8.66437502,0.25,8.07985924243927,0.25,0.25,0.26,1.12,0.16,4.47,6.31,7.88,9.41,10.39
2024-01-06 03:00:00,1493.62966,8.97577569,0.25,8.313323197364808,0.25,0.25,0.3,0.72,0.12,5.99,7.81,9.41,10.4,12.05
2024-01-06 03:05:00,1507.13686,9.793630049999999,0.6874655423999999,8.741499223709106,0.25,0.5256876,0.26,1.12,0.16,5.99,7.81,9.41,10.4,12.05
2024-01-06 03:10:00,1513.89046,10.280345800000001,0.6492734976000001,9.28666588306427,0.25,0.25,0.26,1.12,0.16,5.99,7.81,9.41,10.4,12.05
2024-01-06 03:15:00,1513.89046,10.319042399999999,0.25,9.734523410797118,0.25,0.25,0.26,1.12,0.16,5.62,7.41,8.87,10.41,11.72
2024-01-06 03:20:00,1507.13686,10.78627997,0.585620256,9.890018200874328,0.585112486,0.6132221999999999,0.26,1.12,0.16,5.62,7.41,8.87,10.41,11.72
2024-01-06 03:25:00,1507.1382,11.35091799,0.8147766432,10.103944554328917,0.6114664360000001,0.25,0.26,1.12,0.16,5.62,7.41,8.87,10.41,11.72
2024-01-06 03:30:00,1513.8911300000002,11.48701313,0.7001993856000001,10.415394067764282,0.5594426880000001,0.25,0.33,0.98,0.13,6.63,8.52,10.09,12.23,15.21
2024-01-06 03:35:00,1493.6303300000002,10.25956882,0.5856217536,9.36330442905426,0.5074186740000001,0.5453376,0.26,1.12,0.16,6.63,8.52,10.09,12.23,15.21
2024-01-06 03:40:00,1520.6454000000003,9.55805829,0.25,8.817665996551513,0.638276842,0.25,0.26,1.12,0.16,6.63,8.52,10.09,12.23,15.21
2024-01-06 03:45:00,1534.1526000000001,10.31748957,0.7129321056000001,9.226383657455443,0.25,0.25,0.26,1.12,0.16,6.83,8.44,9.76,10.82,11.99
2024-01-06 03:50:00,1534.1526000000001,12.45995567,1.6040980799999998,10.00496600151062,0.58648079,0.25,0.26,1.12,0.16,6.83,8.44,9.76,10.82,11.99
2024-01-06 03:55:00,1534.1526000000001,14.23232298,1.476790848,11.97217077255249,0.612835272,0.54692505,0.26,1.12,0.16,6.83,8.44,9.76,10.82,11.99
2024-01-06 04:00:00,1540.9075400000002,14.29051113,1.0948626624,12.614880628585816,0.66531654,0.25,0.34,1.34,0.12,6.33,7.75,8.66,9.69,10.55
2024-01-06 04:05:00,2756.56626,10.45280734,0.7765893408,9.264276695251464,0.7177980740000001,2.1882945,0.26,1.12,0.16,6.33,7.75,8.66,9.69,10.55
2024-01-06 04:10:00,6970.8475,8.40720307,0.7511280191999999,7.257640614509582,0.58739317,33.42879,0.26,1.12,0.16,6.33,7.75,8.66,9.69,10.55
2024-01-06 04:15:00,8652.5006,8.66017302,0.6365496383999999,7.685966005325317,0.639874704,80.419065,0.26,1.12,0.16,5.85,7.01,7.81,8.51,8.98
2024-01-06 04:20:00,5106.83514,8.52355454,0.6492812352,7.529862828254699,0.666229984,18.629925,0.26,1.12,0.16,5.85,7.01,7.81,8.51,8.98
2024-01-06 04:25:00,4451.72924,7.89994336,0.5856267456,7.003671832084655,0.25,15.52188,0.26,1.12,0.16,5.85,7.01,7.81,8.51,8.98
2024-01-06 04:30:00,3290.1013300000004,8.581465739999999,0.7256685696,7.470867505073547,0.562178232,7.751061,0.38,1.47,0.31,5.33,6.36,7.06,7.61,8.04
2024-01-06 04:35:00,4998.77285,8.83443951,0.8911725887999999,7.470545551776886,0.25,6.5944199999999995,0.26,1.12,0.16,5.33,6.36,7.06,7.61,8.04
2024-01-06 04:40:00,4512.5096300000005,7.899148799999999,0.9039044352,6.515770053863525,0.614888792,10.39413,0.26,1.12,0.16,5.33,6.36,7.06,7.61,8.04
2024-01-06 04:45:00,3323.86799,8.01576385,0.59835984,7.100004630088806,0.6934995060000001,3.624879,0.26,1.12,0.16,4.72,6.17,7.47,8.57,9.22
2024-01-06 04:50:00,2878.12771,8.71677396,0.6365535071999999,7.742561478614807,0.536962496,2.6927235,0.26,1.12,0.16,4.72,6.17,7.47,8.57,9.22
2024-01-06 04:55:00,2513.4313,10.99565608,0.9548310720000001,9.534335856437682,0.25,1.39790145,0.26,1.12,0.16,4.72,6.17,7.47,8.57,9.22
2024-01-06 05:00:00,3553.48972,12.26159453,0.9039075552,10.87821081161499,0.51129057,1.41557025,0.34,1.17,0.28,4.44,5.75,6.74,8.19,9.4
2024-01-06 05:05:00,3607.51785,10.78086321,0.7256730624,9.670258436203003,0.5637739660000001,2.037681,0.26,1.12,0.16,4.44,5.75,6.74,8.19,9.4
2024-01-06 05:10:00,3296.85158,10.25464293,0.6874803936,9.202489895820618,0.590130044,1.48544775,0.26,1.12,0.16,4.44,5.75,6.74,8.19,9.4
2024-01-06 05:15:00,4553.02319,9.51414166,0.6492873504,8.520440716743469,0.25,1.9694025,0.26,1.12,0.16,4.68,6.06,7.02,8.07,8.79
2024-01-06 05:20:00,3675.0525100000004,7.8580742500000005,0.521976624,7.059215378761291,0.25,2.297931,0.26,1.12,0.16,4.68,6.06,7.02,8.07,8.79
2024-01-06 05:25:00,3114.5017,9.805821579999998,0.662019696,8.792633786201476,0.25,1.659345,0.26,1.12,0.16,4.68,6.06,7.02,8.07,8.79
2024-01-06 05:30:00,2891.63156,17.26647258,4.214013024,10.817142601013183,0.6171708060000001,1.4870451,0.33,1.07,0.2,4.31,5.6,6.57,7.69,9.25
2024-01-06 05:35:00,2945.6603600000003,40.428205999999996,15.90122976,16.09218752861023,0.9048123,1.6774140000000002,0.26,1.12,0.16,4.31,5.6,6.57,7.69,9.25
2024-01-06 05:40:00,3188.78996,24.649008399999996,7.358622336,13.387014799118042,0.25,1.47057345,0.26,1.12,0.16,4.31,5.6,6.57,7.69,9.25
2024-01-06 05:45:00,4154.55476,16.993014059999997,2.7499368,12.784376516342162,0.591726576,3.8197064999999997,0.26,1.12,0.16,4.37,5.55,6.59,7.79,8.53
2024-01-06 05:50:00,3175.2814200000007,14.733052399999998,1.4895504000000002,12.45337209701538,0.644212366,2.5421205000000002,0.26,1.12,0.16,4.37,5.55,6.59,7.79,8.53
2024-01-06 05:55:00,3945.19115,13.56397769,1.2094652544,11.71295328617096,0.25,4.7358375,0.26,1.12,0.16,4.37,5.55,6.59,7.79,8.53
2024-01-06 06:00:00,5019.01221,15.04423915,2.418932256,11.342187862396239,0.25,6.8432129999999995,0.38,1.16,0.19,4.69,5.84,6.8,8.19,9.37
2024-01-06 06:05:00,7011.3222000000005,14.92710649,2.839065216,10.58206295967102,0.618768136,12.473738999999998,0.26,1.12,0.16,4.69,5.84,6.8,8.19,9.37
2024-01-06 06:10:00,6322.45232,13.69958387,1.8460303679999999,10.87432915687561,0.645125544,16.58451,0.26,1.12,0.16,4.69,5.84,6.8,8.19,9.37
2024-01-06 06:15:00,5464.74512,17.22531399,2.864533152,12.841292576789856,0.645354038,16.153185,0.26,1.12,0.16,4.52,5.62,6.58,7.52,8.13
2024-01-06 06:20:00,7207.169900000001,20.984826199999997,4.952463359999999,13.405335626602172,0.723970604,23.83896,0.26,1.12,0.16,4.52,5.62,6.58,7.52,8.13
2024-01-06 06:25:00,12022.466600000002,20.0300363,5.245286592,12.002394309043884,0.776458256,40.24635,0.26,1.12,0.16,4.52,5.62,6.58,7.52,8.13
2024-01-06 06:30:00,10192.247700000002,16.95185356,3.742999104,11.22338481903076,0.698298146,51.369060000000005,0.46,1.95,0.5,5.91,7.23,8.06,8.64,10.17
2024-01-06 06:35:00,11326.8391,15.74380339,1.9351575360000002,12.78214515686035,0.646267216,52.284915000000005,0.26,1.12,0.16,5.91,7.23,8.06,8.64,10.17
2024-01-06 06:40:00,8233.697,14.360420949999998,1.0439677248,12.762682237625121,0.25,48.503175,0.26,1.12,0.16,5.91,7.23,8.06,8.64,10.17
2024-01-06 06:45:00,6504.78679,17.16540684,3.106442976,12.41115659713745,0.6205939600000001,21.509700000000002,0.26,1.12,0.16,6.66,7.49,7.82,9.8,11.81
2024-01-06 06:50:00,5755.137860000001,31.4835996,9.535768319999999,16.889595260620116,0.934382722,9.1961565,0.26,1.12,0.16,6.66,7.49,7.82,9.8,11.81
2024-01-06 06:55:00,4512.480820000001,19.716910900000002,4.023105216,13.559754810333251,0.8300915700000001,7.5385860000000005,0.26,1.12,0.16,6.66,7.49,7.82,9.8,11.81
2024-01-06 07:00:00,3344.1133800000007,15.099695999999998,1.578687552,12.683595571517944,0.5428879120000001,3.2213085,0.45,2.18,0.75,5.77,6.31,6.43,8.7,10.98
2024-01-06 07:05:00,3404.8951100000004,14.12539736,1.133091648,12.391258335113525,0.647637382,4.361586,0.26,1.12,0.16,5.77,6.31,6.43,8.7,10.98
2024-01-06 07:10:00,3418.4023100000004,14.96282922,1.3749889919999998,12.858479509353637,0.6478656100000001,3.515721,0.26,1.12,0.16,5.77,6.31,6.43,8.7,10.98
2024-01-06 07:15:00,3506.1971,20.3588237,2.902756896,15.916303577423095,0.6480938380000001,2.911644,0.26,1.12,0.16,5.11,5.32,5.45,5.98,6.62
2024-01-06 07:20:00,4215.3190700000005,23.1444059,3.22104432,18.21476231575012,0.805106456,2.8775055,0.26,1.12,0.16,5.11,5.32,5.45,5.98,6.62
2024-01-06 07:25:00,3931.6692100000005,20.2804182,1.871517024,17.416157846450805,0.622419784,3.4478504999999995,0.26,1.12,0.16,5.11,5.32,5.45,5.98,6.62
2024-01-06 07:30:00,3911.40774,19.286664299999998,1.34953104,17.22127546310425,0.25,5.106273,0.26,1.12,0.16,5.66,5.93,6.0,6.74,7.51
2024-01-06 07:35:00,4269.34519,18.312358019999998,1.2222174432,16.441816968917845,0.25,5.573001,0.26,1.12,0.16,5.66,5.93,6.0,6.74,7.51
2024-01-06 07:40:00,4471.94984,16.38347003,1.1458297344,14.629836492538452,0.675366818,5.4179715,0.26,1.12,0.16,5.66,5.93,6.0,6.74,7.51
2024-01-06 07:45:00,4809.626490000001,15.954633009999998,1.1330993856,14.220483121871947,0.25,5.798349,0.26,1.12,0.16,5.72,5.96,6.12,6.84,7.61
2024-01-06 07:50:00,6477.74827,38.182618999999995,11.02544976,21.308734407424925,0.911005578,22.87998,0.26,1.12,0.16,5.72,5.96,6.12,6.84,7.61
2024-01-06 07:55:00,7558.3102,30.448322299999997,5.474534208,22.069828357696533,0.9373661780000001,40.72164,0.26,1.12,0.16,5.72,5.96,6.12,6.84,7.61
2024-01-06 08:00:00,6383.195190000001,29.1428373,3.768520704,23.3753102684021,0.65014922,31.343835000000002,0.45,1.83,0.36,5.57,5.77,5.86,6.28,6.65
2024-01-06 08:05:00,6457.482110000001,26.785362499999998,2.699077056,22.654564762115477,0.5981143,22.79499,0.26,1.12,0.16,5.57,5.77,5.86,6.28,6.65
2024-01-06 08:10:00,6599.303690000001,29.142397999999996,3.615748032,23.608681325912475,0.25,25.81794,0.26,1.12,0.16,5.57,5.77,5.86,6.28,6.65
2024-01-06 08:15:00,6443.970890000001,34.4216953,6.582196608,24.347978992462156,0.912152304,23.642204999999997,0.26,1.12,0.16,5.88,6.15,6.27,6.39,6.44
2024-01-06 08:20:00,5795.631990000001,29.9212387,4.379646336,23.218415641784667,0.546535038,20.55105,0.26,1.12,0.16,5.88,6.15,6.27,6.39,6.44
2024-01-06 08:25:00,5383.66574,23.453100099999997,1.6551000960000002,20.920053443908692,0.5990269460000001,16.33725,0.26,1.12,0.16,5.88,6.15,6.27,6.39,6.44
2024-01-06 08:30:00,4978.453759999999,24.855555799999998,2.011585056,21.776928272247314,0.599254908,13.19427,0.57,3.47,0.7,7.13,7.42,7.55,7.92,8.14
2024-01-06 08:35:00,5194.56427,32.2194271,4.965310272,24.620275888442993,0.6778799860000001,11.847514499999999,0.26,1.12,0.16,7.13,7.42,7.55,7.92,8.14
2024-01-06 08:40:00,5072.99947,37.0507148,7.2442656,25.963736448287964,0.782637702,10.9498125,0.26,1.12,0.16,7.13,7.42,7.55,7.92,8.14
2024-01-06 08:45:00,4195.043530000001,34.9659307,6.4549130880000005,25.087018003463744,0.6260719640000001,9.775762499999999,0.26,1.12,0.16,10.49,11.02,11.18,11.84,12.21
2024-01-06 08:50:00,3215.7842600000004,29.1991059,4.023185088,23.041826763153075,0.6524328300000001,5.130084,0.26,1.12,0.16,10.49,11.02,11.18,11.84,12.21
2024-01-06 08:55:00,3080.71427,28.9845747,4.290551616,22.418106231689453,0.6526613240000001,2.2979205,0.26,1.12,0.16,10.49,11.02,11.18,11.84,12.21
2024-01-06 09:00:00,2925.38281,29.3934866,5.07991536,21.61893709182739,0.626756914,1.4865462,0.6,2.2,0.5,11.68,12.12,12.38,12.43,12.48
2024-01-06 09:05:00,3202.27572,26.899561399999996,3.7176359999999997,21.209909772872923,0.5747193340000001,1.43512965,0.26,1.12,0.16,11.68,12.12,12.38,12.43,12.48
2024-01-06 09:10:00,2952.3958700000003,32.2764024,5.4491423999999995,23.93676767349243,0.522681488,1.7118795000000002,0.26,1.12,0.16,11.68,12.12,12.38,12.43,12.48
2024-01-06 09:15:00,2932.1350700000003,35.8219354,6.378556704,26.059881629943845,0.627441598,1.919544,0.26,1.12,0.16,11.99,12.78,13.0,13.35,13.6
2024-01-06 09:20:00,2661.99509,35.393102199999994,6.645926976,25.221852226257322,0.653802996,1.557231,0.26,1.12,0.16,11.99,12.78,13.0,13.35,13.6
2024-01-06 09:25:00,2938.8886700000003,28.3988159,4.6215973439999996,21.325698204040528,0.523365374,1.0221974999999999,0.26,1.12,0.16,11.99,12.78,13.0,13.35,13.6
2024-01-06 09:30:00,2716.0225500000006,34.4965291,8.020960896,22.22086133956909,0.601993112,0.9362351999999999,0.69,2.27,0.47,11.43,11.99,12.32,12.34,12.42
2024-01-06 09:35:00,2479.65057,43.107477599999996,10.363600415999999,27.24652042388916,0.83742253,1.0920825,0.26,1.12,0.16,11.43,11.99,12.32,12.34,12.42
2024-01-06 09:40:00,2310.81325,32.1971947,6.467706336,22.298702087402344,0.706983844,1.1961138,0.26,1.12,0.16,11.43,11.99,12.32,12.34,12.42
2024-01-06 09:45:00,2250.0321900000004,28.6706853,4.799856672000001,21.32475101470947,0.654945466,1.2310569,0.26,1.12,0.16,7.63,8.0,8.26,8.46,8.59
2024-01-06 09:50:00,2229.7713900000003,30.287500299999998,5.614692096,21.69450276374817,0.655173428,1.5769004999999998,0.26,1.12,0.16,7.63,8.0,8.26,8.46,8.59
2024-01-06 09:55:00,2418.86817,32.2744924,7.180701216,21.284797840118408,0.8906068360000001,2.09547,0.26,1.12,0.16,7.63,8.0,8.26,8.46,8.59
2024-01-06 10:00:00,2398.60737,34.6316616,7.448072736,23.23276738166809,0.65563015,2.8385819999999997,0.57,1.54,0.35,6.91,7.29,7.5,7.9,8.47
2024-01-06 10:05:00,2425.6211000000003,39.4826032,9.357842208,25.16090605735779,0.89106542,3.9098745,0.26,1.12,0.16,6.91,7.29,7.5,7.9,8.47
2024-01-06 10:10:00,2499.90936,42.1125395,10.0581,26.71913451194763,0.917429212,4.4457255,0.26,1.12,0.16,6.91,7.29,7.5,7.9,8.47
2024-01-06 10:15:00,2405.36097,36.3065406,7.549946975999999,24.751733016967773,0.9176587700000001,4.3597695,0.26,1.12,0.16,7.94,8.45,8.62,8.79,8.93
2024-01-06 10:20:00,2364.83937,35.0204994,7.2061941119999995,23.991790266036986,0.7088125940000001,3.9629084999999997,0.26,1.12,0.16,7.94,8.45,8.62,8.79,8.93
2024-01-06 10:25:00,2250.0308500000006,32.7992458,6.77332032,22.433028106689452,0.9181176200000001,3.3587745,0.26,1.12,0.16,7.94,8.45,8.62,8.79,8.93
2024-01-06 10:30:00,2074.4406,37.7281918,8.135629632,25.27702600479126,0.7876741460000001,2.2710030000000003,0.55,1.63,0.37,10.02,10.64,10.95,11.05,11.19
2024-01-06 10:35:00,2027.1667400000001,43.8260769,10.172727552,28.257237014770507,0.89244197,1.7359514999999999,0.26,1.12,0.16,10.02,10.64,10.95,11.05,11.19
2024-01-06 10:40:00,2101.455,50.7617835,13.69945824,29.795467023849486,1.1278846880000002,1.7190794999999999,0.26,1.12,0.16,10.02,10.64,10.95,11.05,11.19
2024-01-06 10:45:00,2067.6876700000003,46.5727906,13.97957184,25.177771492004393,1.049709682,1.5640245,0.26,1.12,0.16,9.12,9.6,9.87,9.97,10.12
2024-01-06 10:50:00,1912.35822,36.8701434,8.670396384,23.600544605255127,0.94539991,1.4780598,0.26,1.12,0.16,9.12,9.6,9.87,9.97,10.12
2024-01-06 10:55:00,1925.8654200000003,34.7267987,8.4030336,21.86638666152954,0.788818478,1.737552,0.26,1.12,0.16,9.12,9.6,9.87,9.97,10.12
2024-01-06 11:00:00,1939.3719500000002,33.012096199999995,7.359027936,21.749479818344117,0.9458587600000001,1.876134,0.68,2.02,0.39,10.84,11.36,11.82,12.32,13.0
2024-01-06 11:05:00,1898.8510199999998,36.070712900000004,8.377584384,23.249246654510497,0.946088318,1.4965305,0.26,1.12,0.16,10.84,11.36,11.82,12.32,13.0
2024-01-06 11:10:00,1925.8647500000002,41.5647515,12.515455679999999,22.41048864364624,0.658828268,1.6523865,0.26,1.12,0.16,10.84,11.36,11.82,12.32,13.0
2024-01-06 11:15:00,1871.83796,36.382062,9.154245984,22.371959896087645,0.6590567620000001,1.6700594999999998,0.26,1.12,0.16,14.96,15.47,15.68,16.09,16.63
2024-01-06 11:20:00,2304.05697,34.881642400000004,8.82322272,21.37815245628357,0.6592852560000001,2.8450275,0.26,1.12,0.16,14.96,15.47,15.68,16.09,16.63
2024-01-06 11:25:00,3384.6034900000004,33.868330099999994,8.823231456,20.364825630187987,0.685649048,19.773075,0.26,1.12,0.16,14.96,15.47,15.68,16.09,16.63
2024-01-06 11:30:00,3168.4936500000003,32.9329076,8.543135328,19.85807569503784,0.659741978,20.170815,0.63,1.67,0.33,9.98,10.39,10.75,10.98,11.11
2024-01-06 11:35:00,2297.3026999999997,41.5053505,12.731958720000002,22.019742078781128,0.764514324,8.8918575,0.26,1.12,0.16,9.98,10.39,10.75,10.98,11.11
2024-01-06 11:40:00,2101.45366,38.5826494,10.058254752000002,23.189007234573364,0.8954232980000001,3.4684755000000003,0.26,1.12,0.16,9.98,10.39,10.75,10.98,11.11
2024-01-06 11:45:00,1811.05757,38.3291733,10.567543584,22.156091804504392,0.79110794,1.7242785,0.26,1.12,0.16,9.6,10.07,10.54,10.74,10.96
2024-01-06 11:50:00,1878.59156,38.874497399999996,10.796726304,22.350660886764526,0.92201851,1.22375205,0.26,1.12,0.16,9.6,10.07,10.54,10.74,10.96
2024-01-06 11:55:00,1979.89221,38.3677362,10.745809152,21.92182638168335,0.791565992,1.43143125,0.26,1.12,0.16,9.6,10.07,10.54,10.74,10.96
2024-01-06 12:00:00,1973.1386100000002,38.114241,11.446079424,20.596601037979124,0.661112676,1.5527445000000002,0.69,1.97,0.43,11.01,11.79,12.53,13.41,14.14
2024-01-06 12:05:00,2499.904,46.7257816,14.616363840000002,24.356186752319335,1.02725343,4.2478035,0.26,1.12,0.16,11.01,11.79,12.53,13.41,14.14
2024-01-06 12:10:00,2216.2608400000004,42.887330999999996,11.891720256000001,24.6876629447937,0.9490731040000001,6.6319545,0.26,1.12,0.16,11.01,11.79,12.53,13.41,14.14
2024-01-06 12:15:00,2087.9471300000005,39.2826835,11.089610688,22.310603885650632,0.9231660340000001,2.590356,0.26,1.12,0.16,12.89,14.02,14.87,16.2,17.77
2024-01-06 12:20:00,1952.87915,41.308792399999994,12.439219104000001,22.27120445251465,0.923395592,1.6234365,0.26,1.12,0.16,12.89,14.02,14.87,16.2,17.77
2024-01-06 12:25:00,1844.8249,43.7635435,13.572386880000002,22.991700410842896,0.9758986720000001,1.623837,0.26,1.12,0.16,12.89,14.02,14.87,16.2,17.77
2024-01-06 12:30:00,1912.3588900000002,38.6781112,11.420673888,21.19935589790344,0.9238544420000001,1.3651312500000001,0.71,1.79,0.4,13.99,14.91,15.52,16.23,17.68
2024-01-06 12:35:00,1925.8654200000003,23.2077606,5.627583936,14.59503092765808,0.924084,0.9509610000000001,0.26,1.12,0.16,13.99,14.91,15.52,16.23,17.68
2024-01-06 12:40:00,1892.0980900000002,17.537744149999998,3.46313136,12.237598724365235,0.7674895340000001,0.8477163,0.26,1.12,0.16,13.99,14.91,15.52,16.23,17.68
2024-01-06 12:45:00,1831.3183700000002,19.09621247,4.647220032,11.983881311416626,0.741581134,0.81356655,0.26,1.12,0.16,15.17,16.24,17.14,17.33,18.89
2024-01-06 12:50:00,1811.05824,22.3692706,6.11141856,13.016059026718139,0.66339735,0.8312380500000001,0.26,1.12,0.16,15.17,16.24,17.14,17.33,18.89
2024-01-06 12:55:00,1804.30464,20.0893991,4.010621472,13.95134838104248,0.637488152,0.76254,0.26,1.12,0.16,15.17,16.24,17.14,17.33,18.89
2024-01-06 13:00:00,1790.79811,20.8100803,4.239804192,14.321278638839722,0.585440996,0.8838553499999999,0.57,1.57,0.3,5.74,6.74,7.49,7.81,8.07
2024-01-06 13:05:00,1716.5111900000002,21.6281906,4.532647392,14.691206164360045,0.559531266,0.74606115,0.26,1.12,0.16,5.74,6.74,7.49,7.81,8.07
2024-01-06 13:10:00,1743.5242500000002,23.1477102,4.5071856960000005,16.249692363739012,0.6643110600000001,0.69463665,0.26,1.12,0.16,5.74,6.74,7.49,7.81,8.07
2024-01-06 13:15:00,1669.2373300000002,22.718819699999997,4.392600576,15.996169853210448,0.638401596,0.8159526,0.26,1.12,0.16,5.72,6.74,7.51,8.21,8.61
2024-01-06 13:20:00,1669.2380000000003,23.7707331,4.32894384,17.145505781173707,0.25,0.7472538,0.26,1.12,0.16,5.72,6.74,7.51,8.21,8.61
2024-01-06 13:25:00,1675.9916,21.0232363,3.399497088,15.820480804443358,0.25,0.73037715,0.26,1.12,0.16,5.72,6.74,7.51,8.21,8.61
2024-01-06 13:30:00,1655.7314700000002,20.321559599999997,3.5013576000000004,14.962911067008971,0.639086546,0.7307745,0.38,1.65,0.22,5.49,6.37,6.94,7.61,8.09
2024-01-06 13:35:00,1635.4713400000003,19.4640078,3.284913216,14.436617155075073,0.6654535300000001,0.8175435,0.26,1.12,0.16,5.49,6.37,6.94,7.61,8.09
2024-01-06 13:40:00,1608.45828,20.7497434,4.036116864,14.5726736164093,0.613404778,0.7488439499999999,0.26,1.12,0.16,5.49,6.37,6.94,7.61,8.09
2024-01-06 13:45:00,1608.4576100000002,23.457836899999997,4.405355136,16.7156676197052,0.6659105180000001,0.87016185,0.26,1.12,0.16,7.54,8.56,9.45,9.88,10.25
2024-01-06 13:50:00,1601.70535,19.911425299999998,3.3485824319999997,14.786592683792113,0.7968327920000001,0.7669134000000001,0.26,1.12,0.16,7.54,8.56,9.45,9.88,10.25
2024-01-06 13:55:00,1588.1981500000002,18.64470566,3.0939405119999996,13.909588260650635,0.25,0.6982131,0.26,1.12,0.16,7.54,8.56,9.45,9.88,10.25
2024-01-06 14:00:00,1594.9524200000003,17.37797456,2.724707232,13.207950477600097,0.640456978,0.8195317499999999,0.4,1.73,0.22,7.42,8.5,9.29,10.04,10.52
2024-01-06 14:05:00,1581.4458900000002,17.884328930000002,2.648315904,13.831216540336609,0.25,0.62990985,0.26,1.12,0.16,7.42,8.5,9.29,10.04,10.52
2024-01-06 14:10:00,1588.1988199999998,17.63078789,2.673782592,13.538699884414672,0.667052988,0.7512291,0.26,1.12,0.16,7.42,8.5,9.29,10.04,10.52
2024-01-06 14:15:00,1574.69229,17.74745069,2.622855456,13.733304486274719,0.667281482,0.9589219500000001,0.26,1.12,0.16,5.89,6.77,7.45,7.83,8.06
2024-01-06 14:20:00,1567.9386900000002,17.51339165,2.406408576,13.83050705909729,0.693649264,0.7520240999999999,0.26,1.12,0.16,5.89,6.77,7.45,7.83,8.06
2024-01-06 14:25:00,1574.69229,18.136660940000002,2.82657648,13.810730838775633,0.5893198080000001,0.735147,0.26,1.12,0.16,5.89,6.77,7.45,7.83,8.06
2024-01-06 14:30:00,1561.18643,19.5783022,3.284943168,14.550864582061767,0.77252518,0.6837202499999999,0.36,1.22,0.19,6.64,7.68,8.43,9.07,9.57
2024-01-06 14:35:00,1554.4328300000002,23.0658285,4.876490112,15.602610864639281,0.7204748320000001,0.73594185,0.26,1.12,0.16,6.64,7.68,8.43,9.07,9.57
2024-01-06 14:40:00,1554.4335000000003,23.4942606,5.092944480000001,15.69977063179016,0.25,0.82271385,0.26,1.12,0.16,6.64,7.68,8.43,9.07,9.57
2024-01-06 14:45:00,1547.6798999999999,24.195478899999998,4.876498848,16.73224889755249,0.5640929,0.7885616999999999,0.26,1.12,0.16,7.61,8.69,9.58,10.3,10.76
2024-01-06 14:50:00,1547.6798999999999,22.1493532,3.921574176,16.14758535385132,0.642740854,0.7371345,0.26,1.12,0.16,7.61,8.69,9.58,10.3,10.76
2024-01-06 14:55:00,1547.6798999999999,21.9347647,3.934310016,15.913505725860595,0.25,0.6166072499999999,0.26,1.12,0.16,7.61,8.69,9.58,10.3,10.76
2024-01-06 15:00:00,1554.4335000000003,21.8566075,3.335890272,16.751198148727415,0.25,0.7552044,0.26,1.12,0.16,7.61,8.64,9.37,9.88,10.71
2024-01-06 15:05:00,1554.43417,22.0707185,3.259498944,17.082222604751585,0.25,0.7037767500000001,0.26,1.12,0.16,7.61,8.64,9.37,9.88,10.71
2024-01-06 15:10:00,1547.68057,22.0899522,3.39955824,16.887103424072265,0.25,0.60052395,0.26,1.12,0.16,7.61,8.64,9.37,9.88,10.71
2024-01-06 15:15:00,1547.6812400000001,24.1551588,4.150775616,17.802609272003174,0.25,0.600921,0.26,1.12,0.16,6.73,7.7,8.39,8.91,9.28
2024-01-06 15:20:00,1547.6812400000001,24.466679799999998,3.65421264,18.874095344543456,0.565689432,0.58404285,0.26,1.12,0.16,6.73,7.7,8.39,8.91,9.28
2024-01-06 15:25:00,1554.43417,23.3558047,2.6228866560000004,19.341611604690552,0.25,0.7226418,0.26,1.12,0.16,6.73,7.7,8.39,8.91,9.28
2024-01-06 15:30:00,1554.43417,25.557404399999996,2.992131168,20.97810157775879,0.25,0.61938765,0.42,1.05,0.19,7.83,9.17,10.29,11.37,12.15
2024-01-06 15:35:00,1554.4348400000001,29.5127088,3.8961399360000004,23.549866333007813,0.25,0.7579875,0.26,1.12,0.16,7.83,9.17,10.29,11.37,12.15
2024-01-06 15:40:00,1547.6819099999998,36.4687378,8.04693552,24.153317012786864,0.7234481800000001,0.9311387999999999,0.26,1.12,0.16,7.83,9.17,10.29,11.37,12.15
2024-01-06 15:45:00,1554.4348400000001,31.9869037,5.105735232000001,24.17283822059631,0.25,0.7415073,0.26,1.12,0.16,9.2,10.6,11.64,12.64,13.39
2024-01-06 15:50:00,1554.4348400000001,38.5922758,6.35352432,28.86853115081787,0.671623134,0.88010835,0.26,1.12,0.16,9.2,10.6,11.64,12.64,13.39
2024-01-06 15:55:00,1554.4355100000002,34.246796599999996,4.430919168,27.46550148963928,0.541144814,0.93233265,0.26,1.12,0.16,9.2,10.6,11.64,12.64,13.39
2024-01-06 16:00:00,1554.4348400000001,33.2333697,2.992146144,28.654043769836424,0.541372776,0.77725095,0.43,1.37,0.22,8.26,9.61,10.53,11.42,12.15
2024-01-06 16:05:00,1554.4355100000002,29.277568699999996,1.820754624,26.490998497009276,0.25,0.7776486,0.26,1.12,0.16,8.26,9.61,10.53,11.42,12.15
2024-01-06 16:10:00,1554.43618,31.1090104,2.6101745280000004,27.11427093505859,0.6463956940000001,0.60529005,0.26,1.12,0.16,8.26,9.61,10.53,11.42,12.15
2024-01-06 16:15:00,1561.1891100000003,32.6091817,2.852095584,28.244196767807004,0.6727658700000001,0.6575141999999999,0.26,1.12,0.16,7.58,9.2,10.45,12.05,13.39
2024-01-06 16:20:00,1567.94271,33.2130282,2.100875712,29.997748413085937,0.672994364,0.7615657499999999,0.26,1.12,0.16,7.58,9.2,10.45,12.05,13.39
2024-01-06 16:25:00,1574.6956400000001,33.3102472,1.90988928,30.387259988784788,0.5947970140000001,0.67558455,0.26,1.12,0.16,7.58,9.2,10.45,12.05,13.39
2024-01-06 16:30:00,1588.2021700000003,34.128453,1.8844250880000002,31.244435367584227,0.25,0.6759819,0.46,1.94,0.33,7.72,9.33,10.57,12.35,13.69
2024-01-06 16:35:00,1675.9942800000001,35.277891,1.960822656,32.27695188522339,0.5952534700000001,0.8664135000000001,0.26,1.12,0.16,7.72,9.33,10.57,12.35,13.69
2024-01-06 16:40:00,9259.8891,38.0251968,3.9343811520000003,32.003826198577876,0.778477728,62.628119999999996,0.26,1.12,0.16,7.72,9.33,10.57,12.35,13.69
2024-01-06 16:45:00,16897.802000000003,38.317274,5.589627264000001,29.76263416290283,0.6741371,113.29902,0.26,1.12,0.16,7.89,9.34,10.8,11.58,12.27
2024-01-06 16:50:00,8321.178899999999,32.7636052,3.348686016,27.63861491203308,0.8312207400000001,49.62042,0.26,1.12,0.16,7.89,9.34,10.8,11.58,12.27
2024-01-06 16:55:00,5700.92414,34.556101999999996,2.368274688,30.931578731536863,0.5700236360000001,20.700870000000002,0.26,1.12,0.16,7.89,9.34,10.8,11.58,12.27
2024-01-06 17:00:00,8611.570300000001,33.4451887,2.2409499840000002,30.015530071258542,0.674822848,17.781675,0.57,1.88,0.45,9.28,10.53,11.57,12.7,15.31
2024-01-06 17:05:00,12440.647100000002,37.2837348,4.1253888000000005,30.970041904449463,0.675051342,42.7461,0.26,1.12,0.16,9.28,10.53,11.57,12.7,15.31
2024-01-06 17:10:00,13669.7286,79.3151184,28.57216128,35.58689407348633,1.1197097100000002,63.23613,0.26,1.12,0.16,9.28,10.53,11.57,12.7,15.31
2024-01-06 17:15:00,13271.286300000002,67.0582091,22.65147456,32.391284923553464,0.9107957040000001,44.37108,0.26,1.12,0.16,11.82,13.34,14.32,17.55,20.24
2024-01-06 17:20:00,9543.500100000001,56.145787,16.22147904,31.319645843505857,0.8848819840000001,35.69892,0.26,1.12,0.16,11.82,13.34,14.32,17.55,20.24
2024-01-06 17:25:00,11211.538800000002,62.04997899999999,19.04814912,32.89776527404785,1.015827666,25.247249999999998,0.26,1.12,0.16,11.82,13.34,14.32,17.55,20.24
2024-01-06 17:30:00,16357.487200000001,60.2765631,19.290098880000002,30.754057235717774,0.9376273900000001,60.767849999999996,1.23,3.26,0.88,15.53,16.78,17.64,18.22,18.76
2024-01-06 17:35:00,27588.0808,52.423426199999994,16.4125104,27.304920110702515,1.0424308580000001,129.63204000000002,0.26,1.12,0.16,15.53,16.78,17.64,18.22,18.76
2024-01-06 17:40:00,27311.1899,115.38374939999999,58.608875520000005,25.685872993469236,1.7485366359999999,162.97635,0.26,1.12,0.16,15.53,16.78,17.64,18.22,18.76
2024-01-06 17:45:00,22523.1555,111.2720924,53.6940768,29.09606060028076,1.957918802,95.132385,0.26,1.12,0.16,14.68,15.85,16.56,17.11,17.82
2024-01-06 17:50:00,28108.0477,74.01391339999999,26.968032,32.74072492599487,1.6444274280000002,122.15352000000001,0.26,1.12,0.16,14.68,15.85,16.56,17.11,17.82
2024-01-06 17:55:00,27804.1424,67.9729845,22.88081952,32.95506658554077,1.40936509,133.988655,0.26,1.12,0.16,14.68,15.85,16.56,17.11,17.82
2024-01-06 18:00:00,28101.274,70.3112447,24.71436864,32.48716598510742,1.461884396,130.08489,1.5,4.03,1.49,16.45,17.63,18.36,19.79,21.71
2024-01-06 18:05:00,17383.9339,79.99595699999999,31.4373072,31.88277540206909,1.5928364620000002,66.71486999999999,0.26,1.12,0.16,16.45,17.63,18.36,19.79,21.71
2024-01-06 18:10:00,14257.198,97.33896709999999,40.77050016,34.941807136535644,1.88065458,32.956784999999996,0.26,1.12,0.16,16.45,17.63,18.36,19.79,21.71
2024-01-06 18:15:00,25426.975700000003,80.63878659999999,32.40505632,31.04451284408569,1.4887237960000002,122.675355,0.26,1.12,0.16,17.87,19.05,20.01,20.62,20.93
2024-01-06 18:20:00,45375.884000000005,64.83496910000001,26.4333888,24.380026779174802,1.645822066,352.83735,0.26,1.12,0.16,17.87,19.05,20.01,20.62,20.93
2024-01-06 18:25:00,49090.122800000005,76.3904691,32.9653584,25.938677825927734,1.698343234,301.18095,0.26,1.12,0.16,17.87,19.05,20.01,20.62,20.93
2024-01-06 18:30:00,49231.9216,63.4511168,24.19244256,26.425828227996824,1.855443632,255.1911,2.13,6.21,1.99,20.94,22.32,23.3,24.26,25.0
2024-01-06 18:35:00,32909.46200000001,69.0241912,27.35021952,27.16608583450317,1.568085162,143.237715,0.26,1.12,0.16,20.94,22.32,23.3,24.26,25.0
2024-01-06 18:40:00,37258.499,78.59214519999999,31.3993056,30.53711809158325,1.725186092,153.5355,0.26,1.12,0.16,20.94,22.32,23.3,24.26,25.0
2024-01-06 18:45:00,41094.28920000001,79.0402503,33.60211296,27.61394245147705,1.9345781,160.7409,0.26,1.12,0.16,14.93,15.85,16.13,16.71,16.87
2024-01-06 18:50:00,38237.6772,112.94746799999999,52.3068,32.894595832824706,2.091681424,155.04015,0.26,1.12,0.16,14.93,15.85,16.13,16.71,16.87
2024-01-06 18:55:00,32632.537600000007,96.57834779999999,42.94813536,30.848426437377928,2.11806091,121.74807,0.26,1.12,0.16,14.93,15.85,16.13,16.71,16.87
2024-01-06 19:00:00,23785.871,84.8080874,34.46805024,32.05650814056396,1.56924572,49.651289999999996,2.29,7.15,3.29,18.24,19.39,19.81,20.24,20.44
2024-01-06 19:05:00,20807.721,78.5526273,31.615896,30.166118602752686,1.46489658,42.11898,0.26,1.12,0.16,18.24,19.39,19.81,20.24,20.44
2024-01-06 19:10:00,23218.5887,80.15045690000001,31.755983999999998,31.549550552368164,1.569710156,51.8811,0.26,1.12,0.16,18.24,19.39,19.81,20.24,20.44
2024-01-06 19:15:00,22070.543700000002,79.81905280000001,31.361291519999998,31.82220628738403,1.5960877800000002,38.940975,0.26,1.12,0.16,21.46,22.92,24.01,24.97,25.79
2024-01-06 19:20:00,20179.6496,64.1512082,14.14634208,42.50096088409423,1.3610092160000002,17.016555,0.26,1.12,0.16,21.46,22.92,24.01,24.97,25.79
2024-01-06 19:25:00,14824.3865,55.459753199999994,11.319624575999999,38.1356494140625,0.9690544920000002,10.106048999999999,0.26,1.12,0.16,21.46,22.92,24.01,24.97,25.79
2024-01-06 19:30:00,14101.798200000001,49.048265199999996,9.027695040000001,35.231840152740475,0.943138644,3.679278,1.89,5.73,1.97,19.3,20.7,21.55,22.05,22.54
2024-01-06 19:35:00,16033.193800000003,46.748587,7.4233436159999995,35.387539863586426,0.943368202,2.2802115,0.26,1.12,0.16,19.3,20.7,21.55,22.05,22.54
2024-01-06 19:40:00,14378.6623,39.460103399999994,3.909036768,33.477525291442866,0.70828352,1.814121,0.26,1.12,0.16,19.3,20.7,21.55,22.05,22.54
2024-01-06 19:45:00,10401.053200000002,33.7501011,1.80808992,30.98291275024414,0.682366076,1.7454105000000002,0.26,1.12,0.16,13.94,15.72,16.76,18.17,19.28
2024-01-06 19:50:00,11832.722600000001,33.5355317,1.4770329599999998,31.275011367797852,0.6825945700000001,1.6421445,0.26,1.12,0.16,13.94,15.72,16.76,18.17,19.28
2024-01-06 19:55:00,10752.220299999999,36.8676795,2.190085248,33.51586824417114,0.5520915120000001,1.6943775,0.26,1.12,0.16,13.94,15.72,16.76,18.17,19.28
2024-01-06 20:00:00,8638.4842,40.6870492,3.00500304,36.08804466247558,0.6830518240000001,1.45289055,0.83,2.57,0.69,13.84,15.34,16.24,17.05,18.79
2024-01-06 20:05:00,9421.8415,43.4346033,3.883587552,37.49097049713134,0.683280584,1.4878452,0.26,1.12,0.16,13.84,15.34,16.24,17.05,18.79
2024-01-06 20:10:00,9090.9352,44.0970104,4.074587712,37.861062870025634,0.840389228,1.5228000000000002,0.26,1.12,0.16,13.84,15.34,16.24,17.05,18.79
2024-01-06 20:15:00,6409.941589999999,41.388019199999995,3.259672416,36.399258289337155,0.6837378380000001,1.45408875,0.26,1.12,0.16,12.27,13.82,14.84,16.23,17.51
2024-01-06 20:20:00,4282.70499,39.7313807,2.814016608,35.42466968536377,0.683966332,1.47176595,0.26,1.12,0.16,12.27,13.82,14.84,16.23,17.51
2024-01-06 20:25:00,7173.0401,39.0101265,2.6102893440000003,35.01521430969238,0.6841950920000001,1.3166646,0.26,1.12,0.16,12.27,13.82,14.84,16.23,17.51
2024-01-06 20:30:00,7767.3167,73.6593028,27.388957440000002,31.741906490325928,1.1289239500000001,1.7835674999999998,0.79,1.89,0.43,12.01,13.53,14.68,15.66,16.57
2024-01-06 20:35:00,6045.26528,56.665746299999995,16.65494688,31.17620494842529,1.286037648,1.7494125,0.26,1.12,0.16,12.01,13.53,14.68,15.66,16.57
2024-01-06 20:40:00,5545.533719999999,49.688917399999994,10.31385264,33.90409564971924,0.789470178,1.5943095,0.26,1.12,0.16,12.01,13.53,14.68,15.66,16.57
2024-01-06 20:45:00,5099.826940000001,53.50840169999999,9.957331488,38.26921768188476,0.789699204,1.7329335000000001,0.26,1.12,0.16,16.43,17.87,19.03,20.41,22.77
2024-01-06 20:50:00,5248.39475,51.0917169,8.862287616,37.528439121246336,0.763780696,1.595109,0.26,1.12,0.16,16.43,17.87,19.03,20.41,22.77
2024-01-06 20:55:00,4451.52623,43.5691437,6.914118432,32.98743860244751,0.7640097220000001,1.37089335,0.26,1.12,0.16,16.43,17.87,19.03,20.41,22.77
2024-01-06 21:00:00,5120.08171,42.4386529,7.5125856,30.94102512359619,0.633500014,1.613187,1.21,2.94,0.75,12.4,13.76,14.8,16.01,18.12
2024-01-06 21:05:00,4600.0927,56.762258599999996,17.30443104,30.278713912963866,0.9475023740000001,2.6675595,0.26,1.12,0.16,12.4,13.76,14.8,16.01,18.12
2024-01-06 21:10:00,3978.80706,82.75930679999999,32.24050752,33.41686145782471,1.183063196,2.927136,0.26,1.12,0.16,12.4,13.76,14.8,16.01,18.12
2024-01-06 21:15:00,3512.8421600000006,74.0674698,25.81024992,34.566210136413574,1.104849886,2.322798,0.26,1.12,0.16,13.87,15.03,15.75,16.02,16.13
2024-01-06 21:20:00,3992.3109100000006,63.894465999999994,20.81884896,32.032281951904295,1.000487446,2.184972,0.26,1.12,0.16,13.87,15.03,15.75,16.02,16.13
2024-01-06 21:25:00,3918.0260000000007,62.3547577,18.2976768,34.351099796295166,0.7130869479999999,2.11626,0.26,1.12,0.16,13.87,15.03,15.75,16.02,16.13
2024-01-06 21:30:00,3836.988160000001,46.9588207,8.174753184,34.44777868270874,0.687167376,1.7538135,0.91,2.16,0.47,14.34,15.4,15.93,16.69,17.35
2024-01-06 21:35:00,3289.98743,46.8222175,7.72909488,34.993232231140134,0.608950874,1.5295935000000003,0.26,1.12,0.16,14.34,15.4,15.93,16.69,17.35
2024-01-06 21:40:00,3100.9013700000005,42.534573099999996,4.889580384,35.051320438385005,0.6353277,1.3226508,0.26,1.12,0.16,14.34,15.4,15.93,16.69,17.35
2024-01-06 21:45:00,3175.1842699999997,39.4162498,3.3997891200000003,34.21304695129395,0.740150586,1.28849265,0.26,1.12,0.16,16.03,17.41,18.15,19.69,21.48
2024-01-06 21:50:00,2905.0610400000005,38.1103255,2.7503935680000002,33.90099178314209,0.25,1.28889165,0.26,1.12,0.16,16.03,17.41,18.15,19.69,21.48
2024-01-06 21:55:00,2628.1842100000003,38.2855298,2.495729184,34.46594650268555,0.688310644,1.2547332,0.26,1.12,0.16,16.03,17.41,18.15,19.69,21.48
2024-01-06 22:00:00,2655.1959300000003,39.9613447,3.005064192,35.36224990844726,0.7146882680000001,1.11690225,1.01,2.57,0.51,16.3,17.89,19.13,20.05,20.92
2024-01-06 22:05:00,2688.96192,40.6432529,3.0687334080000004,35.94671308517456,0.714917028,1.2209736,0.26,1.12,0.16,16.3,17.89,19.13,20.05,20.92
2024-01-06 22:10:00,2682.20765,40.818457200000005,3.03053712,36.180377407073976,0.6889966580000001,1.3768818,0.26,1.12,0.16,16.3,17.89,19.13,20.05,20.92
2024-01-06 22:15:00,2472.8628000000003,39.2981354,2.5848713279999997,35.34212213516235,0.6107774960000001,1.37728095,0.26,1.12,0.16,15.92,17.31,18.15,18.61,19.43
2024-01-06 22:20:00,2398.5792300000003,38.51839699999999,1.871805312,35.6536964225769,0.25,1.3949589,0.26,1.12,0.16,15.92,17.31,18.15,18.61,19.43
2024-01-06 22:25:00,2182.4807800000003,39.3561994,2.202874752,35.98481195449829,0.25,1.27440585,0.26,1.12,0.16,15.92,17.31,18.15,18.61,19.43
2024-01-06 22:30:00,2216.2461000000003,40.3304713,2.89048032,35.90674169540405,0.25,1.29208365,0.26,1.12,0.16,16.43,18.03,19.06,20.17,22.96
2024-01-06 22:35:00,2195.98664,39.492229599999995,2.292011904,35.9844221496582,0.5070922920000001,1.3615989,0.26,1.12,0.16,16.43,18.03,19.06,20.17,22.96
2024-01-06 22:40:00,2229.75196,39.4530746,1.591676736,37.01709167480469,0.25,1.5002309999999999,0.26,1.12,0.16,16.43,18.03,19.06,20.17,22.96
2024-01-06 22:45:00,2121.70307,40.7586169,1.897280736,37.85492435455322,0.585998,1.3451181,0.26,1.12,0.16,16.94,18.54,19.32,20.58,21.8
2024-01-06 22:50:00,2222.9990300000004,43.6038484,2.355686112,39.99859231948852,0.25,1.48375065,0.26,1.12,0.16,16.94,18.54,19.32,20.58,21.8
2024-01-06 22:55:00,2175.72718,45.065342199999996,2.5848900479999997,41.10929931640625,0.6126043840000001,1.4668709999999998,0.26,1.12,0.16,16.94,18.54,19.32,20.58,21.8
2024-01-06 23:00:00,2027.16004,47.053041,3.310699392,41.98618534088135,0.56053249,1.41543285,0.99,1.77,0.38,18.25,19.54,20.31,21.2,21.73
2024-01-06 23:05:00,2013.65418,49.9372556,3.7309059839999996,44.22729722976684,0.69151222,1.3812733499999998,0.26,1.12,0.16,18.25,19.54,20.31,21.2,21.73
2024-01-06 23:10:00,1986.64179,48.962620799999996,2.41936032,45.259912109375,0.56098868,1.3298346,0.26,1.12,0.16,18.25,19.54,20.31,21.2,21.73
2024-01-06 23:15:00,1831.3230600000002,49.46917189999999,2.610365472,45.474140834808345,0.587367368,1.31295435,0.26,1.12,0.16,16.58,17.98,18.68,19.52,19.93
2024-01-06 23:20:00,1966.383,49.3520507,2.8523039999999997,44.986746349334716,0.613746322,1.3997505,0.26,1.12,0.16,16.58,17.98,18.68,19.52,19.93
2024-01-06 23:25:00,1986.64179,48.046107299999996,2.6358371519999997,44.01209217071533,0.25,1.3483116,0.26,1.12,0.16,16.58,17.98,18.68,19.52,19.93
2024-01-06 23:30:00,1892.09943,46.11647249999999,1.9864291200000002,43.07634561538696,0.25,1.33143105,0.9,1.8,0.4,15.48,17.0,17.99,18.84,19.64
2024-01-06 23:35:00,1858.3347800000001,45.1613197,1.75722768,42.47197324752808,0.5359788280000001,1.383669,0.26,1.12,0.16,15.48,17.0,17.99,18.84,19.64
2024-01-06 23:40:00,1858.3347800000001,44.7518539,1.375222368,42.64714862823486,0.666962016,1.4359071,0.26,1.12,0.16,15.48,17.0,17.99,18.84,19.64
2024-01-06 23:45:00,1865.0870400000001,44.0305615,1.3242902399999998,42.00380306243896,0.588737002,1.28078955,0.26,1.12,0.16,16.04,17.68,18.77,19.41,20.07
2024-01-06 23:50:00,1804.31134,62.525951,6.404984352,52.72345073699951,0.641268012,1.31574795,0.26,1.12,0.16,16.04,17.68,18.77,19.41,20.07
2024-01-06 23:55:00,1804.3106700000003,48.53227869999999,2.87778816,44.12797349929809,0.6937992880000001,1.33342695,0.26,1.12,0.16,16.04,17.68,18.77,19.41,20.07
2024-01-07 00:00:00,1655.6842350000002,16.04829177,1.75722768,12.88524125099182,1.107646876,1.06353915,0.94,1.7,0.4,16.04,17.68,18.77,19.41,20.07
