datetime,CH4,NOX,NO,NO2,SO2,H2S,Benzene,Toluene,Ethylbenzene,PM1 FIDAS,PM2.5 FIDAS,PM4 FIDAS,PM10 FIDAS,TSP FIDAS
2023-10-01 00:15:00,142.63167410551077,1.2340502176477406,0.39281889543375903,0.8316007551128409,0.2626485240461122,0.26172174480012184,1.0,2.6,0.4,0.687592902813867,0.8027353237524807,1.1550266490432157,1.585212919452778,2.1832544515012446
2023-10-01 00:20:00,142.63160814272328,1.2762593980411752,0.39283102469854037,0.8687942283139795,0.4166666666666667,0.2652718945023203,1.0,2.6,0.4,0.687592902813867,0.8027353237524807,1.1550266490432157,1.585212919452778,2.1832544515012446
2023-10-01 00:25:00,142.63147621715123,1.3574438174063865,0.3802969893488867,0.9633329974083066,0.4166666666666667,0.4166666666666667,1.0,2.6,0.4,0.687592902813867,0.8027353237524807,1.1550266490432157,1.585212919452778,2.1832544515012446
2023-10-01 00:30:00,142.63127832880042,1.3653041750158779,0.37211352633363326,0.9849707953193355,0.26950259418585776,0.4166666666666667,0.028442925306655785,0.04903060268852505,0.4,0.6841703004369599,0.8043009387039157,1.1595962055819258,1.66080582850615,2.4061662452956156
2023-10-01 00:35:00,142.63114640323806,1.1850055432116766,0.3660737012384498,0.8320743067766675,0.2695026090880469,0.4166666666666667,1.0,2.6,0.4,0.6841703004369599,0.8043009387039157,1.1595962055819258,1.66080582850615,2.4061662452956156
2023-10-01 00:40:00,142.63108044045833,1.0691626439433375,0.3263978664052198,0.7995201046367243,0.2626485485118267,0.4166666666666667,1.0,2.6,0.4,0.6841703004369599,0.8043009387039157,1.1595962055819258,1.66080582850615,2.4061662452956156
2023-10-01 00:45:00,142.6308825521249,1.0106933451014393,0.3317564186406207,0.7393012432463345,0.2626485485118267,0.4166666666666667,1.0,2.6,0.4,0.6640549676043392,0.7589736490814422,1.0907630356773188,1.471869559437928,1.9757024067404485
2023-10-01 00:50:00,142.63075062657413,1.1288135519186524,0.35232937476845944,0.8059305926899368,0.27261249847430025,0.4166666666666667,1.0,2.6,0.4,0.6640549676043392,0.7589736490814422,1.0907630356773188,1.471869559437928,1.9757024067404485
2023-10-01 00:55:00,142.63061870102717,1.2081264941535683,0.38036827985208027,0.8288626068764615,0.2726125143850766,0.4166666666666667,1.0,2.6,0.4,0.6640549676043392,0.7589736490814422,1.0907630356773188,1.471869559437928,1.9757024067404485
2023-10-01 01:00:00,142.63048677548417,1.1892476508354217,0.3783177435357615,0.8156846865043846,0.2626485729775631,0.4166666666666667,0.026476404589747454,0.03736308338453881,0.4,0.6568683277491768,0.7492422839108855,1.0846791968135094,1.4587131314963886,1.9571755158901822
2023-10-01 01:05:00,142.630354849945,1.0918092918963316,0.35820691918450487,0.7642325479635533,0.2614422560114452,0.4166666666666667,1.0,2.6,0.4,0.6568683277491768,0.7492422839108855,1.0846791968135094,1.4587131314963886,1.9571755158901822
2023-10-01 01:10:00,142.63015696164348,1.1742992852829082,0.39084198856309105,0.7831343580159852,0.4166666666666667,0.4166666666666667,1.0,2.6,0.4,0.6568683277491768,0.7492422839108855,1.0846791968135094,1.4587131314963886,1.9571755158901822
2023-10-01 01:15:00,143.2805306483535,1.3856034172468739,0.41668062733155076,0.9282409237885989,0.26264858521043954,0.4166666666666667,1.0,2.6,0.4,0.6555730317821197,0.7447845325998653,1.0717478061559071,1.4851276039451964,2.0382835916525455
2023-10-01 01:20:00,143.2804646761201,1.242889016139279,0.38876244427280926,0.8458421668547321,0.26522817408869714,0.2645603106294456,1.0,2.6,0.4,0.6555730317821197,0.7447845325998653,1.0717478061559071,1.4851276039451964,2.0382835916525455
2023-10-01 01:25:00,143.28026675942561,1.2353414912553127,0.40582054965426917,0.8124650698012544,0.2626485974433215,0.4166666666666667,1.0,2.6,0.4,0.6555730317821197,0.7447845325998653,1.0717478061559071,1.4851276039451964,2.0382835916525455
2023-10-01 01:30:00,143.2801348149674,0.9682383250225254,0.3466675434619017,0.6804889413211451,0.2626485974433215,0.4166666666666667,0.025495097567963927,0.03736308338453881,0.4,0.6310507111159926,0.701472736462366,1.0166833135249145,1.3872570958549826,1.876832437912346
2023-10-01 01:35:00,143.280002870513,1.0079291791332714,0.352427669605601,0.7035783405445778,0.2726125780282311,0.4166666666666667,1.0,2.6,0.4,0.6310507111159926,0.701472736462366,1.0166833135249145,1.3872570958549826,1.876832437912346
2023-10-01 01:40:00,143.27987092606236,1.0298408730605324,0.3804755168941656,0.6803367386275826,0.2759224993983306,0.4166666666666667,1.0,2.6,0.4,0.6310507111159926,0.701472736462366,1.0166833135249145,1.3872570958549826,1.876832437912346
2023-10-01 01:45:00,143.2797389816156,1.1448003686042394,0.45262969150698806,0.6742644415544605,0.27261260984983776,0.4166666666666667,1.0,2.6,0.4,0.6155331022780173,0.6814462561347007,1.0006366773209945,1.3831052924488432,1.8993156662334991
2023-10-01 01:50:00,143.27954106495255,1.243443705368927,0.434523555578957,0.7768551389824727,0.2742430105515517,0.4166666666666667,1.0,2.6,0.4,0.6155331022780173,0.6814462561347007,1.0006366773209945,1.3831052924488432,1.8993156662334991
2023-10-01 01:55:00,143.27947509273346,1.3165513629737389,0.42339532423850723,0.8561252012739854,0.2742430105515517,0.4166666666666667,1.0,2.6,0.4,0.6155331022780173,0.6814462561347007,1.0006366773209945,1.3831052924488432,1.8993156662334991
2023-10-01 02:00:00,143.27934314829815,1.3631251073567996,0.4503870371862094,0.8559732462899895,0.2794253752122053,0.4166666666666667,0.025495097567963927,0.03162277660168379,0.4,0.5963430220938282,0.6504275516919621,0.9530183628870956,1.312764354330205,1.7494787795226328
2023-10-01 02:05:00,143.27914523165225,1.3360741089514852,0.4618690370793537,0.815807201871251,0.2695027432079782,0.4166666666666667,1.0,2.6,0.4,0.5963430220938282,0.6504275516919621,0.9530183628870956,1.312764354330205,1.7494787795226328
2023-10-01 02:10:00,143.27901328722643,1.2019037219357052,0.4146313336034215,0.7708657406194999,0.2639108840401899,0.4166666666666667,1.0,2.6,0.4,0.5963430220938282,0.6504275516919621,0.9530183628870956,1.312764354330205,1.7494787795226328
2023-10-01 02:15:00,143.27894731501502,1.0231558144909743,0.40594659147894935,0.6423016218743682,0.2776503209898762,0.4166666666666667,1.0,2.6,0.4,0.5800310336525106,0.630441115410472,0.9276939150387912,1.2925792045364184,1.7848181980246616
2023-10-01 02:20:00,143.27881537059494,1.1831349864455942,0.4168483806733099,0.7520721525975703,0.2710322791889715,0.4166666666666667,1.0,2.6,0.4,0.5800310336525106,0.630441115410472,0.9276939150387912,1.2925792045364184,1.7848181980246616
2023-10-01 02:25:00,143.9291495648001,1.1455217210458564,0.40813614938643883,0.7336686572706805,0.2680250261564716,0.4166666666666667,1.0,2.6,0.4,0.5800310336525106,0.630441115410472,0.9276939150387912,1.2925792045364184,1.7848181980246616
2023-10-01 02:30:00,143.92908358325295,1.1795341951946654,0.4059845463549688,0.7648261097253553,0.27765035570574353,0.4166666666666667,0.02353720459187964,0.03390811112403638,0.4,0.5691959240894123,0.6137882370981054,0.9009443046048962,1.3166595041999278,2.0604717906343684
2023-10-01 02:35:00,143.2784195373576,1.2404536367356085,0.4212890415614512,0.79358063132074,0.2776503730636841,0.4166666666666667,1.0,2.6,0.4,0.5691959240894123,0.6137882370981054,0.9009443046048962,1.3166595041999278,2.0604717906343684
2023-10-01 02:40:00,143.2782216207518,1.2558480554069171,0.4436755373742064,0.7741772058638652,0.2639109096064408,0.2646035957966915,1.0,2.6,0.4,0.5691959240894123,0.6137882370981054,0.9009443046048962,1.3166595041999278,2.0604717906343684
2023-10-01 02:45:00,142.62765037724432,1.3290871951167165,0.4573774565500431,0.8163243709874786,0.2776503904216294,0.2611364257116147,1.0,2.6,0.4,0.557681808919746,0.5947133763419149,0.8936979355464574,1.213247295484313,1.746682569902156
2023-10-01 02:50:00,142.62751845178832,1.2140387722132386,0.4017270925528595,0.8004153589720041,0.2742431253657016,0.4166666666666667,1.0,2.6,0.4,0.557681808919746,0.5947133763419149,0.8936979355464574,1.213247295484313,1.746682569902156
2023-10-01 02:55:00,141.9770412771815,1.4971505399620038,0.4369431919564624,0.9971601503597306,0.2776504251375339,0.4166666666666667,1.0,2.6,0.4,0.557681808919746,0.5947133763419149,0.8936979355464574,1.213247295484313,1.746682569902156
2023-10-01 03:00:00,141.9769093709335,1.195229320816874,0.39960903161415745,0.7875777782312499,0.29522312239829746,0.4166666666666667,1.0,2.6,0.4,0.5442655601817922,0.578013840664737,0.8625404338348435,1.2563280821505187,1.8948023643641572
2023-10-01 03:05:00,142.62705671272272,1.0976563787867388,0.39323586458926607,0.7160838597526994,0.2759226851267862,0.4166666666666667,1.0,2.6,0.4,0.5442655601817922,0.578013840664737,0.8625404338348435,1.2563280821505187,1.8948023643641572
2023-10-01 03:10:00,141.97657960533056,1.3102372736123429,0.44829933542583617,0.8133988015265944,0.26950284752376497,0.26536592752633137,1.0,2.6,0.4,0.5442655601817922,0.578013840664737,0.8625404338348435,1.2563280821505187,1.8948023643641572
2023-10-01 03:15:00,141.97651365221293,1.2068928096284097,0.43924909532627926,0.7401312753383139,0.28124708648687813,0.4166666666666667,1.0,2.6,0.4,0.537776905417107,0.5663532466579494,0.8492482322619224,1.1739782791857778,1.5858991140674743
2023-10-01 03:20:00,142.6266609364185,1.0061144034778349,0.38695660771322565,0.6536694373205219,0.2869813865854391,0.4166666666666667,1.0,2.6,0.4,0.537776905417107,0.5663532466579494,0.8492482322619224,1.1739782791857778,1.5858991140674743
2023-10-01 03:25:00,142.62659497370453,1.0831691370612457,0.42141943784101643,0.6671232682302455,0.27765047721142555,0.4166666666666667,1.0,2.6,0.4,0.537776905417107,0.5663532466579494,0.8492482322619224,1.1739782791857778,1.5858991140674743
2023-10-01 03:30:00,142.62646304827948,1.1844109261423166,0.45750182731897376,0.6981838954041477,0.2776504945693987,0.4166666666666667,1.0,0.03162277660168379,0.4,0.5297405025104273,0.5554853733447893,0.8387939913947882,1.1948707043023525,1.6247904480270678
2023-10-01 03:35:00,143.27677023257164,1.0944738843773096,0.4393028668991141,0.6534718954286377,0.27765051192737655,0.4166666666666667,1.0,2.6,0.4,0.5297405025104273,0.5554853733447893,0.8387939913947882,1.1948707043023525,1.6247904480270678
2023-10-01 03:40:00,143.92717011879452,1.0908504058191497,0.4529449706941008,0.635011510641681,0.2695029071328978,0.4166666666666667,1.0,2.6,0.4,0.5297405025104273,0.5554853733447893,0.8387939913947882,1.1948707043023525,1.6247904480270678
2023-10-01 03:45:00,144.577661455856,1.2993225660468481,0.4996205727724479,0.7339068661175694,0.2680251556219804,0.4166666666666667,1.0,2.6,0.4,0.5220153254455275,0.5454576060520194,0.8247946653561721,1.183507076446947,1.6571795316138804
2023-10-01 03:50:00,144.57752947439081,1.5021521992278721,0.538079710641653,0.8499086812257853,0.2776505466433461,0.4166666666666667,1.0,2.6,0.4,0.5220153254455275,0.5454576060520194,0.8247946653561721,1.183507076446947,1.6571795316138804
2023-10-01 03:55:00,145.22811101525824,1.6606804176898484,0.6021564163301947,0.8974244162970808,0.27103243329799426,0.2625073469205977,1.0,2.6,0.4,0.5220153254455275,0.5454576060520194,0.8247946653561721,1.183507076446947,1.6571795316138804
2023-10-01 04:00:00,143.926576285158,1.7926614967833272,0.6146754247675492,0.996615226367827,0.271032448708924,0.26117238190675907,0.019646882704388503,0.030486718419665965,0.4,0.5158769233063251,0.533475397745763,0.806886460414351,1.1429620509885707,1.5628000511901707
2023-10-01 04:05:00,142.62547360771475,1.4945702174537032,0.5115995184169467,0.8809653605555255,0.26660005177172863,0.4166666666666667,1.0,2.6,0.4,0.5158769233063251,0.533475397745763,0.806886460414351,1.1429620509885707,1.5628000511901707
2023-10-01 04:10:00,141.9749967307777,1.4162411516230378,0.48551406264607583,0.8505509829587442,0.2614424428097311,0.2653991808519574,1.0,2.6,0.4,0.5158769233063251,0.533475397745763,0.806886460414351,1.1429620509885707,1.5628000511901707
2023-10-01 04:15:00,141.97479887149828,1.688973532711682,0.511628917510292,1.0559676946076935,0.2614424428097311,0.26465507536646365,1.0,2.6,0.4,0.5104987757086201,0.5234739726099092,0.7963100903542538,1.1301337310247845,1.5473344822629655
2023-10-01 04:20:00,141.32448331983824,1.6015552895874565,0.5140388208554324,0.972486500091886,0.26660006563113703,0.26392792211263344,1.0,2.6,0.4,0.5104987757086201,0.5234739726099092,0.7963100903542538,1.1301337310247845,1.5473344822629655
2023-10-01 04:25:00,141.32435143312563,1.6612745601600925,0.5068793193399229,1.037800453386415,0.2614424544846713,0.4166666666666667,1.0,2.6,0.4,0.5104987757086201,0.5234739726099092,0.7963100903542538,1.1301337310247845,1.5473344822629655
2023-10-01 04:30:00,140.67400069015207,1.4361773606804706,0.4668964123701581,0.8954358751127761,0.2710324949417433,0.4166666666666667,0.01772004514666935,0.042007618356674305,0.4,0.8333333333333334,0.5156316514722501,0.7782016191193643,1.0535142381572258,1.3500370365289984
2023-10-01 04:35:00,140.673868823187,1.377726636727387,0.43946399525197427,0.8853542223651121,0.2626487931701794,0.4166666666666667,1.0,2.6,0.4,0.8333333333333334,0.5156316514722501,0.7782016191193643,1.0535142381572258,1.3500370365289984
2023-10-01 04:40:00,140.67367102274693,1.3661562585747065,0.4599953929811329,0.8443760044816512,0.27103251035269305,0.4166666666666667,1.0,2.6,0.4,0.8333333333333334,0.5156316514722501,0.7782016191193643,1.0535142381572258,1.3500370365289984
2023-10-01 04:45:00,140.67360508926893,1.5150382366259023,0.47390887318451497,0.9552904727904328,0.4166666666666667,0.4166666666666667,1.0,2.6,0.4,0.8333333333333334,0.5153882032022076,0.7763118960830112,1.0728151052254997,1.404314779527724
2023-10-01 04:50:00,140.67347322231595,1.7056314208255734,0.5045683816989713,1.0823461461207111,0.2680252419325522,0.4166666666666667,1.0,2.6,0.4,0.8333333333333334,0.5153882032022076,0.7763118960830112,1.0728151052254997,1.404314779527724
2023-10-01 04:55:00,140.67327542189403,1.5231185975806818,0.48094815211383146,0.9518090553853467,0.263911063004401,0.4166666666666667,1.0,2.6,0.4,0.8333333333333334,0.5153882032022076,0.7763118960830112,1.0728151052254997,1.404314779527724
2023-10-01 05:00:00,140.67320948842206,1.4956351131751016,0.5141574672896514,0.8782062602973555,0.26522845392114924,0.4166666666666667,0.01676305461424021,0.03852064381601117,0.4,0.8333333333333334,0.5135065724993206,0.7747847184863677,1.0598117757413341,1.3697079980784226
2023-10-01 05:05:00,140.67307762148118,1.527258362264247,0.5334552319369088,0.8781230402436007,0.2726129757997268,0.4166666666666667,1.0,2.6,0.4,0.8333333333333334,0.5135065724993206,0.7747847184863677,1.0598117757413341,1.3697079980784226
2023-10-01 05:10:00,140.6728798210774,1.4840268991340333,0.47165162390140897,0.9308522944448948,0.269503041253744,0.4166666666666667,1.0,2.6,0.4,0.8333333333333334,0.5135065724993206,0.7747847184863677,1.0598117757413341,1.3697079980784226
2023-10-01 05:15:00,140.67281388761148,1.519563836480383,0.4418305800995879,1.0098715012171648,0.27592295527829014,0.4166666666666667,1.0,2.6,0.4,0.8333333333333334,0.5102979521808804,1.25,1.0881364804104308,1.4938621087637238
2023-10-01 05:20:00,140.67268202068269,1.3785813268996723,0.45551008345616967,0.8618252007184132,0.2726130076215791,0.4166666666666667,1.0,2.6,0.4,0.8333333333333334,0.5102979521808804,1.25,1.0881364804104308,1.4938621087637238
2023-10-01 05:25:00,141.32270284955413,1.2359524673017297,0.45094775778936796,0.747690789789959,0.2666001487876977,0.4166666666666667,1.0,2.6,0.4,0.8333333333333334,0.5102979521808804,1.25,1.0881364804104308,1.4938621087637238
2023-10-01 05:30:00,141.9728202791895,1.1263551861728953,0.42395734813271485,0.6967651489663897,0.27592298904731344,0.4166666666666667,0.015811388300841896,0.03968072579981369,0.010965856099730654,0.8333333333333334,0.8333333333333334,1.25,1.044896645606636,1.3485310526643426
2023-10-01 05:35:00,141.32243907624033,1.0157032722992272,0.42618918774685144,0.6137057990299372,0.4166666666666667,0.4166666666666667,1.0,2.6,0.4,0.8333333333333334,0.8333333333333334,1.25,1.044896645606636,1.3485310526643426
2023-10-01 05:40:00,141.97255646694833,0.8640095525738022,0.38104708175154156,0.5656616724407427,0.4166666666666667,0.4166666666666667,1.0,2.6,0.4,0.8333333333333334,0.8333333333333334,1.25,1.044896645606636,1.3485310526643426
2023-10-01 05:45:00,142.62276913794798,1.1830868632250975,0.45557914828655593,0.6996203671450045,0.4166666666666667,0.4166666666666667,1.0,2.6,0.4,0.8333333333333334,0.8333333333333334,1.25,1.0643590794464057,1.390898989862312
2023-10-01 05:50:00,141.97229265472288,1.3908351687797273,0.5360168827116102,0.7598749301166984,0.26391112692044777,0.4166666666666667,1.0,2.6,0.4,0.8333333333333334,0.8333333333333334,1.25,1.0643590794464057,1.390898989862312
2023-10-01 05:55:00,141.972160748616,1.3559239428816914,0.5215283397749095,0.7506422221869846,0.2639111397036734,0.4166666666666667,1.0,2.6,0.4,0.8333333333333334,0.8333333333333334,1.25,1.0643590794464057,1.390898989862312
2023-10-01 06:00:00,141.32177964302545,1.5401734575300814,0.5555550649383303,0.8581657992586059,0.2639111397036734,0.4166666666666667,0.013928388277184121,0.026000000000000002,0.4,0.8333333333333334,0.8333333333333334,1.25,1.0750024418576918,1.4365806625456157
2023-10-01 06:05:00,141.32164775639444,1.4028195229336757,0.4929190927499396,0.8284302894292919,0.26802535701360397,0.4166666666666667,1.0,2.6,0.4,0.8333333333333334,0.8333333333333334,1.25,1.0750024418576918,1.4365806625456157
2023-10-01 06:10:00,140.67129741817374,1.2750929852542936,0.45564800895307456,0.7733407992358335,0.2680253713987587,0.4166666666666667,1.0,2.6,0.4,0.8333333333333334,0.8333333333333334,1.25,1.0750024418576918,1.4365806625456157
2023-10-01 06:15:00,140.67116555129132,1.5721047771360832,0.5507070735474986,0.8926668897852034,0.2626489032671548,0.4166666666666667,1.0,2.6,0.4,0.8333333333333334,0.5100990099970789,1.25,1.0648737014313012,1.3856781733144243
2023-10-01 06:20:00,140.0210451283315,1.7194075073357564,0.5802484117962915,0.9807410469514275,0.2695031604726197,0.4166666666666667,1.0,2.6,0.4,0.8333333333333334,0.5100990099970789,1.25,1.0648737014313012,1.3856781733144243
2023-10-01 06:25:00,140.02084735804,1.635791681042206,0.5802641789899268,0.9064589934963901,0.26264891550017955,0.4166666666666667,1.0,2.6,0.4,0.8333333333333334,0.5100990099970789,1.25,1.0648737014313012,1.3856781733144243
2023-10-01 06:30:00,140.02071551118402,1.7596089705396611,0.6176712606341019,0.9626824282544021,0.26660024580392405,0.4166666666666667,0.013928388277184121,0.036208286344426736,0.4,0.8333333333333334,0.8333333333333334,1.25,1.0750024418576918,1.4797851195359413
2023-10-01 06:35:00,140.6706380838019,1.8399481459670268,0.5927044171621866,1.0719936061752768,0.2639111908366299,0.4166666666666667,1.0,2.6,0.4,0.8333333333333334,0.8333333333333334,1.25,1.0750024418576918,1.4797851195359413
2023-10-01 06:40:00,140.02045181748446,1.8199614195688714,0.5778369614608914,1.075877370492523,0.2639111908366299,0.4166666666666667,1.0,2.6,0.4,0.8333333333333334,0.8333333333333334,1.25,1.0750024418576918,1.4797851195359413
2023-10-01 06:45:00,140.0203199706408,1.9085766731696074,0.6077013124587121,1.1128575312324513,0.27103272610651435,0.4166666666666667,1.0,2.6,0.4,0.8333333333333334,0.8333333333333334,1.25,1.0466522822790767,1.3780058055030102
2023-10-01 06:50:00,140.02018812380123,1.6920544612957582,0.5557099858359309,0.9921345336415138,0.26264893996624544,0.4166666666666667,1.0,2.6,0.4,0.8333333333333334,0.8333333333333334,1.25,1.0466522822790767,1.3780058055030102
2023-10-01 06:55:00,140.02005627696573,1.7601096452475156,0.5704750471286691,1.0320260785140922,0.26264893996624544,0.4166666666666667,1.0,2.6,0.4,0.8333333333333334,0.8333333333333334,1.25,1.0466522822790767,1.3780058055030102
2023-10-01 07:00:00,140.01992443013432,1.712214565196559,0.565563365021202,0.995801178822422,0.27424361742902154,0.4166666666666667,0.013000000000000001,0.047856452020600106,0.4,0.8333333333333334,0.8333333333333334,1.25,1.6666666666666667,2.0833333333333335
2023-10-01 07:05:00,140.66978094926918,1.549344175059394,0.5533073884958196,0.8692112990618688,0.26802544332460987,0.4166666666666667,1.0,2.6,0.4,0.8333333333333334,0.8333333333333334,1.25,1.6666666666666667,2.0833333333333335
2023-10-01 07:10:00,140.01966073648381,1.589030544990316,0.5582234565187758,0.8967752342003257,0.27261319855310523,0.4166666666666667,1.0,2.6,0.4,0.8333333333333334,0.8333333333333334,1.25,1.6666666666666667,2.0833333333333335
2023-10-01 07:15:00,140.01952888966468,1.6010272697412862,0.5533383397607747,0.9142870681531008,0.2776509979526428,0.4166666666666667,1.0,2.6,0.4,0.8333333333333334,0.8333333333333334,1.25,1.6666666666666667,1.3962034235740866
2023-10-01 07:20:00,140.01933111944368,1.7086195131672648,0.5804383003483669,0.9707794230465188,0.26660031510138615,0.4166666666666667,1.0,2.6,0.4,0.8333333333333334,0.8333333333333334,1.25,1.6666666666666667,1.3962034235740866
2023-10-01 07:25:00,140.66931941536055,1.5142027605762294,0.5363054758180493,0.8627685660244593,0.272613230375095,0.4166666666666667,1.0,2.6,0.4,0.8333333333333334,0.8333333333333334,1.25,1.6666666666666667,1.3962034235740866
2023-10-01 07:30:00,140.66918754853862,1.5577408103950665,0.5582854985371588,0.869487861340285,0.27103280316168793,0.4166666666666667,0.012083045973594574,0.03852064381601117,0.4,0.8333333333333334,0.8333333333333334,1.25,1.0823104914949315,1.4862422413590592
2023-10-01 07:35:00,140.0189355790292,1.5262304224893937,0.5290672511971378,0.883493234298716,0.26950327969182064,0.4166666666666667,1.0,2.6,0.4,0.8333333333333334,0.8333333333333334,1.25,1.0823104914949315,1.4862422413590592
2023-10-01 07:40:00,140.01886965563034,1.3501476786337043,0.4513173796042335,0.843303282728773,0.27103281857273764,0.26127813667738375,1.0,2.6,0.4,0.8333333333333334,0.8333333333333334,1.25,1.0823104914949315,1.4862422413590592
2023-10-01 07:45:00,140.66879194809687,1.518534359804448,0.4744180977516717,0.957665350529169,0.2726132781081165,0.4166666666666667,1.0,2.6,0.4,0.8333333333333334,0.8333333333333334,0.7715785378041564,1.087545976039634,1.4830050573076277
2023-10-01 07:50:00,141.9690609562339,1.424358881958713,0.4445149451673899,0.9191012238679244,0.2639112675362271,0.4166666666666667,1.0,2.6,0.4,0.8333333333333334,0.8333333333333334,0.7715785378041564,1.087545976039634,1.4830050573076277
2023-10-01 07:55:00,143.26971121482453,1.3737429435302047,0.481462136227818,0.819893598086358,0.26264901336457497,0.4166666666666667,1.0,2.6,0.4,0.8333333333333334,0.8333333333333334,0.7715785378041564,1.087545976039634,1.4830050573076277
2023-10-01 08:00:00,144.5707324339544,1.475518557228857,0.536411915073281,0.829509816992961,0.26264901336457497,0.26195076140648943,0.012083045973594574,0.03390811112403638,0.4,0.8333333333333334,0.8333333333333334,0.7753903790994573,1.0750024418576918,1.4061422403156802
2023-10-01 08:05:00,146.52300421442146,1.5268136814834918,0.5195104941806573,0.8977740867800459,0.26522868045390446,0.2647800386060832,1.0,2.6,0.4,0.8333333333333334,0.8333333333333334,0.7753903790994573,1.0750024418576918,1.4061422403156802
2023-10-01 08:10:00,149.12728597123981,1.4286542199692018,0.4838519289433554,0.8637319846220675,0.27424376504886416,0.2626364131803179,1.0,2.6,0.4,0.8333333333333334,0.8333333333333334,0.7753903790994573,1.0750024418576918,1.4061422403156802
2023-10-01 08:15:00,146.52280616176586,1.2620635047293753,0.44458264142169013,0.7780723634036764,0.4166666666666667,0.2678854143600441,1.0,2.6,0.4,0.8333333333333334,0.8333333333333334,1.25,1.125280409498006,1.5834405577728519
2023-10-01 08:20:00,143.91951626887519,2.2388079834250374,0.8707697555663824,1.0345473228288695,0.2726133258411822,0.2678883730336671,1.0,2.6,0.4,0.8333333333333334,0.8333333333333334,1.25,1.125280409498006,1.5834405577728519
2023-10-01 08:25:00,143.26891954996393,1.81003329199521,0.7430008823822746,0.8350258848245816,0.2759233605078197,0.26789133192775805,1.0,2.6,0.4,0.8333333333333334,0.8333333333333334,1.25,1.125280409498006,1.5834405577728519
2023-10-01 08:30:00,143.2687876058338,1.8664074437024551,0.6230858705264006,1.0512315966780277,0.2680255727914675,0.26789429104230983,0.013928388277184121,0.028230479981750222,0.4,0.8333333333333334,0.5111125120753747,0.7788452991448301,1.0628264204469138,1.472339634731063
2023-10-01 08:35:00,142.61821771688867,1.8866391027322125,0.6584701502353931,1.0181146125996487,0.2831150240054752,0.2670969910770604,1.0,2.6,0.4,0.8333333333333334,0.5111125120753747,0.7788452991448301,1.0628264204469138,1.472339634731063
2023-10-01 08:40:00,143.26852371758517,2.23108574241294,0.7404704531561751,1.2152534648234425,0.2759233942770703,0.27582539647523624,1.0,2.6,0.4,0.8333333333333334,0.5111125120753747,0.7788452991448301,1.0628264204469138,1.472339634731063
2023-10-01 08:45:00,142.6179538665337,2.198636018106848,0.7172908849000009,1.2193171901267896,0.2680256015619371,0.2663190095829744,1.0,2.6,0.4,0.8333333333333334,0.5115310352266028,0.7753903790994573,1.118481559973163,1.5748853926556052
2023-10-01 08:50:00,142.61775597877758,2.1052960929086275,0.7250300108884309,1.1211571891953953,0.2776512062503012,0.2679061377927016,1.0,2.6,0.4,0.8333333333333334,0.5115310352266028,0.7753903790994573,1.118481559973163,1.5748853926556052
2023-10-01 08:55:00,142.61762405361168,2.3332918591361533,0.7897956958792948,1.2379661440339886,0.27942637328351777,0.26131429300471953,1.0,2.6,0.4,0.8333333333333334,0.5115310352266028,0.7753903790994573,1.118481559973163,1.5748853926556052
2023-10-01 09:00:00,142.61755809103022,2.150166416398654,0.7122019659734198,1.1815977462509095,0.27103297268350957,0.4166666666666667,0.013928388277184121,0.042007618356674305,0.4,0.8333333333333334,0.8333333333333334,0.7715785378041564,1.060809125149289,1.3891493800164185
2023-10-01 09:05:00,142.61736020329153,2.061001337975712,0.6738322304584733,1.1555447274552426,0.27942639110634976,0.4166666666666667,1.0,2.6,0.4,0.8333333333333334,0.8333333333333334,0.7715785378041564,1.060809125149289,1.3891493800164185
2023-10-01 09:10:00,142.61722827813722,1.9639952462151458,0.625731254904446,1.1372039368290863,0.27103297268350957,0.26198540539744886,1.0,2.6,0.4,0.8333333333333334,0.8333333333333334,0.7715785378041564,1.060809125149289,1.3891493800164185
2023-10-01 09:15:00,142.61716231556153,1.9277646371610069,0.623233110343472,1.1073767513457338,0.27424389626683005,0.4166666666666667,1.0,2.6,0.4,0.8333333333333334,0.5123904761019666,0.7772489948530007,1.1171409937872658,1.6389325794552991
2023-10-01 09:20:00,142.61696442784026,1.6551687652134155,0.5586269837454662,0.9546893418342335,0.28311515508394813,0.2648208907402672,1.0,2.6,0.4,0.8333333333333334,0.5123904761019666,0.7772489948530007,1.1171409937872658,1.6389325794552991
2023-10-01 09:25:00,141.96648878973127,1.6871554431391613,0.5808341159019442,0.9510266891525945,0.2652287870580873,0.4166666666666667,1.0,2.6,0.4,0.8333333333333334,0.5123904761019666,0.7772489948530007,1.1171409937872658,1.6389325794552991
2023-10-01 09:30:00,141.966356883797,1.6832659568621453,0.595754048696818,0.9262323060554507,0.2680256591029384,0.4166666666666667,0.014866068747318507,0.0572796648034885,0.0125,0.8333333333333334,0.5115310352266028,0.7760029896849625,1.1294356998076518,1.6045360700214877
2023-10-01 09:35:00,141.96622497786666,1.7432976229666677,0.5808658829296224,1.001381403731475,0.26660049527540197,0.4166666666666667,1.0,2.6,0.4,0.8333333333333334,0.5115310352266028,0.7760029896849625,1.1294356998076518,1.6045360700214877
2023-10-01 09:40:00,141.9660930719402,1.7754387778451195,0.5611446434348838,1.0600444471338624,0.2776513277575777,0.4166666666666667,1.0,2.6,0.4,0.8333333333333334,0.5115310352266028,0.7760029896849625,1.1294356998076518,1.6045360700214877
2023-10-01 09:45:00,141.9658952130579,1.9889621915606077,0.6057834180515528,1.1906720724899547,0.2726134849517204,0.2613384316656876,1.0,2.6,0.4,0.8333333333333334,0.8333333333333334,1.25,1.1144792505919525,1.7411042473097353
2023-10-01 09:50:00,141.9658292600991,1.9567357279092383,0.6334186040677359,1.1189829113966905,0.27765134511577866,0.4166666666666667,1.0,2.6,0.4,0.8333333333333334,0.8333333333333334,1.25,1.1144792505919525,1.7411042473097353
2023-10-01 09:55:00,141.96569735418439,1.9205125115714679,0.6334351163524508,1.0855470162075493,0.27261350086280123,0.4166666666666667,1.0,2.6,0.4,0.8333333333333334,0.8333333333333334,1.25,1.1144792505919525,1.7411042473097353
2023-10-01 10:00:00,141.96549949531973,2.253126541965824,0.707273885895845,1.2855934132085243,0.27424397827821556,0.26559374566065425,0.013928388277184121,0.04434230485664903,0.4,0.8333333333333334,0.8333333333333334,1.25,1.0701219556667363,1.5628000511901707
2023-10-01 10:05:00,141.9654335423668,2.2287981209615406,0.6970333891812328,1.2780560431270507,0.26660053685414703,0.4166666666666667,1.0,2.6,0.4,0.8333333333333334,0.8333333333333334,1.25,1.0701219556667363,1.5628000511901707
2023-10-01 10:10:00,141.96530163646392,2.1882115829960913,0.6613294026636949,1.2938144173268078,0.27765139719040943,0.4166666666666667,1.0,2.6,0.4,0.8333333333333334,0.8333333333333334,1.25,1.0701219556667363,1.5628000511901707
2023-10-01 10:15:00,141.96510377761686,2.2371510514108355,0.6537315268597259,1.351963927564532,0.27765139719040943,0.4166666666666667,1.0,2.6,0.4,0.8333333333333334,0.8333333333333334,1.25,1.6666666666666667,1.3515531806037082
2023-10-01 10:20:00,142.61538132638353,2.2657694357856633,0.663904679152292,1.3636070031139498,0.2759235968929718,0.4166666666666667,1.0,2.6,0.4,0.8333333333333334,0.8333333333333334,1.25,1.6666666666666667,1.3515531806037082
2023-10-01 10:25:00,142.61524940128726,2.306639406521222,0.6588400866033878,1.4104833140993314,0.27765143190685315,0.26485633327481445,1.0,2.6,0.4,0.8333333333333334,0.8333333333333334,1.25,1.6666666666666667,1.3515531806037082
2023-10-01 10:30:00,142.61505151365012,1.9777577363308898,0.5662201280114751,1.2411500652298255,0.2794265871578026,0.2634074433092747,1.0,2.6,0.4,0.8333333333333334,0.5123904761019666,0.7763118960830112,1.0598117757413341,1.4755188917801088
2023-10-01 10:35:00,143.2654230318064,1.9051985075258704,0.5711657141873521,1.1651929613688423,0.2680257597998897,0.4166666666666667,1.0,2.6,0.4,0.8333333333333334,0.5123904761019666,0.7763118960830112,1.0598117757413341,1.4755188917801088
2023-10-01 10:40:00,143.26529108777746,1.7445982559348563,0.5687151731478516,1.0205103515404335,0.28124821975557457,0.4166666666666667,1.0,2.6,0.4,0.8333333333333334,0.5123904761019666,0.7763118960830112,1.0598117757413341,1.4755188917801088
2023-10-01 10:45:00,143.2650931717412,1.8369635929363315,0.5885306198383516,1.0754883678402516,0.2759236475470538,0.4166666666666667,1.0,2.6,0.4,0.8333333333333334,0.5166236541235796,0.7863745672387936,1.076661971093992,1.4277955035648489
2023-10-01 10:50:00,143.26496122772184,1.929703421082342,0.5662823878886442,1.1957235088471203,0.2680257885704937,0.4166666666666667,1.0,2.6,0.4,0.8333333333333334,0.5166236541235796,0.7863745672387936,1.076661971093992,1.4277955035648489
2023-10-01 10:55:00,143.26489525571353,2.0957171066141362,0.6311124838048822,1.2524582773568589,0.27765150133979644,0.4166666666666667,1.0,2.6,0.4,0.8333333333333334,0.5166236541235796,0.7863745672387936,1.076661971093992,1.4277955035648489
2023-10-01 11:00:00,143.26469733969446,1.853352670850016,0.5910643880745539,1.0867880980092388,0.27592368131646544,0.4166666666666667,1.0,0.043174066289845804,0.0116619037896906,0.8333333333333334,0.5161240161046567,0.7782016191193643,1.058329934377744,1.3600720569146327
2023-10-01 11:05:00,143.91509551650185,1.982517718502649,0.6564361274487336,1.108652046038101,0.2666006200117789,0.26272532613002025,1.0,2.6,0.4,0.8333333333333334,0.5161240161046567,0.7782016191193643,1.058329934377744,1.3600720569146327
2023-10-01 11:10:00,144.56558516716848,2.3524765487626187,0.7746832999133907,1.27838360725277,0.26264920909442036,0.2671870685277534,1.0,2.6,0.4,0.8333333333333334,0.5161240161046567,0.7782016191193643,1.058329934377744,1.3600720569146327
2023-10-01 11:15:00,143.91483159112067,2.1977067954897818,0.6640905903558708,1.298601870428266,0.26950363735137545,0.26718997448691073,1.0,2.6,0.4,0.8333333333333334,0.5189614629237898,0.7831956077507074,1.061310628421293,1.3608614918499238
2023-10-01 11:20:00,144.56532120492147,2.1002936781098,0.6717427391996212,1.1952941510261916,0.27103320385060453,0.2613843443213721,1.0,2.6,0.4,0.8333333333333334,0.5189614629237898,0.7831956077507074,1.061310628421293,1.3608614918499238
2023-10-01 11:25:00,145.21583506416374,2.0274341743160464,0.7050018769602687,1.078823803890621,0.26391152320295846,0.2613867614515808,1.0,2.6,0.4,0.8333333333333334,0.5189614629237898,0.7831956077507074,1.061310628421293,1.3608614918499238
2023-10-01 11:30:00,145.21576906451233,2.0315866253372596,0.6717765631932303,1.1313123407525134,0.2680258461117637,0.2634387206265245,0.015811388300841896,0.046683615969631144,0.0116619037896906,0.5104987757086201,0.5197730273879168,0.7856564134531074,1.0733592129385203,1.3839566467198314
2023-10-01 11:35:00,146.51732670814386,2.1818545647081713,0.7617969821642018,1.1381753347485937,0.2666006615906657,0.26564674707942737,1.0,2.6,0.4,0.5104987757086201,0.5197730273879168,0.7856564134531074,1.0733592129385203,1.3839566467198314
2023-10-01 11:40:00,146.51712865571838,2.039892795639042,0.6565536013077393,1.1616526169630352,0.2742441751060327,0.4166666666666667,1.0,2.6,0.4,0.5104987757086201,0.5197730273879168,0.7856564134531074,1.0733592129385203,1.3839566467198314
2023-10-01 11:45:00,145.86610789994944,2.0805278001923804,0.6794771649528284,1.1653129864618952,0.2776516054893508,0.26344653989533456,1.0,2.6,0.4,0.5111125120753747,0.520322976621252,0.784240167295708,1.056865175885742,1.3492827724387502
2023-10-01 11:50:00,145.86604189133195,2.239146079937599,0.892625452541995,1.0044531241217753,0.2626492580271013,0.26565511681737847,1.0,2.6,0.4,0.5111125120753747,0.520322976621252,0.784240167295708,1.056865175885742,1.3492827724387502
2023-10-01 11:55:00,145.21504306840728,2.0564096997514114,0.7411614643830117,1.0531287236115927,0.26660068930994985,0.26721326193857897,1.0,2.6,0.4,0.5111125120753747,0.520322976621252,0.784240167295708,1.056865175885742,1.3492827724387502
2023-10-01 12:00:00,144.56419936553758,2.3372076034672356,0.853217298438221,1.1490901689908675,0.2812484208211713,0.272275629668038,0.01676305461424021,0.045512196167620825,0.0116619037896906,0.8333333333333334,0.5184293587365592,0.7835421111848424,1.074452884029821,1.4024963458062913
2023-10-01 12:05:00,143.2629820678888,2.2598290050953547,0.8584864274828153,1.0707996152918977,0.27261375544076244,0.28732259382769065,1.0,2.6,0.4,0.8333333333333334,0.5184293587365592,0.7835421111848424,1.074452884029821,1.4024963458062913
2023-10-01 12:10:00,142.6123470501486,2.296622056622035,0.8375228031710851,1.1343280526015223,0.2626492824934748,0.28957066718878827,1.0,2.6,0.4,0.8333333333333334,0.5184293587365592,0.7835421111848424,1.074452884029821,1.4024963458062913
2023-10-01 12:15:00,142.61228108764453,2.7019550410120057,0.9587892322287835,1.335779707442497,0.27424424071545955,0.28513979144536117,1.0,2.6,0.4,0.8333333333333334,0.5149067876810326,0.7778823561439094,1.06747470696031,1.4475496537252184
2023-10-01 12:20:00,141.96180613146598,2.599482955932719,0.9588092323995024,1.2396059504163668,0.2652290002674768,0.2873346268376612,1.0,2.6,0.4,0.8333333333333334,0.5149067876810326,0.7778823561439094,1.06747470696031,1.4475496537252184
2023-10-01 12:25:00,141.31136061142396,2.317333657816296,0.8218748673413114,1.1760931776547736,0.27765169228077397,0.2819638157933031,1.0,2.6,0.4,0.8333333333333334,0.5149067876810326,0.7778823561439094,1.06747470696031,1.4475496537252184
2023-10-01 12:30:00,141.31129466826502,2.2644303939917756,0.8140528999455449,1.138543362630754,0.28124849393606793,0.276945259261176,0.015811388300841896,0.056098484828023654,0.0116619037896906,0.8333333333333334,0.8333333333333334,1.25,1.6666666666666667,2.0833333333333335
2023-10-01 12:35:00,140.6609458801671,2.1505836448332003,0.7801886625038204,1.0829146832362797,0.2726138031742702,0.27504286407011186,1.0,2.6,0.4,0.8333333333333334,0.8333333333333334,1.25,1.6666666666666667,2.0833333333333335
2023-10-01 12:40:00,140.66081401360123,2.085723540863304,0.7750083818654311,1.0314872917481661,0.26950377147446336,0.274116005875612,1.0,2.6,0.4,0.8333333333333334,0.8333333333333334,1.25,1.6666666666666667,2.0833333333333335
2023-10-01 12:45:00,140.66074808031976,2.0574431421598325,0.8010577279826299,0.9698417723902139,0.26522904024438937,0.2664557505194553,1.0,2.6,0.4,0.8333333333333334,0.8333333333333334,1.25,1.6666666666666667,2.0833333333333335
2023-10-01 12:50:00,140.66055028048143,2.268926813653369,0.8167396796171322,1.1388037321175852,0.2726138349966332,0.4166666666666667,1.0,2.6,0.4,0.8333333333333334,0.8333333333333334,1.25,1.6666666666666667,2.0833333333333335
2023-10-01 12:55:00,140.66041841392757,2.2038695252923226,0.8037029455811292,1.0978638865561035,0.2776517617139962,0.4166666666666667,1.0,2.6,0.4,0.8333333333333334,0.8333333333333334,1.25,1.6666666666666667,2.0833333333333335
2023-10-01 13:00:00,140.66035248065222,2.5347710706461153,0.9324937198943721,1.2174872679206477,0.27765177907231336,0.4166666666666667,0.013928388277184121,0.045512196167620825,0.0116619037896906,0.8333333333333334,0.8333333333333334,1.25,1.074452884029821,1.456709991727935
2023-10-01 13:05:00,140.66015468083208,2.5922547830879665,0.9325134378381765,1.2711252868034528,0.27765179643063514,0.4166666666666667,1.0,2.6,0.4,0.8333333333333334,0.8333333333333334,1.25,1.074452884029821,1.456709991727935
2023-10-01 13:10:00,140.00997000617076,2.387697715771217,0.8771328655021411,1.1611948229925058,0.26950381618225083,0.4166666666666667,1.0,2.6,0.4,0.8333333333333334,0.8333333333333334,1.25,1.074452884029821,1.456709991727935
2023-10-01 13:15:00,140.00990408291096,2.477769628094982,0.9140548102779451,1.1912360662626922,0.26522908022134983,0.4166666666666667,1.0,2.6,0.4,0.8333333333333334,0.8333333333333334,1.25,1.056865175885742,1.4061422403156802
2023-10-01 13:20:00,140.00970631313763,2.2573323636946045,0.824694625958114,1.116691114297024,0.2726138827302146,0.2657054009850722,1.0,2.6,0.4,0.8333333333333334,0.8333333333333334,1.25,1.056865175885742,1.4061422403156802
2023-10-01 13:25:00,141.3097779758837,2.15569070163122,0.8012045149648339,1.0575816579512123,0.27592400212682106,0.4166666666666667,1.0,2.6,0.4,0.8333333333333334,0.8333333333333334,1.25,1.056865175885742,1.4061422403156802
2023-10-01 13:30:00,140.0095085433735,2.8844780509018664,1.0308238053067387,1.402446447378442,0.2776518485056285,0.26571098757367734,0.012083045973594574,0.050205975739945535,0.010965856099730654,0.8333333333333334,0.8333333333333334,1.25,1.6666666666666667,2.0833333333333335
2023-10-01 13:35:00,140.00931077361855,3.0452216500128566,1.0681698784332898,1.5002878649627192,0.2931036111651348,0.4166666666666667,1.0,2.6,0.4,0.8333333333333334,0.8333333333333334,1.25,1.6666666666666667,2.0833333333333335
2023-10-01 13:40:00,140.00924485036896,2.8517804278138135,0.9936230881792542,1.4263452851500182,0.2776518658639689,0.4166666666666667,1.0,2.6,0.4,0.8333333333333334,0.8333333333333334,1.25,1.6666666666666667,2.0833333333333335
2023-10-01 13:45:00,140.0091130038728,2.5972187972685488,0.8772663662365707,1.3571582838982457,0.277651883222314,0.4166666666666667,1.0,2.6,0.4,0.8333333333333334,0.8333333333333334,1.25,1.6666666666666667,2.0833333333333335
2023-10-01 13:50:00,140.0089152341363,2.3272923618871197,0.8065142591972514,1.2077730911189148,0.2695038757927053,0.4166666666666667,1.0,2.6,0.4,0.8333333333333334,0.8333333333333334,1.25,1.6666666666666667,2.0833333333333335
2023-10-01 13:55:00,140.00878338765037,2.2458456334072827,0.8039230865537086,1.1360661472695692,0.2710334812526028,0.4166666666666667,1.0,2.6,0.4,0.8333333333333334,0.8333333333333334,1.25,1.6666666666666667,2.0833333333333335
2023-10-01 14:00:00,140.00865154116855,2.303022620219528,0.7909073971827155,1.2080399680985845,0.27765191793901806,0.4166666666666667,0.013928388277184121,0.05138248728895867,0.4,0.8333333333333334,0.8333333333333334,1.25,1.6666666666666667,2.0833333333333335
2023-10-01 14:05:00,140.00851969469082,2.262354475119876,0.7935302300711943,1.166401154658495,0.26802607627767067,0.4166666666666667,1.0,2.6,0.4,0.8333333333333334,0.8333333333333334,1.25,1.6666666666666667,2.0833333333333335
2023-10-01 14:10:00,140.65844041610418,2.413496693475624,0.8747303994798087,1.1885354004410562,0.2710334966638724,0.4166666666666667,1.0,2.6,0.4,0.8333333333333334,0.8333333333333334,1.25,1.6666666666666667,2.0833333333333335
2023-10-01 14:15:00,141.3084591133709,2.667615436054754,0.8800126198659411,1.419957637094911,0.2776519352973771,0.4166666666666667,1.0,2.6,0.4,0.8333333333333334,0.8333333333333334,1.25,1.6666666666666667,1.356162232183156
2023-10-01 14:20:00,140.6581766831296,2.589773850631294,0.8092352190215851,1.4519456253139238,0.2759241034357096,0.4166666666666667,1.0,2.6,0.4,0.8333333333333334,0.8333333333333334,1.25,1.6666666666666667,1.356162232183156
2023-10-01 14:25:00,140.65804481664838,2.803413251217383,0.8616422296035714,1.5778106534665994,0.27424450315393845,0.4166666666666667,1.0,2.6,0.4,0.8333333333333334,0.8333333333333334,1.25,1.6666666666666667,1.356162232183156
2023-10-01 14:30:00,140.65784701693406,2.721324496143615,0.8590344486217198,1.5028109677787183,0.277651987372482,0.4166666666666667,0.012083045973594574,0.045512196167620825,0.4,0.8333333333333334,0.8333333333333334,1.25,1.6666666666666667,2.0833333333333335
2023-10-01 14:35:00,141.3079315684772,3.3685271659506695,1.0871128400621,1.783552371912474,0.27261402593122386,0.4166666666666667,1.0,2.6,0.4,0.8333333333333334,0.8333333333333334,1.25,1.6666666666666667,2.0833333333333335
2023-10-01 14:40:00,140.65764921722888,4.284172738850745,1.3072507558579376,2.345064915566279,0.27592415409021787,0.26283493963261056,1.0,2.6,0.4,0.8333333333333334,0.8333333333333334,1.25,1.6666666666666667,2.0833333333333335
2023-10-01 14:45:00,141.3076018529509,2.9273001372576233,0.9249722574670742,1.6014039917560292,0.27592415409021787,0.4166666666666667,1.0,2.6,0.4,0.8333333333333334,0.8333333333333334,1.25,1.6666666666666667,2.0833333333333335
2023-10-01 14:50:00,140.6573854843027,2.2347800753451246,0.8224127264280389,1.0993186735914764,0.27103357372029535,0.263543204862977,1.0,2.6,0.4,0.8333333333333334,0.8333333333333334,1.25,1.6666666666666667,2.0833333333333335
2023-10-01 14:55:00,140.65725361784564,2.672589277417106,1.0072168927745442,1.2376410494666275,0.2759241878599137,0.26812291817136324,1.0,2.6,0.4,0.8333333333333334,0.8333333333333334,1.25,1.6666666666666667,2.0833333333333335
2023-10-01 15:00:00,140.6570558181676,2.8453127893622487,1.0072372030776366,1.400074145113954,0.27424456876375114,0.2628451579160858,0.012083045973594574,0.043174066289845804,0.0116619037896906,0.8333333333333334,0.8333333333333334,1.25,1.6666666666666667,2.0833333333333335
2023-10-01 15:05:00,140.65692395172067,2.7056569741994174,0.938274615358972,1.3695216121924507,0.2812488777904492,0.266535739087489,1.0,2.6,0.4,0.8333333333333334,0.8333333333333334,1.25,1.6666666666666667,2.0833333333333335
2023-10-01 15:10:00,140.65685801849872,2.4352223368846575,0.8303377752620604,1.273755284699672,0.27424460156868646,0.26355367312859596,1.0,2.6,0.4,0.8333333333333334,0.8333333333333334,1.25,1.6666666666666667,2.0833333333333335
2023-10-01 15:15:00,141.95712347814413,2.251601654764752,0.7212287986771149,1.2631834984894448,0.2639117916553568,0.26216677030598146,1.0,2.6,0.4,0.8333333333333334,0.8333333333333334,1.25,1.0685280763742242,1.455684031649726
2023-10-01 15:20:00,282.21716317893754,3.0104655880494655,0.9409799589975929,1.6575013041344444,0.27765209152281733,0.26895922510121045,1.0,2.6,0.4,0.8333333333333334,0.8333333333333334,1.25,1.0685280763742242,1.455684031649726
2023-10-01 15:25:00,146.5110550519015,3.7751899764683112,1.1944708572107827,2.0172908530486513,0.2776521088812228,0.2908740440124526,1.0,2.6,0.4,0.8333333333333334,0.8333333333333334,1.25,1.0685280763742242,1.455684031649726
2023-10-01 15:30:00,147.81282581164018,4.609289399473632,1.410028283966336,2.5086364764747415,0.2776521088812228,0.27241245468845776,0.01118033988749895,0.042007618356674305,0.4,0.8333333333333334,0.8333333333333334,1.25,1.6666666666666667,2.0833333333333335
2023-10-01 15:35:00,146.51072496495388,4.260590789628379,1.4235647015194572,2.1453948531161595,0.28311614754221437,0.26578096129315065,1.0,2.6,0.4,0.8333333333333334,0.8333333333333334,1.25,1.6666666666666667,2.0833333333333335
2023-10-01 15:40:00,144.5582602203294,3.262586421819533,1.0873846586202862,1.6805431792433234,0.27765214359804774,0.2673444675574709,1.0,2.6,0.4,0.8333333333333334,0.8333333333333334,1.25,1.6666666666666667,2.0833333333333335
2023-10-01 15:45:00,144.558062248952,2.694207129857916,0.9278500863221087,1.3740923194280756,0.27765214359804774,0.2621817334047321,1.0,2.6,0.4,0.8333333333333334,0.8333333333333334,1.25,1.6666666666666667,1.370526905974487
2023-10-01 15:50:00,143.9073757053252,2.538427740911311,0.8724803690756489,1.3086834568073453,0.2812489874634919,0.4166666666666667,1.0,2.6,0.4,0.8333333333333334,0.8333333333333334,1.25,1.6666666666666667,1.370526905974487
2023-10-01 15:55:00,142.6063444662355,2.7355041646124705,0.864610809355922,1.5080046510091978,0.28124900574234796,0.4166666666666667,1.0,2.6,0.4,0.8333333333333334,0.8333333333333334,1.25,1.6666666666666667,1.370526905974487
2023-10-01 16:00:00,143.90711178038458,2.452654109108014,0.8043821297004754,1.3287148250350014,0.27942738919221966,0.2650395738866191,0.013000000000000001,0.050205975739945535,0.0116619037896906,0.8333333333333334,0.5111125120753747,0.7730095989054728,1.0772187567991935,1.440540176461594
2023-10-01 16:05:00,142.60601465416474,2.1712274962717433,0.7575798830521265,1.1345076622691834,0.27765219567332,0.26504231605456474,1.0,2.6,0.4,0.8333333333333334,0.5111125120753747,0.7730095989054728,1.0772187567991935,1.440540176461594
2023-10-01 16:10:00,142.6059486917535,2.4160540697065245,0.864667676825309,1.2055196742009118,0.28698367893950805,0.2665729409494371,1.0,2.6,0.4,0.8333333333333334,0.5111125120753747,0.7730095989054728,1.0772187567991935,1.440540176461594
2023-10-01 16:15:00,142.60575080452554,2.666116783010686,0.922679920308251,1.3551352543775017,0.2710337124221715,0.2658033773225803,1.0,2.6,0.4,0.8333333333333334,0.5151465810815403,0.7808174178385111,1.0811664996659858,1.4268300529495446
2023-10-01 16:20:00,142.60561887971176,2.711398496858487,0.8831230135591654,1.4570842587760071,0.27765223039019143,0.4166666666666667,1.0,2.6,0.4,0.8333333333333334,0.5151465810815403,0.7808174178385111,1.0811664996659858,1.4268300529495446
2023-10-01 16:25:00,141.95521084651924,2.904805763901367,0.928006567627447,1.5751548325341311,0.27765223039019143,0.4166666666666667,1.0,2.6,0.4,0.8333333333333334,0.5151465810815403,0.7808174178385111,1.0811664996659858,1.4268300529495446
2023-10-01 16:30:00,141.95501298812235,3.164627549521263,1.0076013423579258,1.7059349954947625,0.26522932008412087,0.4166666666666667,0.013928388277184121,0.043174066289845804,0.4,0.8333333333333334,0.5168761940735905,0.7798236723772881,1.0984399164269296,1.4733974345029925
2023-10-01 16:35:00,141.95494703532538,2.937970897504729,0.8963568521125445,1.655053309867377,0.2695041440407568,0.4166666666666667,1.0,2.6,0.4,0.8333333333333334,0.5168761940735905,0.7798236723772881,1.0984399164269296,1.4733974345029925
2023-10-01 16:40:00,141.30450252821905,2.6051028197454444,0.8542726478791133,1.3988957418618344,0.2626495638583483,0.4166666666666667,1.0,2.6,0.4,0.8333333333333334,0.5168761940735905,0.7798236723772881,1.0984399164269296,1.4733974345029925
2023-10-01 16:45:00,143.25539529648475,2.5273187018241785,0.7706973808690588,1.4505327428242059,0.27592440736339846,0.4166666666666667,1.0,2.6,0.4,0.8333333333333334,0.5197730273879168,0.791971817680402,1.1259690271050975,1.5426328143793648
2023-10-01 16:50:00,146.5086784263764,5.022803440421574,1.532172714079094,2.7305374788574275,0.26802632083039635,0.2665958460486014,1.0,2.6,0.4,0.8333333333333334,0.5197730273879168,0.791971817680402,1.1259690271050975,1.5426328143793648
2023-10-01 16:55:00,178.48873299332513,7.026260023119324,1.7357106769750832,4.408177697021496,0.2776522998239901,0.2811319500793128,1.0,2.6,0.4,0.8333333333333334,0.5197730273879168,0.791971817680402,1.1259690271050975,1.5426328143793648
2023-10-01 17:00:00,352.67538987498983,4.507629907395839,0.991770118603147,3.052207103339245,0.2680263352158973,0.3163363616290969,0.014866068747318507,0.047856452020600106,0.010965856099730654,0.8333333333333334,0.5234739726099092,0.7991720715840863,1.1111886653489587,1.462908062729849
2023-10-01 17:05:00,160.84748956871317,3.305820439523304,0.688238045991022,2.340457305296492,0.27765233454091726,0.35043329648206945,1.0,2.6,0.4,0.8333333333333334,0.5234739726099092,0.7991720715840863,1.1111886653489587,1.462908062729849
2023-10-01 17:10:00,147.81011838766398,3.4340746248954455,0.7604055817645032,2.3521688323234557,0.2726143123344359,0.28646259720947864,1.0,2.6,0.4,0.8333333333333334,0.5234739726099092,0.7991720715840863,1.1111886653489587,1.462908062729849
2023-10-01 17:15:00,151.06646456767461,2.601757686991006,0.7500586290679179,1.5536307669404459,0.27765235189938786,0.2673999946181368,1.0,2.6,0.4,0.5100990099970789,0.5246722786654542,0.7971198153351853,1.0959709165849247,1.4365806625456157
2023-10-01 17:20:00,149.11222618016808,2.7784659631132893,0.8570495483729286,1.560738462601857,0.28124922508897,0.26820933630995075,1.0,2.6,0.4,0.5100990099970789,0.5246722786654542,0.7971198153351853,1.0959709165849247,1.4365806625456157
2023-10-01 17:25:00,147.15866237662075,3.1947598157487596,0.9759347959307031,1.7831456801661578,0.28898237642241037,0.2682123189811481,1.0,2.6,0.4,0.5100990099970789,0.5246722786654542,0.7971198153351853,1.0959709165849247,1.4365806625456157
2023-10-01 17:30:00,143.9046704753979,3.2981239190804756,1.029140718742426,1.8028568446018503,0.2812492433678842,0.2629219047380945,0.01772004514666935,0.046683615969631144,0.01345362404707371,0.5121728223949412,0.528432587942871,0.7983463909857675,1.148821243710265,1.6260688792299052
2023-10-01 17:35:00,146.5074901140474,2.828150141784518,0.7734759579117252,1.7368973065524516,0.27765238661634295,0.26584825288936714,1.0,2.6,0.4,0.5121728223949412,0.528432587942871,0.7983463909857675,1.148821243710265,1.6260688792299052
2023-10-01 17:40:00,143.90434056941746,2.97236836865121,0.8099721143849639,1.8209086834136605,0.2910228858996141,0.2615688288198376,1.0,2.6,0.4,0.5121728223949412,0.528432587942871,0.7983463909857675,1.148821243710265,1.6260688792299052
2023-10-01 17:45:00,145.20553912962131,3.186953494646051,0.9071804663525311,1.8805428001314253,0.2869839532421459,0.4166666666666667,1.0,2.6,0.4,0.5132796508726992,0.5274694303938381,0.7947099093379923,1.0834615821523161,1.3988867002012708
2023-10-01 17:50:00,145.20540713060532,3.06328013142997,0.8571629529365508,1.836755716760268,0.27765242133331663,0.4166666666666667,1.0,2.6,0.4,0.5132796508726992,0.5274694303938381,0.7947099093379923,1.0834615821523161,1.3988867002012708
2023-10-01 17:55:00,142.6030463466164,2.968580656593026,0.7943707623600551,1.841385840547817,0.2726144078025268,0.4166666666666667,1.0,2.6,0.4,0.5132796508726992,0.5274694303938381,0.7947099093379923,1.0834615821523161,1.3988867002012708
2023-10-01 18:00:00,142.60291442188188,2.7135780074334392,0.6476833211119223,1.8226127849582618,0.2759245762127776,0.4166666666666667,1.0,2.6,0.4,0.5184293587365592,0.5348831648126533,0.8042587643289938,1.1191542565705588,1.5822136391777186
2023-10-01 18:05:00,142.6028484595161,2.545431583811135,0.6300096116574362,1.686623892104349,0.2626496494917125,0.4166666666666667,1.0,2.6,0.4,0.5184293587365592,0.5348831648126533,0.8042587643289938,1.1191542565705588,1.5822136391777186
2023-10-01 18:10:00,141.95230892424973,2.492278755578386,0.6731348454315741,1.5670067963316567,0.2626496617250722,0.4166666666666667,1.0,2.6,0.4,0.5184293587365592,0.5348831648126533,0.8042587643289938,1.1191542565705588,1.5822136391777186
2023-10-01 18:15:00,141.95217701873716,2.6153634234549354,0.6757026892828433,1.6823960408316632,0.2626496617250722,0.4166666666666667,1.0,2.6,0.4,0.5225935322982863,0.5438713083073973,0.8179467953357358,1.1615855543178901,1.709402234700774
2023-10-01 18:20:00,142.6024526853418,2.6154714103362346,0.6325809393330638,1.7508277799375753,0.268026450300091,0.4166666666666667,1.0,2.6,0.4,0.5225935322982863,0.5438713083073973,0.8179467953357358,1.1615855543178901,1.709402234700774
2023-10-01 18:25:00,143.25269045060122,2.779889744206761,0.6325972182984152,1.9117510594869607,0.2710339435928647,0.4166666666666667,1.0,2.6,0.4,0.5225935322982863,0.5438713083073973,0.8179467953357358,1.1615855543178901,1.709402234700774
2023-10-01 18:30:00,143.25255850694063,3.0188164776810575,0.737392810955711,1.9796024397965937,0.2626496861918081,0.2682511218515073,1.0,0.050205975739945535,0.4,0.5271517807994203,0.5482928049865328,0.8160432341487797,1.1400685286420287,1.5161345586721517
2023-10-01 18:35:00,143.9029549645567,2.755439374691482,0.6911065317349987,1.7946770223919422,0.2626496861918081,0.2682541075980198,1.0,2.6,0.4,0.5271517807994203,0.5482928049865328,0.8160432341487797,1.1400685286420287,1.5161345586721517
2023-10-01 18:40:00,144.55337692879388,2.259990684475882,0.567753814349521,1.5090808103670597,0.2666012437000435,0.265127421773336,1.0,2.6,0.4,0.5271517807994203,0.5482928049865328,0.8160432341487797,1.1400685286420287,1.5161345586721517
2023-10-01 18:45:00,147.80754303450536,2.0041062323132794,0.4531418868828115,1.4511743095840095,0.277652542842871,0.2682600797497401,1.0,2.6,0.4,0.5374095272694744,0.564485606548121,0.8420426592518933,1.137199300914312,1.472339634731063
2023-10-01 18:50:00,180.44781957828107,2.788661809207529,0.686040280541777,1.8351455413033977,0.27765256020139734,0.2791866195822806,1.0,2.6,0.4,0.5374095272694744,0.564485606548121,0.8420426592518933,1.137199300914312,1.472339634731063
2023-10-01 18:55:00,209.27226899429053,4.410735579063429,1.0614892464450256,2.8476868957742565,0.27765257755992834,0.3277891175072481,1.0,2.6,0.4,0.5374095272694744,0.564485606548121,0.8420426592518933,1.137199300914312,1.472339634731063
2023-10-01 19:00:00,223.7079027155715,4.9012845189016,0.9736593086146907,3.4717303447351084,0.27765257755992834,0.3192319346086326,0.024515301344262524,0.043174066289845804,0.010965856099730654,0.5442655601817922,0.5795248053362341,0.8566773021389092,1.2925792045364184,1.9296113598338915
2023-10-01 19:05:00,248.01157596423914,4.473281480846024,0.8128983121001284,3.2995504244861715,0.27592471129262197,0.30836951664143947,1.0,2.6,0.4,0.5442655601817922,0.5795248053362341,0.8566773021389092,1.2925792045364184,1.9296113598338915
2023-10-01 19:10:00,223.0511001482394,2.8425826672445043,0.6682413610580489,1.9162042186089863,0.27765261227700433,0.3683386863114435,1.0,2.6,0.4,0.5442655601817922,0.5795248053362341,0.8566773021389092,1.2925792045364184,1.9296113598338915
2023-10-01 19:15:00,230.92983218830602,2.2240501684221745,0.7272260117522503,1.2283374850515583,0.26660129913951497,0.45546543818591834,1.0,2.6,0.4,0.5462600113499065,0.5846443363276514,0.8697425826070607,1.300215751327448,1.9265658566475221
2023-10-01 19:20:00,289.4469193785866,1.7750605131935755,0.49997632418489174,1.1544214443475433,0.26660129913951497,0.46491292544838503,1.0,2.6,0.4,0.5462600113499065,0.5846443363276514,0.8697425826070607,1.300215751327448,1.9265658566475221
2023-10-01 19:25:00,342.127200523622,1.7350874265543013,0.5215447688644254,1.0832603041530382,0.27765264699409886,0.5449276592107983,1.0,2.6,0.4,0.5462600113499065,0.5846443363276514,0.8697425826070607,1.300215751327448,1.9265658566475221
2023-10-01 19:30:00,232.24281820108524,2.9377269728504944,0.8970306572777715,1.6537937685144977,0.27765264699409886,0.43870454064085157,0.0304138126514911,0.05138248728895867,0.020591260281974,0.5520470994398938,0.5941725338653748,0.886588878793322,1.3314056481778949,1.9296113598338915
2023-10-01 19:35:00,164.10681480593465,3.984171088172376,1.0030291949864083,2.5162125451852178,0.27942788824051784,0.31375036272681667,1.0,2.6,0.4,0.5520470994398938,0.5941725338653748,0.886588878793322,1.3314056481778949,1.9296113598338915
2023-10-01 19:40:00,164.10668236996025,4.536461113548947,1.1097861341808708,2.897474919570338,0.2710340668843609,0.27724884241267467,1.0,2.6,0.4,0.5520470994398938,0.5941725338653748,0.886588878793322,1.3314056481778949,1.9296113598338915
2023-10-01 19:45:00,158.2332229023491,4.482566770712505,1.2736068070013127,2.592006835467653,0.28698430591817836,0.26996112160401015,1.0,2.6,0.4,0.55162396612185,0.5872512239237991,0.8821379483958277,1.218366119029908,1.6222379603498371
2023-10-01 19:50:00,164.75929133245143,3.590845323558835,1.0084108940631653,2.1205135261131915,0.2776526990697755,0.2691234773879174,1.0,2.6,0.4,0.55162396612185,0.5872512239237991,0.8821379483958277,1.218366119029908,1.6222379603498371
2023-10-01 19:55:00,197.46997750872504,4.163058014005839,1.0510630973424282,2.6186676134117035,0.2850287039491285,0.28550085689068677,1.0,2.6,0.4,0.55162396612185,0.5872512239237991,0.8821379483958277,1.218366119029908,1.6222379603498371
2023-10-01 20:00:00,211.89393183933558,7.381718374236478,1.6470302193875852,4.8988596641200175,0.28311684039773843,0.32496414600055556,0.034365680554879166,0.08221046162137761,0.021914607000811125,0.5474751135896498,0.5883026432033092,0.8783688519067602,1.3605169054443975,2.017809703614293
2023-10-01 20:05:00,160.18983492265048,6.818857743311729,1.351893426767194,4.793332717809372,0.26802660854139737,0.3165180960979682,1.0,2.6,0.4,0.5474751135896498,0.5883026432033092,0.8783688519067602,1.3605169054443975,2.017809703614293
2023-10-01 20:10:00,177.17490963297683,6.30208521656512,1.3411201303430302,4.294884673554528,0.2626497840589713,0.2888320423481807,1.0,2.6,0.4,0.5474751135896498,0.5883026432033092,0.8783688519067602,1.3605169054443975,2.017809703614293
2023-10-01 20:15:00,198.12470140498107,6.635684997189816,1.592828798217197,4.238883363683104,0.2759248632578092,0.3007309816692487,1.0,2.6,0.4,0.5458580401532984,0.5830951894845301,0.8734104189898355,1.2392836640575877,1.6863937855672975
2023-10-01 20:20:00,196.81389336784173,8.717559826842574,2.088051463303586,5.553096642605151,0.28502878060493536,0.3058273388520475,1.0,2.6,0.4,0.5458580401532984,0.5830951894845301,0.8734104189898355,1.2392836640575877,1.6863937855672975
2023-10-01 20:25:00,192.22797581061445,6.861100584362174,1.6960438370182196,4.304640390312695,0.2973880878955386,0.3019959096971204,1.0,2.6,0.4,0.5458580401532984,0.5830951894845301,0.8734104189898355,1.2392836640575877,1.6863937855672975
2023-10-01 20:30:00,295.3679231868355,9.281408768497023,1.9164147790361503,6.379643820750388,0.3111353925794388,0.3179271763422586,0.032388269481403296,0.04903060268852505,0.01345362404707371,0.5550504481576427,0.596888599321515,0.8943510720069607,1.246409242584473,1.6703784002434898
2023-10-01 20:35:00,233.5541592541679,5.602843715680509,1.0378928905095721,4.069648016040588,0.3286949370149891,0.3124543039419827,1.0,2.6,0.4,0.5550504481576427,0.596888599321515,0.8943510720069607,1.246409242584473,1.6703784002434898
2023-10-01 20:40:00,167.37013056565814,5.511368193855685,1.3412579470243595,3.5077062235021805,0.3339794199287494,0.3045558619356686,1.0,2.6,0.4,0.5550504481576427,0.596888599321515,0.8943510720069607,1.246409242584473,1.6703784002434898
2023-10-01 20:45:00,177.17391468820983,8.242500457923953,1.954631398822598,5.284136508856547,0.356155451383862,0.2934705704461579,1.0,2.6,0.4,0.5815573918367817,0.6359630492410703,0.9442017581004603,1.4391751109576625,2.2476485490396403
2023-10-01 20:50:00,161.4936933149905,9.298718802939879,2.2410214766337213,5.898137494626666,0.37374710045361903,0.2946590212343564,1.0,2.6,0.4,0.5815573918367817,0.6359630492410703,0.9442017581004603,1.4391751109576625,2.2476485490396403
2023-10-01 20:55:00,163.45168523064268,5.924088504187817,1.416966600702847,3.80140134071035,0.35046553748983134,0.27262486083318266,1.0,2.6,0.4,0.5815573918367817,0.6359630492410703,0.9442017581004603,1.4391751109576625,2.2476485490396403
2023-10-01 21:00:00,163.45155280730575,3.820317777499498,1.1315460229170087,2.1572235464579137,0.34765562302145075,0.271738861370218,0.037336309405188936,0.06438136376312636,0.015620499351813309,0.6007403765354881,0.6575173001526271,0.9582238569353196,1.3534193732912203,1.8604795080838703
2023-10-01 21:05:00,158.23097351450494,4.276824051678352,1.2255201508698381,2.4626332414785432,0.3476556784748028,0.2753924129764965,1.0,2.6,0.4,0.6007403765354881,0.6575173001526271,0.9582238569353196,1.3534193732912203,1.8604795080838703
2023-10-01 21:10:00,154.3183101196865,5.7953368932405,1.3683947553219813,3.7482158857753025,0.3421087276873235,0.2726346887289134,1.0,2.6,0.4,0.6007403765354881,0.6575173001526271,0.9582238569353196,1.3534193732912203,1.8604795080838703
2023-10-01 21:15:00,155.62204574134898,5.39152643315514,1.4143570180671723,3.2761536760865146,0.3476557339281642,0.27263796511019006,1.0,2.6,0.4,0.596888599321515,0.6653728278191108,0.9935202866574995,1.3997929311151702,1.918967430677238
2023-10-01 21:20:00,158.23051040534457,5.908079068908406,1.5524719391107633,3.5770315164254276,0.33132352293638395,0.2726412416994708,1.0,2.6,0.4,0.596888599321515,0.6653728278191108,0.9935202866574995,1.3997929311151702,1.918967430677238
2023-10-01 21:25:00,151.71107613904124,3.920412224153018,0.9662750189048805,2.510216375192013,0.3111356538537313,0.26167868335751493,1.0,2.6,0.4,0.596888599321515,0.6653728278191108,0.9935202866574995,1.3997929311151702,1.918967430677238
2023-10-01 21:30:00,149.10535681639305,2.9815966795320046,0.7899432023582944,1.8609747289979397,0.30875569610443115,0.261025524587288,0.03634556369077249,0.058461611335986964,0.0116619037896906,0.6310507111159926,0.7271753571182126,1.0794892125445257,1.669201081355988,2.667065053574809
2023-10-01 21:35:00,149.10515866180464,2.660749050769635,0.7509858906991755,1.6092058924829877,0.2973883472019728,0.4166666666666667,1.0,2.6,0.4,0.6310507111159926,0.7271753571182126,1.0794892125445257,1.669201081355988,2.667065053574809
2023-10-01 21:40:00,147.15172964257158,2.5418625231726293,0.6764007286652874,1.609918883453957,0.3159958227625393,0.4166666666666667,1.0,2.6,0.4,0.6310507111159926,0.7271753571182126,1.0794892125445257,1.669201081355988,2.667065053574809
2023-10-01 21:45:00,145.84973779050102,2.325097956298142,0.6687666102481785,1.4128257037296046,0.29958813123427425,0.2610326752898955,1.0,2.6,0.4,0.6713449188010586,0.7703220105903764,1.117176798899798,1.5368438437264862,2.250974011400398
2023-10-01 21:50:00,147.80252440137778,2.304790145472003,0.6764345899555776,1.381600551695207,0.29102370291151664,0.2610350636553766,1.0,2.6,0.4,0.6713449188010586,0.7703220105903764,1.117176798899798,1.5368438437264862,2.250974011400398
2023-10-01 21:55:00,146.5003602461441,10.5994682322715,2.4490055133915356,6.8773709908701255,0.3018256230638268,0.2823951485861046,1.0,2.6,0.4,0.6713449188010586,0.7703220105903764,1.117176798899798,1.5368438437264862,2.250974011400398
2023-10-01 22:00:00,150.4071311891934,8.061064240773664,1.4849263712066472,5.826870757774161,0.30409994650921673,0.2783291537143203,0.03634556369077249,0.059644278853885055,0.4,0.7163581506481238,0.8408186486989927,1.2229701549915273,1.7667462324850167,2.6812094285974752
2023-10-01 22:05:00,144.5478337391607,5.534372874939909,1.0569368619897728,3.9716531673051363,0.31847455745285974,0.2644974697378032,1.0,2.6,0.4,0.7163581506481238,0.8408186486989927,1.2229701549915273,1.7667462324850167,2.6812094285974752
2023-10-01 22:10:00,144.547701758535,2.632766102301549,0.5882298823493062,1.839215803367693,0.3184746068894303,0.4166666666666667,1.0,2.6,0.4,0.7163581506481238,0.8408186486989927,1.2229701549915273,1.7667462324850167,2.6812094285974752
2023-10-01 22:15:00,143.8969506816247,2.3911156321840608,0.6057088469873871,1.5753450973139504,0.2952272607963253,0.4166666666666667,1.0,2.6,0.4,0.7279017790883603,0.8408186486989927,1.1844923976117363,1.7139614931497147,2.516417294488337
2023-10-01 22:20:00,145.19808119096362,2.158719963101488,0.5244825637090299,1.4813146348738182,0.29738852007323163,0.4166666666666667,1.0,2.6,0.4,0.7279017790883603,0.8408186486989927,1.1844923976117363,1.7139614931497147,2.516417294488337
2023-10-01 22:25:00,145.19794919215468,2.0816172417496475,0.5005174614622876,1.4462384653369538,0.2952272820192582,0.4166666666666667,1.0,2.6,0.4,0.7279017790883603,0.8408186486989927,1.1844923976117363,1.7139614931497147,2.516417294488337
2023-10-01 22:30:00,144.5471078457655,2.2159205313956414,0.5076892010526708,1.5645614453131298,0.3041000828106672,0.2610541339516561,0.03832753579347361,0.047856452020600106,0.0116619037896906,0.7330047748821286,0.8496875896469244,1.2324706893066464,1.6488544508233587,2.2194720092850915
2023-10-01 22:35:00,144.54697586516028,2.4815777639072163,0.5293646829797264,1.7878963879870169,0.3209847157255766,0.2610565180134831,1.0,2.6,0.4,0.7330047748821286,0.8496875896469244,1.2324706893066464,1.6488544508233587,2.2194720092850915
2023-10-01 22:40:00,145.84835161443235,2.12254429199577,0.47228632333470794,1.5333825799720286,0.30641046441259173,0.4166666666666667,1.0,2.6,0.4,0.7330047748821286,0.8496875896469244,1.2324706893066464,1.6488544508233587,2.2194720092850915
2023-10-01 22:45:00,145.84815358931223,1.8153302355827252,0.4653282524304104,1.2489184254094339,0.2973886065089518,0.2610612998197981,1.0,2.6,0.4,0.7447845325998653,0.8790500554575946,1.2544844997049585,1.7042300314218148,2.311197957769953
2023-10-01 22:50:00,147.14981488916408,1.8274941947976298,0.5101411199964251,1.1875838944892585,0.2931055065396685,0.26172030001579694,1.0,2.6,0.4,0.7447845325998653,0.8790500554575946,1.2544844997049585,1.7042300314218148,2.311197957769953
2023-10-01 22:55:00,146.4987098152425,1.98900840817984,0.5415729962011476,1.2906667683458883,0.2869848741213218,0.2684096688088833,1.0,2.6,0.4,0.7447845325998653,0.8790500554575946,1.2544844997049585,1.7042300314218148,2.311197957769953
2023-10-01 23:00:00,145.8477575390964,1.8035763231890483,0.5221891298096828,1.1460623624705806,0.285029221377159,0.2660311346990228,0.03832753579347361,0.045512196167620825,0.4,0.7552191734854194,0.8955718843286674,1.2796305091705182,1.8669098130332917,2.7202124916998676
2023-10-01 23:05:00,145.19689320181547,1.707475133801667,0.47937015202034317,1.1239822400778732,0.2952274305798971,0.4166666666666667,1.0,2.6,0.4,0.7552191734854194,0.8955718843286674,1.2796305091705182,1.8669098130332917,2.7202124916998676
2023-10-01 23:10:00,144.5459860107395,1.6756157489650376,0.4470145880084145,1.1468703047627113,0.2776531503940594,0.26107323263957233,1.0,2.6,0.4,0.7552191734854194,0.8955718843286674,1.2796305091705182,1.8669098130332917,2.7202124916998676
2023-10-01 23:15:00,143.89530115471194,1.367859605461476,0.4004987652806283,0.938603949310724,0.28502927886935575,0.4166666666666667,1.0,2.6,0.4,0.7522260298607062,0.8864671454712804,1.2602634010396396,1.8190327787041112,2.630037262093448
2023-10-01 23:20:00,144.54578803988045,1.294323201701675,0.4157104025099006,0.8484985383842378,0.27942842293909076,0.4166666666666667,1.0,2.6,0.4,0.7522260298607062,0.8864671454712804,1.2602634010396396,1.8190327787041112,2.630037262093448
2023-10-01 23:25:00,143.89503723046056,1.5843712085741732,0.4747469466791393,1.0171154484929974,0.27765318511144216,0.2610803978183353,1.0,2.6,0.4,0.7522260298607062,0.8864671454712804,1.2602634010396396,1.8190327787041112,2.630037262093448
2023-10-01 23:30:00,145.84696543876242,1.5132278093686902,0.4562218131740814,0.9811397250274585,0.2695048146680908,0.2610827845317079,0.03832753579347361,0.04084311447478021,0.4,0.7665252768174055,0.9172573248549178,1.3277196089536376,1.9127284830837856,2.836303227794941
2023-10-01 23:35:00,145.19603520983762,1.800264155482403,0.48650830537491047,1.1998322644041006,0.2812501755984409,0.26108517148585253,1.0,2.6,0.4,0.7665252768174055,0.9172573248549178,1.3277196089536376,1.9127284830837856,2.836303227794941
2023-10-01 23:40:00,147.79948681008085,1.6124700659730837,0.4425511598676208,1.0949397033171504,0.2794284764091738,0.26529275788668605,1.0,2.6,0.4,0.7665252768174055,0.9172573248549178,1.3277196089536376,1.9127284830837856,2.836303227794941
2023-10-01 23:45:00,146.49738947092274,2.4421298569729823,0.6311310475793037,1.5844538531958243,0.2831174583550268,0.26843964421063116,1.0,2.6,0.4,0.7688016649305593,0.9155812361554818,1.311921095188274,1.9216870192619815,2.8884798770287463
2023-10-01 23:50:00,145.1956392135924,1.9335245820237719,0.4936414164510745,1.3150747694555986,0.2776532371875512,0.2684426437749707,1.0,2.6,0.4,0.7688016649305593,0.9155812361554818,1.311921095188274,1.9216870192619815,2.8884798770287463
2023-10-01 23:55:00,145.19550721485132,1.5690951496098404,0.5127307845733488,0.9452560502077179,0.26802695379732716,0.26530105567784734,1.0,2.6,0.4,0.7688016649305593,0.9155812361554818,1.311921095188274,1.9216870192619815,2.8884798770287463
2023-10-02 00:15:00,143.89371760942947,1.7569219495512909,0.4819169998312988,1.1663372207130887,0.2812502669942197,0.26243731862846337,1.0,2.6,0.4,0.7733692520394123,0.9256570639281051,1.3267295730479514,1.8555239152325684,2.6441255643406953
2023-10-02 00:20:00,143.89358564734707,1.6809987675243143,0.4403945755549761,1.1630083187950053,0.2695048891828744,0.2611066778918142,1.0,2.6,0.4,0.7733692520394123,0.9256570639281051,1.3267295730479514,1.8555239152325684,2.6441255643406953
2023-10-02 00:25:00,143.89338770423052,1.8535656488853913,0.5128201340396485,1.207929949301845,0.2759253866963906,0.26110907374778536,1.0,2.6,0.4,0.7733692520394123,0.9256570639281051,1.3267295730479514,1.8555239152325684,2.6441255643406953
2023-10-02 00:30:00,144.54387432200716,1.857694638016052,0.5589993291499359,1.1395040672612462,0.2680270113402715,0.2660819343980042,0.0422965719651132,0.045512196167620825,0.4,0.7642538845174424,0.9097252332435327,1.3217846118032999,1.868176651176221,2.6247597985339532
2023-10-02 00:35:00,144.54374234149296,1.7934395800273126,0.5297272978415403,1.1248150456541242,0.2759254035815819,0.266084761744525,1.0,2.6,0.4,0.7642538845174424,0.9097252332435327,1.3217846118032999,1.868176651176221,2.6247597985339532
2023-10-02 00:40:00,145.194253226994,1.4594476602978363,0.44725981345763777,0.9463980666750422,0.275925420466778,0.2645811797402365,1.0,2.6,0.4,0.7642538845174424,0.9097252332435327,1.3217846118032999,1.868176651176221,2.6247597985339532
2023-10-02 00:45:00,145.19412122829135,1.498905276734879,0.4359482500649984,1.0003797254695832,0.2680270257260205,0.2653286821083684,1.0,2.6,0.4,0.7703220105903764,0.9231337931199356,1.3237615495246868,1.851734929734815,2.6194854456553105
2023-10-02 00:50:00,144.54341239022378,2.6033918067008766,0.6212678734861672,1.757127825780219,0.26391245640490285,0.27650041428065736,1.0,2.6,0.4,0.7703220105903764,0.9231337931199356,1.3237615495246868,1.851734929734815,2.6194854456553105
2023-10-02 00:55:00,144.5432144194734,1.9227351550063196,0.5297880339885152,1.2464088051033466,0.27103462170005155,0.26112341498302066,1.0,2.6,0.4,0.7703220105903764,0.9231337931199356,1.3237615495246868,1.851734929734815,2.6194854456553105
2023-10-02 01:00:00,143.8924639697988,1.7097694438316984,0.48439719222655125,1.1180749308588307,0.2626500898961217,0.4166666666666667,0.0422965719651132,0.04903060268852505,0.4,0.7612332099954653,0.9139064503547396,1.3060201529838655,1.935796024895185,2.8094049191955226
2023-10-02 01:05:00,143.8923320077522,1.7298777490831703,0.47971243853210815,1.1444484363521021,0.26660178423847397,0.2611282038185087,1.0,2.6,0.4,0.7612332099954653,0.9139064503547396,1.3060201529838655,1.935796024895185,2.8094049191955226
2023-10-02 01:10:00,143.89220004570933,2.1297309165162246,0.5542131746295592,1.4051768111313263,0.27765341077488337,0.2676787590095772,1.0,2.6,0.4,0.7612332099954653,0.9139064503547396,1.3060201529838655,1.935796024895185,2.8094049191955226
2023-10-02 01:15:00,145.84412708030177,2.6203531186073175,0.6745802685987415,1.68901675299986,0.2776534281336422,0.4166666666666667,1.0,2.6,0.4,0.7552191734854194,0.9047187408250147,1.3129058458244447,1.878323720768068,2.656470590840411
2023-10-02 01:20:00,144.54248852679356,3.548775077564019,0.8957398940292753,2.253145215511969,0.2776534454924056,0.26113537913094087,1.0,2.6,0.4,0.7552191734854194,0.9047187408250147,1.3129058458244447,1.878323720768068,2.656470590840411
2023-10-02 01:25:00,145.8437970387288,3.5074873855124484,0.8904828334300572,2.22066038044563,0.26265011436324204,0.2611377778840263,1.0,2.6,0.4,0.7552191734854194,0.9047187408250147,1.3129058458244447,1.878323720768068,2.656470590840411
2023-10-02 01:30:00,144.54229055608218,4.013320127932503,0.9725600582938546,2.5922919114923606,0.2695050084067925,0.2661158389295891,1.0,2.6,0.4,0.7688016649305593,0.9231337931199356,1.313890954379396,1.999090042994562,3.1175689246590843
2023-10-02 01:35:00,144.5420925853792,3.77700553804907,0.9116424764848001,2.453517029718474,0.2726152511116753,0.26114256311133244,1.0,2.6,0.4,0.7688016649305593,0.9231337931199356,1.313890954379396,1.999090042994562,3.1175689246590843
2023-10-02 01:40:00,144.54196060491518,2.3668548137585965,0.5641389635415467,1.618622742237801,0.274245848170526,0.4166666666666667,1.0,2.6,0.4,0.7688016649305593,0.9231337931199356,1.313890954379396,1.999090042994562,3.1175689246590843
2023-10-02 01:45:00,145.19253724414642,1.8551878761664544,0.486882646606108,1.251354451959617,0.26950502330980514,0.4166666666666667,1.0,2.6,0.4,0.746268048357961,0.8997244022477106,1.311921095188274,1.901233546937356,2.9155541497286586
2023-10-02 01:50:00,145.19233924616546,1.9359782181664582,0.5348066762759291,1.2510011332955828,0.2626501388303843,0.26612714508942226,1.0,2.6,0.4,0.746268048357961,0.8997244022477106,1.311921095188274,1.901233546937356,2.9155541497286586
2023-10-02 01:55:00,145.843004939046,1.93203974045242,0.49875273054461006,1.3052832972199842,0.271034714169963,0.4166666666666667,1.0,2.6,0.4,0.746268048357961,0.8997244022477106,1.311921095188274,1.901233546937356,2.9155541497286586
2023-10-02 02:00:00,145.84287292244488,1.811227251088252,0.4452014158132045,1.278853354625883,0.26391253310771545,0.26115453689569035,1.0,0.058461611335986964,0.4,0.7366688536920778,0.8914280677654255,1.3070027390942989,1.8707113620224791,2.6511778514464095
2023-10-02 02:05:00,146.49356047441404,1.9929137887866977,0.479883722484892,1.3949577865028278,0.2831178328769193,0.26181603447854324,1.0,2.6,0.4,0.7366688536920778,0.8914280677654255,1.3070027390942989,1.8707113620224791,2.6511778514464095
2023-10-02 02:10:00,145.84260888925346,2.086283174993422,0.5275929037316484,1.4063200599856753,0.2812505594614631,0.2618184939851552,1.0,2.6,0.4,0.7366688536920778,0.8914280677654255,1.3070027390942989,1.8707113620224791,2.6511778514464095
2023-10-02 02:15:00,145.84247687266318,1.831640223734853,0.4775686421160094,1.244212889521017,0.2759256230895,0.2611617266594019,1.0,2.6,0.4,0.7388748202503588,0.9022200396798998,1.3525809994229552,1.9063391618492236,2.6812094285974752
2023-10-02 02:20:00,145.84227884778454,3.686865427775252,0.9435761429785314,2.314959113486275,0.27592563997475766,0.27374646978314515,1.0,2.6,0.4,0.7388748202503588,0.9022200396798998,1.3525809994229552,1.9063391618492236,2.6812094285974752
2023-10-02 02:25:00,150.39986371494896,4.542190418085835,1.0446651563707867,3.0041383060908924,0.2850297963008668,0.2719485234459888,1.0,2.6,0.4,0.7388748202503588,0.9022200396798998,1.3525809994229552,1.9063391618492236,2.6812094285974752
2023-10-02 02:30:00,165.40083453031235,5.97456630243573,1.361776406137753,3.936781140710539,0.2776536017214857,0.27467703057986487,0.05124451190127583,0.053738626703703544,0.4,0.7344685153224746,0.9038855015985157,1.3277196089536376,2.0120924432043372,2.9771301617497343
2023-10-02 02:35:00,148.445808616887,7.551437282740731,1.7441789237564256,4.91853229792073,0.2812506142991987,0.2775431284141492,1.0,2.6,0.4,0.7344685153224746,0.9038855015985157,1.3277196089536376,2.0120924432043372,2.9771301617497343
2023-10-02 02:40:00,145.84175078148124,6.546051813018788,1.5133785259055985,4.2719630889239415,0.2759256737452871,0.26937400096089825,1.0,2.6,0.4,0.7344685153224746,0.9038855015985157,1.3277196089536376,2.0120924432043372,2.9771301617497343
2023-10-02 02:45:00,146.49243818290282,4.093966172344667,0.9967841340278483,2.6344355012513097,0.27592569063055894,0.26251292659994174,1.0,2.6,0.4,0.7366688536920778,0.9072204803684715,1.3555783415206957,1.9473677105261862,2.775425012498086
2023-10-02 02:50:00,145.84148674835131,1.8565059716786725,0.5204671294919312,1.1985431892383,0.2680272127412278,0.4166666666666667,1.0,2.6,0.4,0.7366688536920778,0.9072204803684715,1.3555783415206957,1.9473677105261862,2.775425012498086
2023-10-02 02:55:00,146.49224013148648,1.6043862315229793,0.4918099634767163,1.0089071430498444,0.27424599579627323,0.4166666666666667,1.0,2.6,0.4,0.7366688536920778,0.9072204803684715,1.3555783415206957,1.9473677105261862,2.775425012498086
2023-10-02 03:00:00,146.49204208007808,1.748204543853546,0.5350196154991929,1.0746497733931135,0.2695051574371476,0.2661667605016313,0.05124451190127583,0.053738626703703544,0.4,0.7293565657481943,0.8831670283700588,1.2952358858524575,1.7544008236432174,2.383988255004626
2023-10-02 03:05:00,147.79387387447903,1.909237686266953,0.5619418657641635,1.1832134797861984,0.27765367115675327,0.2669497497389711,1.0,2.6,0.4,0.7293565657481943,0.8831670283700588,1.2952358858524575,1.7544008236432174,2.383988255004626
2023-10-02 03:10:00,147.14275011575697,2.3197254074465916,0.624244306519081,1.476992214353899,0.27765368851558175,0.26617241352572923,1.0,2.6,0.4,0.7293565657481943,0.8831670283700588,1.2952358858524575,1.7544008236432174,2.383988255004626
2023-10-02 03:15:00,147.79354370199206,1.8368786827577124,0.5350650750226831,1.1571147237673574,0.2710348528751675,0.2685657898170623,1.0,2.6,0.4,0.7344685153224746,0.8914280677654255,1.3237615495246868,1.8719792333249854,2.7932962606927325
2023-10-02 03:20:00,147.14241998640512,3.294972632313818,0.793828479893685,2.1623243454209433,0.27765370587441496,0.2693985239637323,1.0,2.6,0.4,0.7344685153224746,0.8914280677654255,1.3237615495246868,1.8719792333249854,2.7932962606927325
2023-10-02 03:25:00,147.14235396053735,3.605503075454078,0.8435721557628936,2.3904947548060735,0.2726154579631959,0.2702475313592564,1.0,2.6,0.4,0.7344685153224746,0.8914280677654255,1.3237615495246868,1.8719792333249854,2.7932962606927325
2023-10-02 03:30:00,147.79314749503646,1.857317907863601,0.5497456391505515,1.1534308789721537,0.26802727028454426,0.2677612767236014,0.05223983154643591,0.04903060268852505,0.4,0.7425638019725982,0.9022200396798998,1.3188218378537715,1.894858899760085,2.6882894189428344
2023-10-02 03:35:00,147.7930154260582,1.6409915072315386,0.5254302715470776,0.991050188170547,0.27424607781074606,0.2625381834308622,1.0,2.6,0.4,0.7425638019725982,0.9022200396798998,1.3188218378537715,1.894858899760085,2.6882894189428344
2023-10-02 03:40:00,147.7929493915704,1.4472062509947148,0.46152405696133303,0.9133649457733624,0.27942904675928004,0.2632360803846255,1.0,2.6,0.4,0.7425638019725982,0.9022200396798998,1.3188218378537715,1.894858899760085,2.6882894189428344
2023-10-02 03:45:00,147.79275128811216,1.2569396982027106,0.39475894147998325,0.8485954134767798,0.26523017294352247,0.2632386659830623,1.0,2.6,0.4,0.7366688536920778,0.8964016956699714,1.3297007182069205,1.8190327787041112,2.5251011860913617
2023-10-02 03:50:00,147.79261921914429,2.283821362814801,0.6118068622295535,1.461976602470892,0.27261550569828014,0.26941691272796336,1.0,2.6,0.4,0.7366688536920778,0.8964016956699714,1.3297007182069205,1.8190327787041112,2.5251011860913617
2023-10-02 03:55:00,148.44362919760522,8.19663477422266,1.6657489464204334,5.682940924215772,0.28898433776489213,0.2858790780535077,1.0,2.6,0.4,0.7366688536920778,0.8964016956699714,1.3297007182069205,1.8190327787041112,2.5251011860913617
2023-10-02 04:00:00,149.0945904281247,4.440576132623017,0.7887589753587138,3.305456491636347,0.26660201986028925,0.272903870678468,0.05024937810560445,0.047856452020600106,0.4,0.7396113844445609,0.8889460051094217,1.2971933394833632,1.7778920102188434,2.4524681445433703
2023-10-02 04:05:00,151.04849188020555,2.842006945560819,0.6370424189909264,1.9655881282216254,0.27592585948353776,0.2685958707957515,1.0,2.6,0.4,0.7396113844445609,0.8889460051094217,1.2971933394833632,1.7778920102188434,2.4524681445433703
2023-10-02 04:10:00,147.79209094330776,3.395380957446615,0.809681526070796,2.2363470973474513,0.2794291180533717,0.2729104486657821,1.0,2.6,0.4,0.7396113844445609,0.8889460051094217,1.2971933394833632,1.7778920102188434,2.4524681445433703
2023-10-02 04:15:00,149.74543571401088,3.9466738752520696,1.0958986861927238,2.336018272741394,0.29522853417914624,0.266990237727636,1.0,2.6,0.4,0.746268048357961,0.9206133824793121,1.3665934874716767,1.8732474476160377,2.6107018213499606
2023-10-02 04:20:00,149.74530359465385,5.464870518988794,1.4136580929179416,3.350041656357639,0.2726155534334085,0.2756920825346672,1.0,2.6,0.4,0.746268048357961,0.9206133824793121,1.3665934874716767,1.8732474476160377,2.6107018213499606
2023-10-02 04:25:00,149.74523753497655,3.0444540791736214,0.9149462727713267,1.7299549322433874,0.27592589325419037,0.2747551737132744,1.0,2.6,0.4,0.746268048357961,0.9206133824793121,1.3665934874716767,1.8732474476160377,2.6107018213499606
2023-10-02 04:30:00,147.7914966330581,2.809617671652293,0.7966941050645138,1.68304234546006,0.2759259101395238,0.26779669218186164,0.05024937810560445,0.050205975739945535,0.4,0.741824777154282,0.9113967302991601,1.3446025435049571,1.9063391618492236,2.7255428817026526
2023-10-02 04:35:00,149.0936657087087,3.5408446247243917,0.9123412294902202,2.2195680390166665,0.2710349915807768,0.2729269107932402,1.0,2.6,0.4,0.741824777154282,0.9113967302991601,1.3446025435049571,1.9063391618492236,2.7255428817026526
2023-10-02 04:40:00,148.442308337889,2.2155349873286974,0.5280457461384221,1.5305182463583495,0.2794291893475363,0.27029439055486454,1.0,2.6,0.4,0.741824777154282,0.9113967302991601,1.3446025435049571,1.9063391618492236,2.7255428817026526
2023-10-02 04:45:00,147.7911004262641,2.280900722859063,0.609477937508229,1.462834957014538,0.28898447786229886,0.2654616467782819,1.0,2.6,0.4,0.7388748202503588,0.9164191180895344,1.3726179949279407,1.8593160704947396,2.565170559631464
2023-10-02 04:50:00,147.79103439180153,2.1831522876306195,0.5696677258348275,1.431854463325655,0.2889844978762306,0.26398590916527626,1.0,2.6,0.4,0.7388748202503588,0.9164191180895344,1.3726179949279407,1.8593160704947396,2.565170559631464
2023-10-02 04:55:00,147.7908362884189,1.4565059364808373,0.4525277406372768,0.9355300955038606,0.2680273997573085,0.4166666666666667,1.0,2.6,0.4,0.7388748202503588,0.9164191180895344,1.3726179949279407,1.8593160704947396,2.565170559631464
2023-10-02 05:00:00,147.7907042195015,1.492023568069621,0.4733610720555214,0.935417711796438,0.27261563299205394,0.4166666666666667,0.05024937810560445,0.05138248728895867,0.010965856099730654,0.7257244656203896,0.8947424210352385,1.3465951730197165,1.9101717854685216,2.679440240050149
2023-10-02 05:05:00,149.09287309219852,1.83910593275127,0.5184614541183977,1.1853148072687605,0.2776539488985673,0.26781736924520827,1.0,2.6,0.4,0.7257244656203896,0.8947424210352385,1.3465951730197165,1.9101717854685216,2.679440240050149
2023-10-02 05:10:00,147.7903740472231,2.625445550096493,0.6473867624720172,1.7369798174345854,0.29310681874120637,0.26258622142735805,1.0,2.6,0.4,0.7257244656203896,0.8947424210352385,1.3465951730197165,1.9101717854685216,2.679440240050149
2023-10-02 05:15:00,147.79030801277008,2.3591566993244997,0.5920778363109446,1.5661176060793578,0.2812510347231756,0.2612481272298158,1.0,2.6,0.4,0.7228305472238981,0.9113967302991601,1.3786537781473636,2.0303420894026702,2.940874699812966
2023-10-02 05:20:00,147.13918471992181,2.14714378494253,0.5451934998795116,1.4364487921850944,0.2812510347231756,0.26624610072006705,1.0,2.6,0.4,0.7228305472238981,0.9113967302991601,1.3786537781473636,2.0303420894026702,2.940874699812966
2023-10-02 05:25:00,147.13898664245067,2.0416164375760424,0.5089151256501366,1.3938010156540457,0.2776539836163777,0.4166666666666667,1.0,2.6,0.4,0.7228305472238981,0.9113967302991601,1.3786537781473636,2.0303420894026702,2.940874699812966
2023-10-02 05:30:00,147.1388545908077,1.9809338050701184,0.4664628699689686,1.405994461666108,0.27261569663905877,0.26125534516161303,0.047265209192385894,0.04903060268852505,0.4,0.7071067811865476,0.8823429038644782,1.345598692032658,1.9447940765027025,2.7950849718747373
2023-10-02 05:35:00,148.44085539259743,2.17187766294876,0.5089449107559223,1.5196842512837647,0.2742463074519117,0.4166666666666667,1.0,2.6,0.4,0.7071067811865476,0.8823429038644782,1.345598692032658,1.9447940765027025,2.7950849718747373
2023-10-02 05:40:00,149.0918162703745,2.2045678485743414,0.5550500321705533,1.4759591655843722,0.27424632385488823,0.2662574483494793,1.0,2.6,0.4,0.7071067811865476,0.8823429038644782,1.345598692032658,1.9447940765027025,2.7950849718747373
2023-10-02 05:45:00,148.44059122077084,2.009594868433768,0.5018069849171194,1.3746605446797528,0.2710351148749916,0.26865609829322173,1.0,2.6,0.4,0.7035801304755558,0.8914280677654255,1.3257398839893142,2.126323646578761,3.6356424466660635
2023-10-02 05:50:00,148.4404591348627,2.1030382020630847,0.4899512601546077,1.484583670991047,0.27424634025786965,0.26704524153678794,1.0,2.6,0.4,0.7035801304755558,0.8914280677654255,1.3257398839893142,2.126323646578761,3.6356424466660635
2023-10-02 05:55:00,147.13819433264558,2.1641533191270477,0.48289083617090534,1.555845521476528,0.27103513028679094,0.2612673689686153,1.0,2.6,0.4,0.7035801304755558,0.8914280677654255,1.3257398839893142,2.126323646578761,3.6356424466660635
2023-10-02 06:00:00,147.1380622810237,1.9491790223238155,0.38663987459298244,1.5173149467231997,0.26144392557168517,0.2655032968082319,0.047265209192385894,0.047856452020600106,0.4,0.6938018449096255,0.8545460783363295,1.2825490867799174,1.7977864166802462,2.532055291655378
2023-10-02 06:05:00,147.13793022940538,1.8443482989250473,0.4167567107510103,1.3601913441325506,0.26523034618325747,0.26127218017329695,1.0,2.6,0.4,0.6938018449096255,0.8545460783363295,1.2825490867799174,1.7977864166802462,2.532055291655378
2023-10-02 06:10:00,150.39358726795,2.9931567690979386,0.7192117280175857,1.9830891450141883,0.27765408776992057,0.2655088580525987,1.0,2.6,0.4,0.6938018449096255,0.8545460783363295,1.2825490867799174,1.7977864166802462,2.532055291655378
2023-10-02 06:15:00,147.78865715172603,3.76281504052713,0.7140762549718687,2.7515656360283964,0.2742463894668428,0.26867418522438147,1.0,2.6,0.4,0.6903448413655309,0.876584280032445,1.3515825390999987,1.9486549848549384,2.8470799075544053
2023-10-02 06:20:00,147.78859111729557,2.680382240693098,0.44136599651253067,2.135999867366394,0.2710351765222189,0.26476555105319594,1.0,2.6,0.4,0.6903448413655309,0.876584280032445,1.3515825390999987,1.9486549848549384,2.8470799075544053
2023-10-02 06:25:00,147.1374020229673,2.2340473633022495,0.4596744566039513,1.663911872808374,0.2742464058698435,0.2619442183860818,1.0,2.6,0.4,0.6903448413655309,0.876584280032445,1.3515825390999987,1.9486549848549384,2.8470799075544053
2023-10-02 06:30:00,147.13726997136655,2.1608144266425207,0.39516666559516034,1.7085976312042968,0.274246422272849,0.26128421893011927,0.05124451190127583,0.046683615969631144,0.0125,0.6903448413655309,0.8741218450536516,1.347591985728618,1.9216870192619815,2.713109654990008
2023-10-02 06:35:00,147.13707189397206,2.495972556220502,0.47129737038795555,1.9008628792066018,0.27765413984675474,0.4166666666666667,1.0,2.6,0.4,0.6903448413655309,0.8741218450536516,1.347591985728618,1.9216870192619815,2.713109654990008
2023-10-02 06:40:00,149.0902310380449,2.833063621017904,0.557692376287916,2.08643226766019,0.2776541572057088,0.4166666666666667,1.0,2.6,0.4,0.6903448413655309,0.8741218450536516,1.347591985728618,1.9216870192619815,2.713109654990008
2023-10-02 06:45:00,147.78786473861783,3.1797365383783274,0.5923661044985427,2.37159331779944,0.27765417456466746,0.2703725875982698,1.0,2.6,0.4,0.697974927916469,0.8922561291467825,1.369604322423086,2.046026637167757,3.077311163987159
2023-10-02 06:50:00,147.78766663536035,3.1385343641456607,0.5923821705749591,2.330793448906454,0.2742464550788745,0.26708002099400024,1.0,2.6,0.4,0.697974927916469,0.8922561291467825,1.369604322423086,2.046026637167757,3.077311163987159
2023-10-02 06:55:00,147.7875345665264,3.539928693890376,0.6910911737609065,2.567545078064808,0.275926214076335,0.26869831610824824,1.0,2.6,0.4,0.697974927916469,0.8922561291467825,1.369604322423086,2.046026637167757,3.077311163987159
2023-10-02 07:00:00,147.7874685321107,3.7389842624209657,0.7090849099976632,2.7359452778106164,0.275926214076335,0.26870132623498066,0.05223983154643591,0.06319620241755038,0.01345362404707371,0.6931089380465383,0.8806957476904269,1.3515825390999987,1.9293781381574737,2.7540181553504692
2023-10-02 07:05:00,148.43834576079897,3.287671254123981,0.5116080114339259,2.6145422697069396,0.2680276011602182,0.2626444817104129,1.0,2.6,0.4,0.6931089380465383,0.8806957476904269,1.3515825390999987,1.9293781381574737,2.7540181553504692
2023-10-02 07:10:00,149.74067941926177,3.382937454881959,0.5164277682355229,2.700885417467285,0.4166666666666667,0.26130348951781657,1.0,2.6,0.4,0.6931089380465383,0.8806957476904269,1.3515825390999987,1.9293781381574737,2.7540181553504692
2023-10-02 07:15:00,151.04327188299888,3.2961699316901947,0.5602603610639353,2.540366645371471,0.2726158875805446,0.2687103826658588,1.0,2.6,0.4,0.6938018449096255,0.8733017806004979,1.3297007182069205,1.9887083748000862,2.949929490682786
2023-10-02 07:20:00,154.95318091827298,3.843147848808895,0.5974682739085627,3.0216419592717934,0.27765424400054867,0.26871340191306314,1.0,2.6,0.4,0.6938018449096255,0.8733017806004979,1.3297007182069205,1.9887083748000862,2.949929490682786
2023-10-02 07:25:00,154.95304867380355,4.503765165593249,0.6758406647552461,3.550337551746962,0.27765426135953053,0.26871641312850736,1.0,2.6,0.4,0.6938018449096255,0.8733017806004979,1.3297007182069205,1.9887083748000862,2.949929490682786
2023-10-02 07:30:00,152.34591649546184,5.690632542486897,1.2202074764567632,3.873183559228982,0.2776542787185171,0.26955203497431085,0.05522680508593631,0.07506903489455555,0.01929378138157474,0.6986730279608624,0.8955718843286674,1.3796608278848828,2.021210590215676,3.119401224594233
2023-10-02 07:35:00,150.39127489461623,4.391744050640388,0.9474685399154966,3.006395144390419,0.27261591940419433,0.2671061325822051,1.0,2.6,0.4,0.6986730279608624,0.8955718843286674,1.3796608278848828,2.021210590215676,3.119401224594233
2023-10-02 07:40:00,150.3911427590277,3.280193195321567,0.6377557862447343,2.396663332055662,0.27592629850349937,0.2613179476399355,1.0,2.6,0.4,0.6986730279608624,0.8955718843286674,1.3796608278848828,2.021210590215676,3.119401224594233
2023-10-02 07:45:00,150.39107669123467,3.5866555576198076,0.7661469012297513,2.4939022679451024,0.2776543134365042,0.26266476702899294,1.0,2.6,0.4,0.7000714249274855,0.8716627788313551,1.3277196089536376,1.9538071168874371,2.8488769717206117
2023-10-02 07:50:00,151.04228074486278,3.5867709299783996,0.7247212224453066,2.559986936209388,0.2759263322743983,0.2687315054769728,1.0,2.6,0.4,0.7000714249274855,0.8716627788313551,1.3277196089536376,1.9538071168874371,2.8488769717206117
2023-10-02 07:55:00,150.39074635228184,4.263379101360086,0.8105117735947,3.094653132276708,0.2794296527613848,0.268734526251934,1.0,2.6,0.4,0.7000714249274855,0.8716627788313551,1.3277196089536376,1.9538071168874371,2.8488769717206117
2023-10-02 08:00:00,151.04201644139076,3.798451161424907,0.7922435624588103,2.6622367481882656,0.2776543307955047,0.26873754724528726,0.06020797289396147,0.0917466075667106,0.02462214450449026,0.7113620737711562,0.8798727180677897,1.3089689988689572,1.845427050847581,2.7932962606927325
2023-10-02 08:05:00,151.0418842896596,3.127825350156268,0.7688187415056631,2.037221707046209,0.28125145514951844,0.2640895676620311,1.0,2.6,0.4,0.7113620737711562,0.8798727180677897,1.3089689988689572,1.845427050847581,2.7932962606927325
2023-10-02 08:10:00,150.39034994556565,2.9092183417845265,0.7610404201299574,1.8352564815138586,0.26950564924092585,0.2687435816315695,1.0,2.6,0.4,0.7113620737711562,0.8798727180677897,1.3089689988689572,1.845427050847581,2.7932962606927325
2023-10-02 08:15:00,149.7388958098476,2.9505620660278975,0.7792640135624341,1.8472599313892886,0.26950564924092585,0.26874660327945804,1.0,2.6,0.4,0.7056939846704094,0.8914280677654255,1.356578106855628,1.9525186298727086,2.7807833428730113
2023-10-02 08:20:00,149.0874568826415,3.202542090315929,0.878888615158517,1.9393050667864675,0.2794297240560966,0.26409755933646706,1.0,2.6,0.4,0.7056939846704094,0.8914280677654255,1.356578106855628,1.9525186298727086,2.7807833428730113
2023-10-02 08:25:00,149.08732478004046,3.086972355725972,0.8158557848197147,1.9237638511031556,0.27765440023155324,0.26635119982768635,1.0,2.6,0.4,0.7056939846704094,0.8914280677654255,1.356578106855628,1.9525186298727086,2.7807833428730113
2023-10-02 08:30:00,148.43603425892255,2.506642819722709,0.6480554345193076,1.6203006952598584,0.27103540770003354,0.2687556612753142,0.05124451190127583,0.06675327707311456,0.01345362404707371,0.6910347313992257,0.8757630958198684,1.3555783415206957,1.874516004199484,2.621243216490984
2023-10-02 08:35:00,148.43590217313277,2.367495909523573,0.5629721640897111,1.6211417330189677,0.2680277306340521,0.26338920727036835,1.0,2.6,0.4,0.6910347313992257,0.8757630958198684,1.3555783415206957,1.874516004199484,2.621243216490984
2023-10-02 08:40:00,148.43577008734647,2.7286703105122725,0.6455529118434562,1.8407845415485071,0.2626505792427013,0.2663597313089026,1.0,2.6,0.4,0.6910347313992257,0.8757630958198684,1.3555783415206957,1.874516004199484,2.621243216490984
2023-10-02 08:45:00,148.43563800156355,3.9655032401696517,1.0302160243687346,2.4557304962770554,0.26950570885388114,0.27493219696204974,1.0,2.6,0.4,0.6821260880511755,0.8757630958198684,1.3786537781473636,1.9370805352385325,2.752236181725689
2023-10-02 08:50:00,147.78443094992878,4.239764617558987,1.0569339517831273,2.6854545782468207,0.27765445230863844,0.27045090103644986,1.0,2.6,0.4,0.6821260880511755,0.8757630958198684,1.3786537781473636,1.9370805352385325,2.752236181725689
2023-10-02 08:55:00,147.78429888117998,3.054611919553591,0.6992023552068416,2.075194620842082,0.2710354539357314,0.2687707678011268,1.0,2.6,0.4,0.6821260880511755,0.8757630958198684,1.3786537781473636,1.9370805352385325,2.752236181725689
2023-10-02 09:00:00,148.43517570135037,2.951560483275347,0.7275492419545209,1.9291473907321224,0.2666024356671946,0.2687737914128208,1.0,2.6,0.4,0.6746917814824782,0.8651219567205539,1.3376388750331683,2.107814092845951,3.7297045459392626
2023-10-02 09:05:00,151.69171354518554,3.6216606025965494,0.9292702718024566,2.2728908463368334,0.2759264842436777,0.27046031757322236,1.0,2.6,0.4,0.6746917814824782,0.8651219567205539,1.3376388750331683,2.107814092845951,3.7297045459392626
2023-10-02 09:10:00,167.34853363321045,3.0755914939543088,0.7977203557664914,1.9408212935867852,0.27942983099830127,0.26716129779592684,1.0,2.6,0.4,0.6746917814824782,0.8651219567205539,1.3376388750331683,2.107814092845951,3.7297045459392626
2023-10-02 09:15:00,147.13271419329925,4.040956243574211,0.9637890119422357,2.633266963897607,0.29739096190562553,0.2731115513858557,1.0,2.6,0.4,0.6601219584288951,0.8733017806004979,1.3826838250301476,2.1197077628767604,3.511982915675986
2023-10-02 09:20:00,145.83085942688606,3.2741886154539994,0.8685777711774774,2.025411565634861,0.29739096190562553,0.26341263141059185,1.0,2.6,0.4,0.6601219584288951,0.8733017806004979,1.3826838250301476,2.1197077628767604,3.511982915675986
2023-10-02 09:25:00,169.9611568456976,6.932643787877415,1.8879642317361698,4.08134493132244,0.3018284175656268,0.2641321898244633,1.0,2.6,0.4,0.6601219584288951,0.8733017806004979,1.3826838250301476,2.1197077628767604,3.511982915675986
2023-10-02 09:30:00,162.12473485274262,5.547848117910012,1.2530555497652065,3.680212745137392,0.37077040358461083,0.29177798466299604,1.0,0.053738626703703544,0.0125,0.6536367492728664,0.8782277608912167,1.4008790954254402,2.1210304688994923,3.381518002317894
2023-10-02 09:35:00,168.6542014967076,4.116192287966833,1.065138240245666,2.550597929748255,0.3619413860312766,0.2829278361739631,1.0,2.6,0.4,0.6536367492728664,0.8782277608912167,1.4008790954254402,2.1210304688994923,3.381518002317894
2023-10-02 09:40:00,182.38409386553616,4.67763060324293,1.2477109321513755,2.824603436810406,0.5297807238144953,0.28399129802291406,1.0,2.6,0.4,0.6536367492728664,0.8782277608912167,1.4008790954254402,2.1210304688994923,3.381518002317894
2023-10-02 09:45:00,209.24393141641715,5.431533322282426,1.4774919197720724,3.218920112721831,0.5226941999787046,0.28725637939903925,1.0,2.6,0.4,0.6478765314471577,0.8586058467073236,1.3635855088699058,2.072251191337575,3.461572475046565
2023-10-02 09:50:00,155.60095036854221,7.572145923489905,2.0108323651721074,4.529701702592509,0.624040931374372,0.30920485007633247,1.0,2.6,0.4,0.6478765314471577,0.8586058467073236,1.3635855088699058,2.072251191337575,3.461572475046565
2023-10-02 09:55:00,151.69032578513577,8.792080793564272,2.8395711680496794,4.476918277977419,0.5333342786418088,0.2850764700868835,1.0,2.6,0.4,0.6478765314471577,0.8586058467073236,1.3635855088699058,2.072251191337575,3.461572475046565
2023-10-02 10:00:00,147.78244991906192,3.2420100192094554,0.6789252866404052,2.2923641560617156,0.5016107973139299,0.2759272719001255,0.05323532661682467,0.07269112738154498,0.015620499351813309,0.6440776350720463,0.8376061126806561,1.3129058458244447,1.845427050847581,2.6317971046416173
2023-10-02 10:05:00,149.73585706928586,2.6976188910845345,0.7045843785302168,1.7171167302355288,0.4402599148573152,0.2648881107819531,1.0,2.6,0.4,0.6440776350720463,0.8376061126806561,1.3129058458244447,1.845427050847581,2.6317971046416173
2023-10-02 10:10:00,149.08448457493802,2.6155179047399906,0.7510896869957351,1.5653256518201766,0.42059720215071184,0.26881611181479154,1.0,2.6,0.4,0.6440776350720463,0.8376061126806561,1.3129058458244447,1.845427050847581,2.6317971046416173
2023-10-02 10:15:00,178.45795150168638,2.4269295921035483,0.6611156609215908,1.5226297589902718,0.40775734329044233,0.26881913869777246,1.0,2.6,0.4,0.6409375944661071,0.8464567325032037,1.3356522900815166,1.9861158072982552,3.090109383177237
2023-10-02 10:20:00,149.08422036989177,2.3983743080810997,0.6611327598368121,1.4950633476562254,0.4077574063322656,0.27594112803526843,1.0,2.6,0.4,0.6409375944661071,0.8464567325032037,1.3356522900815166,1.9861158072982552,3.090109383177237
2023-10-02 10:25:00,147.78178957561346,1.9991522961916175,0.5930712903602902,1.2197263056338166,0.3920468277070717,0.26882518484662304,1.0,2.6,0.4,0.6409375944661071,0.8464567325032037,1.3356522900815166,1.9861158072982552,3.090109383177237
2023-10-02 10:30:00,147.13066739582274,2.5584600348883844,0.7123912803324086,1.5699381969818917,0.3982833471044549,0.2688282123835435,0.04825971404805461,0.06675327707311456,0.0145,0.6415637146846757,0.8288069739088831,1.286445894703699,1.8177799646821942,2.791507836277735
2023-10-02 10:35:00,147.78152543825843,2.743528884493069,0.7330524729881451,1.717340828051347,0.38281935509487114,0.2620680517965733,1.0,2.6,0.4,0.6415637146846757,0.8288069739088831,1.286445894703699,1.8177799646821942,2.791507836277735
2023-10-02 10:40:00,145.82868115892234,2.068430242669736,0.5856477884367781,1.2968181988283194,0.3737544264592647,0.26207053561298876,1.0,2.6,0.4,0.6415637146846757,0.8288069739088831,1.286445894703699,1.8177799646821942,2.791507836277735
2023-10-02 10:45:00,147.78126130091732,2.096975084441969,0.6232198493411886,1.2657349988647584,0.350471661391693,0.26140731017082136,1.0,2.6,0.4,0.6396882053000509,0.8456500458227387,1.340621288806052,2.0055877567436435,3.132233069233514
2023-10-02 10:50:00,145.82841712650884,2.4686502709724416,0.6996007395860858,1.5030786812570949,0.33666825829528185,0.4166666666666667,1.0,2.6,0.4,0.6396882053000509,0.8456500458227387,1.340621288806052,2.0055877567436435,3.132233069233514
2023-10-02 10:55:00,146.4791027388053,2.321400300556904,0.6714482966904249,1.4051500850130139,0.34487562273471717,0.4166666666666667,1.0,2.6,0.4,0.6396882053000509,0.8456500458227387,1.340621288806052,2.0055877567436435,3.132233069233514
2023-10-02 11:00:00,146.47897070488744,2.068844285096513,0.6257893739356674,1.2352411815015705,0.3448756502200388,0.4166666666666667,0.047265209192385894,0.06912712926196196,0.015620499351813309,0.6647134721065913,0.8553572353116562,1.3148764200486676,1.9037857022259623,2.7932962606927325
2023-10-02 11:05:00,145.17729142375097,1.9918713914632427,0.5857274672560733,1.2241884955674232,0.31599989823110575,0.4166666666666667,1.0,2.6,0.4,0.6647134721065913,0.8553572353116562,1.3148764200486676,1.9037857022259623,2.7932962606927325
2023-10-02 11:10:00,146.47870663706237,2.1463082947328447,0.6132398975093718,1.3279791363847522,0.2995912753396916,0.4166666666666667,1.0,2.6,0.4,0.6647134721065913,0.8553572353116562,1.3148764200486676,1.9037857022259623,2.7932962606927325
2023-10-02 11:15:00,145.8277570455384,2.1138625479784743,0.6132560796583056,1.297092827659451,0.3018288646911619,0.4166666666666667,1.0,2.6,0.4,0.6232046212922366,0.8035178902799862,1.2583354719628626,1.9152864668242189,2.877666415691715
2023-10-02 11:20:00,145.82762502935515,2.268822483206381,0.6740869704535832,1.3508978013840043,0.3339849494720566,0.4166666666666667,1.0,2.6,0.4,0.6232046212922366,0.8035178902799862,1.2583354719628626,1.9152864668242189,2.877666415691715
2023-10-02 11:25:00,145.8274270050871,2.5022016370506357,0.7306442203199691,1.4875658428456187,0.417366846533587,0.4166666666666667,1.0,2.6,0.4,0.6232046212922366,0.8035178902799862,1.2583354719628626,1.9152864668242189,2.877666415691715
2023-10-02 11:30:00,145.82736099699957,1.8872365583811357,0.5833205672546121,1.129857199416696,0.3235296719237967,0.4166666666666667,0.04428317965096906,0.06201161181585268,0.0116619037896906,0.6126303942835354,0.7848726011270875,1.2381918429710317,1.8961331704287017,3.0736564544529044
2023-10-02 11:35:00,145.17649943441776,2.0452088291929615,0.5883116723628627,1.270619300246199,0.33132873362662707,0.2614315150506725,1.0,2.6,0.4,0.6126303942835354,0.7848726011270875,1.2381918429710317,1.8961331704287017,3.0736564544529044
2023-10-02 11:40:00,145.17630143710514,2.2121206979478294,0.6033074435350079,1.4064257008956427,0.2995913852748166,0.4166666666666667,1.0,2.6,0.4,0.6126303942835354,0.7848726011270875,1.2381918429710317,1.8961331704287017,3.0736564544529044
2023-10-02 11:45:00,158.20616414407135,2.232618090061261,0.625937421925153,1.3906643529152503,0.36486477924316857,0.4166666666666667,1.0,2.6,0.4,0.6069069121372733,0.7544700126578923,1.1623441831058474,1.671604094874142,2.3805831218422098
2023-10-02 11:50:00,145.82683293233177,2.992469793779367,0.6665327414166409,2.0661914349543293,0.49464723566781843,0.2664679898791827,1.0,2.6,0.4,0.6069069121372733,0.7544700126578923,1.1623441831058474,1.671604094874142,2.3805831218422098
2023-10-02 11:55:00,145.8266349080963,2.9306940724544877,0.8691672558154907,1.6894103171083994,0.3421147471332421,0.26144120371765966,1.0,2.6,0.4,0.6069069121372733,0.7544700126578923,1.1623441831058474,1.671604094874142,2.3805831218422098
2023-10-02 12:00:00,203.99414826644153,3.091788068233133,0.8586545316129254,1.8622740023394906,0.3448760625001541,0.268882703932083,0.04031128874149276,0.058461611335986964,0.0125,0.6310507111159926,0.8184766337532184,1.2786584219407464,1.9140073145105796,2.8309185788362052
2023-10-02 12:05:00,230.8961960713053,3.899650487393998,0.9140893822518922,2.5709244265730335,0.3737551679642915,0.28848377173402945,1.0,2.6,0.4,0.6310507111159926,0.8184766337532184,1.2786584219407464,1.9140073145105796,2.8309185788362052
2023-10-02 12:10:00,259.1508410585425,4.9186245637955945,1.1595889900097303,3.1994987488890194,0.34766216658236504,0.28961621750580413,1.0,2.6,0.4,0.6310507111159926,0.8184766337532184,1.2786584219407464,1.9140073145105796,2.8309185788362052
2023-10-02 12:15:00,255.2061610253692,4.802162829992236,1.060455648021956,3.2376745368973316,0.5440366266836318,0.3067155377522718,1.0,2.6,0.4,0.6347290760631658,0.8312015399408257,1.3060201529838655,2.1104554603213024,3.671349070845757
2023-10-02 12:20:00,211.86259528037922,3.696674879221999,0.7308384180790674,2.659101232069195,0.9127078623196729,0.3041373885899697,1.0,2.6,0.4,0.6347290760631658,0.8312015399408257,1.3060201529838655,2.1104554603213024,3.671349070845757
2023-10-02 12:25:00,153.64106880756972,3.4439615615039916,0.6794207671003121,2.4912967272733115,0.4739582076902922,0.2930915310552133,1.0,2.6,0.4,0.6347290760631658,0.8312015399408257,1.3060201529838655,2.1104554603213024,3.671349070845757
2023-10-02 12:30:00,153.64093659341654,2.5118027117369386,0.5222064416491525,1.8295117849209028,0.39828462058899994,0.27324050142156014,0.04328972164382673,0.06556706490304412,0.023259406699226014,0.6353455752580638,0.8232350818569384,1.3030745796001089,1.939650483979008,2.8398943642325856
2023-10-02 12:35:00,152.33739066942329,1.7637568528175298,0.40683073411261744,1.3001829316399378,0.3561627833509306,0.2680840513593461,1.0,2.6,0.4,0.6353455752580638,0.8232350818569384,1.3030745796001089,1.939650483979008,2.8398943642325856
2023-10-02 12:40:00,154.29239311800572,1.99382679475099,0.5078069496431145,1.3496810577276657,0.3339854521635969,0.26572624288797975,1.0,2.6,0.4,0.6353455752580638,0.8232350818569384,1.3030745796001089,1.939650483979008,2.8398943642325856
2023-10-02 12:45:00,151.03415341905696,2.6517584444916213,0.6794890016322185,1.711862014806507,0.33398547862107303,0.2732504273597309,1.0,2.6,0.4,0.6286183261725671,0.8090092706514557,1.2477611309862158,2.0055877567436435,3.5887318094279492
2023-10-02 12:50:00,153.64034162976557,2.9442883042980825,0.7257767524465872,1.924811132084164,0.3209893204732194,0.26891299736449337,1.0,2.6,0.4,0.6286183261725671,0.8090092706514557,1.2477611309862158,2.0055877567436435,3.5887318094279492
2023-10-02 12:55:00,151.6853034183948,3.3535543132875634,0.8299605251190937,2.1634255765341077,0.30875991085652377,0.27235727876394733,1.0,2.6,0.4,0.6286183261725671,0.8090092706514557,1.2477611309862158,2.0055877567436435,3.5887318094279492
2023-10-02 13:00:00,147.77756337960207,3.010539043487644,0.6846593523235655,2.0549996323961426,0.30641422486152736,0.2689190652930789,0.0422965719651132,0.059644278853885055,0.0145,0.6178745827431324,0.7802570089400032,1.2097440390429703,1.723721555240289,2.4990790303629855
2023-10-02 13:05:00,145.8247206742397,2.2139050242306997,0.5271483044013492,1.5304109065361018,0.2931084433934104,0.2689220995842895,1.0,2.6,0.4,0.6178745827431324,0.7802570089400032,1.2097440390429703,1.723721555240289,2.4990790303629855
2023-10-02 13:10:00,148.4283732887883,1.7845434041988402,0.48649717094706596,1.184988558100653,0.2952304442794784,0.2689251258021299,1.0,2.6,0.4,0.6178745827431324,0.7802570089400032,1.2097440390429703,1.723721555240289,2.4990790303629855
2023-10-02 13:15:00,147.77716717390854,1.4425696456290003,0.5151104351873932,0.8310972008014894,0.2794304191833612,0.2665165207798594,1.0,2.6,0.4,0.5640221626851201,0.65816715202143,1.0126421677967,1.4359422864446885,2.027243448626731
2023-10-02 13:20:00,144.52295545689967,2.5128778691692712,0.7233002753427994,1.5091197374204584,0.27765505987772365,0.2665193826038563,1.0,2.6,0.4,0.5640221626851201,0.65816715202143,1.0126421677967,1.4359422864446885,2.027243448626731
2023-10-02 13:25:00,144.52282347697465,2.295968477870081,0.6136800366752857,1.470726296539398,0.2742472424292757,0.4166666666666667,1.0,2.6,0.4,0.5640221626851201,0.65816715202143,1.0126421677967,1.4359422864446885,2.027243448626731
2023-10-02 13:30:00,143.872207839739,1.720747448044127,0.4678110275364584,1.1551681918352572,0.268028176602684,0.4166666666666667,0.03634556369077249,0.056098484828023654,0.01345362404707371,0.5327813810560575,0.5672953375447396,0.8509430063171093,1.1631147836735634,1.5367940655793801
2023-10-02 13:35:00,143.872009897538,1.901897445865354,0.549163521672732,1.1961828503392307,0.2850316935765402,0.4166666666666667,1.0,2.6,0.4,0.5327813810560575,0.5672953375447396,0.8509430063171093,1.1631147836735634,1.5367940655793801
2023-10-02 13:40:00,143.87187793607538,2.1412972319113464,0.6011926585394045,1.3419604914685288,0.28311968678611416,0.4166666666666667,1.0,2.6,0.4,0.5327813810560575,0.5672953375447396,0.8509430063171093,1.1631147836735634,1.5367940655793801
2023-10-02 13:45:00,145.1729354840526,2.133261257792784,0.5224315110848906,1.4600548973845489,0.2776551119553388,0.26149455995261545,1.0,2.6,0.4,0.5381458909998291,0.5867273642842986,0.8878710717215648,1.2775073385307811,1.9571755158901822
2023-10-02 13:50:00,144.52216357740514,2.1700126914773876,0.536998540154298,1.4718029828447694,0.2931085891967068,0.26149698139411903,1.0,2.6,0.4,0.5381458909998291,0.5867273642842986,0.8878710717215648,1.2775073385307811,1.9571755158901822
2023-10-02 13:55:00,144.5220315975024,2.5341490384839074,0.613777828586357,1.7015514156096136,0.2973919991587823,0.4166666666666667,1.0,2.6,0.4,0.5381458909998291,0.5867273642842986,0.8878710717215648,1.2775073385307811,1.9571755158901822
2023-10-02 14:00:00,145.17253948973263,2.793310327289634,0.6163078132014354,1.9512063996449982,0.2869875584392121,0.4166666666666667,0.03832753579347361,0.07387990254460275,0.01680029761641144,0.562640204749003,0.6208252572181644,0.9234746558514749,1.2527051728160143,1.6637620022106527
2023-10-02 14:05:00,145.82307047324986,3.686674678557143,0.7883582013487025,2.5576906908704604,0.29523065651478203,0.2673330848519444,1.0,2.6,0.4,0.562640204749003,0.6208252572181644,0.9234746558514749,1.2527051728160143,1.6637620022106527
2023-10-02 14:10:00,145.82300446522206,4.056270900248815,0.7935965593851312,2.9158070513376466,0.297392063987394,0.2689615237072313,1.0,2.6,0.4,0.562640204749003,0.6208252572181644,0.9234746558514749,1.2527051728160143,1.6637620022106527
2023-10-02 14:15:00,144.52150367792862,3.4671956129897086,0.6138430249156094,2.621074490454877,0.31114040436511725,0.2650248059824991,1.0,2.6,0.4,0.5888301962365721,0.6910347313992257,1.0429933077445894,1.5391231269784753,2.741550656106868
2023-10-02 14:20:00,145.17201149735737,3.2023968238953686,0.5009337701362432,2.5483029138028375,0.2973920855969388,0.2621799777792596,1.0,2.6,0.4,0.5888301962365721,0.6910347313992257,1.0429933077445894,1.5391231269784753,2.741550656106868
2023-10-02 14:25:00,145.82260841707406,3.6041971574493163,0.5938414081686902,2.7901315744690085,0.2973921072064874,0.2621824722939069,1.0,2.6,0.4,0.5888301962365721,0.6910347313992257,1.0429933077445894,1.5391231269784753,2.741550656106868
2023-10-02 14:30:00,151.6826600693435,5.23459385643175,1.1628795746238205,3.5083581597762312,0.3018296471643312,0.2770763965471056,1.0,2.6,0.4,0.5909526207742885,0.6896557112066861,1.0429933077445894,1.4784860499849162,2.274313083108832
2023-10-02 14:35:00,319.68589411708206,7.262778285958496,1.582033238848302,4.880428309853025,0.3087603557534131,0.2992274915709852,1.0,2.6,0.4,0.5909526207742885,0.6896557112066861,1.0429933077445894,1.4784860499849162,2.274313083108832
2023-10-02 14:40:00,272.297662842878,9.043090887918673,1.9578827655357858,6.07794787673441,0.3160009964262998,0.4272894612087484,1.0,2.6,0.4,0.5909526207742885,0.6896557112066861,1.0429933077445894,1.4784860499849162,2.274313083108832
2023-10-02 14:45:00,219.73098316687307,7.964919210780359,1.2787370558456044,6.050628459723302,0.29959211084896153,0.4383047070635792,1.0,2.6,0.4,0.5963430220938282,0.7021744797413246,1.0666164071492619,1.6620036853148068,2.6071908253904237
2023-10-02 14:50:00,211.85773845225822,7.956710988737243,1.1066089299650974,6.311000184306163,0.3184798225168431,0.3814388402079716,1.0,2.6,0.4,0.5963430220938282,0.7021744797413246,1.0666164071492619,1.6620036853148068,2.6071908253904237
2023-10-02 14:55:00,166.0325004860323,6.991864735426681,0.8540540263272681,5.745927674316533,0.3111405943883211,0.34561615873337,1.0,2.6,0.4,0.5963430220938282,0.7021744797413246,1.0666164071492619,1.6620036853148068,2.6071908253904237
2023-10-02 15:00:00,160.15767199153146,7.292721108832086,1.0531198081525626,5.731737570432699,0.3160010940439594,0.30049101042085696,1.0,0.1635060855136591,0.0505,0.5920211144883263,0.697974927916469,1.0898920313498948,1.6015620499999366,2.572159404080548
2023-10-02 15:05:00,240.08546245095107,7.831788570768775,1.24916010153271,5.963711017875314,0.30410426278365854,0.2944079311332235,1.0,2.6,0.4,0.5920211144883263,0.697974927916469,1.0898920313498948,1.6015620499999366,2.572159404080548
2023-10-02 15:10:00,224.32458030296786,7.376546547808972,1.3004433174893095,5.429514373616431,0.2973922800830122,0.3952208122795099,1.0,2.6,0.4,0.5920211144883263,0.697974927916469,1.0898920313498948,1.6015620499999366,2.572159404080548
2023-10-02 15:15:00,180.4113250226886,7.4184590200415865,1.0612020355008573,5.844613162512319,0.2952308899740626,0.4057628874120944,1.0,2.6,0.4,0.5990826320300063,0.7771904528492357,1.2670238513934928,2.662434271489157,5.702683228095349
2023-10-02 15:20:00,173.21833549211124,7.397714172875105,1.0612226543776508,5.823864729781711,0.30182984837243404,0.3017620544797533,1.0,2.6,0.4,0.5990826320300063,0.7771904528492357,1.2670238513934928,2.662434271489157,5.702683228095349
2023-10-02 15:25:00,159.50465392152344,9.521083442175957,1.9199345591279406,6.613528715463989,0.31847999554948664,0.31085262190340723,1.0,2.6,0.4,0.5990826320300063,0.7771904528492357,1.2670238513934928,2.662434271489157,5.702683228095349
2023-10-02 15:30:00,162.76715726726104,8.843941581641847,1.7346256246563585,6.22287719248075,0.29739234491177147,0.2897802969879976,0.0691809222257119,0.26778678085372326,0.06230770417853637,0.6074742792909014,0.7170746125752884,1.0907630356773188,1.8152754611903945,2.8866769822756413
2023-10-02 15:35:00,159.50432306191243,6.896921225296387,1.1282531224800996,5.218969285789503,0.2995923087335186,0.2886541669812143,1.0,2.6,0.4,0.6074742792909014,0.7170746125752884,1.0907630356773188,1.8152754611903945,2.8866769822756413
2023-10-02 15:40:00,158.85183550643376,6.746726652977045,1.0212406935471432,5.23669698927035,0.31600128927942994,0.2886582274317891,1.0,2.6,0.4,0.6074742792909014,0.7170746125752884,1.0907630356773188,1.8152754611903945,2.8866769822756413
2023-10-02 15:45:00,158.1994160125479,5.674293084319153,0.8964328358317311,4.363449864510024,0.30410444452433194,0.27810670649302266,1.0,2.6,0.4,0.6069069121372733,0.723553038829912,1.1189567283858657,1.7704578503878594,2.7593658691808165
2023-10-02 15:50:00,160.8088371897593,5.33249836023881,1.0372964792058648,3.8012998607967807,0.29959235270790535,0.2771328522560439,1.0,2.6,0.4,0.6069069121372733,0.723553038829912,1.1189567283858657,1.7704578503878594,2.7593658691808165
2023-10-02 15:55:00,290.7169852543258,6.8849428025376715,1.5688485970197164,4.524117063388683,0.2931090266077577,0.3764473359577082,1.0,2.6,0.4,0.6069069121372733,0.723553038829912,1.1189567283858657,1.7704578503878594,2.7593658691808165
2023-10-02 16:00:00,177.79372085874883,5.524546237448148,0.9282455000550602,4.16386380743511,0.31355472047329047,0.5706591954724137,0.06020797289396147,0.6780737423024136,0.12639620247459968,0.5925571702376067,0.685537015776683,1.0371735438199337,1.7261659827490519,2.8506743061949398
2023-10-02 16:05:00,157.54666851930983,5.066136990523735,0.807087611666589,3.8991401318023535,0.2973924961790088,0.3247562859366709,1.0,2.6,0.4,0.5925571702376067,0.685537015776683,1.0371735438199337,1.7261659827490519,2.8506743061949398
2023-10-02 16:10:00,156.89432159798977,5.5915284553859825,1.034708319036298,4.063357593645195,0.2889866193763756,0.28868260498606,1.0,2.6,0.4,0.5925571702376067,0.685537015776683,1.0371735438199337,1.7261659827490519,2.8506743061949398
2023-10-02 16:15:00,157.54640391499333,5.9796138683157185,1.303439118894466,4.031985100575861,0.29739251778862924,0.28646499201588144,1.0,2.6,0.4,0.629832517420306,0.7756603638191139,1.2031644276656455,2.1581603856062226,4.192672655955865
2023-10-02 16:20:00,155.5901051280033,6.551578454092439,1.4929606073042327,4.308941946353942,0.3018300942938468,0.2864689688540497,1.0,2.6,0.4,0.629832517420306,0.7756603638191139,1.2031644276656455,2.1581603856062226,4.192672655955865
2023-10-02 16:25:00,155.58990673964345,7.186496692783005,1.2953836365339306,5.247708635221853,0.29739256100788153,0.28869477920081404,1.0,2.6,0.4,0.629832517420306,0.7756603638191139,1.2031644276656455,2.1581603856062226,4.192672655955865
2023-10-02 16:30:00,154.28598000049877,7.403865565915837,1.2846082286377194,5.481378185393379,0.30876087089870424,0.2968809820912945,0.06020797289396147,0.2785795398086514,0.1458432377589033,0.7192280584070674,0.8618607776201445,1.2699271790146078,2.2061555362213245,4.169770257460236
2023-10-02 16:35:00,154.93777445788086,7.7549817771918415,1.4442251945521547,5.584330684569356,0.3041046489828601,0.2909774126379169,1.0,2.6,0.4,0.7192280584070674,0.8618607776201445,1.2699271790146078,2.2061555362213245,4.169770257460236
2023-10-02 16:40:00,155.58950996294385,7.253750203520089,1.3467904062507148,5.235058587671198,0.2973926042271489,0.28983778256065307,1.0,2.6,0.4,0.7192280584070674,0.8618607776201445,1.2699271790146078,2.2061555362213245,4.169770257460236
2023-10-02 16:45:00,157.545543951044,8.645535060053586,1.3116788009081006,6.679147848968251,0.29959257258006095,0.2898418809966805,1.0,2.6,0.4,0.6497884271053156,0.8058684756211775,1.2468023099112384,2.1674706457066497,4.5529533272371685
2023-10-02 16:50:00,152.98201985943882,6.126596152839766,0.9019700737670766,4.8059045459311065,0.3135549612984163,0.3005895657841709,1.0,2.6,0.4,0.6497884271053156,0.8058684756211775,1.2468023099112384,2.1674706457066497,4.5529533272371685
2023-10-02 16:55:00,152.98182156149792,5.901391434901517,0.9390661388060987,4.522569209388751,0.28698806788072456,0.2945020356693848,1.0,2.6,0.4,0.6497884271053156,0.8058684756211775,1.2468023099112384,2.1674706457066497,4.5529533272371685
2023-10-02 17:00:00,152.98168936287456,5.009184549880064,0.721491961984603,3.9799016550305053,0.29959263854177975,0.2822182112713584,0.06220128616033594,0.20424495097798623,0.09055385138137416,0.6440776350720463,0.8168941179859236,1.2796305091705182,2.095939884634099,4.101138378548084
2023-10-02 17:05:00,152.98162326356407,4.334840499296042,0.6906276663755476,3.3580517948804514,0.2952312932230129,0.27816401917706807,1.0,2.6,0.4,0.6440776350720463,0.8168941179859236,1.2796305091705182,2.095939884634099,4.101138378548084
2023-10-02 17:10:00,151.67829854622104,4.110425153695637,0.7034888772967485,3.113930603303649,0.29310927655771196,0.27916052342926606,1.0,2.6,0.4,0.6440776350720463,0.8168941179859236,1.2796305091705182,2.095939884634099,4.101138378548084
2023-10-02 17:15:00,152.32972404643326,4.505674752889942,0.8414350380286196,3.2864820519368116,0.2910275021017086,0.2822295601885923,1.0,2.6,0.4,0.7794895765820092,1.0225771364547518,1.5885906206446014,2.63743061520109,4.7089383092157835
2023-10-02 17:20:00,152.32959186337192,5.126369058657428,0.9524348262621786,3.7290581421622937,0.29523133567035204,0.28873948369320657,1.0,2.6,0.4,0.7794895765820092,1.0225771364547518,1.5885906206446014,2.63743061520109,4.7089383092157835
2023-10-02 17:25:00,151.02635648392794,5.572611761849743,0.9021055733766562,4.253077364742733,0.2776556153744419,0.28874353648494716,1.0,2.6,0.4,0.7794895765820092,1.0225771364547518,1.5885906206446014,2.63743061520109,4.7089383092157835
2023-10-02 17:30:00,151.02629040825497,5.164133531407766,0.6984161740661264,4.171877025895812,0.2776556153744419,0.29693333220813656,0.05522680508593631,0.16470385544971317,0.06972087205421344,0.6746917814824782,0.8408186486989927,1.2429712144695868,2.1781241929697215,4.1468802731692165
2023-10-02 17:35:00,152.32919531420694,5.2934829088449815,0.77348091817139,4.1795960549665265,0.2889868795635447,0.28875166509731515,1.0,2.6,0.4,0.6746917814824782,0.8408186486989927,1.2429712144695868,2.1781241929697215,4.1468802731692165
2023-10-02 17:40:00,152.32893094811283,4.8643683034499965,0.5894786950634401,4.05255117215792,0.26802853625842377,0.2887557296604105,1.0,2.6,0.4,0.6746917814824782,0.8408186486989927,1.2429712144695868,2.1781241929697215,4.1468802731692165
2023-10-02 17:45:00,152.98049957540545,4.843667648224214,0.45694989834750577,4.261832502513761,0.2742477509323166,0.28875979439477056,1.0,2.6,0.4,0.685537015776683,0.8692071099571149,1.356578106855628,2.1157410640246126,3.331402707569291
2023-10-02 17:50:00,166.02746654218376,4.985436956329537,0.559777927689656,4.2234753021737355,0.2812529358002591,0.29940067928229974,1.0,2.6,0.4,0.685537015776683,0.8692071099571149,1.356578106855628,2.1157410640246126,3.331402707569291
2023-10-02 17:55:00,154.2836659907918,6.015636692559006,1.2041151726076904,4.2218539803789685,0.2910276246585561,0.3206041485058039,1.0,2.6,0.4,0.685537015776683,0.8692071099571149,1.356578106855628,2.1157410640246126,3.331402707569291
2023-10-02 18:00:00,152.98003688034717,6.742204790460201,1.6945695224740573,4.188516851226301,0.2910276450847114,0.3123428313617334,0.06319810123729984,0.21023796041628637,0.06675327707311456,0.6821260880511755,0.8384086115969946,1.262192948799826,1.9538071168874371,3.170787914698806
2023-10-02 18:05:00,162.11017116935295,5.723818668417909,1.2931371750517417,3.7932924879079084,0.28312037967229914,0.3006567928666134,1.0,2.6,0.4,0.6821260880511755,0.8384086115969946,1.262192948799826,1.9538071168874371,3.170787914698806
2023-10-02 18:10:00,162.76258912487856,4.590268400659114,0.8023165382418924,3.4327924851607734,0.27424780014253436,0.3833753602041868,1.0,2.6,0.4,0.6821260880511755,0.8384086115969946,1.262192948799826,1.9538071168874371,3.170787914698806
2023-10-02 18:15:00,160.15224534004275,3.9291380019660282,0.45473169554162535,3.35334962226585,0.26802859380364186,0.3381667003246919,1.0,2.6,0.4,0.6620845867409995,0.8328000960614739,1.2835227150307857,2.027731737681294,3.4522491219493414
2023-10-02 18:20:00,155.58666639738132,4.261785777253221,0.7037319896587215,3.2641030861157203,0.2776557368899835,0.3006702423275149,1.0,2.6,0.4,0.6620845867409995,0.8328000960614739,1.2835227150307857,2.027731737681294,3.4522491219493414
2023-10-02 18:25:00,155.58660026796602,5.440696694194787,1.4230700680312869,3.3115727599099865,0.2742478329493702,0.3006747299474976,1.0,2.6,0.4,0.6620845867409995,0.8328000960614739,1.2835227150307857,2.027731737681294,3.4522491219493414
2023-10-02 18:30:00,154.28267427263248,4.037521941599662,0.5648333730487193,3.2697340268603696,0.2639136836732887,0.3031998735639039,0.04925444142409901,0.1539251766281267,0.0505,0.6841703004369599,0.8368040391871924,1.244885922484466,1.901233546937356,2.949929490682786
2023-10-02 18:35:00,155.5862696209007,4.374461330445287,0.7893439615805374,3.2387608197497597,0.26660322571333434,0.2982094165995757,1.0,2.6,0.4,0.6841703004369599,0.8368040391871924,1.244885922484466,1.901233546937356,2.949929490682786
2023-10-02 18:40:00,154.93426998977435,5.0075273505000215,1.2555129635245457,3.1395528445733927,0.2710364557202292,0.3006881812057305,1.0,2.6,0.4,0.6841703004369599,0.8368040391871924,1.244885922484466,1.901233546937356,2.949929490682786
2023-10-02 18:45:00,156.89008838599233,4.428794458763896,1.0513768132179848,2.8812677670442635,0.27592771689756496,0.3006926569231141,1.0,2.6,0.4,0.6666940827696013,0.8027353237524807,1.198478635604323,1.8127724622798087,2.6600007518795934
2023-10-02 18:50:00,154.93393937968503,4.483018514230008,1.2259035408086085,2.6656067824165373,0.2776558063275381,0.29945400096318503,1.0,2.6,0.4,0.6666940827696013,0.8027353237524807,1.198478635604323,1.8127724622798087,2.6600007518795934
2023-10-02 18:55:00,152.97858269612817,3.6063013091615908,0.8129508004511758,2.4393762222005053,0.2776558063275381,0.2922514523534529,1.0,2.6,0.4,0.6666940827696013,0.8027353237524807,1.198478635604323,1.8127724622798087,2.6600007518795934
2023-10-02 19:00:00,152.9783843983095,3.378443158528141,0.6782126833275819,2.4283932111311133,0.2931096514837102,0.2865961447348671,0.04428317965096906,0.13477151034250526,0.034481879299133336,0.654926713457315,0.7710830046110472,1.1404931564897705,1.6836478996512303,2.4215647833580665
2023-10-02 19:05:00,152.32661774533108,3.0889155797960313,0.59974025417237,2.2696161452679275,0.2812531185986818,0.27825008130318624,1.0,2.6,0.4,0.654926713457315,0.7710830046110472,1.1404931564897705,1.6836478996512303,2.4215647833580665
2023-10-02 19:10:00,151.02351523072554,3.179988540116219,0.7478302580072085,2.1215278407061793,0.28125313687854864,0.28660408819952415,1.0,2.6,0.4,0.654926713457315,0.7710830046110472,1.1404931564897705,1.6836478996512303,2.4215647833580665
2023-10-02 19:15:00,150.37204920116926,3.1056735231693833,0.6910755831427976,2.1384124573191556,0.2776558584057529,0.27825726312684257,1.0,2.6,0.4,0.6178745827431324,0.7106511098985212,1.0413269227288806,1.59103936154955,2.353409441639937
2023-10-02 19:20:00,150.3718509985079,3.0644563708161137,0.7194024703554077,2.0528242697289714,0.2776558584057529,0.2782608493898603,1.0,2.6,0.4,0.6178745827431324,0.7106511098985212,1.0413269227288806,1.59103936154955,2.353409441639937
2023-10-02 19:25:00,150.3717188634044,2.8499158287511817,0.6911100221908223,1.8870768633569666,0.26802869450797245,0.2782644358463873,1.0,2.6,0.4,0.6178745827431324,0.7106511098985212,1.0413269227288806,1.59103936154955,2.353409441639937
2023-10-02 19:30:00,149.06909465358672,2.6194400453640463,0.5162290324127978,1.9453940668329945,0.26265126434267383,0.2772883282289863,0.037336309405188936,0.09651942809610922,0.02739069184960468,0.619641832028794,0.7120737321373399,1.052209104693549,1.6262860295778232,2.7629325000803044
2023-10-02 19:35:00,149.72013491810347,2.4840132597050237,0.4100767165806853,1.9992198751474317,0.2666033088770783,0.26915918672478056,1.0,2.6,0.4,0.619641832028794,0.7120737321373399,1.052209104693549,1.6262860295778232,2.7629325000803044
2023-10-02 19:40:00,150.3713224581138,2.6402168212566792,0.4526692261897679,2.0760030708547688,0.2776559104840095,0.27729542425397324,1.0,2.6,0.4,0.619641832028794,0.7120737321373399,1.052209104693549,1.6262860295778232,2.7629325000803044
2023-10-02 19:45:00,149.71993674002942,3.131152440793609,0.6023723694358516,2.307052816928794,0.27592783509857893,0.2753838355574954,1.0,2.6,0.4,0.599634055070257,0.6794115100585211,1.0070173782015879,1.6286528942656873,2.8848743473503315
2023-10-02 19:50:00,149.06850019402762,2.8628386908927226,0.5973841699464474,2.050380892307167,0.27261728783971584,0.2735325287941692,1.0,2.6,0.4,0.599634055070257,0.6794115100585211,1.0070173782015879,1.6286528942656873,2.8848743473503315
2023-10-02 19:55:00,149.06843414296972,2.3942532146540603,0.4688948548096027,1.8049850274466055,0.2850327668016299,0.26917136887841736,1.0,2.6,0.4,0.599634055070257,0.6794115100585211,1.0070173782015879,1.6286528942656873,2.8848743473503315
2023-10-02 20:00:00,148.41714602582903,2.5255925129355425,0.48768007100346356,1.9016737443443776,0.2850327668016299,0.2652143244706945,0.03832753579347361,0.10368336414295207,0.02739069184960468,0.5716021343557073,0.6359630492410703,0.9434732428638344,1.4316425007661655,2.1084838154465406
2023-10-02 20:05:00,147.11495330146155,1.9584113749826177,0.41233905583828456,1.4787579115273755,0.2931098597764847,0.26597589177796654,1.0,2.6,0.4,0.5716021343557073,0.6359630492410703,0.9434732428638344,1.4316425007661655,2.1084838154465406
2023-10-02 20:10:00,147.11482125045987,1.8171579871470143,0.43681689599954787,1.2988969910332908,0.2812532831176446,0.26168215985271753,1.0,2.6,0.4,0.5716021343557073,0.6359630492410703,0.9434732428638344,1.4316425007661655,2.1084838154465406
2023-10-02 20:15:00,146.46378682815052,1.9383745011832318,0.4527655723144474,1.3882221855188663,0.2889873799254435,0.2630479072100936,1.0,2.6,0.4,0.573551218288306,0.6316613016482805,0.9362415073046056,1.4241474642746799,2.2426644867210968
2023-10-02 20:20:00,145.81290524762426,1.9384774726483414,0.3929623451158826,1.4949720231083123,0.29310992226439403,0.2652253451377302,1.0,2.6,0.4,0.573551218288306,0.6316613016482805,0.9362415073046056,1.4241474642746799,2.2426644867210968
2023-10-02 20:25:00,145.16204565228347,2.1538276327346253,0.39723780178024437,1.6978258457839066,0.2726173514887636,0.2616894999675677,1.0,2.6,0.4,0.573551218288306,0.6316613016482805,0.9362415073046056,1.4241474642746799,2.2426644867210968
2023-10-02 20:30:00,145.1619136544758,2.2314196822421426,0.5115977762650844,1.5731319496723386,0.2726173514887636,0.2667658540764204,0.03634556369077249,0.06556706490304412,0.021914607000811125,0.5820687244647319,0.6396882053000509,0.9582238569353196,1.476277751644317,2.2112159550799193
2023-10-02 20:35:00,144.51114326833252,2.125527407592756,0.5285083767512282,1.44265932811949,0.2776560320001043,0.2616943879220572,1.0,2.6,0.4,0.5820687244647319,0.6396882053000509,0.9582238569353196,1.476277751644317,2.2112159550799193
2023-10-02 20:40:00,145.8123771845418,2.3256209932049923,0.45513228907317127,1.761618723749732,0.26660339204101124,0.2616968355827513,1.0,2.6,0.4,0.5820687244647319,0.6396882053000509,0.9582238569353196,1.476277751644317,2.2112159550799193
2023-10-02 20:45:00,145.16151766107478,2.7033504246250724,0.5164526664617918,2.0276960965528157,0.26802882398534095,0.26169928348252647,1.0,2.6,0.4,0.5720874059092719,0.6220128616033594,0.9276939150387912,1.389338061812171,2.0700241544484452
2023-10-02 20:50:00,145.16138566328178,2.5389887687663557,0.4831050402058471,1.9227480948491393,0.2710366869042656,0.4166666666666667,1.0,2.6,0.4,0.5720874059092719,0.6220128616033594,0.9276939150387912,1.389338061812171,2.0700241544484452
2023-10-02 20:55:00,145.16125366549247,2.4734226406275766,0.47373140462228586,1.8744312575005424,0.2869887732659781,0.2610483820986298,1.0,2.6,0.4,0.5720874059092719,0.6220128616033594,0.9276939150387912,1.389338061812171,2.0700241544484452
2023-10-02 21:00:00,144.51048337040834,2.5843947528514017,0.44830907316004875,2.0286232308444614,0.28698879286009077,0.26170662196209726,0.037336309405188936,0.059644278853885055,0.018027756377319945,0.6001866376386599,0.6497884271053156,0.9493281835066312,1.4124469016568375,2.1980363964229523
2023-10-02 21:05:00,145.1609896699248,2.494153321422579,0.43470976095589664,1.963962042337814,0.27765610143797503,0.26170907081748024,1.0,2.6,0.4,0.6001866376386599,0.6497884271053156,0.9493281835066312,1.4124469016568375,2.1980363964229523
2023-10-02 21:10:00,145.16085767214648,2.4901568887514256,0.4168987140744521,1.9926013478100004,0.26802885275814636,0.26171151991191083,1.0,2.6,0.4,0.6001866376386599,0.6497884271053156,0.9493281835066312,1.4124469016568375,2.1980363964229523
2023-10-02 21:15:00,144.51008743169842,2.383670839092622,0.3973623436172308,1.9240435206882962,0.28312088529573576,0.26171396258926094,1.0,2.6,0.4,0.5672953375447396,0.6097548687792497,0.9009443046048962,1.2935301504023784,1.9464233866248113
2023-10-02 21:20:00,145.16059367660083,2.163127537565688,0.37024202903740794,1.7591477756758056,0.297393663103927,0.26171641216111696,1.0,2.6,0.4,0.5672953375447396,0.6097548687792497,0.9009443046048962,1.2935301504023784,1.9464233866248113
2023-10-02 21:25:00,144.50982347257712,2.0736797314085385,0.3602203946562206,1.6911892948349598,0.2850330159450957,0.26171886862942095,1.0,2.6,0.4,0.5672953375447396,0.6097548687792497,0.9009443046048962,1.2935301504023784,1.9464233866248113
2023-10-02 21:30:00,145.1602636821894,1.9399113631011422,0.37026522698449804,1.5398067397998714,0.2973937063235803,0.26680037428712894,0.03337663853655728,0.058461611335986964,0.01680029761641144,0.5388886712485242,0.5716021343557073,0.855520052365811,1.2339890599190901,1.7189822570346678
2023-10-02 21:35:00,145.16019768330986,1.847088521184606,0.3562992694250626,1.4768116490170797,0.27261747878709486,0.4166666666666667,1.0,2.6,0.4,0.5388886712485242,0.5716021343557073,0.855520052365811,1.2339890599190901,1.7189822570346678
2023-10-02 21:40:00,144.509427533923,1.8915900901881966,0.34096783085426935,1.5521977782195229,0.27103676396586096,0.4166666666666667,1.0,2.6,0.4,0.5388886712485242,0.5716021343557073,0.855520052365811,1.2339890599190901,1.7189822570346678
2023-10-02 21:45:00,145.159867688926,1.9726182923894013,0.37438039053322725,1.5637872710388878,0.277656188235418,0.2610722277428762,1.0,2.6,0.4,0.5370437598557496,0.5750269558898956,0.8765004050198721,1.3373645725829588,2.111706418989155
2023-10-02 21:50:00,147.11211420570262,2.1393089669068353,0.3995930646448217,1.6791443601391112,0.27592810527319667,0.26173110795092935,1.0,2.6,0.4,0.5370437598557496,0.5750269558898956,0.8765004050198721,1.3373645725829588,2.111706418989155
2023-10-02 21:55:00,145.81033094064426,2.3231207642197838,0.3744038011871793,1.908777904511795,0.2759281221591506,0.2617335591951873,1.0,2.6,0.4,0.5370437598557496,0.5750269558898956,0.8765004050198721,1.3373645725829588,2.111706418989155
2023-10-02 22:00:00,145.81013291708746,2.3846296264890494,0.3662916428140164,1.9858772929306285,0.2776562229544277,0.2617360173403906,1.0,2.6,0.4,0.5640221626851201,0.6063406633238447,0.9110410748149612,1.3021351696348578,1.7833911517106955
2023-10-02 22:05:00,145.15933969795944,2.5077571904581055,0.4259066363431132,1.9934119201851042,0.2695069905520918,0.26173846240063803,1.0,2.6,0.4,0.5640221626851201,0.6063406633238447,0.9110410748149612,1.3021351696348578,1.7833911517106955
2023-10-02 22:10:00,145.159207700227,2.078679760137006,0.4061198642691505,1.6075611902767046,0.2695070054557805,0.2660463230600698,1.0,2.6,0.4,0.5640221626851201,0.6063406633238447,0.9110410748149612,1.3021351696348578,1.7833911517106955
2023-10-02 22:15:00,145.80973686999826,1.8076059227829118,0.39751155590213993,1.359377845438667,0.2759281559310725,0.2617433598980459,1.0,2.6,0.4,0.5581254339304024,0.5952554073672913,0.8821379483958277,1.249100576414886,1.8354389120861527
2023-10-02 22:20:00,146.46041997492438,1.7835654394110518,0.41049886351866854,1.3127005126622546,0.2666035306479863,0.2617458123364899,1.0,2.6,0.4,0.5581254339304024,0.5952554073672913,0.8821379483958277,1.249100576414886,1.8354389120861527
2023-10-02 22:25:00,150.36669773191858,1.67938973912489,0.38693012680444766,1.2551458853016804,0.26144487131715827,0.26683203232089153,1.0,2.6,0.4,0.5581254339304024,0.5952554073672913,0.8821379483958277,1.249100576414886,1.8354389120861527
2023-10-02 22:30:00,166.01938574498922,1.6036766307502188,0.4462718360032059,1.080606464487253,0.26265144785451927,0.27549725467052705,1.0,0.058461611335986964,0.01680029761641144,0.5745337239884183,0.6114769006266713,0.8898030343845766,1.303096408559244,2.00996915399217
2023-10-02 22:35:00,152.3208016969187,1.8241196544236717,0.5532862350090727,1.117005306430521,0.4166666666666667,0.29965415795330663,1.0,2.6,0.4,0.5745337239884183,0.6114769006266713,0.8898030343845766,1.303096408559244,2.00996915399217
2023-10-02 22:40:00,149.71504834991723,1.840342610830542,0.49050906312382747,1.2313281881832612,3.8641953000000004,0.2668406767390478,1.0,2.6,0.4,0.5745337239884183,0.6114769006266713,0.8898030343845766,1.303096408559244,2.00996915399217
2023-10-02 22:45:00,149.0636784690276,1.9657470588613568,0.4394949926112851,1.4376427350726848,3.8641953000000004,0.2692751280137824,1.0,2.6,0.4,0.6155331022780173,0.6627405223765934,0.9574774357654596,1.4188172010516364,2.216167863678201
2023-10-02 22:50:00,149.7147841127443,1.9213173038096423,0.417157825255497,1.4340196611497116,0.4166666666666667,0.26176051864789773,1.0,2.6,0.4,0.6155331022780173,0.6627405223765934,0.9574774357654596,1.4188172010516364,2.216167863678201
2023-10-02 22:55:00,149.71465199416286,1.8325843292269088,0.39122257546670475,1.3951791925599348,0.4166666666666667,0.26845422611597236,1.0,2.6,0.4,0.6155331022780173,0.6627405223765934,0.9574774357654596,1.4188172010516364,2.216167863678201
2023-10-02 23:00:00,147.761120869626,1.7642737496522898,0.37867493615949105,1.3524679301096252,3.8641953000000004,0.2692842910701718,0.03337663853655728,0.050205975739945535,0.015620499351813309,0.6347290760631658,0.6958850479784718,1.0305659804204679,1.420946955378701,1.9803524938757746
2023-10-02 23:05:00,148.41206074429616,1.676187081498497,0.36644071067944933,1.2906319233416597,3.8641953000000004,0.26176788836389003,1.0,2.6,0.4,0.6347290760631658,0.6958850479784718,1.0305659804204679,1.420946955378701,1.9803524938757746
2023-10-02 23:10:00,148.41192865912936,1.7043006160508176,0.3664522077031227,1.3177915244675829,0.4166666666666667,0.2668579637388821,1.0,2.6,0.4,0.6347290760631658,0.6958850479784718,1.0305659804204679,1.420946955378701,1.9803524938757746
2023-10-02 23:15:00,149.06288585713082,1.8047926857941368,0.364455388686925,1.41927452440626,3.8641953000000004,0.26929346443608326,1.0,2.6,0.4,0.601295268566118,0.6341135544995076,0.9110410748149612,1.2737821634800826,1.7564896811538633
2023-10-02 23:20:00,148.41166448880603,1.9502634369584158,0.3891699273881284,1.513593389607438,3.8641953000000004,0.2692965170822031,1.0,2.6,0.4,0.601295268566118,0.6341135544995076,0.9110410748149612,1.2737821634800826,1.7564896811538633
2023-10-02 23:25:00,148.4114663610725,1.986835935764769,0.38288833643761155,1.5612814069166847,0.4166666666666667,0.26929956994416626,1.0,2.6,0.4,0.601295268566118,0.6341135544995076,0.9110410748149612,1.2737821634800826,1.7564896811538633
2023-10-02 23:30:00,148.41140031849642,1.9221357679613118,0.3955605501411362,1.474199299556282,0.4166666666666667,0.26686948762175083,0.032388269481403296,0.058461611335986964,0.015620499351813309,0.6274081606099813,0.6693466964137494,0.9582238569353196,1.3383610312617444,1.8135865019347712
2023-10-02 23:35:00,148.4112682333468,1.9627226454942466,0.3934430162757571,1.5177340635695091,0.4166666666666667,0.2624580311996501,1.0,2.6,0.4,0.6274081606099813,0.6693466964137494,0.9582238569353196,1.3383610312617444,1.8135865019347712
2023-10-02 23:40:00,148.41107010562874,2.272186145428529,0.4788878683910606,1.6680746897041994,0.28898802039243393,0.26459122153491643,1.0,2.6,0.4,0.6274081606099813,0.6693466964137494,0.9582238569353196,1.3383610312617444,1.8135865019347712
2023-10-02 23:45:00,148.41093802048763,2.47296846858808,0.48125289247713093,1.8609661317454786,0.2869892827142763,0.2653384815126447,1.0,2.6,0.4,0.7056939846704094,0.7567192345910073,1.0606601717798212,1.4521738876594634,1.9648806579535563
2023-10-02 23:50:00,149.0619611434054,2.4197589856723445,0.46722889749719176,1.8329547138986881,0.274248489090141,0.2676758964218375,1.0,2.6,0.4,0.7056939846704094,0.7567192345910073,1.0606601717798212,1.4521738876594634,1.9648806579535563
2023-10-02 23:55:00,149.0618290414582,2.551195165829084,0.48363674934966844,1.9338531572409225,0.2794319520526107,0.26931792511965114,1.0,2.6,0.4,0.7056939846704094,0.7567192345910073,1.0606601717798212,1.4521738876594634,1.9648806579535563
2023-10-03 00:00:00,5792.640440000001,63.239320719999995,15.339260352,38.895371761322025,3.8641953000000004,2.6695233,0.03337663853655728,0.06912712926196196,0.01929378138157474,0.7056939846704094,0.7567192345910073,1.0606601717798212,1.4521738876594634,1.9648806579535563
2023-10-03 00:15:00,149.71247203805166,3.4312288431804,0.4813388468528831,2.809936553686055,0.27765653542635205,0.26933016065487375,1.0,2.6,0.4,0.8757630958198684,0.9307120929696788,1.2564091690209842,1.671604094874142,2.6054358560517277
2023-10-03 00:20:00,150.363592560885,3.7840399920478425,0.5413631059574322,3.057133444109448,0.2794320055254026,0.2719135034630214,1.0,2.6,0.4,0.8757630958198684,0.9307120929696788,1.2564091690209842,1.671604094874142,2.6054358560517277
2023-10-03 00:25:00,151.01479325355865,4.274733672333085,0.575848486583065,3.4874996156896887,0.27765655278594753,0.2784800861120978,1.0,2.6,0.4,0.8757630958198684,0.9307120929696788,1.2564091690209842,1.671604094874142,2.6054358560517277
2023-10-03 00:30:00,151.0147271780282,4.291498836187917,0.5123111250322254,3.612666191428064,0.27592844299317393,0.27848368436439663,0.03832753579347361,0.09890682484035163,0.02462214450449026,0.9030526009042884,0.9518928511129812,1.253522780008405,1.6848548898940823,2.328045532200777
2023-10-03 00:35:00,151.01452895144183,3.9505843821926367,0.46968444872017245,3.3478237794639227,0.2710370722134916,0.27653642160439845,1.0,2.6,0.4,0.9030526009042884,0.9518928511129812,1.253522780008405,1.6848548898940823,2.328045532200777
2023-10-03 00:40:00,151.0143968003883,3.53131986104733,0.4196516232369065,3.0215512407516734,0.2695072439154906,0.2728183420711753,1.0,2.6,0.4,0.9030526009042884,0.9518928511129812,1.253522780008405,1.6848548898940823,2.328045532200777
2023-10-03 00:45:00,152.96880001215067,3.444353498951678,0.48613984723891274,2.8145447048391437,0.2759284767652758,0.27849448027953455,1.0,2.6,0.4,0.8955718843286674,0.9510420600583341,1.2747739564330611,1.671604094874142,2.2343688146767535
2023-10-03 00:50:00,152.31703448702314,3.303579369320265,0.4767409972868144,2.6911189095672055,0.2666037385594334,0.2784980991338397,1.0,2.6,0.4,0.8955718843286674,0.9510420600583341,1.2747739564330611,1.671604094874142,2.2343688146767535
2023-10-03 00:55:00,161.44583644175458,3.1588067062463883,0.45353728935036297,2.5885904858421767,0.2742486039155694,0.2785016884368856,1.0,2.6,0.4,0.8955718843286674,0.9510420600583341,1.2747739564330611,1.671604094874142,2.2343688146767535
2023-10-03 01:00:00,153.6201129029209,3.237552649934258,0.4791167441585535,2.621311409916555,0.26265160689911804,0.2913973783644793,0.03634556369077249,0.11204713293966964,0.028792360097775936,0.9827085020493107,1.0797448772742568,1.4416495551971011,2.0643730283066573,3.004384129900836
2023-10-03 01:05:00,152.31663793876317,3.2956364129160014,0.4956775830546884,2.6500296461224324,0.26950727372304584,0.27374249175415427,1.0,2.6,0.4,0.9827085020493107,1.0797448772742568,1.4416495551971011,2.0643730283066573,3.004384129900836
2023-10-03 01:10:00,152.3165718473893,3.237779100309383,0.4862119894830504,2.60907634212764,0.2695072886268311,0.27466900594696575,1.0,2.6,0.4,0.9827085020493107,1.0797448772742568,1.4416495551971011,2.0643730283066573,3.004384129900836
2023-10-03 01:15:00,171.89386596988243,2.907158410922701,0.4605082060060523,2.3263209672859633,0.27765667430324625,0.2775328685308031,1.0,2.6,0.4,0.9973810706044105,1.098400655498712,1.4942549180109799,2.118385293094719,3.029867983922732
2023-10-03 01:20:00,190.8652282971063,2.614696383240408,0.43764991680255483,2.0777386608607746,0.27765667430324625,0.2880079145568387,1.0,2.6,0.4,0.9973810706044105,1.098400655498712,1.4942549180109799,2.118385293094719,3.029867983922732
2023-10-03 01:25:00,192.82972363483032,2.487427763284291,0.44903428406255314,1.9316280817913123,0.27765669166287893,0.3771129372643567,1.0,2.6,0.4,0.9973810706044105,1.098400655498712,1.4942549180109799,2.118385293094719,3.029867983922732
2023-10-03 01:30:00,156.87864549970624,2.4095975173576076,0.4219975436545264,1.9036746559435447,0.27765670902251627,0.3589855716111721,0.03337663853655728,0.11563321322180752,0.03592005011132362,0.9038855015985157,0.9852923424040197,1.3316832055710548,1.7915586091445626,2.752236181725689
2023-10-03 01:35:00,166.014086866537,2.569793709863909,0.41318731833603495,2.0782481990725308,0.2759285780816953,0.28054102939766923,1.0,2.6,0.4,0.9038855015985157,0.9852923424040197,1.3316832055710548,1.7915586091445626,2.752236181725689
2023-10-03 01:40:00,205.93507599095554,2.9531292834699796,0.4422363015974106,2.404753280113404,0.2710371801006346,0.29495214456043045,1.0,2.6,0.4,0.9038855015985157,0.9852923424040197,1.3316832055710548,1.7915586091445626,2.752236181725689
2023-10-03 01:45:00,268.9852027483785,3.4913422092670374,0.5343080720501221,2.778022618676009,0.27765672638215827,0.45966968087558874,1.0,2.6,0.4,1.0629412025131024,1.159360168368743,1.5401503303249329,2.0107909513422824,2.6882894189428344
2023-10-03 01:50:00,247.29080581692872,3.7446147962196186,0.682176527739493,2.784934665036014,0.28312163437336885,0.47677553311249166,1.0,2.6,0.4,1.0629412025131024,1.159360168368743,1.5401503303249329,2.0107909513422824,2.6882894189428344
2023-10-03 01:55:00,278.85119640296824,3.595284099410825,0.5711755887077108,2.819068130764015,0.2776567611014562,0.49218042712846677,1.0,2.6,0.4,1.0629412025131024,1.159360168368743,1.5401503303249329,2.0107909513422824,2.6882894189428344
2023-10-03 02:00:00,258.46416831761553,3.6202997113485718,0.5343539558465561,2.906163872757561,0.27592862873996893,0.547321745481248,0.03931920650267501,0.11682876358157693,0.04903060268852505,1.2320211037153546,1.3435062337034391,1.7449972378201635,2.2746096368388136,3.0736564544529044
2023-10-03 02:05:00,330.8540782385135,3.7075923340959798,0.6439686265646657,2.8102988083862055,0.29523322459260115,0.5433338878848811,1.0,2.6,0.4,1.2320211037153546,1.3435062337034391,1.7449972378201635,2.2746096368388136,3.0736564544529044
2023-10-03 02:10:00,295.9587496884303,3.6080812693032884,0.6439854183044084,2.7114788519073176,0.2812541971184789,0.5175771593692118,1.0,2.6,0.4,1.2320211037153546,1.3435062337034391,1.7449972378201635,2.2746096368388136,3.0736564544529044
2023-10-03 02:15:00,313.073770611714,3.612347190574655,0.6720244597185924,2.6701262285046585,0.29311113037096514,0.4768075286051595,1.0,2.6,0.4,1.3286688827544657,1.4349303118967136,1.861750788908118,2.5364465300888956,3.637520584134198
2023-10-03 02:20:00,268.98393525854385,3.8408575396583626,0.707976965995802,2.8388324117040606,0.2812542153986096,0.41012546934813815,1.0,2.6,0.4,1.3286688827544657,1.4349303118967136,1.861750788908118,2.5364465300888956,3.637520584134198
2023-10-03 02:25:00,273.58772900486787,3.757892378576261,0.7157306792772371,2.7440243550491714,0.2889885407749722,0.4391816864944685,1.0,2.6,0.4,1.3286688827544657,1.4349303118967136,1.861750788908118,2.5364465300888956,3.637520584134198
2023-10-03 02:30:00,266.3531398946596,3.3265668388859875,0.7234960840512998,2.304600709400806,0.2759286962844001,0.4263490093761279,0.07217340230306452,0.17907942372031466,0.06378871373526825,1.1919412737211512,1.290774961021479,1.6910184386930853,2.2208757281757125,2.9735002942660023
2023-10-03 02:35:00,238.0913452969986,2.665701788370755,0.5961883980508569,1.8585691980947436,0.2776568478997824,0.392567876302883,1.0,2.6,0.4,1.1919412737211512,1.290774961021479,1.6910184386930853,2.2208757281757125,2.9735002942660023
2023-10-03 02:40:00,224.95832495866603,2.4767250344880662,0.549136186782779,1.750383339649146,0.27592871317051976,0.36230393348841883,1.0,2.6,0.4,1.1919412737211512,1.290774961021479,1.6910184386930853,2.2208757281757125,2.9735002942660023
2023-10-03 02:45:00,217.08290909564448,2.2556568402989225,0.5491512987104923,1.5349561168241408,0.2776568652594616,0.3721849203044511,1.0,2.6,0.4,0.9621247320384193,1.054127127058212,1.425287339451242,1.878323720768068,2.5060095769968638
2023-10-03 02:50:00,230.86668958484378,2.0804280538861253,0.5031374585777006,1.440750972638912,0.2776568826191454,0.3772121663338154,1.0,2.6,0.4,0.9621247320384193,1.054127127058212,1.425287339451242,1.878323720768068,2.5060095769968638
2023-10-03 02:55:00,238.7475905449828,1.9708852719945786,0.4959985396023342,1.3470195852923925,0.27424884997085475,0.3891371966124295,1.0,2.6,0.4,0.9621247320384193,1.054127127058212,1.425287339451242,1.878323720768068,2.5060095769968638
2023-10-03 03:00:00,234.1497066214268,1.80531353299486,0.48416867173000144,1.208413815338322,0.2626517414760419,0.4578806347679518,0.05024937810560445,0.10607242808571886,0.03736308338453881,0.8408186486989927,0.9273408219203985,1.2592992337010294,1.7433255576627102,2.4800532252352974
2023-10-03 03:05:00,244.65987704667592,1.5812455307920876,0.47478195832979597,1.0141930515333293,0.2639142845416265,0.42639238819610237,1.0,2.6,0.4,0.8408186486989927,0.9273408219203985,1.2592992337010294,1.7433255576627102,2.4800532252352974
2023-10-03 03:10:00,349.2956053878154,1.4076161777995568,0.4267110947917632,0.9320457998515216,0.26265175371034066,0.49034253674767053,1.0,2.6,0.4,0.8408186486989927,0.9273408219203985,1.2592992337010294,1.7433255576627102,2.4800532252352974
2023-10-03 03:15:00,515.4540485606889,1.5933751010935928,0.46084301498489544,1.0474400294828705,0.26391429732618915,0.4541408975655463,1.0,2.6,0.4,0.746268048357961,0.8248248298881405,1.1586812503876982,1.6464701637138768,2.3551042439773235
2023-10-03 03:20:00,361.15479897228334,1.6173678522562098,0.43571415100259775,1.1108755020335068,0.2626517659446449,0.36890814329923644,1.0,2.6,0.4,0.746268048357961,0.8248248298881405,1.1586812503876982,1.6464701637138768,2.3551042439773235
2023-10-03 03:25:00,328.8751124060922,1.8299939210117506,0.4678338124352566,1.2587372914323116,0.4166666666666667,0.352717981019004,1.0,2.6,0.4,0.746268048357961,0.8248248298881405,1.1586812503876982,1.6464701637138768,2.3551042439773235
2023-10-03 03:30:00,358.51870427636,2.449073009728114,0.6139237243769493,1.6185108274727866,0.4166666666666667,0.32835038181068726,0.04031128874149276,0.08936128915811364,0.034481879299133336,0.723553038829912,0.7933826315215126,1.1198475610546286,1.6015620499999366,2.2393445469601145
2023-10-03 03:35:00,330.1918766555977,2.252624820607933,0.5008812115880927,1.6116925037094074,0.2652319853422768,0.3197792376438472,1.0,2.6,0.4,0.723553038829912,0.7933826315215126,1.1198475610546286,1.6015620499999366,2.2393445469601145
2023-10-03 03:40:00,351.9296216820181,2.0855347730324207,0.44483716417345787,1.544754557793918,0.26265177817895463,0.30243198123451454,1.0,2.6,0.4,0.723553038829912,0.7933826315215126,1.1198475610546286,1.6015620499999366,2.2393445469601145
2023-10-03 03:45:00,307.1450732779198,2.572605141398062,0.5889217873517338,1.779176918032099,0.26144517489752417,0.32547003775493377,1.0,2.6,0.4,0.6760362416320592,0.7440436815133907,1.0572715072298127,1.6476620557626493,2.704238155192697
2023-10-03 03:50:00,278.84699240114105,4.171473358929219,0.9735536494085096,2.7472719051052326,0.26950754199195803,0.3170111073216367,1.0,2.6,0.4,0.6760362416320592,0.7440436815133907,1.0572715072298127,1.6476620557626493,2.704238155192697
2023-10-03 03:55:00,364.4480421305415,4.675454289804934,1.0697135512019373,3.0974599168035,0.27943252243117395,0.31563926264770875,1.0,2.6,0.4,0.6760362416320592,0.7440436815133907,1.0572715072298127,1.6476620557626493,2.704238155192697
2023-10-03 04:00:00,386.19603403416784,3.656294190250069,0.7471269331058706,2.5930811941275818,0.2652320119959356,0.3418412452636101,0.03337663853655728,0.06675327707311456,0.02462214450449026,0.6256005115087423,0.6834881125520765,0.9841360881504142,1.475174650676997,2.106873513051982
2023-10-03 04:05:00,217.73648471819328,4.196800521172513,0.7523386775727163,3.1212320326560334,0.27261821075859893,0.352762425810945,1.0,2.6,0.4,0.6256005115087423,0.6834881125520765,0.9841360881504142,1.475174650676997,2.106873513051982
2023-10-03 04:10:00,271.61068506926904,6.608453773877164,1.2661645259428371,4.71643800273028,0.29102964686751986,0.3198141325231622,1.0,2.6,0.4,0.6256005115087423,0.6834881125520765,0.9841360881504142,1.475174650676997,2.106873513051982
2023-10-03 04:15:00,230.86382552646333,6.22417367212909,1.2257087907755668,4.396133940779533,0.2952336915219232,0.3050159960180787,1.0,2.6,0.4,0.604648658313239,0.6740207711932918,1.0038206214259597,1.5040785385078799,2.1832544515012446
2023-10-03 04:20:00,194.13430689661655,4.484426894758307,0.8834837806678868,3.198919427712223,0.2850341850125945,0.2950896256894783,1.0,2.6,0.4,0.604648658313239,0.6740207711932918,1.0038206214259597,1.5040785385078799,2.1832544515012446
2023-10-03 04:25:00,196.75441424970455,4.7887175356610125,0.8967214350949775,3.480670406309025,0.28125454444172754,0.29041834003908845,1.0,2.6,0.4,0.604648658313239,0.6740207711932918,1.0038206214259597,1.5040785385078799,2.1832544515012446
2023-10-03 04:30:00,196.75428133580436,4.46384459636218,0.8229496701152349,3.27419617503921,0.2776571082954582,0.28169922732847624,0.027459060435491962,0.045512196167620825,0.015620499351813309,0.596888599321515,0.6466065264130884,0.9515394684404846,1.3147099490001588,1.764940792208056
2023-10-03 04:35:00,198.0644847465218,3.8939034486351196,0.8098564950063968,2.728954678168437,0.27424904681586454,0.2767044855855033,1.0,2.6,0.4,0.596888599321515,0.6466065264130884,0.9515394684404846,1.3147099490001588,1.764940792208056
2023-10-03 04:40:00,179.73328256371053,5.339629347275318,1.21503406586405,3.5319784696499443,0.28503424250812986,0.29510681632366575,1.0,2.6,0.4,0.596888599321515,0.6466065264130884,0.9515394684404846,1.3147099490001588,1.764940792208056
2023-10-03 04:45:00,181.69562156705936,9.165020516241192,2.205987062541656,5.818495140242097,0.30876421938297555,0.3102813925706877,1.0,2.6,0.4,0.6097548687792497,0.6647134721065913,0.9818090241997168,1.3966477723463422,1.9326603426365432
2023-10-03 04:50:00,188.8945112343543,8.930811912766035,2.3675704624042875,5.337089285471007,0.29739534868161693,0.30249549408829896,1.0,2.6,0.4,0.6097548687792497,0.6647134721065913,0.9818090241997168,1.3966477723463422,1.9326603426365432
2023-10-03 04:55:00,179.07877627798868,7.893349074708959,2.301867883051245,4.403920799837629,0.29102978985348965,0.3076502240129619,1.0,2.6,0.4,0.6097548687792497,0.6647134721065913,0.9818090241997168,1.3966477723463422,1.9326603426365432
2023-10-03 05:00:00,173.1943354639985,13.088740899559868,4.053545445521666,6.905378957006285,0.30641842375358364,0.3212704974882792,0.029427877939124318,0.05491812087098392,0.01345362404707371,0.5941725338653748,0.6447084612443054,0.9508014303733456,1.4220130097857755,2.2977562969122727
2023-10-03 05:05:00,169.27369003946635,12.758043025960209,3.7291964256981935,7.071436061533579,0.2973953919018603,0.3198689633794142,1.0,2.6,0.4,0.5941725338653748,0.6447084612443054,0.9508014303733456,1.4220130097857755,2.2977562969122727
2023-10-03 05:10:00,170.58008863928285,8.086208782825762,2.373173755418912,4.486870468794617,0.29739541351198767,0.3012541351689359,1.0,2.6,0.4,0.5941725338653748,0.6447084612443054,0.9508014303733456,1.4220130097857755,2.2977562969122727
2023-10-03 05:15:00,169.27335871317413,7.450569652848787,2.022888690115875,4.390145703402717,0.2850343383341081,0.289322129271665,1.0,2.6,0.4,0.5795248053362341,0.62680459475023,0.9227750321719806,1.4467447079564522,2.474872926030749
2023-10-03 05:20:00,167.96685370042124,8.333342368048303,2.3348859881252157,4.791606646889345,0.28898908117517336,0.30379371180320053,1.0,2.6,0.4,0.5795248053362341,0.62680459475023,0.9227750321719806,1.4467447079564522,2.474872926030749
2023-10-03 05:25:00,166.00746327399048,9.116018454984392,2.644638651710937,5.097517589055421,0.2973954783423925,0.2987831519145014,1.0,2.6,0.4,0.5795248053362341,0.62680459475023,0.9227750321719806,1.4467447079564522,2.474872926030749
2023-10-03 05:30:00,162.09064264392634,7.162454910820939,1.869979401210123,4.337678617312722,0.2973954783423925,0.2927857721006524,1.0,2.6,0.4,0.5701543650626557,0.619641832028794,0.9276939150387912,1.3393584285022437,1.838369930128319
2023-10-03 05:35:00,156.21975728859914,6.619122973675535,1.7499532798042876,3.9809924145802573,0.28503439582974655,0.30508979735757347,1.0,2.6,0.4,0.5701543650626557,0.619641832028794,0.9276939150387912,1.3393584285022437,1.838369930128319
2023-10-03 05:40:00,160.7852752360141,6.773919131662603,1.864573257965051,3.959272099527041,0.27943277197326377,0.3213106205879694,1.0,2.6,0.4,0.5701543650626557,0.619641832028794,0.9276939150387912,1.3393584285022437,1.838369930128319
2023-10-03 05:45:00,160.78514286572903,9.585419442325975,2.7819332787167173,5.35538240593026,0.2910299532662687,0.3284897852048371,1.0,2.6,0.4,0.5590169943749475,0.6040869142764144,0.9036127489140467,1.3205704259902233,1.9617961158081643
2023-10-03 05:50:00,155.56742276896557,7.597943450488921,2.0558977742657203,4.486327055341499,0.29959562884134167,0.3270418247690405,1.0,2.6,0.4,0.5590169943749475,0.6040869142764144,0.9036127489140467,1.3205704259902233,1.9617961158081643
2023-10-03 05:55:00,154.26356720299265,7.798866633953106,2.159876878229196,4.527155221116568,0.29739558639314284,0.29398288984771614,1.0,2.6,0.4,0.5590169943749475,0.6040869142764144,0.9036127489140467,1.3205704259902233,1.9617961158081643
2023-10-03 06:00:00,152.308508705732,5.00790744161305,1.282867549963267,3.09778097386366,0.2831222898220523,0.2748660893690897,1.0,2.6,0.4,0.5546169849544819,0.6040869142764144,0.9179066619215703,1.3050219346815592,1.9023290987628825
2023-10-03 06:05:00,152.95994273200753,5.362673468441782,1.304515271135105,3.4166087230316475,0.27765731661275184,0.27676760636706527,1.0,2.6,0.4,0.5546169849544819,0.6040869142764144,0.9179066619215703,1.3050219346815592,1.9023290987628825
2023-10-03 06:10:00,151.0052783855654,5.0373539779319305,1.1185557435067641,3.3810658711939543,0.2726184335345976,0.27039595102740654,1.0,2.6,0.4,0.5546169849544819,0.6040869142764144,0.9179066619215703,1.3050219346815592,1.9023290987628825
2023-10-03 06:15:00,148.4003051778943,4.670566173050168,1.0355056768036408,3.145807029075862,0.28125481864543267,0.27214315557665403,1.0,2.6,0.4,0.5487039274508613,0.5952554073672913,0.8943510720069607,1.2906804406978516,1.7691817317618899
2023-10-03 06:20:00,147.74910268359076,3.634635535179307,0.7606233950509037,2.55015621000894,0.28699045837505566,0.2633606081850028,1.0,2.6,0.4,0.5487039274508613,0.5952554073672913,0.8943510720069607,1.2906804406978516,1.7691817317618899
2023-10-03 06:25:00,147.7489706157724,2.868611697822394,0.6019375276453011,2.0486317230582363,0.27592920287004946,0.2655602706380851,1.0,2.6,0.4,0.5487039274508613,0.5952554073672913,0.8943510720069607,1.2906804406978516,1.7691817317618899
2023-10-03 06:30:00,147.7488385479575,2.8027028501249336,0.5794885490109617,2.0204863251625307,0.27765736869217983,0.2671123681350533,0.026476404589747454,0.05491812087098392,0.0125,0.5462600113499065,0.596888599321515,0.8996167183862247,1.345362404707371,1.9311354173128308
2023-10-03 06:35:00,147.74870648014613,2.9390312992009813,0.520632203072665,2.2534317016237675,0.27261848127243676,0.2695632088505271,1.0,2.6,0.4,0.5462600113499065,0.596888599321515,0.8996167183862247,1.345362404707371,1.9311354173128308
2023-10-03 06:40:00,147.7485083784355,3.456648423664571,0.6095148146923036,2.6177362472177514,0.2710377041273837,0.26873393198386636,1.0,2.6,0.4,0.5462600113499065,0.596888599321515,0.8996167183862247,1.345362404707371,1.9311354173128308
2023-10-03 06:45:00,147.09745657445174,3.73904710488442,0.6780632627093214,2.7860669871761385,0.27943293239365063,0.2648217664968271,1.0,2.6,0.4,0.5454576060520194,0.6001866376386599,0.9124056992369128,1.3697065379124098,2.175063217472081
2023-10-03 06:50:00,146.4464904695964,4.017682729309931,0.8708543944407247,2.7554941739893675,0.2776574207716497,0.2695724243928773,1.0,2.6,0.4,0.5454576060520194,0.6001866376386599,0.9124056992369128,1.3697065379124098,2.175063217472081
2023-10-03 06:55:00,147.74817820893526,4.375744031063627,0.9956135211941245,2.915363622223099,0.2726185130976875,0.2712887102046001,1.0,2.6,0.4,0.5454576060520194,0.6001866376386599,0.9124056992369128,1.3697065379124098,2.175063217472081
2023-10-03 07:00:00,146.4461603870141,6.099058677285399,1.4863693996240654,3.8685725433281166,0.28503462581268724,0.2871702932378335,0.031400636936215164,0.09055385138137416,0.018027756377319945,0.5434786104346702,0.5979832773581549,0.9110410748149612,1.2983004274820216,1.8020277467342172
2023-10-03 07:05:00,145.14462197339515,5.472733388538017,1.1914172095032673,3.7009670669605814,0.2652322518798245,0.28078575335451067,1.0,2.6,0.4,0.5434786104346702,0.5979832773581549,0.9110410748149612,1.2983004274820216,1.8020277467342172
2023-10-03 07:10:00,147.74778200556366,4.471907308992114,0.8498391932080072,3.2395998335687497,0.26265199839746894,0.2787722291080448,1.0,2.6,0.4,0.5434786104346702,0.5979832773581549,0.9110410748149612,1.2983004274820216,1.8020277467342172
2023-10-03 07:15:00,147.09673029655528,5.990832057573217,1.2805044402839958,4.078660004290562,0.26265201063188304,0.28392570019549285,1.0,2.6,0.4,0.5466635162510848,0.6109017924347578,0.932662511308351,1.3727855804895386,1.9525624189766635
2023-10-03 07:20:00,162.74014568774163,13.047644892751075,3.323547334316131,7.9816289795595505,0.2759293041876909,0.3077861344379903,1.0,2.6,0.4,0.5466635162510848,0.6109017924347578,0.932662511308351,1.3727855804895386,1.9525624189766635
2023-10-03 07:25:00,175.1510977928887,13.169311147553264,3.532435931959913,7.783236200462951,0.28312251454855153,0.3330070214073102,1.0,2.6,0.4,0.5466635162510848,0.6109017924347578,0.932662511308351,1.3727855804895386,1.9525624189766635
2023-10-03 07:30:00,187.58039369102127,14.300639420835731,4.34365592035921,7.671485420580225,0.29311221351229483,0.3436056255734263,0.0304138126514911,0.07625850772208961,0.015620499351813309,0.5546169849544819,0.6280127387243033,0.9559873639332268,1.3748426273577643,1.9788016575695504
2023-10-03 07:35:00,182.34473797178262,15.545224635364466,4.8279304095850195,8.17350182506073,0.33133606543453614,0.3467091314801582,1.0,2.6,0.4,0.5546169849544819,0.6280127387243033,0.9559873639332268,1.3748426273577643,1.9788016575695504
2023-10-03 07:40:00,239.39479361194472,16.341558440322864,4.971076456654845,8.749853973436013,0.34212283680600675,0.3420788876256186,1.0,2.6,0.4,0.5546169849544819,0.6280127387243033,0.9559873639332268,1.3748426273577643,1.9788016575695504
2023-10-03 07:45:00,181.03599896896804,14.338903933779612,4.096238819168381,8.088256133356365,0.3533148363615026,0.3498490059233849,1.0,2.6,0.4,0.5691959240894123,0.6485129142892992,0.9825838590166236,1.4008429605062802,1.9819041349167221
2023-10-03 07:50:00,194.1277955696005,15.927115725486255,4.594193028053376,8.912542651185051,0.3767687322891174,0.3610319929881561,1.0,2.6,0.4,0.5691959240894123,0.6485129142892992,0.9825838590166236,1.4008429605062802,1.9819041349167221
2023-10-03 07:55:00,179.7275102289994,14.65770707907239,4.22010044127882,8.217098272415875,0.4109601632510868,0.34056526952958666,1.0,2.6,0.4,0.5691959240894123,0.6485129142892992,0.9825838590166236,1.4008429605062802,1.9819041349167221
2023-10-03 08:00:00,193.47249591668168,13.325567607448367,3.8873628460458463,7.396010499815257,0.4402766978175509,0.3286292554748991,0.03931920650267501,0.09055385138137416,0.026000000000000002,0.567768438714235,0.6478765314471577,0.9919479018577538,1.4166905978370858,2.0068383093812017
2023-10-03 08:05:00,209.85712640059145,17.641635614287292,5.7034878177933335,8.928053589556978,0.5404853522929494,0.3643043139920388,1.0,2.6,0.4,0.567768438714235,0.6478765314471577,0.9919479018577538,1.4166905978370858,2.0068383093812017
2023-10-03 08:10:00,208.5454876131615,14.980905040138687,4.005699619475618,8.86809812467383,0.6314584998147509,0.3483083621742234,1.0,2.6,0.4,0.567768438714235,0.6478765314471577,0.9919479018577538,1.4166905978370858,2.0068383093812017
2023-10-03 08:15:00,201.9895435411209,11.080848092947447,3.008065298882535,6.501054911345868,0.6314584998147509,0.31316687052355335,1.0,2.6,0.4,0.5550504481576427,0.626202044072039,0.9559873639332268,1.4188172010516364,2.0716186907826453
2023-10-03 08:20:00,207.8894471246506,8.895307530000595,2.459317725551645,5.161158525783423,0.6167007298729315,0.3039585440470501,1.0,2.6,0.4,0.5550504481576427,0.626202044072039,0.9559873639332268,1.4188172010516364,2.0716186907826453
2023-10-03 08:25:00,217.07186109893107,7.393209264233967,2.141600852945344,4.151302287058119,0.642570088569295,0.3001802489845226,1.0,2.6,0.4,0.5550504481576427,0.626202044072039,0.9559873639332268,1.4188172010516364,2.0716186907826453
2023-10-03 08:30:00,273.57445178958505,63.239320719999995,15.339260352,38.895371761322025,3.8641953000000004,2.6695233,0.031400636936215164,0.08459314393022639,0.023259406699226014,0.5550504481576427,0.626202044072039,0.9559873639332268,1.4188172010516364,2.0716186907826453
2023-10-03 08:45:00,207.23297143907968,10.08929722264698,2.7337624600689976,5.931659422449413,0.6240716404397184,0.3286757587809206,1.0,2.6,0.4,0.5450587124338074,0.601295268566118,0.9062987586883257,1.3503911470385164,2.0461915843830463
2023-10-03 08:50:00,206.5771250323154,7.699303787683791,2.0651341193509363,4.573129635860312,0.6686272811047979,0.3145592102381929,1.0,2.6,0.4,0.5450587124338074,0.601295268566118,0.9062987586883257,1.3503911470385164,2.0461915843830463
2023-10-03 08:55:00,248.59038070023874,7.235103515238156,2.0296066169955207,4.165369433358115,0.6425708236959965,0.3229238260289025,1.0,2.6,0.4,0.5450587124338074,0.601295268566118,0.9062987586883257,1.3503911470385164,2.0461915843830463
2023-10-03 09:00:00,264.3664877578561,8.134763950033722,2.385563081134459,4.516268153572422,0.6130226290675482,0.3286912570214853,0.03634556369077249,0.1108519733698954,0.0505,0.5403933752369656,0.5877763179986073,0.8872293953651446,1.2375140403243916,1.6677277955349905
2023-10-03 09:05:00,277.5197547665791,8.725042339564196,2.7805511205872655,4.500310891969642,0.5873978863796542,0.348368684358835,1.0,2.6,0.4,0.5403933752369656,0.5877763179986073,0.8872293953651446,1.2375140403243916,1.6677277955349905
2023-10-03 09:10:00,247.93271880632008,7.7124283319974785,2.4596345655228427,3.9828627639207266,0.5873978863796542,0.4716099988658538,1.0,2.6,0.4,0.5403933752369656,0.5877763179986073,0.8872293953651446,1.2375140403243916,1.6677277955349905
2023-10-03 09:15:00,213.13420656859154,6.445354498748941,1.9340378044640685,3.5264453395984976,0.6462825401820833,0.39304652035350807,1.0,2.6,0.4,0.5400148146115993,0.5963430220938282,0.9124056992369128,1.3137366554983536,1.9083668410449812
2023-10-03 09:20:00,213.13407349360998,7.378029110933722,2.33088163552152,3.8469817806922064,0.8163981450492732,0.33017515396457214,1.0,2.6,0.4,0.5400148146115993,0.5963430220938282,0.9124056992369128,1.3137366554983536,1.9083668410449812
2023-10-03 09:25:00,183.65013901190747,7.185753598064858,2.204916236530015,3.848207742471914,0.9398954527744418,0.3229541347561639,1.0,2.6,0.4,0.5400148146115993,0.5963430220938282,0.9124056992369128,1.3137366554983536,1.9083668410449812
2023-10-03 09:30:00,239.3909954936577,4.325354380565268,1.2757092283066525,2.4337229342840594,0.885677730233749,2.6695233,0.026476404589747454,0.08459314393022639,0.03736308338453881,0.533475397745763,0.5925571702376067,0.9227750321719806,1.3686819389471025,2.324672019877213
2023-10-03 09:35:00,219.69430592807274,5.43484261947262,1.6830517495786501,2.907854171535295,0.8394318567207946,2.6695233,1.0,2.6,0.4,0.533475397745763,0.5925571702376067,0.9227750321719806,1.3686819389471025,2.324672019877213
2023-10-03 09:40:00,245.3034515821692,5.393219009800012,1.6422089740138446,2.9289620831737686,0.8394318567207946,2.6695233,1.0,2.6,0.4,0.533475397745763,0.5925571702376067,0.9227750321719806,1.3686819389471025,2.324672019877213
2023-10-03 09:45:00,202.64217510527823,4.225778887571937,1.2325671421357889,2.4015496846461923,0.7212234031064607,2.6695233,1.0,2.6,0.4,0.5324368507156506,0.5856833615529812,0.8982935822992392,1.2916293005347936,1.8106904760339355
2023-10-03 09:50:00,237.41986250522856,3.6145951996966166,1.047091224123391,2.084526295436605,0.6648958183125502,2.6695233,1.0,2.6,0.4,0.5324368507156506,0.5856833615529812,0.8982935822992392,1.2916293005347936,1.8106904760339355
2023-10-03 09:55:00,209.19789960088158,4.001275037151274,1.1786908404708558,2.262957501696142,0.653717911542214,2.6695233,1.0,2.6,0.4,0.5324368507156506,0.5856833615529812,0.8982935822992392,1.2916293005347936,1.8106904760339355
2023-10-03 10:00:00,251.8740871934239,3.448796405627547,0.993693626906723,2.0038607002649793,0.6351607530185855,2.6695233,0.024515301344262524,0.07625850772208961,0.05491812087098392,0.5430874699346322,0.6069069121372733,0.932662511308351,1.3779346864057092,2.044608519986161
2023-10-03 10:05:00,228.8825318842992,4.780473522878546,1.4248193701455214,2.654976211435398,0.7023728007265455,2.6695233,1.0,2.6,0.4,0.5430874699346322,0.6069069121372733,0.932662511308351,1.3779346864057092,2.044608519986161
2023-10-03 10:10:00,202.64137724728278,4.872351682591743,1.4085664722928968,2.770605553902255,0.6873443395125783,2.6695233,1.0,2.6,0.4,0.5430874699346322,0.6069069121372733,0.932662511308351,1.3779346864057092,2.044608519986161
2023-10-03 10:15:00,252.5308534849387,5.31061911977877,1.6587327946840877,2.8220692387053217,0.6167029183414496,2.6695233,1.0,2.6,0.4,0.5396378415196621,0.6069069121372733,0.9179066619215703,1.5164432069813891,2.530316185775999
2023-10-03 10:20:00,222.97406976722797,5.590504992709744,1.6478608897893534,3.1157076443923613,3.8641953000000004,2.6695233,1.0,2.6,0.4,0.5396378415196621,0.6069069121372733,0.9179066619215703,1.5164432069813891,2.530316185775999
2023-10-03 10:25:00,224.9430104195265,4.089371030444127,1.2138592032192599,2.295873748815146,3.8641953000000004,2.6695233,1.0,2.6,0.4,0.5396378415196621,0.6069069121372733,0.9179066619215703,1.5164432069813891,2.530316185775999
2023-10-03 10:30:00,216.41179033012125,3.39555816236573,1.041904315183613,1.8783174041612507,3.8641953000000004,2.6695233,0.025495097567963927,0.059644278853885055,0.04026164427839479,0.5307391072834184,0.5893589738011971,0.9158358804938798,1.3862178760930766,2.2128660149227293
2023-10-03 10:35:00,230.85117038982946,3.898237392203437,1.1734780601362076,2.1697170573360864,3.8641953000000004,2.6695233,1.0,2.6,0.4,0.5307391072834184,0.5893589738011971,0.9158358804938798,1.3862178760930766,2.2128660149227293
2023-10-03 10:40:00,222.97340399185885,5.236118674481954,1.4983049078716555,2.9933133402589225,3.8641953000000004,2.6695233,1.0,2.6,0.4,0.5307391072834184,0.5893589738011971,0.9158358804938798,1.3862178760930766,2.2128660149227293
2023-10-03 12:25:00,206.57027475602501,4.75864854535266,0.6510198536009846,3.8449961992077717,3.8641953000000004,2.6695233,1.0,2.6,0.4,0.5338248776518382,0.6103277807866851,0.9612187264093432,1.4316425007661655,2.1133187170893084
2023-10-03 12:30:00,228.87740375177893,6.253371208755962,1.3141435894806548,4.288100139440553,3.8641953000000004,2.6695233,1.0,2.6,0.4,0.533475397745763,0.6149504045042983,0.9672521077774915,1.5414048786739973,2.881269858933731
2023-10-03 12:35:00,215.09552384831971,7.1522613753119,1.5964892785844333,4.747961521401132,3.8641953000000004,2.6695233,1.0,2.6,0.4,0.533475397745763,0.6149504045042983,0.9672521077774915,1.5414048786739973,2.881269858933731
2023-10-03 12:40:00,221.0004242799805,6.696274747234617,1.5176155374236784,4.415082736283455,3.8641953000000004,2.6695233,1.0,2.6,0.4,0.533475397745763,0.6149504045042983,0.9672521077774915,1.5414048786739973,2.881269858933731
2023-10-03 12:45:00,190.84430514337623,6.336601145531881,1.7682193911607196,3.672058882038991,3.8641953000000004,2.6695233,1.0,2.6,0.4,0.528432587942871,0.6001866376386599,0.9369602766393034,1.491793886567444,2.7433308221940718
2023-10-03 12:50:00,217.06307595031274,5.287923064646712,1.5040553715611857,3.035830736225937,0.5619739335667994,0.2991021313595676,1.0,2.6,0.4,0.528432587942871,0.6001866376386599,0.9369602766393034,1.491793886567444,2.7433308221940718
2023-10-03 12:55:00,186.91592734712063,4.645347931280154,1.3033994344384372,2.707186236340896,0.4705249190692915,0.2881725464342739,1.0,2.6,0.4,0.528432587942871,0.6001866376386599,0.9369602766393034,1.491793886567444,2.7433308221940718
2023-10-03 13:00:00,193.46319455961128,4.653562674548079,1.2034928133802136,2.8688253464517066,0.3590316490694771,0.2948700301413066,0.037336309405188936,0.09055385138137416,0.03592005011132362,0.5294109934634905,0.5957986236976384,0.9376800307141024,1.4424147288488147,2.6582355049919864
2023-10-03 13:05:00,194.77296631776352,4.8619364594189465,1.2872052194934842,2.9464035174000465,0.3648536777417605,0.2990867539487871,1.0,2.6,0.4,0.5294109934634905,0.5957986236976384,0.9376800307141024,1.4424147288488147,2.6582355049919864
2023-10-03 13:10:00,189.53393184467805,4.840962346388912,1.125464232936139,3.17525300203604,0.3561512739333025,0.28815981201003776,1.0,2.6,0.4,0.5294109934634905,0.5957986236976384,0.9376800307141024,1.4424147288488147,2.6582355049919864
2023-10-03 13:15:00,185.60631072351632,3.372037808789373,0.6792689839294834,2.42035406243991,0.3209806616299073,0.28070426159035794,1.0,2.6,0.4,0.525281829116523,0.5836103151932803,0.9117228526257307,1.3333881655392026,2.178337898490498
2023-10-03 13:20:00,187.56963652582778,4.1906297129319405,0.9996118641681967,2.725709132248453,0.5191359846412188,0.2948508705610898,1.0,2.6,0.4,0.525281829116523,0.5836103151932803,0.9117228526257307,1.3333881655392026,2.178337898490498
2023-10-03 13:25:00,212.4698442107827,6.5153758363829555,1.6729012707416964,3.996027167203269,1.2216667407428525,0.29211511467229834,1.0,2.6,0.4,0.525281829116523,0.5836103151932803,0.9117228526257307,1.3333881655392026,2.178337898490498
2023-10-03 13:30:00,195.4271435477892,5.541635472471984,1.3359815519334972,3.5459280218575078,0.8201327725320615,0.29211056415533226,0.034365680554879166,0.06556706490304412,0.033049205739321484,0.5197730273879168,0.5706356105256664,0.8982935822992392,1.2278665440511034,1.6286300991937979
2023-10-03 13:35:00,191.49739204856294,4.894573642091057,1.141671929752351,3.2033662347356557,0.6685484590633652,0.2881386439809363,1.0,2.6,0.4,0.5197730273879168,0.5706356105256664,0.8982935822992392,1.2278665440511034,1.6286300991937979
2023-10-03 13:40:00,213.1251574724824,4.273421027576445,0.9703514511654735,2.8532815598902483,0.45022962298141816,0.30194339880029375,1.0,2.6,0.4,0.5197730273879168,0.5706356105256664,0.8982935822992392,1.2278665440511034,1.6286300991937979
2023-10-03 13:45:00,214.43686622507482,4.8859894853330825,1.2036332030728087,3.0990145171610903,0.41092308105914116,0.3004840448604928,1.0,2.6,0.4,0.5200471132503285,0.5706356105256664,0.8834037808386378,1.380000362318793,2.1359597374482506
2023-10-03 13:50:00,203.28951984085117,4.877527084187062,1.1417189334472257,3.1863678765921537,0.45022693511503836,0.2894306386713698,1.0,2.6,0.4,0.5200471132503285,0.5706356105256664,0.8834037808386378,1.380000362318793,2.1359597374482506
2023-10-03 13:55:00,195.4262132545691,4.618878099924294,0.9890520823471257,3.166915875908815,0.4077328519862949,0.28186999558254344,1.0,2.6,0.4,0.5200471132503285,0.5706356105256664,0.8834037808386378,1.380000362318793,2.1359597374482506
2023-10-03 14:00:00,197.39135452511093,3.57428201690755,0.7051094661670165,2.579041006509512,0.40773178031497326,0.2783411611620938,1.0,2.6,0.4,0.5192301994298868,0.5630994583552714,0.8655194971807394,1.2392836640575877,1.8150360877955016
2023-10-03 14:05:00,211.8124303095247,3.2547798290606154,0.6360941665715047,2.374221515218243,0.4238131718526225,0.2843076931158705,1.0,2.6,0.4,0.5192301994298868,0.5630994583552714,0.8655194971807394,1.2392836640575877,1.8150360877955016
2023-10-03 14:10:00,203.94421064782557,4.251873212252295,0.8749521300258265,2.981354776907119,0.5475667836611462,0.2948029974645412,1.0,2.6,0.4,0.5192301994298868,0.5630994583552714,0.8655194971807394,1.2392836640575877,1.8150360877955016
2023-10-03 14:15:00,234.12599097757723,4.847721831856182,1.0184757773905522,3.348373112426372,0.515592446196249,0.2907305611950275,1.0,2.6,0.4,0.5211612034677946,0.5785162054774265,0.8963172652582343,1.4784860499849162,2.7736394863067555
2023-10-03 14:20:00,207.22173113922358,4.709988020490849,1.0158202073882214,3.2156401912387214,0.44354476813152544,0.31406291261406855,1.0,2.6,0.4,0.5211612034677946,0.5785162054774265,0.8963172652582343,1.4784860499849162,2.7736394863067555
2023-10-03 14:25:00,171.21729724464407,4.468115077948965,0.9199957684533786,3.1252826233287596,0.4045534191209496,0.3033636832596431,1.0,2.6,0.4,0.5211612034677946,0.5785162054774265,0.8963172652582343,1.4784860499849162,2.7736394863067555
2023-10-03 14:30:00,200.01117334692108,4.047426955599739,0.81184909445957,2.8780732780561213,0.379751700323009,0.30785371317697957,1.0,0.10368336414295207,0.026000000000000002,0.5228852646613786,0.5846443363276514,0.9220764393476281,1.4906811362595287,2.5094772363980513
2023-10-03 14:35:00,207.22113254362574,3.5568367488507335,0.7284653605566199,2.5243616008372736,0.38279052900186605,0.30188451336185834,1.0,2.6,0.4,0.5228852646613786,0.5846443363276514,0.9220764393476281,1.4906811362595287,2.5094772363980513
2023-10-03 14:40:00,199.35555186660974,4.142906192969179,0.8592135475140359,2.8979943396053662,0.4045502194303391,0.2880836650431197,1.0,2.6,0.4,0.5228852646613786,0.5846443363276514,0.9220764393476281,1.4906811362595287,2.5094772363980513
2023-10-03 14:45:00,187.5668476329692,4.255192538839576,0.9227118753746871,2.909654318817465,0.3889217941729231,0.2867937065195019,1.0,2.6,0.4,0.5200471132503285,0.562640204749003,0.8549433665454104,1.3635721469727957,2.2726425147831764
2023-10-03 14:50:00,169.25665988677935,3.3697666291809742,0.7311018155795506,2.335159410135165,0.347637296207532,0.28427256658334976,1.0,2.6,0.4,0.5200471132503285,0.562640204749003,0.8549433665454104,1.3635721469727957,2.2726425147831764
2023-10-03 14:55:00,153.5971077722249,2.4037380765540077,0.5220543662634459,1.7238575734511836,0.3648354858753544,0.26605365028368927,1.0,2.6,0.4,0.5200471132503285,0.562640204749003,0.8549433665454104,1.3635721469727957,2.2726425147831764
2023-10-03 15:00:00,152.2938364618909,2.129631030677276,0.4791090788192469,1.5286733662394358,0.3532783263781952,0.2643143853784906,0.0304138126514911,0.09293955024638326,0.026000000000000002,0.5290831692654757,0.578013840664737,0.8834037808386378,1.30985342691463,1.9357127886130214
2023-10-03 15:05:00,189.53001338396345,2.4117062660606328,0.5293574226087113,1.7194941172547378,0.33130598020285357,0.26882292674392955,1.0,2.6,0.4,0.5290831692654757,0.578013840664737,0.8834037808386378,1.30985342691463,1.9357127886130214
2023-10-03 15:10:00,179.71430685645893,3.0090168311870413,0.5760596304497181,2.229690196359913,0.3476344405339451,0.3155831342391353,1.0,2.6,0.4,0.5290831692654757,0.578013840664737,0.8834037808386378,1.30985342691463,1.9357127886130214
2023-10-03 15:15:00,194.1134440863261,3.4853182721463285,0.62619005702213,2.6187809731016785,0.33935254030191575,0.309328270348692,1.0,2.6,0.4,0.5320939766620179,0.5904201893566987,0.91036036820591,1.4166905978370858,2.1197745163106383
2023-10-03 15:20:00,205.90814170844635,3.559910083953087,0.7130981163274417,2.5519891972121345,0.31845774973318247,0.32368256031712955,1.0,2.6,0.4,0.5320939766620179,0.5904201893566987,0.91036036820591,1.4166905978370858,2.1197745163106383
2023-10-03 15:25:00,220.99383385774772,3.9046702646478355,0.8488153705460664,2.6781672311044,0.32096664808031006,0.32202746822931116,1.0,2.6,0.4,0.5320939766620179,0.5904201893566987,0.91036036820591,1.4166905978370858,2.1197745163106383
2023-10-03 15:30:00,230.18312410921072,3.2859012807656374,0.7493861009755302,2.2233928681016644,0.32096609756726835,0.3155575819516754,0.03337663853655728,0.07863841300535,0.021914607000811125,0.5255891931917931,0.5635601121442149,0.8520794329169082,1.178717947602394,1.5761027885261798
2023-10-03 15:35:00,215.0886030745877,3.2982156722016174,0.8251760589528284,2.1164689434806245,0.31353227698851316,0.3018203582920072,1.0,2.6,0.4,0.5255891931917931,0.5635601121442149,0.8520794329169082,1.178717947602394,1.5761027885261798
2023-10-03 15:40:00,210.49722357392662,3.808683988142053,1.040131195452389,2.285873131013306,0.3135317953993998,0.3018150259863631,1.0,2.6,0.4,0.5255891931917931,0.5635601121442149,0.8520794329169082,1.178717947602394,1.5761027885261798
2023-10-03 15:45:00,238.0626279471927,2.8388042562263203,0.7754683904320914,1.7441791589808715,0.31597715482415883,0.2975031146245,1.0,2.6,0.4,0.5249761899362675,0.564485606548121,0.8572578608563469,1.2654644404328397,1.9912307751739877
2023-10-03 15:50:00,249.88802508696253,3.289568110685667,1.0615768175818299,1.745498650245536,0.3209639455757163,0.3123816268988879,1.0,2.6,0.4,0.5249761899362675,0.564485606548121,0.8572578608563469,1.2654644404328397,1.9912307751739877
2023-10-03 15:55:00,220.99270216933778,3.60059042058837,1.2661114290650803,1.7395428896618614,0.3235033343858473,0.31552566365551793,1.0,2.6,0.4,0.5249761899362675,0.564485606548121,0.8572578608563469,1.2654644404328397,1.9912307751739877
2023-10-03 16:00:00,242.66008514575617,3.2727529160753273,0.885870384568212,1.9972605449286664,0.3339547368354693,0.30179366101192534,0.035355339059327376,0.10129481724155484,0.028792360097775936,0.5246722786654542,0.5701543650626557,0.8815068008813092,1.2700744072691175,1.7934034682692013
2023-10-03 16:05:00,235.43478929982507,3.417740612173702,0.957501333597662,2.0289657055094024,0.3235022454983775,0.30774342029621676,1.0,2.6,0.4,0.5246722786654542,0.5701543650626557,0.8815068008813092,1.2700744072691175,1.7934034682692013
2023-10-03 16:10:00,219.02361258835526,3.1648191682635343,0.8410599166552626,1.9608714858787637,0.32350166307242667,0.30178298606622134,1.0,2.6,0.4,0.5246722786654542,0.5701543650626557,0.8815068008813092,1.2700744072691175,1.7934034682692013
2023-10-03 16:15:00,238.71813936891567,3.413353370495612,1.0055017365048353,1.9511416060484275,0.32096124310622226,0.2946835447369809,1.0,2.6,0.4,0.5287570330501524,0.57601736084948,0.8898030343845766,1.2455144519434531,1.7189822570346678
2023-10-03 16:20:00,222.30417942832435,4.1821227844500415,1.3365065094659767,2.200337284052316,0.3366348022308029,0.30621525393104654,1.0,2.6,0.4,0.5287570330501524,0.57601736084948,0.8898030343845766,1.2455144519434531,1.7189822570346678
2023-10-03 16:25:00,218.36685728118513,4.932157310876659,1.2338026706933154,3.0982573479613316,0.3366341876608293,0.3170821074595637,1.0,2.6,0.4,0.5287570330501524,0.57601736084948,0.8898030343845766,1.2455144519434531,1.7189822570346678
2023-10-03 16:30:00,219.67892946891416,5.528883179334175,1.290544369456996,3.6033881540618724,0.3476229626430966,0.3003114201833021,0.034365680554879166,0.10248902380255165,0.026000000000000002,0.533475397745763,0.5893589738011971,0.9179066619215703,1.2636282087702855,1.694472189208191
2023-10-03 16:35:00,220.99110449171047,6.343482386234143,1.4857210774559462,4.112853784001366,0.38276804939575554,0.301756296015309,1.0,2.6,0.4,0.533475397745763,0.5893589738011971,0.9179066619215703,1.2636282087702855,1.694472189208191
2023-10-03 16:40:00,259.0873546203175,5.203007092034205,1.2635499180948448,3.3212097296775056,0.40769701495705046,0.29060175422635165,1.0,2.6,0.4,0.533475397745763,0.5893589738011971,0.9179066619215703,1.2636282087702855,1.694472189208191
2023-10-03 16:45:00,204.59407916957522,4.7731870102097735,1.2338649984646333,2.9405482577349003,0.4270325141450774,0.2960408918944408,1.0,2.6,0.4,0.5366796064692602,0.5898889726041673,0.8996167183862247,1.2737821634800826,1.806354339546923
2023-10-03 16:50:00,232.14949685471203,4.447939882831777,1.1154085865527124,2.801089124005423,0.4140841641729464,0.2960360114273913,1.0,2.6,0.4,0.5366796064692602,0.5898889726041673,0.8996167183862247,1.2737821634800826,1.806354339546923
2023-10-03 16:55:00,256.45726528174026,4.49782007387058,1.0724978746415237,2.916928464149633,0.40769373708254125,0.3123017519905388,1.0,2.6,0.4,0.5366796064692602,0.5898889726041673,0.8996167183862247,1.2737821634800826,1.806354339546923
2023-10-03 17:00:00,338.7153515346687,5.795451065934366,1.5591945178087916,3.4548213446040177,0.4237718684085715,0.3302497099803458,0.032388269481403296,0.10129481724155484,0.021914607000811125,0.5355968633216591,0.5909526207742885,0.9137745892724309,1.3088851171894345,1.8369039169210786
2023-10-03 17:05:00,251.85615319849234,5.82874834486937,1.5891391977477611,3.4419617966591316,0.44350215414025873,0.31863721385472316,1.0,2.6,0.4,0.5355968633216591,0.5909526207742885,0.9137745892724309,1.3088851171894345,1.8369039169210786
2023-10-03 17:10:00,257.7712444945794,4.7767466728096375,1.2204525155431878,2.9647397982600494,0.427026529844825,0.30171896633587375,1.0,2.6,0.4,0.5355968633216591,0.5909526207742885,0.9137745892724309,1.3088851171894345,1.8369039169210786
2023-10-03 17:15:00,181.01834773621948,6.890204303540975,1.3691768499783126,4.837718691081898,0.4602643855703899,0.3076623016764225,1.0,2.6,0.4,0.5374095272694744,0.5930944275577035,0.9096807352032911,1.2897326273301766,1.7862463435931786
2023-10-03 17:20:00,185.59807843534003,6.371636170315423,1.8318057380200294,3.60953305177322,0.44017915727771245,0.29056630400437145,1.0,2.6,0.4,0.5374095272694744,0.5930944275577035,0.9096807352032911,1.2897326273301766,1.7862463435931786
2023-10-03 17:25:00,179.70992785270758,5.364704465965506,1.3963119077156776,3.277266911492354,0.4172923426641493,0.27486770723148485,1.0,2.6,0.4,0.5374095272694744,0.5930944275577035,0.9096807352032911,1.2897326273301766,1.7862463435931786
2023-10-03 17:30:00,177.74788395147786,3.826824183181791,1.0244347581831525,2.327907102975282,0.37071421645457564,0.27379341227878057,0.03337663853655728,0.11204713293966964,0.028792360097775936,0.5363170703977266,0.5888301962365721,0.8956607393427491,1.2868954891520912,1.8150360877955016
2023-10-03 17:35:00,175.13266252284205,4.2594147746305575,1.2988578299016735,2.3334974197758225,0.3589882083279673,0.27595312021228124,1.0,2.6,0.4,0.5363170703977266,0.5888301962365721,0.8956607393427491,1.2868954891520912,1.8150360877955016
2023-10-03 17:40:00,160.7648902439281,3.610530492293055,1.0405089189043994,2.0906157689826217,0.3393333302638244,0.2717074788742832,1.0,2.6,0.4,0.5363170703977266,0.5888301962365721,0.8956607393427491,1.2868954891520912,1.8150360877955016
2023-10-03 17:45:00,160.76475787405892,3.2163895625761003,0.9445225320180812,1.8520687631955413,0.32095155954544824,0.2706963473463399,1.0,2.6,0.4,0.5396378415196621,0.601295268566118,0.9179066619215703,1.3635721469727957,2.3415593095200475
2023-10-03 17:50:00,176.43961020639387,3.7141323431666162,1.1263423088267732,2.061079330312121,0.3260600019103984,0.2677977084369288,1.0,2.6,0.4,0.5396378415196621,0.601295268566118,0.9179066619215703,1.3635721469727957,2.3415593095200475
2023-10-03 17:55:00,169.90423007491967,5.205353128692461,1.4913985424641145,2.973412259833393,0.3393313337889757,0.28537400081045383,1.0,2.6,0.4,0.5396378415196621,0.601295268566118,0.9179066619215703,1.3635721469727957,2.3415593095200475
2023-10-03 18:00:00,169.25082855923358,6.007056248317798,1.72824206499026,3.405945402383927,0.3589842568119549,0.28791501396893376,0.029427877939124318,0.08697677851012878,0.015620499351813309,0.5458580401532984,0.6149504045042983,0.9362415073046056,1.3882971583922514,2.324672019877213
2023-10-03 18:05:00,169.9039649919915,6.01529027545656,1.6464965922616843,3.5393078046712914,0.3420646886473003,0.2905264759199113,1.0,2.6,0.4,0.5458580401532984,0.6149504045042983,0.9362415073046056,1.3882971583922514,2.324672019877213
2023-10-03 18:10:00,168.59735078461466,8.863865415692745,2.425736131889594,5.181237679307017,0.344823982100476,0.31535357727359953,1.0,2.6,0.4,0.5458580401532984,0.6149504045042983,0.9362415073046056,1.3882971583922514,2.324672019877213
2023-10-03 18:15:00,161.41631494823497,7.809026017472733,2.4284907140356,4.126472394978754,0.3589819088290868,0.3201633116538546,1.0,2.6,0.4,0.5559217570845739,0.6372009102316161,0.9741080843520394,1.465278471827113,2.2559663118052096
2023-10-03 18:20:00,159.45906163008087,9.382756562337002,2.7000230169412562,5.278663133505442,0.3589811357159416,0.3091096265137634,1.0,2.6,0.4,0.5559217570845739,0.6372009102316161,0.9741080843520394,1.465278471827113,2.2559663118052096
2023-10-03 18:25:00,160.7635665453578,4.741569237127974,1.3179475795630904,2.7800358777286207,0.3420619653579133,0.2918421488618875,1.0,2.6,0.4,0.5559217570845739,0.6372009102316161,0.9741080843520394,1.465278471827113,2.2559663118052096
2023-10-03 18:30:00,156.8502698813153,4.624718778579475,1.2774010559501272,2.726655653859099,0.32605541694491114,0.27591846467479647,0.031400636936215164,0.08340167864018085,0.01345362404707371,0.5567988864931395,0.6372009102316161,0.9710521304234906,1.3945551261961644,2.0084033459442354
2023-10-03 18:35:00,160.76330180567615,4.8080478882177475,1.4019497594752304,2.7171567573372273,0.3209461549633358,0.27591532294955645,1.0,2.6,0.4,0.5567988864931395,0.6372009102316161,0.9710521304234906,1.3945551261961644,2.0084033459442354
2023-10-03 18:40:00,156.849939163941,6.348764255670821,1.8456923641738054,3.5655712249121145,0.32865276792043036,0.2840936613552826,1.0,2.6,0.4,0.5567988864931395,0.6372009102316161,0.9710521304234906,1.3945551261961644,2.0084033459442354
2023-10-03 18:45:00,152.2876239019706,6.336102285959991,1.8839390775980571,3.494525247677717,0.33393405033220525,0.27929914817187773,1.0,2.6,0.4,0.5640221626851201,0.6517085238049292,1.0054174058568908,1.5096890408292696,2.612457846549873
2023-10-03 18:50:00,154.89400181967153,5.792756594859503,1.6030650646310538,3.384879313842902,0.3209445286119455,0.28659259130646403,1.0,2.6,0.4,0.5640221626851201,0.6517085238049292,1.0054174058568908,1.5096890408292696,2.612457846549873
2023-10-03 18:55:00,154.89386957655273,4.753349175746537,1.3369853772948648,2.762507155817754,0.3111004329348139,0.2759027196164783,1.0,2.6,0.4,0.5640221626851201,0.6517085238049292,1.0054174058568908,1.5096890408292696,2.612457846549873
2023-10-03 19:00:00,154.89373733343692,5.863531406207397,1.6957068553780241,3.3132855351787622,0.30406789648890764,0.28164563637799594,0.0304138126514911,0.08459314393022639,0.0125,0.5612708793443679,0.654926713457315,1.001431455467622,1.4940214188558343,2.216167863678201
2023-10-03 19:05:00,157.50128904691366,9.134605350865792,2.3354518054104894,5.58956721685778,0.3209429272937702,0.310592418095495,1.0,2.6,0.4,0.5612708793443679,0.654926713457315,1.001431455467622,1.4940214188558343,2.216167863678201
2023-10-03 19:10:00,154.89347284721438,11.743618466890288,2.9444507495310877,7.260149015165133,0.3420558652799012,0.3233623912396607,1.0,2.6,0.4,0.5612708793443679,0.654926713457315,1.001431455467622,1.4940214188558343,2.216167863678201
2023-10-03 19:15:00,166.6362681518163,11.563362202314783,2.8868065712288633,7.16849476718852,0.32094185141504533,0.32335544153454165,1.0,2.6,0.4,0.5617259118110896,0.6504275516919621,1.0078185550980892,1.4273549838775217,1.9741539960195609
2023-10-03 19:20:00,156.19687410242818,10.553778692589335,2.71390359907233,6.425580946878482,0.3087194303484774,0.31057439476691695,1.0,2.6,0.4,0.5617259118110896,0.6504275516919621,1.0078185550980892,1.4273549838775217,1.9741539960195609
2023-10-03 19:25:00,154.24128672143377,9.711905181013027,2.9170326539133566,5.27483339703918,0.34205382287094294,0.320069382053252,1.0,2.6,0.4,0.5617259118110896,0.6504275516919621,1.0078185550980892,1.4273549838775217,1.9741539960195609
2023-10-03 19:30:00,155.5447404976,14.43714843729513,3.840376965151346,8.578038717577266,0.33661032738043134,0.32333462228865895,0.028442925306655785,0.08578484714680093,0.015620499351813309,0.564485606548121,0.6653728278191108,1.0256413408204643,1.466375207782783,2.2592972358678263
2023-10-03 19:35:00,149.6810279239361,12.145141566050961,3.252146922855613,7.189735878674122,0.32093969967429126,0.31843932978167244,1.0,2.6,0.4,0.564485606548121,0.6653728278191108,1.0256413408204643,1.466375207782783,2.2592972358678263
2023-10-03 19:40:00,157.50023063759497,9.920900753418305,3.0626116124892753,5.260581269206106,0.3087176278079183,0.3074947131221733,1.0,2.6,0.4,0.564485606548121,0.6653728278191108,1.0256413408204643,1.466375207782783,2.2592972358678263
2023-10-03 19:45:00,158.15224545597704,9.263389343707068,2.639890193964864,5.251682526112178,0.3286450757111081,0.3044915865494072,1.0,2.6,0.4,0.5635601121442149,0.6660330322138686,1.0371735438199337,1.5153158911593319,2.2977562969122727
2023-10-03 19:50:00,152.93733690172834,13.824850107996317,3.8706719232313356,7.920107909674781,0.3589669049873862,0.35115240140406273,1.0,2.6,0.4,0.5635601121442149,0.6660330322138686,1.0371735438199337,1.5153158911593319,2.2977562969122727
2023-10-03 19:55:00,162.7184305749326,16.196566284826005,4.470338204846957,9.37127853915984,0.3532338992569727,0.35481327965277737,1.0,2.6,0.4,0.5635601121442149,0.6660330322138686,1.0371735438199337,1.5153158911593319,2.2977562969122727
2023-10-03 20:00:00,192.13889224332615,16.271872401999026,4.844576412482991,8.873788957491524,0.37667107002740635,0.3622550811773461,0.026476404589747454,0.07982881685206164,0.0116619037896906,0.5745337239884183,0.6834881125520765,1.050527181942476,1.531156507349918,2.173426787356777
2023-10-03 20:05:00,166.63481083492383,14.712805354839288,4.319041536256674,8.120725745547716,0.3677256795331788,0.36036928395067536,1.0,2.6,0.4,0.5745337239884183,0.6834881125520765,1.050527181942476,1.531156507349918,2.173426787356777
2023-10-03 20:10:00,162.7180333479117,18.99587027779097,5.507936332474039,10.580183010263397,0.39194986681125,0.37950529463065796,1.0,2.6,0.4,0.5745337239884183,0.6834881125520765,1.050527181942476,1.531156507349918,2.173426787356777
2023-10-03 20:15:00,154.23983221230347,9.57246822199881,2.524776589407831,5.7361825643746345,0.3766683541551905,0.29174257119816815,1.0,2.6,0.4,0.577012998120493,0.6848532689562049,1.0488480538190457,1.5096890408292696,2.184894505462449
2023-10-03 20:20:00,154.2397660982609,5.001533352108394,1.4864070443900534,2.7793592911019576,0.35896218061751856,0.27061410332018093,1.0,2.6,0.4,0.577012998120493,0.6848532689562049,1.0488480538190457,1.5096890408292696,2.184894505462449
2023-10-03 20:25:00,154.23963387017804,4.67194866471131,1.4429788431344883,2.5202050815716017,0.3448051033900616,0.2716167586359322,1.0,2.6,0.4,0.577012998120493,0.6848532689562049,1.0488480538190457,1.5096890408292696,2.184894505462449
2023-10-03 20:30:00,151.63329576219604,4.938712908478559,1.5462319272712803,2.626083407921527,0.3475885868484598,0.2726402631893822,0.026476404589747454,0.07387990254460275,0.0125,0.5810473302580436,0.6965809357138624,1.0674699808425527,1.5933738575739216,2.467971636790018
2023-10-03 20:35:00,153.5876545416751,4.725903682608577,1.5000365028413045,2.486547767620825,0.336601938033741,0.2780757239183017,1.0,2.6,0.4,0.5810473302580436,0.6965809357138624,1.0674699808425527,1.5933738575739216,2.467971636790018
2023-10-03 20:40:00,152.9359488274195,4.379888174728369,1.4484532032261233,2.2246569437956936,0.34758714536246194,0.2758367190533242,1.0,2.6,0.4,0.5810473302580436,0.6965809357138624,1.0674699808425527,1.5933738575739216,2.467971636790018
2023-10-03 20:45:00,150.98155736462877,4.4547533886342805,1.407772334483268,2.359902870714454,0.33391899941502273,0.27694137736879715,1.0,2.6,0.4,0.5846443363276514,0.6869068350220429,1.0248231847494473,1.5517030160439849,2.3381779230845545
2023-10-03 20:50:00,150.33016253715988,5.827416274239274,1.7396563079753091,3.210283236488269,0.34758570388287086,0.28037944620425104,1.0,2.6,0.4,0.5846443363276514,0.6869068350220429,1.0248231847494473,1.5517030160439849,2.3381779230845545
2023-10-03 20:55:00,149.67884798187328,6.048725872219868,1.8215208260805913,3.3047060209835184,0.3234699865075328,0.2758272976823428,1.0,2.6,0.4,0.5846443363276514,0.6869068350220429,1.0248231847494473,1.5517030160439849,2.3381779230845545
2023-10-03 21:00:00,149.67871586420182,4.337750896720767,1.3644516338848423,2.310710056425244,0.3365987319819243,0.2758241702286486,0.02353720459187964,0.07506903489455555,0.0116619037896906,0.5930944275577035,0.7064000283125702,1.0777643527228018,1.507442867905779,2.132717515284197
2023-10-03 21:05:00,147.72552863314283,3.5474915072822597,1.10815321489013,1.9258672495883746,0.3286356226612101,0.2758210334329683,1.0,2.6,0.4,0.5930944275577035,0.7064000283125702,1.0777643527228018,1.507442867905779,2.132717515284197
2023-10-03 21:10:00,149.02728449858208,2.7939665297355316,0.8314898624258084,1.6145633239210937,0.3184212472852783,0.2736638342157093,1.0,2.6,0.4,0.5930944275577035,0.7064000283125702,1.0777643527228018,1.507442867905779,2.132717515284197
2023-10-03 21:15:00,147.074347784595,3.107880977702522,0.8420249217218384,1.9036663953817292,0.31842072834159785,0.27581475083003676,1.0,2.6,0.4,0.5985323717226998,0.7185095684818679,1.1109654180036388,1.6476620557626493,2.584403993186824
2023-10-03 21:20:00,147.72513243156192,3.3148439854809624,0.9584962211695419,1.9267707171057384,0.3159433620109082,0.2676983202576036,1.0,2.6,0.4,0.5985323717226998,0.7185095684818679,1.1109654180036388,1.6476620557626493,2.584403993186824
2023-10-03 21:25:00,147.07414970972025,3.1076434528389534,1.0198315572792975,1.6324376070017226,0.29954735266914495,0.2736550211913575,1.0,2.6,0.4,0.5985323717226998,0.7185095684818679,1.1109654180036388,1.6476620557626493,2.584403993186824
2023-10-03 21:30:00,147.0740176598082,3.7296247363352393,1.2671518506889783,1.8631099258969748,0.30636387015702676,0.27580536142048434,1.0,2.6,0.4,0.5985323717226998,0.7213875518748574,1.1012633472516915,1.6015620499999366,2.399334074279778
2023-10-03 21:35:00,148.3756714106821,3.4720719768300996,1.0358997677215158,1.9621276772265686,0.3184186525804675,0.27471551980117037,1.0,2.6,0.4,0.5985323717226998,0.7213875518748574,1.1012633472516915,1.6015620499999366,2.399334074279778
2023-10-03 21:40:00,148.37547328435235,3.9871423085073463,1.261780546161377,2.122591219977545,0.3209262392897095,0.27260053699429054,1.0,2.6,0.4,0.5985323717226998,0.7213875518748574,1.1012633472516915,1.6015620499999366,2.399334074279778
2023-10-03 21:45:00,147.0735554851437,3.708490919764266,1.2294021831927617,1.8993974471876185,0.30178149978942065,0.2715729026425805,1.0,2.6,0.4,0.6040869142764144,0.7177917525299382,1.0777643527228018,1.5357051312019505,2.161988899138939
2023-10-03 21:50:00,147.72434002849403,3.695907303705287,1.153979960377992,2.0012334805614,0.3087058298557673,0.27470642661415934,1.0,2.6,0.4,0.6040869142764144,0.7177917525299382,1.0777643527228018,1.5357051312019505,2.161988899138939
2023-10-03 21:55:00,147.72420796132823,3.7830452793079647,1.0788015082632056,2.2012889742132473,0.30870538510850165,0.27578968400867354,1.0,2.6,0.4,0.6040869142764144,0.7177917525299382,1.0777643527228018,1.5357051312019505,2.161988899138939
2023-10-03 22:00:00,146.4224605159796,4.32381006705631,1.1836209696281952,2.5732440107226764,0.30178027061951657,0.2803298046923818,1.0,0.06438136376312636,0.0116619037896906,0.602966831591921,0.726449585312016,1.0942532796386766,1.6933169372565786,2.584403993186824
2023-10-03 22:05:00,147.07302728558005,4.715381804211881,1.3511094719380676,2.7033417405587903,0.29954425357939807,0.27916126431962673,1.0,2.6,0.4,0.602966831591921,0.726449585312016,1.0942532796386766,1.6933169372565786,2.584403993186824
2023-10-03 22:10:00,147.07289523569796,3.4919807578669237,1.1379075679590354,1.8267976576819644,0.2973459362365322,0.26586336975827274,1.0,2.6,0.4,0.602966831591921,0.726449585312016,1.0942532796386766,1.6933169372565786,2.584403993186824
2023-10-03 22:15:00,146.4219984026473,3.670383715475665,1.2591883254574456,1.8175357204005391,0.2995434843132036,0.27362569136894255,1.0,2.6,0.4,0.6052115332675014,0.7271753571182126,1.111850997211407,1.563202562050101,2.2343688146767535
2023-10-03 22:20:00,145.77125444992654,4.040262556401645,1.3755352820979063,2.002506052827265,0.2973451801876,0.2686085824198397,1.0,2.6,0.4,0.6052115332675014,0.7271753571182126,1.111850997211407,1.563202562050101,2.2343688146767535
2023-10-03 22:25:00,145.77112243529308,4.273231339490455,1.4080791308142553,2.1812045048519098,0.29734481296550574,0.27155102452147417,1.0,2.6,0.4,0.6052115332675014,0.7271753571182126,1.111850997211407,1.563202562050101,2.2343688146767535
2023-10-03 22:30:00,145.77099042066322,4.36889795882062,1.2511341757416994,2.514230120111316,0.2973444457445053,0.27054540240534286,0.02353720459187964,0.06438136376312636,0.4,0.6052115332675014,0.7344685153224746,1.117176798899798,1.5957105783944654,2.344942643221791
2023-10-03 22:35:00,145.770858406037,3.7239086862777255,1.170267233972341,2.0038816907234933,0.28694951512222966,0.26585250791073156,1.0,2.6,0.4,0.6052115332675014,0.7344685153224746,1.117176798899798,1.5957105783944654,2.344942643221791
2023-10-03 22:40:00,145.7706603841045,3.6739372896048885,1.181052839804431,1.9387566763363633,0.28121965566431834,0.2658503344175111,1.0,2.6,0.4,0.6052115332675014,0.7344685153224746,1.117176798899798,1.5957105783944654,2.344942643221791
2023-10-03 22:45:00,145.77059437679543,3.4496528746000807,0.9960585606277381,2.001078447370294,0.2973433224870588,0.26249867429081813,1.0,2.6,0.4,0.6086123561019773,0.741824777154282,1.135078851886511,1.577079658736362,2.189818257298993
2023-10-03 22:50:00,145.1198725394584,3.1718462736514246,0.9428293356752411,1.811267880720101,0.297342955270498,0.2658459954904899,1.0,2.6,0.4,0.6086123561019773,0.741824777154282,1.135078851886511,1.577079658736362,2.189818257298993
2023-10-03 22:55:00,145.77033034756838,2.7873551292128216,0.8160686708515413,1.631734843671128,0.2951832951850391,0.26584382240426707,1.0,2.6,0.4,0.6086123561019773,0.741824777154282,1.135078851886511,1.577079658736362,2.189818257298993
2023-10-03 23:00:00,145.77019833296026,3.6942264448225655,0.9934387711158148,2.2451399998283637,0.295182934532007,0.2757489894271894,0.025495097567963927,0.08816892876745186,0.0116619037896906,0.6097548687792497,0.7381388758221585,1.1386861903088137,1.557445344145341,2.3027930866667115
2023-10-03 23:05:00,146.42074409525176,3.5819775542154857,1.0388578036845975,2.065156650308038,0.2869477328434224,0.2685865678641926,1.0,2.6,0.4,0.6097548687792497,0.7381388758221585,1.1386861903088137,1.557445344145341,2.3027930866667115
2023-10-03 23:10:00,145.76993430375492,3.096867873686143,1.0201625951270383,1.621550139761761,0.28308359010421685,0.26764649464170515,1.0,2.6,0.4,0.6097548687792497,0.7381388758221585,1.1386861903088137,1.557445344145341,2.3027930866667115
2023-10-03 23:15:00,145.1192125563203,2.815759008168978,0.9243246387072508,1.4951832551077213,0.29734109760348326,0.2658351467168519,1.0,2.6,0.4,0.6137882370981054,0.7597262664933996,1.1780027843770149,1.7507052864488644,2.6476510344076694
2023-10-03 23:20:00,145.1190805597037,3.104905165353177,1.0576367804696818,1.5731656274535415,0.2951815131456491,0.2658329743088656,1.0,2.6,0.4,0.6137882370981054,0.7597262664933996,1.1780027843770149,1.7507052864488644,2.6476510344076694
2023-10-03 23:25:00,145.11894856309075,3.5814982992931186,1.202746929231661,1.8160722599470673,0.29518115249814136,0.2632864111277504,1.0,2.6,0.4,0.6137882370981054,0.7597262664933996,1.1780027843770149,1.7507052864488644,2.6476510344076694
2023-10-03 23:30:00,145.1188165664815,3.5149636968896973,1.1086079389700925,1.8934655854826492,0.29733997437654314,0.26857433986761003,0.02353720459187964,0.06201161181585268,0.0116619037896906,0.6114769006266713,0.7447845325998653,1.1413974592577294,1.6536290394160353,2.38569151400595
2023-10-03 23:35:00,145.76920822351497,3.10868554963332,1.0042204514481095,1.6569323827187303,0.3063529386985597,0.2658264731953145,1.0,2.6,0.4,0.6114769006266713,0.7447845325998653,1.1413974592577294,1.6536290394160353,2.38569151400595
2023-10-03 23:40:00,145.76907620893766,2.97209197651101,0.9642600449608466,1.5853550062681898,0.2973392399644621,0.2658243013297859,1.0,2.6,0.4,0.6114769006266713,0.7447845325998653,1.1413974592577294,1.6536290394160353,2.38569151400595
2023-10-03 23:45:00,146.4196218204872,2.9347837383155424,0.9032164941232859,1.6415578018087391,0.28499168723150303,0.2658221296001192,1.0,2.6,0.4,0.6137882370981054,0.7522260298607062,1.1441136307203057,1.6896875450804505,2.485237212018201
2023-10-03 23:50:00,147.07025423879685,2.284691329472567,0.6812590635270496,1.355038754130753,0.2869450888676773,0.26169640323399346,1.0,2.6,0.4,0.6137882370981054,0.7522260298607062,1.1441136307203057,1.6896875450804505,2.485237212018201
2023-10-03 23:55:00,146.41935775587424,2.3050343973731953,0.7172997749753155,1.3195899574718963,0.30869450088497513,0.2632749947062045,1.0,2.6,0.4,0.6137882370981054,0.7522260298607062,1.1441136307203057,1.6896875450804505,2.485237212018201
2023-10-04 00:00:00,5792.640440000001,63.239320719999995,15.339260352,38.895371761322025,3.8641953000000004,2.6695233,0.02256102834535696,0.07863841300535,0.010965856099730654,0.6137882370981054,0.7522260298607062,1.1441136307203057,1.6896875450804505,2.485237212018201
2023-10-04 00:15:00,144.46712828055118,3.0704968048949324,1.0497796845873013,1.5518579842808409,0.2869436004410249,0.4166666666666667,1.0,2.6,0.4,0.5985323717226998,0.7374035530155791,1.143207697664777,1.6227396587253298,2.2776558124527946
2023-10-04 00:20:00,145.11749660059087,2.9298212059399256,0.9990258309709366,1.4927585622087054,0.2776215652840175,0.4166666666666667,1.0,2.6,0.4,0.5985323717226998,0.7374035530155791,1.143207697664777,1.6227396587253298,2.2776558124527946
2023-10-04 00:25:00,144.46693031302527,3.2275582718715854,1.135642387541899,1.574678620495393,0.2869430129108847,0.2640878999713391,1.0,2.6,0.4,0.5985323717226998,0.7374035530155791,1.143207697664777,1.6227396587253298,2.2776558124527946
2023-10-04 00:30:00,144.46673234550775,3.870768989980884,1.2704123231375084,1.9957063989379111,0.2951765066096348,0.26408591336278503,0.02353720459187964,0.0608276253029822,0.0116619037896906,0.5745337239884183,0.6686822862914794,1.0191172650877818,1.380000362318793,1.8457150375938318
2023-10-04 00:35:00,144.4666003671674,3.181765393078519,1.0471666049107837,1.6628919158937887,0.2973351359774967,0.4166666666666667,1.0,2.6,0.4,0.5745337239884183,0.6686822862914794,1.0191172650877818,1.380000362318793,1.8457150375938318
2023-10-04 00:40:00,144.46646838883075,2.74775602740239,0.9405206054940478,1.4061440227287425,0.2889384967397338,0.4166666666666667,1.0,2.6,0.4,0.5745337239884183,0.6686822862914794,1.0191172650877818,1.380000362318793,1.8457150375938318
2023-10-04 00:45:00,144.46633641049783,2.809501141987635,0.9644654340491965,1.4293427960122946,0.27939369388468077,0.4166666666666667,1.0,2.6,0.4,0.567768438714235,0.6588178807530956,1.001431455467622,1.4018938083892087,1.9633379739616919
2023-10-04 00:50:00,143.8158606356602,3.322261953031513,1.1008072907085082,1.718079533569827,0.2849880477375317,0.4166666666666667,1.0,2.6,0.4,0.567768438714235,0.6588178807530956,1.001431455467622,1.4018938083892087,1.9633379739616919
2023-10-04 00:55:00,143.81572867580198,3.2061341850242484,1.0766870337928467,1.6421008555487688,0.28893757653925983,0.4166666666666667,1.0,2.6,0.4,0.567768438714235,0.6588178807530956,1.001431455467622,1.4018938083892087,1.9633379739616919
2023-10-04 01:00:00,143.81559671594752,3.1149383248928353,1.052597546178427,1.5903411905744724,0.29305484256605924,0.4166666666666667,0.02256102834535696,0.07625850772208961,0.4,0.5805385430787521,0.6882797396407947,1.0598119833253443,1.4851276039451964,2.0908074995082644
2023-10-04 01:05:00,143.81539877617294,3.3882373899023106,1.0258685049365532,1.8955688129504733,0.2742159046294585,0.2624477790427353,1.0,2.6,0.4,0.5805385430787521,0.6882797396407947,1.0598119833253443,1.4851276039451964,2.0908074995082644
2023-10-04 01:10:00,143.81533279624998,3.404705841052854,1.0526288232702745,1.8709410107972377,0.27761932714369475,0.4166666666666667,1.0,2.6,0.4,0.5805385430787521,0.6882797396407947,1.0598119833253443,1.4851276039451964,2.0908074995082644
2023-10-04 01:15:00,143.81520083640683,3.193233676340714,1.0045356859209467,1.7382887001706901,0.28893633628286597,0.4166666666666667,1.0,2.6,0.4,0.5836103151932803,0.6910347313992257,1.0480095419412936,1.4619925615405847,2.028818375311107
2023-10-04 01:20:00,143.81506887656747,2.9614510738354505,0.9752249929157345,1.5586539402410893,0.29097420365629756,0.4166666666666667,1.0,2.6,0.4,0.5836103151932803,0.6910347313992257,1.0480095419412936,1.4619925615405847,2.028818375311107
2023-10-04 01:25:00,144.46534657311952,2.4504809649849864,0.8718069913118086,1.2271864216941102,0.27258652272950623,0.4166666666666667,1.0,2.6,0.4,0.5836103151932803,0.6910347313992257,1.0480095419412936,1.4619925615405847,2.028818375311107
2023-10-04 01:30:00,143.81480495690008,2.384731594403886,0.842831279881685,1.2081834848041335,0.2793915561818411,0.4166666666666667,0.021587033144922906,0.08340167864018085,0.4,0.5795248053362341,0.6924167820034405,1.064059697573402,1.453261934408247,1.9741539960195609
2023-10-04 01:35:00,143.81467299707205,2.220915437957027,0.7956184743962414,1.1251247454854822,0.2776181994278906,0.4166666666666667,1.0,2.6,0.4,0.5795248053362341,0.6924167820034405,1.064059697573402,1.453261934408247,1.9741539960195609
2023-10-04 01:40:00,144.4648846490813,1.9359778491263915,0.6841679269203053,1.0257374998507651,0.2725859661361696,0.4166666666666667,1.0,2.6,0.4,0.5795248053362341,0.6924167820034405,1.064059697573402,1.453261934408247,1.9741539960195609
2023-10-04 01:45:00,144.46481865993672,2.0698325217209494,0.7253997369340841,1.0880503490941509,0.26389409169395617,0.4166666666666667,1.0,2.6,0.4,0.574041810323952,0.6753636057709951,1.0338638981993713,1.4198816852118348,1.9296113598338915
2023-10-04 01:50:00,144.46468668165033,2.0697164969255812,0.7073408972042496,1.1142201300874635,0.275891727046884,0.4166666666666667,1.0,2.6,0.4,0.574041810323952,0.6753636057709951,1.0338638981993713,1.4198816852118348,1.9296113598338915
2023-10-04 01:55:00,144.46455470336767,2.758350026808595,0.9540459594100075,1.3961601074437096,0.27761729726939355,0.2616531396323882,1.0,2.6,0.4,0.574041810323952,0.6753636057709951,1.0338638981993713,1.4198816852118348,1.9296113598338915
2023-10-04 02:00:00,145.11479067166314,3.295722878311681,1.189757769358047,1.559680331146807,0.2793901310831131,0.4166666666666667,0.021587033144922906,0.04903060268852505,0.4,0.5750269558898956,0.6733505773369471,1.0191172650877818,1.5334295712552304,2.260963511426047
2023-10-04 02:05:00,145.1147246734159,3.2417416670066115,1.135955744513688,1.5878317182218455,0.26657940708648953,0.26576155190916556,1.0,2.6,0.4,0.5750269558898956,0.6733505773369471,1.0191172650877818,1.5334295712552304,2.260963511426047
2023-10-04 02:10:00,145.11459267692413,3.2996286023282684,1.1574837418775001,1.6114038411865357,0.27100633435855065,0.264046208280632,1.0,2.6,0.4,0.5750269558898956,0.6733505773369471,1.0191172650877818,1.5334295712552304,2.260963511426047
2023-10-04 02:15:00,145.11446068043608,2.589015983270581,0.895750440019953,1.3220483397052505,0.2626327115596767,0.26242240865491107,1.0,2.6,0.4,0.5706356105256664,0.6693466964137494,1.0150645299684153,1.4641824510627082,2.0908074995082644
2023-10-04 02:20:00,145.1143286839517,2.761881793195169,0.9249092963002566,1.4428157533980166,0.268002376139191,0.26575507944696014,1.0,2.6,0.4,0.5706356105256664,0.6693466964137494,1.0150645299684153,1.4641824510627082,2.0908074995082644
2023-10-04 02:25:00,145.11419668747095,2.4121442444639563,0.7566504406132372,1.3618796492492427,0.26947817633014415,0.4166666666666667,1.0,2.6,0.4,0.5706356105256664,0.6693466964137494,1.0150645299684153,1.4641824510627082,2.0908074995082644
2023-10-04 02:30:00,145.11406469099387,2.1992118641704512,0.6971673622885741,1.249960740120266,0.26947801249805625,0.26321612911883313,0.02061552812808831,0.06438136376312636,0.4,0.5649504403042802,0.6491502137410108,0.9802619241814914,1.328439027580867,1.8106904760339355
2023-10-04 02:35:00,145.1139326945205,2.9968666646093705,1.0314974755242172,1.50854701523405,0.26263229588733705,0.26574860056652894,1.0,2.6,0.4,0.5649504403042802,0.6491502137410108,0.9802619241814914,1.328439027580867,1.8106904760339355
2023-10-04 02:40:00,144.46336689899113,3.514564029373708,1.3005457043788495,1.6053672650674053,0.26389281412038545,0.26574644120975843,1.0,2.6,0.4,0.5649504403042802,0.6491502137410108,0.9802619241814914,1.328439027580867,1.8106904760339355
2023-10-04 02:45:00,144.46323492074566,3.5102940357602583,1.2978570490792647,1.6052528518811437,0.26947753589911705,0.26574428961753443,1.0,2.6,0.4,0.5537544582213312,0.6220128616033594,0.9420191080864548,1.269150207816238,1.6770283241495954
2023-10-04 02:50:00,145.11353670512239,2.9510488496604337,1.119976094281851,1.3347538981074698,0.27761483374678286,0.2657421305303409,1.0,2.6,0.4,0.5537544582213312,0.6220128616033594,0.9420191080864548,1.269150207816238,1.6770283241495954
2023-10-04 02:55:00,145.7639276432489,3.4685613582200903,1.289777929118027,1.5771849167795071,0.2652081388712555,0.27140390571994055,1.0,2.6,0.4,0.5537544582213312,0.6220128616033594,0.9420191080864548,1.269150207816238,1.6770283241495954
2023-10-04 03:00:00,147.06517032373515,8.938485708318522,3.08845176766001,4.242848283132708,0.2849807500619663,0.2734592632506721,0.02256102834535696,0.056098484828023654,0.4,0.5438713083073973,0.609183059514954,0.9333763228194724,1.2992575764643437,1.7805403674165885
2023-10-04 03:05:00,182.96144288838082,8.77929309262941,2.4491400899058315,5.06109812949249,0.2951654760195689,0.31001900972727564,1.0,2.6,0.4,0.5438713083073973,0.609183059514954,0.9333763228194724,1.2992575764643437,1.7805403674165885
2023-10-04 03:10:00,169.23406351750327,11.974290126461359,3.242292099638295,7.034250674176002,0.3017552202885675,0.3293484041214038,1.0,2.6,0.4,0.5438713083073973,0.609183059514954,0.9333763228194724,1.2992575764643437,1.7805403674165885
2023-10-04 03:15:00,154.87985182308563,12.845507717000874,3.0994753795340078,8.123044139476963,0.29732323518804593,0.3243364589055014,1.0,2.6,0.4,0.54230987451825,0.6120531022713633,0.9369602766393034,1.3205704259902233,1.8049110781420785
2023-10-04 03:20:00,150.97078713074742,11.990789603436808,2.95121292335462,7.496607596334865,0.2869326925828988,0.3100012075584624,1.0,2.6,0.4,0.54230987451825,0.6120531022713633,0.9369602766393034,1.3205704259902233,1.8049110781420785
2023-10-04 03:25:00,149.0171787774787,8.004550180553148,2.2930209936506585,4.528177359929793,0.27761327240776357,0.27780307903058526,1.0,2.6,0.4,0.54230987451825,0.6120531022713633,0.9369602766393034,1.3205704259902233,1.8049110781420785
2023-10-04 03:30:00,148.36602927160322,4.840920551123189,1.5366301059822163,2.544243390763586,0.27761304688412985,0.263193420092048,0.02353720459187964,0.07506903489455555,0.4,0.5396378415196621,0.5985323717226998,0.9179066619215703,1.2482023073204118,1.6532465030962564
2023-10-04 03:35:00,148.3659632296179,3.2437367710068963,1.1523698291899003,1.565332469889561,0.28306949660514646,0.4166666666666667,1.0,2.6,0.4,0.5396378415196621,0.5985323717226998,0.9179066619215703,1.2482023073204118,1.6532465030962564
2023-10-04 03:40:00,148.36583114564976,3.795534618211889,1.3656836789499376,1.7793611695962661,0.27258152950733494,0.4166666666666667,1.0,2.6,0.4,0.5396378415196621,0.5985323717226998,0.9179066619215703,1.2482023073204118,1.6532465030962564
2023-10-04 03:45:00,148.3656990616851,4.019949340518059,1.395505965278464,1.952635594654992,0.26520687375399066,0.2657184276030466,1.0,2.6,0.4,0.5366796064692602,0.5898889726041673,0.8969749160372323,1.25,1.6958231039822522
2023-10-04 03:50:00,147.0638498271721,3.5668443834704613,1.1470380401806342,1.8858370402335185,0.26263070661047244,0.4166666666666667,1.0,2.6,0.4,0.5366796064692602,0.5898889726041673,0.8969749160372323,1.25,1.6958231039822522
2023-10-04 03:55:00,147.0637177775352,3.052853185223004,0.9943695596657485,1.6178805858886371,0.2626306088118512,0.2623862665122072,1.0,2.6,0.4,0.5366796064692602,0.5898889726041673,0.8969749160372323,1.25,1.6958231039822522
2023-10-04 04:00:00,146.41288817732416,3.0237867118665824,0.9438091232630494,1.6661007071077887,0.26799941460889487,0.26571197084607534,0.02256102834535696,0.07269112738154498,0.4,0.533475397745763,0.5851632250919396,0.8878710717215648,1.2446208257939444,1.6890814071559725
2023-10-04 04:05:00,145.7621454487177,2.1725070227719008,0.623531039874716,1.3369799836863925,0.2758860401906262,0.26570982902516577,1.0,2.6,0.4,0.533475397745763,0.5851632250919396,0.8878710717215648,1.2446208257939444,1.6890814071559725
2023-10-04 04:10:00,148.36503864191323,2.3195295718965925,0.7673930090525138,1.2582261212544108,0.26263029096876,0.2657076720945831,1.0,2.6,0.4,0.533475397745763,0.5851632250919396,0.8878710717215648,1.2446208257939444,1.6890814071559725
2023-10-04 04:15:00,146.41249208095712,3.7282085794278945,1.160565149471256,2.0228110896968183,0.2742083966702763,0.27237773610441623,1.0,2.6,0.4,0.5262090839200707,0.5720874059092719,0.8808768358856985,1.223529729920773,1.6637620022106527
2023-10-04 04:20:00,147.0630575294036,3.669931859908822,1.2198427313418467,1.876280414243861,0.26520599485875784,0.2657033738796171,1.0,2.6,0.4,0.5262090839200707,0.5720874059092719,0.8808768358856985,1.223529729920773,1.6637620022106527
2023-10-04 04:25:00,147.0629254797879,3.7528978998697125,1.3766586902446882,1.7217667034785602,0.2679986670728153,0.26570121735334323,1.0,2.6,0.4,0.5262090839200707,0.5720874059092719,0.8808768358856985,1.223529729920773,1.6637620022106527
2023-10-04 04:30:00,146.41202996856958,5.052186225828737,1.7682964841123225,2.4009202483533785,0.2742078065679244,0.26483368062594537,0.024515301344262524,0.05491812087098392,0.4,0.5217288567829079,0.5594649229397675,0.8537938861341184,1.1965153571935465,1.6677277955349905
2023-10-04 04:35:00,145.76128735529,4.597547837271046,1.60755088005584,2.1975744053767023,0.27761013249557154,0.26569691994416683,1.0,2.6,0.4,0.5217288567829079,0.5594649229397675,0.8537938861341184,1.1965153571935465,1.6677277955349905
2023-10-04 04:40:00,147.0625293309619,4.268333633623871,1.4553496663683492,2.1049630651188793,0.27760990698288085,0.26749194155621586,1.0,2.6,0.4,0.5217288567829079,0.5594649229397675,0.8537938861341184,1.1965153571935465,1.6677277955349905
2023-10-04 04:45:00,145.1105667856901,4.572300140930075,1.5939738310988347,2.193326867295156,0.27760968147097603,0.26569261545349,1.0,2.6,0.4,0.5208800245737976,0.5585704968936329,0.8520794329169082,1.1851143404752134,1.654556133831669
2023-10-04 04:50:00,145.76089131222122,3.7149049095187285,1.2604156643531912,1.8589325298208066,0.2725789535757617,0.2703459904077001,1.0,2.6,0.4,0.5208800245737976,0.5585704968936329,0.8520794329169082,1.1851143404752134,1.654556133831669
2023-10-04 04:55:00,145.11023679475684,2.9232928338322965,0.9466396498321485,1.5648949120260176,0.26520510267069747,0.2631613121130857,1.0,2.6,0.4,0.5208800245737976,0.5585704968936329,0.8520794329169082,1.1851143404752134,1.654556133831669
2023-10-04 05:00:00,145.11010479838995,3.7312827994298114,1.2226640722956559,1.9317691889770319,0.27588372847709636,0.2656861711522055,1.0,2.6,0.4,0.5192301994298868,0.5590169943749475,0.8549433665454104,1.2590571869458511,1.9174503904925415
2023-10-04 05:05:00,145.1099728020268,6.421159447750535,2.0059797398776205,3.39259620732638,0.28306472447002945,0.26841134763861335,1.0,2.6,0.4,0.5192301994298868,0.5590169943749475,0.8549433665454104,1.2590571869458511,1.9174503904925415
2023-10-04 05:10:00,147.71252003094327,3.5151209929717386,1.0426816578803368,1.9938656176253486,0.2830644437650826,0.26747796316634553,1.0,2.6,0.4,0.5192301994298868,0.5590169943749475,0.8549433665454104,1.2590571869458511,1.9174503904925415
2023-10-04 05:15:00,152.2703080805194,5.83175122093658,1.5804605732269816,3.4582523169160373,0.2793808686531345,0.2755156258696411,1.0,2.6,0.4,0.5192301994298868,0.5612708793443679,0.8667198855454973,1.2446208257939444,1.7383221795743158
2023-10-04 05:20:00,170.53641252740147,8.918229526480529,2.255005392224641,5.497093122625571,0.2930371479675405,0.29809756422398964,1.0,2.6,0.4,0.5192301994298868,0.5612708793443679,0.8667198855454973,1.2446208257939444,1.7383221795743158
2023-10-04 05:25:00,153.57291282214126,11.443065784903409,2.9982079848539556,6.87771180339409,0.2951555069633458,0.3208859105704711,1.0,2.6,0.4,0.5192301994298868,0.5612708793443679,0.8667198855454973,1.2446208257939444,1.7383221795743158
2023-10-04 05:30:00,150.96715300763847,10.965469272377074,2.924100249396549,6.514481224803586,0.2951551463964791,0.3009370343699755,1.0,0.08936128915811364,0.01345362404707371,0.5228852646613786,0.5711182014259395,0.8834037808386378,1.272853585452781,1.8092440410292914
2023-10-04 05:35:00,171.84249323969485,8.13102743144831,2.0470782405075227,5.031049975528027,0.2889202143927458,0.29123969799884014,1.0,2.6,0.4,0.5228852646613786,0.5711182014259395,0.8834037808386378,1.272853585452781,1.8092440410292914
2023-10-04 05:40:00,145.7596371760518,5.48034908869443,1.1339417663464446,3.797813097748263,0.27760721823827506,0.2800058446941999,1.0,2.6,0.4,0.5228852646613786,0.5711182014259395,0.8834037808386378,1.272853585452781,1.8092440410292914
2023-10-04 05:45:00,147.7115295296217,3.1453981672926026,0.7235691628271959,2.125852185043243,0.2679962951758751,0.26396124821802236,1.0,2.6,0.4,0.5246722786654542,0.5730619512757761,0.8827702758928848,1.2383982598501986,1.7107670794120398
2023-10-04 05:50:00,147.71139746279366,3.029440995031021,0.8568205947811492,1.8042971955060112,0.28891929436571484,0.26395928429488097,1.0,2.6,0.4,0.5246722786654542,0.5730619512757761,0.8827702758928848,1.2383982598501986,1.7107670794120398
2023-10-04 05:55:00,147.06048256253337,3.3522825008269876,0.9494871849756031,1.977184623051428,0.28497094419468383,0.26566255237880176,1.0,2.6,0.4,0.5246722786654542,0.5730619512757761,0.8827702758928848,1.2383982598501986,1.7107670794120398
2023-10-04 06:00:00,147.71113332914794,3.8462032721792467,1.2201542179973517,2.047778900436962,0.29095601496844414,0.2656604136336724,0.0304138126514911,0.06675327707311456,0.0116619037896906,0.5228852646613786,0.5765145271370011,0.8878710717215648,1.3841419724869266,2.079601884977026
2023-10-04 06:05:00,149.0128855032782,4.262115822278687,1.4339009088952004,2.131266351888666,0.2951526648783781,0.26479456233555515,1.0,2.6,0.4,0.5228852646613786,0.5765145271370011,0.8878710717215648,1.3841419724869266,2.079601884977026
2023-10-04 06:10:00,147.71093522892284,4.1079871446264535,1.2498644143947917,2.2592696433090476,0.2889180543430946,0.2656561213231652,1.0,2.6,0.4,0.5228852646613786,0.5765145271370011,0.8878710717215648,1.3841419724869266,2.079601884977026
2023-10-04 06:15:00,147.71080316211038,3.854155446420926,1.1152482855362948,2.2153538762437974,0.29730986706947027,0.26156366771582357,1.0,2.6,0.4,0.5240696518593688,0.5810473302580436,0.9110410748149612,1.3205704259902233,2.0068383093812017
2023-10-04 06:20:00,147.71060506189832,4.178497081031374,1.306634848568081,2.2421418895573253,0.29730949995259354,0.2656518295494966,1.0,2.6,0.4,0.5240696518593688,0.5810473302580436,0.9110410748149612,1.3205704259902233,2.0068383093812017
2023-10-04 06:25:00,147.05969026530477,4.557374072465411,1.3824468099907146,2.499502754513748,0.29730911124179904,0.270296443508152,1.0,2.6,0.4,0.5240696518593688,0.5810473302580436,0.9110410748149612,1.3205704259902233,2.0068383093812017
2023-10-04 06:30:00,147.71040696169408,4.161609340677917,1.1798282704218652,2.41903665640925,0.28119601586369974,0.26564754592079354,0.0304138126514911,0.07031472107603072,0.0116619037896906,0.5240696518593688,0.577012998120493,0.8950053407661878,1.317635761506191,1.8708725237172095
2023-10-04 06:35:00,150.31424040651135,3.6002522217155746,0.9124590928359956,2.2778820727556863,0.2694701641724921,0.265645400503248,1.0,2.6,0.4,0.5240696518593688,0.577012998120493,0.8950053407661878,1.317635761506191,1.8708725237172095
2023-10-04 06:40:00,150.3141082728478,3.313902558442544,0.7470608389658773,2.254686010812853,0.2694700003704961,0.2733316570579824,1.0,2.6,0.4,0.5240696518593688,0.577012998120493,0.8950053407661878,1.317635761506191,1.8708725237172095
2023-10-04 06:45:00,149.01182869787056,3.6456879936612125,0.7992142458242558,2.4999744528464722,0.2793765941015762,0.26836297579494606,1.0,2.6,0.4,0.5265216044950103,0.5856833615529812,0.9137745892724309,1.405051244617078,2.4559104218191674
2023-10-04 06:50:00,147.70981266112835,4.206912281372284,1.059052465091274,2.6496783262738566,0.27760409596540825,0.27127672446880063,1.0,2.6,0.4,0.5265216044950103,0.5856833615529812,0.9137745892724309,1.405051244617078,2.4559104218191674
2023-10-04 06:55:00,146.40820103904363,4.369178781604731,1.1476170833620376,2.673459227545848,0.2776038704737581,0.27545377468028837,1.0,2.6,0.4,0.5265216044950103,0.5856833615529812,0.9137745892724309,1.405051244617078,2.4559104218191674
2023-10-04 07:00:00,145.75745894032428,4.452365799570729,1.277025576067003,2.556959711010328,0.2776036449828939,0.2702782267730098,0.032388269481403296,0.07982881685206164,0.0125,0.5271517807994203,0.5872512239237991,0.9042826106920335,1.5414048786739973,2.741550656106868
2023-10-04 07:05:00,145.75739293319646,3.840483335603956,0.9843060424220998,2.4033512713117307,0.2694691962605312,0.2656325460263753,1.0,2.6,0.4,0.5271517807994203,0.5872512239237991,0.9042826106920335,1.5414048786739973,2.741550656106868
2023-10-04 07:10:00,146.40787095905296,3.744780235464441,0.9470664865305136,2.36664533851044,0.2776031940035237,0.2656304091518251,1.0,2.6,0.4,0.5271517807994203,0.5872512239237991,0.9042826106920335,1.5414048786739973,2.741550656106868
2023-10-04 07:15:00,145.7570628975708,3.2716286792118057,0.9046396071778405,1.967211664629056,0.2776029685150176,0.26476580295496854,1.0,2.6,0.4,0.5258982791377055,0.5785162054774265,0.8904493247793498,1.30985342691463,2.0319704722264054
2023-10-04 07:20:00,146.4075408790845,3.0273006361741484,0.8281644783070103,1.8463791528539093,0.27420108639905566,0.2656261281992735,1.0,2.6,0.4,0.5258982791377055,0.5785162054774265,0.8904493247793498,1.30985342691463,2.0319704722264054
2023-10-04 07:25:00,146.40740884710343,4.343465521440553,1.3636684060422781,2.317517410719135,0.2830572767664799,0.2754352527396827,1.0,2.6,0.4,0.5258982791377055,0.5785162054774265,0.8904493247793498,1.30985342691463,2.0319704722264054
2023-10-04 07:30:00,147.05797362174528,4.868453070677611,1.4640121588119464,2.6820421190679755,0.28691794848947544,0.2754321741849783,0.03634556369077249,0.08221046162137761,0.0145,0.5268358378090845,0.5862047423895512,0.9130896122506268,1.366635375658043,2.184894505462449
2023-10-04 07:35:00,146.40714478315195,4.818290888629098,1.466742347151118,2.6283481961555477,0.2909498303204528,0.2754290769058489,1.0,2.6,0.4,0.5268358378090845,0.5862047423895512,0.9130896122506268,1.366635375658043,2.184894505462449
2023-10-04 07:40:00,146.4070127511816,4.6555831551883635,1.3718405535565492,2.6125736417970806,0.28691736112486965,0.27329697591115826,1.0,2.6,0.4,0.5268358378090845,0.5862047423895512,0.9130896122506268,1.366635375658043,2.184894505462449
2023-10-04 07:45:00,145.75627081216157,4.488769752767513,1.2501595948793132,2.6340674474504358,0.290949177177962,0.2656154319595781,1.0,2.6,0.4,0.5341760009584856,0.6074742792909014,0.95450100052331,1.4818037150716015,2.3635854120382445
2023-10-04 07:50:00,146.40674868725156,4.222110918821545,1.1477895567580556,2.527883639945852,0.2930269280364972,0.265613296152927,1.0,2.6,0.4,0.5341760009584856,0.6074742792909014,0.95450100052331,1.4818037150716015,2.3635854120382445
2023-10-04 07:55:00,145.7560067837208,4.392715613568546,1.169326037055933,2.6633073559044202,0.28305568626658545,0.26474940381849776,1.0,2.6,0.4,0.5341760009584856,0.6074742792909014,0.95450100052331,1.4818037150716015,2.3635854120382445
2023-10-04 08:00:00,145.10535293162857,3.9056780215899582,1.0699846354798546,2.335460286110718,0.2776009564985322,0.2656090249395999,0.03832753579347361,0.11563321322180752,0.01680029761641144,0.5388886712485242,0.6143687817589693,0.9582238569353196,1.4124469016568375,2.0541178155110775
2023-10-04 08:05:00,145.10522093539757,3.287008644132608,0.9578740762831824,1.9005405788764465,0.27937278284810046,0.26560688193385656,1.0,2.6,0.4,0.5388886712485242,0.6143687817589693,0.9582238569353196,1.4124469016568375,2.0541178155110775
2023-10-04 08:10:00,144.45472233177762,3.237175610918332,0.9366313448207904,1.884412171607813,0.2793725513300896,0.26229457656825717,1.0,2.6,0.4,0.5388886712485242,0.6143687817589693,0.9582238569353196,1.4124469016568375,2.0541178155110775
2023-10-04 08:15:00,144.45459035377598,3.514840809426754,1.0593197526858047,1.9682243077770503,0.27760028005877196,0.26474120738436446,1.0,2.6,0.4,0.5546169849544819,0.626202044072039,0.9420191080864548,1.4467447079564522,2.1587264764207625
2023-10-04 08:20:00,144.4543923867805,3.622646942831452,1.0941718707525354,2.020539800554178,0.2869149921261112,0.26390032491599597,1.0,2.6,0.4,0.5546169849544819,0.626202044072039,0.9420191080864548,1.4467447079564522,2.1587264764207625
2023-10-04 08:25:00,144.45426040878823,3.8053094724206935,1.164037724209646,2.09298991764486,0.2793718389718162,0.26473711365205765,1.0,2.6,0.4,0.5546169849544819,0.626202044072039,0.9420191080864548,1.4467447079564522,2.1587264764207625
2023-10-04 08:30:00,143.80385230401365,3.8010333689059563,1.0861582258835902,2.207692043486889,0.27937160745694944,0.4166666666666667,0.04130375285612677,0.09413267233006826,0.01345362404707371,0.562640204749003,0.6359630492410703,0.9710521304234906,1.3483768946403671,1.8560398702614123
2023-10-04 08:35:00,143.8037203444988,3.477018799219463,1.0166013960999627,1.9964290588176306,0.27937135813410924,0.4166666666666667,1.0,2.6,0.4,0.562640204749003,0.6359630492410703,0.9710521304234906,1.3483768946403671,1.8560398702614123
2023-10-04 08:40:00,143.1533379557687,3.518392103782687,1.046017750089001,1.9919741700745448,0.2741979396720669,0.2655919302282628,1.0,2.6,0.4,0.562640204749003,0.6359630492410703,0.9710521304234906,1.3483768946403671,1.8560398702614123
2023-10-04 08:45:00,143.80339044572818,3.211491195710094,0.9766299168896769,1.7983542236664811,0.27759894454463313,0.2655897958893014,1.0,2.6,0.4,0.5682429058070149,0.6653728278191108,1.0272799034343074,1.5666639716288875,2.518153291600811
2023-10-04 08:50:00,143.80332446597689,3.372974699289449,0.9553566434489351,1.988424880320014,0.2909449726722136,0.2615106567827476,1.0,2.6,0.4,0.5682429058070149,0.6653728278191108,1.0272799034343074,1.5666639716288875,2.518153291600811
2023-10-04 08:55:00,143.80319250647713,3.850309051183176,1.0835559871948692,2.260121766917361,0.2849608713719732,0.2647248281847398,1.0,2.6,0.4,0.5682429058070149,0.6653728278191108,1.0272799034343074,1.5666639716288875,2.518153291600811
2023-10-04 09:00:00,143.80306054698116,3.771223435714891,1.067494789705976,2.207002955103172,0.2972976016392626,0.2622766711882073,0.0422965719651132,0.10129481724155484,0.01345362404707371,0.5711182014259395,0.6601219584288951,1.0223732390863915,1.4565304665539955,2.0844001535213916
2023-10-04 09:05:00,143.80292858748896,3.4928968090603267,0.9740300871614795,2.0772339038282057,0.2930218288347784,0.4166666666666667,1.0,2.6,0.4,0.5711182014259395,0.6601219584288951,1.0223732390863915,1.4565304665539955,2.0844001535213916
2023-10-04 09:10:00,143.15254631112802,3.5135234614004314,0.9235528296599171,2.175327401847011,0.27936970194080407,0.4166666666666667,1.0,2.6,0.4,0.5711182014259395,0.6601219584288951,1.0223732390863915,1.4565304665539955,2.0844001535213916
2023-10-04 09:15:00,143.15241437036795,3.8830840968918836,0.971399150496845,2.4653942875239276,0.2909433399006657,0.264716645415862,1.0,2.6,0.4,0.5846443363276514,0.687592902813867,1.0429933077445894,1.6381410958766647,3.0937679292409768
2023-10-04 09:20:00,143.15228242961174,3.5796913646172377,0.9900625316388144,2.1377573605972384,0.2869114681098507,0.2711959772890334,1.0,2.6,0.4,0.5846443363276514,0.687592902813867,1.0429933077445894,1.6381410958766647,3.0937679292409768
2023-10-04 09:25:00,142.50199313469764,3.231245030557409,0.9050507685637301,1.9270796199506286,0.29513843428912956,0.26557272597881826,1.0,2.6,0.4,0.5846443363276514,0.687592902813867,1.0429933077445894,1.6381410958766647,3.0937679292409768
2023-10-04 09:30:00,143.80226879008455,3.3139871468989153,0.9289214596824015,1.971302096555181,0.297295377581182,0.265570592840207,0.04328972164382673,0.10965691952631171,0.0125,0.5957986236976384,0.7156423687848561,1.0898920313498948,1.7568665999443442,2.949929490682786
2023-10-04 09:35:00,143.15188660736598,4.486108607102809,1.134677752947025,2.8091220687352423,0.32084924663327086,0.26922874068994623,1.0,2.6,0.4,0.5957986236976384,0.7156423687848561,1.0898920313498948,1.7568665999443442,2.949929490682786
2023-10-04 09:40:00,143.15175466662507,4.194483134074353,1.1239471534975618,2.5372773140848808,0.3311703142749256,0.2655663345532074,1.0,2.6,0.4,0.5957986236976384,0.7156423687848561,1.0898920313498948,1.7568665999443442,2.949929490682786
2023-10-04 09:45:00,143.15162272588796,5.1822011837369395,1.4183006873019013,3.0624666807787047,0.33920561096422475,0.275349019758764,1.0,2.6,0.4,0.6080427616541455,0.7286288492778749,1.115399193114286,1.6440878930276204,2.3517151188015952
2023-10-04 09:50:00,143.80174095222898,4.231707664758662,1.1481652024342708,2.5367805064942015,0.347474064131982,0.27018999157835355,1.0,2.6,0.4,0.6080427616541455,0.7286288492778749,1.115399193114286,1.6440878930276204,2.3517151188015952
2023-10-04 09:55:00,143.80160899277453,4.906635049394135,1.2748670193704816,3.009680174034578,0.3446921024128008,0.2721878474261032,1.0,2.6,0.4,0.6080427616541455,0.7286288492778749,1.115399193114286,1.6440878930276204,2.3517151188015952
2023-10-04 10:00:00,143.80147703332386,6.326128954334091,1.5786018185469968,3.9526107451106895,0.3795369430577893,0.2821817431293776,0.0422965719651132,0.11324239488813365,0.01345362404707371,0.6126303942835354,0.7680423165425198,1.2012887080131902,2.0003890246649525,3.392670924212957
2023-10-04 10:05:00,149.65744496274067,6.317648463330228,1.5514217906856935,3.9859742612478812,0.41065368466553326,0.27753985484554206,1.0,2.6,0.4,0.6126303942835354,0.7680423165425198,1.2012887080131902,2.0003890246649525,3.392670924212957
2023-10-04 10:10:00,143.80121311443378,5.874645254842517,1.4210891318120056,3.745864034421596,0.4333273918036326,0.2798174598163637,1.0,2.6,0.4,0.6126303942835354,0.7680423165425198,1.2012887080131902,2.0003890246649525,3.392670924212957
2023-10-04 10:15:00,143.1508310815457,5.043789341418121,1.2047739271916547,3.253880075379706,0.41384955859659756,0.27217671745198285,1.0,2.6,0.4,0.6040869142764144,0.7619875327064085,1.2078618464046291,2.0972582697417117,4.326507136247438
2023-10-04 10:20:00,143.80094919555881,4.25595883424528,1.0169323666179997,2.763495495820596,0.3765164391040479,0.27532750484981044,1.0,2.6,0.4,0.6040869142764144,0.7619875327064085,1.2078618464046291,2.0972582697417117,4.326507136247438
2023-10-04 10:25:00,143.80081723612702,4.359938320049137,1.1106630758304101,2.7213095508487615,0.37651557388459983,0.27532443193579864,1.0,2.6,0.4,0.6040869142764144,0.7619875327064085,1.2078618464046291,2.0972582697417117,4.326507136247438
2023-10-04 10:30:00,143.80068527669897,5.435698474994934,1.4699911766579838,3.2345600715403187,0.39488432537043716,0.282159645165718,0.04328972164382673,0.10487783369234892,0.0125,0.5974353521511763,0.741086364737606,1.1844923976117363,1.6957388507668274,2.3942146937983653
2023-10-04 10:35:00,143.80061929698638,5.65268020789489,1.4754358859833827,3.441609287424015,0.39488330614987305,0.27424713562325953,1.0,2.6,0.4,0.5974353521511763,0.741086364737606,1.1844923976117363,1.6957388507668274,2.3942146937983653
2023-10-04 10:40:00,143.15023734837936,3.5653208870085527,0.7894969040355292,2.4358496908864575,0.37351504199028596,0.263031794568394,1.0,2.6,0.4,0.5974353521511763,0.741086364737606,1.1844923976117363,1.6957388507668274,2.3942146937983653
2023-10-04 10:45:00,143.15003943734115,3.5485984631810474,0.721928176982399,2.5266525282880985,0.34746619426069436,0.4166666666666667,1.0,2.6,0.4,0.5862047423895512,0.7092312739861378,1.107429022556299,1.6668000029997603,2.4714214533340932
2023-10-04 10:50:00,143.14997346699698,3.428159764677123,0.7038848160195478,2.436336021900523,0.3285381873807855,0.264677846397743,1.0,2.6,0.4,0.5862047423895512,0.7092312739861378,1.107429022556299,1.6668000029997603,2.4714214533340932
2023-10-04 10:55:00,142.49968450433627,3.1794072015410504,0.673099620006242,2.2399097795916374,0.33381260962503867,0.26146808481832656,1.0,2.6,0.4,0.5862047423895512,0.7092312739861378,1.107429022556299,1.6668000029997603,2.4714214533340932
2023-10-04 11:00:00,143.1497095856299,3.113065549100375,0.6501603263856186,2.2113819864588673,0.320840118467399,0.4166666666666667,0.0422965719651132,0.10129481724155484,0.0125,0.5888301962365721,0.7163581506481238,1.1109654180036388,1.868176651176221,3.2149562983032913
2023-10-04 11:05:00,142.4994866217891,3.46513170747773,0.7478961254745284,2.402694198203508,0.34192605036091694,0.4166666666666667,1.0,2.6,0.4,0.5888301962365721,0.7163581506481238,1.1109654180036388,1.868176651176221,3.2149562983032913
2023-10-04 11:10:00,143.14944570427812,4.363012120262359,0.9930754582761612,2.9066915944559244,0.33919436577195233,0.26302059881246487,1.0,2.6,0.4,0.5888301962365721,0.7163581506481238,1.1109654180036388,1.868176651176221,3.2149562983032913
2023-10-04 11:15:00,5792.640440000001,5.488866452972145,1.2751149559316368,3.58743734914756,0.385611528632006,0.26552588081428447,1.0,2.6,0.4,0.5947133763419149,0.7322738558763381,1.1550266490432157,1.8795936395934094,3.6018584092104455
2023-10-04 11:20:00,143.1491818229416,4.208717718630948,0.8974738913921694,2.9031214105627856,0.37350798658736684,0.4166666666666667,1.0,2.6,0.4,0.5947133763419149,0.7322738558763381,1.1550266490432157,1.8795936395934094,3.6018584092104455
2023-10-04 11:25:00,142.4989589350394,3.1538547555320693,0.6911356189479548,2.18580113591555,0.3474604582426484,0.4166666666666667,1.0,2.6,0.4,0.5947133763419149,0.7322738558763381,1.1550266490432157,1.8795936395934094,3.6018584092104455
2023-10-04 11:30:00,142.49882701336165,3.095801001757989,0.6783280006047895,2.1490635170232486,0.3285334758655966,0.26639969857371537,0.04130375285612677,0.11204713293966964,0.0125,0.5856833615529812,0.702876945133357,1.0933797876309952,1.8631113761662237,3.426164035769449
2023-10-04 11:35:00,142.49869509168784,3.6719542434218746,0.7948988694591314,2.5327776167808596,0.34745904503641595,0.2655173835258876,1.0,2.6,0.4,0.5856833615529812,0.702876945133357,1.0933797876309952,1.8631113761662237,3.426164035769449
2023-10-04 11:40:00,142.4984972091843,3.8380286786529902,0.8605631088389959,2.5937228505706247,0.34745832458071113,0.2711208942230809,1.0,2.6,0.4,0.5856833615529812,0.702876945133357,1.0933797876309952,1.8631113761662237,3.426164035769449
2023-10-04 11:45:00,143.7987058857312,4.545455667770738,1.0760499942252082,2.9586506119190026,0.34745763183635314,0.2701305301990188,1.0,2.6,0.4,0.596888599321515,0.7206670521121387,1.0977534149343375,1.9332279353454418,3.594356687920664
2023-10-04 11:50:00,142.49823336585985,5.316867533032157,1.2860309535573857,3.3996180291362474,0.37052455267941126,0.2752722735579823,1.0,2.6,0.4,0.596888599321515,0.7206670521121387,1.0977534149343375,1.9332279353454418,3.594356687920664
2023-10-04 11:55:00,143.14825823838444,4.411904556979662,0.9532826392354249,3.017310190735748,0.3285305247440845,0.264651354366346,1.0,2.6,0.4,0.596888599321515,0.7206670521121387,1.0977534149343375,1.9332279353454418,3.594356687920664
2023-10-04 12:00:00,145.74953809145114,4.070422587938027,0.871176220180907,2.807270148005911,0.32336941670855557,0.2691564939440645,0.04130375285612677,0.1108519733698954,0.0125,0.6103277807866851,0.741086364737606,1.1404931564897705,1.8040239050522582,3.1175689246590843
2023-10-04 12:05:00,142.4978376009023,5.821707425707818,1.35640712101567,3.7929494194687012,0.34467397333192495,0.2752630922415638,1.0,2.6,0.4,0.6103277807866851,0.741086364737606,1.1404931564897705,1.8040239050522582,3.1175689246590843
2023-10-04 12:10:00,142.49770567925754,4.149242826093048,0.9559885459263817,2.7526213715175962,0.33648157657885136,0.26381041314423137,1.0,2.6,0.4,0.6103277807866851,0.741086364737606,1.1404931564897705,1.8040239050522582,3.1175689246590843
2023-10-04 12:15:00,143.14773047586453,4.328128092616027,0.9586634487202349,2.9257724509359333,0.34745333685442414,0.2663797909683639,1.0,2.6,0.4,0.6069069121372733,0.731543573548425,1.1100804295185103,1.8656433206805636,3.172626041625455
2023-10-04 12:20:00,148.35183026451816,4.848895918088999,1.0681235289912836,3.272173177293676,0.3530857742253051,0.2663775771011714,1.0,2.6,0.4,0.6069069121372733,0.731543573548425,1.1100804295185103,1.8656433206805636,3.172626041625455
2023-10-04 12:25:00,159.427762612891,5.888046781077437,1.264528596399977,4.001046180816396,0.45657571141394276,0.27525084331568583,1.0,2.6,0.4,0.6069069121372733,0.731543573548425,1.1100804295185103,1.8656433206805636,3.172626041625455
2023-10-04 12:30:00,161.38434451187086,8.062101280359538,1.862490376300846,5.2458141745799765,0.6013595848627306,0.2921980122384305,1.0,2.6,0.4,0.6097548687792497,0.7300849265667659,1.1377835294993508,1.6286528942656873,2.281000657606218
2023-10-04 12:35:00,147.04978656066618,10.506586222898926,2.576801105050733,6.5886245410052515,0.9232510182852856,0.30783457082589016,1.0,2.6,0.4,0.6097548687792497,0.7300849265667659,1.1377835294993508,1.6286528942656873,2.281000657606218
2023-10-04 12:40:00,145.09796114835086,10.870779243607025,2.735882633598694,6.708324060441857,0.973676711542014,0.3093403948603934,1.0,2.6,0.4,0.6097548687792497,0.7300849265667659,1.1377835294993508,1.6286528942656873,2.281000657606218
2023-10-04 12:45:00,145.0978291523256,9.442863321803241,2.261734428938778,6.0101931292097985,0.8460989160649328,0.30048369534373376,1.0,2.6,0.4,0.5909526207742885,0.7021744797413246,1.0488480538190457,1.7890702194156607,3.2740152718031115
2023-10-04 12:50:00,148.3510377629674,8.810677032932974,2.198788504492703,5.476041642945682,0.784855155254449,0.28954456839304077,1.0,2.6,0.4,0.5909526207742885,0.7021744797413246,1.0488480538190457,1.7890702194156607,3.2740152718031115
2023-10-04 12:55:00,145.74808593723978,8.35856627990443,2.103040201709744,5.17205083863517,0.8691730597283903,0.2962524500863698,1.0,2.6,0.4,0.5909526207742885,0.7021744797413246,1.0488480538190457,1.7890702194156607,3.2740152718031115
2023-10-04 13:00:00,150.30366972386727,6.484696906739719,1.5601085600553803,4.138893213058009,0.8039344773230905,0.2844733692971038,1.0,0.10846197490364998,0.0125,0.5872512239237991,0.6903448413655309,1.0363450390675877,1.6776200404143962,2.9807609766635097
2023-10-04 13:05:00,156.81852109628127,8.065414472781026,2.097598448949728,4.888155908187225,0.9892124520135219,0.3019006324629506,1.0,2.6,0.4,0.5872512239237991,0.6903448413655309,1.0363450390675877,1.6776200404143962,2.9807609766635097
2023-10-04 13:10:00,150.30340545707216,11.900285329648405,3.224563824347185,6.987513261507821,1.4849897175364515,0.325152948883043,1.0,2.6,0.4,0.5872512239237991,0.6903448413655309,1.0363450390675877,1.6776200404143962,2.9807609766635097
2023-10-04 13:15:00,154.86299089100356,10.97039576522834,2.834745277166191,6.6562744218573515,1.3188020023447147,0.3108241823279473,1.0,2.6,0.4,0.5711182014259395,0.6910347313992257,1.0898920313498948,1.6680002997601648,2.617728022541685
2023-10-04 13:20:00,157.47006604930544,10.719001823988833,2.914341927731147,6.283449187282604,1.7193160685948765,0.31235672446488505,1.0,2.6,0.4,0.5711182014259395,0.6910347313992257,1.0898920313498948,1.6680002997601648,2.617728022541685
2023-10-04 13:25:00,150.95420233443662,13.634102791335026,3.680680189510978,8.020447467056682,2.2817848372041194,0.340431608332754,1.0,2.6,0.4,0.5711182014259395,0.6910347313992257,1.0898920313498948,1.6680002997601648,2.617728022541685
2023-10-04 13:30:00,148.34991505264898,11.46418932853377,3.076328830960042,6.779153196725836,1.8785919358598109,0.32023647278329653,0.03634556369077249,0.1108519733698954,0.015620499351813309,0.5520470994398938,0.6647134721065913,1.0589644753248335,1.6203780423098801,2.594913486033783
2023-10-04 13:35:00,167.25598553610408,10.262202858072188,2.634545476080559,6.256185839235748,1.5127137274201374,0.3077656223411511,1.0,2.6,0.4,0.5520470994398938,0.6647134721065913,1.0589644753248335,1.6203780423098801,2.594913486033783
2023-10-04 13:40:00,153.5591627328129,9.12752988250321,2.1715638694918233,5.833920559169158,1.651681873196706,0.3077598747051754,1.0,2.6,0.4,0.5520470994398938,0.6647134721065913,1.0589644753248335,1.6203780423098801,2.594913486033783
2023-10-04 13:45:00,192.75677876240493,11.371669906890016,2.725083066940705,7.2249823748589215,1.691435228447201,0.3047768960088038,1.0,2.6,0.4,0.5454576060520194,0.6497884271053156,1.0371735438199337,1.6860623505671433,2.991659071485252
2023-10-04 13:50:00,171.82711462890606,9.771960364774804,2.3385918720244887,6.220702071835379,1.8028640649145684,0.3033047615053434,1.0,2.6,0.4,0.5454576060520194,0.6497884271053156,1.0371735438199337,1.6860623505671433,2.991659071485252
2023-10-04 13:55:00,167.90828564534394,10.157019464709293,2.5413784016874246,6.2940125033922465,1.6794910998718162,0.3018477289921125,1.0,2.6,0.4,0.5454576060520194,0.6497884271053156,1.0371735438199337,1.6860623505671433,2.991659071485252
2023-10-04 14:00:00,165.94963957160127,12.225706217126382,3.2219434538589056,7.316429971459566,2.1818196268758707,0.3107704583163685,0.029427877939124318,0.11324239488813365,0.0145,0.5446613626832731,0.6607753022018907,1.0463346309857091,1.851734929734815,3.55875315243977
2023-10-04 14:05:00,173.786732458726,14.915062185642249,3.9446562249267183,8.895784211796471,2.689778737106661,0.3456596623518718,1.0,2.6,0.4,0.5446613626832731,0.6607753022018907,1.0463346309857091,1.851734929734815,3.55875315243977
2023-10-04 14:10:00,177.05438948328586,13.980651089161524,3.697275293391694,8.341166666329887,2.5096527956806876,0.3201832301516528,1.0,2.6,0.4,0.5446613626832731,0.6607753022018907,1.0463346309857091,1.851734929734815,3.55875315243977
2023-10-04 14:15:00,171.17315359915813,13.611862466321293,3.774246212928651,7.8550010912686306,2.6857524031007576,0.32506187110736345,1.0,2.6,0.4,0.5426978901746348,0.6504275516919621,1.0471717337667208,1.6620036853148068,2.640601446640519
2023-10-04 14:20:00,162.0335137615199,13.674571451596554,3.6450830746154543,8.115368287157441,2.6176855464282087,0.3153987445428755,1.0,2.6,0.4,0.5426978901746348,0.6504275516919621,1.0471717337667208,1.6620036853148068,2.640601446640519
2023-10-04 14:25:00,162.03338136607073,13.297414988333959,3.4170313006738446,8.087905616396235,2.1058929614947175,0.3153924207410839,1.0,2.6,0.4,0.5426978901746348,0.6504275516919621,1.0471717337667208,1.6620036853148068,2.640601446640519
2023-10-04 14:30:00,184.24714580986222,11.609243459988708,2.958437804329319,7.104545074575098,2.253683639119901,0.3077025016226316,0.027459060435491962,0.11443775600735973,0.0145,0.5388886712485242,0.6588178807530956,1.0708909188147968,1.9576743855912302,4.160231243572886
2023-10-04 14:35:00,177.05359353847365,10.336051775953488,2.6456773094539554,6.312827599270264,2.0659541859208126,0.31072870998548546,1.0,2.6,0.4,0.5388886712485242,0.6588178807530956,1.0708909188147968,1.9576743855912302,4.160231243572886
2023-10-04 14:40:00,197.33885087272003,11.315822356571326,2.983167499845921,6.7737246103696105,1.7948247933520212,0.31380976957945095,1.0,2.6,0.4,0.5388886712485242,0.6588178807530956,1.0708909188147968,1.9576743855912302,4.160231243572886
2023-10-04 14:45:00,180.9762768878667,9.607297385302115,2.3935297810665213,5.972106645086215,1.6198013598363512,0.28944570754953175,1.0,2.6,0.4,0.537776905417107,0.6453402203489258,1.0371735438199337,1.8656433206805636,5.128662203733056
2023-10-04 14:50:00,190.79056935432934,8.497975678002527,2.1279876389891705,5.272790881228337,1.687366829674271,0.29752980406446694,1.0,2.6,0.4,0.537776905417107,0.6453402203489258,1.0371735438199337,1.8656433206805636,5.128662203733056
2023-10-04 14:55:00,186.86347305153592,9.322383884323827,2.3442507161226547,5.763399652168932,1.4808971496805348,0.29340710661102026,1.0,2.6,0.4,0.537776905417107,0.6453402203489258,1.0371735438199337,1.8656433206805636,5.128662203733056
2023-10-04 15:00:00,226.18705934662535,9.029253160594946,2.2402136055893784,5.6305265141706045,1.591977397921445,0.3003439370633381,0.026476404589747454,0.12041594578792295,0.01680029761641144,0.5419234263251589,0.6614295124954737,1.0691791243753312,1.7816145065642006,3.3555172477577884
2023-10-04 15:05:00,184.90021746819838,9.20073793212532,2.215592559019507,5.839392247385241,1.8266473340567508,0.30033878719670726,1.0,2.6,0.4,0.5419234263251589,0.6614295124954737,1.0691791243753312,1.7816145065642006,3.3555172477577884
2023-10-04 15:10:00,214.37817531050442,9.21316894054125,2.147194918477437,5.956791504058867,1.6952923196775713,0.30176848105879983,1.0,2.6,0.4,0.5419234263251589,0.6614295124954737,1.0691791243753312,1.7816145065642006,3.3555172477577884
2023-10-04 15:15:00,180.3213499723363,11.888705694106346,2.900920901369504,7.4717419938502045,1.6793790463996585,0.32009676670938864,1.0,2.6,0.4,0.5381458909998291,0.6594694837519018,1.0769028925580988,1.882134493068973,3.1928582806006283
2023-10-04 15:20:00,188.17145724892058,13.354640284901231,3.5105788364707338,8.001793674385498,1.8863893357271209,0.32828549383002387,1.0,2.6,0.4,0.5381458909998291,0.6594694837519018,1.0769028925580988,1.882134493068973,3.1928582806006283
2023-10-04 15:25:00,193.40798451793282,11.553393702514535,3.043678349849757,6.918207361044759,2.165686498658624,0.3076394716028823,1.0,2.6,0.4,0.5381458909998291,0.6594694837519018,1.0769028925580988,1.882134493068973,3.1928582806006283
2023-10-04 15:30:00,184.89935446642994,12.964804535126145,3.389716686367656,7.797547080265435,2.0299409167179663,0.3299457628495895,0.026476404589747454,0.12041594578792295,0.02462214450449026,0.5400148146115993,0.6459729096486941,1.0363450390675877,1.563202562050101,2.361888227668701
2023-10-04 15:35:00,179.6668014131241,13.400333734856217,3.554577547614545,7.980055370975317,2.185639508689163,0.3153042116655534,1.0,2.6,0.4,0.5400148146115993,0.6459729096486941,1.0363450390675877,1.563202562050101,2.361888227668701
2023-10-04 15:40:00,171.17050233705584,12.570795218697413,3.2194475194234897,7.664852482860276,2.409460648575665,0.3249429876622199,1.0,2.6,0.4,0.5400148146115993,0.6459729096486941,1.0363450390675877,1.563202562050101,2.361888227668701
2023-10-04 15:45:00,162.03099824843594,12.495269053944249,3.0327481184532408,7.875480077529043,1.9262112968487115,0.30912393165917296,1.0,2.6,0.4,0.535956154923143,0.6384426364208455,1.0183051801891219,1.6333928645613705,2.9011073747795
2023-10-04 15:50:00,165.2935423443301,12.268958367750713,2.9504121010275224,7.775643814713578,1.802683483727666,0.3031753182940594,1.0,2.6,0.4,0.535956154923143,0.6384426364208455,1.0183051801891219,1.6333928645613705,2.9011073747795
2023-10-04 15:55:00,162.6831436660542,9.132511315654373,2.1254380538701296,5.909709768499547,2.049851005587785,0.3002871374522496,1.0,2.6,0.4,0.535956154923143,0.6384426364208455,1.0183051801891219,1.6333928645613705,2.9011073747795
2023-10-04 16:00:00,176.39722925711993,9.793797467284788,2.432094189984341,6.099076914340756,1.3581235281160213,0.2880933366023599,0.025495097567963927,0.12161184152869324,0.020591260281974,0.535956154923143,0.6316613016482805,1.0022270401460938,1.4873469669179413,2.1424518664371432
2023-10-04 16:05:00,163.33528610988205,11.82460204981983,2.9477087155345836,7.336021605214231,1.358118037571485,0.3075936771453244,1.0,2.6,0.4,0.535956154923143,0.6316613016482805,1.0022270401460938,1.4873469669179413,2.1424518664371432
2023-10-04 16:10:00,152.90349442671067,12.867429379854036,3.1893155823312,8.007273008378611,1.5482200585598151,0.31061558423648716,1.0,2.6,0.4,0.535956154923143,0.6316613016482805,1.0022270401460938,1.4873469669179413,2.1424518664371432
2023-10-04 16:15:00,156.16135904296308,9.391530090145492,2.25411237356918,5.970662534631727,1.0358167864366417,0.2740459624136075,1.0,2.6,0.4,0.5331275644721439,0.6220128616033594,0.996674952027992,1.5562956820604494,2.9608032693848476
2023-10-04 16:20:00,154.85776731808866,9.743054250650383,2.391053901623744,6.11137588006653,1.0085224092001726,0.28680635379837965,1.0,2.6,0.4,0.5331275644721439,0.6220128616033594,0.996674952027992,1.5562956820604494,2.9608032693848476
2023-10-04 16:25:00,152.90309783642587,8.53326115620517,1.9150571829820608,5.635010805937029,0.880589248494425,0.28189941251469036,1.0,2.6,0.4,0.5331275644721439,0.6220128616033594,0.996674952027992,1.5562956820604494,2.9608032693848476
2023-10-04 16:30:00,148.99597664280793,8.181642557318916,1.8113458018367166,5.443720040414165,0.8574814561938493,0.2867982161139935,0.024515301344262524,0.10248902380255165,0.01345362404707371,0.5355968633216591,0.6256005115087423,0.9990495483208027,1.3976953351857477,1.9896743452133065
2023-10-04 16:35:00,165.94493686264937,9.160805705394704,2.1118753628233504,5.958774310496527,0.8613248607163025,0.2960396265689609,1.0,2.6,0.4,0.5355968633216591,0.6256005115087423,0.9990495483208027,1.3976953351857477,1.9896743452133065
2023-10-04 16:40:00,148.99571244230413,7.390747195973752,1.6124571797383789,4.9611329868349126,0.7467147964845148,0.28188847599476535,1.0,2.6,0.4,0.5355968633216591,0.6256005115087423,0.9990495483208027,1.3976953351857477,1.9896743452133065
2023-10-04 16:45:00,147.69389863887503,5.919265847888868,1.2167708050846615,4.106190634364197,0.6714792075671767,0.26715734682556513,1.0,2.6,0.4,0.5345287644271354,0.629224920040521,1.0183051801891219,1.4685708188575721,2.1181595785020546
2023-10-04 16:50:00,148.99544824181382,6.629502779015015,1.2977703455315766,4.688389162144865,0.6306440956341811,0.27839883492825773,1.0,2.6,0.4,0.5345287644271354,0.629224920040521,1.0183051801891219,1.4685708188575721,2.1181595785020546
2023-10-04 16:55:00,147.69356847297374,7.750094733100549,1.6560558673627523,5.252339645965556,0.5902987615168178,0.29329646476797583,1.0,2.6,0.4,0.5345287644271354,0.629224920040521,1.0183051801891219,1.4685708188575721,2.1181595785020546
2023-10-04 17:00:00,147.04272193015547,6.065103422476456,1.3546089390022489,4.037987015124607,0.54339849372771,0.2690079041709007,0.024515301344262524,0.08936128915811364,0.0116619037896906,0.5366796064692602,0.6334990134167535,1.0289214547282022,1.4873469669179413,2.11654529835768
2023-10-04 17:05:00,147.04265590561891,5.213208810896292,1.1387744502423214,3.5245030342405106,0.5398303131596129,0.2680660855194783,1.0,2.6,0.4,0.5366796064692602,0.6334990134167535,1.0289214547282022,1.4873469669179413,2.11654529835768
2023-10-04 17:10:00,143.79026049381034,5.567867451422088,1.1872117129062005,3.802165872410552,0.536268207645802,0.2729703291944768,1.0,2.6,0.4,0.5366796064692602,0.6334990134167535,1.0289214547282022,1.4873469669179413,2.11654529835768
2023-10-04 17:15:00,144.44040274031676,4.325039446245708,0.888018756126794,3.0334338613425817,0.48717630382933874,0.2680613354996039,1.0,2.6,0.4,0.5403933752369656,0.6523503659844149,1.0691791243753312,1.5539981499345488,2.2343688146767535
2023-10-04 17:20:00,144.44027076271914,3.696901594649493,0.7335196532484782,2.6550381082628216,0.44645208721355856,0.26714137260096815,1.0,2.6,0.4,0.5403933752369656,0.6523503659844149,1.0691791243753312,1.5539981499345488,2.2343688146767535
2023-10-04 17:25:00,143.78986461644345,3.414565990239167,0.7180199216201697,2.4002820898993993,0.4365098073202796,0.2729617925797594,1.0,2.6,0.4,0.5403933752369656,0.6523503659844149,1.0691791243753312,1.5539981499345488,2.2343688146767535
2023-10-04 17:30:00,142.48946058415666,3.3646924882308573,0.7699178144816795,2.2686485287320526,0.38248825454476604,0.27093443534472045,0.025495097567963927,0.08816892876745186,0.0116619037896906,0.5430874699346322,0.6607753022018907,1.0743224097076258,1.6097770808406984,2.404457527177388
2023-10-04 17:35:00,143.13941822425082,2.8268312044424766,0.6845970788654089,1.8747835924680247,0.37643836682162035,0.2636843835622155,1.0,2.6,0.4,0.5430874699346322,0.6607753022018907,1.0743224097076258,1.6097770808406984,2.404457527177388
2023-10-04 17:40:00,143.78946873911048,3.335439108542236,0.7232337582311569,2.3137792557450623,0.39791737675340066,0.2699481492227647,1.0,2.6,0.4,0.5430874699346322,0.6607753022018907,1.0743224097076258,1.6097770808406984,2.404457527177388
2023-10-04 17:45:00,143.1391543434959,3.8832886597664364,0.8749064440353446,2.6160212359876143,0.3947965553115208,0.2680470969293456,1.0,2.6,0.4,0.5411552457474658,0.6575173001526271,1.0726053514690292,1.6239212573274604,2.38569151400595
2023-10-04 17:50:00,143.1390224031242,3.837445791559739,0.9996701062461628,2.376595199803532,0.3794508200789324,0.2653588809857129,1.0,2.6,0.4,0.5411552457474658,0.6575173001526271,1.0726053514690292,1.6239212573274604,2.38569151400595
2023-10-04 17:55:00,143.13895643293978,4.057707642932446,0.9491038489013323,2.672711987069619,0.35588554961522995,0.4166666666666667,1.0,2.6,0.4,0.5411552457474658,0.6575173001526271,1.0726053514690292,1.6239212573274604,2.38569151400595
2023-10-04 18:00:00,143.13875852239224,4.099190776726059,0.9677335197538073,2.6847603696191116,0.35020762348863416,0.26535466433022054,0.024515301344262524,0.06201161181585268,0.4,0.5466635162510848,0.6767096866456102,1.1047829832143505,1.9114499731878938,3.157926534927626
2023-10-04 18:05:00,142.48853713444893,4.294685799209318,1.053146479327933,2.7456753377252796,0.3502068970125618,0.2653525750565771,1.0,2.6,0.4,0.5466635162510848,0.6767096866456102,1.1047829832143505,1.9114499731878938,3.157926534927626
2023-10-04 18:10:00,142.48847117376278,4.423655285577866,0.9944002406950064,2.9647751681756778,0.3474026049620619,0.2620814996461164,1.0,2.6,0.4,0.5466635162510848,0.6767096866456102,1.1047829832143505,1.9114499731878938,3.157926534927626
2023-10-04 18:15:00,143.13842867149884,3.5834732008934647,0.8144909326716825,2.414394624048809,0.3446224211108963,0.4166666666666667,1.0,2.6,0.4,0.5438713083073973,0.6517085238049292,1.0700346910264171,1.537983176110844,2.1931037367165285
2023-10-04 18:20:00,142.48820733102795,3.828412184391511,0.8512899676559184,2.5987665904305146,0.34186701527384444,0.2653462703109943,1.0,2.6,0.4,0.5438713083073973,0.6517085238049292,1.0700346910264171,1.537983176110844,2.1931037367165285
2023-10-04 18:25:00,142.48800944898701,3.7161097555609,0.827640754327173,2.5248290281392154,0.32079228344000577,0.2644934659810886,1.0,2.6,0.4,0.5438713083073973,0.6517085238049292,1.0700346910264171,1.537983176110844,2.1931037367165285
2023-10-04 18:30:00,142.48787752763118,3.578962846369441,0.7831459669947788,2.459372239442577,0.33110592293325203,0.4166666666666667,0.026476404589747454,0.09651942809610922,0.0125,0.5392624592904646,0.6421907816217857,1.052209104693549,1.5898729508989073,2.6388398966212403
2023-10-04 18:35:00,142.48781156695478,3.4958465053460315,0.7857727757557365,2.3730811885634995,0.3207912083413476,0.4166666666666667,1.0,2.6,0.4,0.5392624592904646,0.6421907816217857,1.052209104693549,1.5898729508989073,2.6388398966212403
2023-10-04 18:40:00,141.83768451470237,3.8985935065381208,0.8618913670064928,2.6515945071366067,0.31828691099576356,0.26533787085075633,1.0,2.6,0.4,0.5392624592904646,0.6421907816217857,1.052209104693549,1.5898729508989073,2.6388398966212403
2023-10-04 18:45:00,141.83755261260336,4.093943423924864,0.93332887520445,2.7332033674896454,0.3158139561793084,0.2644854159273901,1.0,2.6,0.4,0.5426978901746348,0.6536367492728664,1.0581176494133344,1.7408690358553685,3.3110203865273924
2023-10-04 18:50:00,141.8374207105083,3.536980503386101,0.8172234875930633,2.364180431478262,0.34461756020852036,0.2636554662352414,1.0,2.6,0.4,0.5426978901746348,0.6536367492728664,1.0581176494133344,1.7408690358553685,3.3110203865273924
2023-10-04 18:55:00,141.83728880841713,3.6821622267485856,0.8408749834944628,2.4704604738672216,0.3446168736465267,0.26365354370521177,1.0,2.6,0.4,0.5426978901746348,0.6536367492728664,1.0581176494133344,1.7408690358553685,3.3110203865273924
2023-10-04 19:00:00,142.48708599957797,4.530754677996954,1.0559956774383306,2.975192233731338,0.32588701528655434,0.26620168151585605,0.025495097567963927,0.08936128915811364,0.0116619037896906,0.5446613626832731,0.6562202374203344,1.0555812806221982,1.6812353345085274,2.691831346871494
2023-10-04 19:05:00,141.83702500424664,5.03089208863974,1.1176624162415039,3.376030429530257,0.336428224218845,0.26619949408377735,1.0,2.6,0.4,0.5446613626832731,0.6562202374203344,1.0555812806221982,1.6812353345085274,2.691831346871494
2023-10-04 19:10:00,141.83689310216727,3.598759084946185,0.8068042524296528,2.4416019688602684,0.32847922247847205,0.4166666666666667,1.0,2.6,0.4,0.5446613626832731,0.6562202374203344,1.0555812806221982,1.6812353345085274,2.691831346871494
2023-10-04 19:15:00,141.83676120009187,3.1550741486999465,0.6977503642572159,2.1764412356566076,0.30394568960496143,0.26447335203987943,1.0,2.6,0.4,0.5442655601817922,0.651067584817429,1.052209104693549,1.5436890878671132,2.20132778113574
2023-10-04 19:20:00,141.8366292980204,2.977119493153073,0.6466364926289386,2.0830407436033713,0.31828273760744985,0.4166666666666667,1.0,2.6,0.4,0.5442655601817922,0.651067584817429,1.052209104693549,1.5436890878671132,2.20132778113574
2023-10-04 19:25:00,141.83649739595285,3.3287859881959436,0.7572674617289914,2.2532164372395775,0.3016765681613748,0.4166666666666667,1.0,2.6,0.4,0.5442655601817922,0.651067584817429,1.052209104693549,1.5436890878671132,2.20132778113574
2023-10-04 19:30:00,141.8363654938892,3.266516123017705,0.7833356751963876,2.1507869031760865,0.310961852381763,0.4166666666666667,0.025495097567963927,0.07863841300535,0.4,0.5520470994398938,0.6633973168471516,1.0632088035752902,1.5063207659725069,2.148954164238968
2023-10-04 19:35:00,141.8362335918295,2.4782185995741446,0.6264193675655575,1.6269470759901854,0.31828118186986104,0.4166666666666667,1.0,2.6,0.4,0.5520470994398938,0.6633973168471516,1.0632088035752902,1.5063207659725069,2.148954164238968
2023-10-04 19:40:00,143.13618568605804,2.6672447098120573,0.623909950504792,1.8153227926879576,0.32078423283661,0.4166666666666667,1.0,2.6,0.4,0.5520470994398938,0.6633973168471516,1.0632088035752902,1.5063207659725069,2.148954164238968
2023-10-04 19:45:00,143.13605374577241,1.9554612395669049,0.48891054060130257,1.343901252957228,0.31096045243426834,0.4166666666666667,1.0,2.6,0.4,0.5537544582213312,0.6700119401921133,1.0666164071492619,1.6584115894433444,2.598419519631116
2023-10-04 19:50:00,142.4858327471126,2.056832855088479,0.5541423372699674,1.3353982335742425,0.3109599778784098,0.4166666666666667,1.0,2.6,0.4,0.5537544582213312,0.6700119401921133,1.0666164071492619,1.6584115894433444,2.598419519631116
2023-10-04 19:55:00,143.1357898652127,2.354716977974085,0.6391326474693989,1.4873556909896795,0.3207826077527182,0.4166666666666667,1.0,2.6,0.4,0.5537544582213312,0.6700119401921133,1.0666164071492619,1.6584115894433444,2.598419519631116
2023-10-04 20:00:00,145.73686476039646,3.497960322498765,0.8595087100216933,2.2594966614904872,0.3233161763038046,0.4166666666666667,1.0,2.6,0.4,0.5470685514631599,0.6472410679182834,1.0264602476472238,1.5436890878671132,2.2327113561766105
2023-10-04 20:05:00,148.9901642348589,6.641417767402052,1.4798897483713935,4.418606796388196,0.36454679036620063,0.2739109038355538,1.0,2.6,0.4,0.5470685514631599,0.6472410679182834,1.0264602476472238,1.5436890878671132,2.2327113561766105
2023-10-04 20:10:00,145.08614751864022,7.996250297283038,1.7656316281660074,5.329126592167461,0.39788655284677776,0.2771468744983638,1.0,2.6,0.4,0.5470685514631599,0.6472410679182834,1.0264602476472238,1.5436890878671132,2.2327113561766105
2023-10-04 20:15:00,144.43565154914918,7.009060366222899,1.5668633000134098,4.650875159342945,0.3794242567613666,0.26706168161337196,1.0,2.6,0.4,0.5470685514631599,0.6403124237432849,1.0215581040743595,1.4327163012962476,1.983456578803781
2023-10-04 20:20:00,143.78524604967288,5.901463753929286,1.4229590035395345,3.769659252576286,0.3764087462529327,0.26705941850147097,1.0,2.6,0.4,0.5470685514631599,0.6403124237432849,1.0215581040743595,1.4327163012962476,1.983456578803781
2023-10-04 20:25:00,143.78511409069026,3.713228811465437,1.0428876305445594,2.1877655590070746,0.3704359195215027,0.26444523315010693,1.0,2.6,0.4,0.5470685514631599,0.6403124237432849,1.0215581040743595,1.4327163012962476,1.983456578803781
2023-10-04 20:30:00,143.78504811120033,3.4350228522257242,0.9071531137865679,2.1235521296484894,0.3233128618616138,0.4166666666666667,1.0,0.07150272722071514,0.0125,0.5470685514631599,0.6453402203489258,1.0297433466645949,1.4685708188575721,2.262630327738051
2023-10-04 20:35:00,143.13473434312684,3.5676658969071577,0.9389850594425222,2.204702470703906,0.3337401211824517,0.4166666666666667,1.0,2.6,0.4,0.5470685514631599,0.6453402203489258,1.0297433466645949,1.4685708188575721,2.262630327738051
2023-10-04 20:40:00,143.13466837300462,3.451373007664194,0.933692485208643,2.098604295534809,0.33641602246702573,0.4166666666666667,1.0,2.6,0.4,0.5470685514631599,0.6453402203489258,1.0297433466645949,1.4685708188575721,2.262630327738051
2023-10-04 20:45:00,143.13453643276304,3.032967159954424,0.7966362790625506,1.9007906512439392,0.3233111920091153,0.4166666666666667,1.0,2.6,0.4,0.5462600113499065,0.6372009102316161,1.0199301152530011,1.469669690780891,2.052531120348727
2023-10-04 20:50:00,143.1343385224078,2.96671716455844,0.7940374279454833,1.8400836885845915,0.33108891864535894,0.4166666666666667,1.0,2.6,0.4,0.5462600113499065,0.6372009102316161,1.0199301152530011,1.469669690780891,2.052531120348727
2023-10-04 20:55:00,143.13420658217572,3.13613815907657,0.8966466478232034,1.8471303463193662,0.32846685153401595,0.4166666666666667,1.0,2.6,0.4,0.5462600113499065,0.6372009102316161,1.0199301152530011,1.469669690780891,2.052531120348727
2023-10-04 21:00:00,142.48405181000103,3.7580839520824862,0.9976027722193456,2.3015794065334623,0.3207756325372834,0.4166666666666667,0.025495097567963927,0.08459314393022639,0.4,0.5407735200617723,0.629224920040521,1.0054174058568908,1.453261934408247,2.0940152817016404
2023-10-04 21:05:00,143.13400867183486,3.293248629846559,0.8597143263341572,2.057848511214542,0.31827182300856566,0.2644291890599873,1.0,2.6,0.4,0.5407735200617723,0.629224920040521,1.0054174058568908,1.453261934408247,2.0940152817016404
2023-10-04 21:10:00,142.48378796752607,3.2682718792279757,0.888761726153374,1.9884068978215232,0.29089693918461035,0.2652750246847105,1.0,2.6,0.4,0.5407735200617723,0.629224920040521,1.0054174058568908,1.453261934408247,2.0940152817016404
2023-10-04 21:15:00,142.48372200690974,3.342736892969849,0.9630282587913187,1.9470873777527145,0.3016677027899833,0.26442519397738024,1.0,2.6,0.4,0.5446613626832731,0.6396882053000509,1.0102268260148313,1.479591244229297,2.3483279157732637
2023-10-04 21:20:00,142.48345816445422,3.5790396319023188,0.9391272494211841,2.215671516201004,0.3039352058904877,0.26527084114152355,1.0,2.6,0.4,0.5446613626832731,0.6396882053000509,1.0102268260148313,1.479591244229297,2.3483279157732637
2023-10-04 21:25:00,142.48339220384278,3.8530570107391675,0.9179224822957825,2.5188750403773774,0.32077295751691404,0.2644211774160086,1.0,2.6,0.4,0.5446613626832731,0.6396882053000509,1.0102268260148313,1.479591244229297,2.3483279157732637
2023-10-04 21:30:00,142.48326028262275,3.4999550704717177,0.8387354322514994,2.29391785824608,0.3062382053438559,0.4166666666666667,0.02256102834535696,0.09055385138137416,0.4,0.5482928049865328,0.6434477445760456,1.0297433466645949,1.4784860499849162,2.0940152817016404
2023-10-04 21:35:00,142.48312836140664,3.657560358671033,0.8756338571508706,2.3917377104133832,0.2994350192751384,0.2627894512508503,1.0,2.6,0.4,0.5482928049865328,0.6434477445760456,1.0297433466645949,1.4784860499849162,2.0940152817016404
2023-10-04 21:40:00,142.48299644019443,3.694815368311232,0.9206203253660763,2.3584216178218784,0.2972411920809307,0.26125089003734514,1.0,2.6,0.4,0.5482928049865328,0.6434477445760456,1.0297433466645949,1.4784860499849162,2.0940152817016404
2023-10-04 21:45:00,142.48286451898605,3.408348816177724,0.8256477671318937,2.224112048291481,0.29943422869297986,0.4166666666666667,1.0,2.6,0.4,0.5474751135896498,0.6485129142892992,1.0496872677135796,1.5288859506189465,2.306153507466491
2023-10-04 21:50:00,144.433143977979,3.031422023239941,0.7317806556243065,2.0008152984378635,0.2972404366749382,0.26525830869814665,1.0,2.6,0.4,0.5474751135896498,0.6485129142892992,1.0496872677135796,1.5288859506189465,2.306153507466491
2023-10-04 21:55:00,142.48260067658094,3.296197872573773,0.7421601816029121,2.244986573327605,0.30393227875465195,0.26440917477294734,1.0,2.6,0.4,0.5474751135896498,0.6485129142892992,1.0496872677135796,1.5288859506189465,2.306153507466491
2023-10-04 22:00:00,142.48246875538422,3.5241313511913384,0.7916446017500789,2.391756948135541,0.2972397028564184,0.4166666666666667,0.02353720459187964,0.10846197490364998,0.4,0.5520470994398938,0.6517085238049292,1.0446625483858412,1.491793886567444,2.0844001535213916
2023-10-04 22:05:00,142.48233683419141,3.0724160023603138,0.7085815870241149,2.07780566770271,0.2888589516715972,0.4166666666666667,1.0,2.6,0.4,0.5520470994398938,0.6517085238049292,1.0446625483858412,1.491793886567444,2.0844001535213916
2023-10-04 22:10:00,142.4822708735964,2.9317694517044344,0.7137540843902874,1.9314922536284895,0.28114877699823093,0.26199731601695847,1.0,2.6,0.4,0.5520470994398938,0.6517085238049292,1.0446625483858412,1.491793886567444,2.0844001535213916
2023-10-04 22:15:00,142.48207299181738,3.221162449944082,0.7812465711589811,2.109447147967614,0.2849161134137908,0.2612392270099456,1.0,2.6,0.4,0.5507821710985206,0.6491502137410108,1.0248231847494473,1.4884576749105094,2.1554665388263397
2023-10-04 22:20:00,142.48194107063617,3.034843130913174,0.7682279720763989,1.9469338682004895,0.27756249739645167,0.4166666666666667,1.0,2.6,0.4,0.5507821710985206,0.6491502137410108,1.0248231847494473,1.4884576749105094,2.1554665388263397
2023-10-04 22:25:00,142.4818091494588,3.034723691748913,0.8152810688144603,1.8735649247886914,0.28300951945869984,0.4166666666666667,1.0,2.6,0.4,0.5507821710985206,0.6491502137410108,1.0248231847494473,1.4884576749105094,2.1554665388263397
2023-10-04 22:30:00,142.48167722828538,3.9180063452753577,1.0459552196760038,2.384597086670421,0.27933174497958685,0.2679124709853274,0.02256102834535696,0.08697677851012878,0.4,0.55162396612185,0.6491502137410108,1.0207437288565626,1.466375207782783,2.0876024525756813
2023-10-04 22:35:00,147.03380862570214,4.342289196000883,1.3069479456457254,2.402724842430168,0.29723711294371036,0.26979791710916384,1.0,2.6,0.4,0.55162396612185,0.6491502137410108,1.0207437288565626,1.466375207782783,2.0876024525756813
2023-10-04 22:40:00,142.48147934653247,4.1423677184726415,1.1801653869570377,2.3995598506153057,0.2972367460438222,0.2688409866892789,1.0,2.6,0.4,0.55162396612185,0.6491502137410108,1.0207437288565626,1.466375207782783,2.0876024525756813
2023-10-04 22:45:00,142.4812814647883,3.22458825904542,0.8679395621318902,1.9777926270875095,0.28686406379027896,0.4166666666666667,1.0,2.6,0.4,0.5567988864931395,0.677383938398306,1.0803526091050089,1.6908968773996835,2.603681240090653
2023-10-04 22:50:00,142.48114954363038,2.8730131644295502,0.7839670483468424,1.764321430725492,0.277561162662872,0.4166666666666667,1.0,2.6,0.4,0.5567988864931395,0.677383938398306,1.0803526091050089,1.6908968773996835,2.603681240090653
2023-10-04 22:55:00,142.48108358305288,2.9844087187146973,0.7996625668250381,1.8486314027853286,0.28885585357537363,0.4166666666666667,1.0,2.6,0.4,0.5567988864931395,0.677383938398306,1.0803526091050089,1.6908968773996835,2.603681240090653
2023-10-04 23:00:00,142.48095166190078,3.236654400592617,0.8574430084968361,2.0058620914212657,0.2972352568731652,0.4166666666666667,0.02353720459187964,0.0774483053397555,0.4,0.5550504481576427,0.6686822862914794,1.0649112639088762,1.6310218422817029,2.5564428411368794
2023-10-04 23:05:00,142.48081974075257,3.352543510448932,0.8653658842151449,2.107298730385894,0.29723488997881653,0.4166666666666667,1.0,2.6,0.4,0.5550504481576427,0.6686822862914794,1.0649112639088762,1.6310218422817029,2.5564428411368794
2023-10-04 23:10:00,142.4806878196082,2.8477759877008646,0.78925281323659,1.7315852606695514,0.2972345230855629,0.4166666666666667,1.0,2.6,0.4,0.5550504481576427,0.6686822862914794,1.0649112639088762,1.6310218422817029,2.5564428411368794
2023-10-04 23:15:00,142.4805558984677,2.7321906271706293,0.8023423901919721,1.5993998263493265,0.2972341346115468,0.4166666666666667,1.0,2.6,0.4,0.5572396252959763,0.687592902813867,1.111850997211407,1.6908968773996835,2.6054358560517277
2023-10-04 23:20:00,142.48042397733116,3.116133945873542,0.8786057792945793,1.8553245462978774,0.2888543145579953,0.4166666666666667,1.0,2.6,0.4,0.5572396252959763,0.687592902813867,1.111850997211407,1.6908968773996835,2.6054358560517277
2023-10-04 23:25:00,142.48029205619844,3.3396310786017716,0.8759816757399628,2.0781483063475563,0.29723340083064353,0.4166666666666667,1.0,2.6,0.4,0.5572396252959763,0.687592902813867,1.111850997211407,1.6908968773996835,2.6054358560517277
2023-10-04 23:30:00,142.4801601350696,3.1903915971209678,0.8549034815645573,1.9644712961302686,0.28686142224551564,0.4166666666666667,0.021587033144922906,0.07863841300535,0.4,0.5567988864931395,0.6720126486904842,1.0700346910264171,1.564355777948226,2.2260871501358612
2023-10-04 23:35:00,142.48002821394465,3.041328459549525,0.820747191876693,1.8715507980948607,0.2775591519474892,0.2652145272720861,1.0,2.6,0.4,0.5567988864931395,0.6720126486904842,1.0700346910264171,1.564355777948226,2.2260871501358612
2023-10-04 23:40:00,142.47989629282358,2.9461547682215476,0.7867356903954689,1.8313439301818373,0.2811442683216103,0.2635442372809561,1.0,2.6,0.4,0.5567988864931395,0.6720126486904842,1.0700346910264171,1.564355777948226,2.2260871501358612
2023-10-04 23:45:00,142.4797643717064,3.086581076182377,0.8260269612577359,1.9076046990848985,0.29088688233130605,0.26354232911621617,1.0,2.6,0.4,0.5572396252959763,0.6740207711932918,1.0760420809615208,1.5322927266028512,2.132717515284197
2023-10-04 23:50:00,142.47963245059313,2.91700613881041,0.7841563059212188,1.8069051213714553,0.2758362146413069,0.26520827855276485,1.0,2.6,0.4,0.5572396252959763,0.6740207711932918,1.0760420809615208,1.5322927266028512,2.132717515284197
2023-10-04 23:55:00,142.47950052948366,2.850836088921261,0.7659237079890509,1.770700676724394,0.2929613433675343,0.4166666666666667,1.0,2.6,0.4,0.5572396252959763,0.6740207711932918,1.0760420809615208,1.5322927266028512,2.132717515284197
2023-10-05 00:15:00,142.47897284508477,3.276284997601067,0.8340007232870023,2.0811627210994925,0.2849093960069022,0.26519787914223986,1.0,2.6,0.4,0.5599142791535148,0.6787348525013284,1.0968774589716028,1.514189221993077,2.0812006150297
2023-10-05 00:20:00,142.47884092399474,2.8956486067750786,0.7478060283725022,1.8426587877310292,0.2775571412947209,0.26435125600069614,1.0,2.6,0.4,0.5599142791535148,0.6787348525013284,1.0968774589716028,1.514189221993077,2.0812006150297
2023-10-05 00:25:00,142.4787090029086,2.5864474690901305,0.7634157963042341,1.5183991416607612,0.2811420049594155,0.26519372028916394,1.0,2.6,0.4,0.5599142791535148,0.6787348525013284,1.0968774589716028,1.514189221993077,2.0812006150297
2023-10-05 00:30:00,142.47857708182633,2.4671771521999877,0.7530310767628157,1.4198232100686436,0.2908839654156945,0.4166666666666667,0.02061552812808831,0.07269112738154498,0.4,0.5572396252959763,0.6686822862914794,1.068324220449953,1.486236942751727,2.0398637209382398
2023-10-05 00:35:00,142.47844516074795,2.899421461927681,0.8025952222401672,1.761227138185934,0.2811415121396781,0.4166666666666667,1.0,2.6,0.4,0.5572396252959763,0.6686822862914794,1.068324220449953,1.486236942751727,2.0398637209382398
2023-10-05 00:40:00,142.47831323967347,2.376713347135641,0.7090685599619767,1.4003260409320248,0.29295828565100424,0.4166666666666667,1.0,2.6,0.4,0.5572396252959763,0.6686822862914794,1.068324220449953,1.486236942751727,2.0398637209382398
2023-10-05 00:45:00,142.47818131860285,2.6188843327549693,0.8157234467390714,1.4700106183717943,0.29722746599903477,0.26194325118185335,1.0,2.6,0.4,0.5590169943749475,0.6780589944835184,1.0829466468852469,1.555146616882151,2.2260871501358612
2023-10-05 00:50:00,142.47804939753607,2.734065389529207,0.8577908813286773,1.5169175124662007,0.28685670678991804,0.4166666666666667,1.0,2.6,0.4,0.5590169943749475,0.6780589944835184,1.0829466468852469,1.555146616882151,2.2260871501358612
2023-10-05 00:55:00,143.1280053955874,2.515864974592983,0.7583079847585622,1.4584008022392647,0.2950723517073387,0.4166666666666667,1.0,2.6,0.4,0.5590169943749475,0.6780589944835184,1.0829466468852469,1.555146616882151,2.2260871501358612
2023-10-05 01:00:00,143.1278734555391,2.2493788570492432,0.7065545638114755,1.2831369977459484,0.27583326418856685,0.4166666666666667,0.021587033144922906,0.06201161181585268,0.4,0.5590169943749475,0.6814462561347007,1.096002116786277,1.7042300314218148,2.736211980092186
2023-10-05 01:05:00,143.12767554547375,1.907581314393598,0.6223961729631698,1.0900061681692417,0.27755513070456855,0.4166666666666667,1.0,2.6,0.4,0.5590169943749475,0.6814462561347007,1.096002116786277,1.7042300314218148,2.736211980092186
2023-10-05 01:10:00,143.12754360543502,1.582320811397641,0.5600410197352318,0.8883422973315543,0.2725339274211975,0.4166666666666667,1.0,2.6,0.4,0.5590169943749475,0.6814462561347007,1.096002116786277,1.7042300314218148,2.736211980092186
2023-10-05 01:15:00,143.77759243492093,1.8144904092092693,0.624950179834739,1.0014064973037164,0.4166666666666667,0.2619328157589464,1.0,2.6,0.4,0.5594649229397675,0.6713449188010586,1.0589644753248335,1.5539981499345488,2.2526375651666646
2023-10-05 01:20:00,143.7774604761573,1.6578447816862727,0.5749056420532287,0.9335227834502344,0.2651742769813673,0.4166666666666667,1.0,2.6,0.4,0.5594649229397675,0.6713449188010586,1.0589644753248335,1.5539981499345488,2.2526375651666646
2023-10-05 01:25:00,143.7773285173974,1.2759859642402653,0.4946604325984615,0.7218862433633129,0.2741583094340191,0.4166666666666667,1.0,2.6,0.4,0.5594649229397675,0.6713449188010586,1.0589644753248335,1.5539981499345488,2.2526375651666646
2023-10-05 01:30:00,143.12708181532952,1.4788751202241985,0.5650363867320982,0.7935974993471605,0.2775540041081503,0.4166666666666667,0.021587033144922906,0.046683615969631144,0.4,0.57601736084948,0.6931089380465383,1.0829466468852469,1.645278775770234,2.526839132196587
2023-10-05 01:35:00,142.4769280686254,1.4629947090630329,0.5873825319344326,0.7518005348040914,0.27755379612326914,0.4166666666666667,1.0,2.6,0.4,0.57601736084948,0.6931089380465383,1.0829466468852469,1.645278775770234,2.526839132196587
2023-10-05 01:40:00,142.4767961475955,1.874434560447199,0.7532516911102078,0.8758038777929074,0.27932273947910485,0.2626999778185422,1.0,2.6,0.4,0.57601736084948,0.6931089380465383,1.0829466468852469,1.645278775770234,2.526839132196587
2023-10-05 01:45:00,142.47666422656948,2.0526563813593675,0.7636679110243157,1.0177619028000318,0.2775533454916589,0.4166666666666667,1.0,2.6,0.4,0.5499463610207818,0.6497884271053156,1.0371735438199337,1.499602030540103,2.1570961962786916
2023-10-05 01:50:00,142.47653230554738,2.1665580666359645,0.771495458261223,1.1100361860935468,0.2811377522150681,0.4166666666666667,1.0,2.6,0.4,0.5499463610207818,0.6497884271053156,1.0371735438199337,1.499602030540103,2.1570961962786916
2023-10-05 01:55:00,142.47640038452914,2.724287222397951,1.025219272820522,1.2598012116934667,0.2950680916578404,0.4166666666666667,1.0,2.6,0.4,0.5499463610207818,0.6497884271053156,1.0371735438199337,1.499602030540103,2.1570961962786916
2023-10-05 02:00:00,142.4762684635148,2.65415455456761,0.9852229663452756,1.2522985368842166,0.27755266955014185,0.4166666666666667,0.02256102834535696,0.03390811112403638,0.4,0.5503635162326805,0.6466065264130884,1.0272799034343074,1.4348661958524216,2.022523176628639
2023-10-05 02:05:00,142.47613654250426,2.5553101881429625,0.9029181268799501,1.279784810520284,0.2679601304166211,0.26116285249298576,1.0,2.6,0.4,0.5503635162326805,0.6466065264130884,1.0272799034343074,1.4348661958524216,2.022523176628639
2023-10-05 02:10:00,142.47600462149768,2.860017016748268,0.9746030404002353,1.4624293507195463,0.2725317192462701,0.2611611865384614,1.0,2.6,0.4,0.5503635162326805,0.6466065264130884,1.0272799034343074,1.4348661958524216,2.022523176628639
2023-10-05 02:15:00,143.12589435527357,2.44008723543026,0.8633299482027649,1.2298631944322709,0.28490269826571535,0.2643054903439083,1.0,2.6,0.4,0.5491165632176833,0.6440776350720463,1.0134488442935836,1.5096890408292696,2.4147165465122407
2023-10-05 02:20:00,143.1257624152865,2.8020202692544296,0.908259507109188,1.50611558673379,0.2972204308971403,0.4166666666666667,1.0,2.6,0.4,0.5491165632176833,0.6440776350720463,1.0134488442935836,1.5096890408292696,2.4147165465122407
2023-10-05 02:25:00,143.12569644529435,2.9215871360058854,0.9719886372151381,1.525235306286642,0.29722006404704676,0.4166666666666667,1.0,2.6,0.4,0.5491165632176833,0.6440776350720463,1.0134488442935836,1.5096890408292696,2.4147165465122407
2023-10-05 02:30:00,143.12556450531304,2.9751696112966233,1.0039767777465642,1.528794290085753,0.2793203726146855,0.26115457592927455,0.02353720459187964,0.05491812087098392,0.4,0.5520470994398938,0.6459729096486941,1.0256413408204643,1.3841419724869266,1.8649278806431095
2023-10-05 02:35:00,143.1253665953482,3.16942489695023,1.0146653093733375,1.6999134623428818,0.29506525171177295,0.2642975541470564,1.0,2.6,0.4,0.5520470994398938,0.6459729096486941,1.0256413408204643,1.3841419724869266,1.8649278806431095
2023-10-05 02:40:00,143.12523465537643,3.758227443025543,1.0360480083775017,2.242506964516214,0.29295013215833876,0.27064495797551635,1.0,2.6,0.4,0.5520470994398938,0.6459729096486941,1.0256413408204643,1.3841419724869266,1.8649278806431095
2023-10-05 02:45:00,143.7752171777529,5.8962035129575066,1.5191256881352266,3.616450996751072,0.2929497993756374,0.28630167690970837,1.0,2.6,0.4,0.5520470994398938,0.6523503659844149,1.0388327295575548,1.4619925615405847,2.028818375311107
2023-10-05 02:50:00,143.12497077544435,5.804204355940602,1.5245742959634059,3.516656142846985,0.2929494665939492,0.2706397351121097,1.0,2.6,0.4,0.5520470994398938,0.6523503659844149,1.0388327295575548,1.4619925615405847,2.028818375311107
2023-10-05 02:55:00,143.77501923971082,4.419290465030321,1.3266794559790656,2.448471070679635,0.2793191981104459,0.2651314824052176,1.0,2.6,0.4,0.5520470994398938,0.6523503659844149,1.0388327295575548,1.4619925615405847,2.028818375311107
2023-10-05 03:00:00,143.12470689552762,4.619124940880301,1.3483385319967878,2.612494976518127,0.28299493421206273,0.2687143753781277,0.02353720459187964,0.07031472107603072,0.4,0.547883199231369,0.6359630492410703,0.9919479018577538,1.3820694627984513,1.896305882498918
2023-10-05 03:05:00,143.12457495557499,4.594001135701433,1.372717450124907,2.5504623591512257,0.2868487634640145,0.2696614728397516,1.0,2.6,0.4,0.547883199231369,0.6359630492410703,0.9919479018577538,1.3820694627984513,1.896305882498918
2023-10-05 03:10:00,143.12444301562618,3.3922865165606777,1.105764983798412,1.7784705189946204,0.27582781887711705,0.4166666666666667,1.0,2.6,0.4,0.547883199231369,0.6359630492410703,0.9919479018577538,1.3820694627984513,1.896305882498918
2023-10-05 03:15:00,143.12431107568122,3.388021278300802,1.097734290006936,1.7864440275713627,0.28883978504209196,0.26512320433880593,1.0,2.6,0.4,0.547883199231369,0.6372009102316161,0.9880314974736383,1.3914223837498088,1.9144189719076647
2023-10-05 03:20:00,143.12424510571017,3.69080913355331,1.1406994865935824,2.016419995598022,0.27754909930982036,0.2634604665171878,1.0,2.6,0.4,0.547883199231369,0.6372009102316161,0.9880314974736383,1.3914223837498088,1.9144189719076647
2023-10-05 03:25:00,145.7251155562455,3.470716786718887,1.0308451143677273,1.9685137668364618,0.2775488740100169,0.26345857091258246,1.0,2.6,0.4,0.547883199231369,0.6372009102316161,0.9880314974736383,1.3914223837498088,1.9144189719076647
2023-10-05 03:30:00,145.72491753619695,6.8645294476742285,1.9170002876885492,3.969099853041168,0.295061331004999,0.2736519008271403,1.0,2.6,0.4,0.5434786104346702,0.629224920040521,0.9903788366074873,1.4262850346266696,2.019380102902869
2023-10-05 03:35:00,147.02581967760293,4.497455626997727,1.3538592715873936,2.484037828845805,0.28883854603718534,0.27364900938890535,1.0,2.6,0.4,0.5434786104346702,0.629224920040521,0.9903788366074873,1.4262850346266696,2.019380102902869
2023-10-05 03:40:00,143.77383161163655,7.19456786869633,1.9634563913441057,4.226342118826593,0.2972144966918303,0.28625763956771005,1.0,2.6,0.4,0.5434786104346702,0.629224920040521,0.9903788366074873,1.4262850346266696,2.019380102902869
2023-10-05 03:45:00,143.77369965298053,6.1996641154606875,1.6008577754885984,3.7926016569688232,0.2950602713772753,0.2814074248873018,1.0,2.6,0.4,0.5430874699346322,0.6322728841252011,0.9911629533028361,1.4230798466705936,2.0162400650716177
2023-10-05 03:50:00,143.12345346613222,3.818868443197755,1.0603384895819277,2.264832103743271,0.28489739785561435,0.2668563188854737,1.0,2.6,0.4,0.5430874699346322,0.6322728841252011,0.9911629533028361,1.4230798466705936,2.0162400650716177
2023-10-05 03:55:00,143.1233215262159,3.428526342767272,1.0229265927802944,1.9393714164442333,0.29294505733223297,0.2642658296114578,1.0,2.6,0.4,0.5430874699346322,0.6322728841252011,0.9911629533028361,1.4230798466705936,2.0162400650716177
2023-10-05 04:00:00,142.47316832079431,3.461583816737265,1.041645774197916,1.9431238665031199,0.28113123667922174,0.2618755974301917,1.0,0.08340167864018085,0.4,0.5407735200617723,0.6161168720299746,0.9582238569353196,1.3021351696348578,1.7411042473097353
2023-10-05 04:05:00,143.12305764639487,3.0225061754945357,0.9669826699144213,1.6298493458536247,0.29721264096281613,0.4166666666666667,1.0,2.6,0.4,0.5407735200617723,0.6161168720299746,0.9582238569353196,1.3021351696348578,1.7411042473097353
2023-10-05 04:10:00,143.1229257064901,3.266534620438846,1.0122957849594791,1.797695822109522,0.2811307256809391,0.4166666666666667,1.0,2.6,0.4,0.5407735200617723,0.6161168720299746,0.9582238569353196,1.3021351696348578,1.7411042473097353
2023-10-05 04:15:00,143.12279376658913,3.764253773021799,1.1006043216296009,2.149473274683973,0.28489600105160334,0.4166666666666667,1.0,2.6,0.4,0.5419234263251589,0.629832517420306,0.9943077189683283,1.389338061812171,1.9129045977256682
2023-10-05 04:20:00,143.122661826692,3.3864677018391713,1.0096589153807358,1.9185389702189064,0.28883578830905315,0.4166666666666667,1.0,2.6,0.4,0.5419234263251589,0.629832517420306,0.9943077189683283,1.389338061812171,1.9129045977256682
2023-10-05 04:25:00,143.12259585674488,3.050970876764035,0.8505703962722765,1.8349029819583849,0.2972111520842222,0.4166666666666667,1.0,2.6,0.4,0.5419234263251589,0.629832517420306,0.9943077189683283,1.389338061812171,1.9129045977256682
2023-10-05 04:30:00,143.12239794690922,2.6464971867416547,0.7641884451331519,1.5751063814967825,0.2775459798440272,0.4166666666666667,0.027459060435491962,0.07269112738154498,0.4,0.5403933752369656,0.6184626100258609,0.9552437175925315,1.3413560302917342,1.9943460080938815
2023-10-05 04:35:00,143.1222660070236,2.6463786487719294,0.7850562963376412,1.5430313808101714,0.27754575455511377,0.4166666666666667,1.0,2.6,0.4,0.5403933752369656,0.6184626100258609,0.9552437175925315,1.3413560302917342,1.9943460080938815
2023-10-05 04:40:00,142.47211295354862,3.054748715357849,0.8954719335136092,1.7696732371767148,0.28684318789911156,0.4166666666666667,1.0,2.6,0.4,0.5403933752369656,0.6184626100258609,0.9552437175925315,1.3413560302917342,1.9943460080938815
2023-10-05 04:45:00,143.1220021272638,2.971962818042743,0.8480013100790329,1.7618950389380748,0.28489431726355163,0.4166666666666667,1.0,2.6,0.4,0.5426978901746348,0.6220128616033594,0.9627216420128926,1.3574697050026567,1.915934236867226
2023-10-05 04:50:00,143.12193615732625,2.604877506409925,0.7746691251889327,1.5189373184499635,0.27931375294157385,0.4166666666666667,1.0,2.6,0.4,0.5426978901746348,0.6220128616033594,0.9627216420128926,1.3574697050026567,1.915934236867226
2023-10-05 04:55:00,143.12180421745398,2.3625391102599487,0.6918607644886549,1.4131240998710257,0.27931350382642856,0.4166666666666667,1.0,2.6,0.4,0.5426978901746348,0.6220128616033594,0.9627216420128926,1.3574697050026567,1.915934236867226
2023-10-05 05:00:00,143.12160630765277,2.5799649698386666,0.7773077953094698,1.4909669675176995,0.2848934753820218,0.4166666666666667,0.026476404589747454,0.07863841300535,0.4,0.5430874699346322,0.6137882370981054,0.9312378858272465,1.3503911470385164,1.9311354173128308
2023-10-05 05:05:00,143.12147436779009,2.9343094563072993,0.8401738938713842,1.7373023633711187,0.27754442016767567,0.4166666666666667,1.0,2.6,0.4,0.5430874699346322,0.6137882370981054,0.9312378858272465,1.3503911470385164,1.9311354173128308
2023-10-05 05:10:00,143.77145635640562,3.5138346480302927,0.9379575391181548,2.1533655748598193,0.27414945015019254,0.26507569618281307,1.0,2.6,0.4,0.5430874699346322,0.6137882370981054,0.9312378858272465,1.3503911470385164,1.9311354173128308
2023-10-05 05:15:00,143.7713243978176,3.3934441852840957,0.8929383887944287,2.1047162368114334,0.2758225763357053,0.26507363183774096,1.0,2.6,0.4,0.5442655601817922,0.6172876152977638,0.9537592148965062,1.3554427320989995,1.9494912156765416
2023-10-05 05:20:00,143.77119243923332,3.057932374385906,0.8402213145267053,1.857656770431291,0.27931232943851264,0.26423219240854967,1.0,2.6,0.4,0.5442655601817922,0.6172876152977638,0.9537592148965062,1.3554427320989995,1.9494912156765416
2023-10-05 05:25:00,143.77106048065284,3.024738364835716,0.8982587653690493,1.7362557223942972,0.27754351903852187,0.2650695035358259,1.0,2.6,0.4,0.5442655601817922,0.6172876152977638,0.9537592148965062,1.3554427320989995,1.9494912156765416
2023-10-05 05:30:00,143.77092852207608,3.2273525953719786,0.9115078197086549,1.9133506421043491,0.27754329375819975,0.2618444937920684,0.024515301344262524,0.06793997350602958,0.4,0.5442655601817922,0.6220128616033594,0.9649828184998943,1.3393584285022437,1.8077986613558492
2023-10-05 05:35:00,143.7707965635031,3.363949060989452,0.9539720100437649,1.9817171149704793,0.2829867265107473,0.4166666666666667,1.0,2.6,0.4,0.5442655601817922,0.6220128616033594,0.9649828184998943,1.3393584285022437,1.8077986613558492
2023-10-05 05:40:00,143.77066460493396,3.322386954915231,0.8956615184726722,2.0307794712307183,0.27582151439764724,0.4166666666666667,1.0,2.6,0.4,0.5442655601817922,0.6220128616033594,0.9649828184998943,1.3393584285022437,1.8077986613558492
2023-10-05 05:45:00,143.77053264636857,2.962274894332183,0.7696319338148696,1.8737088725755433,0.26795361074119917,0.4166666666666667,1.0,2.6,0.4,0.5430874699346322,0.6149504045042983,0.9420191080864548,1.3697065379124098,1.9990247622278219
2023-10-05 05:50:00,143.77046666708725,2.6610739700503294,0.7410634818942704,1.6248484585000673,0.2725236181230074,0.4166666666666667,1.0,2.6,0.4,0.5430874699346322,0.6149504045042983,0.9420191080864548,1.3697065379124098,1.9990247622278219
2023-10-05 05:55:00,143.77026872924907,2.7598226732292206,0.7800895954118666,1.6603107700686035,0.27582089072851246,0.4166666666666667,1.0,2.6,0.4,0.5430874699346322,0.6149504045042983,0.9420191080864548,1.3697065379124098,1.9990247622278219
2023-10-05 06:00:00,143.77013677069493,3.1107486571825858,0.8403478503112842,1.9090644461276134,0.2811252144226136,0.263399875448499,0.025495097567963927,0.07863841300535,0.4,0.5403933752369656,0.609183059514954,0.9391224840243151,1.2868954891520912,1.7508786365707933
2023-10-05 06:05:00,143.77000481214466,3.4585931554625335,0.9833322072135559,2.029331663238188,0.2775417341467722,0.2650530254033627,1.0,2.6,0.4,0.5403933752369656,0.609183059514954,0.9391224840243151,1.2868954891520912,1.7508786365707933
2023-10-05 06:10:00,143.76987285359817,3.3631130875342716,0.8878261962187467,2.0828508324659953,0.2848895722219622,0.2642124498602108,1.0,2.6,0.4,0.5403933752369656,0.609183059514954,0.9391224840243151,1.2868954891520912,1.7508786365707933
2023-10-05 06:15:00,143.7698068743263,2.7593493196836265,0.7489246934600492,1.708047585977048,0.29086161194037435,0.26679140143532964,1.0,2.6,0.4,0.5388886712485242,0.6057755359867217,0.932662511308351,1.312764354330205,1.9479568783728247
2023-10-05 06:20:00,143.76967491578546,2.7303827555269944,0.733386135658651,1.704034048356673,0.27930948252006177,0.4166666666666667,1.0,2.6,0.4,0.5388886712485242,0.6057755359867217,0.932662511308351,1.312764354330205,1.9479568783728247
2023-10-05 06:25:00,144.41968230310462,2.754990840028851,0.7153101828273748,1.756211258220249,0.2758196265542359,0.4166666666666667,1.0,2.6,0.4,0.5388886712485242,0.6057755359867217,0.932662511308351,1.312764354330205,1.9479568783728247
2023-10-05 06:30:00,143.76934501944984,2.924032405431771,0.7723786508660174,1.8320632663119905,0.27930901990685486,0.26504272702588616,0.031400636936215164,0.07625850772208961,0.0125,0.5403933752369656,0.603526304314899,0.919986869471516,1.2636282087702855,1.694472189208191
2023-10-05 06:35:00,143.7692130609222,3.374950121841514,0.8483492981245427,2.1557931063852904,0.2775403998424748,0.26259308407746784,1.0,2.6,0.4,0.5403933752369656,0.603526304314899,0.919986869471516,1.2636282087702855,1.694472189208191
2023-10-05 06:40:00,143.76914708165978,3.756618002776756,0.9648118544725752,2.3508200509229007,0.2888271359479264,0.26503861754400815,1.0,2.6,0.4,0.5403933752369656,0.603526304314899,0.919986869471516,1.2636282087702855,1.694472189208191
2023-10-05 06:45:00,143.76901512313782,3.4908185936785996,0.8562789118280978,2.25749883526385,0.2775399493043985,0.26503655552500344,1.0,2.6,0.4,0.5430874699346322,0.6172876152977638,0.9552437175925315,1.2992575764643437,1.897810317181356
2023-10-05 06:50:00,143.76888316461958,3.4865507154728164,0.8247457649715568,2.3026094226100824,0.27753972403654026,0.26419667072019587,1.0,2.6,0.4,0.5430874699346322,0.6172876152977638,0.9552437175925315,1.2992575764643437,1.897810317181356
2023-10-05 06:55:00,143.76868522684939,3.4947270361706875,0.9064813176707701,2.1832791638964957,0.2758183624066325,0.2650324393452977,1.0,2.6,0.4,0.5430874699346322,0.6172876152977638,0.9552437175925315,1.2992575764643437,1.897810317181356
2023-10-05 07:00:00,143.76855326834067,3.2583367347701135,0.9648750162944049,1.8618746503223835,0.2829822397424879,0.26419272719522585,0.026476404589747454,0.0608276253029822,0.4,0.5426978901746348,0.6155331022780173,0.9530183628870956,1.312764354330205,1.7677669529663689
2023-10-05 07:05:00,143.11837378211928,3.4986363261688442,1.0261955515244015,2.0029156155934706,0.28683465892563587,0.4166666666666667,1.0,2.6,0.4,0.5426978901746348,0.6155331022780173,0.9530183628870956,1.312764354330205,1.7677669529663689
2023-10-05 07:10:00,143.1182418423504,3.8099075518023415,1.0609672245413022,2.2550513693448724,0.27930711610807235,0.4166666666666667,1.0,2.6,0.4,0.5426978901746348,0.6155331022780173,0.9530183628870956,1.312764354330205,1.7677669529663689
2023-10-05 07:15:00,143.11817587246742,3.6768649687460107,1.0476070194728455,2.1448173946125886,0.29293147709205203,0.4166666666666667,1.0,2.6,0.4,0.5450587124338074,0.6190516941257814,0.9500643346637111,1.3137366554983536,1.7677669529663689
2023-10-05 07:20:00,143.11804393270424,3.4485046175940113,0.9888963190602477,2.0109234874514996,0.27753838977381445,0.4166666666666667,1.0,2.6,0.4,0.5450587124338074,0.6190516941257814,0.9500643346637111,1.3137366554983536,1.7677669529663689
2023-10-05 07:25:00,143.11784602306665,3.199769228049337,0.8774993987026763,1.9387355575412555,0.27753816451140173,0.2641828851342825,1.0,2.6,0.4,0.5450587124338074,0.6190516941257814,0.9500643346637111,1.3137366554983536,1.7677669529663689
2023-10-05 07:30:00,143.11771408331313,3.0879237963363053,0.8248720678165556,1.9107078146338945,0.2829806507393773,0.2650180554465903,0.026476404589747454,0.07387990254460275,0.0116619037896906,0.5438713083073973,0.6137882370981054,0.9434732428638344,1.240170250409193,1.6196913286178944
2023-10-05 07:35:00,143.76769553812576,3.2202314816631827,0.8013052993059505,2.0771122682349397,0.2758166937726383,0.2658750008207673,1.0,2.6,0.4,0.5438713083073973,0.6137882370981054,0.9434732428638344,1.240170250409193,1.6196913286178944
2023-10-05 07:40:00,144.41776863678376,3.294662264990635,0.8065553132124319,2.142075828696695,0.2725195839229156,0.26501395651814735,1.0,2.6,0.4,0.5438713083073973,0.6137882370981054,0.9434732428638344,1.240170250409193,1.6196913286178944
2023-10-05 07:45:00,145.7182508659909,4.116742086843553,1.01297327360238,2.6318491503130192,0.2651645932985658,0.26587072007676976,1.0,2.6,0.4,0.5470685514631599,0.625,0.9718147971707366,1.3373645725829588,1.8092440410292914
2023-10-05 07:50:00,147.0190191782475,4.19151720894031,1.0450432224012831,2.656127930455385,0.2811197035727395,0.265009850637303,1.0,2.6,0.4,0.5470685514631599,0.625,0.9718147971707366,1.3373645725829588,1.8092440410292914
2023-10-05 07:55:00,145.71792083305266,3.9709298828317423,1.0557572971870286,2.4216764907931574,0.28488369868627766,0.2610476178813837,1.0,2.6,0.4,0.5470685514631599,0.625,0.9718147971707366,1.3373645725829588,1.8092440410292914
2023-10-05 08:00:00,147.01875508137408,3.6176615704753123,0.9757075199074524,2.1971687521199006,0.2741427697767539,0.26500574527072046,0.028442925306655785,0.07506903489455555,0.0145,0.55162396612185,0.6286183261725671,0.9771780595162788,1.3924657985027855,1.9204853553203682
2023-10-05 08:05:00,146.36812949155086,3.405963358710411,0.8802658195171627,2.1366616624758454,0.2651641012088946,0.26500369278028496,1.0,2.6,0.4,0.55162396612185,0.6286183261725671,0.9771780595162788,1.3924657985027855,1.9204853553203682
2023-10-05 08:10:00,146.36799746063767,3.8458639048839665,0.9917186707009995,2.3971899275729793,0.2741423768386456,0.2734904733089623,1.0,2.6,0.4,0.55162396612185,0.6286183261725671,0.9771780595162788,1.3924657985027855,1.9204853553203682
2023-10-05 08:15:00,147.01835893609044,3.8457434599185816,1.0103991670893675,2.368203570606785,0.2758150083309385,0.2676394006914446,1.0,2.6,0.4,0.547883199231369,0.62680459475023,0.9718147971707366,1.3914223837498088,2.0414445865611928
2023-10-05 08:20:00,145.71726076724423,3.629635465752861,0.9731088282073882,2.212951426223163,0.2758148060811212,0.26673567235895757,1.0,2.6,0.4,0.547883199231369,0.62680459475023,0.9718147971707366,1.3914223837498088,2.0414445865611928
2023-10-05 08:25:00,147.01809483925237,3.4884247273459996,0.9864374135721177,2.0537954179253997,0.2775354960780551,0.2667334367855868,1.0,2.6,0.4,0.547883199231369,0.62680459475023,0.9718147971707366,1.3914223837498088,2.0414445865611928
2023-10-05 08:30:00,147.0179627908386,3.3266144240978743,1.0211223532690432,1.8427399599896954,0.2758143847295284,0.26499343225678373,0.029427877939124318,0.08936128915811364,0.0145,0.5446613626832731,0.6238020519363494,0.9779477286644722,1.4402542310300637,2.1020466217474816
2023-10-05 08:35:00,147.0178307424284,2.640713813799189,0.8041114450524519,1.5085542331712296,0.2758141824818166,0.2641553469837744,1.0,2.6,0.4,0.5446613626832731,0.6238020519363494,0.9779477286644722,1.4402542310300637,2.1020466217474816
2023-10-05 08:40:00,146.36720527523343,2.3040454647431403,0.702849657089651,1.3405461167970656,0.2775348203234908,0.2610328888736941,1.0,2.6,0.4,0.5446613626832731,0.6238020519363494,0.9779477286644722,1.4402542310300637,2.1020466217474816
2023-10-05 08:45:00,147.6681457639658,2.706355259761405,0.8408692639750269,1.5158864094909068,0.2709432262989512,0.26415141601076075,1.0,2.6,0.4,0.5438713083073973,0.6214185385068585,0.9695294528790758,1.3872570958549826,1.9265658566475221
2023-10-05 08:50:00,147.0173685730204,2.5498792387045968,0.7728205276985906,1.4689251117244488,0.2651629707602944,0.26498523361173404,1.0,2.6,0.4,0.5438713083073973,0.6214185385068585,0.9695294528790758,1.3872570958549826,1.9265658566475221
2023-10-05 08:55:00,146.3667431671405,3.08176558255273,0.9254045839096758,1.7502485781172963,0.27753416190277613,0.2649831824067097,1.0,2.6,0.4,0.5438713083073973,0.6214185385068585,0.9695294528790758,1.3872570958549826,1.9265658566475221
2023-10-05 09:00:00,147.01717050043024,2.8833151708199893,0.843546171602965,1.6826318801008773,0.2775339193284176,0.26671786996972596,0.027459060435491962,0.059644278853885055,0.0125,0.5363170703977266,0.6052115332675014,0.935523724979757,1.3524090542435747,1.9265658566475221
2023-10-05 09:05:00,147.66761750125195,2.7553278042792537,0.7989736194098764,1.6269318223818665,0.2679477094874101,0.26497908038247703,1.0,2.6,0.4,0.5363170703977266,0.6052115332675014,0.935523724979757,1.3524090542435747,1.9265658566475221
2023-10-05 09:10:00,147.01690640365572,2.7923128792796246,0.8646421103157625,1.5625690122822027,0.4166666666666667,0.2641416016714416,1.0,2.6,0.4,0.5363170703977266,0.6052115332675014,0.935523724979757,1.3524090542435747,1.9265658566475221
2023-10-05 09:15:00,147.667353369916,2.689171788668575,0.8383354124876854,1.503219969716458,0.27581249711077466,0.2633264043403358,1.0,2.6,0.4,0.5310753242243514,0.5893589738011971,0.9069729874698584,1.2897326273301766,1.7748521065147935
2023-10-05 09:20:00,146.36608301279804,2.249953540636641,0.7236066395106618,1.2580710895962903,0.27753303567239795,0.4166666666666667,1.0,2.6,0.4,0.5310753242243514,0.5893589738011971,0.9069729874698584,1.2897326273301766,1.7748521065147935
2023-10-05 09:25:00,146.36595098194027,2.6313034308800303,0.8805187862301611,1.3846571263274308,0.2725157088482897,0.2676070162594706,1.0,2.6,0.4,0.5310753242243514,0.5893589738011971,0.9069729874698584,1.2897326273301766,1.7748521065147935
2023-10-05 09:30:00,145.71541258346292,3.014781463700299,0.9043246497757089,1.7173434419609819,0.2694185374847917,0.26852613741696024,0.026476404589747454,0.06319620241755038,0.0125,0.5331275644721439,0.5909526207742885,0.9083246996531582,1.3503911470385164,2.173426787356777
2023-10-05 09:35:00,144.41473316767474,2.9939977927414723,0.9228800613797181,1.6689978142736377,0.2625932388340761,0.2649667923064285,1.0,2.6,0.4,0.5331275644721439,0.5909526207742885,0.9083246996531582,1.3503911470385164,2.173426787356777
2023-10-05 09:40:00,144.41460119080165,3.213110756955972,1.00533202048232,1.75636526795871,0.26652755592310323,0.2685213334024738,1.0,2.6,0.4,0.5331275644721439,0.5909526207742885,0.9083246996531582,1.3503911470385164,2.173426787356777
2023-10-05 09:45:00,144.4144692139323,3.130214978476187,0.9467913160429053,1.7647483633289793,0.2625930190909703,0.2777296139784162,1.0,2.6,0.4,0.5355968633216591,0.5941725338653748,0.9192924235519403,1.2963892162464172,1.8034688796871434
2023-10-05 09:50:00,145.06456627109688,2.3965970913469197,0.7237010350729064,1.3969996967063736,0.4166666666666667,0.28473218456512606,1.0,2.6,0.4,0.5355968633216591,0.5941725338653748,0.9192924235519403,1.2963892162464172,1.8034688796871434
2023-10-05 09:55:00,145.0644342760014,2.7170593446419695,0.8253304375025092,1.5497480234522893,0.27251461308109587,0.276620805993772,1.0,2.6,0.4,0.5355968633216591,0.5941725338653748,0.9192924235519403,1.2963892162464172,1.8034688796871434
2023-10-05 10:00:00,145.06430228090957,3.212634169144213,0.9734245918874269,1.804341650142917,0.2651612153165501,0.2799811030301246,0.027459060435491962,0.07387990254460275,0.0125,0.5438713083073973,0.6069069121372733,0.9262834123528284,1.249100576414886,1.648021844515418
2023-10-05 10:05:00,145.06417028582143,3.4113865206072993,0.9974118814812273,1.9615805965569308,0.2625926040255172,0.27342451756483455,1.0,2.6,0.4,0.5438713083073973,0.6069069121372733,0.9262834123528284,1.249100576414886,1.648021844515418
2023-10-05 10:10:00,148.31663010664707,3.216535599464314,0.9468702794893626,1.8486242129162294,0.26259250636398085,0.2658087733924602,1.0,2.6,0.4,0.5438713083073973,0.6069069121372733,0.9262834123528284,1.249100576414886,1.648021844515418
2023-10-05 10:15:00,145.06384029811719,2.004270107484686,0.5543198805528377,1.2849902423642647,0.4166666666666667,0.2658066484941731,1.0,2.6,0.4,0.5495307088780389,0.6137882370981054,0.9276939150387912,1.2682271089990151,1.6958231039822522
2023-10-05 10:20:00,145.0637083030419,1.4355177574312379,0.38363808996841037,1.0298021801012063,0.4166666666666667,0.27882768281919396,1.0,2.6,0.4,0.5495307088780389,0.6137882370981054,0.9276939150387912,1.2682271089990151,1.6958231039822522
2023-10-05 10:25:00,145.06364230550562,1.4354060372447166,0.3963295397490556,1.0076455997221399,0.4166666666666667,2.6695233,1.0,2.6,0.4,0.5495307088780389,0.6137882370981054,0.9276939150387912,1.2682271089990151,1.6958231039822522
2023-10-05 10:30:00,145.06351031043587,1.3765381779874342,0.4269498152578399,0.9037435403241376,0.4166666666666667,2.6695233,0.026476404589747454,0.08340167864018085,0.0125,0.55162396612185,0.6220128616033594,0.9508014303733456,1.3195912245843409,1.8020277467342172
2023-10-05 10:35:00,145.7136964134454,1.4784850641513545,0.4657179866067567,0.9349458361794108,0.4166666666666667,2.6695233,1.0,2.6,0.4,0.55162396612185,0.6220128616033594,0.9508014303733456,1.3195912245843409,1.8020277467342172
2023-10-05 10:40:00,145.7135644003925,1.4941605568619363,0.4821062884719518,0.9240877604389847,0.4166666666666667,2.6695233,1.0,2.6,0.4,0.55162396612185,0.6220128616033594,0.9508014303733456,1.3195912245843409,1.8020277467342172
2023-10-05 10:45:00,143.76268111852443,1.5613725529712712,0.5034747533086733,0.952158747085863,0.4166666666666667,2.6695233,1.0,2.6,0.4,0.5599142791535148,0.6378212915856604,0.9657383496579185,1.3195912245843409,1.7848181980246616
2023-10-05 10:50:00,143.7625491601875,1.5731761019328772,0.4844921177688146,0.991722360809907,3.8641953000000004,2.6695233,1.0,2.6,0.4,0.5599142791535148,0.6378212915856604,0.9657383496579185,1.3195912245843409,1.7848181980246616
2023-10-05 10:55:00,144.41262153815273,1.5651178371544126,0.5082921572079273,0.94830849426469,3.8641953000000004,2.6695233,1.0,2.6,0.4,0.5599142791535148,0.6378212915856604,0.9657383496579185,1.3195912245843409,1.7848181980246616
2023-10-05 11:00:00,144.41248956133927,1.541196005205097,0.48216497990615703,0.9662691056215172,3.8641953000000004,2.6695233,1.0,2.6,0.4,0.5672953375447396,0.6478765314471577,0.9818090241997168,1.3403567622092263,1.7977107665027765
2023-10-05 11:05:00,144.41235758452956,1.5291957201790376,0.4774793247452151,0.9626000873288196,0.4166666666666667,2.6695233,1.0,2.6,0.4,0.5672953375447396,0.6478765314471577,0.9818090241997168,1.3403567622092263,1.7977107665027765
2023-10-05 11:10:00,143.7620213268776,1.588627705951642,0.4798421776421186,1.0130519058173748,0.4166666666666667,2.6695233,1.0,2.6,0.4,0.5672953375447396,0.6478765314471577,0.9818090241997168,1.3403567622092263,1.7977107665027765
2023-10-05 11:15:00,143.76188936855962,1.636329264554823,0.491660583461217,1.0384412172891109,0.4166666666666667,2.6695233,1.0,2.6,0.4,0.5711182014259395,0.6428187925068775,0.95450100052331,1.2887858627405873,1.7162389111076581
2023-10-05 11:20:00,143.11177679836484,1.8449344116914894,0.49880607842622976,1.2222462363101967,0.4166666666666667,0.28466276302755206,1.0,2.6,0.4,0.5711182014259395,0.6428187925068775,0.95450100052331,1.2887858627405873,1.7162389111076581
2023-10-05 11:25:00,143.1116448587874,1.9418344079160974,0.5180005695325496,1.2834272172172179,0.2651590743330158,0.2684710193389745,1.0,2.6,0.4,0.5711182014259395,0.6428187925068775,0.95450100052331,1.2887858627405873,1.7162389111076581
2023-10-05 11:30:00,143.11151291921382,2.03095424449668,0.5422947171509599,1.329544506611575,0.2775272315661579,0.26491978540499556,1.0,0.04084311447478021,0.01345362404707371,0.5691959240894123,0.6428187925068775,0.9664947801204101,1.3314056481778949,1.826670194643795
2023-10-05 11:35:00,143.11138097964397,2.1244009602067666,0.5792748645328631,1.3602161610613368,0.28296767818330376,0.2640847823586002,1.0,2.6,0.4,0.5691959240894123,0.6428187925068775,0.9664947801204101,1.3314056481778949,1.826670194643795
2023-10-05 11:40:00,143.7612955561752,2.3694297005614766,0.6243668970518005,1.5247670683055345,0.29502660145267573,0.2754736348518178,1.0,2.6,0.4,0.5691959240894123,0.6428187925068775,0.9664947801204101,1.3314056481778949,1.826670194643795
2023-10-05 11:45:00,143.76109761873076,2.209806584999388,0.6193399180027858,1.3791124819508689,0.29502624128610616,0.2858718537774402,1.0,2.6,0.4,0.5590169943749475,0.6238020519363494,0.9248769864149502,1.3544305999201287,2.1278590178862884
2023-10-05 11:50:00,143.11098516095754,2.2056081009135715,0.6143210973774383,1.3829265702135476,0.2929128460026392,0.28586790359350867,1.0,2.6,0.4,0.5590169943749475,0.6238020519363494,0.9248769864149502,1.3544305999201287,2.1278590178862884
2023-10-05 11:55:00,143.1108532214031,2.611308038778049,0.762990124837193,1.5429948482456974,0.29717784044829443,0.28105808388186604,1.0,2.6,0.4,0.5590169943749475,0.6238020519363494,0.9248769864149502,1.3544305999201287,2.1278590178862884
2023-10-05 12:00:00,142.46076777134394,2.3894481092563624,0.6803710409897168,1.4566225779139639,0.297177452153498,0.2744002650518552,0.024515301344262524,0.05491812087098392,0.0116619037896906,0.5503635162326805,0.6097548687792497,0.9117228526257307,1.324496979989007,1.9296113598338915
2023-10-05 12:05:00,141.81077656795358,2.2910667466271875,0.6294946184444664,1.4411807923036857,0.2950248218170003,0.2723344023586284,1.0,2.6,0.4,0.5503635162326805,0.6097548687792497,0.9117228526257307,1.324496979989007,1.9296113598338915
2023-10-05 12:10:00,142.46050393023887,1.9691571596616395,0.5818673096161259,1.2087482999409995,0.2950244616559639,0.26938906009696106,1.0,2.6,0.4,0.5503635162326805,0.6097548687792497,0.9117228526257307,1.324496979989007,1.9296113598338915
2023-10-05 12:15:00,141.8104468147198,2.3440342278757322,0.6983798166224459,1.3854504983748976,0.29502410149604735,0.2743914171380366,1.0,2.6,0.4,0.5446613626832731,0.5957986236976384,0.8956607393427491,1.249100576414886,1.7705976392167704
2023-10-05 12:20:00,141.81031491343316,2.3562030629536914,0.7474792908147652,1.3225957905789076,0.2908379788322027,0.2743884588698539,1.0,2.6,0.4,0.5446613626832731,0.5957986236976384,0.8956607393427491,1.249100576414886,1.7705976392167704
2023-10-05 12:25:00,141.81024896279132,2.111019575203121,0.6371461891730663,1.2576919248440177,0.2950234023652884,0.2743855193032023,1.0,2.6,0.4,0.5446613626832731,0.5957986236976384,0.8956607393427491,1.249100576414886,1.7705976392167704
2023-10-05 12:30:00,142.4599762480753,2.0783434603199775,0.6069083506246234,1.2732108289783128,0.2725089122932727,0.26937914578737077,0.02256102834535696,0.06319620241755038,0.0116619037896906,0.5495307088780389,0.6074742792909014,0.9158358804938798,1.272853585452781,1.74808008969841
2023-10-05 12:35:00,142.4598443275441,2.3108196246040302,0.609433776536027,1.49175002196417,0.2775243383709998,0.2648932947665397,1.0,2.6,0.4,0.5495307088780389,0.6074742792909014,0.9158358804938798,1.272853585452781,1.74808008969841
2023-10-05 12:40:00,143.109665765585,2.3557342004191852,0.6524210959605327,1.4675794007386704,0.27752411315766135,0.2666203372464988,1.0,2.6,0.4,0.5495307088780389,0.6074742792909014,0.9158358804938798,1.272853585452781,1.74808008969841
2023-10-05 12:45:00,142.45958048649337,2.3515213547895475,0.711346166433481,1.3728118656887762,0.2775238879451096,0.2666181243136993,1.0,2.6,0.4,0.5612708793443679,0.625,0.9333763228194724,1.2673051132225421,1.68505192798323
2023-10-05 12:50:00,142.45944856597384,2.269568823899225,0.6779672093327275,1.3456725908664062,0.28296371580692586,0.26488718117346716,1.0,2.6,0.4,0.5612708793443679,0.625,0.9333763228194724,1.2673051132225421,1.68505192798323
2023-10-05 12:55:00,141.80945755516598,2.5112430533859995,0.7062247052661124,1.5338903959620223,0.2775234548462598,0.26488514356472487,1.0,2.6,0.4,0.5612708793443679,0.625,0.9333763228194724,1.2673051132225421,1.68505192798323
2023-10-05 13:00:00,142.45918472494637,1.9436892961570629,0.5597439825718339,1.2190656705474832,0.27929055348599313,0.26488311351962446,0.02353720459187964,0.059644278853885055,0.0145,0.5672953375447396,0.6453402203489258,0.9718147971707366,1.402945472924732,2.092411049483347
2023-10-05 13:05:00,142.459118764692,2.2365251574704033,0.6754557359401709,1.318096487445582,0.28486640567958765,0.2703211460569725,1.0,2.6,0.4,0.5672953375447396,0.6453402203489258,0.9718147971707366,1.402945472924732,2.092411049483347
2023-10-05 13:10:00,142.4589208839345,2.081481893978549,0.6448925175484144,1.218090923740388,0.27752277921786356,0.26404769266934053,1.0,2.6,0.4,0.5672953375447396,0.6453402203489258,0.9718147971707366,1.402945472924732,2.092411049483347
2023-10-05 13:15:00,142.45878896343436,2.1383696574538487,0.6322400160130702,1.2910892877318842,0.27413037719386235,0.26404574487651283,1.0,2.6,0.4,0.5658842637854493,0.6359630492410703,0.95450100052331,1.3564557678007787,2.1310973699012443
2023-10-05 13:20:00,142.4586570429381,2.1097403116324998,0.6120854871001816,1.2949888319761023,0.26941119060974217,0.26404379720805415,1.0,2.6,0.4,0.5658842637854493,0.6359630492410703,0.95450100052331,1.3564557678007787,2.1310973699012443
2023-10-05 13:25:00,142.45859108269144,1.8783914825603552,0.5573581733237105,1.1613796126007983,0.27093361355302614,0.2684136735456113,1.0,2.6,0.4,0.5658842637854493,0.6359630492410703,0.95450100052331,1.3564557678007787,2.1310973699012443
2023-10-05 13:30:00,142.45845916220102,1.6212973127377803,0.4615884703094748,1.0721469999799973,0.2638446763458609,0.26749415839858653,0.02353720459187964,0.06319620241755038,0.0145,0.5815573918367817,0.6653728278191108,0.9958850536080959,1.366635375658043,1.9959048073492884
2023-10-05 13:35:00,143.10821443111743,2.2807825743427945,0.6297740978675196,1.4308641101473794,0.27093327521997523,0.264868869593981,1.0,2.6,0.4,0.5815573918367817,0.6653728278191108,0.9958850536080959,1.366635375658043,1.9959048073492884
2023-10-05 13:40:00,143.10808249164336,2.662326010919455,0.7451371413688194,1.6197628987361943,0.27250634000041,0.2648668331342578,1.0,2.6,0.4,0.5815573918367817,0.6653728278191108,0.9958850536080959,1.366635375658043,1.9959048073492884
2023-10-05 13:45:00,143.10795055217315,2.901324690636293,0.8339338112529787,1.7148356524766764,0.2625880021078444,0.4166666666666667,1.0,2.6,0.4,0.5930944275577035,0.6896557112066861,1.0281003063903833,1.5029584159250715,2.5042763425788297
2023-10-05 13:50:00,143.75786464167422,2.9714134256856437,0.8260731128079862,1.7951070287833377,0.2741290022297702,0.26486276802950054,1.0,2.6,0.4,0.5930944275577035,0.6896557112066861,1.0281003063903833,1.5029584159250715,2.5042763425788297
2023-10-05 13:55:00,143.107752642975,3.0415507731305502,0.8708163785837199,1.7945949757780162,0.27250578427507594,0.269337033153819,1.0,2.6,0.4,0.5930944275577035,0.6896557112066861,1.0281003063903833,1.5029584159250715,2.5042763425788297
2023-10-05 14:00:00,143.10762070351427,2.8762020177358645,0.8550204400042937,1.6582077941990885,0.26384398758148914,0.273290349595606,0.02353720459187964,0.053738626703703544,0.0125,0.5765145271370011,0.6660330322138686,1.0118362713403786,1.4773815519357212,2.1100947846009195
2023-10-05 14:05:00,143.10748876405742,2.880210717205278,0.8761244906336608,1.6299471261074814,0.263843872788963,0.26485667504259924,1.0,2.6,0.4,0.5765145271370011,0.6660330322138686,1.0118362713403786,1.4773815519357212,2.1100947846009195
2023-10-05 14:10:00,143.10729085487932,2.5587822210532627,0.7842611095266105,1.460080739251004,0.27250522855576514,0.26658059521734434,1.0,2.6,0.4,0.5765145271370011,0.6660330322138686,1.0118362713403786,1.4773815519357212,2.1100947846009195
2023-10-05 14:15:00,143.75720485071676,3.198275854011264,0.8972893081534795,1.9067952289138388,0.27928701376125886,0.2743207395917941,1.0,2.6,0.4,0.5663532466579494,0.6542812850754636,0.9958850536080959,1.5186997728320104,2.4800532252352974
2023-10-05 14:20:00,143.1070929457099,2.9707006132833,0.8524510416642467,1.753836655878815,0.2829589500024937,0.2732789713436736,1.0,2.6,0.4,0.5663532466579494,0.6542812850754636,0.9958850536080959,1.5186997728320104,2.4800532252352974
2023-10-05 14:25:00,143.10696100626834,2.5789831122125695,0.7375024717268446,1.5509731464859051,0.277519435827712,0.27028008232375367,1.0,2.6,0.4,0.5663532466579494,0.6542812850754636,0.9958850536080959,1.5186997728320104,2.4800532252352974
2023-10-05 14:30:00,143.75687495527347,2.4392302764841545,0.6578543600548743,1.539607584170744,0.2775192106314999,0.2743119227404498,0.024515301344262524,0.07031472107603072,0.01345362404707371,0.567768438714235,0.6485129142892992,0.9725783464585257,1.4598055521198703,2.24598664288103
2023-10-05 14:35:00,143.75674299710275,2.7434008041228535,0.7713039580659541,1.657930613090236,0.27412723446887366,0.27430898718544805,1.0,2.6,0.4,0.567768438714235,0.6485129142892992,0.9725783464585257,1.4598055521198703,2.24598664288103
2023-10-05 14:40:00,143.10656518796674,3.1231906561059732,0.8577806144754578,1.8942907972380423,0.267937804237685,0.27326760460705224,1.0,2.6,0.4,0.567768438714235,0.6485129142892992,0.9725783464585257,1.4598055521198703,2.24598664288103
2023-10-05 14:45:00,143.1064332485405,2.9990301405531614,0.7687311730088312,1.9110733147677323,0.27751855237016015,0.26656517116555195,1.0,2.6,0.4,0.5658842637854493,0.6472410679182834,0.9627216420128926,1.4018938083892087,2.2029743530054997
2023-10-05 14:50:00,143.75634712261328,2.5167511385912955,0.6630138585244748,1.606561732150736,0.28109866756181695,0.26837316923150695,1.0,2.6,0.4,0.5658842637854493,0.6472410679182834,0.9627216420128926,1.4018938083892087,2.2029743530054997
2023-10-05 14:55:00,143.1061693696996,2.8625171013733013,0.750563427631773,1.8059991379800515,0.2775181019846956,0.2648363684067285,1.0,2.6,0.4,0.5658842637854493,0.6472410679182834,0.9627216420128926,1.4018938083892087,2.2029743530054997
2023-10-05 15:00:00,143.7560832063059,3.1144413784619247,0.8184250560191799,1.946662059805431,0.2741262524038311,0.26483434141323403,0.02353720459187964,0.07387990254460275,0.0125,0.5668236057187456,0.6403124237432849,0.9604686356149273,1.3483768946403671,1.8887975010572204
2023-10-05 15:05:00,143.75588526908518,2.9861584204032234,0.8027266223883597,1.8455881813945234,0.2775176516023782,0.2712372764961792,1.0,2.6,0.4,0.5668236057187456,0.6403124237432849,0.9604686356149273,1.3483768946403671,1.8887975010572204
2023-10-05 15:10:00,143.10577355146688,2.5450394230148645,0.6300694091210512,1.6861467160067138,0.2709300150437648,0.26483028780711104,1.0,2.6,0.4,0.5668236057187456,0.6403124237432849,0.9604686356149273,1.3483768946403671,1.8887975010572204
2023-10-05 15:15:00,142.4556888327987,2.078577794569328,0.48291539419079843,1.472689677351922,0.2709298458898149,0.2732477118457968,1.0,2.6,0.4,0.564485606548121,0.6504275516919621,1.0102268260148313,1.4380967457024578,1.9896743452133065
2023-10-05 15:20:00,143.10550967266423,2.249713684731629,0.5651044349836911,1.5034015428430036,0.2694073689410898,0.27428254635556526,1.0,2.6,0.4,0.564485606548121,0.6504275516919621,1.0102268260148313,1.4380967457024578,1.9896743452133065
2023-10-05 15:25:00,142.4554909521926,2.4297346975019116,0.6402400373755626,1.5580729741948274,0.26384203616822205,0.2742796123426796,1.0,2.6,0.4,0.564485606548121,0.6504275516919621,1.0102268260148313,1.4380967457024578,1.9896743452133065
2023-10-05 15:30:00,142.45535903179336,2.78744081252327,0.7299416006288894,1.764960260804511,0.2625858051812555,0.27427667848388704,0.024515301344262524,0.07269112738154498,0.01345362404707371,0.5649504403042802,0.6497884271053156,1.0070173782015879,1.3945551261961644,1.896305882498918
2023-10-05 15:35:00,142.45516115120182,2.935876477725037,0.7247861180870784,1.918128522851056,0.2613852558840729,0.2742737447791924,1.0,2.6,0.4,0.5649504403042802,0.6497884271053156,1.0070173782015879,1.3945551261961644,1.896305882498918
2023-10-05 15:40:00,142.45502923081236,3.171415484692973,0.7976058730899152,2.0349532590382062,0.2638416918143392,0.2732335280372305,1.0,2.6,0.4,0.5649504403042802,0.6497884271053156,1.0070173782015879,1.3945551261961644,1.896305882498918
2023-10-05 15:45:00,143.10484997572465,3.4074033952460887,0.8421967701059634,2.1973205833803804,0.2625854878621319,0.2764009721999622,1.0,2.6,0.4,0.5682429058070149,0.6607753022018907,1.0062169944897572,1.4840189520353166,2.3229860094283823
2023-10-05 15:50:00,143.1047180363482,3.3865576214447293,0.871179806709172,2.1316937970177134,0.2679357373657395,0.2774931830438095,1.0,2.6,0.4,0.5682429058070149,0.6607753022018907,1.0062169944897572,1.4840189520353166,2.3229860094283823
2023-10-05 15:55:00,143.10465206666143,3.5191354952440217,0.9214301376378149,2.1841307968538626,0.267935579484098,0.27973709722569967,1.0,2.6,0.4,0.5682429058070149,0.6607753022018907,1.0062169944897572,1.4840189520353166,2.3229860094283823
2023-10-05 16:00:00,143.10445415760685,3.2537368955190824,0.8633024740686575,2.0135298432580986,0.26651718347613046,0.27860085673643037,0.02353720459187964,0.07506903489455555,0.0125,0.5725740126830767,0.6700119401921133,1.0380027745627658,1.527751615937617,2.2559663118052096
2023-10-05 16:05:00,143.10432221824192,3.216352204328747,0.905572778640935,1.9117224022193042,0.26384111789997744,0.28566691923375737,1.0,2.6,0.4,0.5725740126830767,0.6700119401921133,1.0380027745627658,1.527751615937617,2.2559663118052096
2023-10-05 16:10:00,142.4542377085569,3.709707082776886,1.054638432033431,2.1662835374464033,0.2725008306468396,0.2774803049230343,1.0,2.6,0.4,0.5725740126830767,0.6700119401921133,1.0380027745627658,1.527751615937617,2.2559663118052096
2023-10-05 16:15:00,142.45417174837524,3.639003089952162,0.9799308262783691,2.2116428162732342,0.2651518013417003,0.2742502806897561,1.0,2.6,0.4,0.5765145271370011,0.6700119401921133,1.0264602476472238,1.4380967457024578,2.1197745163106383
2023-10-05 16:20:00,142.45403982801483,3.555877240839588,0.9533510447574836,2.1709177623898723,0.2625847556014099,0.2742473576221366,1.0,2.6,0.4,0.5765145271370011,0.6700119401921133,1.0264602476472238,1.4380967457024578,2.1197745163106383
2023-10-05 16:25:00,142.4539079076583,3.6553689768276745,0.8528462130332055,2.425213342478532,0.262584645764008,0.27424443470769355,1.0,2.6,0.4,0.5765145271370011,0.6700119401921133,1.0264602476472238,1.4380967457024578,2.1197745163106383
2023-10-05 16:30:00,142.4537759873057,3.489261366862165,0.776878146148533,2.380623057589085,0.2625845481311356,0.2742415026974305,0.025495097567963927,0.08697677851012878,0.0125,0.5836103151932803,0.685537015776683,1.0388327295575548,1.4784860499849162,2.1980363964229523
2023-10-05 16:35:00,142.453644066957,3.2529023280304727,0.7586718319407293,2.176205985919461,0.2679344025679492,0.2692580528048419,1.0,2.6,0.4,0.5836103151932803,0.685537015776683,1.0388327295575548,1.4784860499849162,2.1980363964229523
2023-10-05 16:40:00,142.45351214661213,2.7981534166754094,0.6633574009828921,1.8804341068098205,0.2613840212673278,0.26479382820762676,1.0,2.6,0.4,0.5836103151932803,0.685537015776683,1.0388327295575548,1.4784860499849162,2.1980363964229523
2023-10-05 16:45:00,142.45338022627115,2.7609320594351763,0.6354231315356952,1.888615882204524,0.2625842308267292,0.2647918112956697,1.0,2.6,0.4,0.5765145271370011,0.7007717174658236,1.095127389850149,1.66080582850615,2.4783260479605986
2023-10-05 16:50:00,142.45324830593407,2.9506162784727525,0.6379707202856056,2.0709175667439976,0.2625841209914541,0.2656392084551693,1.0,2.6,0.4,0.5765145271370011,0.7007717174658236,1.095127389850149,1.66080582850615,2.4783260479605986
2023-10-05 16:55:00,142.45311638560082,3.4513382344120225,0.6838566027931303,2.491451618217135,0.26258402336047215,0.26650802241181426,1.0,2.6,0.4,0.5765145271370011,0.7007717174658236,1.095127389850149,1.66080582850615,2.4783260479605986
2023-10-05 17:00:00,143.1029368551412,3.1405436833106877,0.6608705075644301,2.221226173122248,0.26515067131273856,0.2692457374475386,0.026476404589747454,0.09055385138137416,0.0125,0.5755215026391282,0.6889673432028546,1.064059697573402,1.6860623505671433,2.6759028382958903
2023-10-05 17:05:00,143.1027389461613,2.657486056354915,0.545756534331747,1.933334261528613,0.2775123165436133,0.2742210014334646,1.0,2.6,0.4,0.5755215026391282,0.6889673432028546,1.064059697573402,1.6860623505671433,2.6759028382958903
2023-10-05 17:10:00,143.10267297650321,2.719135004939344,0.5555840421142608,1.9776727876006892,0.27751209137227534,0.27527328123641615,1.0,2.6,0.4,0.5755215026391282,0.6889673432028546,1.064059697573402,1.6860623505671433,2.6759028382958903
2023-10-05 17:15:00,142.45258870430683,2.5914237972918905,0.5384581402787796,1.8805420977497838,0.26940371116062956,0.27743844687515834,1.0,2.6,0.4,0.5785162054774265,0.6862215385719105,1.053893808692318,1.499602030540103,2.1310973699012443
2023-10-05 17:20:00,142.45245678399303,2.222402004803578,0.48092917484600295,1.6159500045317334,0.28294943793703115,0.274212228050825,1.0,2.6,0.4,0.5785162054774265,0.6862215385719105,1.053893808692318,1.499602030540103,2.1310973699012443
2023-10-05 17:25:00,143.10227715857496,2.340865418311997,0.5336175221509695,1.6432567709459496,0.2775114158629823,0.2731739919330439,1.0,2.6,0.4,0.5785162054774265,0.6862215385719105,1.053893808692318,1.499602030540103,2.1310973699012443
2023-10-05 17:30:00,142.4521929433771,1.8485267885641115,0.4507664242098266,1.3051427189699016,0.2775111906947916,0.26923097034869986,0.026476404589747454,0.07625850772208961,0.01345362404707371,0.5730619512757761,0.6767096866456102,1.0480095419412936,1.4576214357644441,1.997464392673872
2023-10-05 17:35:00,143.10194731032777,1.961639594714478,0.514292263414175,1.3083142271580164,0.27249770312169685,0.2623572147191359,1.0,2.6,0.4,0.5730619512757761,0.6767096866456102,1.0480095419412936,1.4576214357644441,1.997464392673872
2023-10-05 17:40:00,143.75186054744208,2.63608272854412,0.6712027507708103,1.7096507406161268,0.2867973834208787,0.26476958171803666,1.0,2.6,0.4,0.5730619512757761,0.6767096866456102,1.0480095419412936,1.4576214357644441,1.997464392673872
2023-10-05 17:45:00,144.40186544008083,3.5040576866248214,0.866269902411474,2.254961317152124,0.2810899119147874,0.26648608397926105,1.0,2.6,0.4,0.5795248053362341,0.6924167820034405,1.0794892125445257,1.5620499351813308,2.2759841827218397
2023-10-05 17:50:00,143.75166261040275,3.1890122703431425,0.7719188564106917,2.0924789215542012,0.27751030735025684,0.26828771645654603,1.0,2.6,0.4,0.5795248053362341,0.6924167820034405,1.0794892125445257,1.5620499351813308,2.2759841827218397
2023-10-05 17:55:00,143.75153065238123,3.2841260443504887,0.8216002449062217,2.1081995953113246,0.27092435640391993,0.2664817056726185,1.0,2.6,0.4,0.5795248053362341,0.6924167820034405,1.0794892125445257,1.5620499351813308,2.2759841827218397
2023-10-05 18:00:00,143.1013535835431,3.7652116714496646,0.9536665819617979,2.376562612091761,0.2679318909729838,0.2656097241052756,0.026476404589747454,0.04903060268852505,0.01345362404707371,0.578013840664737,0.6746917814824782,1.0215581040743595,1.4641824510627082,2.292724143895205
2023-10-05 18:05:00,143.10122164426818,3.9313052876743324,1.0336155260627589,2.4167405398922432,0.2694021202709233,0.26475948377951447,1.0,2.6,0.4,0.578013840664737,0.6746917814824782,1.0215581040743595,1.4641824510627082,2.292724143895205
2023-10-05 18:10:00,143.10108970499704,3.607190341300539,0.9404207482928251,2.2413728629441376,0.2625824491094512,0.2731485318747111,1.0,2.6,0.4,0.578013840664737,0.6746917814824782,1.0215581040743595,1.4641824510627082,2.292724143895205
2023-10-05 18:15:00,142.4510716209325,3.569720075308474,0.869001115981388,2.315423310385525,0.2625823514844926,0.2741800584877757,1.0,2.6,0.4,0.5711182014259395,0.6767096866456102,1.0471717337667208,1.5875418104730343,2.691831346871494
2023-10-05 18:20:00,143.10089179609753,3.07245934674903,0.7616027051548866,1.9941944776601626,0.2724960521194007,0.2741771391035628,1.0,2.6,0.4,0.5711182014259395,0.6767096866456102,1.0471717337667208,1.5875418104730343,2.691831346871494
2023-10-05 18:25:00,142.45074182026693,3.0558016341605185,0.7955130289723047,1.9248825471033453,0.2665132288949893,0.2682711452362598,1.0,2.6,0.4,0.5711182014259395,0.6767096866456102,1.0471717337667208,1.5875418104730343,2.691831346871494
2023-10-05 18:30:00,142.4506758601367,3.208755496460826,0.7720451963247954,2.111695684933658,0.2651484113705084,0.26735700200342033,1.0,2.6,0.4,0.5765145271370011,0.6733505773369471,1.0297433466645949,1.5794005983283657,2.7861442891566117
2023-10-05 18:35:00,142.4505439398792,3.2251958419611952,0.7227683959006463,2.205739065272162,0.4166666666666667,0.2762949174043935,1.0,2.6,0.4,0.5765145271370011,0.6733505773369471,1.0297433466645949,1.5794005983283657,2.7861442891566117
2023-10-05 18:40:00,143.10029806945076,2.7417271393523106,0.6206267679312747,1.8935876877165094,0.263837559875797,0.2721175234702531,1.0,2.6,0.4,0.5765145271370011,0.6733505773369471,1.0297433466645949,1.5794005983283657,2.7861442891566117
2023-10-05 18:45:00,142.45028009937585,2.4660613028949316,0.5682020561861071,1.7087230396581379,0.262581716930835,0.27211479571760927,1.0,2.6,0.4,0.5706356105256664,0.6536367492728664,0.9958850536080959,1.4707692715038616,2.1440764911728314
2023-10-05 18:50:00,142.45014817912994,2.053252881869414,0.4625162675000511,1.4827479718855987,0.4166666666666667,0.2691916634765219,1.0,2.6,0.4,0.5706356105256664,0.6536367492728664,0.9958850536080959,1.4707692715038616,2.1440764911728314
2023-10-05 18:55:00,143.09996822134718,1.6938168494471453,0.3892032123811656,1.2648367077249476,0.2625815094838241,0.2741566984716636,1.0,2.6,0.4,0.5706356105256664,0.6536367492728664,0.9958850536080959,1.4707692715038616,2.1440764911728314
2023-10-05 19:00:00,143.09977031249653,2.109974858390007,0.5339044305128193,1.4188937779162538,0.27411682546420546,0.27415378031442594,1.0,0.07982881685206164,0.0125,0.5795248053362341,0.6726812023536856,1.0231891320767632,1.4241474642746799,1.951026396541062
2023-10-05 19:05:00,143.74968324047703,2.346711323912448,0.6257479583005606,1.5006501527443081,0.4166666666666667,0.26918429692040524,1.0,2.6,0.4,0.5795248053362341,0.6726812023536856,1.0231891320767632,1.4241474642746799,1.951026396541062
2023-10-05 19:10:00,143.09957240365446,2.379361557615507,0.7125558259595314,1.3975311432433946,0.4166666666666667,0.2691818444632424,1.0,2.6,0.4,0.5795248053362341,0.6726812023536856,1.0231891320767632,1.4241474642746799,1.951026396541062
2023-10-05 19:15:00,143.09944046443118,2.0079936053594416,0.5290907887965607,1.3287576909494059,0.2613810747464311,0.26473125896673827,1.0,2.6,0.4,0.5663532466579494,0.6421907816217857,0.9756413275379431,1.378967095328964,2.052531120348727
2023-10-05 19:20:00,143.0993085252118,2.0119366082336954,0.4789315113078224,1.4149127914935478,0.26514716182162357,0.2647292459713019,1.0,2.6,0.4,0.5663532466579494,0.6421907816217857,0.9756413275379431,1.378967095328964,2.052531120348727
2023-10-05 19:25:00,143.09911061638982,2.129756537834939,0.5510827384736466,1.4102233195903469,0.27750608132043686,0.26472723310204155,1.0,2.6,0.4,0.5663532466579494,0.6421907816217857,0.9756413275379431,1.378967095328964,2.052531120348727
2023-10-05 19:30:00,143.09897867717996,1.9589805342052473,0.5267110636910912,1.2857817833391392,0.27411564720944165,0.26472522035896023,0.024515301344262524,0.056098484828023654,0.0125,0.5617259118110896,0.6409375944661071,0.9725783464585257,1.4156284823356728,2.0382835916525455
2023-10-05 19:35:00,143.09884673797396,2.166204592777212,0.5832348731756275,1.3940147431839414,0.26138070208935377,0.2673274346091727,1.0,2.6,0.4,0.5617259118110896,0.6409375944661071,0.9725783464585257,1.4156284823356728,2.0382835916525455
2023-10-05 19:40:00,143.0987807683724,2.7774018069647037,0.7333155063806636,1.7499095836262748,0.2693990873342224,0.27413044057693503,1.0,2.6,0.4,0.5617259118110896,0.6409375944661071,0.9725783464585257,1.4156284823356728,2.0382835916525455
2023-10-05 19:45:00,143.7486275768642,2.975376723289427,0.7126656818334921,1.9759836323371622,0.2665110582063085,0.270116733561441,1.0,2.6,0.4,0.5572396252959763,0.6316613016482805,0.9649828184998943,1.3738136700440857,1.9525624189766635
2023-10-05 19:50:00,142.44863109658164,2.60010636259752,0.5832808770131461,1.8152685098305295,0.2625803624525531,0.2647171706484822,1.0,2.6,0.4,0.5572396252959763,0.6316613016482805,0.9649828184998943,1.3738136700440857,1.9525624189766635
2023-10-05 19:55:00,142.44843321628713,2.748195131183909,0.669070586303944,1.822448657287818,0.26258025263295753,0.26822862161059574,1.0,2.6,0.4,0.5572396252959763,0.6316613016482805,0.9649828184998943,1.3738136700440857,1.9525624189766635
2023-10-05 20:00:00,142.44830129609562,2.748077185193097,0.6895647085405479,1.7899183172482782,0.2625801550159129,0.2673160728903493,0.024515301344262524,0.058461611335986964,0.0116619037896906,0.5554853733447893,0.6310507111159926,0.9710521304234906,1.3945551261961644,2.022523176628639
2023-10-05 20:05:00,141.79837786328733,2.6779353585508003,0.7256354564067452,1.6651290921813044,0.4166666666666667,0.2741158674535732,1.0,2.6,0.4,0.5554853733447893,0.6310507111159926,0.9710521304234906,1.3945551261961644,2.022523176628639
2023-10-05 20:10:00,141.79824596236082,2.921091841910834,0.7906189774659802,1.8008678129374773,0.26257993537884855,0.27206843769373584,1.0,2.6,0.4,0.5554853733447893,0.6310507111159926,0.9710521304234906,1.3945551261961644,2.022523176628639
2023-10-05 20:15:00,141.79818001189903,2.6653487070825492,0.7101825867204293,1.6769764494455965,0.26383537935974477,0.2638829562437074,1.0,2.6,0.4,0.5546169849544819,0.6232046212922366,0.9412934930190476,1.390379804226169,1.9571755158901822
2023-10-05 20:20:00,141.79798216051958,2.846562807031306,0.7515872749997076,1.7888378088560268,0.2638352646001304,0.2647050998686237,1.0,2.6,0.4,0.5546169849544819,0.6232046212922366,0.9412934930190476,1.390379804226169,1.9571755158901822
2023-10-05 20:25:00,141.79785025960487,2.8299428455613493,0.6896431016601049,1.8698403079581631,0.2679276144501455,0.27206026287560914,1.0,2.6,0.4,0.5546169849544819,0.6232046212922366,0.9412934930190476,1.390379804226169,1.9571755158901822
2023-10-05 20:30:00,141.7977183586941,3.367432774924731,0.7386518061961085,2.3208535064485702,0.2638350350822183,0.26470108467898396,0.024515301344262524,0.08101950382469643,0.4,0.557681808919746,0.62680459475023,0.9493281835066312,1.324496979989007,1.8575187751406446
2023-10-05 20:35:00,142.44744381494544,3.429491165253996,0.7257298876778696,2.4027358886092323,0.2757840046682898,0.2646990735760271,1.0,2.6,0.4,0.557681808919746,0.62680459475023,0.9493281835066312,1.324496979989007,1.8575187751406446
2023-10-05 20:40:00,143.097197498222,3.139442475719701,0.6412206638170102,2.251885444985015,0.27750272147814625,0.2646970625992896,1.0,2.6,0.4,0.557681808919746,0.62680459475023,0.9493281835066312,1.324496979989007,1.8575187751406446
2023-10-05 20:45:00,142.4471799746246,2.8954905768406727,0.5710431837330723,2.1258805117579946,0.27411270168209684,0.26469505174877417,1.0,2.6,0.4,0.560365059581698,0.6232046212922366,0.9369602766393034,1.2636282087702855,1.6717057157286985
2023-10-05 20:50:00,142.4469820943941,3.0234182594145564,0.6285988374959128,2.157834330481326,0.26792688260804853,0.26553836150226134,1.0,2.6,0.4,0.560365059581698,0.6232046212922366,0.9369602766393034,1.2636282087702855,1.6717057157286985
2023-10-05 20:55:00,142.4469161343192,2.792117074179345,0.6009500104176971,1.9749633140849188,0.4166666666666667,0.2646910452097698,1.0,2.6,0.4,0.560365059581698,0.6232046212922366,0.9369602766393034,1.2636282087702855,1.6717057157286985
2023-10-05 21:00:00,143.0966697416277,2.713698529969719,0.5785260981460408,1.9345042103901615,0.27249016291951034,0.2646890273457988,0.024515301344262524,0.09055385138137416,0.4,0.5572396252959763,0.6190516941257814,0.9333763228194724,1.3333881655392026,1.9341861337523854
2023-10-05 21:05:00,142.44665229402938,2.2253153679474695,0.5197417802498778,1.553694577682993,0.26650887382238814,0.2646870169997365,1.0,2.6,0.4,0.5572396252959763,0.6190516941257814,0.9333763228194724,1.3333881655392026,1.9341861337523854
2023-10-05 21:10:00,142.4465203738903,2.3110392930659143,0.5587763162619195,1.5730681348168358,0.26650873557465665,0.26468501417019363,1.0,2.6,0.4,0.5572396252959763,0.6190516941257814,0.9333763228194724,1.3333881655392026,1.9341861337523854
2023-10-05 21:15:00,142.44638845375508,2.066148468269691,0.5785717921942649,1.3057183407200477,0.27750118016583486,0.2630586517598431,1.0,2.6,0.4,0.5524717187331855,0.6114769006266713,0.9312378858272465,1.3088851171894345,1.8092440410292914
2023-10-05 21:20:00,143.09620795465798,2.3230812212112095,0.6438814487813252,1.4494867735474797,0.2741113271562352,0.2646810014976912,1.0,2.6,0.4,0.5524717187331855,0.6114769006266713,0.9312378858272465,1.3088851171894345,1.8092440410292914
2023-10-05 21:25:00,142.44612461349632,1.9482194412693272,0.5810864606273978,1.1902673184221177,0.27578191586859646,0.2646789990445578,1.0,2.6,0.4,0.5524717187331855,0.6114769006266713,0.9312378858272465,1.3088851171894345,1.8092440410292914
2023-10-05 21:30:00,141.7962014985031,2.200237842828977,0.5935572861168598,1.4103743080291447,0.2638336580116089,0.2646769819398846,0.02353720459187964,0.07625850772208961,0.4,0.5585704968936329,0.6109017924347578,0.91036036820591,1.2175098562229383,1.5822136391777186
2023-10-05 21:35:00,141.1463739421581,2.081952832382854,0.5637818815643145,1.3441118391719942,0.4166666666666667,0.27103142290809085,1.0,2.6,0.4,0.5585704968936329,0.6109017924347578,0.91036036820591,1.2175098562229383,1.5822136391777186
2023-10-05 21:40:00,141.79600364721225,1.7823550558985286,0.5102192307488168,1.1450199722116199,0.4166666666666667,0.264672977662086,1.0,2.6,0.4,0.5585704968936329,0.6109017924347578,0.91036036820591,1.2175098562229383,1.5822136391777186
2023-10-05 21:45:00,141.14604423883333,2.449521756588408,0.5986017684105973,1.643447985607476,0.26257795872540085,0.26638124364983506,1.0,2.6,0.4,0.5450587124338074,0.5952554073672913,0.9022763213118251,1.2140972984073393,1.592072862654219
2023-10-05 21:50:00,141.14597829817134,2.877440046293554,0.6439746071753917,1.9892573762324344,0.4166666666666667,0.26466896649902893,1.0,2.6,0.4,0.5450587124338074,0.5952554073672913,0.9022763213118251,1.2140972984073393,1.592072862654219
2023-10-05 21:55:00,141.14584641685042,2.2200649848136265,0.6237523896774751,1.3820524989684084,0.4166666666666667,0.26466695741314006,1.0,2.6,0.4,0.5450587124338074,0.5952554073672913,0.9022763213118251,1.2140972984073393,1.592072862654219
2023-10-05 22:00:00,141.1457145355335,1.9352622898973673,0.6465437267035539,1.0797625791940284,0.4166666666666667,0.2646649558391661,0.02256102834535696,0.056098484828023654,0.4,0.5462600113499065,0.603526304314899,0.916525089672945,1.2331108019963168,1.6184202173724844
2023-10-05 22:05:00,141.14558265422053,2.244337016149694,0.6797046205186345,1.319038163885327,0.4166666666666667,0.2646629543905335,1.0,2.6,0.4,0.5462600113499065,0.603526304314899,0.916525089672945,1.2331108019963168,1.6184202173724844
2023-10-05 22:10:00,141.14551671356557,2.3014527859085407,0.677161280690326,1.3772987895968853,0.4166666666666667,0.2646609530672451,1.0,2.6,0.4,0.5462600113499065,0.603526304314899,0.916525089672945,1.2331108019963168,1.6184202173724844
2023-10-05 22:15:00,141.14531889160662,2.0281819895925945,0.5565135209918047,1.3042899670928347,0.4166666666666667,0.26225849240735183,1.0,2.6,0.4,0.5491165632176833,0.6040869142764144,0.909002178215212,1.242837077013717,1.648021844515418
2023-10-05 22:20:00,141.14518701030562,1.5100438904758673,0.47711297693923027,0.9458869845336327,0.2625772266681349,0.26465693602911466,1.0,2.6,0.4,0.5491165632176833,0.6040869142764144,0.909002178215212,1.242837077013717,1.648021844515418
2023-10-05 22:25:00,141.79475058924237,1.4507665186587702,0.46778423475079073,0.9070367299665612,0.4166666666666667,0.26225498459088065,1.0,2.6,0.4,0.5491165632176833,0.6040869142764144,0.909002178215212,1.242837077013717,1.648021844515418
2023-10-05 22:30:00,141.14498918836162,1.6449399768815347,0.49841432930328394,1.0358697869119065,0.26383228100419454,0.4166666666666667,0.02256102834535696,0.06556706490304412,0.4,0.5503635162326805,0.6143687817589693,0.9442017581004603,1.31861300236271,1.8208448588498694
2023-10-05 22:35:00,141.14485730707065,2.4770714843057897,0.6568220274474859,1.5778321625781586,0.2679237831907019,0.2663594828659419,1.0,2.6,0.4,0.5503635162326805,0.6143687817589693,0.9442017581004603,1.31861300236271,1.8208448588498694
2023-10-05 22:40:00,140.49506093227504,2.411320982551757,0.6875009206676841,1.4666209319887216,0.2665062886768014,0.4166666666666667,1.0,2.6,0.4,0.5503635162326805,0.6143687817589693,0.9442017581004603,1.31861300236271,1.8208448588498694
2023-10-05 22:45:00,140.4949290707909,1.6007449410766297,0.5418982810261334,0.9305742164994415,0.27749716253633555,0.4166666666666667,1.0,2.6,0.4,0.5495307088780389,0.6172876152977638,0.9405688491545954,1.3353744793128255,2.0303940504246953
2023-10-05 22:50:00,140.4948631400504,1.5251953481468112,0.47954799330781167,0.955818471498588,0.2651418982825035,0.4166666666666667,1.0,2.6,0.4,0.5495307088780389,0.6172876152977638,0.9405688491545954,1.3353744793128255,2.0303940504246953
2023-10-05 22:55:00,140.49473127857232,1.9097140095543568,0.532182971325527,1.2302680221657645,0.26514177866634303,0.4166666666666667,1.0,2.6,0.4,0.5495307088780389,0.6172876152977638,0.9405688491545954,1.3353744793128255,2.0303940504246953
2023-10-05 23:00:00,140.49459941709833,1.8409370780638248,0.5443878181368113,1.146410503797574,0.2625763848267394,0.4166666666666667,0.02256102834535696,0.04903060268852505,0.4,0.5462600113499065,0.6109017924347578,0.9391224840243151,1.2906804406978516,1.7327723451163457
2023-10-05 23:05:00,140.4944675556284,1.8408220068366803,0.5370796126266538,1.157666942094384,0.26257628722363274,0.4166666666666667,1.0,2.6,0.4,0.5462600113499065,0.6109017924347578,0.9391224840243151,1.2906804406978516,1.7327723451163457
2023-10-05 23:10:00,140.49440162489498,1.556455803391147,0.47491649715805734,0.9913133920455373,0.2625761774205582,0.4166666666666667,1.0,2.6,0.4,0.5462600113499065,0.6109017924347578,0.9391224840243151,1.2906804406978516,1.7327723451163457
2023-10-05 23:15:00,141.14380225688635,1.3634819100111035,0.45635377563977747,0.8474220872485723,0.26257606761792884,0.4166666666666667,1.0,2.6,0.4,0.5434786104346702,0.6080427616541455,0.9305270764464622,1.301174949804983,1.8150360877955016
2023-10-05 23:20:00,141.14367037563125,2.0957879617189668,0.616458162691391,1.2750075260975822,0.4166666666666667,0.4166666666666667,1.0,2.6,0.4,0.5434786104346702,0.6080427616541455,0.9305270764464622,1.301174949804983,1.8150360877955016
2023-10-05 23:25:00,141.14353849438015,2.3037881667048,0.6902070135287954,1.3595574776972992,0.4166666666666667,0.4166666666666667,1.0,2.6,0.4,0.5434786104346702,0.6080427616541455,0.9305270764464622,1.301174949804983,1.8150360877955016
2023-10-05 23:30:00,141.14340661313307,2.5702512196765923,0.6799708514942623,1.631864019380732,0.4166666666666667,0.4166666666666667,0.021587033144922906,0.04434230485664903,0.4,0.5400148146115993,0.5974353521511763,0.9124056992369128,1.235749165486265,1.6350584087426356
2023-10-05 23:35:00,140.4937423176161,2.3240123558246637,0.6139893797317352,1.4972833335753528,0.2625756528120135,0.4166666666666667,1.0,2.6,0.4,0.5400148146115993,0.5974353521511763,0.9124056992369128,1.235749165486265,1.6350584087426356
2023-10-05 23:40:00,140.49354452545217,2.311619610606453,0.6240782677204136,1.4694442577014692,0.26257554301151115,0.4166666666666667,1.0,2.6,0.4,0.5400148146115993,0.5974353521511763,0.9124056992369128,1.235749165486265,1.6350584087426356
2023-10-05 23:45:00,140.49341266401458,2.4590105946659446,0.6544954416816366,1.5639992994957992,0.26257544541143835,0.4166666666666667,1.0,2.6,0.4,0.5392624592904646,0.5985323717226998,0.9179066619215703,1.2775073385307811,1.8193911069366038
2023-10-05 23:50:00,141.14287908818457,2.274577044747298,0.6140358864522809,1.4495688401966178,0.2724839252331234,0.4166666666666667,1.0,2.6,0.4,0.5392624592904646,0.5985323717226998,0.9179066619215703,1.2775073385307811,1.8193911069366038
2023-10-05 23:55:00,141.1428131475705,2.417759801994504,0.6342294050371088,1.5559540177444235,0.26514027685579056,0.4166666666666667,1.0,2.6,0.4,0.5392624592904646,0.5985323717226998,0.9179066619215703,1.2775073385307811,1.8193911069366038
2023-10-06 00:15:00,140.4926874261803,2.3435423417760735,0.5890761458877674,1.5557832529468563,0.2829275028563966,2.6695233,1.0,2.6,0.4,0.5271517807994203,0.5599142791535148,0.8431364302412748,1.1364858116140297,1.472339634731063
2023-10-06 00:20:00,140.49255556476905,1.903709365112625,0.5082991115490609,1.2627522780002443,0.2792584179987126,2.6695233,1.0,2.6,0.4,0.5271517807994203,0.5599142791535148,0.8431364302412748,1.1364858116140297,1.472339634731063
2023-10-06 00:25:00,140.49242370336182,1.495379140678241,0.47046336119480214,0.9428582646662007,0.29079111612219916,2.6695233,1.0,2.6,0.4,0.5271517807994203,0.5599142791535148,0.8431364302412748,1.1364858116140297,1.472339634731063
2023-10-06 00:30:00,140.49229184195866,1.8873098600270166,0.5692577765202924,1.1513955359782366,0.277492487162397,2.6695233,0.02061552812808831,0.06319620241755038,0.4,0.5240696518593688,0.5533254015495764,0.8340138128352552,1.1060091545733244,1.4116784336384827
2023-10-06 00:35:00,141.141692157284,1.7301432457711956,0.5866463178853213,0.9810684164001425,0.26650315080589865,2.6695233,1.0,2.6,0.4,0.5240696518593688,0.5533254015495764,0.8340138128352552,1.1060091545733244,1.4116784336384827
2023-10-06 00:40:00,141.14162621668788,1.5822273055159413,0.5891529894677225,0.8478153186437085,0.26938952902251745,2.6695233,1.0,2.6,0.4,0.5240696518593688,0.5533254015495764,0.8340138128352552,1.1060091545733244,1.4116784336384827
2023-10-06 00:45:00,141.14149433549866,1.681836163322511,0.5668318246804934,0.9665885010650409,0.2741032770464652,2.6695233,1.0,2.6,0.4,0.5195007218474291,0.5442655601817922,0.8189074673001828,1.0972020096591146,1.407978693020601
2023-10-06 00:50:00,141.14136245431345,1.911105424994984,0.5767500769597874,1.1621464622701767,0.27749160407432494,2.6695233,1.0,2.6,0.4,0.5195007218474291,0.5442655601817922,0.8189074673001828,1.0972020096591146,1.407978693020601
2023-10-06 00:55:00,141.1412305731322,2.2485363988588856,0.6243108616296603,1.4084537007906948,0.27577312349555033,2.6695233,1.0,2.6,0.4,0.5195007218474291,0.5442655601817922,0.8189074673001828,1.0972020096591146,1.407978693020601
2023-10-06 01:00:00,141.14109869195497,2.28929490040582,0.6547293518863391,1.4002340781991245,0.2625738838581133,2.6695233,0.019646882704388503,0.046683615969631144,0.4,0.5168761940735905,0.5370437598557496,0.8064446416214817,1.0823104914949315,1.3865424623862048
2023-10-06 01:05:00,141.1409668107817,2.461234185806379,0.6547450386828018,1.5657596847622441,0.2625737740647836,2.6695233,1.0,2.6,0.4,0.5168761940735905,0.5370437598557496,0.8064446416214817,1.0823104914949315,1.3865424623862048
2023-10-06 01:10:00,141.14083492961242,2.1298735049531072,0.6369935195070845,1.2757508674517168,0.2625736642718991,2.6695233,1.0,2.6,0.4,0.5168761940735905,0.5370437598557496,0.8064446416214817,1.0823104914949315,1.3865424623862048
2023-10-06 01:15:00,141.14070304844716,2.3257631318946483,0.6854227376429656,1.38784028291218,0.4166666666666667,2.6695233,1.0,2.6,0.4,0.5156316514722501,0.5355968633216591,0.8033952949824887,1.0905159329418346,1.4144765816371794
2023-10-06 01:20:00,141.14057116728586,2.8312046783043945,0.8099035022647831,1.6836740636208791,0.26257345688655415,2.6695233,1.0,2.6,0.4,0.5156316514722501,0.5355968633216591,0.8033952949824887,1.0905159329418346,1.4144765816371794
2023-10-06 01:25:00,141.14050522670672,2.5716526210094957,0.7344013248782073,1.5486764455567177,0.2625733592940003,2.6695233,1.0,2.6,0.4,0.5156316514722501,0.5355968633216591,0.8033952949824887,1.0905159329418346,1.4144765816371794
2023-10-06 01:30:00,141.1403733455514,2.2436328142696746,0.589306909256836,1.4588457885112907,0.4166666666666667,2.6695233,0.019646882704388503,0.05491812087098392,0.4,0.5171305444469511,0.5374095272694744,0.8082211578522305,1.0905159329418346,1.404314779527724
2023-10-06 01:35:00,141.14017552382597,2.925767127532098,0.7215062443538859,1.91338844393527,0.4166666666666667,2.6695233,1.0,2.6,0.4,0.5171305444469511,0.5374095272694744,0.8082211578522305,1.0905159329418346,1.404314779527724
2023-10-06 01:40:00,141.14004364268064,2.6700240765957766,0.6855010588360844,1.7201924736238634,0.4166666666666667,2.6695233,1.0,2.6,0.4,0.5171305444469511,0.5374095272694744,0.8082211578522305,1.0905159329418346,1.404314779527724
2023-10-06 01:45:00,141.1399777021095,2.5013396401199275,0.6472447082635056,1.616432410491485,0.4166666666666667,2.6695233,1.0,2.6,0.4,0.5184293587365592,0.5438713083073973,0.8184263925363111,1.0947466601912974,1.3997856978837868
2023-10-06 01:50:00,141.13984582097015,2.1737769257260644,0.5918624469910166,1.3876607643655388,0.4166666666666667,2.6695233,1.0,2.6,0.4,0.5184293587365592,0.5438713083073973,0.8184263925363111,1.0947466601912974,1.3997856978837868
2023-10-06 01:55:00,141.1397139398348,1.9136502781098395,0.5522693315797553,1.202403584143714,0.4166666666666667,2.6695233,1.0,2.6,0.4,0.5184293587365592,0.5438713083073973,0.8184263925363111,1.0947466601912974,1.3997856978837868
2023-10-06 02:00:00,141.13958205870347,2.459941537591848,0.6498315459446319,1.5722253569965108,0.4166666666666667,2.6695233,1.0,2.6,0.4,0.5223035515866229,0.5520470994398938,0.8303739880318988,1.139348936893347,1.5252462096330548
2023-10-06 02:05:00,140.48985240673008,2.7229661855647227,0.6727823727309374,1.7919065059079669,0.2625725175728243,2.6695233,1.0,2.6,0.4,0.5223035515866229,0.5520470994398938,0.8303739880318988,1.139348936893347,1.5252462096330548
2023-10-06 02:10:00,140.48972054540585,2.5664818241900558,0.6447843807391965,1.6836472777486697,0.26257241998365616,2.6695233,1.0,2.6,0.4,0.5223035515866229,0.5520470994398938,0.8303739880318988,1.139348936893347,1.5252462096330548
2023-10-06 02:15:00,141.13918641533337,2.4021758920741867,0.6119713457932215,1.5761015181074824,0.26257231019626254,2.6695233,1.0,2.6,0.4,0.5237709423020716,0.5599142791535148,0.8475653603115219,1.21922362591938,1.673034369043266
2023-10-06 02:20:00,141.13905453421805,2.611474133876056,0.6958906950751824,1.646968336300034,0.263827003061222,2.6695233,1.0,2.6,0.4,0.5237709423020716,0.5599142791535148,0.8475653603115219,1.21922362591938,1.673034369043266
2023-10-06 02:25:00,140.48939089211294,2.767818255181449,0.7683358312808106,1.6862070798905933,0.26257210282128923,2.6695233,1.0,2.6,0.4,0.5237709423020716,0.5599142791535148,0.8475653603115219,1.21922362591938,1.673034369043266
2023-10-06 02:30:00,140.48925903080288,2.512600093390915,0.6907870499237068,1.559144696914033,0.26257199303518175,2.6695233,1.0,0.06201161181585268,0.4,0.5240696518593688,0.5572396252959763,0.8340138128352552,1.2140972984073393,1.7327723451163457
2023-10-06 02:35:00,140.4890612388453,2.3116143892085206,0.6677680230224797,1.4014586755518916,0.2651362635019359,2.6695233,1.0,2.6,0.4,0.5240696518593688,0.5572396252959763,0.8340138128352552,1.2140972984073393,1.7327723451163457
2023-10-06 02:40:00,140.48899530819486,2.619228934043315,0.7761963885173152,1.5304177067066524,0.2693857092594715,2.6695233,1.0,2.6,0.4,0.5240696518593688,0.5572396252959763,0.8340138128352552,1.2140972984073393,1.7327723451163457
2023-10-06 02:45:00,140.48886344689686,2.401471971309619,0.7579955267723631,1.3497112584748154,0.2651360110224431,2.6695233,1.0,2.6,0.4,0.5249761899362675,0.5559217570845739,0.8303739880318988,1.1623494526174132,1.5724554047730575
2023-10-06 02:50:00,140.48873158560298,2.3276311195874144,0.7269088945218849,1.3265028996414492,0.2740983690169241,2.6695233,1.0,2.6,0.4,0.5249761899362675,0.5559217570845739,0.8303739880318988,1.1623494526174132,1.5724554047730575
2023-10-06 02:55:00,141.7878258016052,2.857831050659346,0.8838371389858415,1.5966339800333031,0.27090586291565133,2.6695233,1.0,2.6,0.4,0.5249761899362675,0.5559217570845739,0.8303739880318988,1.1623494526174132,1.5724554047730575
2023-10-06 03:00:00,140.48840193238598,4.263637068901584,1.2096987391935128,2.473858574358453,0.28106215604335993,2.6695233,0.018681541692269404,0.06556706490304412,0.4,0.525281829116523,0.5599142791535148,0.8509430063171093,1.183507076446947,1.5761027885261798
2023-10-06 03:05:00,140.48833600174558,3.345566289561391,1.0006264203428692,1.8924002465845573,0.2810619007812901,2.6695233,1.0,2.6,0.4,0.525281829116523,0.5599142791535148,0.8509430063171093,1.183507076446947,1.5761027885261798
2023-10-06 03:10:00,140.4882041404679,3.3205878446578665,0.9819966115723667,1.8964511979483192,0.27409758377255183,2.6695233,1.0,2.6,0.4,0.525281829116523,0.5599142791535148,0.8509430063171093,1.183507076446947,1.5761027885261798
2023-10-06 03:15:00,140.48807227919426,3.092813435804679,0.9103363021100036,1.7839746333204498,0.2774851457788213,2.6695233,1.0,2.6,0.4,0.5255891931917931,0.5594649229397675,0.8492482322619224,1.1429620509885707,1.4851612707042963
2023-10-06 03:20:00,140.48794041792462,2.8737436906162874,0.8102824197452064,1.7243971063000072,0.27409719115454045,2.6695233,1.0,2.6,0.4,0.5255891931917931,0.5594649229397675,0.8492482322619224,1.1429620509885707,1.4851612707042963
2023-10-06 03:25:00,141.13740602061253,1.8751981337599577,0.5846794214955544,1.1166144834447742,0.26938428250815455,2.6695233,1.0,2.6,0.4,0.5255891931917931,0.5594649229397675,0.8492482322619224,1.1429620509885707,1.4851612707042963
2023-10-06 03:30:00,140.48767669539757,1.4951732146275567,0.5112657125794022,0.8819745681034993,0.27576663952767005,2.6695233,0.018681541692269404,0.06319620241755038,0.4,0.5341760009584856,0.5872512239237991,0.8982935822992392,1.2821880712282423,1.779116634737588
2023-10-06 03:35:00,140.4875448341401,1.7180099196456515,0.5354610156670705,1.046167070630938,0.26513476194172625,2.6695233,1.0,2.6,0.4,0.5341760009584856,0.5872512239237991,0.8982935822992392,1.2821880712282423,1.779116634737588
2023-10-06 03:40:00,140.48741297288666,1.850632312360759,0.5847256765114589,1.0938025037847616,0.263825167472656,2.6695233,1.0,2.6,0.4,0.5341760009584856,0.5872512239237991,0.8982935822992392,1.2821880712282423,1.779116634737588
2023-10-06 03:45:00,140.4873470422615,1.8828163885118874,0.6273621792811239,1.0599376389584159,0.2625704316809572,2.6695233,1.0,2.6,0.4,0.5434786104346702,0.6214185385068585,0.9657383496579185,1.3503911470385164,1.876832437912346
2023-10-06 03:50:00,140.4872151810141,2.338505085091953,0.7452208491213702,1.3092338415012115,0.2638249380319853,2.6695233,1.0,2.6,0.4,0.5434786104346702,0.6214185385068585,0.9657383496579185,1.3503911470385164,1.876832437912346
2023-10-06 03:55:00,140.48701738915068,2.0975345300735175,0.6731262707942983,1.1906439693563593,0.2625702243203737,2.6695233,1.0,2.6,0.4,0.5434786104346702,0.6214185385068585,0.9657383496579185,1.3503911470385164,1.876832437912346
2023-10-06 04:00:00,141.13648285326593,2.2197102933063992,0.7064915318118536,1.2552534824263515,0.2651341374190572,2.6695233,0.01772004514666935,0.050205975739945535,0.4,0.5466635162510848,0.62680459475023,0.9710521304234906,1.405051244617078,1.9772516278916046
2023-10-06 04:05:00,141.1363509722324,2.0322504907764594,0.650221155082966,1.164005447583273,0.2679140416869235,2.6695233,1.0,2.6,0.4,0.5466635162510848,0.62680459475023,0.9710521304234906,1.405051244617078,1.9772516278916046
2023-10-06 04:10:00,140.48668773606522,1.817689043884112,0.5922936951853092,1.0521895715601977,0.2625699071837303,2.6695233,1.0,2.6,0.4,0.5466635162510848,0.62680459475023,0.9710521304234906,1.405051244617078,1.9772516278916046
2023-10-06 04:15:00,140.48655587483807,1.6890559951790454,0.5331492115801576,1.0231559335413505,0.26256979740652714,2.6695233,1.0,2.6,0.4,0.5458580401532984,0.622608223524232,0.9664947801204101,1.323513883569039,1.7776940119154367
2023-10-06 04:20:00,140.48642401361502,2.096952825518016,0.635053475101713,1.2476075882065545,0.2638242497205069,2.6695233,1.0,2.6,0.4,0.5458580401532984,0.622608223524232,0.9664947801204101,1.323513883569039,1.7776940119154367
2023-10-06 04:25:00,140.486358083005,2.2027991830821123,0.691147486583776,1.262399861725563,0.2724738322660352,2.6695233,1.0,2.6,0.4,0.5458580401532984,0.622608223524232,0.9664947801204101,1.323513883569039,1.7776940119154367
2023-10-06 04:30:00,140.48616029118105,2.596071752487489,0.818362549063944,1.4441933525393091,0.2709026046309121,2.6695233,0.01772004514666935,0.052560060882765346,0.4,0.5407735200617723,0.6155331022780173,0.9508014303733456,1.3353744793128255,1.8664126017577143
2023-10-06 04:35:00,140.48602842997013,3.1364066644161603,0.9609855769426534,1.7491811667121138,0.27748159658936533,2.6695233,1.0,2.6,0.4,0.5407735200617723,0.6155331022780173,0.9508014303733456,1.3353744793128255,1.8664126017577143
2023-10-06 04:40:00,140.48589656876328,3.0535801153138937,0.9132520019761082,1.7413956242509188,0.27748137152541363,2.6695233,1.0,2.6,0.4,0.5407735200617723,0.6155331022780173,0.9508014303733456,1.3353744793128255,1.8664126017577143
2023-10-06 04:45:00,140.48576470756043,2.809853362779771,0.8868256132628338,1.5459062252637001,0.27576349042559073,2.6695233,1.0,2.6,0.4,0.5317527620990793,0.5795248053362341,0.8771220211578318,1.2064928512013653,1.6235134739200658
2023-10-06 04:50:00,140.4856987769605,2.3739543641428846,0.7687927776773862,1.3074363788795778,0.27748092139987135,2.6695233,1.0,2.6,0.4,0.5317527620990793,0.5795248053362341,0.8771220211578318,1.2064928512013653,1.6235134739200658
2023-10-06 04:55:00,140.48556691576377,2.0351527055752907,0.6427614355028873,1.1779073957152788,0.2774806963382809,2.6695233,1.0,2.6,0.4,0.5317527620990793,0.5795248053362341,0.8771220211578318,1.2064928512013653,1.6235134739200658
2023-10-06 05:00:00,140.48536912397626,1.9620082410355,0.597442883768362,1.1781373087387552,0.2664959361128003,2.6695233,0.01772004514666935,0.06438136376312636,0.4,0.5265216044950103,0.5654166605256693,0.8498118379970945,1.1948707043023525,1.6222379603498371
2023-10-06 05:05:00,141.13483434063346,2.104046721090384,0.6529500101983662,1.2271020842589362,0.2625687606437894,2.6695233,1.0,2.6,0.4,0.5265216044950103,0.5654166605256693,0.8498118379970945,1.1948707043023525,1.6222379603498371
2023-10-06 05:10:00,141.13470245964982,2.640374358138813,0.781883428728994,1.5420939735462396,0.4166666666666667,2.6695233,1.0,2.6,0.4,0.5265216044950103,0.5654166605256693,0.8498118379970945,1.1948707043023525,1.6222379603498371
2023-10-06 05:15:00,140.48503947101722,2.6896480953719912,0.6836119731268612,1.742289341112699,0.2625685532960075,2.6695233,1.0,2.6,0.4,0.5228852646613786,0.5550504481576427,0.835066368619884,1.157032410954853,1.5298444365359505
2023-10-06 05:20:00,140.4849076098407,2.722476528927051,0.7067424973267082,1.7379453780568574,0.2625684435242954,2.6695233,1.0,2.6,0.4,0.5228852646613786,0.5550504481576427,0.835066368619884,1.157032410954853,1.5298444365359505
2023-10-06 05:25:00,141.1343068167228,2.373134316115004,0.6555559948974355,1.4794416545350966,0.2757618233210731,2.6695233,1.0,2.6,0.4,0.5228852646613786,0.5550504481576427,0.835066368619884,1.157032410954853,1.5298444365359505
2023-10-06 05:30:00,141.1341749357551,2.2666282471335704,0.6479458229727106,1.3890409287128451,0.262568236178943,2.6695233,0.01772004514666935,0.0572796648034885,0.4,0.5225935322982863,0.5520470994398938,0.8308897399775736,1.1451480253661535,1.5321540392532338
2023-10-06 05:35:00,141.13404305479145,2.3155835642835156,0.6734391404908133,1.396519557876187,0.2625681264085172,2.6695233,1.0,2.6,0.4,0.5225935322982863,0.5520470994398938,0.8308897399775736,1.1451480253661535,1.5321540392532338
2023-10-06 05:40:00,141.13391117383173,2.0138063549018224,0.6201534465499713,1.1920974179772477,0.2774787054431037,2.6695233,1.0,2.6,0.4,0.5225935322982863,0.5520470994398938,0.8308897399775736,1.1451480253661535,1.5321540392532338
2023-10-06 05:45:00,141.13384523335338,2.3439991463065484,0.7326315515550909,1.333391502775826,0.26937982421263246,2.6695233,1.0,2.6,0.4,0.5225935322982863,0.5491165632176833,0.8213349134183936,1.089918460252876,1.3839566467198314
2023-10-06 05:50:00,142.4330645401009,2.3602602512073068,0.7611778629445303,1.3058853481782347,0.27409130221835204,2.6695233,1.0,2.6,0.4,0.5225935322982863,0.5491165632176833,0.8213349134183936,1.089918460252876,1.3839566467198314
2023-10-06 05:55:00,143.73272667295026,2.274218550765686,0.6786164232986063,1.3491063334736224,0.2774780302839426,2.6695233,1.0,2.6,0.4,0.5225935322982863,0.5491165632176833,0.8213349134183936,1.089918460252876,1.3839566467198314
2023-10-06 06:00:00,143.7325287367328,2.2250752785992725,0.6101559123417826,1.4081022334549367,0.2664943054036725,2.6695233,0.018681541692269404,0.056098484828023654,0.4,0.5200471132503285,0.54230987451825,0.8086691288778125,1.1259690271050975,1.522957648787385
2023-10-06 06:05:00,143.73246275799553,2.560945405653959,0.7404619951846984,1.5290277925410254,0.270899361938787,2.6695233,1.0,2.6,0.4,0.5200471132503285,0.54230987451825,0.8086691288778125,1.1259690271050975,1.522957648787385
2023-10-06 06:10:00,143.08235436738582,2.816088322760208,0.7872909233033522,1.703814989039012,0.2724699765161732,2.6695233,1.0,2.6,0.4,0.5200471132503285,0.54230987451825,0.8086691288778125,1.1259690271050975,1.522957648787385
2023-10-06 06:15:00,143.08222242866245,2.754135851197149,0.7742689379178446,1.663768369750455,0.2724697861162985,2.6695233,1.0,2.6,0.4,0.5163729272531626,0.5388886712485242,0.8113890312297795,1.0863702177434726,1.3891493800164185
2023-10-06 06:20:00,143.73206688559176,3.2001118236447983,0.9215127796285492,1.8714044056229682,0.2638215093777937,2.6695233,1.0,2.6,0.4,0.5163729272531626,0.5388886712485242,0.8113890312297795,1.0863702177434726,1.3891493800164185
2023-10-06 06:25:00,143.08202452058455,3.315932695268596,0.9162313697167747,1.9927302409139946,0.2774766972981935,2.6695233,1.0,2.6,0.4,0.5163729272531626,0.5388886712485242,0.8113890312297795,1.0863702177434726,1.3891493800164185
2023-10-06 06:30:00,142.43200918229672,3.046830664695172,0.8555166945835821,1.8232496887781915,0.26790976708206055,2.6695233,0.01772004514666935,0.0608276253029822,0.4,0.5123904761019666,0.5320939766620179,0.8046928358075521,1.12390791437733,1.5263931341564663
2023-10-06 06:35:00,142.43187726258867,3.1500974566026074,0.8845324001473244,1.879358964222524,0.4166666666666667,2.6695233,1.0,2.6,0.4,0.5123904761019666,0.5320939766620179,0.8046928358075521,1.12390791437733,1.5263931341564663
2023-10-06 06:40:00,141.78202217841994,3.0465925139657903,0.8634486851633871,1.8108193457481419,0.26382105055419297,2.6695233,1.0,2.6,0.4,0.5123904761019666,0.5320939766620179,0.8046928358075521,1.12390791437733,1.5263931341564663
2023-10-06 06:45:00,141.7818902779816,2.7369448437095736,0.7302335662048526,1.7153263104817198,0.2679093224347868,2.6695233,1.0,2.6,0.4,0.8333333333333334,0.5189614629237898,0.7835421111848424,1.0811664996659858,1.4249056109090175
2023-10-06 06:50:00,141.7818243277639,3.124919548200634,0.8292955592907161,1.940047769786429,0.265129885663309,2.6695233,1.0,2.6,0.4,0.8333333333333334,0.5189614629237898,0.7835421111848424,1.0811664996659858,1.4249056109090175
2023-10-06 06:55:00,141.78169242733145,3.6843209846841143,0.8740401247580833,2.420650269335663,0.26382070644110106,2.6695233,1.0,2.6,0.4,0.8333333333333334,0.5189614629237898,0.7835421111848424,1.0811664996659858,1.4249056109090175
2023-10-06 07:00:00,141.78156052690295,3.2695380309340374,0.7822306154862914,2.1554972088781916,0.2625663579463606,2.6695233,0.018681541692269404,0.07863841300535,0.4,0.8333333333333334,0.5153882032022076,0.7804844649318781,1.0923187492668978,1.602031210682239
2023-10-06 07:05:00,141.13173513857305,2.6664676166633523,0.6457031854647238,1.779708350137695,0.2613676277687957,2.6695233,1.0,2.6,0.4,0.8333333333333334,0.5153882032022076,0.7804844649318781,1.0923187492668978,1.602031210682239
2023-10-06 07:10:00,141.13166919812764,2.518331440040983,0.6431818022801102,1.639352463930562,0.4166666666666667,2.6695233,1.0,2.6,0.4,0.8333333333333334,0.5153882032022076,0.7804844649318781,1.0923187492668978,1.602031210682239
2023-10-06 07:15:00,141.13153731723983,2.8640475767468168,0.7640459839043968,1.7864961394317285,0.26136742990342576,2.6695233,1.0,2.6,0.4,0.8333333333333334,0.5117430996115141,0.7721456857355353,1.6666666666666667,1.3865424623862048
2023-10-06 07:20:00,141.13140543635598,2.694930459934459,0.7148492665595428,1.698450434032327,0.4166666666666667,2.6695233,1.0,2.6,0.4,0.8333333333333334,0.5117430996115141,0.7721456857355353,1.6666666666666667,1.3865424623862048
2023-10-06 07:25:00,140.48167701228044,3.198562604619731,0.8267823092394216,2.016110304509181,0.4166666666666667,2.6695233,1.0,2.6,0.4,0.8333333333333334,0.5117430996115141,0.7721456857355353,1.6666666666666667,1.3865424623862048
2023-10-06 07:30:00,140.48154515120714,3.161199585728879,0.8478128917915138,1.9468680283562494,0.4166666666666667,2.6695233,0.018681541692269404,0.07031472107603072,0.4,0.8333333333333334,0.512609988197655,0.7772489948530007,1.0893227253665463,1.4649901023556438
2023-10-06 07:35:00,140.481479220672,2.7357629290782643,0.6943100192703372,1.7704233677939898,0.2638197888255017,2.6695233,1.0,2.6,0.4,0.8333333333333334,0.512609988197655,0.7772489948530007,1.0893227253665463,1.4649901023556438
2023-10-06 07:40:00,141.1308779128605,2.768609139668312,0.6943258536535492,1.8024655337409325,0.2638196741255269,2.6695233,1.0,2.6,0.4,0.8333333333333334,0.512609988197655,0.7772489948530007,1.0893227253665463,1.4649901023556438
2023-10-06 07:45:00,140.48121549854162,3.2643232526870642,0.805884475753442,2.1132874080580804,0.2625654188789548,2.6695233,1.0,2.6,0.4,0.8333333333333334,0.5128313562956149,0.7801532157211172,1.0488909619212095,2.0833333333333335
2023-10-06 07:50:00,140.48101770695445,3.251782030294489,0.7459766241627654,2.19515633260536,0.26381944472689417,2.6695233,1.0,2.6,0.4,0.8333333333333334,0.5128313562956149,0.7801532157211172,1.0488909619212095,2.0833333333333335
2023-10-06 07:55:00,140.48088584590135,2.521379840745605,0.6509380402657916,1.6300605103562535,0.26512825154014674,2.6695233,1.0,2.6,0.4,0.8333333333333334,0.5128313562956149,0.7801532157211172,1.0488909619212095,2.0833333333333335
2023-10-06 08:00:00,140.48081991537637,2.4309750603179934,0.6662317300528033,1.5185512701407866,0.26256510179861964,2.6695233,0.019646882704388503,0.07269112738154498,0.0116619037896906,0.8333333333333334,0.5234739726099092,0.8046928358075521,1.156278621267383,1.6664045127159253
2023-10-06 08:05:00,140.48068805432936,3.803071058767321,1.0656657199412085,2.241115044137764,0.2724657561517901,2.6695233,1.0,2.6,0.4,0.8333333333333334,0.5234739726099092,0.8046928358075521,1.156278621267383,1.6664045127159253
2023-10-06 08:10:00,140.48055619328645,3.7572623831488414,1.0069187696347066,2.2864015576864087,0.2651278795559167,2.6695233,1.0,2.6,0.4,0.8333333333333334,0.5234739726099092,0.8046928358075521,1.156278621267383,1.6664045127159253
2023-10-06 08:15:00,142.42930482905814,2.9782202249892973,0.8532168211482174,1.759974185551752,0.4166666666666667,2.6695233,1.0,2.6,0.4,0.5107014783608914,0.5411552457474658,0.8442356069249863,1.2166548401251687,1.7258621034138273
2023-10-06 08:20:00,141.7795160707647,4.176854910307994,1.2457273031692295,2.3332872952976738,0.2724652167318059,2.6695233,1.0,2.6,0.4,0.5107014783608914,0.5411552457474658,0.8442356069249863,1.2166548401251687,1.7258621034138273
2023-10-06 08:25:00,140.4801606101819,5.197429115803176,1.5815765430710287,2.8277874232077345,0.27246502634963976,2.6695233,1.0,2.6,0.4,0.5107014783608914,0.5411552457474658,0.8442356069249863,1.2166548401251687,1.7258621034138273
2023-10-06 08:30:00,141.12955910440127,4.592903715416305,1.345678649788682,2.590675305200291,0.26937457887156596,2.6695233,0.019646882704388503,0.07506903489455555,0.0125,0.5132796508726992,0.5462600113499065,0.8537938861341184,1.181905241548577,1.5724554047730575
2023-10-06 08:35:00,168.48331936222462,5.58937119567253,1.7094633242486887,3.020516336488652,0.2774709155757902,2.6695233,1.0,2.6,0.4,0.5132796508726992,0.5462600113499065,0.8537938861341184,1.181905241548577,1.5724554047730575
2023-10-06 08:40:00,143.07846217665698,8.389235721692094,2.6634294788981743,4.344941535400483,0.29075914597687713,2.6695233,1.0,2.6,0.4,0.5132796508726992,0.5462600113499065,0.8537938861341184,1.181905241548577,1.5724554047730575
2023-10-06 08:45:00,161.30683505290958,9.581482571470355,3.3985185681708834,4.409699710938148,0.29282790277582715,2.6695233,1.0,2.6,0.4,0.5171305444469511,0.557681808919746,0.8727960586528791,1.255420646636019,1.851609030006065
2023-10-06 08:50:00,143.07826426874286,9.242425298498476,3.2887456938187047,4.239783786514746,0.2848004032468996,2.6695233,1.0,2.6,0.4,0.5171305444469511,0.557681808919746,0.8727960586528791,1.255420646636019,1.851609030006065
2023-10-06 08:55:00,146.97887661564658,11.297252420972772,3.618170303521017,5.783645248824688,0.2792341173340774,2.6695233,1.0,2.6,0.4,0.5171305444469511,0.557681808919746,0.8727960586528791,1.255420646636019,1.851609030006065
2023-10-06 09:00:00,145.67811902696542,5.922710599510825,1.614303116880488,3.4966986889330505,0.27746980776015834,2.6695233,0.014866068747318507,0.07031472107603072,0.010965856099730654,0.5186945151049893,0.562640204749003,0.8878710717215648,1.2226660418936972,1.6637620022106527
2023-10-06 09:05:00,145.0278057790961,6.762197111018132,2.02865991390948,3.696563359187315,0.28479956229565,2.6695233,1.0,2.6,0.4,0.5186945151049893,0.562640204749003,0.8878710717215648,1.2226660418936972,1.6637620022106527
2023-10-06 09:10:00,141.7781970673066,9.166607270059497,2.762170941803354,4.968174328859991,0.30375542146371565,2.6695233,1.0,2.6,0.4,0.5186945151049893,0.562640204749003,0.8878710717215648,1.2226660418936972,1.6637620022106527
2023-10-06 09:15:00,143.0776045757582,4.600145228362391,1.178570343733797,2.854331203423394,0.2907568846040185,2.6695233,1.0,2.6,0.4,0.5217288567829079,0.5805385430787521,0.9269881552641328,1.3851795010033898,2.0005859141761446
2023-10-06 09:20:00,141.77799921682188,5.550712878090603,1.5898961792071356,3.164907854382175,0.28872853780407504,2.6695233,1.0,2.6,0.4,0.5217288567829079,0.5805385430787521,0.9269881552641328,1.3851795010033898,2.0005859141761446
2023-10-06 09:25:00,143.0772747293018,5.79685158568463,1.6987222149622196,3.242531204442712,0.28872821842755203,2.6695233,1.0,2.6,0.4,0.5217288567829079,0.5805385430787521,0.9269881552641328,1.3851795010033898,2.0005859141761446
2023-10-06 09:30:00,142.4273919948262,5.796729801257813,1.736859222856053,3.184134317346864,0.3014928793575163,2.6695233,1.0,2.6,0.4,0.5231787457456581,0.5883026432033092,0.9449312355933631,1.4521738876594634,2.1522090976482744
2023-10-06 09:35:00,150.88165271421917,5.087291935402493,1.5138841630930615,2.8221945485523605,0.3083819334269169,2.6695233,1.0,2.6,0.4,0.5231787457456581,0.5883026432033092,0.9449312355933631,1.4521738876594634,2.1522090976482744
2023-10-06 09:40:00,142.42712815568586,6.0428213489481895,1.889542668397599,3.1950405623741536,0.3308213454730801,2.6695233,1.0,2.6,0.4,0.5231787457456581,0.5883026432033092,0.9449312355933631,1.4521738876594634,2.1522090976482744
2023-10-06 09:45:00,145.02681582365128,8.646961349199202,2.858211490629453,4.304053490096903,0.35267759872728194,2.6695233,1.0,2.6,0.4,0.5258982791377055,0.5825813247950882,0.9185990202476814,1.3554427320989995,1.9235238496051978
2023-10-06 09:50:00,151.5321895473752,12.878395958157238,4.272019363323979,6.361464493403749,0.4100237058856309,2.6695233,1.0,2.6,0.4,0.5258982791377055,0.5825813247950882,0.9185990202476814,1.3554427320989995,1.9235238496051978
2023-10-06 09:55:00,150.23027012987987,13.65290747090162,4.618268849195269,6.605041517693105,0.4326226907137301,2.6695233,1.0,2.6,0.4,0.5258982791377055,0.5825813247950882,0.9185990202476814,1.3554427320989995,1.9235238496051978
2023-10-06 10:00:00,152.1829367146207,14.44841450002695,4.79967393700736,7.121650427673219,0.5002647561497365,2.6695233,1.0,0.0953259670813782,0.0145,0.5300716932642225,0.5936328831862332,0.9412934930190476,1.4380967457024578,2.326358527828417
2023-10-06 10:05:00,182.19893011839255,14.037891676967877,4.434168418175137,7.270724388909404,0.5532101055844023,2.6695233,1.0,2.6,0.4,0.5300716932642225,0.5936328831862332,0.9412934930190476,1.4380967457024578,2.326358527828417
2023-10-06 10:10:00,151.5316608923857,10.018741375532095,3.2422945882074714,5.083512953749822,0.5820218125357941,2.6695233,1.0,2.6,0.4,0.5300716932642225,0.5936328831862332,0.9412934930190476,1.4380967457024578,2.326358527828417
2023-10-06 10:15:00,153.48472773523778,12.258088053895328,4.077013263520596,6.040697438392072,0.6665325361801019,2.6695233,1.0,2.6,0.4,0.5287570330501524,0.5877763179986073,0.9220764393476281,1.46308714709685,2.279327971135352
2023-10-06 10:20:00,149.57883586281824,13.183278460422066,4.3270377957817105,6.581565829590657,0.7038831574957816,2.6695233,1.0,2.6,0.4,0.5287570330501524,0.5877763179986073,0.9220764393476281,1.46308714709685,2.279327971135352
2023-10-06 10:25:00,148.92801151072067,11.39542645769159,3.6650615849158985,5.809882967663666,0.7642292154257044,2.6695233,1.0,2.6,0.4,0.5287570330501524,0.5877763179986073,0.9220764393476281,1.46308714709685,2.279327971135352
2023-10-06 10:30:00,147.6268093751964,7.625368987396436,2.4363896852468616,3.9317927092057183,0.8328061042908789,2.6695233,0.01676305461424021,0.11204713293966964,0.01929378138157474,0.5265216044950103,0.5830951894845301,0.9284006893577793,1.3945551261961644,2.0860009587725505
2023-10-06 10:45:00,152.83270350868756,10.319183359756424,3.42351598816415,5.106075577389171,0.8098662442178565,2.6695233,1.0,2.6,0.4,0.5265216044950103,0.5830951894845301,0.9284006893577793,1.3945551261961644,2.0860009587725505
2023-10-06 12:15:00,146.32317317252108,11.936837262859637,4.360251829206555,5.2878890573300925,1.3118124278673575,2.6695233,1.0,2.6,0.4,0.5121728223949412,0.537776905417107,0.8233032005282137,1.2518023006848964,2.214516651551756
2023-10-06 12:20:00,147.62383792271214,8.534325105297022,2.918940046723701,4.099399285223969,1.0999193627724406,2.6695233,1.0,2.6,0.4,0.5121728223949412,0.537776905417107,0.8233032005282137,1.2518023006848964,2.214516651551756
2023-10-06 12:25:00,146.97326460577528,9.630342806860304,3.2398856585952123,4.700328304483565,1.111638110107692,2.6695233,1.0,2.6,0.4,0.5121728223949412,0.537776905417107,0.8233032005282137,1.2518023006848964,2.214516651551756
2023-10-06 12:30:00,152.82986131510793,13.14642678805366,4.505918268821768,6.271424692099668,1.2213449242761938,2.6695233,0.013928388277184121,0.10965691952631171,0.0145,0.5163729272531626,0.5454576060520194,0.835594734306051,1.1555262870224978,1.5402921800749363
2023-10-06 12:35:00,167.17079197290232,13.887438218938314,4.766998593266306,6.6117596359393325,1.3393685126082768,2.6695233,1.0,2.6,0.4,0.5163729272531626,0.5454576060520194,0.835594734306051,1.1555262870224978,1.5402921800749363
2023-10-06 12:40:00,165.8655873954006,9.822448365906766,3.1795614609224487,4.983768435369064,1.1781755641976845,2.6695233,1.0,2.6,0.4,0.5163729272531626,0.5454576060520194,0.835594734306051,1.1555262870224978,1.5402921800749363
2023-10-06 12:45:00,185.4629105402624,11.349997147034832,3.728546435479412,5.667569031571365,1.2566920394519596,2.6695233,1.0,2.6,0.4,0.5163729272531626,0.5454576060520194,0.835594734306051,1.1555262870224978,1.5402921800749363
2023-10-06 13:00:00,174.3515880983187,15.080254064324771,4.827514136850434,7.709843225555154,1.667609647456304,2.6695233,0.013000000000000001,0.10129481724155484,0.015620499351813309,0.5189614629237898,0.5815573918367817,0.9158358804938798,2.0081887983952105,4.293968327782588
2023-10-06 13:05:00,160.6472806808463,17.417076643809747,6.276388122705748,7.827816089113088,1.7747656993447372,2.6695233,1.0,2.6,0.4,0.5189614629237898,0.5815573918367817,0.9158358804938798,2.0081887983952105,4.293968327782588
2023-10-06 13:10:00,176.96438185230411,14.06240436050531,4.959462342171269,6.492241667206501,1.501227125847787,2.6695233,1.0,2.6,0.4,0.5189614629237898,0.5815573918367817,0.9158358804938798,2.0081887983952105,4.293968327782588
2023-10-06 13:15:00,170.43308868268193,14.2507082949846,4.907248300323927,6.759911650572195,1.8144749499365191,2.6695233,1.0,2.6,0.4,0.5132796508726992,0.537776905417107,0.819874039106008,1.2383982598501986,1.8020277467342172
2023-10-06 13:20:00,175.00414726614753,12.40406379941635,4.349402167771052,5.77015453656572,2.005359507964946,2.6695233,1.0,2.6,0.4,0.5132796508726992,0.537776905417107,0.819874039106008,1.2383982598501986,1.8020277467342172
2023-10-06 13:25:00,171.73855562215084,16.20196900943877,5.6577430626453555,7.560375540813915,2.284233845471052,2.6695233,1.0,2.6,0.4,0.5132796508726992,0.537776905417107,0.819874039106008,1.2383982598501986,1.8020277467342172
2023-10-06 13:30:00,158.03931544879148,14.886836829002036,5.18489616482033,6.970406649792431,2.0929357265044035,2.6695233,0.015811388300841896,0.11682876358157693,0.01680029761641144,0.5102979521808804,0.5281098370604357,0.796714152001833,1.2226660418936972,2.092411049483347
2023-10-06 13:35:00,155.43298364901258,10.285584079764362,3.525492078169043,4.916910487584542,1.647733221800074,2.6695233,1.0,2.6,0.4,0.5102979521808804,0.5281098370604357,0.796714152001833,1.2226660418936972,2.092411049483347
2023-10-06 13:40:00,152.82794448770034,13.320479134610121,4.445611865840854,6.537226857334493,1.4300423914154388,2.6695233,1.0,2.6,0.4,0.5102979521808804,0.5281098370604357,0.796714152001833,1.2226660418936972,2.092411049483347
2023-10-06 13:45:00,154.78133177801564,9.01745605371117,2.9356120944612965,4.554628675830945,1.2880961620913094,2.6695233,1.0,2.6,0.4,0.5109060579010588,0.5297405025104273,0.80211181265457,1.2366310080213903,2.0620620747203513
2023-10-06 13:50:00,154.78126565774372,8.854174267929086,3.006926087301268,4.283315125516772,1.146768415816652,2.6695233,1.0,2.6,0.4,0.5109060579010588,0.5297405025104273,0.80211181265457,1.2366310080213903,2.0620620747203513
2023-10-06 13:55:00,154.12981950412595,14.387858105669856,5.03650964040309,6.699234572549495,1.158511501384791,2.6695233,1.0,2.6,0.4,0.5109060579010588,0.5297405025104273,0.80211181265457,1.2366310080213903,2.0620620747203513
2023-10-06 14:00:00,152.82734961036343,8.828827176381376,2.8177569651880887,4.546807359694987,1.1741792671261169,2.6695233,0.015811388300841896,0.11922013252802564,0.01680029761641144,0.5115310352266028,0.5304045625746445,0.8073298210768632,1.1407896388028775,1.6324827717314507
2023-10-06 14:05:00,150.22353142444385,8.996039830453034,3.067303382503869,4.332351133932623,1.1154574342120542,2.6695233,1.0,2.6,0.4,0.5115310352266028,0.5304045625746445,0.8073298210768632,1.1407896388028775,1.6324827717314507
2023-10-06 14:10:00,157.38651885804,9.200909578113773,3.1605812720035735,4.393903676300804,1.1154531568651502,2.6695233,1.0,2.6,0.4,0.5115310352266028,0.5304045625746445,0.8073298210768632,1.1407896388028775,1.6324827717314507
2023-10-06 14:15:00,174.3492010230909,15.75253327128001,5.523111375807751,7.317523962050416,1.2526686578206385,2.6695233,1.0,2.6,0.4,0.8333333333333334,0.5195007218474291,0.7831956077507074,1.1266592208826944,1.5640012787718558
2023-10-06 14:20:00,160.64503043427965,24.125525110858593,8.284283014550569,11.458361817331669,1.7508299151843059,2.6695233,1.0,2.6,0.4,0.8333333333333334,0.5195007218474291,0.7831956077507074,1.1266592208826944,1.5640012787718558
2023-10-06 14:25:00,155.43159496785754,20.401394452488343,6.8925169627000376,9.866241589884883,2.0928394637209444,2.6695233,1.0,2.6,0.4,0.8333333333333334,0.5195007218474291,0.7831956077507074,1.1266592208826944,1.5640012787718558
2023-10-06 14:30:00,163.2530531180201,15.827524265761848,5.1492750839171935,7.963927407968519,1.7825827331711637,2.6695233,0.02061552812808831,0.1383618444514238,0.018027756377319945,0.8333333333333334,0.5195007218474291,0.7878308447883975,1.1118435141691478,1.5161345586721517
2023-10-06 14:35:00,149.5719658802165,14.717634864507836,4.893662813721978,7.246688761845844,1.6040522225662415,2.6695233,1.0,2.6,0.4,0.8333333333333334,0.5195007218474291,0.7878308447883975,1.1118435141691478,1.5161345586721517
2023-10-06 14:40:00,154.12856336164768,13.130512744530225,4.209458794991479,6.708659014109569,1.5011153922752634,2.6695233,1.0,2.6,0.4,0.8333333333333334,0.5195007218474291,0.7878308447883975,1.1118435141691478,1.5161345586721517
2023-10-06 14:45:00,149.57163559281986,11.02043942348238,3.575074029935411,5.573490913196184,1.3313450038123364,2.6695233,1.0,2.6,0.4,0.8333333333333334,0.5176446657698697,0.7852998408251463,1.137199300914312,1.6890814071559725
2023-10-06 14:50:00,154.12829891063487,10.886371268411636,3.665684131786571,5.301435351181772,1.1506277245223397,2.6695233,1.0,2.6,0.4,0.8333333333333334,0.5176446657698697,0.7852998408251463,1.137199300914312,1.6890814071559725
2023-10-06 14:55:00,156.0821949545345,10.036650151432328,3.654714928496848,4.471975231001225,1.0490678301858938,2.6695233,1.0,2.6,0.4,0.8333333333333334,0.5176446657698697,0.7852998408251463,1.137199300914312,1.6890814071559725
2023-10-06 15:00:00,149.5713053054442,17.661136525961656,5.872356660643625,8.689262317395851,1.049063955138529,2.6695233,0.01676305461424021,0.11443775600735973,0.015620499351813309,0.8333333333333334,0.5146688255567846,0.784240167295708,1.0761069881754322,1.4495709710117681
2023-10-06 15:05:00,143.06850082235223,11.442703231507272,3.890889872284848,5.511995758451823,0.9597127408884539,2.6695233,1.0,2.6,0.4,0.8333333333333334,0.5146688255567846,0.784240167295708,1.0761069881754322,1.4495709710117681
2023-10-06 15:10:00,142.4185533920841,6.2059466043897755,2.0734166309142954,3.0765661708846155,0.8326253222313716,2.6695233,1.0,2.6,0.4,0.8333333333333334,0.5146688255567846,0.784240167295708,1.0761069881754322,1.4495709710117681
2023-10-06 15:15:00,144.3680795752718,5.704799536395705,1.975118176305977,2.7305104390036297,0.7602714553487318,2.6695233,1.0,2.6,0.4,0.8333333333333334,0.5113208386130962,0.7753903790994573,1.0549388607876762,1.4546600977547985
2023-10-06 15:20:00,143.71794745876872,5.8215551903159,2.1882297899058902,2.5230377187853983,0.7413577410656004,2.6695233,1.0,2.6,0.4,0.8333333333333334,0.5113208386130962,0.7753903790994573,1.0549388607876762,1.4546600977547985
2023-10-06 15:25:00,143.71781550171286,5.700381596809008,1.934206603636389,2.788235268214464,0.6515367474341351,2.6695233,1.0,2.6,0.4,0.8333333333333334,0.5113208386130962,0.7753903790994573,1.0549388607876762,1.4546600977547985
2023-10-06 15:30:00,142.41809167450964,5.366435002880002,1.8551117152814776,2.578774035446859,0.6146865299430336,2.6695233,0.01676305461424021,0.10368336414295207,0.0125,0.8333333333333334,0.5128313562956149,0.7785226008280042,1.134354552157305,1.9098785301688692
2023-10-06 15:35:00,143.7176175661361,4.495158860941818,1.6671691383668321,2.0078502074507627,0.585515275009537,2.6695233,1.0,2.6,0.4,0.8333333333333334,0.5128313562956149,0.7785226008280042,1.134354552157305,1.9098785301688692
2023-10-06 15:40:00,142.4178278359171,4.8241305688653,1.7243436632038234,2.243440796369121,0.5459408746714892,2.6695233,1.0,2.6,0.4,0.8333333333333334,0.5128313562956149,0.7785226008280042,1.134354552157305,1.9098785301688692
2023-10-06 15:45:00,141.11841518886223,4.911533422543675,1.65087551416171,2.4403462759546346,0.514113170489415,2.6695233,1.0,2.6,0.4,0.8333333333333334,0.512609988197655,0.7775648140187414,1.0628264204469138,1.3721720008803562
2023-10-06 15:50:00,141.76790885384904,4.778045937987491,1.6508905641702636,2.309130007214656,0.5071165088817127,2.6695233,1.0,2.6,0.4,0.8333333333333334,0.512609988197655,0.7775648140187414,1.0628264204469138,1.3721720008803562
2023-10-06 15:55:00,141.11821736813388,4.6612686602737705,1.5394714460184569,2.3630697048050213,0.5071151203004952,2.6695233,1.0,2.6,0.4,0.8333333333333334,0.512609988197655,0.7775648140187414,1.0628264204469138,1.3721720008803562
2023-10-06 16:00:00,141.11801954741452,4.373816187045409,1.4282719783967839,2.2492695798247766,0.4966796192281707,2.6695233,0.014866068747318507,0.10129481724155484,0.0116619037896906,0.8333333333333334,0.5197730273879168,0.7896884448945672,1.12186106537307,1.5344705927452635
2023-10-06 16:05:00,141.11788766693994,4.302941701982016,1.3606041041024872,2.2823523985944796,0.46246091649260257,2.6695233,1.0,2.6,0.4,0.8333333333333334,0.5197730273879168,0.7896884448945672,1.12186106537307,1.5344705927452635
2023-10-06 16:10:00,140.46829313398848,3.9243715582652214,1.341688566130724,1.940487769259015,0.4457195734431821,2.6695233,1.0,2.6,0.4,0.8333333333333334,0.5197730273879168,0.7896884448945672,1.12186106537307,1.5344705927452635
2023-10-06 16:15:00,141.11768984623555,3.6003373388227167,1.2175603125669123,1.812086191775643,0.41632552433584535,2.6695233,1.0,2.6,0.4,0.8333333333333334,0.520322976621252,0.7927460122889298,1.073905140131101,1.3839566467198314
2023-10-06 16:20:00,141.11755796577097,3.6832230580181617,1.1798963275921426,1.9495638934711461,0.44240213626937697,2.6695233,1.0,2.6,0.4,0.8333333333333334,0.520322976621252,0.7927460122889298,1.073905140131101,1.3839566467198314
2023-10-06 16:25:00,139.81859909473425,3.0492186064024644,0.9499439767446751,1.6814168899357913,0.41632325906458106,2.6695233,1.0,2.6,0.4,0.8333333333333334,0.520322976621252,0.7927460122889298,1.073905140131101,1.3839566467198314
2023-10-06 16:30:00,139.81846725416298,2.8179022069764956,0.8495188185949871,1.6102132314734559,0.4036083418680363,2.6695233,0.015811388300841896,0.11204713293966964,0.01345362404707371,0.8333333333333334,0.5223035515866229,0.7896884448945672,1.1034592199080127,1.4733974345029925
2023-10-06 16:35:00,139.81826949331372,2.8961637109486444,1.0031785803766247,1.4544471157014311,0.3942313973931427,2.6695233,1.0,2.6,0.4,0.8333333333333334,0.5223035515866229,0.7896884448945672,1.1034592199080127,1.4733974345029925
2023-10-06 16:40:00,139.8181376527527,3.235004355081016,1.1047751966001906,1.6278775742879117,0.3612020086713334,2.6695233,1.0,2.6,0.4,0.8333333333333334,0.5223035515866229,0.7896884448945672,1.1034592199080127,1.4733974345029925
2023-10-06 16:45:00,139.81807173247373,5.097677750449723,1.7490466486526641,2.474792288561682,0.3880602699490977,2.6695233,1.0,2.6,0.4,0.5100990099970789,0.5265216044950103,0.8016871210141772,1.0840397824803294,1.395313584826006
2023-10-06 16:50:00,139.81793989191883,3.019695754973587,0.965962314097557,1.6286756836627132,0.39422837398004024,2.6695233,1.0,2.6,0.4,0.5100990099970789,0.5265216044950103,0.8016871210141772,1.0840397824803294,1.395313584826006
2023-10-06 16:55:00,139.81780805136808,3.3920390395609172,1.021908400771993,1.9053069598750418,0.3699779015841266,2.6695233,1.0,2.6,0.4,0.5100990099970789,0.5265216044950103,0.8016871210141772,1.0840397824803294,1.395313584826006
2023-10-06 17:00:00,139.8176762108214,3.2510863784181874,1.003257382972089,1.7963951754215712,0.37294346120858707,2.6695233,1.0,2.6,0.4,0.5121728223949412,0.5370437598557496,0.8233032005282137,1.1883450677307497,1.6350584087426356
2023-10-06 17:05:00,139.81754437027882,3.259247208984451,0.9926164987969534,1.820497959903223,0.36410339447612305,2.6695233,1.0,2.6,0.4,0.5121728223949412,0.5370437598557496,0.8233032005282137,1.1883450677307497,1.6350584087426356
2023-10-06 17:10:00,139.81741252974038,3.6197670104491873,1.1692970214576894,1.9037331829788606,0.3759274988257649,2.6695233,1.0,2.6,0.4,0.5121728223949412,0.5370437598557496,0.8233032005282137,1.1883450677307497,1.6350584087426356
2023-10-06 17:15:00,139.81728068920606,2.944751340681974,0.981999266707379,1.53247401985043,0.3699744603041198,2.6695233,1.0,2.6,0.4,0.5141984052872977,0.5419234263251589,0.835594734306051,1.1859200015178089,1.6083046974998239
2023-10-06 17:20:00,140.46657894569339,2.266379730380592,0.721894692754141,1.2761141882265672,0.34423025161900256,2.6695233,1.0,2.6,0.4,0.5141984052872977,0.5419234263251589,0.835594734306051,1.1859200015178089,1.6083046974998239
2023-10-06 17:25:00,140.46644708508362,1.675057925105316,0.4804723116170368,1.0919376612149103,0.3204902753377877,2.6695233,1.0,2.6,0.4,0.5141984052872977,0.5419234263251589,0.835594734306051,1.1859200015178089,1.6083046974998239
2023-10-06 17:30:00,142.41499157202833,2.164103516055363,0.6097793420377551,1.3503339084628212,0.3469981156777851,2.6695233,1.0,0.06675327707311456,0.01345362404707371,0.5206006146750117,0.547883199231369,0.833489628009851,1.1859200015178089,1.6783622970026464
2023-10-06 17:35:00,142.4147936932194,2.021593316691181,0.5186086222756576,1.35873302926526,0.32301385957103407,2.6695233,1.0,2.6,0.4,0.5206006146750117,0.547883199231369,0.833489628009851,1.1859200015178089,1.6783622970026464
2023-10-06 17:40:00,141.11551381908032,2.049907803975243,0.5186237115533847,1.3859097696682203,0.3230133037191557,2.6695233,1.0,2.6,0.4,0.5206006146750117,0.547883199231369,0.833489628009851,1.1859200015178089,1.6783622970026464
2023-10-06 17:45:00,141.1153819386816,2.7790247257061083,0.8550173370059637,1.5643576928453427,0.32301274786870626,2.6695233,1.0,2.6,0.4,0.5179044313384469,0.5450587124338074,0.8268034833018061,1.2840678525685472,2.097225786604771
2023-10-06 17:50:00,140.46578778209567,3.349289799840365,1.0942751449749955,1.7540896422743109,0.34699526564925215,2.6695233,1.0,2.6,0.4,0.5179044313384469,0.5450587124338074,0.8268034833018061,1.2840678525685472,2.097225786604771
2023-10-06 17:55:00,140.46565592151023,3.5398621359335176,1.0648436928916853,1.9842629305005766,0.3307615900096953,2.6695233,1.0,2.6,0.4,0.5179044313384469,0.5450587124338074,0.8268034833018061,1.2840678525685472,2.097225786604771
2023-10-06 18:00:00,140.46545813063966,2.285882994648654,0.5552069230498587,1.5544398060837674,0.30600632710086995,2.6695233,0.014866068747318507,0.04903060268852505,0.0116619037896906,0.5195007218474291,0.5482928049865328,0.8303739880318988,1.2313578886741254,1.8106904760339355
2023-10-06 18:05:00,141.11478847693684,2.2449000880390573,0.5235276834705397,1.5664750188095273,0.3037108273924465,2.6695233,1.0,2.6,0.4,0.5195007218474291,0.5482928049865328,0.8303739880318988,1.2313578886741254,1.8106904760339355
2023-10-06 18:10:00,143.0636850761173,2.351108525564581,0.5700283958949057,1.5937679939360987,0.3155287537492008,2.6695233,1.0,2.6,0.4,0.5195007218474291,0.5482928049865328,0.8303739880318988,1.2313578886741254,1.8106904760339355
2023-10-06 18:15:00,141.76414970490907,2.2528367571345815,0.5725180012881705,1.4945129219075934,0.3083351717791983,2.6695233,1.0,2.6,0.4,0.535956154923143,0.5720874059092719,0.8649211755992565,1.1932313271113861,1.5846690506222427
2023-10-06 18:20:00,141.11445877600246,2.6916926076708645,0.8078890960490736,1.5518568634320682,0.3155277556816141,2.6695233,1.0,2.6,0.4,0.535956154923143,0.5720874059092719,0.8649211755992565,1.1932313271113861,1.5846690506222427
2023-10-06 18:25:00,141.11426095545386,3.9252770994506774,1.3177799532270693,1.9773916954560469,0.3106986753731209,2.6695233,1.0,2.6,0.4,0.535956154923143,0.5720874059092719,0.8649211755992565,1.1932313271113861,1.5846690506222427
2023-10-06 18:30:00,141.1141950152729,7.97303215426014,2.5636623586033225,4.083214200213462,0.33606379587742213,2.6695233,0.01676305461424021,0.05491812087098392,0.0116619037896906,0.5208800245737976,0.5550504481576427,0.8578397053063003,1.179512717184516,1.5568185507630616
2023-10-06 18:35:00,141.11406313491418,6.526710689736952,2.054884242083829,3.4227144240987384,0.3230072399733055,2.6695233,1.0,2.6,0.4,0.5208800245737976,0.5550504481576427,0.8578397053063003,1.179512717184516,1.5568185507630616
2023-10-06 18:40:00,149.56529407886987,7.517045407504441,2.63490327839155,3.521681213148948,0.32048226144812103,2.6695233,1.0,2.6,0.4,0.5208800245737976,0.5550504481576427,0.8578397053063003,1.179512717184516,1.5568185507630616
2023-10-06 18:45:00,155.42432092909527,9.495242565775385,3.3258919097429986,4.434639629384599,0.33339516541499975,2.6695233,1.0,2.6,0.4,0.525281829116523,0.5687187354044176,0.8758799917796958,1.2081738285528287,1.6133505508723143
2023-10-06 18:55:00,146.3126108083179,8.796337017593109,2.843206167853914,4.475604855802108,0.3360606228174298,0.2809079350512944,1.0,2.6,0.4,0.525281829116523,0.5687187354044176,0.8758799917796958,1.2081738285528287,1.6133505508723143
2023-10-06 19:00:00,142.41261702689803,9.063939140956697,2.9227175571734465,4.62059451479382,0.3333933175853052,0.2844228283303421,0.015811388300841896,0.09651942809610922,0.0116619037896906,0.5246722786654542,0.5790198614900874,0.9049535678696449,1.3463663134526205,1.9912307751739877
2023-10-06 19:05:00,143.06223375633542,7.177834899132258,2.2380826990191163,3.78969354675676,0.346984612853704,0.2733260268863935,1.0,2.6,0.4,0.5246722786654542,0.5790198614900874,0.9049535678696449,1.3463663134526205,1.9912307751739877
2023-10-06 19:10:00,142.41241914819398,5.9703904731526825,1.8175920490833213,3.233021762204103,0.33875181466522125,0.273323225665194,1.0,2.6,0.4,0.5246722786654542,0.5790198614900874,0.9049535678696449,1.3463663134526205,1.9912307751739877
2023-10-06 19:15:00,142.41228722906283,7.018768963131575,2.221704277882577,3.656673513365237,0.35829360215608314,0.28441149863138454,1.0,2.6,0.4,0.5265216044950103,0.5925571702376067,0.9434732428638344,1.3656134152826707,1.9494912156765416
2023-10-06 19:20:00,143.06190391099514,8.08469133263052,2.5555816916779843,4.206608853415754,0.37590431633566473,0.2880794053987756,1.0,2.6,0.4,0.5265216044950103,0.5925571702376067,0.9434732428638344,1.3656134152826707,1.9494912156765416
2023-10-06 19:25:00,141.76236905652797,8.339672152300738,2.487139668761028,4.5649737042329654,0.37590342243201363,0.2832141988100177,1.0,2.6,0.4,0.5265216044950103,0.5925571702376067,0.9434732428638344,1.3656134152826707,1.9494912156765416
2023-10-06 19:30:00,141.76223715667638,7.996627737268198,2.2217469364212574,4.629386878188837,0.37590252853004846,0.273311976786828,0.014866068747318507,0.10965691952631171,0.0116619037896906,0.5262090839200707,0.5867273642842986,0.9284006893577793,1.2897326273301766,1.7522796580454845
2023-10-06 19:35:00,146.9618425348189,9.19275068262769,2.835088383205262,4.882755562988656,0.3759016346297692,0.27752417333604723,1.0,2.6,0.4,0.5262090839200707,0.5867273642842986,0.9284006893577793,1.2897326273301766,1.7522796580454845
2023-10-06 19:40:00,144.3610848759832,10.427007258842314,3.0571860361399947,5.773506958704837,0.40042769931897915,0.29059303675652126,1.0,2.6,0.4,0.5262090839200707,0.5867273642842986,0.9284006893577793,1.2897326273301766,1.7522796580454845
2023-10-06 19:45:00,146.31129051440476,10.724023474415016,3.529127073709621,5.348205459487538,0.37890396410282967,0.29450342713480393,1.0,2.6,0.4,0.5246722786654542,0.5925571702376067,0.9485929791011527,1.4337908668979586,2.092411049483347
2023-10-06 19:50:00,141.1121508701608,8.309773607592458,2.3831947736612267,4.694188803333329,0.39109999106781085,0.30852023993965794,1.0,2.6,0.4,0.5246722786654542,0.5925571702376067,0.9485929791011527,1.4337908668979586,2.092411049483347
2023-10-06 19:55:00,141.11201898986397,7.456656451350763,2.003229819389817,4.426332636536905,0.37589805904551177,0.28558763358177125,1.0,2.6,0.4,0.5246722786654542,0.5925571702376067,0.9485929791011527,1.4337908668979586,2.092411049483347
2023-10-06 20:00:00,141.11188710957106,5.92741527799302,1.6761247591688064,3.4066531445228048,0.37291201874933455,0.26755974457488857,0.015811388300841896,0.10607242808571886,0.4,0.520322976621252,0.5696744684466735,0.8878710717215648,1.347371144117314,2.0430261868121025
2023-10-06 20:05:00,141.1117552292822,5.030272511835044,1.5755377812564635,2.6718319851327745,0.37589627126349906,0.27228694191039643,1.0,2.6,0.4,0.520322976621252,0.5696744684466735,0.8878710717215648,1.347371144117314,2.0430261868121025
2023-10-06 20:10:00,146.9609182065343,6.407407400393447,2.0360397704858078,3.3331096290234146,0.3758953773750217,0.2808557897699024,1.0,2.6,0.4,0.520322976621252,0.5696744684466735,0.8878710717215648,1.347371144117314,2.0430261868121025
2023-10-06 20:15:00,148.91209366511734,8.221327163205467,2.4325274352186956,4.530638398004349,0.39729583017158476,0.28317747813573096,1.0,2.6,0.4,0.5121728223949412,0.5396378415196621,0.8283251535478082,1.1503009388851249,1.5172672803431833
2023-10-06 20:20:00,145.01011860633483,7.660891312466108,2.287521916671654,4.194500492607037,0.40355963468274364,0.27641437992269213,1.0,2.6,0.4,0.5121728223949412,0.5396378415196621,0.8283251535478082,1.1503009388851249,1.5172672803431833
2023-10-06 20:25:00,148.91189551797265,8.27544090589662,2.4845659295220357,4.504953102986135,0.39418527661378466,0.2797095933624022,1.0,2.6,0.4,0.5121728223949412,0.5396378415196621,0.8283251535478082,1.1503009388851249,1.5172672803431833
2023-10-06 20:30:00,156.072671526384,6.858117480722404,1.7333753500370406,4.24431560597572,0.40355753612743034,0.28927817493203667,0.013928388277184121,0.07031472107603072,0.4,0.8333333333333334,0.5255891931917931,0.8029659021403088,1.109883890323668,1.459799986299493
2023-10-06 20:35:00,150.86361457347144,11.024095216265613,3.188984635893982,6.167494145937506,0.46238572800551675,0.3041157608893331,1.0,2.6,0.4,0.8333333333333334,0.5255891931917931,0.8029659021403088,1.109883890323668,1.459799986299493
2023-10-06 20:40:00,201.15219406307656,13.334748242415245,4.177280294713077,6.961696089170513,0.521036528626927,0.31143345462605715,1.0,2.6,0.4,0.8333333333333334,0.5255891931917931,0.8029659021403088,1.109883890323668,1.459799986299493
2023-10-06 20:45:00,153.4672098725523,12.46380607741989,3.545741234614787,7.0584354172389885,0.47254784939976546,0.30845809907845023,1.0,2.6,0.4,0.8333333333333334,0.5171305444469511,0.7831956077507074,1.058329934377744,1.3585006440925966
2023-10-06 20:50:00,161.9376601471314,10.634485475410509,2.8654346510390862,6.2740015647634975,0.5458270167691766,0.29987334531766907,1.0,2.6,0.4,0.8333333333333334,0.5171305444469511,0.7831956077507074,1.058329934377744,1.3585006440925966
2023-10-06 20:55:00,179.56309974993613,12.509601678540399,3.58144817566079,7.049506992335323,0.6145447391346693,0.31750918347687523,1.0,2.6,0.4,0.8333333333333334,0.5171305444469511,0.7831956077507074,1.058329934377744,1.3585006440925966
2023-10-06 21:00:00,241.14712916270045,10.51704499141027,3.3152493055182792,5.468686283080832,0.733622767967173,0.3386088639983307,0.013928388277184121,0.06675327707311456,0.4,0.8333333333333334,0.5144326972500873,0.7856564134531074,1.0990614177560778,1.4776481313222036
2023-10-06 21:05:00,189.3704203480931,5.917473060201677,1.932468380164595,3.0055033597028804,0.7148031331397993,0.2931110981086776,1.0,2.6,0.4,0.8333333333333334,0.5144326972500873,0.7856564134531074,1.0990614177560778,1.4776481313222036
2023-10-06 21:10:00,198.53213534819713,3.933775714221346,1.0841893914243579,2.3413013133785823,0.6550781775387318,0.27967924560144897,1.0,2.6,0.4,0.8333333333333334,0.5144326972500873,0.7856564134531074,1.0990614177560778,1.4776481313222036
2023-10-06 21:15:00,230.64715740318468,3.9835306129212045,0.8267808817446053,2.791065228021022,0.5962764480429376,0.285525754745645,1.0,2.6,0.4,0.8333333333333334,0.8333333333333334,1.25,1.0498001000190464,1.375491184995382
2023-10-06 21:20:00,163.24100295635964,3.8919827494890717,0.7693113657701464,2.7913877978744392,0.5999171097797712,0.29050751891256016,1.0,2.6,0.4,0.8333333333333334,0.8333333333333334,1.25,1.0498001000190464,1.375491184995382
2023-10-06 21:25:00,159.9808449332625,6.8860133886335095,1.728093139370517,4.280205720121081,0.6550711703237951,0.27029452741554577,1.0,2.6,0.4,0.8333333333333334,0.8333333333333334,1.25,1.0498001000190464,1.375491184995382
2023-10-06 21:30:00,143.70831460362416,6.092213462302239,1.8016531560199418,3.3782044111312213,0.6736438871773545,0.26411065365450564,0.013000000000000001,0.06319620241755038,0.0125,0.8333333333333334,0.5104987757086201,0.7747847184863677,1.6666666666666667,2.0833333333333335
2023-10-06 21:35:00,166.5019975058232,3.4185024403472526,1.1325205024240317,1.7635945830044426,0.6218616940481896,0.2732418725982316,1.0,2.6,0.4,0.8333333333333334,0.5104987757086201,0.7747847184863677,1.6666666666666667,2.0833333333333335
2023-10-06 21:40:00,158.02529030826676,4.457182748794852,1.345409115716404,2.457237814395965,0.6402680430559718,0.2807933440685308,1.0,2.6,0.4,0.8333333333333334,0.5104987757086201,0.7747847184863677,1.6666666666666667,2.0833333333333335
2023-10-06 21:45:00,151.51262934713742,6.375832837424079,1.9707903370141235,3.4013210143509607,0.6255310187583829,0.26934008887841154,1.0,2.6,0.4,0.8333333333333334,0.5141984052872977,0.7788452991448301,1.0857849695036306,1.4577379737113252
2023-10-06 21:50:00,146.95821124612615,5.582465726974669,1.68461667482712,3.0515986709701197,0.6145206827259377,0.2666267656751958,1.0,2.6,0.4,0.8333333333333334,0.5141984052872977,0.7788452991448301,1.0857849695036306,1.4577379737113252
2023-10-06 21:55:00,152.81419622773794,5.094305759352914,1.4239401646693648,2.9667296894026394,0.6145184957889503,0.26933521656502035,1.0,2.6,0.4,0.8333333333333334,0.5141984052872977,0.7788452991448301,1.0857849695036306,1.4577379737113252
2023-10-06 22:00:00,146.9579471525073,4.852414395444053,1.3184438464062307,2.8889785476471714,0.5636980554328807,0.26252347143716503,0.012083045973594574,0.053738626703703544,0.0116619037896906,0.8333333333333334,0.5135065724993206,0.7772489948530007,1.063846323488501,1.37632699602965
2023-10-06 22:05:00,148.25864613918287,3.5546159325779754,1.0522598056184251,2.0178836148816597,0.5386834568745854,0.4166666666666667,1.0,2.6,0.4,0.8333333333333334,0.5135065724993206,0.7772489948530007,1.063846323488501,1.37632699602965
2023-10-06 22:10:00,146.3074616640829,2.0720934175013346,0.6739949470451759,1.1656190260512236,0.5174914980278214,0.4166666666666667,1.0,2.6,0.4,0.8333333333333334,0.5135065724993206,0.7772489948530007,1.063846323488501,1.37632699602965
2023-10-06 22:15:00,145.0070827549678,2.21864698131329,0.7279880594734528,1.222141024385839,0.5069908472266189,2.6695233,1.0,2.6,0.4,0.8333333333333334,0.5176446657698697,0.7825076613043479,1.0840397824803294,1.4660341060152728
2023-10-06 22:25:00,145.00675277124088,2.788885792060243,0.8348742001125498,1.604493264020783,0.5000266531279473,0.4166666666666667,1.0,2.6,0.4,0.8333333333333334,0.5176446657698697,0.7825076613043479,1.0840397824803294,1.4660341060152728
2023-10-06 22:30:00,144.35666370353556,2.582951105778335,0.790383372331846,1.473955378407364,0.44894570694577907,0.4166666666666667,0.013000000000000001,0.056098484828023654,0.4,0.8333333333333334,0.5243700983084371,0.796714152001833,1.076661971093992,1.4884098897817093
2023-10-06 22:35:00,143.05682429577976,2.7309640940216418,0.9166470403192626,1.4256594373838885,0.45228027943370047,0.262511128348246,1.0,2.6,0.4,0.8333333333333334,0.5243700983084371,0.796714152001833,1.076661971093992,1.4884098897817093
2023-10-06 22:40:00,141.75735686493923,2.82563522969481,0.9246074718878273,1.5042202876960202,0.45562573784555893,0.4166666666666667,1.0,2.6,0.4,0.8333333333333334,0.5243700983084371,0.796714152001833,1.076661971093992,1.4884098897817093
2023-10-06 22:45:00,142.40687854803056,2.1201037779539273,0.6869001479526569,1.191155633934511,0.42267627824469733,0.4166666666666667,1.0,2.6,0.4,0.5132796508726992,0.5317527620990793,0.806886460414351,1.1158068829327055,1.6299128811074535
2023-10-06 22:50:00,141.7570930655395,1.908963030144042,0.6461087018616758,1.0563330307353347,0.3941562177598715,0.4166666666666667,1.0,2.6,0.4,0.5132796508726992,0.5317527620990793,0.806886460414351,1.1158068829327055,1.6299128811074535
2023-10-06 22:55:00,141.75689521600006,1.5243285204119785,0.519569133314853,0.8955056134046875,0.38798883479761764,0.4166666666666667,1.0,2.6,0.4,0.5132796508726992,0.5317527620990793,0.806886460414351,1.1158068829327055,1.6299128811074535
2023-10-06 23:00:00,141.75682926615553,1.5797423761399896,0.5341159456509309,0.9232706677337503,0.391062619233211,0.4166666666666667,0.013000000000000001,0.07506903489455555,0.4,0.5200471132503285,0.5450587124338074,0.8268034833018061,1.1451480253661535,1.512747169886627
2023-10-06 23:05:00,141.7566973664695,1.9977161663882892,0.6436187780003297,1.1417553592110854,0.3699146392734813,0.4166666666666667,1.0,2.6,0.4,0.5200471132503285,0.5450587124338074,0.8268034833018061,1.1451480253661535,1.512747169886627
2023-10-06 23:10:00,141.10707348161463,1.8036012810600301,0.653790337340017,0.950497528342634,0.3941522076278536,0.2617446527298364,1.0,2.6,0.4,0.5200471132503285,0.5450587124338074,0.8268034833018061,1.1451480253661535,1.512747169886627
2023-10-06 23:15:00,141.75643356710913,1.8599135671097362,0.6665389886216058,0.982548481667328,0.3669676861963433,0.4166666666666667,1.0,2.6,0.4,0.5225935322982863,0.5458580401532984,0.8213349134183936,1.1245933709568094,1.5652041400405252
2023-10-06 23:20:00,140.4573487127912,2.1600265737751405,0.7566911965035161,1.125476324273512,0.3497404882051984,0.2617412875072934,1.0,2.6,0.4,0.5225935322982863,0.5458580401532984,0.8213349134183936,1.1245933709568094,1.5652041400405252
2023-10-06 23:25:00,141.10667784119738,2.0662863488280037,0.6972885238485018,1.1257883536898095,0.34694773200588397,0.4166666666666667,1.0,2.6,0.4,0.5225935322982863,0.5458580401532984,0.8213349134183936,1.1245933709568094,1.5652041400405252
2023-10-06 23:30:00,140.4570849921427,1.6148744483147992,0.5784403396328056,0.8907642952188506,0.34694701269159967,0.4166666666666667,0.012083045973594574,0.056098484828023654,0.4,0.5231787457456581,0.5503635162326805,0.8329668420771621,1.1940503548845836,1.833974918040048
2023-10-06 23:35:00,141.10641408093912,1.670632074376457,0.6109080548291302,0.8938833068514016,0.3441783619379255,0.2640625550180078,1.0,2.6,0.4,0.5231787457456581,0.5503635162326805,0.8329668420771621,1.1940503548845836,1.833974918040048
2023-10-06 23:40:00,141.10621626075593,2.2085009307689565,0.7671508946533737,1.154999145903321,0.3441776763505052,0.4166666666666667,1.0,2.6,0.4,0.5231787457456581,0.5503635162326805,0.8329668420771621,1.1940503548845836,1.833974918040048
2023-10-06 23:45:00,141.75570811894949,2.3268909296398714,0.7256872410924532,1.3276453606306988,0.3204497097846211,0.26326181995885056,1.0,2.6,0.4,0.5234739726099092,0.5520470994398938,0.8314069039886546,1.1669628314560836,1.713500510650639
2023-10-06 23:50:00,141.10601844058175,2.3308658532748714,0.7334579390972079,1.3196924485209267,0.3204491856051101,0.4166666666666667,1.0,2.6,0.4,0.5234739726099092,0.5520470994398938,0.8314069039886546,1.1669628314560836,1.713500510650639
2023-10-06 23:55:00,141.10588656047065,1.9155511524607256,0.6488492937549531,1.0583408632991944,0.3179558580133895,0.4166666666666667,1.0,2.6,0.4,0.5234739726099092,0.5520470994398938,0.8314069039886546,1.1669628314560836,1.713500510650639
2023-10-07 00:15:00,140.45589824942508,1.4279353420974776,0.5125873997273332,0.8221842830628757,0.31066605567562805,0.26172281013211685,1.0,2.6,0.4,0.5228852646613786,0.551202322201204,0.8314069039886546,1.1981652640600127,1.6703784002434898
2023-10-07 00:20:00,140.45583231928364,1.4907981326075197,0.5416666568687643,0.8352278065136234,0.30597345054655584,0.4166666666666667,1.0,2.6,0.4,0.5228852646613786,0.551202322201204,0.8314069039886546,1.1981652640600127,1.6703784002434898
2023-10-07 00:25:00,140.455700459004,1.3456551784485067,0.5126172523796311,0.7540242544815307,0.29701613583587416,0.26404336280082674,1.0,2.6,0.4,0.5228852646613786,0.551202322201204,0.8314069039886546,1.1981652640600127,1.6703784002434898
2023-10-07 00:30:00,140.45556859872835,1.4354522290993315,0.5295303592109804,0.8051965788221902,0.3204449173358734,0.26324528251511725,1.0,2.6,0.4,0.5246722786654542,0.5520470994398938,0.8314069039886546,1.1700667715989546,1.5785423656018864
2023-10-07 00:35:00,140.45543673845674,1.753406333695311,0.6261944050780118,0.9450407258329597,0.33601721695215486,0.26403952580571893,1.0,2.6,0.4,0.5246722786654542,0.5520470994398938,0.8314069039886546,1.1700667715989546,1.5785423656018864
2023-10-07 00:40:00,141.10476557968724,1.9306944502501273,0.6161346578690393,1.1206972915025981,0.320443869002569,0.2640376219666314,1.0,2.6,0.4,0.5246722786654542,0.5520470994398938,0.8314069039886546,1.1700667715989546,1.5785423656018864
2023-10-07 00:45:00,140.45517301792572,2.4812032251242657,0.7284597339743674,1.4707424846167265,0.31795068086783057,0.26403569653168407,1.0,2.6,0.4,0.5277887835109799,0.5567988864931395,0.8377220541444519,1.1685119811110196,1.5640012787718558
2023-10-07 00:50:00,140.4550411576663,2.157930667106665,0.6719405902772588,1.2491000339785854,0.3036770964053335,0.2640337784561533,1.0,2.6,0.4,0.5277887835109799,0.5567988864931395,0.8377220541444519,1.1685119811110196,1.5640012787718558
2023-10-07 00:55:00,140.4549092974109,2.084526792711374,0.6136674994750025,1.2686417606756104,0.3014187906186129,0.2640318677386751,1.0,2.6,0.4,0.5277887835109799,0.5567988864931395,0.8377220541444519,1.1685119811110196,1.5640012787718558
2023-10-07 01:00:00,140.45477743715958,1.910007844921434,0.5811991225617703,1.1543111164390218,0.3082987902595885,0.2640299426672369,1.0,0.047856452020600106,0.4,0.5388886712485242,0.5696744684466735,0.8520794329169082,1.169288672655303,1.5568185507630616
2023-10-07 01:05:00,140.45471150703543,2.566969660109796,0.7259386733573574,1.5572071351054815,0.31794861004783126,0.264028039426713,1.0,2.6,0.4,0.5388886712485242,0.5696744684466735,0.8520794329169082,1.169288672655303,1.5568185507630616
2023-10-07 01:10:00,140.454513716669,2.357644394827605,0.6668983347196341,1.4469259261414447,0.3204406491550581,0.2632305999703734,1.0,2.6,0.4,0.5388886712485242,0.5696744684466735,0.8520794329169082,1.169288672655303,1.5568185507630616
2023-10-07 01:15:00,141.10377647923565,2.3411523978149633,0.7079192867946388,1.3681483044348732,0.3204401249985982,0.4166666666666667,1.0,2.6,0.4,0.5450587124338074,0.5846443363276514,0.8685297922351312,1.3117930477022661,2.1084838154465406
2023-10-07 01:20:00,141.10371053921352,2.083946420186806,0.7079349325036787,1.126470584044327,0.3154857929764658,0.2632269375539978,1.0,2.6,0.4,0.5450587124338074,0.5846443363276514,0.8685297922351312,1.3117930477022661,2.1084838154465406
2023-10-07 01:25:00,141.1035786591723,2.2427919579863014,0.7883255344175777,1.1558711195102491,0.3204390517300079,0.2640203770114027,1.0,2.6,0.4,0.5450587124338074,0.5846443363276514,0.8685297922351312,1.3117930477022661,2.1084838154465406
2023-10-07 01:30:00,141.10344677913508,2.6691910435048403,0.798786576329462,1.5440540752819645,0.3204385275776123,0.26401845266613944,0.013000000000000001,0.06438136376312636,0.4,0.5559217570845739,0.599634055070257,0.886588878793322,1.25360918950046,1.9587148848160623
2023-10-07 01:35:00,141.10331489910186,2.7349483308849565,0.7234506445478326,1.7239609463956196,0.3130551042489535,0.2640165429099171,1.0,2.6,0.4,0.5559217570845739,0.599634055070257,0.886588878793322,1.25360918950046,1.9587148848160623
2023-10-07 01:40:00,141.10318301907256,2.6524948637627612,0.690012055920432,1.696041154722536,0.32043745431734433,0.26401463327352315,1.0,2.6,0.4,0.5559217570845739,0.599634055070257,0.886588878793322,1.25360918950046,1.9587148848160623
2023-10-07 01:45:00,141.10305113904732,2.5906880255050884,0.6491918087106487,1.7002327540182425,0.3204369301690131,0.26244434198988864,1.0,2.6,0.4,0.5621823547568885,0.6184626100258609,0.9269881552641328,1.2793764106001018,1.8917980864775183
2023-10-07 01:50:00,141.10291925902607,2.627576756889703,0.6619249363143599,1.7160145778669913,0.3386993438741572,0.26244258939969944,1.0,2.6,0.4,0.5621823547568885,0.6184626100258609,0.9269881552641328,1.2793764106001018,1.8917980864775183
2023-10-07 01:55:00,141.75227872926277,2.3484024516498656,0.581368124759274,1.572859508036959,0.32043585691706744,0.2640088978514555,1.0,2.6,0.4,0.5621823547568885,0.6184626100258609,0.9269881552641328,1.2793764106001018,1.8917980864775183
2023-10-07 02:00:00,143.0514808105815,1.92480194538259,0.5225386866949643,1.2599334611738757,0.3059648012112385,0.4166666666666667,0.013928388277184121,0.06675327707311456,0.4,0.573551218288306,0.6365814951755981,0.9612187264093432,1.3079178108734508,1.7452862229445347
2023-10-07 02:05:00,143.70118894292156,1.4411876941233652,0.4540945227998223,0.9193633597115526,0.2927577036706798,0.4166666666666667,1.0,2.6,0.4,0.573551218288306,0.6365814951755981,0.9612187264093432,1.3079178108734508,1.7452862229445347
2023-10-07 02:10:00,145.00087906475093,1.5794195157993984,0.5153354481739347,0.9506303695770162,0.2886664788854589,0.4166666666666667,1.0,2.6,0.4,0.573551218288306,0.6365814951755981,0.9612187264093432,1.3079178108734508,1.7452862229445347
2023-10-07 02:15:00,145.65079260486056,1.6310600606235155,0.5371385966344498,0.9646348551674098,0.2970080357459638,0.4166666666666667,1.0,2.6,0.4,0.5888301962365721,0.6555730317821197,0.9802619241814914,1.312764354330205,1.735544871214801
2023-10-07 02:20:00,145.00061507811355,1.0988005199233684,0.41369166851483913,0.6889689715177398,0.292756686324412,0.4166666666666667,1.0,2.6,0.4,0.5888301962365721,0.6555730317821197,0.9802619241814914,1.312764354330205,1.735544871214801
2023-10-07 02:25:00,144.35046087163659,1.358572177454916,0.4587561610082273,0.839635022792856,0.2847417859946623,0.4166666666666667,1.0,2.6,0.4,0.5888301962365721,0.6555730317821197,0.9802619241814914,1.312764354330205,1.735544871214801
2023-10-07 02:30:00,145.65039657090148,1.6068114695992712,0.5081932784555555,0.9860619561507259,0.2886652421046819,0.4166666666666667,0.013928388277184121,0.05138248728895867,0.4,0.5898889726041673,0.6706780151458671,1.0102268260148313,1.4198816852118348,1.9633379739616919
2023-10-07 02:35:00,144.3502629090521,1.7546765120342822,0.5347654151466863,1.081021974242608,0.28284420851878866,0.4166666666666667,1.0,2.6,0.4,0.5898889726041673,0.6706780151458671,1.0102268260148313,1.4198816852118348,1.9633379739616919
2023-10-07 02:40:00,143.0504253080762,1.4521992048731347,0.4939171447070694,0.8695969857618138,0.2791839431539749,0.4166666666666667,1.0,2.6,0.4,0.5898889726041673,0.6706780151458671,1.0102268260148313,1.4198816852118348,1.9633379739616919
2023-10-07 02:45:00,143.0502933702803,1.746417604192367,0.5592654557164499,1.036268389253193,0.27742251837620857,0.4166666666666667,1.0,2.6,0.4,0.5898889726041673,0.6660330322138686,0.9950959752707274,1.3727855804895386,1.8783247855469511
2023-10-07 02:50:00,143.05016143248815,1.830772592629671,0.5396810196978452,1.1442106166483061,0.2809908080588533,0.4166666666666667,1.0,2.6,0.4,0.5898889726041673,0.6660330322138686,0.9950959752707274,1.3727855804895386,1.8783247855469511
2023-10-07 02:55:00,143.0500954635936,1.5506140386384788,0.484501525172179,0.9712152262450044,0.27570796216445204,0.4166666666666667,1.0,2.6,0.4,0.5898889726041673,0.6660330322138686,0.9950959752707274,1.3727855804895386,1.8783247855469511
2023-10-07 03:00:00,143.69973742079708,1.4203338784209294,0.4519580420819098,0.9040309080672061,0.27742186110355804,0.4166666666666667,0.014866068747318507,0.03736308338453881,0.4,0.5820687244647319,0.6693466964137494,1.003023429437219,1.5063207659725069,2.2393445469601145
2023-10-07 03:05:00,143.69960546426302,1.494988892240253,0.4405776801311668,0.989330082690489,0.28473957049275916,0.4166666666666667,1.0,2.6,0.4,0.5820687244647319,0.6693466964137494,1.003023429437219,1.5063207659725069,2.2393445469601145
2023-10-07 03:10:00,143.6994735077327,1.1691693305434854,0.3901404094082966,0.7798492000447215,0.26787327953076256,0.4166666666666667,1.0,2.6,0.4,0.5820687244647319,0.6693466964137494,1.003023429437219,1.5063207659725069,2.2393445469601145
2023-10-07 03:15:00,143.04950174358532,1.365259031457975,0.45429603337162555,0.852012998798245,0.2693388442376051,0.4166666666666667,1.0,2.6,0.4,0.5825813247950882,0.6633973168471516,0.9958850536080959,1.4445782256423498,2.2260871501358612
2023-10-07 03:20:00,143.04936980581624,1.1841238569655967,0.37353486964681054,0.8189690621312747,0.2678729785941528,0.4166666666666667,1.0,2.6,0.4,0.5825813247950882,0.6633973168471516,0.9958850536080959,1.4445782256423498,2.2260871501358612
2023-10-07 03:25:00,144.34894315870352,1.1574990986998273,0.35358435530642335,0.829012504632525,0.27242328631348084,0.4166666666666667,1.0,2.6,0.4,0.5825813247950882,0.6633973168471516,0.9958850536080959,1.4445782256423498,2.2260871501358612
2023-10-07 03:30:00,143.69894568164932,0.9943380079773495,0.32927495427575154,0.7297315725418065,0.4166666666666667,0.4166666666666667,0.014866068747318507,0.03162277660168379,0.4,0.5925571702376067,0.6800889647685809,1.0313893542208006,1.5448321106191443,2.3331095130747723
2023-10-07 03:35:00,144.34867920867865,1.427398632008326,0.4497689435060773,0.9136936197142473,0.2613443721698024,0.4166666666666667,1.0,2.6,0.4,0.5925571702376067,0.6800889647685809,1.0313893542208006,1.5448321106191443,2.3331095130747723
2023-10-07 03:40:00,144.99850318554468,1.9103610416458134,0.5767266841067386,1.161485984741999,0.4166666666666667,0.2639687729542645,1.0,2.6,0.4,0.5925571702376067,0.6800889647685809,1.0313893542208006,1.5448321106191443,2.3331095130747723
2023-10-07 03:45:00,145.6484164015964,1.625030409893847,0.5012463474093329,1.0132493030172356,0.4166666666666667,0.4166666666666667,1.0,2.6,0.4,0.5920211144883263,0.6700119401921133,1.0062169944897572,1.4124469016568375,1.9357127886130214
2023-10-07 03:50:00,144.3482832836692,1.168310279845142,0.4095680278598269,0.7502921401368546,0.4166666666666667,0.4166666666666667,1.0,2.6,0.4,0.5920211144883263,0.6700119401921133,1.0062169944897572,1.4124469016568375,1.9357127886130214
2023-10-07 03:55:00,144.34815130867352,1.1568562616646072,0.42722766835946874,0.7163647187524469,0.2625401860360347,0.2623988529412619,1.0,2.6,0.4,0.5920211144883263,0.6700119401921133,1.0062169944897572,1.4124469016568375,1.9357127886130214
2023-10-07 04:00:00,144.34801933368158,1.0558795126236922,0.43621350045341367,0.6297754299877394,0.2625400885634997,0.26396114713063595,0.014866068747318507,0.030486718419665965,0.4,0.5904201893566987,0.6753636057709951,1.0305659804204679,1.4198816852118348,1.9265658566475221
2023-10-07 04:05:00,144.34788735869336,1.616606420000849,0.5693764034034676,0.9050776080017862,0.2678716602321036,0.2639592409744818,1.0,2.6,0.4,0.5904201893566987,0.6753636057709951,1.0305659804204679,1.4198816852118348,1.9265658566475221
2023-10-07 04:10:00,144.99764522945773,2.9787579799003234,0.9389018153104223,1.6300091926131266,0.26253986925158274,0.26395733493823403,1.0,2.6,0.4,0.5904201893566987,0.6753636057709951,1.0305659804204679,1.4198816852118348,1.9265658566475221
2023-10-07 04:15:00,145.64762433410317,2.896073407602956,0.8833604911949188,1.6342835284926964,0.2625397717801914,0.26733655988570587,1.0,2.6,0.4,0.604648658313239,0.6841703004369599,1.0272799034343074,1.3882971583922514,1.8560398702614123
2023-10-07 04:20:00,145.64749232286698,3.06115268083653,1.0240641784088584,1.5813140457416148,0.27242127312367936,0.26560211004896195,1.0,2.6,0.4,0.604648658313239,0.6841703004369599,1.0272799034343074,1.3882971583922514,1.8560398702614123
2023-10-07 04:25:00,146.2974934644503,3.400415697165606,1.1821579306363876,1.6716696326699558,0.2678710727153044,0.26560004345200716,1.0,2.6,0.4,0.604648658313239,0.6841703004369599,1.0272799034343074,1.3882971583922514,1.8560398702614123
2023-10-07 04:30:00,144.9971832531677,3.081582390484635,0.9548866512722908,1.7052676560523885,0.27917877501131594,0.2639497119923586,0.014866068747318507,0.030486718419665965,0.4,0.651067584817429,0.7634978716407794,1.1477427586354008,1.6921066751242368,2.4886952404824503
2023-10-07 04:35:00,144.3470955088424,2.6565946394821043,0.8860626683735021,1.4004392728542177,0.28098558039942884,0.2639478065556817,1.0,2.6,0.4,0.651067584817429,0.7634978716407794,1.1477427586354008,1.6921066751242368,2.4886952404824503
2023-10-07 04:40:00,143.69709829083408,2.6359064479795187,0.820320937070563,1.4793705954782066,0.29699735134225935,0.4166666666666667,1.0,2.6,0.4,0.651067584817429,0.7634978716407794,1.1477427586354008,1.6921066751242368,2.4886952404824503
2023-10-07 04:45:00,143.04719283317996,2.418147747740649,0.7915662124239095,1.3151962390683452,0.2866741862047122,0.4166666666666667,1.0,2.6,0.4,0.677383938398306,0.7864152846937807,1.157766815900335,1.688478679166545,2.5529543670030614
2023-10-07 04:50:00,143.04706089547796,2.816874397244714,0.9522944126246673,1.4544681548881717,0.2774169836588962,0.26558969715086883,1.0,2.6,0.4,0.677383938398306,0.7864152846937807,1.157766815900335,1.688478679166545,2.5529543670030614
2023-10-07 04:55:00,141.7477281970596,3.4079868197915992,1.0482035481604768,1.8808586982971667,0.2757029656408878,0.2639401932237394,1.0,2.6,0.4,0.677383938398306,0.7864152846937807,1.157766815900335,1.688478679166545,2.5529543670030614
2023-10-07 05:00:00,143.04686298893216,3.283597102299852,0.8914219571120372,1.9993119368414303,0.27741653398407684,0.26558557317744547,0.015811388300841896,0.0572796648034885,0.4,0.7064000283125702,0.8074379233105168,1.157766815900335,1.6476620557626493,2.6989190428762404
2023-10-07 05:05:00,143.04666508239504,3.445048935165758,1.0455635614680105,1.9210167379134464,0.29068021082513923,0.2700633507036081,1.0,2.6,0.4,0.7064000283125702,0.8074379233105168,1.157766815900335,1.6476620557626493,2.6989190428762404
2023-10-07 05:10:00,141.7472665491271,4.546218829108872,1.2442174179989438,2.699964808986999,0.2886554282145421,0.26643634108433856,1.0,2.6,0.4,0.7064000283125702,0.8074379233105168,1.157766815900335,1.6476620557626493,2.6989190428762404
2023-10-07 05:15:00,142.39672079886824,3.9553551344019686,1.0322430972537298,2.4425856117448395,0.29699478808599444,0.26557936916867664,1.0,2.6,0.4,0.741824777154282,0.8848163651289458,1.316848419522915,1.9114499731878938,2.9862089679056285
2023-10-07 05:20:00,141.74706870002797,3.4571261942872558,0.931169325212551,2.1081452702586434,0.27917643082684307,0.2673074701835193,1.0,2.6,0.4,0.741824777154282,0.8848163651289458,1.316848419522915,1.9114499731878938,2.9862089679056285
2023-10-07 05:25:00,142.39652292086666,3.320270623530891,0.94179042617953,1.957682998219403,0.2774154444004648,0.2673052322034137,1.0,2.6,0.4,0.741824777154282,0.8848163651289458,1.316848419522915,1.9114499731878938,2.9862089679056285
2023-10-07 05:30:00,142.39639100220379,4.246057839720981,1.0082844290267243,2.7671225570254236,0.288654211521515,0.2691147650016833,0.015811388300841896,0.08340167864018085,0.4,0.7559689147048311,0.9214532001138203,1.3897481786280563,2.0042876540057812,2.9173611363696472
2023-10-07 05:35:00,142.3962590835448,5.341656464582499,1.2200491672063325,3.5262307689524404,0.27570130022610023,0.28514167427886045,1.0,2.6,0.4,0.7559689147048311,0.9214532001138203,1.3897481786280563,2.0042876540057812,2.9173611363696472
2023-10-07 05:40:00,143.69551481358246,4.204219317859852,0.8704434007259793,2.941151736100084,0.27917548962367766,0.28394320419922847,1.0,2.6,0.4,0.7559689147048311,0.9214532001138203,1.3897481786280563,2.0042876540057812,2.9173611363696472
2023-10-07 05:45:00,144.99520335529243,6.919632524707223,1.8903425340670144,4.06475348400719,0.27741454507554536,0.2888180819141393,1.0,2.6,0.4,0.7726066269454334,0.9476418099683025,1.4457510159083409,2.122353410721221,3.2684705903526194
2023-10-07 05:50:00,141.74627730372,6.175985219211126,1.6180637021334758,3.7426341637147478,0.2906773201354596,0.270996483828694,1.0,2.6,0.4,0.7726066269454334,0.9476418099683025,1.4457510159083409,2.122353410721221,3.2684705903526194
2023-10-07 05:55:00,142.39573140894765,4.029209299895903,1.0590830259033002,2.4740499898994255,0.2693337819881398,0.27003838829161,1.0,2.6,0.4,0.7726066269454334,0.9476418099683025,1.4457510159083409,2.122353410721221,3.2684705903526194
2023-10-07 06:00:00,141.7460794546652,4.3493585967675115,1.0270469686217631,2.840314194323354,0.26933361869962935,0.4166666666666667,0.013928388277184121,0.06793997350602958,0.4,0.7787226720726705,0.954446960286427,1.4324371399820657,2.0630608934299537,3.022582339655944
2023-10-07 06:05:00,141.74594755530023,3.1041281413260293,0.7424036597203976,2.0554830267552457,0.2613415350926758,0.26391357245964786,1.0,2.6,0.4,0.7787226720726705,0.954446960286427,1.4324371399820657,2.0630608934299537,3.022582339655944
2023-10-07 06:10:00,141.7457497062602,2.814980838262104,0.7243149982574137,1.80062842750269,0.4166666666666667,0.2639116765079204,1.0,2.6,0.4,0.7787226720726705,0.954446960286427,1.4324371399820657,2.0630608934299537,3.022582339655944
2023-10-07 06:15:00,141.09612744333174,2.3955465554351427,0.6373569531228498,1.5295462813721434,0.4166666666666667,0.263909780675257,1.0,2.6,0.4,0.7933826315215126,1.0095191924871958,1.5370070136469773,2.246359777506711,3.2555392794435765
2023-10-07 06:20:00,141.09599556352015,2.6376610217862155,0.6197037191226951,1.7931342840422122,0.4166666666666667,0.263907877753851,1.0,2.6,0.4,0.7933826315215126,1.0095191924871958,1.5370070136469773,2.246359777506711,3.2555392794435765
2023-10-07 06:25:00,141.0959296236159,2.2725517032691145,0.478065531803616,1.6698403484107651,0.4166666666666667,0.2623465714795303,1.0,2.6,0.4,0.7933826315215126,1.0095191924871958,1.5370070136469773,2.246359777506711,3.2555392794435765
2023-10-07 06:30:00,141.09573180390908,2.9176342630130963,0.5946645084547884,2.1088338066575405,0.4166666666666667,0.2639040794778711,0.018681541692269404,0.07387990254460275,0.010965856099730654,0.7879600243667187,1.0069140976270023,1.5506423959120943,2.3530618351416095,3.752325145826252
2023-10-07 06:35:00,141.74509020952408,3.091011509163736,0.6577216096309134,2.177429583673739,0.26134097701820796,0.26816859515658625,1.0,2.6,0.4,0.7879600243667187,1.0069140976270023,1.5506423959120943,2.3530618351416095,3.752325145826252
2023-10-07 06:40:00,141.7449583101887,3.6875023952537984,0.7997647527371069,2.5404748702573245,0.4166666666666667,0.28156316793663944,1.0,2.6,0.4,0.7879600243667187,1.0069140976270023,1.5506423959120943,2.3530618351416095,3.752325145826252
2023-10-07 06:45:00,149.54560901188322,7.415459519009975,1.6698926285542555,4.897292281942553,0.2650940332433721,0.3278112526175391,1.0,2.6,0.4,0.7996099048911289,1.0330614696134977,1.5991790894080624,2.5047778843642003,3.9908144532162857
2023-10-07 06:50:00,146.2936646249889,10.79502542471411,2.398704792856875,7.149842906023957,0.30364713249983216,0.33270533381245276,1.0,2.6,0.4,0.7996099048911289,1.0330614696134977,1.5991790894080624,2.5047778843642003,3.9908144532162857
2023-10-07 06:55:00,144.34346619874435,12.711856665588273,2.7985096659061246,8.45097362599153,0.29273814737576426,0.30777388985393045,1.0,2.6,0.4,0.7996099048911289,1.0330614696134977,1.5991790894080624,2.5047778843642003,3.9908144532162857
2023-10-07 07:00:00,146.94362009488623,13.008946263384898,2.9931239578697793,8.449325494905475,0.32805770475033347,0.30923321341750115,0.013928388277184121,0.06438136376312636,0.4,0.8176851472296657,1.084178952018531,1.683493938213025,2.702798734645256,4.362900411423575
2023-10-07 07:05:00,145.64313595411164,10.371994194182728,2.409691206929505,6.710581548247364,0.32292466363962957,0.28750934294401415,1.0,2.6,0.4,0.8176851472296657,1.084178952018531,1.683493938213025,2.702798734645256,4.362900411423575
2023-10-07 07:10:00,144.9929594720352,8.727742456382689,1.9506006112928629,5.774423006894245,0.33066578137279756,0.26725836029506367,1.0,2.6,0.4,0.8176851472296657,1.084178952018531,1.683493938213025,2.702798734645256,4.362900411423575
2023-10-07 07:15:00,142.39362071118103,5.322534136098026,1.1719344117003494,3.581767203299939,0.32040174040370856,0.4166666666666667,1.0,2.6,0.4,0.8161035473516827,1.057650225736278,1.6034200447792837,2.3952353224683374,3.784400084557657
2023-10-07 07:20:00,143.04316873499428,3.4128099808546932,0.6782713857012427,2.4623100579596655,0.3106265035562618,0.2646959166947391,1.0,2.6,0.4,0.8161035473516827,1.057650225736278,1.6034200447792837,2.3952353224683374,3.784400084557657
2023-10-07 07:25:00,142.39342283331644,4.222486437843631,0.8444592391752598,3.000267218013744,0.3059366942634661,0.27192099935010994,1.0,2.6,0.4,0.8161035473516827,1.057650225736278,1.6034200447792837,2.3952353224683374,3.784400084557657
2023-10-07 07:30:00,153.44929543538876,4.826075879535403,1.0353370949551854,3.3005547372922774,0.3204001432804391,0.2912649897949473,0.013000000000000001,0.07625850772208961,0.4,0.7980501237391046,1.0409462041815611,1.6257360671400507,2.348989197506025,3.871355834846495
2023-10-07 07:35:00,144.3423444125577,10.367049232738873,2.921939173204395,5.920655300734306,0.3386541228814931,0.28625941511108427,1.0,2.6,0.4,0.7980501237391046,1.0409462041815611,1.6257360671400507,2.348989197506025,3.871355834846495
2023-10-07 07:40:00,150.19472685906922,8.60151879425876,2.007998136166258,5.56027406181243,0.34687752346169354,0.2965101046620334,1.0,2.6,0.4,0.7980501237391046,1.0409462041815611,1.6257360671400507,2.348989197506025,3.871355834846495
2023-10-07 07:45:00,143.6922818825516,7.8863496523164365,1.2420039557295264,6.029333211993918,0.3359623829950753,0.3019983836642351,1.0,2.6,0.4,0.8043009387039157,1.0558882516630255,1.6214788805285132,2.4676985229156334,3.7957286520508817
2023-10-07 07:50:00,148.24292850376307,8.521813245463617,1.7136210130042404,5.933686456143808,0.344109947834797,0.29516445579069656,1.0,2.6,0.4,0.8043009387039157,1.0558882516630255,1.6214788805285132,2.4676985229156334,3.7957286520508817
2023-10-07 07:55:00,145.64181584314858,9.048678632504593,1.7735342701256658,6.367314558283633,0.3553158637698186,0.28037034015965245,1.0,2.6,0.4,0.8043009387039157,1.0558882516630255,1.6214788805285132,2.4676985229156334,3.7957286520508817
2023-10-07 08:00:00,144.34175052586215,5.6843958034031274,0.9768079853930237,4.246736921332772,0.384828158698684,0.2728946863411159,1.0,2.6,0.4,0.7933826315215126,1.0356876942399191,1.6108492666913312,2.6013846793582833,4.410827586746052
2023-10-07 08:05:00,143.0419812968669,3.864015092970929,0.7350146108641914,2.8184007340168153,0.3817892999508602,0.2728919259421211,1.0,2.6,0.4,0.7933826315215126,1.0356876942399191,1.6108492666913312,2.6013846793582833,4.410827586746052
2023-10-07 08:10:00,143.0418493593164,2.9937104202636995,0.635184490965902,2.1178732558955353,0.3878818063513105,0.26812462585551017,1.0,2.6,0.4,0.7933826315215126,1.0356876942399191,1.6108492666913312,2.6013846793582833,4.410827586746052
2023-10-07 08:15:00,143.04178339054255,2.9399098941225263,0.6580335225782791,2.0281049360930354,0.4034084621339234,0.2874532552918833,1.0,2.6,0.4,0.7787226720726705,1.0034440691936946,1.5527434301905771,2.304295119987889,3.4485208423322606
2023-10-07 08:20:00,164.5257224666811,8.035996253608655,1.7981236647233563,5.31877169454659,0.4129105360426463,0.3047932796631518,1.0,2.6,0.4,0.7787226720726705,1.0034440691936946,1.5527434301905771,2.304295119987889,3.4485208423322606
2023-10-07 08:25:00,143.69129221024093,7.066105064401189,1.3149713504870741,5.097184771142158,0.4225407794891349,0.2781241356517189,1.0,2.6,0.4,0.7787226720726705,1.0034440691936946,1.5527434301905771,2.304295119987889,3.4485208423322606
2023-10-07 08:30:00,143.04138757791972,4.358219281406944,0.9264694868476463,3.0060017882830565,0.42253962148093116,0.27287816220720307,1.0,0.058461611335986964,0.4,0.7856436851397712,1.0225771364547518,1.6044807758274948,2.4581029779079637,3.7297045459392626
2023-10-07 08:35:00,143.690962319518,3.0179017958585317,0.7325224550442192,1.9863752988414454,0.406557055939199,0.2728754026810846,1.0,2.6,0.4,0.7856436851397712,1.0225771364547518,1.6044807758274948,2.4581029779079637,3.7297045459392626
2023-10-07 08:40:00,141.74192462656217,3.547707830194373,0.8762840534329366,2.2823673276717353,0.41290605853096013,0.2781144741247846,1.0,2.6,0.4,0.7856436851397712,1.0225771364547518,1.6044807758274948,2.4581029779079637,3.7297045459392626
2023-10-07 08:45:00,143.0409917653314,7.38323143199549,1.9345080667104246,4.458568098951014,0.41931199344782444,0.27286990210002865,1.0,2.6,0.4,0.7688016649305593,0.9878785350436561,1.5265438611451687,2.286742716179501,3.407550439832109
2023-10-07 08:50:00,141.74166082808446,4.894972643948863,1.0542865885146915,3.3395004666064123,0.41610037124684496,0.2699512816070378,1.0,2.6,0.4,0.7688016649305593,0.9878785350436561,1.5265438611451687,2.286742716179501,3.407550439832109
2023-10-07 08:55:00,142.39111425887566,4.228631361948484,0.789745028229894,3.093139754730123,0.4388478917361579,0.2638491409423776,1.0,2.6,0.4,0.7688016649305593,0.9878785350436561,1.5265438611451687,2.286742716179501,3.407550439832109
2023-10-07 09:00:00,142.3909163811218,3.966564306130696,0.8763469702069859,2.6962201973011086,0.4225326413010203,0.4166666666666667,0.015811388300841896,0.07150272722071514,0.0116619037896906,0.7634978716407794,0.9801270325830218,1.4963311932857644,2.3015927094079873,4.07067267168462
2023-10-07 09:05:00,141.74126513039744,3.1453329216174533,0.6480236560481204,2.2466895671038327,0.40655063716593354,0.4166666666666667,1.0,2.6,0.4,0.7634978716407794,0.9801270325830218,1.4963311932857644,2.3015927094079873,4.07067267168462
2023-10-07 09:10:00,141.09164353198125,2.9179669559800123,0.5703092537585367,2.1492789359711706,0.40654953591200765,0.4166666666666667,1.0,2.6,0.4,0.7634978716407794,0.9801270325830218,1.4963311932857644,2.3015927094079873,4.07067267168462
2023-10-07 09:15:00,141.0915116523056,2.6746753513671178,0.5678533166949329,1.9136836517439133,0.4002584163416726,0.4166666666666667,1.0,2.6,0.4,0.7604794540288383,0.9887411187970286,1.5119338080749434,2.2530781167105594,3.699570785915577
2023-10-07 09:20:00,141.7408694327459,2.4690999201027926,0.5094169807825212,1.8091166770827107,0.37277238946550545,0.2622858571531572,1.0,2.6,0.4,0.7604794540288383,0.9887411187970286,1.5119338080749434,2.2530781167105594,3.699570785915577
2023-10-07 09:25:00,141.74073753353662,2.8309787051377833,0.5408769892705056,2.1124465856954937,0.37575374715884474,0.26305025176243685,1.0,2.6,0.4,0.7604794540288383,0.9887411187970286,1.5119338080749434,2.2530781167105594,3.699570785915577
2023-10-07 09:30:00,141.0911160133025,3.426280026088843,0.6481014907581997,2.5244903304635993,0.39713366817863693,0.266324872902469,0.014866068747318507,0.08936128915811364,0.0125,0.7627424204802038,0.9982464625532115,1.545393619761645,2.4457767682272236,3.778737355255059
2023-10-07 09:35:00,141.74047373512988,3.016476294155477,0.6052385016480802,2.1890436033844134,0.3757519301343859,0.4166666666666667,1.0,2.6,0.4,0.7627424204802038,0.9982464625532115,1.545393619761645,2.4457767682272236,3.778737355255059
2023-10-07 09:40:00,141.09091819381445,3.0328838930648416,0.6052539588800273,2.205218192272143,0.37575106630553334,0.4166666666666667,1.0,2.6,0.4,0.7627424204802038,0.9982464625532115,1.545393619761645,2.4457767682272236,3.778737355255059
2023-10-07 09:45:00,141.09078631416074,3.094760528373075,0.6279008854879919,2.2293788399902645,0.35246287497567186,0.263830241684512,1.0,2.6,0.4,0.7802570089400032,1.0313117860278724,1.6076641440300894,2.5047778843642003,4.083998530851842
2023-10-07 09:50:00,141.09058849468772,3.1732167356539116,0.6966797184486027,2.1960367759089885,0.3468591024861393,0.2615313426855195,1.0,2.6,0.4,0.7802570089400032,1.0313117860278724,1.6076641440300894,2.5047778843642003,4.083998530851842
2023-10-07 09:55:00,141.090456615044,2.6655010458776074,0.6002938964245498,1.8517122013776188,0.3468583833704038,0.4166666666666667,1.0,2.6,0.4,0.7802570089400032,1.0313117860278724,1.6076641440300894,2.5047778843642003,4.083998530851842
2023-10-07 10:00:00,141.09039067522363,2.603687219551751,0.5754127640981599,1.8316144890198895,0.3496474460279124,0.4166666666666667,0.013928388277184121,0.08936128915811364,0.0116619037896906,0.7996099048911289,1.0629412025131024,1.6406598184876717,2.6763419531143624,4.724366200878166
2023-10-07 10:05:00,141.09025879558592,2.5501455684769367,0.5239961753747178,1.8641627677601382,0.35245989363272945,0.4166666666666667,1.0,2.6,0.4,0.7996099048911289,1.0629412025131024,1.6406598184876717,2.6763419531143624,4.724366200878166
2023-10-07 10:10:00,141.09012691595217,2.2795530281642375,0.4717066546915377,1.687618471176435,0.3468562536909502,0.4166666666666667,1.0,2.6,0.4,0.7996099048911289,1.0629412025131024,1.6406598184876717,2.6763419531143624,4.724366200878166
2023-10-07 10:15:00,141.08999503632245,2.418600728372368,0.48579717066814165,1.7997225317024719,0.3440899337568382,0.4166666666666667,1.0,2.6,0.4,0.79105562383438,1.058531529998044,1.6524108932102815,2.5585200800462755,3.960437349586533
2023-10-07 10:20:00,141.08992909650908,2.660796325309115,0.548375619694142,1.9322368537430565,0.3496445170842917,0.4166666666666667,1.0,2.6,0.4,0.79105562383438,1.058531529998044,1.6524108932102815,2.5585200800462755,3.960437349586533
2023-10-07 10:25:00,141.08973127707497,2.5455667993183924,0.5582071651963859,1.8028617447827313,0.34685415168353406,0.4166666666666667,1.0,2.6,0.4,0.79105562383438,1.058531529998044,1.6524108932102815,2.5585200800462755,3.960437349586533
2023-10-07 10:30:00,141.08959939745725,2.168875240523907,0.5096257709149095,1.5156419735928477,0.3552922182914654,0.4166666666666667,0.013928388277184121,0.08697677851012878,0.0116619037896906,0.7933826315215126,1.0744305468479571,1.6673981648064746,2.8006170748604675,4.658824315210867
2023-10-07 10:35:00,141.08946751784345,2.627534004610076,0.5730432708434541,1.8588779683051868,0.3496423413142154,0.4166666666666667,1.0,2.6,0.4,0.7933826315215126,1.0744305468479571,1.6673981648064746,2.8006170748604675,4.658824315210867
2023-10-07 10:40:00,141.08940157803812,2.8786953963470636,0.582979837310259,2.089622859805927,0.3581490623320465,0.4166666666666667,1.0,2.6,0.4,0.7933826315215126,1.0744305468479571,1.6673981648064746,2.8006170748604675,4.658824315210867
2023-10-07 10:45:00,141.08926969843034,2.4342940467068153,0.54111914734201,1.7221029351742967,0.37573947923651557,0.4166666666666667,1.0,2.6,0.4,0.7988297690997752,1.0762011893693482,1.7017819366769646,2.7460528490908547,4.385899679655247
2023-10-07 10:50:00,141.08907187902622,2.655973730599582,0.5706152737363525,1.8907740401700255,0.35245319976707395,0.2630195361116463,1.0,2.6,0.4,0.7988297690997752,1.0762011893693482,1.7017819366769646,2.7460528490908547,4.385899679655247
2023-10-07 10:55:00,141.08893999942848,3.0848278737612564,0.6105006496070339,2.2479413725856348,0.3552883909310781,0.4166666666666667,1.0,2.6,0.4,0.7988297690997752,1.0762011893693482,1.7017819366769646,2.7460528490908547,4.385899679655247
2023-10-07 11:00:00,141.08887405963108,2.911231276557735,0.5954964618717394,2.101157501552018,0.3154279271601134,0.4166666666666667,0.014866068747318507,0.08459314393022639,0.010965856099730654,0.8027353237524807,1.0700074766093928,1.6888677390488576,2.654095373192154,4.3207633584819245
2023-10-07 11:05:00,141.0887421800393,2.9111123583146785,0.5880317440105306,2.113284576377164,0.3082445135256382,0.261506596934056,1.0,2.6,0.4,0.8027353237524807,1.0700074766093928,1.6888677390488576,2.654095373192154,4.3207633584819245
2023-10-07 11:10:00,141.08861030045153,2.7749083081526007,0.620602323462815,1.926190390509045,0.3106051208475227,0.2646052544167928,1.0,2.6,0.4,0.8027353237524807,1.0700074766093928,1.6888677390488576,2.654095373192154,4.3207633584819245
2023-10-07 11:15:00,141.08847842086777,3.109157210820193,0.7149542610959588,2.1038427085323663,0.3203761879184254,0.2671495095723811,1.0,2.6,0.4,0.8043009387039157,1.1037463476723264,1.7580102388780332,2.755834537848744,4.3207633584819245
2023-10-07 11:20:00,141.0882806014996,3.3117984367868574,0.6995303380564353,2.3282677088630663,0.3106041974028194,0.2646013254702507,1.0,2.6,0.4,0.8043009387039157,1.1037463476723264,1.7580102388780332,2.755834537848744,4.3207633584819245
2023-10-07 11:25:00,141.08814872192582,3.183364582227571,0.6790378381174352,2.2342816382172312,0.2991492522366714,0.2637925363107592,1.0,2.6,0.4,0.8043009387039157,1.1037463476723264,1.7580102388780332,2.755834537848744,4.3207633584819245
2023-10-07 11:30:00,141.0880827821404,3.0550633840325085,0.6611877541454678,2.1364119604903493,0.30591553697364465,0.26459739700891166,0.013928388277184121,0.10248902380255165,0.010965856099730654,0.7949364754494537,1.0832917427913868,1.7406644248676997,2.7894114074478145,4.504895559277706
2023-10-07 11:35:00,140.4386245870117,2.939293295839504,0.6307668953134564,2.071408618019835,0.32037404205333175,0.2637887741274837,1.0,2.6,0.4,0.7949364754494537,1.0832917427913868,1.7406644248676997,2.7894114074478145,4.504895559277706
2023-10-07 11:40:00,140.43849272726064,3.058958189234489,0.6358373495589177,2.1811580518969436,0.3059146861441694,0.4166666666666667,1.0,2.6,0.4,0.7949364754494537,1.0832917427913868,1.7406644248676997,2.7894114074478145,4.504895559277706
2023-10-07 11:45:00,140.43829493764167,2.864779535966965,0.5732577678904099,2.0919245992760844,0.31060185329663964,0.4166666666666667,1.0,2.6,0.4,0.7949364754494537,1.0726607105697494,1.722277608285029,2.6124666983523444,4.204128447133841
2023-10-07 11:50:00,141.0875552638932,2.5517810299549666,0.5510994214047221,1.8206659265150098,0.32037244514499563,0.26223404938432554,1.0,2.6,0.4,0.7949364754494537,1.0726607105697494,1.722277608285029,2.6124666983523444,4.204128447133841
2023-10-07 11:55:00,141.08742338434138,2.531126971528729,0.6106864687907864,1.703559016887377,0.31788156673161866,0.4166666666666667,1.0,2.6,0.4,0.7949364754494537,1.0726607105697494,1.722277608285029,2.6124666983523444,4.204128447133841
2023-10-07 12:00:00,141.0872915047936,3.1659843524010283,0.6817055806098488,2.212855075622478,0.3154219663935612,0.4166666666666667,0.013928388277184121,0.0953259670813782,0.0116619037896906,0.7964923100695951,1.1082062082482664,1.8343325761704175,2.9144306905466113,4.5683406177735915
2023-10-07 12:05:00,141.08715962524977,3.0996987133200653,0.6842810777412912,2.1433794554994274,0.32037084824905376,0.2637774832409759,1.0,2.6,0.4,0.7964923100695951,1.1082062082482664,1.8343325761704175,2.9144306905466113,4.5683406177735915
2023-10-07 12:10:00,141.08709368547937,3.0623775145865255,0.707400904615382,2.06980574582566,0.33592861378815125,0.2637756030372837,1.0,2.6,0.4,0.7964923100695951,1.1082062082482664,1.8343325761704175,2.9144306905466113,4.5683406177735915
2023-10-07 12:15:00,141.0868958661741,3.0870586786568452,0.6997026138342893,2.10632994135885,0.32036977534155403,0.26457973598673246,1.0,2.6,0.4,0.7949364754494537,1.0877297458468258,1.720117437851265,2.997711794018898,5.878438227964975
2023-10-07 12:20:00,141.0867639866423,3.2979441888608143,0.7773555357974256,2.1911328607729796,0.2991450451371412,0.26625242429557566,1.0,2.6,0.4,0.7949364754494537,1.0877297458468258,1.720117437851265,2.997711794018898,5.878438227964975
2023-10-07 12:25:00,141.08663210711444,3.5257342758863657,0.803467155195504,2.374710132671551,0.31541946049546726,0.26376996313627715,1.0,2.6,0.4,0.7949364754494537,1.0877297458468258,1.720117437851265,2.997711794018898,5.878438227964975
2023-10-07 12:30:00,141.08656616735206,3.028844583788167,0.7255091600979001,2.0081801026574952,0.3203681784663342,0.2637680834059734,0.014866068747318507,0.09413267233006826,0.0116619037896906,0.7688016649305593,1.0824047302187847,1.7873672705966168,3.1025745760577617,5.542788107081129
2023-10-07 12:35:00,141.0864342878302,2.3538770851705406,0.6158337691154631,1.5232152612659111,0.3129914751428924,0.26624605428423914,1.0,2.6,0.4,0.7688016649305593,1.0824047302187847,1.7873672705966168,3.1025745760577617,5.542788107081129
2023-10-07 12:40:00,141.7357253665039,2.370136547743201,0.5883238732979275,1.5827839271717556,0.29696205206539017,0.2727409582456733,1.0,2.6,0.4,0.7688016649305593,1.0824047302187847,1.7873672705966168,3.1025745760577617,5.542788107081129
2023-10-07 12:45:00,141.0861705287985,3.5045231173663765,0.8428424831357809,2.291997248253728,0.31541748986137125,0.2653944909367511,1.0,2.6,0.4,0.7597262664933996,1.0895063102157785,1.8157348264545679,3.138096596664927,5.140301158492565
2023-10-07 12:50:00,141.08597270953524,3.1854776255166075,0.7359110723077876,2.1457668403158228,0.32036605763559534,0.2637605656683183,1.0,2.6,0.4,0.7597262664933996,1.0895063102157785,1.8157348264545679,3.138096596664927,5.140301158492565
2023-10-07 12:55:00,141.0859067697828,2.554358296483576,0.6234466656569773,1.7057895788848392,0.31787538116859926,0.26623754980640646,1.0,2.6,0.4,0.7597262664933996,1.0895063102157785,1.8157348264545679,3.138096596664927,5.140301158492565
2023-10-07 13:00:00,141.08577489028096,2.4721349561715473,0.561141068075386,1.7261864788901193,0.29271357205659815,0.2727300130241733,0.014866068747318507,0.09771304928206878,0.0116619037896906,0.7634978716407794,1.1064217098376188,1.8749396150276414,3.150895745657098,5.299528280894442
2023-10-07 13:05:00,141.0856430107831,2.8216470110367684,0.6819090012810088,1.873967454083001,0.3154154705912237,0.26889695305621675,1.0,2.6,0.4,0.7634978716407794,1.1064217098376188,1.8749396150276414,3.150895745657098,5.299528280894442
2023-10-07 13:10:00,141.08557707103566,2.6897055226253297,0.7178933389107278,1.6886204139622687,0.3203639118761578,0.2614654751179989,1.0,2.6,0.4,0.7634978716407794,1.1064217098376188,1.8749396150276414,3.150895745657098,5.299528280894442
2023-10-07 13:15:00,141.08537925179934,2.9534334837161915,0.7749249836035322,1.8568184064003692,0.3203633879150439,0.4166666666666667,1.0,2.6,0.4,0.7650104574448641,1.1046379497373788,1.8463866983922952,3.1466287118120557,5.31313429154581
2023-10-07 13:20:00,141.08524737231346,3.3462083975919135,0.793191012563802,2.213780618526105,0.299140421868083,0.2622030746794152,1.0,2.6,0.4,0.7650104574448641,1.1046379497373788,1.8463866983922952,3.1466287118120557,5.31313429154581
2023-10-07 13:25:00,141.08511549283156,3.1722336832087423,0.8167392043782745,2.0059165996960893,0.3013588444659582,0.26146054644140865,1.0,2.6,0.4,0.7650104574448641,1.1046379497373788,1.8463866983922952,3.1466287118120557,5.31313429154581
2023-10-07 13:30:00,141.0849836133537,2.7345224447123546,0.7231159500320931,1.7240688523192635,0.2969583698123477,0.4166666666666667,0.013928388277184121,0.08578484714680093,0.0125,0.7537214339528895,1.0966202624427475,1.8529682566088388,2.9426274398910914,4.818943452666777
2023-10-07 13:35:00,141.08491767361625,2.8786732009179796,0.74641099176165,1.8282548114408348,0.310591648526783,0.26296011690723764,1.0,2.6,0.4,0.7537214339528895,1.0966202624427475,1.8529682566088388,2.9426274398910914,4.818943452666777
2023-10-07 13:40:00,141.08478579414438,2.4506866453230813,0.6897028860431812,1.5010885364221562,0.29695763768170935,0.4166666666666667,1.0,2.6,0.4,0.7537214339528895,1.0966202624427475,1.8529682566088388,2.9426274398910914,4.818943452666777
2023-10-07 13:45:00,141.73407662859236,2.3358664982864776,0.6336972595060589,1.4777079050618427,0.2927105420392246,0.4166666666666667,1.0,2.6,0.4,0.7597262664933996,1.1207180733797415,1.9135067703041972,3.313499811377692,6.099458992402524
2023-10-07 13:50:00,143.03300955216602,2.307114505762778,0.6286608999974226,1.4579181909660563,0.29695690555546345,0.2629547315517285,1.0,2.6,0.4,0.7597262664933996,1.1207180733797415,1.9135067703041972,3.313499811377692,6.099458992402524
2023-10-07 13:55:00,143.68264908110518,2.131508484527923,0.5687091200071954,1.383753847248793,0.30361180890275746,0.4166666666666667,1.0,2.6,0.4,0.7597262664933996,1.1207180733797415,1.9135067703041972,3.313499811377692,6.099458992402524
2023-10-07 14:00:00,143.0328116462328,1.76711563597967,0.4653966726825645,1.2029619556090323,0.28470325217369474,0.4166666666666667,0.013928388277184121,0.09771304928206878,0.0125,0.7642538845174424,1.1296765023669388,1.9300794180551224,3.326372836890056,5.466825770042429
2023-10-07 14:05:00,143.03267970894876,2.0499278089542297,0.5295613839035304,1.368182384451998,0.2969558073743304,0.26373241968318584,1.0,2.6,0.4,0.7642538845174424,1.1296765023669388,1.9300794180551224,3.326372836890056,5.466825770042429
2023-10-07 14:10:00,143.0325477716686,3.3201645056679983,0.935492178798446,1.9672495412041595,0.2969554413161489,0.2629475550155157,1.0,2.6,0.4,0.7642538845174424,1.1296765023669388,1.9300794180551224,3.326372836890056,5.466825770042429
2023-10-07 14:15:00,144.98174007171028,3.249662247221734,0.962043152824524,1.8577418540161,0.2906448563816259,0.2645327467597463,1.0,2.6,0.4,0.7680423165425198,1.135957745693034,1.9633001196964257,3.31922054103068,5.96445504635587
2023-10-07 14:20:00,143.68192332290872,3.125428982269884,0.9620588194636333,1.7368985276411488,0.2927081969468491,0.4166666666666667,1.0,2.6,0.4,0.7680423165425198,1.135957745693034,1.9633001196964257,3.31922054103068,5.96445504635587
2023-10-07 14:25:00,143.03215195985106,2.6755876285302866,0.8615662714821988,1.4551981372808331,0.27739151281802515,0.4166666666666667,1.0,2.6,0.4,0.7680423165425198,1.135957745693034,1.9633001196964257,3.31922054103068,5.96445504635587
2023-10-07 14:30:00,143.03202002258624,2.3716529603631584,0.785584184036279,1.28023276769914,0.27739128806947677,0.4166666666666667,0.013928388277184121,0.06438136376312636,0.0125,0.7544700126578923,1.1548510726496297,2.0400656460025988,3.646786119311084,6.902133293410089
2023-10-07 14:35:00,141.73275763870652,2.3060617609601386,0.6668620053101751,1.397543390080879,0.2847013240344744,0.26372117159798447,1.0,2.6,0.4,0.7544700126578923,1.1548510726496297,2.0400656460025988,3.646786119311084,6.902133293410089
2023-10-07 14:40:00,141.73262573973966,2.85238517095238,0.8195951912080611,1.6893393287669145,0.29481044912596227,0.26371930926814274,1.0,2.6,0.4,0.7544700126578923,1.1548510726496297,2.0400656460025988,3.646786119311084,6.902133293410089
2023-10-07 14:45:00,141.7324938407767,3.0752247531037704,0.9382536851876802,1.7243507355012184,0.2828058303590546,0.26371743273065396,1.0,2.6,0.4,0.7522260298607062,1.1738159992094161,2.084778894751192,3.859307742328927,6.931639344339838
2023-10-07 14:50:00,141.73236194181766,2.5393295825224174,0.7752243244171985,1.4551616156136498,0.2756781910926359,0.2637155563115869,1.0,2.6,0.4,0.7522260298607062,1.1738159992094161,2.084778894751192,3.859307742328927,6.931639344339838
2023-10-07 14:55:00,143.03136033631955,1.6497059152621252,0.5224514553359334,1.0034527188726683,0.2773901989145949,0.26451712121670695,1.0,2.6,0.4,0.7522260298607062,1.1738159992094161,2.084778894751192,3.859307742328927,6.931639344339838
2023-10-07 15:00:00,143.03122839907775,1.498676962730487,0.4517351574325544,0.9749521024350564,0.2773899741706523,0.26371181098950347,0.013928388277184121,0.07625850772208961,0.0125,0.7477539702335253,1.157556046159321,2.0959799235679712,3.468290789423517,5.482403122719088
2023-10-07 15:05:00,141.73203219443735,1.4277052689184846,0.3984421920379991,0.9969179320493753,0.2773897494274976,0.26370994924591695,1.0,2.6,0.4,0.7477539702335253,1.157556046159321,2.0959799235679712,3.468290789423517,5.482403122719088
2023-10-07 15:10:00,141.73190029549215,1.1802223963968637,0.38784208148248045,0.7928196942323859,0.28469937684940666,0.4166666666666667,1.0,2.6,0.4,0.7477539702335253,1.157556046159321,2.0959799235679712,3.468290789423517,5.482403122719088
2023-10-07 15:15:00,143.68053778485162,1.1611764830428615,0.36125216604978716,0.8191984246770714,0.2773892999435517,0.4166666666666667,1.0,2.6,0.4,0.7627424204802038,1.2055741370815818,2.164491663185608,3.7088559219791755,6.117078060643006
2023-10-07 15:20:00,145.6300668715825,1.4982275497857136,0.3942136892845051,1.0698741108624459,0.2773890924904857,0.2637043360790355,1.0,2.6,0.4,0.7627424204802038,1.2055741370815818,2.164491663185608,3.7088559219791755,6.117078060643006
2023-10-07 15:25:00,146.9301513782277,1.789288298479973,0.4314038107603483,1.2814985688736775,0.2846985369010703,0.4166666666666667,1.0,2.6,0.4,0.7627424204802038,1.2055741370815818,2.164491663185608,3.7088559219791755,6.117078060643006
2023-10-07 15:30:00,146.93001933216814,1.6529031583235316,0.39211756570134465,1.2202761008363605,0.27738864301114574,0.26291886729975655,1.0,2.6,0.4,0.7634978716407794,1.187404311934229,2.13862288400737,3.5747201289051986,6.120993710174845
2023-10-07 15:35:00,145.62967083933447,1.7408513952474036,0.4071500050873986,1.2775849238908572,0.26252562997600587,0.2636987239726899,1.0,2.6,0.4,0.7634978716407794,1.187404311934229,2.13862288400737,3.5747201289051986,6.120993710174845
2023-10-07 15:40:00,146.27953755374753,2.4191714445108192,0.5616291567728648,1.6736764229253642,0.266439456788224,0.4166666666666667,1.0,2.6,0.4,0.7634978716407794,1.187404311934229,2.13862288400737,3.5747201289051986,6.120993710174845
2023-10-07 15:45:00,144.97943019847537,2.4026631123417777,0.6038760846946365,1.5894700704358962,0.26508057872420604,0.26791560155649186,1.0,2.6,0.4,0.8488792611437742,1.2815615474880635,2.206194696757292,3.9869462311398176,6.986728562066799
2023-10-07 15:50:00,145.62927480711915,3.4171983409098883,0.9172675727356889,2.0904134353281747,0.27567568561916433,0.2670281761349611,1.0,2.6,0.4,0.8488792611437742,1.2815615474880635,2.206194696757292,3.9869462311398176,6.986728562066799
2023-10-07 15:55:00,143.67948213708803,3.9067236687112636,0.9942697863665745,2.453296080140369,0.27738753661388893,0.26141141936309437,1.0,2.6,0.4,0.8488792611437742,1.2815615474880635,2.206194696757292,3.9869462311398176,6.986728562066799
2023-10-07 16:00:00,143.02971112107238,2.648659413788627,0.7858679017443622,1.5439891043771996,0.29694734525123434,0.4166666666666667,1.0,0.06556706490304412,0.018027756377319945,0.7665252768174055,1.1964819263156463,2.135251891463862,3.7478719295087974,6.309069344998517
2023-10-07 16:05:00,142.37996715904316,2.185531433221628,0.7754608296860457,1.121731352659235,0.317855815373997,0.4166666666666667,1.0,2.6,0.4,0.7665252768174055,1.1964819263156463,2.135251891463862,3.7478719295087974,6.309069344998517
2023-10-07 16:10:00,141.7303834579054,1.6559866741683444,0.520262889092015,1.0124885364641971,0.2809509997263012,0.4166666666666667,1.0,2.6,0.4,0.7665252768174055,1.1964819263156463,2.135251891463862,3.7478719295087974,6.309069344998517
2023-10-07 16:15:00,142.37963736361297,2.107898505552195,0.6569863697351502,1.2246201372272256,0.2948037669660084,0.4166666666666667,1.0,2.6,0.4,0.7366688536920778,1.2019355223971042,2.215225351967605,3.970975824655698,6.876564840092763
2023-10-07 16:20:00,142.3795714045298,2.1444248881844925,0.4774648644309471,1.5458533966571375,0.2969458811266457,0.4166666666666667,1.0,2.6,0.4,0.7366688536920778,1.2019355223971042,2.215225351967605,3.970975824655698,6.876564840092763
2023-10-07 16:25:00,141.7299218117868,2.164681830331387,0.42043768665671805,1.6656181938950108,0.28663334643324806,0.2621396512069206,1.0,2.6,0.4,0.7366688536920778,1.2019355223971042,2.215225351967605,3.970975824655698,6.876564840092763
2023-10-07 16:30:00,141.72978991290464,3.818654849928066,1.173666084582613,2.0914136189454435,0.2969451490709408,0.4166666666666667,0.018681541692269404,0.07982881685206164,0.021914607000811125,0.7425638019725982,1.2247138441284968,2.2400840698509508,3.9535585236594133,6.933606565129002
2023-10-07 16:35:00,142.37917565005142,1.6634068715343064,0.4728306764166312,1.0932931862617776,0.2991254795426824,0.4166666666666667,1.0,2.6,0.4,0.7425638019725982,1.2247138441284968,2.2400840698509508,3.9535585236594133,6.933606565129002
2023-10-07 16:40:00,141.72952611515217,1.9368572858673203,0.5107308515752168,1.2904114380825376,0.299125107102113,0.4166666666666667,1.0,2.6,0.4,0.7425638019725982,1.2247138441284968,2.2400840698509508,3.9535585236594133,6.933606565129002
2023-10-07 16:45:00,142.37891181375198,2.750507132941652,0.8567451535513864,1.5342965426007313,0.29912471275444585,0.4166666666666667,1.0,2.6,0.4,0.7366688536920778,1.2429979887352998,2.2808366885860107,4.343676898665461,7.8106721861821855
2023-10-07 16:50:00,141.7292623174155,3.018535818711939,1.0157560979241282,1.552796857371705,0.28469384098008854,0.4166666666666667,1.0,2.6,0.4,0.7366688536920778,1.2429979887352998,2.2808366885860107,4.343676898665461,7.8106721861821855
2023-10-07 16:55:00,142.37864797746806,2.972985923276073,0.9598916966185889,1.5927876266826662,0.2969432974202369,0.4166666666666667,1.0,2.6,0.4,0.7366688536920778,1.2429979887352998,2.2808366885860107,4.343676898665461,7.8106721861821855
2023-10-07 17:00:00,141.7290644691233,3.780561357643337,1.2679870024898308,1.9114103389236266,0.2740087595569496,0.4166666666666667,0.013928388277184121,0.04903060268852505,0.0145,0.74552598881595,1.2696019061107304,2.3535013575521897,4.403547689079795,7.593589401593953
2023-10-07 17:05:00,142.37845010026533,2.762392354802629,0.8279155803489393,1.5895185702888546,0.2678487678471021,0.4166666666666667,1.0,2.6,0.4,0.74552598881595,1.2696019061107304,2.3535013575521897,4.403547689079795,7.593589401593953
2023-10-07 17:10:00,143.67750279818404,2.4867740342566633,0.7834816263243212,1.3924589957037923,0.2678486103107958,0.2716113228618894,1.0,2.6,0.4,0.74552598881595,1.2696019061107304,2.3535013575521897,4.403547689079795,7.593589401593953
2023-10-07 17:15:00,143.0277320635668,3.096458842119269,0.8621032464944736,1.8615195203775516,0.26252354770088343,0.2767094136912592,1.0,2.6,0.4,0.7484978289881675,1.3083122715926807,2.473258223477686,4.8810353666,8.904176323501238
2023-10-07 17:20:00,144.32703535743047,3.9919365077115345,1.1201344845816605,2.3433963597658103,0.2723927799466505,0.27564890487126037,1.0,2.6,0.4,0.7484978289881675,1.3083122715926807,2.473258223477686,4.8810353666,8.904176323501238
2023-10-07 17:25:00,144.97679034473083,4.628360702362978,1.1899676338332317,2.8647067052623307,0.2756717342477777,0.2894930267791575,1.0,2.6,0.4,0.7484978289881675,1.3083122715926807,2.473258223477686,4.8810353666,8.904176323501238
2023-10-07 17:30:00,143.67704095256227,4.9156794090771925,0.9546920105976585,3.5157986321748096,0.2773833359356983,0.2870119340872761,0.01676305461424021,0.08101950382469643,0.018027756377319945,0.7522260298607062,1.315708554353889,2.465255069967406,4.879567193922018,8.603292625501007
2023-10-07 17:35:00,146.92665215884475,4.2992879828980906,1.147009539062472,2.6053083903858254,0.28279689616214365,0.3159682399271013,1.0,2.6,0.4,0.7522260298607062,1.315708554353889,2.465255069967406,4.879567193922018,8.603292625501007
2023-10-07 17:40:00,143.6767770407992,13.000819496461958,4.119632816237801,6.716571504243035,0.31784600856957623,0.30000834184147096,1.0,2.6,0.4,0.7522260298607062,1.315708554353889,2.465255069967406,4.879567193922018,8.603292625501007
2023-10-07 17:45:00,142.3773947553319,5.277990013370756,1.3032005229222,3.334514703091121,0.31784551577828607,0.27063045434106525,1.0,2.6,0.4,0.7440436815133907,1.285245501840018,2.4663982160227085,4.64052715216709,7.852133722753325
2023-10-07 17:50:00,142.37726283723265,4.511175787365577,1.3302209984214168,2.5336490306407073,0.2969392712534995,0.2715903242766586,1.0,2.6,0.4,0.7440436815133907,1.285245501840018,2.4663982160227085,4.64052715216709,7.852133722753325
2023-10-07 17:55:00,141.72761358191823,4.506889604931687,1.4303205688625147,2.3769173384609936,0.2947967257424149,0.2644470008473182,1.0,2.6,0.4,0.7440436815133907,1.285245501840018,2.4663982160227085,4.64052715216709,7.852133722753325
2023-10-07 18:00:00,141.72748168310505,4.086576828162189,1.370796549000691,2.054883025178729,0.28468996608734126,0.2687571394753711,0.014866068747318507,0.06201161181585268,0.0145,0.7366688536920778,1.2760391843513272,2.4355524712064813,4.485393656079697,7.518636578529382
2023-10-07 18:05:00,141.72741573369996,3.940990111629055,1.2439288980985561,2.1044784339720985,0.2773817801988224,0.26364274698280626,1.0,2.6,0.4,0.7366688536920778,1.2760391843513272,2.4355524712064813,4.485393656079697,7.518636578529382
2023-10-07 18:10:00,142.37673516487484,3.641910939239413,1.026675118773564,2.142603827472955,0.2791402481522093,0.27157982836146494,1.0,2.6,0.4,0.7366688536920778,1.2760391843513272,2.4355524712064813,4.485393656079697,7.518636578529382
2023-10-07 18:15:00,142.37660324679507,3.911664035466998,1.0053634492329282,2.441007013292584,0.2906294320798896,0.27457809271835076,1.0,2.6,0.4,0.7374035530155791,1.2567453998324403,2.393349084442134,4.305733851505455,7.48116809061259
2023-10-07 18:20:00,163.20379325136855,5.139542411488254,1.3762671996926608,3.084691882294569,0.26784656239582916,0.30557949030001963,1.0,2.6,0.4,0.7374035530155791,1.2567453998324403,2.393349084442134,4.305733851505455,7.48116809061259
2023-10-07 18:25:00,147.57556857533712,10.689509271120912,2.9181492360694876,6.248188115151743,0.2791395381818636,0.312890699691918,1.0,2.6,0.4,0.7374035530155791,1.2567453998324403,2.393349084442134,4.305733851505455,7.48116809061259
2023-10-07 18:30:00,148.22569199327117,8.200584927792134,2.2420414283698507,4.801501575121007,0.2969363216862771,0.32844184423615214,0.01676305461424021,0.09890682484035163,0.01680029761641144,0.7344685153224746,1.244829305567635,2.3569139483655315,4.35681537937976,8.118804345468611
2023-10-07 18:35:00,144.32512172907104,18.546713683516664,5.457380078151492,10.208751454508516,0.3385677116870544,0.28455171482738956,1.0,2.6,0.4,0.7344685153224746,1.244829305567635,2.3569139483655315,4.35681537937976,8.118804345468611
2023-10-07 18:40:00,144.97481045538916,10.392052631828673,2.8277663722472846,6.089772742384029,0.3279759238229792,0.2644295336138544,1.0,2.6,0.4,0.7344685153224746,1.244829305567635,2.3569139483655315,4.35681537937976,8.118804345468611
2023-10-07 18:45:00,142.37581173839828,4.972202959662896,1.3249881102942964,2.997590246366004,0.3129558767985928,0.4166666666666667,1.0,2.6,0.4,0.723553038829912,1.2292798704932901,2.3069197125171046,5.041178532843287,9.1755435806278
2023-10-07 18:50:00,142.37567982034577,3.392180346989531,0.9151894983898052,2.069071858238,0.31056236355323474,0.4166666666666667,1.0,2.6,0.4,0.723553038829912,1.2292798704932901,2.3069197125171046,5.041178532843287,9.1755435806278
2023-10-07 18:55:00,142.37561386132094,2.6034105511329693,0.7086717376607763,1.6192200967664536,0.31538061121507244,0.2620884761015066,1.0,2.6,0.4,0.723553038829912,1.2292798704932901,2.3069197125171046,5.041178532843287,9.1755435806278
2023-10-07 19:00:00,144.3244618574049,2.1977651967603586,0.48028006365739995,1.59302231387498,0.3203266640617164,0.4166666666666667,0.013000000000000001,0.07031472107603072,0.0125,0.7106511098985212,1.1756257908024985,2.163366043923219,4.562927130691438,8.397554167732412
2023-10-07 19:05:00,143.02482944745302,2.6484084510546793,0.6271154063513737,1.7917539788044081,0.31537961393866615,0.4166666666666667,1.0,2.6,0.4,0.7106511098985212,1.1756257908024985,2.163366043923219,4.562927130691438,8.397554167732412
2023-10-07 19:10:00,143.0247634789266,3.0978574721665004,0.8914653217527995,1.8177647833776953,0.3153791274643053,0.2821850823701105,1.0,2.6,0.4,0.7106511098985212,1.1756257908024985,2.163366043923219,4.562927130691438,8.397554167732412
2023-10-07 19:15:00,268.0095845789646,4.559075105510268,1.1044139155226667,2.928203611758755,0.3013309082972397,0.34501921453023815,1.0,2.6,0.4,0.697974927916469,1.1386522735233968,2.0445302638992655,4.555609756113884,8.25716319325227
2023-10-07 19:20:00,229.28073227347866,7.0749833817042855,1.2199226181752243,5.253736209474979,0.32032454365907115,0.3316175340073818,1.0,2.6,0.4,0.697974927916469,1.1386522735233968,2.0445302638992655,4.555609756113884,8.25716319325227
2023-10-07 19:25:00,229.2805324718957,5.19215917735995,0.5256805605711863,4.488242582395048,0.3203240197982576,0.30267901307474426,1.0,2.6,0.4,0.697974927916469,1.1386522735233968,2.0445302638992655,4.555609756113884,8.25716319325227
2023-10-07 19:30:00,216.16821391080097,4.554552956593006,0.6856739745796019,3.5849128532781704,0.30819926194080544,0.29064953000045674,0.013000000000000001,0.059644278853885055,0.0125,0.7213875518748574,1.167486616625647,2.085898597727128,4.684479933781337,8.927939291908297
2023-10-07 19:35:00,277.8637372422678,6.544075026612658,0.734598000949186,5.490603867643894,0.310558197308739,0.3098452073633865,1.0,2.6,0.4,0.7213875518748574,1.167486616625647,2.085898597727128,4.684479933781337,8.927939291908297
2023-10-07 19:40:00,174.2937017175133,6.418664947803081,0.6703654554319364,5.470113814969638,0.29693117626166704,0.2932078217914168,1.0,2.6,0.4,0.7213875518748574,1.167486616625647,2.085898597727128,4.684479933781337,8.927939291908297
2023-10-07 19:45:00,172.9877525160864,6.360078287381394,0.5697794200741813,5.579247309462496,0.294788987236713,0.2945097424602018,1.0,2.6,0.4,1.0479699423170497,1.5564947799462743,2.5924580150891545,5.001489803048687,9.02300371273336
2023-10-07 19:50:00,176.90561539796298,5.683726089623723,0.3639388245697526,5.280637125869812,0.29693044429421467,0.29582656926691864,1.0,2.6,0.4,1.0479699423170497,1.5564947799462743,2.5924580150891545,5.001489803048687,9.02300371273336
2023-10-07 19:55:00,175.59925965464615,5.762885895507506,0.39922613230477655,5.2884791239191316,0.2969300783121361,0.29190365719265415,1.0,2.6,0.4,1.0479699423170497,1.5564947799462743,2.5924580150891545,5.001489803048687,9.02300371273336
2023-10-07 20:00:00,165.80922199094806,5.512429579741872,0.35409554156613665,5.130345052295332,0.2809395674448131,0.2844880897565929,0.034365680554879166,0.1299852299301732,0.03736308338453881,1.1153515140976857,1.6353131198642052,2.6994788830439105,5.033827793041792,8.840814668343636
2023-10-07 20:05:00,159.28986350364048,5.5248239530603325,0.3886263648984865,5.0714891860291775,0.2773764736915959,0.28330673027495845,1.0,2.6,0.4,1.1153515140976857,1.6353131198642052,2.6994788830439105,5.033827793041792,8.840814668343636
2023-10-07 20:10:00,158.638126016134,5.558070763736574,0.44805053764473507,4.991590504249294,0.2827887462200291,0.2809991547825785,1.0,2.6,0.4,1.1153515140976857,1.6353131198642052,2.6994788830439105,5.033827793041792,8.840814668343636
2023-10-07 20:15:00,145.62227824337444,4.75335677336179,0.3580496455703731,4.363444435950843,0.28661993893509746,0.27249349097485576,1.0,2.6,0.4,1.2953860428459156,1.8123366133254608,2.868194303041549,5.188283049333372,8.999235745328601
2023-10-07 20:20:00,144.97223660048394,3.116863540792108,0.31420445362009347,2.829735879181935,0.2708210518736709,0.2745058889078812,1.0,2.6,0.4,1.2953860428459156,1.8123366133254608,2.868194303041549,5.188283049333372,8.999235745328601
2023-10-07 20:25:00,152.77685136638024,2.257009025143653,0.2883011145914047,2.0432950637862373,0.27737559219712793,0.2832921669912849,1.0,2.6,0.4,1.2953860428459156,1.8123366133254608,2.868194303041549,5.188283049333372,8.999235745328601
2023-10-07 20:30:00,155.38080914062832,3.1414352162646577,0.2968746957640333,2.8997840729918374,0.28093807482530375,0.28446567187990845,0.07516648189186455,0.19465703172503174,0.04903060268852505,1.0043112067481874,1.4068493167358047,2.251395087495751,4.615629534527224,8.551847753555952
2023-10-07 20:35:00,154.07845011376585,4.0246494009588965,0.284298483583256,3.8191610566507483,0.2926829644686738,0.2944643655137708,1.0,2.6,0.4,1.0043112067481874,1.4068493167358047,2.251395087495751,4.615629534527224,8.551847753555952
2023-10-07 20:40:00,159.2888709585903,3.9247959118644102,0.27682890678026856,3.7443989247181486,0.29062011351173206,0.2787452854791661,1.0,2.6,0.4,1.0043112067481874,1.4068493167358047,2.251395087495751,4.615629534527224,8.551847753555952
2023-10-07 20:45:00,154.72922923843015,3.766857146705853,0.28697581216730456,3.5532280071692735,0.2739999895015515,0.27347493897873254,1.0,2.6,0.4,1.3639505122987419,1.7873600644525995,2.7144681689052828,4.448845355819867,7.108762480207087
2023-10-07 20:50:00,154.72916311875468,3.621481268569029,0.31933553130785614,3.3205837876750914,0.2773744860251497,0.27347214820052546,1.0,2.6,0.4,1.3639505122987419,1.7873600644525995,2.7144681689052828,4.448845355819867,7.108762480207087
2023-10-07 20:55:00,152.12510847419344,3.331204960266023,0.33348205505109885,2.9976839975894167,0.29478408222384084,0.27247187769061054,1.0,2.6,0.4,1.3639505122987419,1.7873600644525995,2.7144681689052828,4.448845355819867,7.108762480207087
2023-10-07 21:00:00,153.4267537338583,3.488535497722614,0.35619773475050137,3.104729038795953,0.2885972237213908,0.27448282917294264,0.070178344238091,0.16111064521005433,0.03881043674065006,1.2503263573963401,1.642931830600406,2.566050662009618,4.383098932262424,7.8106721861821855
2023-10-07 21:05:00,158.63660427202439,3.4552551860640173,0.3661333275519796,3.0507521541245346,0.28859692471434767,0.2787290070424798,1.0,2.6,0.4,1.2503263573963401,1.642931830600406,2.566050662009618,4.383098932262424,7.8106721861821855
2023-10-07 21:10:00,158.63647194646722,3.6251500836070423,0.4256708480411834,3.103767969942276,0.28467944941711587,0.284435801431024,1.0,2.6,0.4,1.2503263573963401,1.642931830600406,2.566050662009618,4.383098932262424,7.8106721861821855
2023-10-07 21:15:00,159.28787841369643,4.073565403897044,0.45052199712791186,3.505007637928244,0.2926802880122028,0.28562510192277046,1.0,2.6,0.4,1.5508139798183405,1.9966193928738645,2.99812405347077,5.311975997686736,9.363807986070624
2023-10-07 21:20:00,161.89463238658513,3.7411088026276302,0.33720642356149805,3.398202612695694,0.28467889594442586,0.29574309305545116,1.0,2.6,0.4,1.5508139798183405,1.9966193928738645,2.99812405347077,5.311975997686736,9.363807986070624
2023-10-07 21:25:00,163.85035730776548,4.560092691472366,0.7530765174840812,3.4815057453288256,0.2827848300707738,0.3172097270273173,1.0,2.6,0.4,1.5508139798183405,1.9966193928738645,2.99812405347077,5.311975997686736,9.363807986070624
2023-10-07 21:30:00,163.85015866119818,6.516187097214644,1.7133427239630452,3.934754318169635,0.3081885051923623,0.29706806736001784,0.07416872656315462,0.22941804636950422,0.0505,1.6067759644704673,2.0179259153893634,2.920349595510784,5.111767698164696,8.91209717182213
2023-10-07 21:35:00,164.50208125699004,5.810514397544067,1.276929136702704,3.9046532110782586,0.2906165938371508,0.29572921012156306,1.0,2.6,0.4,1.6067759644704673,2.0179259153893634,2.920349595510784,5.111767698164696,8.91209717182213
2023-10-07 21:40:00,165.15406494046502,4.3266558594197075,0.6377018251689934,3.436393106919676,0.2809345982310015,0.28323763102688887,1.0,2.6,0.4,1.6067759644704673,2.0179259153893634,2.920349595510784,5.111767698164696,8.91209717182213
2023-10-07 21:45:00,165.15393248460316,4.027120757596876,0.46907266815757875,3.4252170301706233,0.28661470918545534,0.28681111765988765,1.0,2.6,0.4,1.3937722195538267,1.8075311892191517,2.66030933539692,4.807650803667005,8.696305882384772
2023-10-07 21:50:00,191.28197270431232,4.126767577329682,0.40600617963748414,3.641255096978679,0.2846772355481183,0.2957153047842275,1.0,2.6,0.4,1.3937722195538267,1.8075311892191517,2.66030933539692,4.807650803667005,8.696305882384772
2023-10-07 21:55:00,167.11037536661806,4.746765893266703,0.5358371686579035,4.026181779898297,0.28661412378460926,0.29571067804725965,1.0,2.6,0.4,1.3937722195538267,1.8075311892191517,2.66030933539692,4.807650803667005,8.696305882384772
2023-10-07 22:00:00,174.2893254439701,6.156346543728326,1.1478375474664608,4.449656721618843,0.2926772381771978,0.29703966733492726,0.07616429609731847,0.236611411390068,0.05197114584074514,1.0409462041815611,1.3732592617564974,2.0993419540417895,3.9172894008484995,7.030023044058961
2023-10-07 22:05:00,175.59514797009803,6.515326322830443,1.1371183932957845,4.824371270396603,0.2969205416369998,0.2957014251174424,1.0,2.6,0.4,1.0409462041815611,1.3732592617564974,2.0993419540417895,3.9172894008484995,7.030023044058961
2023-10-07 22:10:00,167.76226504628121,7.175239800609724,1.1747267058223183,5.4242170760960535,0.3035706995113215,0.29307486775014163,1.0,2.6,0.4,1.0409462041815611,1.3732592617564974,2.0993419540417895,3.9172894008484995,7.030023044058961
2023-10-07 22:15:00,159.93776393167946,7.0790148421136125,1.030113599749307,5.554481905465506,0.30585987516314794,0.2820540629560498,1.0,2.6,0.4,0.8980623586366372,1.1846839240911478,1.8080882279357942,3.755100564565481,6.937541062941538
2023-10-07 22:20:00,155.37776729518257,5.792722343169077,0.7299465252208306,4.747922033109559,0.29691944378322815,0.2754702046679285,1.0,2.6,0.4,0.8980623586366372,1.1846839240911478,1.8080882279357942,3.755100564565481,6.937541062941538
2023-10-07 22:25:00,147.56909748076947,4.396309661870768,0.5238038067631692,3.697292490943147,0.29691907783416804,0.26434247471886524,1.0,2.6,0.4,0.8980623586366372,1.1846839240911478,1.8080882279357942,3.755100564565481,6.937541062941538
2023-10-07 22:30:00,146.91879543003787,2.8412533612138398,0.33553020317914567,2.5048294307543495,0.2969186903598899,0.4166666666666667,0.047265209192385894,0.21623135757794243,0.04903060268852505,0.8749422838107666,1.1153515140976857,1.673831819508758,3.1551634268291076,5.683171297787883
2023-10-07 22:35:00,146.91866338428264,2.156064887066505,0.27941661458774375,1.970777920576367,0.30131493779422264,0.2620137913574566,1.0,2.6,0.4,0.8749422838107666,1.1153515140976857,1.673831819508758,3.1551634268291076,5.683171297787883
2023-10-07 22:40:00,146.26844717144107,2.001460307959173,0.4166666666666667,1.857627824538834,0.2947766828155591,0.26354072720810895,1.0,2.6,0.4,0.8749422838107666,1.1153515140976857,1.673831819508758,3.1551634268291076,5.683171297787883
2023-10-07 22:45:00,146.26831514323266,1.4685304025715895,0.4166666666666667,1.3489672685796044,0.29061209778195213,0.26201041059634234,1.0,2.6,0.4,0.8336000239923221,1.0182185423571897,1.4766462000086547,2.7139508101658736,4.998809858356287
2023-10-07 22:50:00,148.21875778146511,1.401676402477019,0.27138612899277803,1.252027412790328,0.2791271148857087,0.262008727115723,1.0,2.6,0.4,0.8336000239923221,1.0182185423571897,1.4766462000086547,2.7139508101658736,4.998809858356287
2023-10-07 22:55:00,147.56830510241906,1.6388013641061803,0.27139300548341966,1.485691164758823,0.2809308851906658,0.26353518172226664,1.0,2.6,0.4,0.8336000239923221,1.0182185423571897,1.4766462000086547,2.7139508101658736,4.998809858356287
2023-10-07 23:00:00,148.86876567150992,1.614772744684025,0.2713998926651153,1.4619123291299798,0.2827798326002238,0.2635333310875753,1.0,2.6,0.4,0.8634905905683049,1.0391924749535093,1.5046459251265725,2.4745569805522765,3.9756227185184465
2023-10-07 23:05:00,148.2182955010158,1.5471099140729583,0.26931329002270277,1.4029381162692545,0.29691612875536966,0.2635314876869016,1.0,2.6,0.4,0.8634905905683049,1.0391924749535093,1.5046459251265725,2.4745569805522765,3.9756227185184465
2023-10-07 23:10:00,148.8685014775491,1.5906692110717187,0.2703548088792737,1.4419952085748313,0.31535521881327766,0.27239908621777487,1.0,2.6,0.4,0.8634905905683049,1.0391924749535093,1.5046459251265725,2.4745569805522765,3.9756227185184465
2023-10-07 23:15:00,150.169357830942,1.6423366654168488,0.28589167182928993,1.4416081522582729,0.3058546801811508,0.2723963968619262,1.0,2.6,0.4,0.8634905905683049,1.0497280600231662,1.5370070136469773,2.809025631780529,5.09569426084415
2023-10-07 23:20:00,152.12114313148194,1.6222871935140026,0.31626448215896624,1.343368343890478,0.29909446111674104,0.27239369871388,1.0,2.6,0.4,0.8634905905683049,1.0497280600231662,1.5370070136469773,2.809025631780529,5.09569426084415
2023-10-07 23:25:00,148.21776718055398,1.8185234823347702,0.34309715993643186,1.4760742488374394,0.29691466500552627,0.2754316736989617,1.0,2.6,0.4,0.8634905905683049,1.0497280600231662,1.5370070136469773,2.809025631780529,5.09569426084415
2023-10-07 23:30:00,154.07355781501812,2.260857206689008,0.3808065913668639,1.8346965281257612,0.3081777491663202,0.2879520180539876,1.0,0.07625850772208961,0.020591260281974,0.9535953020018503,1.1449454135459909,1.6706142104028685,2.772615371810522,4.430011286667337
2023-10-07 23:35:00,153.4224569388303,3.182525939097535,0.5803912210839385,2.39416528174209,0.33054724726290075,0.28672486661076324,1.0,2.6,0.4,0.9535953020018503,1.1449454135459909,1.6706142104028685,2.772615371810522,4.430011286667337
2023-10-07 23:40:00,169.71695126964988,4.236396147675443,0.7405435211494373,3.179519092090146,0.3467416037789342,0.32801012508816363,1.0,2.6,0.4,0.9535953020018503,1.1449454135459909,1.6706142104028685,2.772615371810522,4.430011286667337
2023-10-07 23:45:00,180.8178161585952,13.862036448975982,3.0861580131963233,9.158989550654915,0.3667222015510356,0.3480185007008975,1.0,2.6,0.4,1.1117774057786927,1.2797202819366427,1.8004483441631975,2.71673995811156,4.108758449945677
2023-10-07 23:50:00,180.81761708902786,14.121435827142477,2.6724674878887327,10.052884918896034,0.406360556157962,0.3312300662830757,1.0,2.6,0.4,1.1117774057786927,1.2797202819366427,1.8004483441631975,2.71673995811156,4.108758449945677
2023-10-07 23:55:00,169.0639633927099,11.664467812586297,2.333170181751421,8.118917865454765,0.4095238259198534,0.34117293809785915,1.0,2.6,0.4,1.1117774057786927,1.2797202819366427,1.8004483441631975,2.71673995811156,4.108758449945677
2023-10-08 00:00:00,5792.640440000001,63.239320719999995,15.339260352,38.895371761322025,3.8641953000000004,2.6695233,0.027459060435491962,0.09771304928206878,0.023259406699226014,1.1117774057786927,1.2797202819366427,1.8004483441631975,2.71673995811156,4.108758449945677
2023-10-08 00:15:00,146.26593863609497,4.718378803109884,0.8135547981968416,3.5424166354238897,0.42231918074461317,0.2723641356558328,1.0,2.6,0.4,0.9315556880831118,1.0779726341609976,1.5046459251265725,2.385698220647364,3.708984227521061
2023-10-08 00:20:00,147.5660600311088,2.468463978099515,0.46952407929591916,1.8768701442655638,0.4287989413225242,0.26768205606911494,1.0,2.6,0.4,0.9315556880831118,1.0779726341609976,1.5046459251265725,2.385698220647364,3.708984227521061
2023-10-08 00:25:00,146.91569235572493,1.7889765358716259,0.45106741828542035,1.247649142412579,0.4063530697979034,0.267679804388675,1.0,2.6,0.4,0.9315556880831118,1.0779726341609976,1.5046459251265725,2.385698220647364,3.708984227521061
2023-10-08 00:30:00,150.8178917936058,2.0719970325352497,0.4742182852574347,1.4809978638290928,0.40951620975407754,0.26857396987693427,0.02256102834535696,0.08816892876745186,0.020591260281974,0.8586058467073236,0.9818477478713286,1.4079810225993814,1.9550959055759898,2.7629325000803044
2023-10-08 00:35:00,148.2159180593719,2.7064588768712783,0.4765720485827858,2.09932749625379,0.4095151036789086,0.2733469224476929,1.0,2.6,0.4,0.8586058467073236,0.9818477478713286,1.4079810225993814,1.9550959055759898,2.7629325000803044
2023-10-08 00:40:00,163.8445303441772,4.871903302532323,0.6969012837699881,3.882923208749669,0.4386099464360518,0.2878958646353908,1.0,2.6,0.4,0.8586058467073236,0.9818477478713286,1.4079810225993814,1.9550959055759898,2.7629325000803044
2023-10-08 00:45:00,161.23687213534538,7.969669548725527,1.218241622874367,6.149554780847394,0.46867032549792675,0.3295303220798499,1.0,2.6,0.4,0.8408186486989927,0.954446960286427,1.3515825390999987,1.882134493068973,2.640601446640519
2023-10-08 00:50:00,149.51621366464016,17.774663713591277,5.010281765259197,10.12155905693107,0.5810866009100875,0.3496406779313952,1.0,2.6,0.4,0.8408186486989927,0.954446960286427,1.3515825390999987,1.882134493068973,2.640601446640519
2023-10-08 00:55:00,163.19207422278407,13.357934634087707,2.5740883448597507,9.440936764659176,0.6802740581302958,0.32630688765018434,1.0,2.6,0.4,0.8408186486989927,0.954446960286427,1.3515825390999987,1.882134493068973,2.640601446640519
2023-10-08 01:00:00,156.67565363936902,13.6424324278818,2.6890855027411735,9.548682118688026,0.6839971957927221,0.2903709015380329,0.019646882704388503,0.08697677851012878,0.01929378138157474,0.8137346004687277,0.9400085105997712,1.345598692032658,1.9127284830837856,2.679440240050149
2023-10-08 01:05:00,147.5648054328751,9.353254793182147,1.5292169937181506,7.048735160483327,0.6028572439537361,0.27967614900934445,1.0,2.6,0.4,0.8137346004687277,0.9400085105997712,1.345598692032658,1.9127284830837856,2.679440240050149
2023-10-08 01:10:00,157.3267201480196,5.846986521062618,0.6383544653140967,4.951945724736886,0.5452042796183949,0.2723345986788403,1.0,2.6,0.4,0.8137346004687277,0.9400085105997712,1.345598692032658,1.9127284830837856,2.679440240050149
2023-10-08 01:15:00,146.91443792198297,3.544625632136455,0.31991453991431534,3.2424692936827273,0.5099493074679512,0.27233191272717383,1.0,2.6,0.4,0.8019532405321398,0.9248156573069035,1.3267295730479514,1.8416466137671472,2.57390753524675
2023-10-08 01:20:00,146.26415625650424,4.354625647070032,0.4087523786666818,3.863391222513639,0.4960498588800743,0.26427514369090344,1.0,2.6,0.4,0.8019532405321398,0.9248156573069035,1.3267295730479514,1.8416466137671472,2.57390753524675
2023-10-08 01:25:00,145.61402759169835,3.1054737044084613,0.3958399273905584,2.642984975009142,0.5029812301243592,0.4166666666666667,1.0,2.6,0.4,0.8019532405321398,0.9248156573069035,1.3267295730479514,1.8416466137671472,2.57390753524675
2023-10-08 01:30:00,154.72129488278912,1.5636692594771364,0.3668084057607781,1.1817596528041836,0.43859735742582706,0.26270579078372486,0.015811388300841896,0.0572796648034885,0.0145,0.8011716420343397,0.9197738852565885,1.3079856879950942,1.9076163791496445,2.7433308221940718
2023-10-08 01:35:00,154.07011998597864,1.6950961412437326,0.3688384419551289,1.304284415308671,0.40633803442096406,0.2642693886163969,1.0,2.6,0.4,0.8011716420343397,0.9197738852565885,1.3079856879950942,1.9076163791496445,2.7433308221940718
2023-10-08 01:40:00,154.06998776182624,2.7255076429552507,0.4908887885275338,2.0932914955513287,0.4095009144720296,0.2667708710560619,1.0,2.6,0.4,0.8011716420343397,0.9197738852565885,1.3079856879950942,1.9076163791496445,2.7433308221940718
2023-10-08 01:45:00,154.06978942560335,2.6883415433874376,0.49802138842607946,2.0443183818485964,0.4031869189791212,0.26945392345096497,1.0,2.6,0.4,0.8272127900365178,0.9723970382513514,1.4212078806423782,2.1767917332625095,3.2832599653393273
2023-10-08 01:50:00,150.81564530873223,2.964416557831543,0.6638713825313077,2.042853178501347,0.40633482607895804,0.26764156971293246,1.0,2.6,0.4,0.8272127900365178,0.9723970382513514,1.4212078806423782,2.1767917332625095,3.2832599653393273
2023-10-08 01:55:00,150.16493147657073,2.8570164043933652,0.5512162055856219,2.1208525128930846,0.369639872997341,0.26426171684387095,1.0,2.6,0.4,0.8272127900365178,0.9723970382513514,1.4212078806423782,2.1767917332625095,3.2832599653393273
2023-10-08 02:00:00,152.76759781123624,2.4005293149950435,0.35694398269488664,2.020797648540221,0.3755767838892716,0.26590759459172203,0.01676305461424021,0.06793997350602958,0.01680029761641144,0.8137346004687277,0.9206133824793121,1.3099526709007465,1.8416466137671472,2.5861546744152797
2023-10-08 02:05:00,151.4659098305987,2.7249173325414486,0.462865545247765,2.141658181840102,0.372597328656535,0.2634651812147397,1.0,2.6,0.4,0.8137346004687277,0.9206133824793121,1.3099526709007465,1.8416466137671472,2.5861546744152797
2023-10-08 02:10:00,150.16460115176673,3.0424125251235132,0.46519689699008054,2.4521499737759482,0.36963731606215594,0.2659034324780536,1.0,2.6,0.4,0.8137346004687277,0.9206133824793121,1.3099526709007465,1.8416466137671472,2.5861546744152797
2023-10-08 02:15:00,154.71997249124271,2.7123296152862655,0.34539610537224213,2.3547976194891516,0.3907415626003271,0.2785281381959083,1.0,2.6,0.4,0.8288069739088831,0.9570036572552898,1.3897481786280563,2.0985768987578224,3.135901146401143
2023-10-08 02:20:00,154.0687977445927,2.5395175926588345,0.37098090913784215,2.1298457613207957,0.3755732107598329,0.2796262793830486,1.0,2.6,0.4,0.8288069739088831,0.9570036572552898,1.3897481786280563,2.0985768987578224,3.135901146401143
2023-10-08 02:25:00,155.3708239582467,2.539399618105231,0.3938725853004041,2.084727710192235,0.3637766050323274,0.29029946517268695,1.0,2.6,0.4,0.8288069739088831,0.9570036572552898,1.3897481786280563,2.0985768987578224,3.135901146401143
2023-10-08 02:30:00,154.06859940841125,2.1872747929739083,0.377143444402799,1.7693132961012916,0.3385056174458173,0.2807383829177632,0.019646882704388503,0.11563321322180752,0.026000000000000002,0.8074379233105168,0.9273408219203985,1.3555783415206957,2.0303420894026702,3.057220960284029
2023-10-08 02:35:00,150.163874437271,1.9798046031751366,0.38129202148405994,1.5574589110634587,0.3467168596027822,0.2742905994855084,1.0,2.6,0.4,0.8074379233105168,0.9273408219203985,1.3555783415206957,2.0303420894026702,3.057220960284029
2023-10-08 02:40:00,150.16374230737344,1.7136347336617008,0.36698689154867514,1.3257919597713161,0.34671614080613394,0.27228635350459746,1.0,2.6,0.4,0.8074379233105168,0.9273408219203985,1.3555783415206957,2.0303420894026702,3.057220960284029
2023-10-08 02:45:00,154.0681366240148,1.5818304559813483,0.3771823175160187,1.1796864270216083,0.3331572733113901,0.27327487322367605,1.0,2.6,0.4,0.7802570089400032,0.8972318540934668,1.3011126930439192,1.9332279353454418,2.8147795650814293
2023-10-08 02:50:00,156.6725449871358,1.6254934754437387,0.3875988328396729,1.2022706465434074,0.3202766782729504,0.2807247386199283,1.0,2.6,0.4,0.7802570089400032,0.8972318540934668,1.3011126930439192,1.9332279353454418,2.8147795650814293
2023-10-08 02:55:00,161.2329669424842,2.150011489476061,0.37310759452842535,1.7405469629023098,0.3202761794740736,0.28417933198586576,1.0,2.6,0.4,0.7802570089400032,0.8972318540934668,1.3011126930439192,1.9332279353454418,2.8147795650814293
2023-10-08 03:00:00,178.85148493794296,2.472908610923763,0.42442556803898573,1.9617060049692436,0.3129082634760054,0.3152797531114374,0.019646882704388503,0.09651942809610922,0.021914607000811125,0.7833319858144439,0.9030526009042884,1.3060201529838655,1.9705846848080393,2.9300170647967225
2023-10-08 03:05:00,381.11271737605654,2.019664619939104,0.4090403533882768,1.5444845802416758,0.30583486732311915,0.3951786415382613,1.0,2.6,0.4,0.7833319858144439,0.9030526009042884,1.3060201529838655,1.9705846848080393,2.9300170647967225
2023-10-08 03:10:00,370.5801160860064,1.8859429486441184,0.3793114431656913,1.4695450580475686,0.3081580588780667,0.38565448632494864,1.0,2.6,0.4,0.7833319858144439,0.9030526009042884,1.3060201529838655,1.9705846848080393,2.9300170647967225
2023-10-08 03:15:00,839.1742825297233,1.8212980681654625,0.38977108622652956,1.3869277733545402,0.30583399396193844,0.6644983873278418,1.0,2.6,0.4,0.7748961220705649,0.8897730047602029,1.2932799232958037,1.9563849953421744,2.957177708559295
2023-10-08 03:20:00,793.014214035286,2.047735855442801,0.4538624274913478,1.4922750905707063,0.30815717240547796,0.9345815690087091,1.0,2.6,0.4,0.7748961220705649,0.8897730047602029,1.2932799232958037,1.9563849953421744,2.957177708559295
2023-10-08 03:25:00,625.5487240394433,2.031377434719356,0.404755561042485,1.5637984893937524,0.3081567291710248,0.8347656900909534,1.0,2.6,0.4,0.7748961220705649,0.8897730047602029,1.2932799232958037,1.9563849953421744,2.957177708559295
2023-10-08 03:30:00,1038.997794156042,1.9947468550645608,0.3772997034596613,1.5797936026989414,0.3081562859377992,0.9799390318605743,0.02061552812808831,0.10846197490364998,0.02739069184960468,0.7787226720726705,0.9013878188659973,1.3198090771016844,1.9550959055759898,2.8291242461228174
2023-10-08 03:35:00,751.4712260450614,2.0880296334571806,0.3236864614681237,1.7841101434460098,0.32027191479313716,0.8892197290984386,1.0,2.6,0.4,0.7787226720726705,0.9013878188659973,1.3198090771016844,1.9550959055759898,2.8291242461228174
2023-10-08 03:40:00,1162.3322970909946,2.0553959277904115,0.4245375217598614,1.551309814207899,0.32027139106649655,1.1145359476782368,1.0,2.6,0.4,0.7787226720726705,0.9013878188659973,1.3198090771016844,1.9550959055759898,2.8291242461228174
2023-10-08 03:45:00,1052.8447467425824,1.9579308673170248,0.3835572543580444,1.531726849767817,0.31778375420733435,1.0253974117461493,1.0,2.6,0.4,0.7787226720726705,0.9080550644096425,1.340621288806052,1.9757570700873122,3.1047486210641924
2023-10-08 03:50:00,907.7521222783453,1.9537658280644203,0.40051222037828194,1.4958558579212418,0.32027031867801914,0.8417007139207978,1.0,2.6,0.4,0.7787226720726705,0.9080550644096425,1.340621288806052,1.9757570700873122,3.1047486210641924
2023-10-08 03:55:00,940.7254890974824,2.038802142058882,0.49603001396789237,1.4123305547104583,0.2990734140170164,0.8582377731189391,1.0,2.6,0.4,0.7787226720726705,0.9080550644096425,1.340621288806052,1.9757570700873122,3.1047486210641924
2023-10-08 04:00:00,1015.9090628565081,2.3035864311203818,0.447114326338817,1.7541167045021755,0.2968944756615949,0.7944813128548969,0.024515301344262524,0.15751774503210741,0.06378871373526825,0.8043009387039157,0.9408554618005892,1.380668186060648,2.046026637167757,3.029867983922732
2023-10-08 04:05:00,816.0872446251645,2.2381001490774266,0.4403127964251259,1.7019156576294068,0.2968941097875021,0.6413832263499432,1.0,2.6,0.4,0.8043009387039157,0.9408554618005892,1.380668186060648,2.046026637167757,3.029867983922732
2023-10-08 04:10:00,572.8121101526744,1.9249764292443097,0.39842159085561407,1.4716643869067112,0.29689374391450807,0.4612133691962871,1.0,2.6,0.4,0.8043009387039157,0.9408554618005892,1.380668186060648,2.046026637167757,3.029867983922732
2023-10-08 04:15:00,758.7193301200884,1.8320055133141455,0.33818217284604307,1.4997080898668818,0.2968933780426129,0.5186476652136038,1.0,2.6,0.4,0.7996099048911289,0.9214532001138203,1.3336670649003821,2.0029878307169016,3.233392026958686
2023-10-08 04:20:00,601.8125968507968,2.5284813788979332,0.5297134344355121,1.8333197495788578,0.2968930121718165,0.48429685511413345,1.0,2.6,0.4,0.7996099048911289,0.9214532001138203,1.3336670649003821,2.0029878307169016,3.233392026958686
2023-10-08 04:25:00,705.3120155724104,2.3725562573815946,0.4563473024155443,1.8055935931065896,0.2947524372327966,0.5013496111060225,1.0,2.6,0.4,0.7996099048911289,0.9214532001138203,1.3336670649003821,2.0029878307169016,3.233392026958686
2023-10-08 04:30:00,767.2887163920561,2.2171088187013916,0.40493303785045853,1.7456171488015946,0.2947520990568053,0.5338449164305731,0.025495097567963927,0.20664210606747116,0.08608280896903864,0.8027353237524807,0.9256570639281051,1.3446025435049571,1.9900050879331943,3.0244034122451326
2023-10-08 04:35:00,785.7503697094604,2.2619014519774376,0.4180503198573198,1.765435771709565,0.29475173974590435,0.5360154884493596,1.0,2.6,0.4,0.8027353237524807,0.9256570639281051,1.3446025435049571,1.9900050879331943,3.0244034122451326
2023-10-08 04:40:00,686.8493568296421,2.3476447774633455,0.4495112743889511,1.793159998347388,0.30582666252272245,0.50559760372666,1.0,2.6,0.4,0.8027353237524807,0.9256570639281051,1.3446025435049571,1.9900050879331943,3.0244034122451326
2023-10-08 04:45:00,646.6346680609374,2.7581993825958184,0.5615605408962202,2.0062318323231185,0.30128545184965105,0.5185431864778092,1.0,2.6,0.4,0.8074379233105168,0.9340883255881106,1.3585786101657862,2.0042876540057812,2.944495882150288
2023-10-08 04:50:00,662.4554818895268,2.6510606726168757,0.49381941761472864,2.0147526414714485,0.2809132507996612,0.5403451919472917,1.0,2.6,0.4,0.8074379233105168,0.9340883255881106,1.3585786101657862,2.0042876540057812,2.944495882150288
2023-10-08 04:55:00,800.2540163311251,2.70031830399253,0.4247471493244191,2.186046550484245,0.29689042958568407,0.5403266413510998,1.0,2.6,0.4,0.8074379233105168,0.9340883255881106,1.3585786101657862,2.0042876540057812,2.944495882150288
2023-10-08 05:00:00,779.1535695424313,2.737252437348056,0.41811974069110064,2.234920403647883,0.28091275949927097,0.5403082903943729,0.028442925306655785,0.2569946302940978,0.07269112738154498,0.8129458776573014,0.9552989061021687,1.3877282731140128,2.2235548115573853,3.671349070845757
2023-10-08 05:05:00,638.7217979210134,2.5110023457252773,0.43822188603081813,1.974251579769641,0.2756426366966677,0.47360018820944577,1.0,2.6,0.4,0.8129458776573014,0.9552989061021687,1.3877282731140128,2.2235548115573853,3.671349070845757
2023-10-08 05:10:00,632.1292154113628,2.8194153725919096,0.5469114810027388,2.0909344822708404,0.28465290589902226,0.43031593648925265,1.0,2.6,0.4,0.8129458776573014,0.9552989061021687,1.3877282731140128,2.2235548115573853,3.671349070845757
2023-10-08 05:15:00,688.1636969973887,3.2778732558348396,0.6645112345978402,2.3510147658480554,0.27910905186459445,0.3948922388454737,1.0,2.6,0.4,0.8376061126806561,0.9621247320384193,1.3756344863371228,1.9447940765027025,2.761149036180409
2023-10-08 05:20:00,686.8446699373968,2.856284131672532,0.5154050751969799,2.1804878588840806,0.2791088212279961,0.4242688315554074,1.0,2.6,0.4,0.8376061126806561,0.9621247320384193,1.3756344863371228,1.9447940765027025,2.761149036180409
2023-10-08 05:25:00,642.6748670699458,5.732251476578079,2.134609918444409,2.5161543479099984,0.3153179147954036,0.4262580671735404,1.0,2.6,0.4,0.8376061126806561,0.9621247320384193,1.3756344863371228,1.9447940765027025,2.761149036180409
2023-10-08 05:30:00,651.2441266892793,3.099646310679924,0.7132388407776653,2.097204994277979,0.28275937983075183,0.5270801581878438,0.031400636936215164,0.2941700188666411,0.08608280896903864,0.8224408793341926,0.954446960286427,1.3857095799625547,2.0972582697417117,3.3017625596035822
2023-10-08 05:35:00,1020.5078960275894,3.8787049797190036,1.189553519179415,2.126081455025206,0.2865873360099369,0.8504946810991588,1.0,2.6,0.4,0.8224408793341926,0.954446960286427,1.3857095799625547,2.0972582697417117,3.3017625596035822
2023-10-08 05:40:00,1345.6706362575476,3.6959118455635114,1.0101836899730112,2.221005037427318,0.28275885786037164,1.154546005086944,1.0,2.6,0.4,0.8224408793341926,0.954446960286427,1.3857095799625547,2.0972582697417117,3.3017625596035822
2023-10-08 05:45:00,1087.1186151476086,2.690906250211538,0.5519152648951182,1.9559786513982147,0.2773508461664271,1.1448407342507965,1.0,2.6,0.4,0.8304029142530751,0.9655444060218049,1.3937916056570292,2.1634792002697876,3.3406741834545914
2023-10-08 05:50:00,935.4310202722982,3.7620797763166545,1.2865534428405845,1.8654885366930267,0.2773506215605076,0.9239894745895652,1.0,2.6,0.4,0.8304029142530751,0.9655444060218049,1.3937916056570292,2.1634792002697876,3.3406741834545914
2023-10-08 05:55:00,876.078935664513,4.002859286334975,1.286568623066119,2.1003933954637275,0.28658618507509015,1.2609176333455094,1.0,2.6,0.4,0.8304029142530751,0.9655444060218049,1.3937916056570292,2.1634792002697876,3.3406741834545914
2023-10-08 06:00:00,1638.5357001677753,4.8558075102306075,1.6686271158861783,2.358677954574292,0.29264500231028023,1.5529903270673808,0.03337663853655728,0.3025652987373139,0.08906317982196682,0.8280096617793781,0.9723970382513514,1.4120456649839623,2.122353410721221,3.6168682585905727
2023-10-08 06:05:00,843.7651050597648,3.620629623465359,0.9146744809177403,2.2945196208545027,0.29058386464127056,0.9143615813718895,1.0,2.6,0.4,0.8280096617793781,0.9723970382513514,1.4120456649839623,2.122353410721221,3.6168682585905727
2023-10-08 06:10:00,1114.1548469727848,3.5168350003214846,0.8856321300688464,2.2374031229850107,0.2926443386093795,0.9476902401558224,1.0,2.6,0.4,0.8280096617793781,0.9723970382513514,1.4120456649839623,2.122353410721221,3.6168682585905727
2023-10-08 06:15:00,1172.1944443179862,4.2934223921197985,1.2542775054731365,2.435005930973937,0.3104987921811376,0.8786573982893592,1.0,2.6,0.4,0.8280096617793781,0.9604165762834375,1.4018927776402872,2.0775083634007347,3.2407715130814148
2023-10-08 06:20:00,897.1775521951544,3.5373257673360086,0.8619496513041689,2.2944863770426975,0.27563952774834233,0.665902253011668,1.0,2.6,0.4,0.8280096617793781,0.9604165762834375,1.4018927776402872,2.0775083634007347,3.2407715130814148
2023-10-08 06:25:00,959.8259351049493,4.467936665681147,1.5437528108297638,2.1668983653066354,0.28658442944010853,0.6635862303789332,1.0,2.6,0.4,0.8280096617793781,0.9604165762834375,1.4018927776402872,2.0775083634007347,3.2407715130814148
2023-10-08 06:30:00,870.1384723859461,4.94257410264995,1.8320119568670687,2.1972913167961097,0.28275622941911044,0.6727376712362633,1.0,2.6,0.4,0.8320006009613214,0.978407379367102,1.403921023419765,2.1968013109974236,3.4224400652166285
2023-10-08 06:35:00,878.051283921387,3.744395977468029,0.9784186675455975,2.317724264614358,0.2692869434805124,0.6429717968513594,1.0,2.6,0.4,0.8320006009613214,0.978407379367102,1.403921023419765,2.1968013109974236,3.4224400652166285
2023-10-08 06:40:00,1106.234775841034,3.383507185238646,0.7912512428388617,2.253589953595264,0.2678248867707108,0.9665754252509422,1.0,2.6,0.4,0.8320006009613214,0.978407379367102,1.403921023419765,2.1968013109974236,3.4224400652166285
2023-10-08 06:45:00,1230.2293239112287,3.4041008910424826,0.9015825302550999,2.101801493704688,0.27734818550078566,1.0431926604614512,1.0,2.6,0.4,0.8320006009613214,0.9723970382513514,1.4029067538507325,2.1355957014378917,3.2057454671261723
2023-10-08 06:50:00,1017.8568339540946,3.07294555885779,0.7006289064012079,2.0909649034490814,0.2773479609042032,0.8902875315403572,1.0,2.6,0.4,0.8320006009613214,0.9723970382513514,1.4029067538507325,2.1355957014378917,3.2057454671261723
2023-10-08 06:55:00,1085.7863380022243,3.2051406891157224,0.8752272072246362,1.9474965060071592,0.2707994704348739,0.8523486882425584,1.0,2.6,0.4,0.8320006009613214,0.9723970382513514,1.4029067538507325,2.1355957014378917,3.2057454671261723
2023-10-08 07:00:00,1082.4881352718596,3.0933721141819475,0.9466326684155066,1.729223256914751,0.27734752898991394,0.887847402941387,1.0,0.5256951207686827,0.183273020382161,0.8553572353116562,1.0077822185373186,1.4539667671580394,2.376169238501332,4.089710992234048
2023-10-08 07:05:00,1054.1274354181683,2.8620450626761262,0.8647235888715289,1.6297267746586226,0.2773473043956355,0.8878139391156586,1.0,2.6,0.4,0.8553572353116562,1.0077822185373186,1.4539667671580394,2.376169238501332,4.089710992234048
2023-10-08 07:10:00,703.9728592069556,3.018761475999589,0.938710067241675,1.6689616668820357,0.2773470798021453,0.5841134925403115,1.0,2.6,0.4,0.8553572353116562,1.0077822185373186,1.4539667671580394,2.376169238501332,4.089710992234048
2023-10-08 07:15:00,634.7520962560192,3.8264674241690892,1.133473114091102,2.1603158410377876,0.28658152296413153,0.45860076606153377,1.0,2.6,0.4,0.8798727180677897,1.0321865141533288,1.501526103669197,2.414333500161069,3.9794200582496946
2023-10-08 07:20:00,672.9863884795402,5.316506241373622,1.98481849307148,2.3336650218328456,0.2990577349562144,0.4710932716370533,1.0,2.6,0.4,0.8798727180677897,1.0321865141533288,1.501526103669197,2.414333500161069,3.9794200582496946
2023-10-08 07:25:00,593.2244931239485,5.862846310988964,2.45475339020993,2.1627372590741847,0.3012726929158331,0.45650111688587425,1.0,2.6,0.4,0.8798727180677897,1.0321865141533288,1.501526103669197,2.414333500161069,3.9794200582496946
2023-10-08 07:30:00,594.5422859664742,6.839712304059932,2.9037507921520134,2.4455309385333885,0.3058120236860574,0.4159945856632301,0.0462709412050371,0.41172145924156056,0.14733974345029924,0.893913306758547,1.054127127058212,1.5370070136469773,2.391147005100272,3.89218396276435
2023-10-08 07:35:00,544.45313828987,6.981619092780218,2.7449028461552802,2.82482197361184,0.29687870102936337,0.4022846020766897,1.0,2.6,0.4,0.893913306758547,1.054127127058212,1.5370070136469773,2.391147005100272,3.89218396276435
2023-10-08 07:40:00,533.2498186370625,6.321627849607522,2.3180628376771955,2.8195274059627695,0.3012714905648192,0.37026832332276277,1.0,2.6,0.4,0.893913306758547,1.054127127058212,1.5370070136469773,2.391147005100272,3.89218396276435
2023-10-08 07:45:00,421.2569937729202,7.039859106102877,2.7668367375956544,2.8491164626513905,0.29473840376512006,0.3404427571488671,1.0,2.6,0.4,0.9307120929696788,1.1117774057786927,1.6172247339191914,2.4690699159805094,3.8108398024582457
2023-10-08 07:50:00,419.9396280968313,7.173429712574473,2.821622959728232,2.8980752581478053,0.3012707112689034,0.34043496820495045,1.0,2.6,0.4,0.9307120929696788,1.1117774057786927,1.6172247339191914,2.4690699159805094,3.8108398024582457
2023-10-08 07:55:00,441.67242457632995,7.541020164711855,3.016154284681224,2.9666790573835344,0.31048951645787826,0.35066373041388327,1.0,2.6,0.4,0.9307120929696788,1.1117774057786927,1.6172247339191914,2.4690699159805094,3.8108398024582457
2023-10-08 08:00:00,396.8927519088597,8.937173686140738,3.7592932718102863,3.221544757216675,0.32276048899447934,0.33378746400223197,0.07117583859709697,0.5736871621362988,0.13387400793283213,0.9264987857520376,1.1422473462433607,1.741747398447892,2.6707774617140982,4.278663810116425
2023-10-08 08:05:00,361.34662796239417,8.711244328011789,3.611160888613307,3.222473274290803,0.31530198869263454,0.3164207522509282,1.0,2.6,0.4,0.9264987857520376,1.1422473462433607,1.741747398447892,2.6707774617140982,4.278663810116425
2023-10-08 08:10:00,352.13338889806016,7.615866247693073,3.106628052395754,2.903693075968439,0.31048812041110296,0.31192430407528404,1.0,2.6,0.4,0.9264987857520376,1.1422473462433607,1.741747398447892,2.6707774617140982,4.278663810116425
2023-10-08 08:15:00,328.4482895991016,7.7453030026867955,3.081976045174875,3.068890155932512,0.29687577444644375,0.3032831688807872,1.0,2.6,0.4,0.945094704249262,1.2055741370815818,1.8387140723886355,2.821645309035138,4.739797885986279
2023-10-08 08:20:00,193.22255780751246,7.122550009151556,2.742283006765093,2.967951688274761,0.30126830661246223,0.2751168476343608,1.0,2.6,0.4,0.945094704249262,1.2055741370815818,1.8387140723886355,2.821645309035138,4.739797885986279
2023-10-08 08:25:00,170.3534262096316,4.302763378257202,1.2951257498746336,2.3818404878395696,0.28090258849676164,0.27210246492427304,1.0,2.6,0.4,0.945094704249262,1.2055741370815818,1.8387140723886355,2.821645309035138,4.739797885986279
2023-10-08 08:30:00,193.22222562335907,3.070568416154171,0.9363121463086995,1.7227850038254833,0.27734355551522416,0.2720998090471538,0.09712878049270464,0.6936720839128528,0.18027756377319948,0.9595629213345,1.3518638984749909,2.1296352363726516,3.600650080193853,5.886255516030544
2023-10-08 08:35:00,165.78663621363557,2.818685290383922,0.9283808331314692,1.4919101400977184,0.2739723166334732,0.2720971533104461,1.0,2.6,0.4,0.9595629213345,1.3518638984749909,2.1296352363726516,3.600650080193853,5.886255516030544
2023-10-08 08:40:00,208.2764295338572,2.1990400022752583,0.5746247017625788,1.4392450341147482,0.27734310635534654,0.26491443345067245,1.0,2.6,0.4,0.9595629213345,1.3518638984749909,2.1296352363726516,3.600650080193853,5.886255516030544
2023-10-08 08:45:00,158.61649081959794,2.1826123702085827,0.5232505068501112,1.506472980342103,0.277342899051851,0.2720918600200618,1.0,2.6,0.4,1.0086505837008175,1.5167808015662647,2.499572635471912,4.126501211680423,6.619101147436863
2023-10-08 08:50:00,198.45583184619477,2.0725838729871997,0.489792634123749,1.4553526073283607,0.27563329353659805,0.27208921358409677,1.0,2.6,0.4,1.0086505837008175,1.5167808015662647,2.499572635471912,4.126501211680423,6.619101147436863
2023-10-08 08:55:00,203.6922645780511,2.1457057429000463,0.540267961439117,1.4430265168409062,0.2637522175564863,0.2665837589291408,1.0,2.6,0.4,1.0086505837008175,1.5167808015662647,2.499572635471912,4.126501211680423,6.619101147436863
2023-10-08 09:00:00,281.10921938219855,2.6904179244881425,0.8021362886030091,1.5593992693570486,0.27397135363942887,0.26744946993395036,0.0422965719651132,0.23421357774475843,0.0845931439302264,0.9904670615421798,1.4706083775091179,2.384234518666316,3.820205360972103,6.340438155206626
2023-10-08 09:05:00,164.48155254062317,3.467053482395751,1.2925516456344468,1.5716369106070258,0.2773420007444651,0.26490455809291397,1.0,2.6,0.4,0.9904670615421798,1.4706083775091179,2.384234518666316,3.820205360972103,6.340438155206626
2023-10-08 09:10:00,180.14604712973335,2.8549602638539757,0.9842251685969075,1.4433067438933291,0.27734179344455173,0.2633099144427764,1.0,2.6,0.4,0.9904670615421798,1.4706083775091179,2.384234518666316,3.820205360972103,6.340438155206626
2023-10-08 09:15:00,161.2219794632063,2.579038950289259,0.8967734509112585,1.3111326727929224,0.28090011418951627,0.26330810635675583,1.0,2.6,0.4,0.9939220291350827,1.4932009241893738,2.446972137152362,4.036336240949209,6.772358230336018
2023-10-08 09:20:00,154.7081371003951,2.435281033162651,0.84411474168725,1.2535206120982456,0.29473172578884044,0.26330629132215355,1.0,2.6,0.4,0.9939220291350827,1.4932009241893738,2.446972137152362,4.036336240949209,6.772358230336018
2023-10-08 09:25:00,152.75530382611782,2.1572279696230745,0.6323078769861321,1.3088843649433421,0.28657397436767545,0.2633044764020308,1.0,2.6,0.4,0.9939220291350827,1.4932009241893738,2.446972137152362,4.036336240949209,6.772358230336018
2023-10-08 09:30:00,160.56984617540857,2.01074703079314,0.574777978813325,1.2590284986373805,0.27734091242741293,0.2633026615963899,0.026476404589747454,0.13955873315561443,0.046097722286464436,0.9518928511129812,1.4162009038268548,2.3466778560339296,3.6915257347064507,5.985968259187481
2023-10-08 09:35:00,164.4806916602926,2.2508101797096582,0.6729742476954171,1.335457433911296,0.2846382542475919,0.27110039475620384,1.0,2.6,0.4,0.9518928511129812,1.4162009038268548,2.3466778560339296,3.6915257347064507,5.985968259187481
2023-10-08 09:40:00,169.69859474710466,2.018629073004625,0.6197500821992773,1.1972313179684018,0.2990470278668565,0.26408454311307245,1.0,2.6,0.4,0.9518928511129812,1.4162009038268548,2.3466778560339296,3.6915257347064507,5.985968259187481
2023-10-08 09:45:00,155.35845822622258,2.209761189653548,0.7217717629620277,1.2230664696729665,0.29686918989204475,0.26488878011653355,1.0,2.6,0.4,0.9105608162006534,1.3064643125627275,2.1453671014537345,3.1864792875523293,4.90785248352067
2023-10-08 09:50:00,165.78438426322415,2.6604368895030577,0.9418652671183341,1.321500252224657,0.3012611374257357,0.2632953964591968,1.0,2.6,0.4,0.9105608162006534,1.3064643125627275,2.1453671014537345,3.1864792875523293,4.90785248352067
2023-10-08 09:55:00,163.82810892791568,3.503161235097171,1.4278409408236967,1.4076106431599842,0.31774570183464806,0.26329358928549557,1.0,2.6,0.4,0.9105608162006534,1.3064643125627275,2.1453671014537345,3.1864792875523293,4.90785248352067
2023-10-08 10:00:00,165.7841193279284,3.590114490678238,1.3332114891864366,1.6295144010934717,0.32023101825792366,0.26329178222540106,0.031400636936215164,0.15751774503210741,0.04903060268852505,0.8864671454712804,1.2696019061107304,2.085898597727128,3.283482335874521,5.433732050810014
2023-10-08 10:05:00,150.15165243577448,2.4998447429352666,0.7528747444409866,1.4513230791904284,0.301259957440481,0.26921376238489647,1.0,2.6,0.4,0.8864671454712804,1.2696019061107304,2.085898597727128,3.283482335874521,5.433732050810014
2023-10-08 10:10:00,160.56865488256744,2.2214182742325295,0.6223600576146154,1.3855167502711911,0.31047699977378457,0.2640731847291755,1.0,2.6,0.4,0.8864671454712804,1.2696019061107304,2.085898597727128,3.283482335874521,5.433732050810014
2023-10-08 10:15:00,154.7065502341941,2.278469236531019,0.5997953866816996,1.4757953260575924,0.338444854729086,0.2632863405549637,1.0,2.6,0.4,0.8521150157109074,1.1919412737211512,1.9135067703041972,3.1281457766542786,5.136421322282665
2023-10-08 10:20:00,148.8504702718836,2.466673277911181,0.6375337474735786,1.5981311956416981,0.32529114855368163,0.4166666666666667,1.0,2.6,0.4,0.8521150157109074,1.1919412737211512,1.9135067703041972,3.1281457766542786,5.136421322282665
2023-10-08 10:25:00,149.5006903460786,2.347750403266518,0.6629310983294678,1.4435737354114466,0.34665043302414233,0.4166666666666667,1.0,2.6,0.4,0.8521150157109074,1.1919412737211512,1.9135067703041972,3.1281457766542786,5.136421322282665
2023-10-08 10:30:00,167.73987194271027,2.7171040263247095,0.8390844819673208,1.5289183995947686,0.34664974201694587,0.26251705891555943,0.024515301344262524,0.12878881939050457,0.03736308338453881,0.7381388758221585,0.9510420600583341,1.5004866410601594,2.254422376130968,3.6600683053735485
2023-10-08 10:35:00,167.08745428495854,2.8447009489441517,0.8891066433448694,1.5759996001710208,0.36080038750614324,0.263279093652957,1.0,2.6,0.4,0.7381388758221585,0.9510420600583341,1.5004866410601594,2.254422376130968,3.6600683053735485
2023-10-08 10:40:00,150.8011753258831,2.3842404321153796,0.7296883418548232,1.376111386582472,0.34664833236689435,0.2640618378087367,1.0,2.6,0.4,0.7381388758221585,0.9510420600583341,1.5004866410601594,2.254422376130968,3.6600683053735485
2023-10-08 10:45:00,154.05478200476935,2.7167495773816777,0.8050805932465438,1.580303336473006,0.3278633469652609,0.2632754673603985,1.0,2.6,0.4,0.7134991240359024,0.8724820915067542,1.3247505425550878,1.9667084811938955,2.9065230086823672
2023-10-08 10:50:00,159.91592574693303,2.74957143096261,0.8654339872731365,1.520266864034066,0.31774003771318915,0.26486315445264413,1.0,2.6,0.4,0.7134991240359024,0.8724820915067542,1.3247505425550878,1.9667084811938955,2.9065230086823672
2023-10-08 10:55:00,160.56739740702892,2.5684669120673047,0.7816268339937641,1.4733632039130786,0.32528719175145265,0.26327184857962654,1.0,2.6,0.4,0.7134991240359024,0.8724820915067542,1.3247505425550878,1.9667084811938955,2.9065230086823672
2023-10-08 11:00:00,159.91559486592044,2.461632533813875,0.7660298771685651,1.3948368826168007,0.3152846052649143,0.26405428277894044,0.02353720459187964,0.11443775600735973,0.028792360097775936,0.7242761904135743,0.9130695482820572,1.4191698418441676,2.315112092318642,3.935774891936784
2023-10-08 11:05:00,157.96111908243952,2.5600159092412396,0.8051437048937673,1.4296719725876659,0.3227401999106903,0.2673940311916718,1.0,2.6,0.4,0.7242761904135743,0.9130695482820572,1.4191698418441676,2.315112092318642,3.935774891936784
2023-10-08 11:10:00,148.19881372046638,2.4163074594855654,0.7323666736323692,1.40263109682407,0.3128611667065503,0.26405050234422656,1.0,2.6,0.4,0.7242761904135743,0.9130695482820572,1.4191698418441676,2.315112092318642,3.935774891936784
2023-10-08 11:15:00,153.4030883496847,4.527519931504631,1.7375641662877612,1.9339930443639932,0.3035056185492337,0.27605246397360594,1.0,2.6,0.4,0.7177917525299382,0.8806957476904269,1.3766406066944268,2.090668792515926,3.1487457820535463
2023-10-08 11:20:00,150.80011815972432,3.563316684521917,0.9793168692344348,2.138209852496935,0.36079322406730174,0.26326279304689876,1.0,2.6,0.4,0.7177917525299382,0.8806957476904269,1.3766406066944268,2.090668792515926,3.1487457820535463
2023-10-08 11:25:00,153.4026917239829,3.074672947936483,0.9819913013038346,1.6575869219011352,0.3202219672603835,0.2648493798260438,1.0,2.6,0.4,0.7177917525299382,0.8806957476904269,1.3766406066944268,2.090668792515926,3.1487457820535463
2023-10-08 11:30:00,153.4025595154218,5.568974581071118,1.8574125886411257,2.775090615373326,0.32273744942346516,0.27009774557003524,0.02061552812808831,0.11443775600735973,0.03020347662107791,0.702876945133357,0.8643060800434069,1.345598692032658,2.143552192040119,3.6882787313325447
2023-10-08 11:35:00,152.75166851315404,3.919896947250866,1.0833901106145007,2.32886101549639,0.366603904757466,0.26325737096974605,1.0,2.6,0.4,0.702876945133357,0.8643060800434069,1.345598692032658,2.143552192040119,3.6882787313325447
2023-10-08 11:40:00,150.79952350385196,2.9339089532855347,0.8052542701796268,1.7907081831787641,0.32273636437854464,0.2682636536703223,1.0,2.6,0.4,0.702876945133357,0.8643060800434069,1.345598692032658,2.143552192040119,3.6882787313325447
2023-10-08 11:45:00,152.75140412684954,2.9915824573634557,0.8235874856419717,1.8186027747147961,0.30350312994520756,0.2682613607764441,1.0,2.6,0.4,0.6931089380465383,0.859418989783214,1.3675967826812112,2.1807897651997545,3.5849825662058667
2023-10-08 11:50:00,152.75127193370201,9.52524149919847,3.268910483638483,4.551409242898169,0.3550608066427484,0.33509064880610456,1.0,2.6,0.4,0.6931089380465383,0.859418989783214,1.3675967826812112,2.1807897651997545,3.5849825662058667
2023-10-08 11:55:00,161.2173461943419,22.588518782721582,8.621836543969996,9.406551291214411,0.7248194098468365,0.4075129359200791,1.0,2.6,0.4,0.6931089380465383,0.859418989783214,1.3675967826812112,2.1807897651997545,3.5849825662058667
2023-10-08 12:00:00,163.17247634446903,23.92825338039517,9.157790055332079,9.925326013577113,1.4149518112454549,0.4332794183895653,0.02353720459187964,0.10607242808571886,0.02462214450449026,0.6767096866456102,0.8137346004687277,1.2602634010396396,1.935796024895185,3.10291798151353
2023-10-08 12:05:00,157.30806624609752,19.803951837714358,7.025190998828679,9.066551455215402,2.1675254925244176,0.2962477782552895,1.0,2.6,0.4,0.6767096866456102,0.8137346004687277,1.2602634010396396,1.935796024895185,3.10291798151353
2023-10-08 12:10:00,148.19722876534803,5.234392322182407,1.3174111290775057,3.2693239658449476,1.0623390436343685,0.26483168349694924,1.0,2.6,0.4,0.6767096866456102,0.8137346004687277,1.2602634010396396,1.935796024895185,3.10291798151353
2023-10-08 12:15:00,146.8968758831365,3.441791371734904,0.8499212567521197,2.2191252540456277,0.598934351038951,0.26565393732160664,1.0,2.6,0.4,0.6529931086925803,0.7567192345910073,1.1377835294993508,1.782856135530851,2.695374556531986
2023-10-08 12:20:00,151.44905918460657,2.8257254629940634,0.8132253606694055,1.6732588798493127,0.49930255482729735,0.2700730960916648,1.0,2.6,0.4,0.6529931086925803,0.7567192345910073,1.1377835294993508,1.782856135530851,2.695374556531986
2023-10-08 12:25:00,168.38870309173467,2.66089350084793,0.6991105147247546,1.6899517866228617,0.4752592177242257,0.2975598914693478,1.0,2.6,0.4,0.6529931086925803,0.7567192345910073,1.1377835294993508,1.782856135530851,2.695374556531986
2023-10-08 12:30:00,153.40090690867086,9.398770175424554,2.6115476730232565,5.430045810754485,0.6355136260782399,0.29890014817899524,0.02353720459187964,0.10607242808571886,0.02462214450449026,0.6447084612443054,0.7447845325998653,1.1404931564897705,1.6957388507668274,2.6759028382958903
2023-10-08 12:35:00,153.40084080441093,5.008713235733223,1.9311902843649984,2.1129865432188937,0.5132166886743326,0.3101512815626332,1.0,2.6,0.4,0.6447084612443054,0.7447845325998653,1.1404931564897705,1.6957388507668274,2.6759028382958903
2023-10-08 12:40:00,154.70251695123096,23.248835735176556,7.528094661899368,11.739103220916439,0.8461488514402814,0.3116117973738664,1.0,2.6,0.4,0.6447084612443054,0.7447845325998653,1.1404931564897705,1.6957388507668274,2.6759028382958903
2023-10-08 12:45:00,146.8960836121835,2.882859202397025,0.6379842689186532,2.004223713780412,1.011820391354785,0.263232072112187,1.0,2.6,0.4,0.6478765314471577,0.7672835199585614,1.1733821883768305,1.9473677105261862,3.336965088220133
2023-10-08 12:50:00,146.24593641373946,2.2054470014397007,0.5556611678520493,1.4758230038037394,0.5202161557919329,0.26323026188151805,1.0,2.6,0.4,0.6478765314471577,0.7672835199585614,1.1733821883768305,1.9473677105261862,3.336965088220133
2023-10-08 12:55:00,152.74942122996734,1.4102804204420099,0.3976992389812647,0.9821118192136506,0.45166715846827654,0.26822926569910904,1.0,2.6,0.4,0.6478765314471577,0.7672835199585614,1.1733821883768305,1.9473677105261862,3.336965088220133
2023-10-08 13:00:00,147.5456563410646,2.1318612605432516,0.5828612350279087,1.3616995455515284,0.42861632422643914,0.2792045000438747,0.02061552812808831,0.0953259670813782,0.020591260281974,0.6562202374203344,0.7627424204802038,1.1495605421203356,1.8315813522745856,3.1505815336220078
2023-10-08 13:05:00,146.24547431716638,4.162925281849264,1.1560327456127582,2.456823708110151,0.46171090287446426,0.27005095284871006,1.0,2.6,0.4,0.6562202374203344,0.7627424204802038,1.1495605421203356,1.8315813522745856,3.1505815336220078
2023-10-08 13:10:00,148.84584689602733,3.6187447435345144,0.9929616832981022,2.1716563899624486,0.41892087862310384,0.2664750768932877,1.0,2.6,0.4,0.6562202374203344,0.7627424204802038,1.1495605421203356,1.8315813522745856,3.1505815336220078
2023-10-08 13:15:00,147.54532618495335,6.0462399526820825,1.6400309754039633,3.5799689406692576,0.4286127267417664,0.2825660076184564,1.0,2.6,0.4,0.6403124237432849,0.741824777154282,1.1287873847629588,1.7457837781351961,2.714884896270927
2023-10-08 13:20:00,156.65462066208022,10.058343760168352,2.387359497375731,6.431729923556685,0.9074886765006822,0.3057814549957911,1.0,2.6,0.4,0.6403124237432849,0.741824777154282,1.1287873847629588,1.7457837781351961,2.714884896270927
2023-10-08 13:25:00,156.65448837943768,12.409525778523669,2.7129765510028943,8.280153806964849,1.8338908746277884,0.29617362076779497,1.0,2.6,0.4,0.6403124237432849,0.741824777154282,1.1287873847629588,1.7457837781351961,2.714884896270927
2023-10-08 13:30:00,192.5576775406582,11.354954511859102,2.9704356146222937,6.832290792322617,1.3715435452893112,0.3190647739404387,0.018681541692269404,0.056098484828023654,0.018027756377319945,0.6109017924347578,0.6931089380465383,1.068324220449953,1.5334295712552304,2.2592972358678263
2023-10-08 13:35:00,155.35197779956744,9.924116922376417,2.442094294991083,6.213798366102775,1.4148414562912222,0.300195207441916,1.0,2.6,0.4,0.6109017924347578,0.6931089380465383,1.068324220449953,1.5334295712552304,2.2592972358678263
2023-10-08 13:40:00,150.79628593415435,11.601557123542396,3.6887585553944158,5.979244463997608,1.1441073887060673,0.3205899218646764,1.0,2.6,0.4,0.6109017924347578,0.6931089380465383,1.068324220449953,1.5334295712552304,2.2592972358678263
2023-10-08 13:45:00,148.84492222135628,15.966568378510575,4.108566073477797,9.695340301877652,0.9923965349017045,0.30018531798133685,1.0,2.6,0.4,0.6063406633238447,0.6882797396407947,1.0708909188147968,1.5597464537545838,2.8416903420323614
2023-10-08 13:50:00,150.7959555700099,16.707362127598383,4.6465870724067,9.611829570178024,0.9074675806778109,0.3175138301710771,1.0,2.6,0.4,0.6063406633238447,0.6882797396407947,1.0708909188147968,1.5597464537545838,2.8416903420323614
2023-10-08 13:55:00,148.8445919804428,10.571975851446883,2.548837641203957,6.696781657825967,1.1362849803283517,0.3015470127598786,1.0,2.6,0.4,0.6063406633238447,0.6882797396407947,1.0708909188147968,1.5597464537545838,2.8416903420323614
2023-10-08 14:00:00,154.70026889309827,11.693095360336379,3.1102579194866107,6.955705703864718,1.089489326328283,0.3449181293062203,1.0,2.6,0.4,0.6097548687792497,0.6993718610295956,1.0649112639088762,1.851734929734815,3.398249549400397
2023-10-08 14:05:00,189.94052973456746,15.719075514071848,4.517584094285154,8.821965929029506,1.1753437801950843,0.32210664866718924,1.0,2.6,0.4,0.6097548687792497,0.6993718610295956,1.0649112639088762,1.851734929734815,3.398249549400397
2023-10-08 14:10:00,181.4429155903315,10.605065937109913,2.666558085339975,6.54933141445509,0.7889463930196031,0.2922348477608172,1.0,2.6,0.4,0.6097548687792497,0.6993718610295956,1.0649112639088762,1.851734929734815,3.398249549400397
2023-10-08 14:15:00,167.0808297082945,3.9035867413442915,0.9586169428620199,2.5054853700148256,0.5520408251436646,0.29745573918740004,1.0,2.6,0.4,0.6178745827431324,0.7134991240359024,1.0977534149343375,1.782856135530851,3.035334577933708
2023-10-08 14:20:00,165.12419620668592,11.700953551187142,4.122365885152495,5.415938029053064,0.6835946230320169,0.33323506996446617,1.0,2.6,0.4,0.6178745827431324,0.7134991240359024,1.0977534149343375,1.782856135530851,3.035334577933708
2023-10-08 14:25:00,178.82939300393835,13.098467160303436,4.322731919729848,6.5035233879663075,1.2614820801380127,0.3001458546714447,1.0,2.6,0.4,0.6178745827431324,0.7134991240359024,1.0977534149343375,1.782856135530851,3.035334577933708
2023-10-08 14:30:00,285.69217170964845,10.391213205203345,3.472204253089508,5.103490220001853,2.4337676233527286,0.31445028377932616,1.0,0.09890682484035163,0.01680029761641144,0.6149504045042983,0.6958850479784718,1.0598119833253443,1.6333928645613705,2.4956161563830284
2023-10-08 14:35:00,155.35032463065284,6.194542965920996,1.2746944684101162,4.290597421319284,1.667449089859798,0.2947954020932526,1.0,2.6,0.4,0.6149504045042983,0.6958850479784718,1.0598119833253443,1.6333928645613705,2.4956161563830284
2023-10-08 14:40:00,147.543081123976,8.417068500390215,2.1798854595339017,5.1125228924682995,0.8231643076785843,0.2769817762544808,1.0,2.6,0.4,0.6149504045042983,0.6958850479784718,1.0598119833253443,1.6333928645613705,2.4956161563830284
2023-10-08 14:45:00,156.65223957496133,7.330282888965023,1.8252977082675432,4.573425849810147,0.6650011902995122,0.2813629801137854,1.0,2.6,0.4,0.6109017924347578,0.6848532689562049,1.0363450390675877,1.5186997728320104,2.3331095130747723
2023-10-08 14:50:00,153.3970728628795,5.664205726340287,1.6430331728240362,3.1961473582968347,0.5484633168756106,0.27489002529106943,1.0,2.6,0.4,0.6109017924347578,0.6848532689562049,1.0363450390675877,1.5186997728320104,2.3331095130747723
2023-10-08 14:55:00,152.0954345625148,5.026140752260717,1.3341208450176467,3.0370159879927936,0.5988672747253154,0.2631852262001141,1.0,2.6,0.4,0.6109017924347578,0.6848532689562049,1.0363450390675877,1.5186997728320104,2.3331095130747723
2023-10-08 15:00:00,151.44463176868487,4.047919752198775,1.164446295440075,2.3306182066349543,0.38447707300892314,0.2664284293172602,0.021587033144922906,0.12161184152869324,0.020591260281974,0.6353455752580638,0.7242761904135743,1.068324220449953,1.8504726423268194,3.555008298161905
2023-10-08 15:05:00,149.49309384538185,4.197452882240004,1.2289899089497516,2.3791205432226397,0.3522013172298123,0.2616834428878631,1.0,2.6,0.4,0.6353455752580638,0.7242761904135743,1.068324220449953,1.8504726423268194,3.555008298161905
2023-10-08 15:10:00,150.79384123997005,3.7486425412640347,1.0840643118708129,2.1594457700254255,0.32783247516836106,0.4166666666666667,1.0,2.6,0.4,0.6353455752580638,0.7242761904135743,1.068324220449953,1.8504726423268194,3.555008298161905
2023-10-08 15:15:00,149.49282961947046,2.7433080304932593,0.7824463152721631,1.640677503888024,0.3201975839153188,0.4166666666666667,1.0,2.6,0.4,0.6149504045042983,0.6910347313992257,1.0174938623893512,1.66080582850615,2.707785811322602
2023-10-08 15:20:00,147.54189256269092,2.4473266705879504,0.6082453161488034,1.6258741597148443,0.3227122676985113,0.4166666666666667,1.0,2.6,0.4,0.6149504045042983,0.6910347313992257,1.0174938623893512,1.66080582850615,2.707785811322602
2023-10-08 15:25:00,148.84221424649334,1.9498561765012634,0.5052263176791392,1.3117644857404738,0.32019651191248294,0.4166666666666667,1.0,2.6,0.4,0.6149504045042983,0.6910347313992257,1.0174938623893512,1.66080582850615,2.707785811322602
2023-10-08 15:30:00,148.84208215019518,2.1283715271319306,0.6082760344919025,1.3186072574732417,0.30809191352254556,0.2631726410337853,0.02256102834535696,0.13716501011555385,0.01929378138157474,0.609183059514954,0.6807672142516853,1.0338638981993713,1.511937829409662,2.3500212764994277
2023-10-08 15:35:00,150.79311443921242,2.866459378256876,0.7929382680207356,1.7440653808193267,0.3080914704689135,0.2631708415986665,1.0,2.6,0.4,0.609183059514954,0.6807672142516853,1.0338638981993713,1.511937829409662,2.3500212764994277
2023-10-08 15:40:00,151.44357447586677,2.91583871932506,0.8164730751099848,1.7557953331118001,0.2926060789796248,0.26474939641336864,1.0,2.6,0.4,0.609183059514954,0.6807672142516853,1.0338638981993713,1.511937829409662,2.3500212764994277
2023-10-08 15:45:00,152.7447283768355,2.6726290544940734,0.6562958097140313,1.7688803268593856,0.29684279069697084,0.2631672571255969,1.0,2.6,0.4,0.599634055070257,0.6640549676043392,1.0006366773209945,1.5425466767654066,2.516417294488337
2023-10-08 15:50:00,152.744596183847,2.075027360032296,0.4423178375337442,1.538930288261348,0.31525579854279273,0.2631654580308936,1.0,2.6,0.4,0.599634055070257,0.6640549676043392,1.0006366773209945,1.5425466767654066,2.516417294488337
2023-10-08 15:55:00,154.69702904615386,1.9370226216835222,0.38758147571764984,1.5036631709799402,0.2990183705277021,0.4166666666666667,1.0,2.6,0.4,0.599634055070257,0.6640549676043392,1.0006366773209945,1.5425466767654066,2.516417294488337
2023-10-08 16:00:00,152.0936501676039,1.8399867466113713,0.3512307734846644,1.480186301049608,0.29470366562493816,0.4166666666666667,0.02256102834535696,0.1539251766281267,0.03020347662107791,0.6063406633238447,0.6869068350220429,1.0513677948272906,1.5736025546496801,2.264297683609644
2023-10-08 16:05:00,155.99886547729588,1.6433340544555672,0.3307012238431113,1.3315523138957936,0.2885272416315341,0.26814242260396853,1.0,2.6,0.4,0.6063406633238447,0.6869068350220429,1.0513677948272906,1.5736025546496801,2.264297683609644
2023-10-08 16:10:00,159.25519068914988,1.807538377345264,0.3417390718924698,1.4681862565430492,0.29901721035722034,0.2655581231020295,1.0,2.6,0.4,0.6063406633238447,0.6869068350220429,1.0513677948272906,1.5736025546496801,2.264297683609644
2023-10-08 16:15:00,157.95225424408355,2.062256173617866,0.33988244799977413,1.7224886765435157,0.29684059640067084,0.26725735806001216,1.0,2.6,0.4,0.6353455752580638,0.7192280584070674,1.0855464246175748,1.618018541302911,2.6388398966212403
2023-10-08 16:20:00,157.3007899169141,2.2005503288160497,0.3571221800654209,1.8226194411751875,0.308087436405509,0.26995522923242476,1.0,2.6,0.4,0.6353455752580638,0.7192280584070674,1.0855464246175748,1.618018541302911,2.6388398966212403
2023-10-08 16:25:00,158.60332448296427,2.2126710585292746,0.37112274496004605,1.8062429586276194,0.29901607208690784,0.27089151767859354,1.0,2.6,0.4,0.6353455752580638,0.7192280584070674,1.0855464246175748,1.618018541302911,2.6388398966212403
2023-10-08 16:30:00,157.30052532328995,2.5934459931273484,0.411251167925578,2.105276778433044,0.3012293036710394,0.2681310262491188,0.02061552812808831,0.06438136376312636,0.020591260281974,0.630441115410472,0.7127860829168875,1.0649112639088762,1.7176181909842478,2.8704626804750486
2023-10-08 16:35:00,151.44205461780305,2.844422294065257,0.42670644245866485,2.3252938140340795,0.3012289030138699,0.26392831159518726,1.0,2.6,0.4,0.630441115410472,0.7127860829168875,1.0649112639088762,1.7176181909842478,2.8704626804750486
2023-10-08 16:40:00,152.74320815765788,2.2245612314653345,0.38980651380410575,1.7815188175571794,0.3080856642479998,0.26638613814119216,1.0,2.6,0.4,0.630441115410472,0.7127860829168875,1.0649112639088762,1.7176181909842478,2.8704626804750486
2023-10-08 16:45:00,149.49031947398294,1.9399143158491876,0.38981972790914166,1.5022667985276466,0.2990145398158404,0.2699429884819557,1.0,2.6,0.4,0.625,0.7170746125752884,1.078626459901666,1.8265574860923484,2.9589903683520165
2023-10-08 16:50:00,150.79106618306437,2.2651546786756436,0.45160523308749057,1.708489467105285,0.2905425460655096,0.2647220757005069,1.0,2.6,0.4,0.625,0.7170746125752884,1.078626459901666,1.8265574860923484,2.9589903683520165
2023-10-08 16:55:00,146.23940105200515,2.757416487997814,0.41569963384607583,2.2594250742532664,0.29901377368714543,0.2681196412469266,1.0,2.6,0.4,0.625,0.7170746125752884,1.078626459901666,1.8265574860923484,2.9589903683520165
2023-10-08 17:00:00,146.88921726926353,2.765535816595706,0.3752955799119786,2.3454943429305684,0.2846136879202498,0.2672376050852477,0.02353720459187964,0.07150272722071514,0.020591260281974,0.6274081606099813,0.7049886523909445,1.0530511098707411,1.6524346431856238,2.4559104218191674
2023-10-08 17:05:00,152.09186577327435,3.3851498945664664,0.47712849619204567,2.7715379134732934,0.27907581269259746,0.2835564501034565,1.0,2.6,0.4,0.6274081606099813,0.7049886523909445,1.0530511098707411,1.6524346431856238,2.4559104218191674
2023-10-08 17:10:00,150.79053760096025,5.231255241669932,0.9353028893651416,3.860471340439374,0.2946987642515366,0.29465538900981536,1.0,2.6,0.4,0.6274081606099813,0.7049886523909445,1.0530511098707411,1.6524346431856238,2.4559104218191674
2023-10-08 17:15:00,148.83924208060722,5.160270659577848,0.8115403883588567,3.9858557135357437,0.29469840510740347,0.2946508875928272,1.0,2.6,0.4,0.6256005115087423,0.7071067811865476,1.078626459901666,1.6488544508233587,2.4284200625097796
2023-10-08 17:20:00,148.83910998438563,4.7435103782474854,0.5737414099351783,3.9584510297887023,0.2968358422277973,0.28955602195324937,1.0,2.6,0.4,0.6256005115087423,0.7071067811865476,1.078626459901666,1.6488544508233587,2.4284200625097796
2023-10-08 17:25:00,150.79014116441653,4.959995467818602,0.5491417426259175,4.216193531494152,0.29469770794847,0.28471155344949917,1.0,2.6,0.4,0.6256005115087423,0.7071067811865476,1.078626459901666,1.6488544508233587,2.4284200625097796
2023-10-08 17:30:00,155.34536512671525,5.685324271251326,0.5008262758022168,5.024073710947261,0.29259869818957907,0.30410665207668025,0.031400636936215164,0.09890682484035163,0.02739069184960468,0.6384426364208455,0.7381388758221585,1.1030219580769913,2.0512632693050397,4.042132605444804
2023-10-08 17:35:00,216.11690361451895,6.749614253806556,0.7232475768585747,5.7143229432828555,0.29683474513736674,0.3445751184609968,1.0,2.6,0.4,0.6384426364208455,0.7381388758221585,1.1030219580769913,2.0512632693050397,4.042132605444804
2023-10-08 17:40:00,206.94664590128548,6.84972444346963,1.488850814888209,4.61237564328957,0.2968343794427555,0.3727628460563633,1.0,2.6,0.4,0.6384426364208455,0.7381388758221585,1.1030219580769913,2.0512632693050397,4.042132605444804
2023-10-08 17:45:00,203.67284850421476,4.430688457086026,0.39209352980434026,3.9717041254386496,0.2846112087973868,0.32182144260257173,1.0,2.6,0.4,0.6434477445760456,0.7352013329694119,1.0968774589716028,1.8152754611903945,2.879468006420631
2023-10-08 17:50:00,172.29372284687778,5.492963500582326,0.7751232038406536,4.3759285493746765,0.2827206142821182,0.29725293157289917,1.0,2.6,0.4,0.6434477445760456,0.7352013329694119,1.0968774589716028,1.8152754611903945,2.879468006420631
2023-10-08 17:55:00,148.18798320372073,8.959893876330911,2.1886317427869266,5.640472332718576,0.3226952880997671,0.26809234662070625,1.0,2.6,0.4,0.6434477445760456,0.7352013329694119,1.0968774589716028,1.8152754611903945,2.879468006420631
2023-10-08 18:00:00,148.83805321473523,6.531848737854874,1.6517548348148723,4.044902240215623,0.29053807360251466,0.4166666666666667,0.08814193099768124,0.24740218269045244,0.0505,0.6359630492410703,0.7149272690281159,1.061509039057134,1.6476620557626493,2.4869660230891775
2023-10-08 18:05:00,148.83792111854427,2.7187058253299132,0.43142781423990745,2.191997963496761,0.29683255098619116,0.2672091307911102,1.0,2.6,0.4,0.6359630492410703,0.7149272690281159,1.061509039057134,1.6476620557626493,2.4869660230891775
2023-10-08 18:10:00,152.74069649210307,3.8273468248165496,0.8012585826296065,2.6765942843870683,0.28460981670652674,0.26550943392829984,1.0,2.6,0.4,0.6359630492410703,0.7149272690281159,1.061509039057134,1.6476620557626493,2.4869660230891775
2023-10-08 18:15:00,146.88723659520048,3.864598427813472,0.9886012186360283,2.4204961060986467,0.2790725322160289,0.27276647308166085,1.0,2.6,0.4,0.6347290760631658,0.7149272690281159,1.0777643527228018,1.6097770808406984,2.358495283014151
2023-10-08 18:20:00,150.13817523457647,3.98493283898879,0.5615835616271263,3.2228486417878646,0.2692647066793217,0.28467063991715147,1.0,2.6,0.4,0.6347290760631658,0.7149272690281159,1.0777643527228018,1.6097770808406984,2.358495283014151
2023-10-08 18:25:00,146.88697250538564,5.179406590072063,0.6163461413689066,4.322030427178301,0.2865425774431163,0.28009363437948787,1.0,2.6,0.4,0.6347290760631658,0.7149272690281159,1.0777643527228018,1.6097770808406984,2.358495283014151
2023-10-08 18:30:00,155.34371195967157,3.8974607617653687,0.5010047162623597,3.23959443449247,0.2773170777459659,0.31120940936089275,0.024515301344262524,0.08697677851012878,0.02462214450449026,0.6453402203489258,0.7286288492778749,1.0708909188147968,1.8077710031970309,3.10291798151353
2023-10-08 18:35:00,312.6295786613802,12.10029857699832,2.820581250314711,7.80622803924933,0.3201763692733971,0.38186759963238565,1.0,2.6,0.4,0.6453402203489258,0.7286288492778749,1.0708909188147968,1.8077710031970309,3.10291798151353
2023-10-08 18:40:00,373.8099102909154,8.356735964147246,1.7633750277410962,5.6922716327243625,0.3665331410160024,0.4587001776499438,1.0,2.6,0.4,0.6453402203489258,0.7286288492778749,1.0708909188147968,1.8077710031970309,3.10291798151353
2023-10-08 18:45:00,595.7903314643959,11.957783055876662,2.544152925764394,8.087943431501163,0.40927749670859537,0.7104424148068798,1.0,2.6,0.4,0.6523503659844149,0.7381388758221585,1.099507162323193,1.7630382865950474,2.8578663369723927
2023-10-08 18:50:00,1654.807454499151,9.008691211703129,1.459261194468314,6.812871853265368,0.4683615933096786,1.0780993320814136,1.0,2.6,0.4,0.6523503659844149,0.7381388758221585,1.099507162323193,1.7630382865950474,2.8578663369723927
2023-10-08 18:55:00,1051.3597761500343,4.495580249977199,0.6114173312629737,3.6481695211616363,0.38140260460171604,0.7473576724317496,1.0,2.6,0.4,0.6523503659844149,0.7381388758221585,1.099507162323193,1.7630382865950474,2.8578663369723927
2023-10-08 19:00:00,336.3038973768204,8.707403932436511,1.6057527195402839,6.2854000222253665,0.5306459542940212,0.4402489495354084,0.02353720459187964,0.08459314393022639,0.01929378138157474,0.6620845867409995,0.7589736490814422,1.1459271181013215,1.787826613517094,2.9862089679056285
2023-10-08 19:05:00,315.91553199636155,8.65292583962778,1.6845668139273735,6.109368763421822,0.6797297184660464,0.432173656663413,1.0,2.6,0.4,0.6620845867409995,0.7589736490814422,1.1459271181013215,1.787826613517094,2.9862089679056285
2023-10-08 19:10:00,520.0079460056061,4.682545392502355,0.6265532538299645,3.809461742513156,0.40296682872873396,0.47732416717702447,1.0,2.6,0.4,0.6620845867409995,0.7589736490814422,1.1459271181013215,1.787826613517094,2.9862089679056285
2023-10-08 19:15:00,444.2539672521793,4.657444133251816,0.48455497758571925,4.026430480630204,0.41563452500362874,0.4483408554339607,1.0,2.6,0.4,0.7381388758221585,0.8586058467073236,1.271864709786383,2.0120924432043372,3.132233069233514
2023-10-08 19:20:00,228.56605545149813,11.300015391574465,2.232576343009484,7.909413687476635,0.4383285055847201,0.36354596642034487,1.0,2.6,0.4,0.7381388758221585,0.8586058467073236,1.271864709786383,2.0120924432043372,3.132233069233514
2023-10-08 19:25:00,246.27637846042248,10.981935453564173,1.9951000237639982,7.95694077287715,0.4383272601746076,0.37991038013926715,1.0,2.6,0.4,0.7381388758221585,0.8586058467073236,1.271864709786383,2.0120924432043372,3.132233069233514
2023-10-08 19:30:00,257.43429157814273,14.24146195518725,2.9987601675493174,9.672143288213412,0.4649722706530196,0.37805247115573204,0.03337663853655728,0.1910618747945283,0.056393705322491446,0.8027353237524807,0.941702713174386,1.3495866033715656,2.1634792002697876,3.573738098965843
2023-10-08 19:35:00,524.6177503598478,13.973485538441038,3.020688858740599,9.370737227590121,0.5235900555582098,0.4647442940480819,1.0,2.6,0.4,0.8027353237524807,0.941702713174386,1.3495866033715656,2.1634792002697876,3.573738098965843
2023-10-08 19:40:00,359.98632374099805,12.713730834342671,2.2927428601940285,9.229446366399252,0.635317377273367,0.44419820631083146,1.0,2.6,0.4,0.8027353237524807,0.941702713174386,1.3495866033715656,2.1634792002697876,3.573738098965843
2023-10-08 19:45:00,378.412791820278,12.215664212725628,1.891560033708293,9.349266729290168,0.6722762012180619,0.3854545917626752,1.0,2.6,0.4,0.7477539702335253,0.8610464563541274,1.2496800230458995,1.9447940765027025,3.28510943501126
2023-10-08 19:50:00,403.42646562046883,8.74377922374326,0.9862406323420353,7.28655523987557,0.5483525164672359,0.532708302623875,1.0,2.6,0.4,0.7477539702335253,0.8610464563541274,1.2496800230458995,1.9447940765027025,3.28510943501126
2023-10-08 19:55:00,1942.3522040658631,6.762863781285162,0.8408678340957575,5.538259849462236,0.4582395817353334,1.3566051096831715,1.0,2.6,0.4,0.7477539702335253,0.8610464563541274,1.2496800230458995,1.9447940765027025,3.28510943501126
2023-10-08 20:00:00,1302.60401616206,4.227762719918157,0.571757359039416,3.4475782602729015,0.4220433474188439,1.2865434460961787,0.028442925306655785,0.10368336414295207,0.02739069184960468,0.7741324176134211,0.8988932083401231,1.3188218378537715,2.0512632693050397,3.286959080974389
2023-10-08 20:05:00,1235.3350137218974,3.1573775638373536,0.4031592619054341,2.6805211661175767,0.40610018716552465,1.0846620919108934,1.0,2.6,0.4,0.7741324176134211,0.8988932083401231,1.3188218378537715,2.0512632693050397,3.286959080974389
2023-10-08 20:10:00,953.7544587657574,3.600389922299794,0.44079145060385116,3.051137587121309,0.3813887435463231,0.8849582571186483,1.0,2.6,0.4,0.7741324176134211,0.8988932083401231,1.3188218378537715,2.0512632693050397,3.286959080974389
2023-10-08 20:15:00,830.4541254298806,2.8103623375313838,0.3537962298568657,2.4342917846366503,0.3665173557568597,0.7007823617844133,1.0,2.6,0.4,0.7825624575712791,0.9197738852565885,1.3555783415206957,2.182122876925128,3.7976171476335003
2023-10-08 20:20:00,561.5127673861118,2.370648485985334,0.3404631179650178,2.0262662593244745,0.3465664451314414,0.5088830766552427,1.0,2.6,0.4,0.7825624575712791,0.9197738852565885,1.3555783415206957,2.182122876925128,3.7976171476335003
2023-10-08 20:25:00,381.0428532040277,7.547488451906585,2.0307346441539638,4.474637531449278,0.34656575430578834,0.49607322081422867,1.0,2.6,0.4,0.7825624575712791,0.9197738852565885,1.3555783415206957,2.182122876925128,3.7976171476335003
2023-10-08 20:30:00,296.8460067482418,23.420115760455715,6.5615391797478,13.389309324049497,0.4615876322845596,0.38349392647831543,0.0422965719651132,0.21263527459008302,0.07120568797504873,0.8035178902799862,0.935778285706609,1.3515825390999987,2.348989197506025,4.6530445946713215
2023-10-08 20:35:00,198.43064115974192,3.7865023709719794,0.675036295932981,2.838089736649968,0.48193799971681656,0.3039140143635408,1.0,2.6,0.4,0.8035178902799862,0.935778285706609,1.3515825390999987,2.348989197506025,4.6530445946713215
2023-10-08 20:40:00,211.52408478369142,2.1089557788523177,0.27434257233755377,1.941412495268675,0.46495262390030573,0.2893920075681093,1.0,2.6,0.4,0.8035178902799862,0.935778285706609,1.3515825390999987,2.348989197506025,4.6530445946713215
2023-10-08 20:45:00,208.90421741587238,2.587439181947443,0.36976177440149416,2.1798318609220804,0.435027443049556,0.351104845599937,1.0,2.6,0.4,0.8168941179859236,0.9433981132056605,1.356578106855628,2.3272950500527427,4.541415638322483
2023-10-08 20:50:00,846.9321492010728,2.7395092872121025,0.3519422886783977,2.3677714555147404,0.39360468203388665,0.8634989245012704,1.0,2.6,0.4,0.8168941179859236,0.9433981132056605,1.356578106855628,2.3272950500527427,4.541415638322483
2023-10-08 20:55:00,564.145075750018,2.1452402764027827,0.27214546125753497,1.9855709133164883,0.3753753314278422,0.8118671165857535,1.0,2.6,0.4,0.8168941179859236,0.9433981132056605,1.356578106855628,2.3272950500527427,4.541415638322483
2023-10-08 21:00:00,406.0549389943603,2.027223530563118,0.4166666666666667,1.9046613727848503,0.3665098572365419,0.5608647468195875,0.029427877939124318,0.11204713293966964,0.04317406628984581,0.8392115347157713,1.0051785910971245,1.5181897114655993,2.415698863683137,3.718400731497347
2023-10-08 21:05:00,200.39280956697039,2.014935362666019,0.27437897108321596,1.8478056344520208,0.36359418691109807,0.35628579630719215,1.0,2.6,0.4,0.8392115347157713,1.0051785910971245,1.5181897114655993,2.415698863683137,3.718400731497347
2023-10-08 21:10:00,194.5039968389571,2.4104271055697164,0.2790979869283134,2.2250090885114027,0.3465593987798796,0.32782772796028287,1.0,2.6,0.4,0.8392115347157713,1.0051785910971245,1.5181897114655993,2.415698863683137,3.718400731497347
2023-10-08 21:15:00,258.74244976349286,2.804822042937362,0.3012497362732402,2.5521142323617445,0.34655868033708026,0.4298358974645557,1.0,2.6,0.4,0.8296047251552995,0.977547952787995,1.4406248644251562,2.3340696219264756,3.924398043012457
2023-10-08 21:20:00,1093.5368673214105,3.694120847544185,0.4120489207404901,3.198165954286526,0.3465579895282202,0.7907072363427728,1.0,2.6,0.4,0.8296047251552995,0.977547952787995,1.4406248644251562,2.3340696219264756,3.924398043012457
2023-10-08 21:25:00,695.9580762440997,3.3333905675060906,0.2997440109971007,3.0834007956696046,0.33039002922792843,0.6661291523684093,1.0,2.6,0.4,0.8296047251552995,0.977547952787995,1.4406248644251562,2.3340696219264756,3.924398043012457
2023-10-08 21:30:00,246.27084618742722,2.7179800177924154,0.4166666666666667,2.5933541207848014,0.32521547080147195,0.3778130305560675,1.0,2.6,0.4,0.8384086115969946,0.9835695196578634,1.4652909062708332,2.2813483403461206,3.553136079578152
2023-10-08 21:35:00,602.3629288249131,2.7096305291862515,0.4166666666666667,2.6386748753785074,0.312801204230563,0.5695437914990055,1.0,2.6,0.4,0.8384086115969946,0.9835695196578634,1.4652909062708332,2.2813483403461206,3.553136079578152
2023-10-08 21:40:00,631.3610595911072,2.4138195821578896,0.4166666666666667,2.363733396213152,0.3080588744194248,0.5453719388667906,1.0,2.6,0.4,0.8384086115969946,0.9835695196578634,1.4652909062708332,2.2813483403461206,3.553136079578152
2023-10-08 21:45:00,340.24087499440344,2.3195612785500277,0.4166666666666667,2.2777532335673962,0.28459795626251455,0.3261962816793874,1.0,2.6,0.4,0.8529249673916224,0.9870162106064925,1.4273287497980274,2.280000219298235,3.4597075020874235
2023-10-08 21:50:00,225.28199745941197,2.709275739126026,0.4166666666666667,2.67129554340222,0.2925812641090503,0.3246170688493199,1.0,2.6,0.4,0.8529249673916224,0.9870162106064925,1.4273287497980274,2.280000219298235,3.4597075020874235
2023-10-08 21:55:00,228.55972864080732,2.6474473731995123,0.4166666666666667,2.621861602607578,0.29467878064526437,0.3408044850190144,1.0,2.6,0.4,0.8529249673916224,0.9870162106064925,1.4273287497980274,2.280000219298235,3.4597075020874235
2023-10-08 22:00:00,630.0406571284663,2.2987689023385514,0.4166666666666667,2.1954049973509187,0.2968153433300762,0.6387371771354909,1.0,0.12878881939050457,0.0505,0.8586058467073236,0.994786409235671,1.4447252472356118,2.2665295056539634,3.510113958264033
2023-10-08 22:05:00,1329.6148812384845,2.168051910475161,0.4166666666666667,2.0282876446069045,0.286529807297108,1.0097386843661362,1.0,2.6,0.4,0.8586058467073236,0.994786409235671,1.4447252472356118,2.2665295056539634,3.510113958264033
2023-10-08 22:10:00,914.1729929562503,5.361528658203018,0.6271110570857285,4.485916871051409,0.2946777245261048,0.8676867345572148,1.0,2.6,0.4,0.8586058467073236,0.994786409235671,1.4447252472356118,2.2665295056539634,3.510113958264033
2023-10-08 22:15:00,597.7455495262893,8.108936351982504,0.8886776543307905,6.806746273353487,0.2968142464245671,0.6228846236045023,1.0,2.6,0.4,0.9122329746287403,1.0903948825998773,1.5759111650089928,2.649927546179329,4.47032034646288
2023-10-08 22:20:00,654.4251626575807,5.0903369498477415,0.4299067654020139,4.557965820629929,0.2968138807915967,0.5804251128250073,1.0,2.6,0.4,0.9122329746287403,1.0903948825998773,1.5759111650089928,2.649927546179329,4.47032034646288
2023-10-08 22:25:00,613.5613420988748,4.107858230288753,0.32798783073586624,3.78554938650599,0.2968135151597261,0.5364944106954244,1.0,2.6,0.4,0.9122329746287403,1.0903948825998773,1.5759111650089928,2.649927546179329,4.47032034646288
2023-10-08 22:30:00,605.6522196552613,5.494473746488261,0.3620006089949857,5.0955801422059555,0.29681314952895516,0.468378834569454,0.032388269481403296,0.14913564295633688,0.0505,0.941702713174386,1.0753157675771337,1.54434452114805,2.3137593327742625,3.4746314912519862
2023-10-08 22:35:00,580.6094022924153,3.982954565582494,0.30140673503521304,3.727462827504704,0.29681278389928395,0.4256461581419661,1.0,2.6,0.4,0.941702713174386,1.0753157675771337,1.54434452114805,2.3137593327742625,3.4746314912519862
2023-10-08 22:40:00,443.5794115112491,3.190905830285709,0.2911048571564475,2.9656937130502707,0.29681241827071236,0.4336214784078686,1.0,2.6,0.4,0.941702713174386,1.0753157675771337,1.54434452114805,2.3137593327742625,3.4746314912519862
2023-10-08 22:45:00,218.72574982094895,3.1039637642722955,0.28833564258081945,2.8871920697605153,0.2925775744974621,0.3276975139424793,1.0,2.6,0.4,0.941702713174386,1.0957303500405564,1.5611561869332613,2.391147005100272,3.5999827777365825
2023-10-08 22:50:00,300.12501525044684,2.8108156809477367,0.28174788510117094,2.615374720711965,0.2790596778045565,0.3457670487647436,1.0,2.6,0.4,0.941702713174386,1.0957303500405564,1.5611561869332613,2.391147005100272,3.5999827777365825
2023-10-08 22:55:00,237.7383444563548,2.9632963958956884,0.4166666666666667,2.8337049968519885,0.2773054054483864,0.3229707009569735,1.0,2.6,0.4,0.941702713174386,1.0957303500405564,1.5611561869332613,2.391147005100272,3.5999827777365825
2023-10-08 23:00:00,202.35215692731862,3.0168496200623216,0.274546657843195,2.845733920527122,0.27730518100202134,0.3080072240780654,0.034365680554879166,0.1826739171310453,0.06230770417853637,1.2393369194855772,1.3993745031263076,1.9223423212320954,2.8820494444058378,4.3016224845981075
2023-10-08 23:05:00,202.35202395393037,3.9116147828323076,0.3334780409773315,3.5768792896820956,0.27730497382146124,0.2943366199279431,1.0,2.6,0.4,1.2393369194855772,1.3993745031263076,1.9223423212320954,2.8820494444058378,4.3016224845981075
2023-10-08 23:10:00,218.72475140728162,3.9405695184427656,0.2757090792390276,3.7641513371608513,0.27393829562386973,0.2943321548134429,1.0,2.6,0.4,1.2393369194855772,1.3993745031263076,1.9223423212320954,2.8820494444058378,4.3016224845981075
2023-10-08 23:15:00,211.51829664017717,3.595960479391258,0.4166666666666667,3.5364020719559024,0.27393809988039036,0.30514910726497035,1.0,2.6,0.4,1.0629412025131024,1.231107225224513,1.7764819616309082,2.8020182458363827,4.987191995502078
2023-10-08 23:20:00,275.15394450313585,3.413472780434516,0.4166666666666667,3.3289953365598475,0.26503349142461063,0.3925279783253108,1.0,2.6,0.4,1.0629412025131024,1.231107225224513,1.7764819616309082,2.8020182458363827,4.987191995502078
2023-10-08 23:25:00,408.6779265285531,2.9336955280010386,0.4166666666666667,2.8578173700761256,0.2773040933115768,0.49549168084938683,1.0,2.6,0.4,1.0629412025131024,1.231107225224513,1.7764819616309082,2.8020182458363827,4.987191995502078
2023-10-08 23:30:00,370.50030037210695,2.2231568467283678,0.4166666666666667,2.107245999267105,0.2773038688698219,0.4215446936498223,0.031400636936215164,0.22102633327275734,0.04026164427839479,1.0832917427913868,1.2494098606942399,1.755839901585563,2.7390691849604676,4.248070150079917
2023-10-08 23:35:00,265.30176649650815,2.1252337259467353,0.3110463750519974,1.851147992357925,0.28270257988721786,0.34910346490080935,1.0,2.6,0.4,1.0832917427913868,1.2494098606942399,1.755839901585563,2.7390691849604676,4.248070150079917
2023-10-08 23:40:00,237.0804646275822,2.0072895646797075,0.3211444125146266,1.7102360211741856,0.29051630364445,0.3456868551637097,1.0,2.6,0.4,1.0832917427913868,1.2494098606942399,1.755839901585563,2.7390691849604676,4.248070150079917
2023-10-08 23:45:00,284.34999476664007,1.9666462809110736,0.3335706612727037,1.642020697579777,0.27905710721104776,0.33242167697914093,1.0,2.6,0.4,1.0550075829111372,1.2119471935690926,1.7125618704151975,2.6055394834851375,3.9547444923787434
2023-10-08 23:50:00,235.76829770385885,2.145239904923457,0.40161632230835387,1.6811840236420892,0.2827017974965424,0.30095170183819214,1.0,2.6,0.4,1.0550075829111372,1.2119471935690926,1.7125618704151975,2.6055394834851375,3.9547444923787434
2023-10-08 23:55:00,207.58754432840055,1.7566912422410883,0.3194588582239622,1.467461920959886,0.27905662855943997,0.2955941321668281,1.0,2.6,0.4,1.0550075829111372,1.2119471935690926,1.7125618704151975,2.6055394834851375,3.9547444923787434
2023-10-09 00:00:00,5792.640440000001,63.239320719999995,15.339260352,38.895371761322025,3.8641953000000004,2.6695233,0.031400636936215164,0.24020824298928628,0.04026164427839479,1.0550075829111372,1.2119471935690926,1.7125618704151975,2.6055394834851375,3.9547444923787434
2023-10-09 00:15:00,227.24279947848433,1.5170656808906575,0.3144336102840826,1.245229594498152,0.27559494484577723,0.29298703681840416,1.0,2.6,0.4,0.9055523176492897,1.037439636798209,1.4807829820740106,2.1901260808455754,3.2629275198814947
2023-10-09 00:20:00,210.86085802189476,1.1300600117518083,0.28447644897717705,0.9482161722776383,0.27730165902388093,0.2820974751025983,1.0,2.6,0.4,0.9055523176492897,1.037439636798209,1.4807829820740106,2.1901260808455754,3.2629275198814947
2023-10-09 00:25:00,181.4228745986332,1.0925581526507637,0.4166666666666667,0.9770160760193203,0.2773014345906792,0.28209398330289326,1.0,2.6,0.4,0.9055523176492897,1.037439636798209,1.4807829820740106,2.1901260808455754,3.2629275198814947
2023-10-09 00:30:00,180.76937602317182,1.4104772317303789,0.2899021344040857,1.2030698092967087,0.29257054800107174,0.2809623145322819,0.026476404589747454,0.22941804636950422,0.034481879299133336,0.8667548673067836,0.9965159306303135,1.4406248644251562,2.168801569992054,3.2647750305342633
2023-10-09 00:35:00,191.88068013893076,2.05471935625089,0.3178413809006235,1.7648772833752504,0.2808545363033175,0.27455391533188234,1.0,2.6,0.4,0.8667548673067836,0.9965159306303135,1.4406248644251562,2.168801569992054,3.2647750305342633
2023-10-09 00:40:00,191.8804808522526,1.8885379707991683,0.31616203587766506,1.6048192667458907,0.27559390374633064,0.27159149355902373,1.0,2.6,0.4,0.8667548673067836,0.9965159306303135,1.4406248644251562,2.168801569992054,3.2647750305342633
2023-10-09 00:45:00,169.67089437409754,1.6195757111470777,0.3095635744369466,1.3565645158260917,0.28458804206041716,0.26703492070954993,1.0,2.6,0.4,0.8815191432975237,1.0043112067481874,1.4508838685435854,2.1276475271999353,3.1047486210641924
2023-10-09 00:50:00,177.5031812614539,1.4374780688259265,0.28993780277240144,1.2292584567529292,0.27559350074499883,0.2715863243114296,1.0,2.6,0.4,0.8815191432975237,1.0043112067481874,1.4508838685435854,2.1276475271999353,3.1047486210641924
2023-10-09 00:55:00,180.7686461052581,1.5122136389407426,0.32655278998549103,1.2134354070791957,0.2905115071553235,0.27158373110211204,1.0,2.6,0.4,0.8815191432975237,1.0043112067481874,1.4508838685435854,2.1276475271999353,3.1047486210641924
2023-10-09 01:00:00,176.84983406382423,1.3902530844576373,0.29277894844771324,1.1756440881750505,0.2755930809548565,0.273535039654052,0.024515301344262524,0.1323782459469833,0.026000000000000002,0.8906003593082591,1.025195103382766,1.4797484110483106,2.242331153063704,3.3740859502982437
2023-10-09 01:05:00,202.34763583287952,1.3239659303631441,0.2899645687204774,1.1190181915180504,0.2772996736806176,0.2820660233424484,1.0,2.6,0.4,0.8906003593082591,1.025195103382766,1.4797484110483106,2.242331153063704,3.3740859502982437
2023-10-09 01:10:00,193.1874792146285,1.3900313815156686,0.3001811871453205,1.1563783625439388,0.2755926611676851,0.28917177885723233,1.0,2.6,0.4,0.8906003593082591,1.025195103382766,1.4797484110483106,2.242331153063704,3.3740859502982437
2023-10-09 01:15:00,187.95630384500996,1.35482326652977,0.29280644016163465,1.1412537982575846,0.27729924209242207,0.29040809263494194,1.0,2.6,0.4,0.8733017806004979,0.9939220291350827,1.4457510159083409,2.0394867614181758,2.9119409334668864
2023-10-09 01:20:00,196.4577540985006,1.3313941384860037,0.2747514927697379,1.1715735997945396,0.27905265765259907,0.2843600514964421,1.0,2.6,0.4,0.8733017806004979,0.9939220291350827,1.4457510159083409,2.0394867614181758,2.9119409334668864
2023-10-09 01:25:00,354.7007462592807,1.3390492188226861,0.2986972840941675,1.1109069764682884,0.2826968239089198,0.31666093206570084,1.0,2.6,0.4,0.8733017806004979,0.9939220291350827,1.4457510159083409,2.0394867614181758,2.9119409334668864
2023-10-09 01:30:00,178.15485236888028,1.2386077019012112,0.27363708526307357,1.085009386522536,0.28458556369227866,0.2755448064905997,0.02256102834535696,0.12639620247459968,0.02462214450449026,0.8553572353116562,0.9930579036491277,1.4242670536103823,2.277304547046793,3.708984227521061
2023-10-09 01:35:00,173.58457672390549,1.3078122713747522,0.2832993673872752,1.1220692977875133,0.27905196631283735,0.2661617800985025,1.0,2.6,0.4,0.8553572353116562,0.9930579036491277,1.4242670536103823,2.277304547046793,3.708984227521061
2023-10-09 01:40:00,559.5044999707039,1.4010932956352662,0.3526551663828692,1.0542807558548832,0.26779156613839905,0.38658591638128775,1.0,2.6,0.4,0.8553572353116562,0.9930579036491277,1.4242670536103823,2.277304547046793,3.708984227521061
2023-10-09 01:45:00,730.8623722275001,1.5705012031375571,0.3685076876443958,1.185078561623388,0.2723219646991236,0.5249587744385862,1.0,2.6,0.4,0.8733017806004979,0.9956510432877576,1.443699747177369,2.143552192040119,3.6807531837926866
2023-10-09 01:50:00,487.0335877450606,2.285218759533091,0.41718040436784687,1.78996833888395,0.28458445798233795,0.4036502603198095,1.0,2.6,0.4,0.8733017806004979,0.9956510432877576,1.443699747177369,2.143552192040119,3.6807531837926866
2023-10-09 01:55:00,544.3484608384614,2.1464033962791818,0.42604749552237514,1.637568222636538,0.2808505727607135,0.44116022578043074,1.0,2.6,0.4,0.8733017806004979,0.9956510432877576,1.443699747177369,2.143552192040119,3.6807531837926866
2023-10-09 02:00:00,535.1238299767047,1.4791821414399307,0.3431477299400146,1.1470827621773731,0.27729725682428724,0.5013548769319249,0.026476404589747454,0.1467411326111394,0.02739069184960468,0.8856415753565321,1.0147359262389402,1.4498567653392522,2.200808998981965,3.361086133975147
2023-10-09 02:05:00,999.8507555111344,1.510640091535563,0.4084724207420993,1.056866098637573,0.27729703240655446,0.6990075896369528,1.0,2.6,0.4,0.8856415753565321,1.0147359262389402,1.4498567653392522,2.200808998981965,3.361086133975147
2023-10-09 02:10:00,1228.004044362319,1.601727671272004,0.43729351563454444,1.0935840435998194,0.2650292791268912,1.1342156094500948,1.0,2.6,0.4,0.8856415753565321,1.0147359262389402,1.4498567653392522,2.200808998981965,3.361086133975147
2023-10-09 02:15:00,1284.0551826705132,1.3108036532470435,0.30495394350757615,1.0686176738418773,0.273931102508877,1.545860463908875,1.0,2.6,0.4,0.8659382195052948,1.0077822185373186,1.4611693946972744,2.277304547046793,3.523199682107161
2023-10-09 02:20:00,2028.6205914117043,1.353386563509361,0.34319558944191425,1.0276349821711563,0.27232069905923445,2.2722659146932083,1.0,2.6,0.4,0.8659382195052948,1.0077822185373186,1.4611693946972744,2.277304547046793,3.523199682107161
2023-10-09 02:25:00,1839.3379959306687,1.3766542051319701,0.37471140752626286,0.9908674457678333,0.27558957162550696,1.6668208331914696,1.0,2.6,0.4,0.8659382195052948,1.0077822185373186,1.4611693946972744,2.277304547046793,3.523199682107161
2023-10-09 02:30:00,1218.7673435849144,1.3570574314181543,0.3606198958165536,0.998098006672163,0.27393053166705617,0.9792537511270522,0.024515301344262524,0.14793836554457399,0.046097722286464436,0.8480713413386871,0.978407379367102,1.428349873105326,2.151516906742775,3.379659746187477
2023-10-09 02:35:00,1240.5277944885959,1.2295386131878228,0.34702135416245267,0.9055060500481629,0.26248209402504186,0.9342613588159163,1.0,2.6,0.4,0.8480713413386871,0.978407379367102,1.428349873105326,2.151516906742775,3.379659746187477
2023-10-09 02:40:00,1487.8231132371095,1.0822753084933598,0.32678942934973904,0.8103963206023977,0.26778982147838043,0.993406798314774,1.0,2.6,0.4,0.8480713413386871,0.978407379367102,1.428349873105326,2.151516906742775,3.379659746187477
2023-10-09 02:45:00,1014.349775932702,1.0268749972387574,0.3098121918085366,0.7940616570776742,0.2650284049441516,0.7125582155467198,1.0,2.6,0.4,0.8972318540934668,1.0348120602312287,1.5140181769054164,2.081453878902917,2.8866769822756413
2023-10-09 02:50:00,682.7362905234322,1.1683251255807838,0.37477630025873204,0.8032156507134133,0.27729506446944807,0.4552510528365262,1.0,2.6,0.4,0.8972318540934668,1.0348120602312287,1.5140181769054164,2.081453878902917,2.8866769822756413
2023-10-09 02:55:00,678.7806006349944,1.2214585619146359,0.43516809192318834,0.7576974600927356,0.27558831234742015,0.4821820783848158,1.0,2.6,0.4,0.8972318540934668,1.0348120602312287,1.5140181769054164,2.081453878902917,2.8866769822756413
2023-10-09 03:00:00,717.6698991392554,0.9865901544429461,0.34518088114586365,0.6974450273825366,0.2723192277924987,0.4947996937216337,0.032388269481403296,0.324154284253656,0.12041594578792295,0.8749422838107666,1.0156062229033456,1.4642601408219784,2.2759569965181683,3.480230452139628
2023-10-09 03:05:00,564.7674973665162,1.033782531572705,0.33041380818882743,0.7613732921654519,0.2772943912417291,0.4531627137448562,1.0,2.6,0.4,0.8749422838107666,1.0156062229033456,1.4642601408219784,2.2759569965181683,3.480230452139628
2023-10-09 03:10:00,603.6456120272895,1.167895652091366,0.3082480347383301,0.926057284764366,0.27729418409616663,0.4990030806241387,1.0,2.6,0.4,0.8749422838107666,1.0156062229033456,1.4642601408219784,2.2759569965181683,3.480230452139628
2023-10-09 03:15:00,951.7063042666325,1.130088788071053,0.29160216884933376,0.929641288855825,0.2692478440095638,0.8422851151854582,1.0,2.6,0.4,0.8790500554575946,1.0260682238525858,1.4797484110483106,2.254422376130968,3.9168155432698124
2023-10-09 03:20:00,1471.3260487716684,1.1525669336468851,0.3647286359655412,0.8058884857163129,0.27729373528308665,1.2510113413981114,1.0,2.6,0.4,0.8790500554575946,1.0260682238525858,1.4797484110483106,2.254422376130968,3.9168155432698124
2023-10-09 03:25:00,938.5179508754251,1.2246296054054868,0.406520668802001,0.8021927260306264,0.27729351087772963,1.1335714851808047,1.0,2.6,0.4,0.8790500554575946,1.0260682238525858,1.4797484110483106,2.254422376130968,3.9168155432698124
2023-10-09 03:30:00,2507.41002369127,1.398648130345695,0.38314305128282733,0.996402121837406,0.2739281994320814,2.3733681693029105,0.02256102834535696,0.16470385544971317,0.059348546738736574,0.8856415753565321,1.0339366518312427,1.5119338080749434,2.355777790879267,4.009812963219108
2023-10-09 03:35:00,1720.606291612383,1.2397209313724233,0.3341037924292173,0.9393374557566162,0.2772930793311828,1.7968534526196904,1.0,2.6,0.4,0.8856415753565321,1.0339366518312427,1.5119338080749434,2.355777790879267,4.009812963219108
2023-10-09 03:40:00,1241.173543387317,1.0514258926010518,0.33229821708707724,0.7732915393510325,0.2739278080177306,1.6125959994959378,1.0,2.6,0.4,0.8856415753565321,1.0339366518312427,1.5119338080749434,2.355777790879267,4.009812963219108
2023-10-09 03:45:00,3489.455586666488,1.095784389005489,0.30513510920797915,0.8661905500857348,0.26248064728149695,2.699794126546145,1.0,2.6,0.4,0.9130695482820572,1.053246884638165,1.52445394814012,2.280000219298235,3.4168552793467857
2023-10-09 03:50:00,1848.5442896716197,1.1406211154762589,0.33596858688229886,0.8454014326196638,0.2707569041969975,2.100341632299493,1.0,2.6,0.4,0.9130695482820572,1.053246884638165,1.52445394814012,2.280000219298235,3.4168552793467857
2023-10-09 03:55:00,1328.875332072961,1.051112714926847,0.3323327828922705,0.7729587642032072,0.2624804406102081,1.397422478575431,1.0,2.6,0.4,0.9130695482820572,1.053246884638165,1.52445394814012,2.280000219298235,3.4168552793467857
2023-10-09 04:00:00,1038.074131893432,1.069470934384595,0.29168376268103124,0.8728270824287737,0.26248034335368126,1.1356606225645096,0.0304138126514911,0.18866520611919943,0.10099628706046575,0.9038855015985157,1.047091209016674,1.4994474182177915,2.2961901053701976,3.513852017373527
2023-10-09 04:05:00,982.0277306947557,1.3978704327333955,0.3453374338989427,1.0653921407193632,0.26248023394050946,1.200224089237935,1.0,2.6,0.4,0.9038855015985157,1.047091209016674,1.4994474182177915,2.2961901053701976,3.513852017373527
2023-10-09 04:10:00,504.80709139373386,1.6547966045790927,0.4023221041118098,1.2037767896462488,0.2692461106998254,0.6325578592264979,1.0,2.6,0.4,0.9038855015985157,1.047091209016674,1.4994474182177915,2.2961901053701976,3.513852017373527
2023-10-09 04:15:00,459.3584461210505,1.7587728313933817,0.4744100367484358,1.180276763192611,0.2790444861074975,0.3538056347255651,1.0,2.6,0.4,0.9206133824793121,1.0832917427913868,1.567474707929924,2.3925096133558164,3.6243763601480468
2023-10-09 04:20:00,422.48227664219286,1.1815478374139907,0.36890432943914303,0.8243210407687335,0.4166666666666667,0.4819198692845342,1.0,2.6,0.4,0.9206133824793121,1.0832917427913868,1.567474707929924,2.3925096133558164,3.6243763601480468
2023-10-09 04:25:00,987.2982611122418,0.9561436974514934,0.2975447538342977,0.756762663906423,0.4166666666666667,0.6527972704872183,1.0,2.6,0.4,0.9206133824793121,1.0832917427913868,1.567474707929924,2.3925096133558164,3.6243763601480468
2023-10-09 04:30:00,499.5354434428862,0.858301809859996,0.29460930482982006,0.6787882411745185,0.2624797233516005,0.38997822901137774,0.029427877939124318,0.20424495097798623,0.1278915556242866,0.9005559394063204,1.053246884638165,1.5391023357788787,2.2665295056539634,3.2980606422562944
2023-10-09 04:35:00,362.58423746528337,1.1358990687338208,0.40023985966071934,0.7370964085008597,0.26128907423540926,0.3105210169602245,1.0,2.6,0.4,0.9005559394063204,1.053246884638165,1.5391023357788787,2.2665295056539634,3.2980606422562944
2023-10-09 04:40:00,302.735489159692,1.4323467325680825,0.4956797383358542,0.8498376125131217,0.2624795166874206,0.29797120486313305,1.0,2.6,0.4,0.9005559394063204,1.053246884638165,1.5391023357788787,2.2665295056539634,3.2980606422562944
2023-10-09 04:45:00,239.69124878657948,1.292046692473054,0.37712774653567027,0.9090960486945542,0.26247940727761615,0.28078945129664334,1.0,2.6,0.4,0.9374694661694322,1.0921726054063066,1.5981193447299236,2.32187860363112,3.3592296736007796
2023-10-09 04:50:00,286.96264609125774,1.3112673104904482,0.3629592299372441,0.9514541435804761,0.2650253190003638,0.2902295535420566,1.0,2.6,0.4,0.9374694661694322,1.0921726054063066,1.5981193447299236,2.32187860363112,3.3592296736007796
2023-10-09 04:55:00,239.69078234460773,1.597992700567634,0.3730557183633476,1.2028289222752115,0.2677858748271838,0.2877687702387058,1.0,2.6,0.4,0.9374694661694322,1.0921726054063066,1.5981193447299236,2.32187860363112,3.3592296736007796
2023-10-09 05:00:00,269.2264270234978,1.7016239645442188,0.35314757096459387,1.341439876241342,0.2624791033638311,0.27645821294530765,1.0,2.6,0.4,0.9801270325830218,1.1350599103131076,1.6214788805285132,2.3367806914642206,3.579359719279413
2023-10-09 05:05:00,243.62650279664908,2.2112633557877506,0.38548119389860735,1.776732156266873,0.2624789939557104,0.29401598318823596,1.0,2.6,0.4,0.9801270325830218,1.1350599103131076,1.6214788805285132,2.3367806914642206,3.579359719279413
2023-10-09 05:10:00,269.2258933393964,2.620746100033066,0.44459750221322747,2.071194732309223,0.26247889670442165,0.31048146501904267,1.0,2.6,0.4,0.9801270325830218,1.1350599103131076,1.6214788805285132,2.3367806914642206,3.579359719279413
2023-10-09 05:15:00,323.11431675625465,4.043962242704515,0.934939952560134,2.6811922498918936,0.2637244975316191,0.3519759566010475,1.0,2.6,0.4,0.9638340106055607,1.1216131240316334,1.5875328783996885,2.4924062670439584,4.1583237007236455
2023-10-09 05:20:00,187.2942701812821,3.2848056302519093,0.5586747512062904,2.5317538995961173,0.4166666666666667,0.2830279894998263,1.0,2.6,0.4,0.9638340106055607,1.1216131240316334,1.5875328783996885,2.4924062670439584,4.1583237007236455
2023-10-09 05:25:00,241.00145683258998,2.743809460098164,0.46762560028063055,2.1519452019050815,0.4166666666666667,0.2796567152075123,1.0,2.6,0.4,0.9638340106055607,1.1216131240316334,1.5875328783996885,2.4924062670439584,4.1583237007236455
2023-10-09 05:30:00,347.4487004948133,3.288705762653982,0.615890796599693,2.4407943142063786,0.27392353525910196,0.3351707851023869,1.0,0.16949525067092586,0.0417163037672323,0.9638340106055607,1.1198232003311952,1.6129736513657003,2.3462749732288413,3.530680387687337
2023-10-09 05:35:00,237.0654736810626,2.6242676578149724,0.4446687133593559,2.074548475865598,0.27728779743778886,0.3351634417711529,1.0,2.6,0.4,0.9638340106055607,1.1198232003311952,1.6129736513657003,2.3462749732288413,3.530680387687337
2023-10-09 05:40:00,348.7637888888292,2.661155387695747,0.40906168966350587,2.176448858693645,0.27231342224182037,0.3641981127436078,1.0,2.6,0.4,0.9638340106055607,1.1198232003311952,1.6129736513657003,2.3462749732288413,3.530680387687337
2023-10-09 05:45:00,306.01854747523555,2.957696525628279,0.37523005686309624,2.5366478227454503,0.2739229644958964,0.4385322376116442,1.0,2.6,0.4,0.9818477478713286,1.1485451667217967,1.6888677390488576,2.470441458525176,3.8316294184067434
2023-10-09 05:50:00,348.1053393077409,3.5367524707270075,0.458444167217574,2.955708307346008,0.26502382248834133,0.550096157080569,1.0,2.6,0.4,0.9818477478713286,1.1485451667217967,1.6888677390488576,2.470441458525176,3.8316294184067434
2023-10-09 05:55:00,629.3295442483637,3.988987969568719,0.5612409568037594,3.227465066260377,0.26247796067877377,0.6659673184423582,1.0,2.6,0.4,0.9818477478713286,1.1485451667217967,1.6888677390488576,2.470441458525176,3.8316294184067434
2023-10-09 06:00:00,231.81811305010052,3.5862632921508113,0.3456145449889926,3.225004776442839,0.2755806565122022,0.38232770189610904,0.026476404589747454,0.15153032699760138,0.03881043674065006,0.964689069078737,1.1350599103131076,1.6353257290215915,2.4663272795799016,3.937671393095163
2023-10-09 06:05:00,196.44771935205253,5.391640539300954,0.5959697421696603,4.567882559300267,0.2772864684027112,0.3019462125062273,1.0,2.6,0.4,0.964689069078737,1.1350599103131076,1.6353257290215915,2.4663272795799016,3.937671393095163
2023-10-09 06:10:00,185.98546800195146,6.100646256824634,0.5441281960775286,5.363816613948935,0.2845701231959153,0.2952531112790463,1.0,2.6,0.4,0.964689069078737,1.1350599103131076,1.6353257290215915,2.4663272795799016,3.937671393095163
2023-10-09 06:15:00,207.57331069204866,6.17147338919585,0.5198835868435547,5.476437075252184,0.26372313824937804,0.3019361566093707,1.0,2.6,0.4,0.9612705134352142,1.1512467155219162,1.6556195215084897,2.7894114074478145,4.7050819333992475
2023-10-09 06:20:00,242.3110759428828,6.526162226410383,0.7957279496921668,5.374134920860472,0.27075181784210145,0.3383764747000152,1.0,2.6,0.4,0.9612705134352142,1.1512467155219162,1.6556195215084897,2.7894114074478145,4.7050819333992475
2023-10-09 06:25:00,212.15686876845402,5.774831751957397,0.7205075081671074,4.745367619435173,0.2624773407316939,0.3286537036367937,1.0,2.6,0.4,0.9612705134352142,1.1512467155219162,1.6556195215084897,2.7894114074478145,4.7050819333992475
2023-10-09 06:30:00,212.81163622229406,4.72436147008464,0.5199286697727156,4.03125669604785,0.2624772434863917,0.3501327540617853,0.03931920650267501,0.2929707152600751,0.06823672031978091,0.9801270325830218,1.1756257908024985,1.7136407558178581,2.9144306905466113,5.2548373904432095
2023-10-09 06:35:00,204.299297093652,6.170982229268216,1.0308773201598695,4.647062017959882,0.2677829579908584,0.3623226617953982,1.0,2.6,0.4,0.9801270325830218,1.1756257908024985,1.7136407558178581,2.9144306905466113,5.2548373904432095
2023-10-09 06:40:00,174.22772632349256,6.993362152668331,1.229202277094446,5.157845550854675,0.26778281501423,0.3046815387104628,1.0,2.6,0.4,0.9801270325830218,1.1756257908024985,1.7136407558178581,2.9144306905466113,5.2548373904432095
2023-10-09 06:45:00,216.08629054626806,7.816238640986726,1.4100169842754018,5.698439429918032,0.26247692744159157,0.301906018527995,1.0,2.6,0.4,0.9844308000057699,1.1521475599939446,1.6631125518136167,2.6610441559658495,4.064962976461163
2023-10-09 06:50:00,197.75449993378018,9.760004185710914,2.1007433300854617,6.573997161299537,0.2790372548360064,0.3103686249483346,1.0,2.6,0.4,0.9844308000057699,1.1521475599939446,1.6631125518136167,2.6610441559658495,4.064962976461163
2023-10-09 06:55:00,181.41006696744054,10.604684361928795,2.5379332639363095,6.746159154104467,0.27728427641829967,0.3223470229548573,1.0,2.6,0.4,0.9844308000057699,1.1521475599939446,1.6631125518136167,2.6610441559658495,4.064962976461163
2023-10-09 07:00:00,179.45044247098508,11.909689504490208,3.2114795202852364,7.0169363520801875,0.2967758394667031,0.32234054620449787,0.054230987451824995,0.30016662039607267,0.09055385138137416,0.9982464625532115,1.2019355223971042,1.7547549572518666,3.1210402512623894,5.774906406167983
2023-10-09 07:05:00,187.94448381726517,12.14384768404084,3.260819811917303,7.1751634721312465,0.30340714797017887,0.33179476766012006,1.0,2.6,0.4,0.9982464625532115,1.2019355223971042,1.7547549572518666,3.1210402512623894,5.774906406167983
2023-10-09 07:10:00,180.10318403709135,11.721177273688141,2.7787662556045842,7.491699002294896,0.29048754841915575,0.32859178482697404,1.0,2.6,0.4,0.9982464625532115,1.2019355223971042,1.7547549572518666,3.1210402512623894,5.774906406167983
2023-10-09 07:15:00,178.79681911040367,13.022214782021619,3.5870355584699776,7.552756471293076,0.2790360851431349,0.3147440785203782,1.0,2.6,0.4,1.0017105370315318,1.2083045973594573,1.7743066251355766,2.938395650691037,4.8614508122575915
2023-10-09 07:20:00,191.21282418727998,12.729201331245482,3.7735140008468084,6.974840438351709,0.2864976267829463,0.32386416767152804,1.0,2.6,0.4,1.0017105370315318,1.2083045973594573,1.7743066251355766,2.938395650691037,4.8614508122575915
2023-10-09 07:25:00,180.1027195774325,13.616130345008205,4.544437525185154,6.681186585806854,0.2826780128035467,0.3285711098518333,1.0,2.6,0.4,1.0017105370315318,1.2083045973594573,1.7743066251355766,2.938395650691037,4.8614508122575915
2023-10-09 07:30:00,178.14330973041106,12.58668912735977,3.9463276754127907,6.56829127037415,0.33294439567189077,0.3147262680975867,0.06020797289396147,0.30136595693608126,0.07417715281675348,1.0655895082066076,1.3166335860823237,1.9234472802757032,3.635247584415675,6.538594956104867
2023-10-09 07:35:00,184.02211895433123,12.155630034162115,3.540475352252499,6.758871870128103,0.30340466107154185,0.30744528057398607,1.0,2.6,0.4,1.0655895082066076,1.3166335860823237,1.9234472802757032,3.635247584415675,6.538594956104867
2023-10-09 07:40:00,174.8786180079017,11.06783517647939,2.9677694045321155,6.5497731148589775,0.301156959669633,0.35693257284034136,1.0,2.6,0.4,1.0655895082066076,1.3166335860823237,1.9234472802757032,3.635247584415675,6.538594956104867
2023-10-09 07:45:00,176.1840012033097,20.931684360115813,8.210600026139659,8.380564677090849,0.38428795154238493,0.36043119286121733,1.0,2.6,0.4,1.0391924749535093,1.2880097049323813,1.9444629078488485,3.430965461790602,6.058356542825786
2023-10-09 07:50:00,172.2676042636908,16.561652976389574,5.329535259752535,8.421358352362038,0.33827600375400624,0.3449060384833092,1.0,2.6,0.4,1.0391924749535093,1.2880097049323813,1.9444629078488485,3.430965461790602,6.058356542825786
2023-10-09 07:55:00,169.00538675131997,14.452266572012974,4.352412354262914,7.809490589362252,0.3103562107636236,0.3176909170929054,1.0,2.6,0.4,1.0391924749535093,1.2880097049323813,1.9444629078488485,3.430965461790602,6.058356542825786
2023-10-09 08:00:00,181.40800978478723,11.97927469709888,3.1321745391851494,7.207859096681543,0.2884690153380654,0.29646073049009797,0.08115417426109395,0.5688878975685807,0.0980114789195633,1.0594130450395636,1.3342297403370982,1.9888348347713543,3.6828630506713114,6.7448412879770565
2023-10-09 08:05:00,167.0485681059318,9.130913136746598,1.953675612126698,6.17208016634857,0.29677108782610845,0.29385664447073856,1.0,2.6,0.4,1.0594130450395636,1.3342297403370982,1.9888348347713543,3.6828630506713114,6.7448412879770565
2023-10-09 08:10:00,166.39627851736995,8.48700078890663,1.6162743765914847,6.0491036191446526,0.2845635094302395,0.29385223377384895,1.0,2.6,0.4,1.0594130450395636,1.3342297403370982,1.9888348347713543,3.6828630506713114,6.7448412879770565
2023-10-09 08:15:00,160.53020271492966,6.8114402468474635,0.9779536620443582,5.3694177206740425,0.2755750831487978,0.29130763383113434,1.0,2.6,0.4,1.0957303500405564,1.3314488349163103,1.9588650183205578,3.242075878199028,6.1229515758333415
2023-10-09 08:20:00,169.00465785932104,5.692767277485681,0.8039385061525426,4.529067343546724,0.27230761735481,0.2964422899164379,1.0,2.6,0.4,1.0957303500405564,1.3314488349163103,1.9588650183205578,3.242075878199028,6.1229515758333415
2023-10-09 08:25:00,207.5685218082815,5.3340272367478185,0.9143700433684909,3.9958717478127435,0.2707475898472084,0.3146609734047265,1.0,2.6,0.4,1.0957303500405564,1.3314488349163103,1.9588650183205578,3.242075878199028,6.1229515758333415
2023-10-09 08:30:00,212.1521449116365,4.858873874342214,0.9302588285974308,3.4976635501305533,0.2637200769159262,0.3332860574592973,0.07915806970865322,0.5808860817750757,0.1368658101937807,1.0647065323364933,1.3258898898475695,1.9577565119288967,3.4654183008693193,6.027048697331058
2023-10-09 08:35:00,210.84216382620147,5.454691154895949,1.1999740350890262,3.669748346063719,0.26501974384637966,0.3268944330474818,1.0,2.6,0.4,1.0647065323364933,1.3258898898475695,1.9577565119288967,3.4654183008693193,6.027048697331058
2023-10-09 08:40:00,172.91860541894735,4.912779874774774,0.8985663538718468,3.601236478238691,0.26247455722415464,0.2977444674683004,1.0,2.6,0.4,1.0647065323364933,1.3258898898475695,1.9577565119288967,3.4654183008693193,6.027048697331058
2023-10-09 08:45:00,163.78751906338658,3.90182886805662,0.6442455851813462,3.0028585843785454,0.266372913355229,0.2964192220159458,1.0,2.6,0.4,1.045334396257963,1.2429979887352998,1.793905281780507,2.792212205402734,4.801561829238483
2023-10-09 08:50:00,159.2263409354352,4.500359823270126,0.7857706460842656,3.3697071824490594,0.2808300493890795,0.49790017400780806,1.0,2.6,0.4,1.045334396257963,1.2429979887352998,1.793905281780507,2.792212205402734,4.801561829238483
2023-10-09 08:55:00,159.22620859741974,4.579309635648938,0.7132505290298832,3.564827815750002,0.2808298131037087,0.7129393811750407,1.0,2.6,0.4,1.045334396257963,1.2429979887352998,1.793905281780507,2.792212205402734,4.801561829238483
2023-10-09 09:00:00,161.18041253987707,4.250530317872259,0.5618048407369597,3.4870611995443253,0.27557321988214517,0.3161093687503349,0.034365680554879166,0.18387212948133275,0.07417715281675348,1.0717760960200597,1.267763779258581,1.783011430137227,2.8764229522099143,5.053050167967859
2023-10-09 09:05:00,159.22594392139723,4.708111608000065,0.5741590857873389,3.922435841696975,0.27391520270507713,0.2925271137694844,1.0,2.6,0.4,1.0717760960200597,1.267763779258581,1.783011430137227,2.8764229522099143,5.053050167967859
2023-10-09 09:10:00,157.9232120646975,5.220387768585732,0.6417911918178992,4.320771527149557,0.29253573316496834,0.28286451621686576,1.0,2.6,0.4,1.0717760960200597,1.267763779258581,1.783011430137227,2.8764229522099143,5.053050167967859
2023-10-09 09:15:00,163.13486976347767,5.678908734791353,0.7391166314481827,4.619486293389202,0.2772781151015576,0.31020544778351367,1.0,2.6,0.4,1.1001818031580055,1.333302666313992,1.9566481134838731,3.0316734652663366,4.9426737703392885
2023-10-09 09:20:00,157.92294744410404,5.858157230583506,0.9092575394000447,4.52654078055873,0.2864906698235845,0.3332142582883033,1.0,2.6,0.4,1.1001818031580055,1.333302666313992,1.9566481134838731,3.0316734652663366,4.9426737703392885
2023-10-09 09:25:00,157.27168468741377,5.682835675665602,0.9436762662051971,4.297338590197982,0.27903000660597477,0.3602535958474252,1.0,2.6,0.4,1.1001818031580055,1.333302666313992,1.9566481134838731,3.0316734652663366,4.9426737703392885
2023-10-09 09:30:00,158.5739484352896,5.165722791737058,0.8644629077457915,3.907109732751515,0.2637187178356853,0.3602450097302607,0.04328972164382673,0.19226024029944414,0.0875728268357257,1.133264752826982,1.4143298766553722,2.084778894751192,3.752208982719379,7.666589593815493
2023-10-09 09:35:00,161.17935351343442,5.173935311048647,0.9437077955603833,3.790148918167792,0.2663715636296301,0.31163570677886593,1.0,2.6,0.4,1.133264752826982,1.4143298766553722,2.084778894751192,3.752208982719379,7.666589593815493
2023-10-09 09:40:00,163.78592990554426,4.973806831021994,0.9463738772472536,3.5867071969644493,0.27557155809914935,0.29902159631413266,1.0,2.6,0.4,1.133264752826982,1.4143298766553722,2.084778894751192,3.752208982719379,7.666589593815493
2023-10-09 09:45:00,157.9222197375308,4.6405361380296695,0.8068194405964649,3.475651250717347,0.27557135667407406,0.2963639157679419,1.0,2.6,0.4,1.117139651073222,1.4003085374302338,2.061286006356226,3.7074114959092412,7.169804739321706
2023-10-09 09:50:00,156.61983042769214,4.727840952718603,0.8935086947676555,3.425166934410598,0.27557115524968345,0.28170177824715414,1.0,2.6,0.4,1.117139651073222,1.4003085374302338,2.061286006356226,3.7074114959092412,7.169804739321706
2023-10-09 09:55:00,154.66681260208676,5.2484694707148325,1.0662043763529017,3.6725143517605594,0.277276354834604,0.2887475218962626,1.0,2.6,0.4,1.117139651073222,1.4003085374302338,2.061286006356226,3.7074114959092412,7.169804739321706
2023-10-09 10:00:00,167.0450570982695,4.898343273318854,0.9756274192654725,3.4657208263881736,0.2637180446694092,0.2976691752336009,0.03931920650267501,0.2653884699831551,0.10248902380255166,1.0957303500405564,1.3648809471891679,2.0055173896029923,3.6871941907092443,6.491486732636832
2023-10-09 10:05:00,157.92169049644082,3.8625378231310403,0.801657936684974,2.710838113064316,0.2612828914293355,0.2732361157098162,1.0,2.6,0.4,1.0957303500405564,1.3648809471891679,2.0055173896029923,3.6871941907092443,6.491486732636832
2023-10-09 10:10:00,164.43685312590515,3.509809305828302,0.8909336980676967,2.2222456132164585,0.2663706271150501,0.2762721981470702,1.0,2.6,0.4,1.0957303500405564,1.3648809471891679,2.0055173896029923,3.6871941907092443,6.491486732636832
2023-10-09 10:15:00,159.22389268259963,4.0866033672604045,1.294521817955936,2.170376430170257,0.265017267775449,0.2752384087172747,1.0,2.6,0.4,1.053246884638165,1.3407221934465021,1.9821682673274736,3.425226415873847,6.338477419696312
2023-10-09 10:20:00,154.01531333787074,4.173767806467051,1.2568071786163741,2.3133502885422605,0.2826688882425084,0.2722514892852269,1.0,2.6,0.4,1.053246884638165,1.3407221934465021,1.9821682673274736,3.425226415873847,6.338477419696312
2023-10-09 10:25:00,154.0151811149909,3.920192473572477,1.1090935564149353,2.2897078738740984,0.29676087565320236,0.27129097315271666,1.0,2.6,0.4,1.053246884638165,1.3407221934465021,1.9821682673274736,3.425226415873847,6.338477419696312
2023-10-09 10:30:00,154.01498278067697,4.131958679416798,1.1251809588280937,2.473666089096395,0.3033902153038453,0.2712884218829385,0.035355339059327376,0.19226024029944414,0.07417715281675348,0.9878785350436561,1.3110850468219062,1.9533235676661458,3.8346843416375225,7.146173521542841
2023-10-09 10:35:00,155.3165339605417,3.36008163713508,0.9068517601802839,2.050459149611645,0.3200746393231975,0.27034682963221995,1.0,2.6,0.4,0.9878785350436561,1.3110850468219062,1.9533235676661458,3.8346843416375225,7.146173521542841
2023-10-09 10:40:00,154.66555634197624,3.277176337792862,0.9837254509516601,1.8514880595259777,0.33557425182133727,0.26764150544389953,1.0,2.6,0.4,0.9878785350436561,1.3110850468219062,1.9533235676661458,3.8346843416375225,7.146173521542841
2023-10-09 10:45:00,152.7132004382865,3.2729190230434666,0.9121681574489722,1.956885052324712,0.33825321126025304,0.27034190583040957,1.0,2.6,0.4,0.8815191432975237,1.2283663948513084,1.885943837976094,4.040696103396047,7.737635039209333
2023-10-09 10:50:00,153.36375643714,3.2107448157383685,0.791362072657136,2.0833484231116777,0.34368861158821395,0.2685186729581765,1.0,2.6,0.4,0.8815191432975237,1.2283663948513084,1.885943837976094,4.040696103396047,7.737635039209333
2023-10-09 10:55:00,157.92023508367834,3.1858118827081996,0.8752604562064902,1.9285379851474775,0.3464431149947962,0.2676348622024631,1.0,2.6,0.4,0.8815191432975237,1.2283663948513084,1.885943837976094,4.040696103396047,7.737635039209333
2023-10-09 11:00:00,155.9667905546391,4.160331328716842,1.4865942844554056,1.9525278346289656,0.34368724260051114,0.2783551791801203,0.024515301344262524,0.12041594578792295,0.05197114584074514,0.9097252332435327,1.1864973662001952,1.8299531797289241,3.0784464020021525,5.182991414231747
2023-10-09 11:05:00,156.617647777136,4.235041942400595,1.4893185695889073,2.021258285805579,0.34644173387880417,0.2712705842455538,1.0,2.6,0.4,0.9097252332435327,1.1864973662001952,1.8299531797289241,3.0784464020021525,5.182991414231747
2023-10-09 11:10:00,155.3155420651553,3.823612994161866,1.1012035116598597,2.20683866849899,0.32512295645640577,0.2741946022607557,1.0,2.6,0.4,0.9097252332435327,1.1864973662001952,1.8299531797289241,3.0784464020021525,5.182991414231747
2023-10-09 11:15:00,151.41132714426885,4.247275530780941,1.2381300036037481,2.4142217673766373,0.3436851891304457,0.2659221467252271,1.0,2.6,0.4,0.9088899823410973,1.2247138441284968,1.9223423212320954,3.4410109343040456,6.656421260707589
2023-10-09 11:20:00,148.80998285065314,3.5827488282298177,0.99980858313296,2.1257783586467935,0.3382486691091966,0.26351362196566847,1.0,2.6,0.4,0.9088899823410973,1.2247138441284968,1.9223423212320954,3.4410109343040456,6.656421260707589
2023-10-09 11:25:00,150.11029603572607,2.9455053793535044,0.6983001108925161,1.9694107033470907,0.32769117731028363,0.27126040176170757,1.0,2.6,0.4,0.9088899823410973,1.2247138441284968,1.9223423212320954,3.4410109343040456,6.656421260707589
2023-10-09 11:30:00,150.11009784289803,3.706933727111527,0.9175975444851409,2.375075174264676,0.3302888885796923,0.27031975099559635,0.02353720459187964,0.16709949132178706,0.03592005011132362,0.8889460051094217,1.252159734219241,2.014424026862269,3.6828630506713114,6.778255232727668
2023-10-09 11:35:00,150.1099657143501,3.872833457230992,0.9414359605925252,2.501805598408219,0.3302882888492563,0.2684980275046553,1.0,2.6,0.4,0.8889460051094217,1.252159734219241,2.014424026862269,3.6828630506713114,6.778255232727668
2023-10-09 11:40:00,148.1593220700798,3.8644090332197085,0.859612353448592,2.621327502588562,0.3355666396825871,0.27125276194788334,1.0,2.6,0.4,0.8889460051094217,1.252159734219241,2.014424026862269,3.6828630506713114,6.778255232727668
2023-10-09 11:45:00,150.10976752153448,3.835226744166582,0.7941435626066601,2.6956699769276953,0.33291301273557394,0.27417495890395405,1.0,2.6,0.4,0.893913306758547,1.2686827814706088,2.0702309436388973,3.8998884919956365,6.941475635626765
2023-10-09 11:50:00,148.8091902778993,3.70230537097944,0.8176731038342434,2.5268687522215796,0.3302864635917008,0.27124767232284686,1.0,2.6,0.4,0.893913306758547,1.2686827814706088,2.0702309436388973,3.8998884919956365,6.941475635626765
2023-10-09 11:55:00,149.45920698191867,3.3374714378813537,0.7629431965998379,2.252813263412305,0.3436797132776745,0.26938863263706286,1.0,2.6,0.4,0.893913306758547,1.2686827814706088,2.0702309436388973,3.8998884919956365,6.941475635626765
2023-10-09 12:00:00,146.85884702119958,3.180129253881739,0.7164054630371427,2.1714300319973714,0.3302852902189891,0.2693862691112658,0.02061552812808831,0.10965691952631171,0.023259406699226014,0.9587095493422395,1.365811480402768,2.1701209551543434,3.811519906808831,6.495411919193424
2023-10-09 12:05:00,148.15866167721018,3.221366984603395,0.84130371987241,2.0159073747171186,0.3103330893444476,0.2703025430345501,1.0,2.6,0.4,0.9587095493422395,1.365811480402768,2.1701209551543434,3.811519906808831,6.495411919193424
2023-10-09 12:10:00,150.1090408146077,3.7018261900943537,1.0639561975742153,2.144272537051119,0.33028409077710835,0.26349548991802424,1.0,2.6,0.4,0.9587095493422395,1.365811480402768,2.1701209551543434,3.811519906808831,6.495411919193424
2023-10-09 12:15:00,154.66291158474365,4.038007138238476,1.1630543538828706,2.3229924942707036,0.3103321910304599,0.2712349549815225,1.0,2.6,0.4,0.8955718843286674,1.2723600119463043,2.0791817236595747,3.8882909163281494,7.110731326663946
2023-10-09 12:20:00,149.4585464214751,4.940765114091549,1.511224820652093,2.6814443999997266,0.317583083769938,0.27029516895545697,1.0,2.6,0.4,0.8955718843286674,1.2723600119463043,2.0791817236595747,3.8882909163281494,7.110731326663946
2023-10-09 12:25:00,150.1085783647975,4.237268608094701,1.2222020545459682,2.428721546646458,0.32006300416060113,0.26589348527428497,1.0,2.6,0.4,0.8955718843286674,1.2723600119463043,2.0791817236595747,3.8882909163281494,7.110731326663946
2023-10-09 12:30:00,146.85812077843138,3.2290444356756196,0.8834646288068321,1.9581764645331898,0.33556030526978253,0.26348824735441156,1.0,2.6,0.4,0.8176851472296657,1.099291135232155,1.7536701628299434,3.159431752704907,5.466825770042429
2023-10-09 12:35:00,147.5078866236189,2.9355930343338454,0.8597862095314603,1.7084955632934873,0.3127149898413294,0.26847054365528167,1.0,2.6,0.4,0.8176851472296657,1.099291135232155,1.7536701628299434,3.159431752704907,5.466825770042429
2023-10-09 12:40:00,148.15773712733767,2.6306921182564897,0.7371749046180568,1.6014453497202767,0.3329062149209092,0.2712222584562574,1.0,2.6,0.4,0.8176851472296657,1.099291135232155,1.7536701628299434,3.159431752704907,5.466825770042429
2023-10-09 12:45:00,147.50762250072742,2.745763750970131,0.7501315810164094,1.6929701920815672,0.34367284122118164,0.2712197108295516,1.0,2.6,0.4,0.7980501237391046,1.0735455276791945,1.7071698685250978,3.2463567656682466,6.344359699764824
2023-10-09 12:50:00,148.8075390850558,3.1086663212799213,0.8888010078089892,1.8323834263905165,0.34920574512759717,0.28270897460445854,1.0,2.6,0.4,0.7980501237391046,1.0735455276791945,1.7071698685250978,3.2463567656682466,6.344359699764824
2023-10-09 12:55:00,148.1573408917298,4.07028610943764,1.2492087670624896,2.2232395203248903,0.37520535317990283,0.28983004152989195,1.0,2.6,0.4,0.7980501237391046,1.0735455276791945,1.7071698685250978,3.2463567656682466,6.344359699764824
2023-10-09 13:00:00,144.25847516231246,4.0743198368944125,1.2761620379917373,2.1862109294454646,0.37223357401789553,0.2721673242773998,1.0,0.09890682484035163,0.026000000000000002,0.8200609733428363,1.0975103644157536,1.7482484491627612,3.1807829617878673,5.841312866128642
2023-10-09 13:05:00,145.55759351505932,2.873014669111924,0.9788667959118889,1.4684919660923705,0.3605475890646747,0.27413014520012663,1.0,2.6,0.4,0.8200609733428363,1.0975103644157536,1.7482484491627612,3.1807829617878673,5.841312866128642
2023-10-09 13:10:00,146.2071864681289,2.6094349038563553,0.8730531115396696,1.3750040592211317,0.3548301094816591,0.27120701833545624,1.0,2.6,0.4,0.8200609733428363,1.0975103644157536,1.7482484491627612,3.1807829617878673,5.841312866128642
2023-10-09 13:15:00,146.85693238140547,2.629867417209037,0.7866057637257788,1.5247690472241748,0.34920215148177386,0.2793498286920255,1.0,2.6,0.4,0.7612332099954653,1.0112571384173266,1.6193514257257442,2.7376727799355423,4.871115272707063
2023-10-09 13:20:00,146.20692241504585,2.9634104824095897,0.831050669953615,1.779640871491351,0.3634357424543391,0.274121746080477,1.0,2.6,0.4,0.7612332099954653,1.0112571384173266,1.6193514257257442,2.7376727799355423,4.871115272707063
2023-10-09 13:25:00,145.55706548005463,3.0995694032509196,0.8415563482156327,1.8962663549020078,0.366346206856749,0.27119940445076274,1.0,2.6,0.4,0.7612332099954653,1.0112571384173266,1.6193514257257442,2.7376727799355423,4.871115272707063
2023-10-09 13:30:00,144.25768332764343,2.9838103019241786,0.8049159360213982,1.8399024309254624,0.3491999785985119,0.26586690690536574,0.01772004514666935,0.07387990254460275,0.03736308338453881,0.8488792611437742,1.1792472175078472,1.904678618560097,3.690081841910827,6.770392603091789
2023-10-09 13:40:00,144.90703274358694,2.6210569619171293,0.7762698779515895,1.5320656923454874,0.3464198854197932,0.2667026153789127,1.0,2.6,0.4,0.8488792611437742,1.1792472175078472,1.904678618560097,3.690081841910827,6.770392603091789
2023-10-09 13:45:00,144.90690075288617,2.950437829286183,0.9048094432647164,1.6542766333960044,0.35199986414816153,0.2634610984127997,1.0,2.6,0.4,0.8488792611437742,1.1792472175078472,1.904678618560097,3.690081841910827,6.770392603091789
2023-10-09 14:00:00,146.20586620285718,3.807079089032337,1.1902360676296277,2.054901399621714,0.375193839018666,0.2702460872779151,0.019646882704388503,0.0774483053397555,0.03020347662107791,0.8296047251552995,1.112670661067326,1.7819228266117475,2.900345884545496,4.74751513952299
2023-10-09 14:05:00,146.20573417634978,3.7530069351162165,1.192938131094848,1.9979380953713737,0.35199691486928514,0.271179106668932,1.0,2.6,0.4,0.8296047251552995,1.112670661067326,1.7819228266117475,2.900345884545496,4.74751513952299
2023-10-09 14:10:00,146.2056021498459,3.9397018104968144,1.18220769745533,2.1971040111608877,0.3464156871516572,0.2731030733519345,1.0,2.6,0.4,0.8296047251552995,1.112670661067326,1.7819228266117475,2.900345884545496,4.74751513952299
2023-10-09 14:15:00,146.2054701233457,3.5080938569847078,1.0536665753059455,1.970244239996661,0.360536491547824,0.27117404228318437,1.0,2.6,0.4,0.8488792611437742,1.1404494727957044,1.8091801900308329,3.4539305146455965,7.0241187347595435
2023-10-09 14:20:00,146.20533809684903,3.180931664884256,0.9075614898429916,1.8740806830990118,0.36342601187244206,0.27117150593329015,1.0,2.6,0.4,0.8488792611437742,1.1404494727957044,1.8091801900308329,3.4539305146455965,7.0241187347595435
2023-10-09 14:25:00,146.20514005711075,3.1560061459114768,0.8680248932442038,1.9105566231999378,0.3933946634601047,0.269317531832248,1.0,2.6,0.4,0.8488792611437742,1.1404494727957044,1.8091801900308329,3.4539305146455965,7.0241187347595435
2023-10-09 14:30:00,146.2050740438665,3.6652846962810144,1.101829459313845,2.0505990593037406,0.425011096981807,0.27116643363661225,0.025495097567963927,0.11682876358157693,0.04463462781294361,0.8553572353116562,1.1485451667217967,1.8102722889112566,3.4338353192894964,6.148406297570128
2023-10-09 14:35:00,145.55521735799658,3.78133682275366,1.0991690116579076,2.168433971292108,0.38421089805757314,0.2711638976898361,1.0,2.6,0.4,0.8553572353116562,1.1485451667217967,1.8102722889112566,3.4338353192894964,6.148406297570128
2023-10-09 14:40:00,146.20480999089833,3.4122076443467604,0.9473192730959371,2.0391982334322725,0.37518678784992343,0.2711613705913421,1.0,2.6,0.4,0.8553572353116562,1.1485451667217967,1.8102722889112566,3.4338353192894964,6.148406297570128
2023-10-09 14:45:00,147.50445302712083,3.9886999394289844,1.0244202349752851,2.4875851759474767,0.3751858953044634,0.2721122635715685,1.0,2.6,0.4,0.8626754893933176,1.1638732748886367,1.8562607575445857,3.4797828955266734,6.581788814600481
2023-10-09 14:50:00,148.8043027486262,4.624825111640273,1.0992159219532185,3.001450818654419,0.3903122087106433,0.27507949675204296,1.0,2.6,0.4,0.8626754893933176,1.1638732748886367,1.8562607575445857,3.4797828955266734,6.581788814600481
2023-10-09 14:55:00,147.504122873736,5.270338789089526,1.3277592624083454,3.289072367927887,0.40585862163623265,0.2782068191014735,1.0,2.6,0.4,0.8626754893933176,1.1638732748886367,1.8562607575445857,3.4797828955266734,6.581788814600481
2023-10-09 15:00:00,147.50399081238814,5.153525907770857,1.3763864873205525,3.0983738352085557,3.8641953000000004,0.27507374321183503,0.027459060435491962,0.11563321322180752,0.0475631159618459,0.8626754893933176,1.1638732748886367,1.8562607575445857,3.4797828955266734,6.581788814600481
2023-10-09 15:15:00,148.15357665500392,4.578436289581439,0.9952269614313117,3.1171100227270268,0.3751805995696112,0.26582407191530466,1.0,2.6,0.4,0.9139064503547396,1.2429979887352998,1.9843900423051914,3.690081841910827,7.209195516838201
2023-10-09 15:20:00,147.50346256703185,4.569991516723912,1.0192009588732716,3.071347466334094,0.3722093340767976,0.2702069094941843,1.0,2.6,0.4,0.9139064503547396,1.2429979887352998,1.9843900423051914,3.690081841910827,7.209195516838201
2023-10-09 15:25:00,149.45352616485033,4.486643871612416,1.0352092064107312,2.9637365186932705,0.36341544171384677,0.27113858045260036,1.0,2.6,0.4,0.9139064503547396,1.2429979887352998,1.9843900423051914,3.690081841910827,7.209195516838201
2023-10-09 15:30:00,149.45339405289945,5.423724210038695,1.3197714250692612,3.45373922282859,0.3464044183895732,0.27208870740250557,0.028442925306655785,0.12400387090732289,0.04317406628984581,0.8831670283700588,1.2101256133145848,1.9400352161752115,3.6756453855071487,6.577861658624329
2023-10-09 15:35:00,157.91223031964822,6.186946962552435,1.4874303529343866,3.954396315704479,0.366324654092546,0.28146488887420895,1.0,2.6,0.4,0.8831670283700588,1.2101256133145848,1.9400352161752115,3.6756453855071487,6.577861658624329
2023-10-09 15:40:00,152.7050706215614,6.850574031210897,1.7807090899719187,4.1641383132254,0.37517616666892095,0.2760757504164292,1.0,2.6,0.4,0.8831670283700588,1.2101256133145848,1.9400352161752115,3.6756453855071487,6.577861658624329
2023-10-09 15:45:00,157.9119656995278,6.057340989210048,1.3738223720667107,4.00057919074074,0.37220498876107927,0.27504784527869336,1.0,2.6,0.4,0.8947424210352385,1.2292798704932901,1.9910578494860462,3.7319727022045592,7.114669071713738
2023-10-09 15:50:00,157.91183338947192,5.552489568105189,0.9767295674112331,4.115379220462003,0.39337775065388586,0.28145464526987474,1.0,2.6,0.4,0.8947424210352385,1.2292798704932901,1.9910578494860462,3.7319727022045592,7.114669071713738
2023-10-09 15:55:00,159.86543350286587,6.645607849855619,1.158373538588526,4.921187005100417,0.42499102705284997,0.2792461388880405,1.0,2.6,0.4,0.8947424210352385,1.2292798704932901,1.9910578494860462,3.7319727022045592,7.114669071713738
2023-10-09 16:00:00,152.05399709739658,6.344925662898946,1.17717906317501,4.591981326209004,0.4249898654645967,0.2750392245880671,0.032388269481403296,0.13477151034250526,0.04463462781294361,0.8980623586366372,1.23659249552955,1.9943931407824285,3.8086250799993424,6.7644958422634875
2023-10-09 16:05:00,152.70440966137596,6.1486518598877185,1.365778151235202,4.103923819244508,0.44791293354966394,0.2814443823901874,1.0,2.6,0.4,0.8980623586366372,1.23659249552955,1.9943931407824285,3.8086250799993424,6.7644958422634875
2023-10-09 16:10:00,152.70427746934834,8.341273666727899,2.170571862876368,5.051240541696968,0.4512330271344915,0.2921623188144544,1.0,2.6,0.4,0.8980623586366372,1.23659249552955,1.9943931407824285,3.8086250799993424,6.7644958422634875
2023-10-09 16:15:00,178.77943757000787,5.939782315158033,0.8710038292851527,4.668615366104159,0.415351240017057,0.3013368046974209,1.0,2.6,0.4,0.9080550644096425,1.2898530924101397,2.108311210424116,3.975330961064751,6.9670521743417435
2023-10-09 16:20:00,161.8191027934139,7.1419192966891085,1.2283127364151345,5.30747835126651,0.42498515459612535,0.3111745463905472,1.0,2.6,0.4,0.9080550644096425,1.2898530924101397,2.108311210424116,3.975330961064751,6.9670521743417435
2023-10-09 16:25:00,163.77394501866408,9.369214858776369,2.0560100040300604,6.252618375534001,0.4479077026915068,0.28965843639962624,1.0,2.6,0.4,0.9080550644096425,1.2898530924101397,2.108311210424116,3.975330961064751,6.9670521743417435
2023-10-09 16:30:00,157.25951345102308,7.237733015907114,1.1450703281371857,5.532886204731017,0.4249827991722515,0.2884317123835571,0.034365680554879166,0.15512266114272277,0.05344389581607987,0.9097252332435327,1.2815615474880635,2.066875903386558,4.020352720844279,7.91137434331103
2023-10-09 16:35:00,157.9105102890694,7.375452729624264,1.2391230124740993,5.523744830795535,0.4282196577167979,0.30131697099408483,1.0,2.6,0.4,0.9097252332435327,1.2815615474880635,2.066875903386558,4.020352720844279,7.91137434331103
2023-10-09 16:40:00,330.3080553355793,7.713716776232249,1.3820987140504322,5.639365581826741,0.43146918573930065,0.3407411846713435,1.0,2.6,0.4,0.9097252332435327,1.2815615474880635,2.066875903386558,4.020352720844279,7.91137434331103
2023-10-09 16:45:00,164.42513199361517,6.527483871138619,0.9371153301450306,5.150404574760406,0.3995696349648667,0.2946822463725464,1.0,2.6,0.4,0.9197738852565885,1.290774961021479,2.0948594224911607,3.9913025442830063,7.368795288240813
2023-10-09 16:50:00,156.60785892987846,6.2643985719595054,1.0301438670054963,4.74139927006216,0.40898935046962126,0.27400454067934643,1.0,2.6,0.4,0.9197738852565885,1.290774961021479,2.0948594224911607,3.9913025442830063,7.368795288240813
2023-10-09 16:55:00,157.25878582353423,5.763593736509072,0.9159785168559051,4.421592285859336,0.37516289796786845,0.2814102448783873,1.0,2.6,0.4,0.9197738852565885,1.290774961021479,2.0948594224911607,3.9913025442830063,7.368795288240813
2023-10-09 17:00:00,206.89470222150095,5.30480811642718,0.8186506080138894,4.118602946352841,0.36631053894345394,0.290867235429082,0.05821511831131153,0.27618110000505103,0.07863841300535,0.9681120802882277,1.3231118622399243,2.125143421042448,3.8057304160962317,6.849033216447414
2023-10-09 17:05:00,201.004009823175,5.558999065199299,1.0301910840362793,4.038017381124406,0.3633992250211566,0.30824899486230967,1.0,2.6,0.4,0.9681120802882277,1.3231118622399243,2.125143421042448,3.8057304160962317,6.849033216447414
2023-10-09 17:10:00,370.43118029480087,6.998685046115655,1.282325290051979,5.08058946242722,0.3463903606151284,0.5562573651349937,1.0,2.6,0.4,0.9681120802882277,1.3231118622399243,2.125143421042448,3.8057304160962317,6.849033216447414
2023-10-09 17:15:00,435.5918245122343,8.548625540583995,1.5229615698996293,6.254810998763254,0.3250818653555565,0.6112372228834235,1.0,2.6,0.4,1.037439636798209,1.429307874462322,2.3284929375027104,4.0625,7.544275975864087
2023-10-09 17:20:00,755.7896779817042,7.733615349556535,1.3282063926179701,5.742823974460219,0.31755235271614657,0.7446456915750373,1.0,2.6,0.4,1.037439636798209,1.429307874462322,2.3284929375027104,4.0625,7.544275975864087
2023-10-09 17:25:00,1004.3062082975492,13.395592599835318,4.663664983334717,6.278959957428481,0.3547915185979977,0.975063826260884,1.0,2.6,0.4,1.037439636798209,1.429307874462322,2.3284929375027104,4.0625,7.544275975864087
2023-10-09 17:30:00,682.6318406294934,15.989778785961047,6.596248427913881,5.9151620069104025,0.38115280228620796,0.7860150676705012,0.03931920650267501,0.18626862323000082,0.057870545184921136,1.0278151584793835,1.4218160921863279,2.2751712023493966,4.219703810695722,7.798827091300333
2023-10-09 17:35:00,618.0509257567207,9.28802303679065,2.6080469820750256,5.324979533900421,0.3250795954889915,0.6558919026236759,1.0,2.6,0.4,1.0278151584793835,1.4218160921863279,2.2751712023493966,4.219703810695722,7.798827091300333
2023-10-09 17:40:00,391.48664071013644,9.154115420260114,2.588914455751035,5.220763933921874,0.2989005462791522,0.7606133373170073,1.0,2.6,0.4,1.0278151584793835,1.4218160921863279,2.2751712023493966,4.219703810695722,7.798827091300333
2023-10-09 17:45:00,1643.2057280454849,8.029655911893252,1.881799153617654,5.183774820477986,0.2967287397894916,1.300138066988214,1.0,2.6,0.4,0.9638340106055607,1.2760391843513272,2.013310348654673,3.106834763871423,4.701225797597899
2023-10-09 17:50:00,1643.2043882005794,8.831981248035435,2.2828069897832424,5.36844671825714,0.3056349988199059,2.0603929235802587,1.0,2.6,0.4,0.9638340106055607,1.2760391843513272,2.013310348654673,3.106834763871423,4.701225797597899
2023-10-09 17:55:00,1345.1662133624436,8.484933945964102,1.8464283308645015,5.692348566565944,0.27555110016671486,1.6286107463272645,1.0,2.6,0.4,0.9638340106055607,1.2760391843513272,2.013310348654673,3.106834763871423,4.701225797597899
2023-10-09 18:00:00,1569.3498596796442,9.676224276768023,2.4385837682511324,5.971803156611097,0.2650057637810374,1.859832136488049,0.08315046602394963,0.43691445386940453,0.14883631949225296,1.0190897899596485,1.35836997905578,2.1543639803895718,3.5790406885085844,5.679269319199434
2023-10-09 18:05:00,1628.0340106239191,10.52497398229551,3.40220513985034,5.343710072679168,0.2864602565128177,1.7970628957756047,1.0,2.6,0.4,1.0190897899596485,1.35836997905578,2.1543639803895718,3.5790406885085844,5.679269319199434
2023-10-09 18:10:00,1893.7699419539342,10.474660606459079,3.4405831032393945,5.23493637862197,0.2845304865047871,1.7512050878681058,1.0,2.6,0.4,1.0190897899596485,1.35836997905578,2.1543639803895718,3.5790406885085844,5.679269319199434
2023-10-09 18:15:00,2009.1646133013255,13.411037561969694,5.542026690898265,4.9538572465333175,0.30794880120941204,2.045506496434353,1.0,2.6,0.4,0.9835695196578634,1.3212603831190883,2.089258241577618,3.557442339659211,6.007484997900536
2023-10-09 18:20:00,1988.0619344765062,12.373372206389726,4.556764097142026,5.4229753753621,0.2864593994004616,1.4865572280485289,1.0,2.6,0.4,0.9835695196578634,1.3212603831190883,2.089258241577618,3.557442339659211,6.007484997900536
2023-10-09 18:25:00,1331.9721951732904,10.482646759380012,3.5667030687474055,5.05029691746732,0.2772539415647594,1.0879627043320699,1.0,2.6,0.4,0.9835695196578634,1.3212603831190883,2.089258241577618,3.557442339659211,6.007484997900536
2023-10-09 18:30:00,2100.1586135566613,9.662925571397428,3.2351225793720726,4.740042200231732,0.288430681809455,1.424104506985769,0.09013878188659974,0.4321157252403573,0.1892643653728826,0.9476418099683025,1.2439135822073815,1.9168192403041031,3.547366946060134,6.511113576032905
2023-10-09 18:35:00,1926.07189415269,9.537368558345129,3.185824481372454,4.690274552667377,0.3011049785541922,1.8834590443230377,1.0,2.6,0.4,0.9476418099683025,1.2439135822073815,1.9168192403041031,3.547366946060134,6.511113576032905
2023-10-09 18:40:00,2969.281266189352,9.57486772283014,3.232407593283115,4.656509461350071,0.31029661693461924,2.6233815248806382,1.0,2.6,0.4,0.9476418099683025,1.2439135822073815,1.9168192403041031,3.547366946060134,6.511113576032905
2023-10-09 18:45:00,3041.157048678579,10.477957325331563,3.8107455296135773,4.673259265237182,0.29672435535497854,2.337580470936188,1.0,2.6,0.4,0.9973810706044105,1.3175587273438707,2.0467631421344286,3.3449759341436227,5.31313429154581
2023-10-09 18:50:00,2408.7589683507963,12.606873368311986,5.487183615680478,4.237423302506103,0.33819013837395706,1.919431328931223,1.0,2.6,0.4,0.9973810706044105,1.3175587273438707,2.0467631421344286,3.3449759341436227,5.31313429154581
2023-10-09 18:55:00,2265.6625329481794,14.30957275898518,6.832518032290706,3.8833422830540814,0.3225313135885969,1.7819249723712725,1.0,2.6,0.4,0.9973810706044105,1.3175587273438707,2.0467631421344286,3.3449759341436227,5.31313429154581
2023-10-09 19:00:00,2168.7263985743552,13.723671554319624,6.362978910494722,4.015119902149997,0.3200212276731463,1.5989614600644881,0.0841486779456457,0.4549099251500235,0.2192281916177753,0.8856415753565321,1.1082062082482664,1.7050142052194168,2.6763419531143624,4.2729259296177835
2023-10-09 19:05:00,1428.2280093614104,13.296788951388123,5.973115157144392,4.183832892460516,0.3328588723314815,1.139801725821453,1.0,2.6,0.4,0.8856415753565321,1.1082062082482664,1.7050142052194168,2.6763419531143624,4.2729259296177835
2023-10-09 19:10:00,1397.8964980479727,12.07507762145175,5.5613361069329335,3.596907227244386,0.3225296749804857,0.917981244206852,1.0,2.6,0.4,0.8856415753565321,1.1082062082482664,1.7050142052194168,2.6763419531143624,4.2729259296177835
2023-10-09 19:15:00,1113.0670411925164,14.363443986219936,6.6622954918574,4.195518696885481,0.32763662641514457,0.7097560869217606,1.0,2.6,0.4,0.876584280032445,1.1019637017615418,1.6727591099736985,2.779611888375785,4.7340105618809085
2023-10-09 19:20:00,1031.3158054944,10.205249817128324,4.414224847603635,3.4841552796955293,0.310292953585717,0.7279792523692592,1.0,2.6,0.4,0.876584280032445,1.1019637017615418,1.6727591099736985,2.779611888375785,4.7340105618809085
2023-10-09 19:25:00,1668.233404425905,10.054585713752752,4.3511390046649945,3.4305838559672917,0.2967214324866911,0.9530448427748414,1.0,2.6,0.4,0.876584280032445,1.1019637017615418,1.6727591099736985,2.779611888375785,4.7340105618809085
2023-10-09 19:30:00,1589.7662219363358,9.226606996463357,4.05216778603984,3.064295580629681,0.29889217032140586,1.2513962696388425,0.12609916732476864,0.7464669852043022,0.3301514803843836,0.8848163651289458,1.1108843324126954,1.7039366185395513,2.779611888375785,4.362900411423575
2023-10-09 19:35:00,1177.6744733646171,11.133304580943134,4.768197517535503,3.867087096462895,0.3302308779449195,1.0921272552821584,1.0,2.6,0.4,0.8848163651289458,1.1108843324126954,1.7039366185395513,2.779611888375785,4.362900411423575
2023-10-09 19:40:00,1235.0335754834648,12.856600231646631,5.940226913351673,3.7967831501583977,0.3463692613084563,1.054235001326673,1.0,2.6,0.4,0.8848163651289458,1.1108843324126954,1.7039366185395513,2.779611888375785,4.362900411423575
2023-10-09 19:45:00,1420.9649879921403,16.835741078480442,8.233185865861504,4.263079587432186,0.3519466405564372,1.1537027384979375,1.0,2.6,0.4,0.9139064503547396,1.1485451667217967,1.7666975292901723,2.853932199615121,4.753303693222221
2023-10-09 19:50:00,1041.1994478900442,16.120008144477897,7.727841998314943,4.320406052649492,0.38415175970486803,1.0140315926791215,1.0,2.6,0.4,0.9139064503547396,1.1485451667217967,1.7666975292901723,2.853932199615121,4.753303693222221
2023-10-09 19:55:00,1903.6261274649082,13.676220588223147,6.494855076282039,3.7677256523427367,0.34636713488517773,1.3346847705498863,1.0,2.6,0.4,0.9139064503547396,1.1485451667217967,1.7666975292901723,2.853932199615121,4.753303693222221
2023-10-09 20:00:00,1814.6065918091717,13.734669673490636,6.7447333971413626,3.4466511805716364,0.36337081841778934,1.4422953388958042,1.0,2.6,0.4,0.9400085105997712,1.1656796300871006,1.761266862232978,2.918657910752817,4.6761668062634385
2023-10-09 20:05:00,1832.4088284816132,13.872610968648347,6.87654561549039,3.383502946866151,0.35476728461965645,1.3847890218941206,1.0,2.6,0.4,0.9400085105997712,1.1656796300871006,1.761266862232978,2.918657910752817,4.6761668062634385
2023-10-09 20:10:00,2239.2574495394792,12.035895245189975,6.01988942940791,2.8642993890453026,0.3463650360917076,1.7375801336058405,1.0,2.6,0.4,0.9400085105997712,1.1656796300871006,1.761266862232978,2.918657910752817,4.6761668062634385
2023-10-09 20:15:00,1790.8640752739404,11.876813116244122,5.797527968520351,3.0430759391706945,0.3302261073418285,1.7880699763490524,1.0,2.6,0.4,0.9561511386804913,1.157556046159321,1.7374164267670547,2.611081002190472,3.9927138640278246
2023-10-09 20:20:00,1891.7487282848276,11.931062677842938,5.660279016387185,3.304316382804438,0.3225220115027356,1.9784190283476348,1.0,2.6,0.4,0.9561511386804913,1.157556046159321,1.7374164267670547,2.611081002190472,3.9927138640278246
2023-10-09 20:25:00,2888.1184139616307,12.207019168721251,5.857940398716658,3.278022995012061,0.33284902026673396,2.3841754853667965,1.0,2.6,0.4,0.9561511386804913,1.157556046159321,1.7374164267670547,2.611081002190472,3.9927138640278246
2023-10-09 20:30:00,1829.7632450940212,12.554103595298818,5.992467199516073,3.4177356397737704,0.35193998467323917,1.7325041117405933,1.0,0.967251694234753,0.36463714840920963,1.0691234727570058,1.2935412633542078,1.8903489201732044,2.9722720265816855,4.766812352086036
2023-10-09 20:35:00,1343.8103678171412,12.855184083924076,6.220350407111228,3.3705138310663023,0.33817648833191405,1.2579315376256412,1.0,2.6,0.4,1.0691234727570058,1.2935412633542078,1.8903489201732044,2.9722720265816855,4.766812352086036
2023-10-09 20:40:00,2096.814210914055,13.629037062468472,7.041347374570983,2.8937599386479964,0.36627405756294934,1.5401403797925144,1.0,2.6,0.4,1.0691234727570058,1.2935412633542078,1.8903489201732044,2.9722720265816855,4.766812352086036
2023-10-09 20:45:00,2264.96041570875,13.946888674059716,7.4258108957357365,2.627554036635048,0.37215305512032915,1.5760814194208057,1.0,2.6,0.4,1.0348120602312287,1.2375071716963908,1.8157348264545679,2.7698175030135106,4.196490915038421
2023-10-09 20:50:00,1710.4086346367194,14.360973944409706,7.648259213061041,2.699954605922199,0.3781094106909142,1.3269665442258258,1.0,2.6,0.4,1.0348120602312287,1.2375071716963908,1.8157348264545679,2.7698175030135106,4.196490915038421
2023-10-09 20:55:00,1480.948548443109,15.310681492788865,8.203033171465552,2.7990459681058915,0.3751204763403734,1.3531909810239113,1.0,2.6,0.4,1.0348120602312287,1.2375071716963908,1.8157348264545679,2.7698175030135106,4.196490915038421
2023-10-09 21:00:00,1910.8581560866974,15.532327357448672,8.24972673032349,2.9470178020818985,0.3751195839209309,1.44164119751792,0.1071167587261676,0.5820859043131005,0.2941700188666411,1.0779726341609976,1.3194093375446454,1.9488923623432874,3.339250814179731,5.751477723159502
2023-10-09 21:05:00,1922.0663023193983,13.448485780890126,7.096299854665558,2.633311673418258,0.3841376729175007,1.2409736548214871,1.0,2.6,0.4,1.0779726341609976,1.3194093375446454,1.9488923623432874,3.339250814179731,5.751477723159502
2023-10-09 21:10:00,1718.3158037500689,12.444309249200979,6.6240090319939355,2.35741088054836,0.37511782883430994,1.1055523375538359,1.0,2.6,0.4,1.0779726341609976,1.3194093375446454,1.9488923623432874,3.339250814179731,5.751477723159502
2023-10-09 21:15:00,1645.1237162867305,12.109527453994247,6.478495975540603,2.2478927132747577,0.37511693641990057,1.0865761773749483,1.0,2.6,0.4,1.0735455276791945,1.2834032881366637,1.8430976534085217,3.0784464020021525,5.029799598393558
2023-10-09 21:20:00,1755.8969007450203,12.552821093791588,6.62677013622512,2.4595060003582367,0.37511604400718773,1.077075500022633,1.0,2.6,0.4,1.0735455276791945,1.2834032881366637,1.8430976534085217,3.0784464020021525,5.029799598393558
2023-10-09 21:25:00,2231.97500492015,12.607075669018366,6.684439424739116,2.426201862573086,0.3751151515961714,1.415043622833791,1.0,2.6,0.4,1.0735455276791945,1.2834032881366637,1.8430976534085217,3.0784464020021525,5.029799598393558
2023-10-09 21:30:00,1642.4822118333473,11.410603986062087,6.105122655868877,2.1236050618553604,0.38717499507115555,1.2621746984930475,0.11910499569707393,0.7032710999323092,0.2746820889683199,1.2219758590086796,1.4452459998214837,2.0948594224911607,2.9906424477024998,4.261452334592047
2023-10-09 21:35:00,2101.4107548846714,10.703658347928087,5.646681642475273,2.118344794352031,0.3751133965261221,1.3814574403989468,1.0,2.6,0.4,1.2219758590086796,1.4452459998214837,2.0948594224911607,2.9906424477024998,4.261452334592047
2023-10-09 21:40:00,1876.5571457582028,10.778811690840614,5.643943723123891,2.195610386369764,0.3547529035447215,1.1574516514561421,1.0,2.6,0.4,1.2219758590086796,1.4452459998214837,2.0948594224911607,2.9906424477024998,4.261452334592047
2023-10-09 21:45:00,1974.8036899177584,10.891602964267621,5.869052460683927,1.9704806862233968,0.3604650840086608,1.216804276626534,1.0,2.6,0.4,1.1683903457321103,1.3900392080801176,2.0032917311265477,3.0869597098115804,4.666531474232228
2023-10-09 21:50:00,2334.1726842514113,11.945493424610268,6.525221460233321,2.018740042609369,0.3604643079117567,1.3239791430333523,1.0,2.6,0.4,1.1683903457321103,1.3900392080801176,2.0032917311265477,3.0869597098115804,4.666531474232228
2023-10-09 21:55:00,2062.4992907693263,11.108831692983234,5.94044387296085,2.0752188404708773,0.3463502620816913,1.3096130790247327,1.0,2.6,0.4,1.1683903457321103,1.3900392080801176,2.0032917311265477,3.0869597098115804,4.666531474232228
2023-10-09 22:00:00,2118.5454720001085,10.473023694843612,5.649466941977133,1.8906454519018656,0.3721400504745129,1.2238026713572574,0.12310158406779338,0.7176696733177458,0.27917915394957415,1.1404494727957044,1.3472197296655064,1.9179236272594382,3.0090270852885324,4.689658836205466
2023-10-09 22:05:00,1864.6804465685598,11.292600405788058,6.206758222182105,1.858626039582977,0.36918967128803537,1.116935079898363,1.0,2.6,0.4,1.1404494727957044,1.3472197296655064,1.9179236272594382,3.0090270852885324,4.689658836205466
2023-10-09 22:10:00,2001.8306931951508,11.23810456199298,6.091458568293592,1.97645626865727,0.37213830669815245,1.2403660541263437,1.0,2.6,0.4,1.1404494727957044,1.3472197296655064,1.9179236272594382,3.0090270852885324,4.689658836205466
2023-10-09 22:15:00,2013.0382539700188,10.70264715310789,5.808707148264151,1.8770883778090446,0.37510634656509795,1.4958952191792716,1.0,2.6,0.4,1.194665225073535,1.4021768789992224,1.9810575357621494,2.9496821862702425,4.362900411423575
2023-10-09 22:20:00,1941.822947922194,10.501786110125392,5.641265651530336,1.9305625881004136,0.3751054541725185,1.938066358351891,1.0,2.6,0.4,1.194665225073535,1.4021768789992224,1.9810575357621494,2.9496821862702425,4.362900411423575
2023-10-09 22:25:00,2649.3528959572004,10.418025332286307,5.512267419705926,2.040661150264517,0.3721357353791709,2.737458600300834,1.0,2.6,0.4,1.194665225073535,1.4021768789992224,1.9810575357621494,2.9496821862702425,4.362900411423575
2023-10-09 22:30:00,2576.815986550453,10.530808171418126,5.512272406569192,2.150301129883522,0.35474531691016,2.2708122990631705,0.12709838708654017,0.72246921041661,0.30166579189560083,1.3221860686000289,1.587781156205099,2.2751712023493966,3.5114037079208082,5.32674234405983
2023-10-09 22:35:00,1716.971926118132,11.174732813974677,5.822464850744669,2.3154062363959356,0.3519215342243531,1.4645395379054127,1.0,2.6,0.4,1.3221860686000289,1.587781156205099,2.2751712023493966,3.5114037079208082,5.32674234405983
2023-10-09 22:40:00,1913.462893437494,11.136960449746368,6.064050744539688,1.9191790979924226,0.3691837406293433,1.5004031125994108,1.0,2.6,0.4,1.3221860686000289,1.587781156205099,2.2751712023493966,3.5114037079208082,5.32674234405983
2023-10-09 22:45:00,2215.459878726354,10.831528458584547,5.863658517376344,1.9203482505928806,0.33815958792031464,1.5051377044066685,1.0,2.6,0.4,1.3268161138605454,1.5820875449860543,2.2627132032142296,3.294914300858218,5.243182621271169
2023-10-09 22:50:00,1354.9873990818376,10.998691705884765,5.943276818112929,1.9641963226073096,0.3547423162705201,1.0739868314218666,1.0,2.6,0.4,1.3268161138605454,1.5820875449860543,2.2627132032142296,3.294914300858218,5.243182621271169
2023-10-09 22:55:00,1077.4249624510355,11.609205295434812,6.344106305506212,1.9614442683811693,0.3691811863606071,0.939842935440578,1.0,2.6,0.4,1.3268161138605454,1.5820875449860543,2.2627132032142296,3.294914300858218,5.243182621271169
2023-10-09 23:00:00,1729.492238310763,11.59234803480834,6.2288025258071436,2.1162923020805042,0.34634112186919386,1.0031808430634142,0.13509256086106297,0.8460590995905664,0.3616382861368525,1.4630874888399532,1.7288796950626728,2.451541555837877,3.7319727022045592,6.2502700741647965
2023-10-09 23:05:00,1279.8222578285486,11.278529895506297,6.036638143972574,2.0970815188138765,0.34085981890749334,0.9632089744131725,1.0,2.6,0.4,1.4630874888399532,1.7288796950626728,2.451541555837877,3.7319727022045592,6.2502700741647965
2023-10-09 23:10:00,1377.399835439312,11.219843991703197,5.795071696390046,2.400543267164145,0.3463397135818365,0.9397383930650538,1.0,2.6,0.4,1.4630874888399532,1.7288796950626728,2.451541555837877,3.7319727022045592,6.2502700741647965
2023-10-09 23:15:00,1288.3912733761006,11.382832611595374,5.921353975120605,2.3709191962915,0.34633902324717203,0.8557352725036467,1.0,2.6,0.4,1.6067759644704673,1.8460035211234025,2.5190401028963394,3.5660803412149873,5.3987039185345225
2023-10-09 23:20:00,1263.9958959988162,11.717318770286932,6.195889496984105,2.287197852989554,0.3435857629246731,0.7427050617606765,1.0,2.6,0.4,1.6067759644704673,1.8460035211234025,2.5190401028963394,3.5660803412149873,5.3987039185345225
2023-10-09 23:25:00,912.6144870557339,11.336571448829034,6.011963993626857,2.190328782527083,0.34633761496909804,0.6118803516933764,1.0,2.6,0.4,1.6067759644704673,1.8460035211234025,2.5190401028963394,3.5660803412149873,5.3987039185345225
2023-10-09 23:30:00,1380.6916743874076,11.96803460993995,6.495159362621249,2.085274489159817,0.3491134369797961,0.6767506235631818,0.14608559134972893,0.8496588491859541,0.2971683024819437,1.609627286051029,1.8855036462441541,2.6177402468541446,4.082857118489453,6.589643389440737
2023-10-09 23:35:00,1277.1782734579167,11.662563384911232,6.297492569110505,2.082367394927187,0.3604476365744605,0.6789838107003293,1.0,2.6,0.4,1.609627286051029,1.8855036462441541,2.6177402468541446,4.082857118489453,6.589643389440737
2023-10-09 23:40:00,1238.9388776558048,10.39103387317197,5.6194446980528046,1.855863419694618,0.3276058874674117,0.6789595443538043,1.0,2.6,0.4,1.609627286051029,1.8855036462441541,2.6177402468541446,4.082857118489453,6.589643389440737
2023-10-09 23:45:00,1173.0089791325777,10.340729615554636,5.641412770854644,1.7750965333309565,0.33815179634051007,0.7243084547174704,1.0,2.6,0.4,1.5489209147015868,1.759536586718219,2.427562036282492,3.3750484811332706,4.867249325851306
2023-10-09 23:50:00,1124.2217644410455,10.198427865274025,5.3889028135534,2.010761523855112,0.34358165736181173,0.7265615054382049,1.0,2.6,0.4,1.5489209147015868,1.759536586718219,2.427562036282492,3.3750484811332706,4.867249325851306
2023-10-09 23:55:00,1263.987857571567,9.8052578005579,5.139165763152154,2.000089357975781,0.338150506720589,0.8578053610089005,1.0,2.6,0.4,1.5489209147015868,1.759536586718219,2.427562036282492,3.3750484811332706,4.867249325851306
2023-10-10 00:00:00,5792.640440000001,63.239320719999995,15.339260352,38.895371761322025,3.8641953000000004,2.6695233,0.1590785969261736,0.8436592677141643,0.2716840996451578,1.5489209147015868,1.759536586718219,2.427562036282492,3.3750484811332706,4.867249325851306
