datetime,CH4,NOX,NO,NO2,SO2,H2S,Benzene,Toluene,Ethylbenzene,PM1 FIDAS,PM2.5 FIDAS,PM4 FIDAS,PM10 FIDAS,TSP FIDAS
2023-10-01 00:15:00,1404.2362500000002,5.641099049999999,1.514980896,3.322498366832733,0.5368321560000001,0.5163234,0.25,0.65,0.1,4.72,6.28,7.32,8.2,8.95
2023-10-01 00:20:00,1404.23558,5.87119675,1.5150595199999999,3.552475936412811,0.25,0.59138925,0.25,0.65,0.1,4.72,6.28,7.32,8.2,8.95
2023-10-01 00:25:00,1404.23424,6.31001925,1.4328799680000002,4.117069540023803,0.25,0.25,0.25,0.65,0.1,4.72,6.28,7.32,8.2,8.95
2023-10-01 00:30:00,1404.23223,6.352274179999999,1.378118976,4.243134064674377,0.671040594,0.25,0.28,0.4,0.1,4.67,6.3,7.37,8.84,10.28
2023-10-01 00:35:00,1404.2308900000003,5.37177377,1.337067264,3.325461065769195,0.6710408600000001,0.25,0.25,0.65,0.1,4.67,6.3,7.37,8.84,10.28
2023-10-01 00:40:00,1404.2302200000001,4.7252215799999995,1.0492326624,3.119424617290497,0.5368326880000001,0.25,0.25,0.65,0.1,4.67,6.3,7.37,8.84,10.28
2023-10-01 00:45:00,1404.22821,4.39175659,1.090439376,2.722895188331604,0.5368326880000001,0.25,0.25,0.65,0.1,4.37,5.71,6.6,7.2,7.65
2023-10-01 00:50:00,1404.2268700000002,5.060187829999999,1.2413298144,3.160396020412445,0.724724448,0.25,0.25,0.65,0.1,4.37,5.71,6.6,7.2,7.65
2023-10-01 00:55:00,1404.22553,5.49902179,1.43335296,3.3053487753868103,0.724724714,0.25,0.25,0.65,0.1,4.37,5.71,6.6,7.2,7.65
2023-10-01 01:00:00,1404.2241900000001,5.39515981,1.419721056,3.222349716424942,0.53683322,0.25,0.26,0.3,0.1,4.26,5.58,6.53,7.08,7.53
2023-10-01 01:05:00,1404.22285,4.852956649999999,1.2826944,2.8898589384555815,0.509991426,0.25,0.25,0.65,0.1,4.26,5.58,6.53,7.08,7.53
2023-10-01 01:10:00,1404.22084,5.31267073,1.502143968,3.013716238737106,0.25,0.25,0.25,0.65,0.1,4.26,5.58,6.53,7.08,7.53
2023-10-01 01:15:00,1410.82637,6.4612244,1.6667539199999999,3.9103427362442016,0.536833486,0.25,0.25,0.65,0.1,4.24,5.52,6.38,7.32,8.05
2023-10-01 01:20:00,1410.8257,5.68940486,1.488591936,3.4111910355091095,0.590517074,0.57704835,0.25,0.65,0.1,4.24,5.52,6.38,7.32,8.05
2023-10-01 01:25:00,1410.8236900000002,5.64816032,1.598361024,3.201950536966324,0.536833752,0.25,0.25,0.65,0.1,4.24,5.52,6.38,7.32,8.05
2023-10-01 01:30:00,1410.8223500000001,4.14573713,1.20081624,2.3079493021965027,0.536833752,0.25,0.25,0.3,0.1,3.85,4.92,5.72,6.41,7.0
2023-10-01 01:35:00,1410.8210100000001,4.375846289999999,1.2420271968,2.474987279176712,0.724725778,0.25,0.25,0.65,0.1,3.85,4.92,5.72,6.41,7.0
2023-10-01 01:40:00,1410.8196699999999,4.5015892299999996,1.4340643199999998,2.3068272471427917,0.778409366,0.25,0.25,0.65,0.1,3.85,4.92,5.72,6.41,7.0
2023-10-01 01:45:00,1410.81833,5.14919383,1.886621568,2.2618164002895353,0.7247263100000001,0.25,0.25,0.65,0.1,3.59,4.63,5.52,6.37,7.15
2023-10-01 01:50:00,1410.8163200000001,5.69243412,1.777010976,2.9728097271919247,0.751568104,0.25,0.25,0.65,0.1,3.59,4.63,5.52,6.37,7.15
2023-10-01 01:55:00,1410.81565,6.08955559,1.708534464,3.474731501340866,0.751568104,0.25,0.25,0.65,0.1,3.59,4.63,5.52,6.37,7.15
2023-10-01 02:00:00,1410.8143100000002,6.34056397,1.873155648,3.47379546880722,0.8320934860000001,0.25,0.25,0.25,0.1,3.25,4.16,4.9,5.67,6.12
2023-10-01 02:05:00,1410.8123,6.19494557,1.941796896,3.223125,0.671043254,0.25,0.25,0.65,0.1,3.25,4.16,4.9,5.67,6.12
2023-10-01 02:10:00,1410.8109599999998,5.46482515,1.6539282240000002,2.933572864532471,0.56367661,0.25,0.25,0.65,0.1,3.25,4.16,4.9,5.67,6.12
2023-10-01 02:15:00,1410.8102900000001,4.46331665,1.599160992,2.0158830165863035,0.8052522240000001,0.25,0.25,0.65,0.1,2.94,3.84,4.55,5.46,6.37
2023-10-01 02:20:00,1410.80895,5.36145595,1.6678022399999999,2.8089701080322262,0.6978855800000001,0.25,0.25,0.65,0.1,2.94,3.84,4.55,5.46,6.37
2023-10-01 02:25:00,1417.41314,5.153202919999999,1.61303376,2.6845376634597775,0.6442019920000001,0.25,0.25,0.65,0.1,2.94,3.84,4.55,5.46,6.37
2023-10-01 02:30:00,1417.41247,5.34158431,1.5994018559999998,2.893782032728195,0.8052527560000001,0.25,0.23,0.27,0.1,2.72,3.56,4.16,5.71,8.19
2023-10-01 02:35:00,1410.80493,5.67610171,1.695467904,3.081274973154068,0.805253022,0.25,0.25,0.65,0.1,2.72,3.56,4.16,5.71,8.19
2023-10-01 02:40:00,1410.80292,5.760109239999999,1.83267552,2.9552933275699615,0.5636771420000001,0.57792975,0.25,0.65,0.1,2.72,3.56,4.16,5.71,8.19
2023-10-01 02:45:00,1404.19538,6.15725745,1.915033536,3.2263969016075134,0.8052532880000001,0.50297925,0.25,0.65,0.1,2.47,3.22,4.05,4.58,6.1
2023-10-01 02:50:00,1404.19404,5.53147842,1.5722965439999999,3.125158983469009,0.751569966,0.25,0.25,0.65,0.1,2.47,3.22,4.05,4.58,6.1
2023-10-01 02:55:00,1397.5865000000001,7.05595447,1.791782304,4.3137233495712275,0.8052538200000001,0.25,0.25,0.65,0.1,2.47,3.22,4.05,4.58,6.1
2023-10-01 03:00:00,1397.5851600000003,5.4281054,1.5587445119999999,3.0425267326831817,1.046829966,0.25,0.25,0.65,0.1,2.15,2.9,3.55,5.07,7.12
2023-10-01 03:05:00,1404.18935,4.88582011,1.517682816,2.5630845391750334,0.7784122920000001,0.25,0.25,0.65,0.1,2.15,2.9,3.55,5.07,7.12
2023-10-01 03:10:00,1397.58181,6.05541434,1.86059328,3.2078716087341306,0.671045116,0.5932612500000001,0.25,0.65,0.1,2.15,2.9,3.55,5.07,7.12
2023-10-01 03:15:00,1397.5811400000002,5.49224511,1.805822304,2.7285266387462617,0.85893794,0.25,0.25,0.65,0.1,1.98,2.66,3.32,4.1,4.88
2023-10-01 03:20:00,1404.18533,4.36539286,1.476782112,2.105253745317459,0.9394635880000001,0.25,0.25,0.65,0.1,1.98,2.66,3.32,4.1,4.88
2023-10-01 03:25:00,1404.18466,4.804308949999999,1.696277856,2.208242825269699,0.805254618,0.25,0.25,0.65,0.1,1.98,2.66,3.32,4.1,4.88
2023-10-01 03:30:00,1404.18332,5.3684943,1.915776096,2.4364972388744355,0.805254884,0.25,0.25,0.25,0.1,1.75,2.42,3.13,4.36,5.19
2023-10-01 03:35:00,1410.78818,4.867938689999999,1.80614928,2.103720027208328,0.80525515,0.25,0.25,0.65,0.1,1.75,2.42,3.13,4.36,5.19
2023-10-01 03:40:00,1417.39304,4.8475628099999994,1.888512288,1.9572916150093078,0.67104618,0.25,0.25,0.65,0.1,1.75,2.42,3.13,4.36,5.19
2023-10-01 03:45:00,1423.9979000000003,5.9963304,2.1628726080000003,2.686164962053299,0.6442043860000001,0.25,0.25,0.65,0.1,1.5,2.18,2.86,4.22,5.44
2023-10-01 03:50:00,1423.99656,7.0824805500000005,2.38238208,3.4363671457767486,0.805255682,0.25,0.25,0.65,0.1,1.5,2.18,2.86,4.22,5.44
2023-10-01 03:55:00,1430.60142,7.91811128,2.739034272,3.7261594939231872,0.69788824,0.5337543,0.25,0.65,0.1,1.5,2.18,2.86,4.22,5.44
2023-10-01 04:00:00,1417.3870100000001,8.607605999999999,2.80769424,4.310573945045471,0.697888506,0.5038083,0.19,0.24,0.1,1.27,1.86,2.48,3.69,4.69
2023-10-01 04:05:00,1404.1732700000002,7.0422655,2.231782176,3.6266374456882473,0.617363124,0.25,0.25,0.65,0.1,1.27,1.86,2.48,3.69,4.69
2023-10-01 04:10:00,1397.5657300000003,6.625215089999999,2.0810088,3.4403378272056577,0.509995682,0.5939220000000001,0.25,0.65,0.1,1.27,1.86,2.48,3.69,4.69
2023-10-01 04:15:00,1397.56372,8.066336830000001,2.231950656,4.650450978279114,0.509995682,0.57897645,0.25,0.65,0.1,1.03,1.55,2.23,3.51,4.56
2023-10-01 04:20:00,1390.9568500000003,7.60752809,2.24575104,4.1705215287208555,0.6173633900000001,0.56403105,0.25,0.65,0.1,1.03,1.55,2.23,3.51,4.56
2023-10-01 04:25:00,1390.95551,7.92122649,2.20469184,4.547058887481689,0.509995948,0.25,0.25,0.65,0.1,1.03,1.55,2.23,3.51,4.56
2023-10-01 04:30:00,1384.3473000000001,6.731651749999999,1.971625344,3.7141802811622617,0.697889304,0.25,0.17,0.34,0.1,0.5,1.26,1.73,2.21,2.55
2023-10-01 04:35:00,1384.34596,6.418977109999999,1.80712896,3.6532591581344604,0.536838008,0.25,0.25,0.65,0.1,0.5,1.26,1.73,2.21,2.55
2023-10-01 04:40:00,1384.3439500000002,6.35685245,1.9306460159999999,3.4020980179309843,0.6978895700000001,0.25,0.25,0.65,0.1,0.5,1.26,1.73,2.21,2.55
2023-10-01 04:45:00,1384.34328,7.15077069,2.01301776,4.069950513839721,0.25,0.25,0.25,0.65,0.1,0.5,1.25,1.67,2.59,3.2
2023-10-01 04:50:00,1384.34194,8.15349395,2.191399392,4.799669728279113,0.644205982,0.25,0.25,0.65,0.1,0.5,1.25,1.67,2.59,3.2
2023-10-01 04:55:00,1384.33993,7.1935566,2.054331552,4.0495076179504395,0.5636803340000001,0.25,0.25,0.65,0.1,0.5,1.25,1.67,2.59,3.2
2023-10-01 05:00:00,1384.33926,7.04791528,2.246429952,3.60986923456192,0.5905226600000001,0.25,0.16,0.31,0.1,0.5,1.17,1.62,2.34,2.8
2023-10-01 05:05:00,1384.3379200000002,7.21546621,2.356238976,3.6093630802631376,0.7247324280000002,0.25,0.25,0.65,0.1,0.5,1.17,1.62,2.34,2.8
2023-10-01 05:10:00,1384.33591,6.98630059,1.9997203200000002,3.92583110332489,0.6710485740000001,0.25,0.25,0.65,0.1,0.5,1.17,1.62,2.34,2.8
2023-10-01 05:15:00,1384.3352399999999,7.174737369999999,1.821498432,4.387027606964111,0.778416548,0.25,0.25,0.65,0.1,0.5,1.02,0.75,2.86,4.09
2023-10-01 05:20:00,1384.3339,6.4235630200000005,1.9038739199999999,3.509781605005264,0.72473296,0.25,0.25,0.65,0.1,0.5,1.02,0.75,2.86,4.09
2023-10-01 05:25:00,1390.93876,5.65150091,1.8765252479999999,2.779575134515762,0.617364986,0.25,0.25,0.65,0.1,0.5,1.02,0.75,2.86,4.09
2023-10-01 05:30:00,1397.54362,5.04647403,1.712015136,2.426322695016861,0.7784170800000001,0.25,0.15,0.32,0.03,0.5,0.5,0.75,2.02,2.53
2023-10-01 05:35:00,1390.93608,4.420557479999999,1.725813024,1.7792892384529113,0.25,0.25,0.25,0.65,0.1,0.5,0.5,0.75,2.02,2.53
2023-10-01 05:40:00,1397.5409399999999,3.5231821799999996,1.437853248,1.3226217114925385,0.25,0.25,0.25,0.65,0.1,0.5,0.5,0.75,2.02,2.53
2023-10-01 05:45:00,1404.1458000000002,5.36119046,1.904287008,2.4467767477035522,0.25,0.25,0.25,0.65,0.1,0.5,0.5,0.75,2.43,3.05
2023-10-01 05:50:00,1397.53826,6.489265109999999,2.370728256,2.8609871959686277,0.5636816640000001,0.25,0.25,0.65,0.1,0.5,0.5,0.75,2.43,3.05
2023-10-01 05:55:00,1397.53692,6.30184445,2.28851376,2.799391655921936,0.56368193,0.25,0.25,0.65,0.1,0.5,0.5,0.75,2.43,3.05
2023-10-01 06:00:00,1390.92938,7.283773539999999,2.480632128,3.4872931444644926,0.56368193,0.25,0.13,0.2,0.1,0.5,0.5,0.75,2.63,3.54
2023-10-01 06:05:00,1390.9280400000002,6.5534392,2.1240835199999997,3.3026381289958953,0.64420811,0.25,0.25,0.65,0.1,0.5,0.5,0.75,2.63,3.54
2023-10-01 06:10:00,1384.31983,5.86485746,1.904698848,2.9498135185241696,0.644208376,0.25,0.25,0.65,0.1,0.5,0.5,0.75,2.63,3.54
2023-10-01 06:15:00,1384.31849,7.45237115,2.4534581760000003,3.6974794661998747,0.536840402,0.25,0.25,0.65,0.1,0.5,1.01,0.75,2.44,2.99
2023-10-01 06:20:00,1377.71162,8.225512409999999,2.618149248,4.218569073677063,0.671050702,0.25,0.25,0.65,0.1,0.5,1.01,0.75,2.44,2.99
2023-10-01 06:25:00,1377.70961,7.787513120000001,2.6182366079999997,3.780436174869537,0.536840668,0.25,0.25,0.65,0.1,0.5,1.01,0.75,2.44,2.99
2023-10-01 06:30:00,1377.7082699999999,8.43537748,2.824082976,4.113263478279114,0.617366848,0.25,0.13,0.29,0.1,0.5,0.5,0.75,2.63,3.96
2023-10-01 06:35:00,1384.3131300000002,8.853543329999999,2.686998912,4.741229512691498,0.5636829940000001,0.25,0.25,0.65,0.1,0.5,0.5,0.75,2.63,3.96
2023-10-01 06:40:00,1377.7055900000003,8.74965652,2.60478192,4.763171517848968,0.5636829940000001,0.25,0.25,0.65,0.1,0.5,0.5,0.75,2.63,3.96
2023-10-01 06:45:00,1377.70425,9.20959407,2.76948048,4.971045877933502,0.697893294,0.25,0.25,0.65,0.1,0.5,0.5,0.75,2.06,2.9
2023-10-01 06:50:00,1377.70291,8.082462959999999,2.481499488,4.284655566215515,0.5368412,0.25,0.25,0.65,0.1,0.5,0.5,0.75,2.06,2.9
2023-10-01 06:55:00,1377.7015700000002,8.437988449999999,2.563892448,4.514083037376404,0.5368412,0.25,0.25,0.65,0.1,0.5,0.5,0.75,2.06,2.9
2023-10-01 07:00:00,1377.7002300000001,8.187915969999999,2.536542528,4.305868053436279,0.751577946,0.25,0.12,0.39,0.1,0.5,0.5,0.75,1.0,1.25
2023-10-01 07:05:00,1384.3044200000002,7.33223597,2.468041056,3.5550256061553953,0.644209706,0.25,0.25,0.65,0.1,0.5,0.5,0.75,1.0,1.25
2023-10-01 07:10:00,1377.6975499999999,7.54158152,2.4955632,3.722250061035156,0.7247361520000001,0.25,0.25,0.65,0.1,0.5,0.5,0.75,1.0,1.25
2023-10-01 07:15:00,1377.69621,7.60474904,2.468214528,3.827273321151733,0.8052625980000001,0.25,0.25,0.65,0.1,0.5,0.5,0.75,1.0,3.11
2023-10-01 07:20:00,1377.6942000000001,8.16911966,2.619201312,4.160566933155059,0.617368178,0.25,0.25,0.65,0.1,0.5,0.5,0.75,1.0,3.11
2023-10-01 07:25:00,1384.2997300000002,7.14634522,2.372359392,3.5155710721015927,0.7247366840000001,0.25,0.25,0.65,0.1,0.5,0.5,0.75,1.0,3.11
2023-10-01 07:30:00,1384.2983900000004,7.37657853,2.4959101439999998,3.556715974807739,0.697894624,0.25,0.11,0.31,0.1,0.5,0.5,0.75,2.76,4.02
2023-10-01 07:35:00,1377.69018,7.2100265299999995,2.331373824,3.6419784975051877,0.67105283,0.25,0.25,0.65,0.1,0.5,0.5,0.75,2.76,4.02
2023-10-01 07:40:00,1377.68951,6.2707630199999995,1.87874544,3.3954396867752075,0.69789489,0.5062395,0.25,0.65,0.1,0.5,0.5,0.75,2.76,4.02
2023-10-01 07:45:00,1384.2943699999998,7.16928623,2.016014208,4.083879661560059,0.7247374820000001,0.25,0.25,0.65,0.1,0.5,0.5,1.51,2.85,3.99
2023-10-01 07:50:00,1397.5054300000002,6.668579729999999,1.8377536319999999,3.855992283821106,0.56368459,0.25,0.25,0.65,0.1,0.5,0.5,1.51,2.85,3.99
2023-10-01 07:55:00,1410.7164900000002,6.39759657,2.057339232,3.2489441061019897,0.536842796,0.25,0.25,0.65,0.1,0.5,0.5,1.51,2.85,3.99
2023-10-01 08:00:00,1423.92755,6.94110044,2.372960928,3.3094052958488462,0.536842796,0.52145955,0.11,0.27,0.1,0.5,0.5,1.64,2.63,3.22
2023-10-01 08:05:00,1443.7448100000001,7.213113089999999,2.2770109439999997,3.7282647132873534,0.590527182,0.58151025,0.25,0.65,0.1,0.5,0.5,1.64,2.63,3.22
2023-10-01 08:10:00,1470.1682700000003,6.69151119,2.071308096,3.5214803040027616,0.7515803400000001,0.53656875,0.25,0.65,0.1,0.5,0.5,1.64,2.63,3.22
2023-10-01 08:15:00,1443.7428000000002,5.79397163,1.838162976,2.9807574653625486,0.25,0.64161585,0.25,0.65,0.1,0.5,0.5,0.75,3.44,4.86
2023-10-01 08:20:00,1417.3153200000002,10.91130284,4.170551424,4.528488056659699,0.72473828,0.6416707500000001,0.25,0.65,0.1,0.5,0.5,0.75,3.44,4.86
2023-10-01 08:25:00,1410.7084500000003,8.69801776,3.4983936,3.343905756473541,0.7784229320000001,0.64172565,0.25,0.65,0.1,0.5,0.5,0.75,3.44,4.86
2023-10-01 08:30:00,1410.7071099999998,8.99093536,2.85366432,4.623548069000244,0.6442121000000001,0.64178055,0.13,0.22,0.1,0.5,1.06,1.75,2.4,3.89
2023-10-01 08:35:00,1404.09957,9.09588795,3.0458288639999997,4.4344034671783445,0.88579197,0.6268369500000001,0.25,0.65,0.1,0.5,1.06,1.75,2.4,3.89
2023-10-01 08:40:00,1410.7044300000002,10.871687529999999,3.484955136,5.538142702579498,0.7784234640000001,0.7768783499999999,0.25,0.65,0.1,0.5,1.06,1.75,2.4,3.89
2023-10-01 08:45:00,1404.0968900000003,10.70513935,3.361570368,5.560428063869476,0.644212632,0.61194825,0.25,0.65,0.1,0.5,1.08,1.64,3.34,4.79
2023-10-01 08:50:00,1404.09488,10.22530151,3.4028242559999997,5.017453145980835,0.80526579,0.6420003,0.25,0.65,0.1,0.5,1.08,1.64,3.34,4.79
2023-10-01 08:55:00,1404.09354,11.39544964,3.74592192,5.662508661746979,0.832108382,0.50706825,0.25,0.65,0.1,0.5,1.08,1.64,3.34,4.79
2023-10-01 09:00:00,1404.0928700000002,10.45611737,3.334410144,5.352974019050598,0.69789755,0.25,0.13,0.34,0.1,0.5,0.5,1.51,2.36,3.03
2023-10-01 09:05:00,1404.09086,9.997157739999999,3.128697312,5.208847322463989,0.8321086480000001,0.25,0.25,0.65,0.1,0.5,0.5,1.51,2.36,3.03
2023-10-01 09:10:00,1404.08952,9.49641686,2.868098688,5.10693840265274,0.69789755,0.5222325,0.25,0.65,0.1,0.5,0.5,1.51,2.36,3.03
2023-10-01 09:15:00,1404.0888499999999,9.30896946,2.854468032,4.940352389812469,0.7515824680000001,0.25,0.25,0.65,0.1,0.5,1.12,1.7,3.32,5.3
2023-10-01 09:20:00,1404.08684,7.889207249999999,2.497819584,4.066422688961029,0.8857938320000001,0.58233645,0.25,0.65,0.1,0.5,1.12,1.7,3.32,5.3
2023-10-01 09:25:00,1397.4793,8.0568193,2.621394048,4.04490965127945,0.59052931,0.25,0.25,0.65,0.1,0.5,1.12,1.7,3.32,5.3
2023-10-01 09:30:00,1397.47796,8.03645488,2.703806976,3.898417258262634,0.644213696,0.25,0.14,0.47,0.05,0.5,1.08,1.66,3.5,5.03
2023-10-01 09:35:00,1397.4766200000001,8.35027934,2.621570016,4.338100724220276,0.6173716360000001,0.25,0.25,0.65,0.1,0.5,1.08,1.66,3.5,5.03
2023-10-01 09:40:00,1397.47528,8.517897119999999,2.511888288,4.673580613136291,0.8052676520000001,0.25,0.25,0.65,0.1,0.5,1.08,1.66,3.5,5.03
2023-10-01 09:45:00,1397.4732700000002,9.625448819999999,2.758956096,5.40300838470459,0.7247409400000001,0.50762085,0.25,0.65,0.1,0.5,0.5,0.75,3.28,6.06
2023-10-01 09:50:00,1397.4726000000003,9.45887772,2.9099790719999996,5.0053040766716,0.8052679180000001,0.25,0.25,0.65,0.1,0.5,0.5,0.75,3.28,6.06
2023-10-01 09:55:00,1397.47126,9.271418859999999,2.9100689280000003,4.817707765102386,0.724741206,0.25,0.25,0.65,0.1,0.5,0.5,0.75,3.28,6.06
2023-10-01 10:00:00,1397.46925,10.98473852,3.308082336,5.921888263225555,0.751583798,0.59777505,0.13,0.36,0.1,0.5,0.5,0.75,2.54,4.69
2023-10-01 10:05:00,1397.46858,10.85995058,3.253288896,5.880959210395813,0.617372434,0.25,0.25,0.65,0.1,0.5,0.5,0.75,2.54,4.69
2023-10-01 10:10:00,1397.4672400000002,10.651607779999999,3.061276608,5.966480844020843,0.805268716,0.25,0.25,0.65,0.1,0.5,0.5,0.75,2.54,4.69
2023-10-01 10:15:00,1397.46523,10.90280334,3.0202024319999996,6.28053831577301,0.805268716,0.25,0.25,0.65,0.1,0.5,0.5,0.75,1.0,2.57
2023-10-01 10:20:00,1404.0707600000003,11.0495601,3.075180576,6.3431539058685305,0.778426656,0.25,0.25,0.65,0.1,0.5,0.5,0.75,1.0,2.57
2023-10-01 10:25:00,1404.06942,11.258980139999998,3.04782816,6.594435493946075,0.8052692480000001,0.5830523999999999,0.25,0.65,0.1,0.5,0.5,0.75,1.0,2.57
2023-10-01 10:30:00,1404.0674099999999,9.567556719999999,2.5402029120000003,5.679906435012817,0.832111574,0.55311165,0.25,0.65,0.1,0.5,1.12,1.67,2.34,3.92
2023-10-01 10:35:00,1410.67294,9.19209083,2.567733792,5.262306141853332,0.644215558,0.25,0.25,0.65,0.1,0.5,1.12,1.67,2.34,3.92
2023-10-01 10:40:00,1410.6716000000001,8.35706748,2.554099392,4.448149552345276,0.8589544320000001,0.25,0.25,0.65,0.1,0.5,1.12,1.67,2.34,3.92
2023-10-01 10:45:00,1410.6695900000002,8.83803604,2.6639645759999997,4.760974767208099,0.778427454,0.25,0.25,0.65,0.1,0.5,1.3,1.97,2.66,3.45
2023-10-01 10:50:00,1410.6682500000004,9.31900651,2.5405498559999997,5.4308256959915155,0.64421609,0.25,0.25,0.65,0.1,0.5,1.3,1.97,2.66,3.45
2023-10-01 10:55:00,1410.66758,10.17598913,2.8974254399999997,5.741628115177154,0.805270312,0.25,0.25,0.65,0.1,0.5,1.3,1.97,2.66,3.45
2023-10-01 11:00:00,1410.6655700000001,8.923166649999999,2.6779521600000002,4.8246978402137755,0.7784279860000001,0.25,0.25,0.35,0.04,0.5,1.28,1.73,2.31,2.68
2023-10-01 11:05:00,1417.27043,9.5921537,3.0348327360000003,4.947497749328613,0.61737403,0.53849985,0.25,0.65,0.1,0.5,1.28,1.73,2.31,2.68
2023-10-01 11:10:00,1423.87529,11.4936351,3.666177216,5.882738833427429,0.536847052,0.6285408,0.25,0.65,0.1,0.5,1.28,1.73,2.31,2.68
2023-10-01 11:15:00,1417.26775,10.700368169999999,3.076183968,5.992426090240478,0.671059214,0.6285957,0.25,0.65,0.1,0.5,1.39,1.88,2.37,2.69
2023-10-01 11:20:00,1423.87261,10.19955089,3.1174440960000003,5.42846227645874,0.69790154,0.5086704,0.25,0.65,0.1,0.5,1.39,1.88,2.37,2.69
2023-10-01 11:25:00,1430.4768000000001,9.824063989999999,3.295935552,4.779803342819213,0.56368991,0.5087256,0.25,0.65,0.1,0.5,1.39,1.88,2.37,2.69
2023-10-01 11:30:00,1430.47613,9.845486549999999,3.1176263040000003,5.074119658470154,0.644217154,0.5537733,0.15,0.38,0.04,1.03,1.42,1.95,2.6,2.97
2023-10-01 11:35:00,1443.68719,10.61895633,3.5980364160000002,5.112345578670501,0.617374828,0.5988208500000001,0.25,0.65,0.1,1.03,1.42,1.95,2.6,2.97
2023-10-01 11:40:00,1443.6851800000002,9.88832976,3.035467968,5.242701599597931,0.7515869900000001,0.25,0.25,0.65,0.1,1.03,1.42,1.95,2.6,2.97
2023-10-01 11:45:00,1437.07764,10.097766989999998,3.159071136,5.262970540523529,0.805271908,0.5539386000000001,0.25,0.65,0.1,1.06,1.44,1.91,2.28,2.54
2023-10-01 11:50:00,1437.0769699999998,10.913037119999998,4.284507552,4.355818173885345,0.536848116,0.59898585,0.25,0.65,0.1,1.06,1.44,1.91,2.28,2.54
2023-10-01 11:55:00,1430.4687600000002,9.973490929999999,3.4886255040000003,4.634328722953796,0.61737536,0.6290355,0.25,0.65,0.1,1.06,1.44,1.91,2.28,2.54
2023-10-01 12:00:00,1423.8612200000002,11.415493179999999,4.078847136,5.173026716709137,0.8589573580000001,0.71907405,0.16,0.37,0.04,0.5,1.37,1.89,2.62,3.18
2023-10-01 12:05:00,1410.64815,11.01910515,4.10639424,4.734479422569275,0.724745462,0.9440874000000001,0.25,0.65,0.1,0.5,1.37,1.89,2.62,3.18
2023-10-01 12:10:00,1404.03994,11.20766799,3.996700032,5.090923616886139,0.536848648,0.974136,0.25,0.65,0.1,0.5,1.37,1.89,2.62,3.18
2023-10-01 12:15:00,1404.0392700000002,13.276446289999999,4.628111904,6.193358190059661,0.7515880540000001,0.9142015499999999,0.25,0.65,0.1,0.5,1.23,1.72,2.49,3.65
2023-10-01 12:20:00,1397.43173,12.75471642,4.6282154879999995,5.671470074653625,0.5905335660000001,0.94425015,0.25,0.65,0.1,0.5,1.23,1.72,2.49,3.65
2023-10-01 12:25:00,1390.8235200000001,11.31374748,3.914646528,5.3225819921493525,0.8052732380000001,0.86931885,0.25,0.65,0.1,0.5,1.23,1.72,2.49,3.65
2023-10-01 12:30:00,1390.82285,11.042695559999999,3.8735711040000003,5.114393875598907,0.858958422,0.7943879999999999,0.15,0.46,0.04,0.5,0.5,0.75,1.0,1.25
2023-10-01 12:35:00,1384.2146400000001,10.4582623,3.695248128,4.802874689102173,0.7247462600000001,0.7644483,0.25,0.65,0.1,0.5,0.5,0.75,1.0,1.25
2023-10-01 12:40:00,1384.2133000000003,10.124528,3.6678944639999997,4.511003305912018,0.6710616080000001,0.74950605,0.25,0.65,0.1,0.5,0.5,0.75,1.0,1.25
2023-10-01 12:45:00,1384.2126300000002,9.97881792,3.8052381119999996,4.155096459388733,0.590534364,0.6145881,0.25,0.65,0.1,0.5,0.5,0.75,1.0,1.25
2023-10-01 12:50:00,1384.21062,11.065745439999999,3.887684736,5.115842893123626,0.724746792,0.25,0.25,0.65,0.1,0.5,0.5,0.75,1.0,1.25
2023-10-01 12:55:00,1384.2092799999998,10.73200923,3.819157056,4.886985557079315,0.805274302,0.25,0.25,0.65,0.1,0.5,0.5,0.75,1.0,1.25
2023-10-01 13:00:00,1384.2086100000001,12.42483841,4.49178288,5.550394687652588,0.8052745680000001,0.25,0.13,0.37,0.04,0.5,0.5,0.75,2.62,3.74
2023-10-01 13:05:00,1384.2066000000002,12.717885889999998,4.491885216,5.843285665512084,0.805274834,0.25,0.25,0.65,0.1,0.5,0.5,0.75,2.62,3.74
2023-10-01 13:10:00,1377.59906,11.67379585,4.203754464,5.240165591239929,0.671062406,0.25,0.25,0.65,0.1,0.5,0.5,0.75,2.62,3.74
2023-10-01 13:15:00,1377.59839,12.13398361,4.396010112,5.406115438938141,0.590535162,0.25,0.25,0.65,0.1,0.5,0.5,0.75,2.28,3.22
2023-10-01 13:20:00,1377.5963800000002,11.00630433,3.929444064,4.992491974830627,0.7247475900000001,0.5999763,0.25,0.65,0.1,0.5,0.5,0.75,2.28,3.22
2023-10-01 13:25:00,1390.80744,10.48451525,3.8060106240000002,4.659610936641693,0.7784330400000001,0.25,0.25,0.65,0.1,0.5,0.5,0.75,2.28,3.22
2023-10-01 13:30:00,1377.5943700000003,14.20406071,5.000244287999999,6.5514426612854,0.805275632,0.60008625,0.11,0.41,0.03,0.5,0.5,0.75,1.0,1.25
2023-10-01 13:35:00,1377.59236,15.01946645,5.192511168,7.072594428062438,1.020015836,0.25,0.25,0.65,0.1,0.5,0.5,0.75,1.0,1.25
2023-10-01 13:40:00,1377.59169,14.03803014,4.808291904,6.6791857147216795,0.805275898,0.25,0.25,0.65,0.1,0.5,0.5,0.75,1.0,1.25
2023-10-01 13:45:00,1377.5903500000002,12.743180019999999,4.2044508480000005,6.308483588695526,0.805276164,0.25,0.25,0.65,0.1,0.5,0.5,0.75,1.0,1.25
2023-10-01 13:50:00,1377.5883400000002,11.364736839999999,3.8339446080000004,5.497080678939819,0.67106347,0.25,0.25,0.65,0.1,0.5,0.5,0.75,1.0,1.25
2023-10-01 13:55:00,1377.587,10.94739993,3.8203152,5.100603618621826,0.6979063280000001,0.25,0.25,0.65,0.1,0.5,0.5,0.75,1.0,1.25
2023-10-01 14:00:00,1377.58566,11.24045505,3.7517812800000003,5.498546545505524,0.8052766960000001,0.25,0.13,0.42,0.1,0.5,0.5,0.75,1.0,1.25
2023-10-01 14:05:00,1377.5843200000002,11.03205304,3.765601632,5.268993389606476,0.64422141,0.25,0.25,0.65,0.1,0.5,0.5,0.75,1.0,1.25
2023-10-01 14:10:00,1384.18918,11.805683259999999,4.1912208,5.391234548091888,0.6979065940000001,0.25,0.25,0.65,0.1,0.5,0.5,0.75,1.0,1.25
2023-10-01 14:15:00,1390.79404,13.10169084,4.218774144,6.645072782039642,0.805276962,0.25,0.25,0.65,0.1,0.5,0.5,0.75,1.0,2.63
2023-10-01 14:20:00,1384.1865,12.7052436,3.8482516799999997,6.8156916356086725,0.778434636,0.25,0.25,0.65,0.1,0.5,0.5,0.75,1.0,2.63
2023-10-01 14:25:00,1384.1851600000002,13.79232201,4.122885312,7.482456912994384,0.75159231,0.25,0.25,0.65,0.1,0.5,0.5,0.75,1.0,2.63
2023-10-01 14:30:00,1384.18315,13.374983189999998,4.1092584,7.085973477363586,0.8052777600000001,0.25,0.11,0.37,0.1,0.5,0.5,0.75,1.0,1.25
2023-10-01 14:35:00,1390.78868,16.65606141,5.289882624,8.560168023109435,0.724749984,0.25,0.25,0.65,0.1,0.5,0.5,0.75,1.0,1.25
2023-10-01 14:40:00,1384.1811400000001,21.2744777,6.415614816000001,11.455707592964172,0.778435434,0.54087195,0.25,0.65,0.1,0.5,0.5,0.75,1.0,1.25
2023-10-01 14:45:00,1390.7853300000002,14.42141298,4.452734208,7.606731796264648,0.778435434,0.25,0.25,0.65,0.1,0.5,0.5,0.75,1.0,1.25
2023-10-01 14:50:00,1384.1784600000003,10.89064046,3.917469504,4.8951546096801755,0.697907924,0.55597845,0.25,0.65,0.1,0.5,0.5,0.75,1.0,1.25
2023-10-01 14:55:00,1384.17712,13.12700789,4.87848816,5.660731770992279,0.778435966,0.6460099499999999,0.25,0.65,0.1,0.5,0.5,0.75,1.0,1.25
2023-10-01 15:00:00,1384.17511,14.00518196,4.878592992,6.53874531507492,0.7515933740000001,0.5410926,0.11,0.35,0.04,0.5,0.5,0.75,1.0,1.25
2023-10-01 15:05:00,1384.17377,13.2952808,4.52177856,6.37493028640747,0.8589640080000001,0.6161277000000001,0.25,0.65,0.1,0.5,0.5,0.75,1.0,1.25
2023-10-01 15:10:00,1384.1731,11.91669819,3.95904288,5.85758594751358,0.751593906,0.55619895,0.25,0.65,0.1,0.5,0.5,0.75,1.0,1.25
2023-10-01 15:15:00,1397.38416,10.97691898,3.3825692160000003,5.800070152282714,0.563695496,0.5262621000000001,0.25,0.65,0.1,0.5,0.5,0.75,2.51,3.73
2023-10-01 15:20:00,2811.07679,14.843267039999999,4.5358110719999996,7.901440649032592,0.8052793560000001,0.6612804,0.25,0.65,0.1,0.5,0.5,0.75,2.51,3.73
2023-10-01 15:25:00,1443.62354,18.70966285,5.8400783999999994,9.771722450256346,0.8052796220000001,0.9912441000000001,0.25,0.65,0.1,0.5,0.5,0.75,2.51,3.73
2023-10-01 15:30:00,1456.83326,22.910449999999997,6.938443200000001,12.291518387794493,0.8052796220000001,0.72137355,0.1,0.34,0.1,0.5,0.5,0.75,1.0,1.25
2023-10-01 15:35:00,1443.6201899999999,21.155752099999997,7.0072042560000005,10.431585540771485,0.88580793,0.6014619,0.25,0.65,0.1,0.5,0.5,0.75,1.0,1.25
2023-10-01 15:40:00,1423.8009200000001,16.1202281,5.291279136,8.0221963596344,0.805280154,0.6315084,0.25,0.65,0.1,0.5,0.5,0.75,1.0,1.25
2023-10-01 15:45:00,1423.7989100000002,13.23702389,4.46767776,6.399472053050995,0.805280154,0.5265933,0.25,0.65,0.1,0.5,0.5,0.75,1.0,2.81
2023-10-01 15:50:00,1417.1920400000001,12.44348765,4.179479616,6.047008330821991,0.8589656040000001,0.25,0.25,0.65,0.1,0.5,0.5,0.75,1.0,2.81
2023-10-01 15:55:00,1403.9789700000001,13.44710288,4.13839296,7.113504810333252,0.8589658700000001,0.25,0.25,0.65,0.1,0.5,0.5,0.75,1.0,2.81
2023-10-01 16:00:00,1417.18936,12.005740479999998,3.82273008,6.155247936248779,0.8321235440000001,0.5867415,0.12,0.41,0.04,0.5,1.06,1.56,2.67,3.58
2023-10-01 16:05:00,1403.9756200000002,10.56436089,3.5757071999999996,5.091924085617065,0.805280952,0.58679655,0.25,0.65,0.1,0.5,1.06,1.56,2.67,3.58
2023-10-01 16:10:00,1403.97495,11.81875339,4.138689984,5.48470073223114,0.9394947100000001,0.6168426,0.25,0.65,0.1,0.5,1.06,1.56,2.67,3.58
2023-10-01 16:15:00,1403.97294,13.0940623,4.440828288,6.297601840496063,0.697910318,0.601902,0.25,0.65,0.1,0.5,1.24,1.81,2.74,3.44
2023-10-01 16:20:00,1403.9716,13.324490429999999,4.234991904,6.843052201271057,0.805281484,0.25,0.25,0.65,0.1,0.5,1.24,1.81,2.74,3.44
2023-10-01 16:25:00,1397.36473,14.307250369999998,4.468490208,7.468454904556274,0.805281484,0.25,0.25,0.65,0.1,0.5,1.24,1.81,2.74,3.44
2023-10-01 16:30:00,1397.36272,15.624394009999998,4.88047248,8.155081558227538,0.59053995,0.25,0.13,0.35,0.1,0.5,1.31,1.78,3.03,3.9
2023-10-01 16:35:00,1397.3620500000002,14.47555957,4.3039389120000004,7.8886016798019405,0.671068258,0.25,0.25,0.65,0.1,0.5,1.31,1.78,3.03,3.9
2023-10-01 16:40:00,1390.75384,12.78334923,4.084365792,6.532436943054199,0.536854766,0.25,0.25,0.65,0.1,0.5,1.31,1.78,3.03,3.9
2023-10-01 16:45:00,1410.5711000000001,12.386827499999999,3.6451147199999996,6.808166489601135,0.778439424,0.25,0.25,0.65,0.1,0.5,1.42,2.12,3.45,4.52
2023-10-01 16:50:00,1443.59942,24.989274899999998,7.558196256,13.421843132972716,0.644225932,0.6172824,0.25,0.65,0.1,0.5,1.42,2.12,3.45,4.52
2023-10-01 16:55:00,1767.2925000000002,35.0422352,8.588060832,21.898647565841674,0.8052825480000001,0.8572611,0.25,0.65,0.1,0.5,1.42,2.12,3.45,4.52
2023-10-01 17:00:00,3517.8819,22.399066599999998,4.798718496,15.054873132705687,0.644226198,1.29217635,0.14,0.39,0.03,0.5,1.55,2.3,3.23,3.8
2023-10-01 17:05:00,1588.9277800000002,16.33894793,3.206133216,11.432126221656798,0.80528308,1.637118,0.25,0.65,0.1,0.5,1.55,2.3,3.23,3.8
2023-10-01 17:10:00,1456.80579,16.98739866,3.59067072,11.492060537338256,0.724754772,0.9324000000000001,0.25,0.65,0.1,0.5,1.55,2.3,3.23,3.8
2023-10-01 17:15:00,1489.8347800000001,12.7663063,3.535844832,7.354876885414123,0.8052833460000001,0.6325524,0.25,0.65,0.1,1.01,1.59,2.25,2.99,3.54
2023-10-01 17:20:00,1470.01551,13.6655343,4.098883776,7.392402431964874,0.858969062,0.64760235,0.25,0.65,0.1,1.01,1.59,2.25,2.99,3.54
2023-10-01 17:25:00,1450.19557,15.77695335,4.716854688,8.558049597740172,0.966340494,0.64765725,0.25,0.65,0.1,1.01,1.59,2.25,2.99,3.54
2023-10-01 17:30:00,1417.1645700000001,16.300016399999997,4.99156944,8.660676651000976,0.858969328,0.5427472499999999,0.17,0.38,0.06,1.11,1.71,2.28,3.77,5.2
2023-10-01 17:35:00,1443.5873600000002,13.91800383,3.659798688,8.316868782043457,0.8052838780000001,0.6027822,0.25,0.65,0.1,1.11,1.71,2.28,3.77,5.2
2023-10-01 17:40:00,1417.1612200000002,14.650062899999998,3.852125472,8.7545822763443,0.9931838840000001,0.51286785,0.25,0.65,0.1,1.11,1.71,2.28,3.77,5.2
2023-10-01 17:45:00,1430.37228,15.73743354,4.360264896,9.064272203445434,0.939498434,0.25,0.25,0.65,0.1,1.16,1.68,2.19,2.78,3.14
2023-10-01 17:50:00,1430.3709400000002,15.11099365,4.099476576,8.836955871582031,0.8052844100000001,0.25,0.25,0.65,0.1,1.16,1.68,2.19,2.78,3.14
2023-10-01 17:55:00,1403.9454700000003,14.630850209999998,3.770029536,8.861012659072875,0.7247563680000001,0.25,0.25,0.65,0.1,1.16,1.68,2.19,2.78,3.14
2023-10-01 18:00:00,1403.9441299999999,13.335577979999998,2.987447424,8.763443050384522,0.778442084,0.25,0.25,0.65,0.1,1.37,1.9,2.42,3.35,4.85
2023-10-01 18:05:00,1403.9434600000002,12.47920465,2.891418816,8.05403649330139,0.536856628,0.25,0.25,0.65,0.1,1.37,1.9,2.42,3.35,4.85
2023-10-01 18:10:00,1397.33525,12.208043859999998,3.1249420800000003,7.425480287075042,0.536856894,0.25,0.25,0.65,0.1,1.37,1.9,2.42,3.35,4.85
2023-10-01 18:15:00,1397.3339100000003,12.8356202,3.138766176,8.031899585723876,0.536856894,0.25,0.25,0.65,0.1,1.52,2.14,2.72,3.94,5.83
2023-10-01 18:20:00,1403.9394400000003,12.83617028,2.905420128,8.389573760032654,0.644228326,0.25,0.25,0.65,0.1,1.52,2.14,2.72,3.94,5.83
2023-10-01 18:25:00,1410.5436300000001,13.67277129,2.9055087360000003,9.226039390563965,0.697914308,0.25,0.25,0.65,0.1,1.52,2.14,2.72,3.94,5.83
2023-10-01 18:30:00,1410.54229,14.885607919999998,3.4686025920000003,9.577089614868164,0.5368574260000001,0.6483711,0.25,0.41,0.1,1.67,2.25,2.68,3.65,4.29
2023-10-01 18:35:00,1417.1471500000002,13.54847422,3.221522304,8.618099579811096,0.5368574260000001,0.648426,0.25,0.65,0.1,1.67,2.25,2.68,3.65,4.29
2023-10-01 18:40:00,1423.75134,11.01993409,2.54874672,7.119207983016968,0.617386,0.5885028,0.25,0.65,0.1,1.67,2.25,2.68,3.65,4.29
2023-10-01 18:45:00,1456.77966,9.70366141,1.8896928960000001,6.811583657264709,0.805286272,0.6485358,0.25,0.65,0.1,1.97,2.62,3.19,3.61,3.89
2023-10-01 18:50:00,1787.07626,13.71735642,3.194335872,8.828588728904723,0.805286538,0.8285239500000001,0.25,0.65,0.1,1.97,2.62,3.19,3.61,3.89
2023-10-01 18:55:00,2077.73633,21.91152,5.158147488,14.017239971160889,0.805286804,1.41336015,0.25,0.65,0.1,1.97,2.62,3.19,3.61,3.89
2023-10-01 19:00:00,2223.06603,24.3785715,4.7050835520000005,17.1776828956604,0.805286804,1.32344715,0.24,0.35,0.03,2.15,2.93,3.45,5.46,7.35
2023-10-01 19:05:00,2467.48337,22.226249799999998,3.8675045760000004,16.30723229408264,0.7784442120000001,1.20354585,0.25,0.65,0.1,2.15,2.93,3.45,5.46,7.35
2023-10-01 19:10:00,2216.4564800000003,13.99131536,3.098574336,9.249106183052062,0.805287336,1.803372,0.25,0.65,0.1,2.15,2.93,3.45,5.46,7.35
2023-10-01 19:15:00,2295.7261900000003,10.835588529999999,3.414519264,5.6098417472839355,0.6173870640000001,2.5381424999999997,0.25,0.65,0.1,2.2,3.03,3.67,5.54,7.33
2023-10-01 19:20:00,2883.65253,8.515925999999999,2.164926816,5.202616820335388,0.6173870640000001,2.6131634999999998,0.25,0.65,0.1,2.2,3.03,3.67,5.54,7.33
2023-10-01 19:25:00,3412.12575,8.307418939999998,2.28860736,4.80482280254364,0.8052878680000001,3.227976,0.25,0.65,0.1,2.2,3.03,3.67,5.54,7.33
2023-10-01 19:30:00,2308.93323,14.47432189,4.3074470400000004,7.881995034217834,0.8052878680000001,2.4033465,0.3,0.42,0.12,2.34,3.21,3.94,5.86,7.35
2023-10-01 19:35:00,1621.91389,19.7633621,4.856870304,12.330171909332275,0.832130992,1.2638440499999999,0.25,0.65,0.1,2.34,3.21,3.94,5.86,7.35
2023-10-01 19:40:00,1621.91255,22.544112,5.4063048,14.270039339065551,0.6979164360000001,0.7990805999999999,0.25,0.65,0.1,2.34,3.21,3.94,5.86,7.35
2023-10-01 19:45:00,1562.4580900000003,22.272968399999996,6.244145855999999,12.71662242412567,0.939503222,0.67918275,0.25,0.65,0.1,2.33,3.08,3.87,4.64,5.17
2023-10-01 19:50:00,1628.5154,17.77932095,4.884650784,10.303612976074218,0.805288666,0.6642437999999999,0.25,0.65,0.1,2.33,3.08,3.87,4.64,5.17
2023-10-01 19:55:00,1958.81066,20.664614699999998,5.1044922239999995,12.852451195716858,0.9126606300000001,0.9191962499999999,0.25,0.65,0.1,2.33,3.08,3.87,4.64,5.17
2023-10-01 20:00:00,2104.1396900000004,36.823825899999996,8.13973056,24.366383609771727,0.885817772,1.3840632,0.34,0.68,0.13,2.23,3.1,3.81,6.15,7.92
2023-10-01 20:05:00,1582.2699900000002,34.0025076,6.642883103999999,23.835917510986327,0.644231252,1.29415275,0.25,0.65,0.1,2.23,3.1,3.81,6.15,7.92
2023-10-01 20:10:00,1754.02248,31.411095999999997,6.5880634559999995,21.32840497970581,0.5368595540000001,0.96434085,0.25,0.65,0.1,2.23,3.1,3.81,6.15,7.92
2023-10-01 20:15:00,1965.4108300000003,33.0841032,7.865436384,21.04645586013794,0.778446606,1.11433335,0.25,0.65,0.1,2.19,3.0,3.73,4.88,5.66
2023-10-01 20:20:00,1952.1964200000002,43.5160457,10.365156672000001,27.652704353332517,0.9126616940000001,1.17436245,0.25,0.65,0.1,2.19,3.0,3.73,4.88,5.66
2023-10-01 20:25:00,1905.9536900000003,34.214288399999994,8.387587104,21.377516746520996,1.073719906,1.12943505,0.25,0.65,0.1,2.19,3.0,3.73,4.88,5.66
2023-10-01 20:30:00,2943.0801899999997,46.339656,9.500191584,31.800100345611572,1.2347781180000001,1.3094136,0.32,0.4,0.06,2.41,3.26,4.06,4.96,5.54
2023-10-01 20:35:00,2322.1228499999997,27.9024451,5.036669664,20.194080181121826,1.4226791880000003,1.2494922000000002,0.25,0.65,0.1,2.41,3.26,4.06,4.96,5.54
2023-10-01 20:40:00,1654.9247900000003,27.4432047,6.588764832,17.35943759918213,1.4763657020000003,1.1595837,0.25,0.65,0.1,2.41,3.26,4.06,4.96,5.54
2023-10-01 20:45:00,1754.0124300000002,41.13660589999999,9.692889024,26.30213805198669,1.6911101620000002,1.02469455,0.25,0.65,0.1,2.97,3.93,4.78,6.9,9.34
2023-10-01 20:50:00,1595.46899,46.4263318,11.135166432,29.384530754089354,1.8521686400000001,1.03974225,0.25,0.65,0.1,2.97,3.93,4.78,6.9,9.34
2023-10-01 20:55:00,1615.28491,29.5147525,6.973690464000001,18.841876335144043,1.6374247120000003,0.7249310999999999,0.25,0.65,0.1,2.97,3.93,4.78,6.9,9.34
2023-10-01 21:00:00,1615.2835700000003,18.93728328,5.517917184,10.492394185066223,1.61058212,0.70999245,0.37,0.53,0.08,3.33,4.27,4.97,6.08,6.89
2023-10-01 21:05:00,1562.43531,21.237481,5.998749119999999,12.056701955795287,1.610582652,0.7700211,0.25,0.65,0.1,3.33,4.27,4.97,6.08,6.89
2023-10-01 21:10:00,1522.7981100000002,28.8686377,6.72681984,18.5735849571228,1.5568969360000002,0.72509535,0.25,0.65,0.1,3.33,4.27,4.97,6.08,6.89
2023-10-01 21:15:00,1536.0085000000001,26.8414592,6.960434208,16.188871879577636,1.610583184,0.7251501,0.25,0.65,0.1,3.26,4.39,5.43,6.53,7.28
2023-10-01 21:20:00,1562.4306200000003,29.4344179,7.661052672,17.709569778442383,1.449525238,0.72520485,0.25,0.65,0.1,3.26,4.39,5.43,6.53,7.28
2023-10-01 21:25:00,1496.37063,19.4419855,4.66687104,12.299579515457152,1.234781044,0.51535245,0.25,0.65,0.1,3.26,4.39,5.43,6.53,7.28
2023-10-01 21:30:00,1469.9458300000001,14.69686936,3.746699424,8.962738060951233,1.207938186,0.50041425,0.36,0.48,0.04,3.85,5.28,6.47,8.91,11.78
2023-10-01 21:35:00,1469.9438200000002,13.06673784,3.540761952,7.647783346176147,1.073723098,0.25,0.25,0.65,0.1,3.85,5.28,6.47,8.91,11.78
2023-10-01 21:40:00,1450.12522,12.46100426,3.142522656,7.651533851623535,1.288467824,0.25,0.25,0.65,0.1,3.85,5.28,6.47,8.91,11.78
2023-10-01 21:45:00,1436.91148,11.35350222,3.101406048,6.606959340572357,1.1005664880000001,0.50058,0.25,0.65,0.1,4.48,5.86,6.9,7.78,9.36
2023-10-01 21:50:00,1456.72874,11.24950845,3.142704864,6.439759476184845,0.993194524,0.50063535,0.25,0.65,0.1,4.48,5.86,6.9,7.78,9.36
2023-10-01 21:55:00,1443.515,52.9383431,12.181059072,34.29585680007934,1.1274101440000002,0.8755194,0.25,0.65,0.1,4.48,5.86,6.9,7.78,9.36
2023-10-01 22:00:00,1483.1488500000003,40.2277133,7.318651392,29.026893920898438,1.154253534,0.81560115,0.36,0.49,0.1,5.13,6.76,8.05,9.71,11.86
2023-10-01 22:05:00,1423.6950600000002,27.558702399999998,5.1347237759999995,19.700272130966187,1.315312278,0.5757665999999999,0.25,0.65,0.1,5.13,6.76,8.05,9.71,11.86
2023-10-01 22:10:00,1423.69372,12.924257569999998,2.6623034879999996,8.849738373756407,1.31531281,0.25,0.25,0.65,0.1,5.13,6.76,8.05,9.71,11.86
2023-10-01 22:15:00,1417.0861800000002,11.691272349999998,2.758546752,7.469458105564117,1.046881836,0.25,0.25,0.65,0.1,5.29,6.76,7.64,9.28,10.92
2023-10-01 22:20:00,1430.2965700000004,10.50008557,2.3053305600000003,6.971895451545715,1.073725226,0.25,0.25,0.65,0.1,5.29,6.76,7.64,9.28,10.92
2023-10-01 22:25:00,1430.29523,10.10337857,2.16805056,6.785288679599762,1.046882102,0.25,0.25,0.65,0.1,5.29,6.76,7.64,9.28,10.92
2023-10-01 22:30:00,1423.68769,10.7938684,2.209345632,7.4125780200958244,1.1542551300000001,0.5010771,0.38,0.39,0.04,5.36,6.87,8.15,8.74,9.17
2023-10-01 22:35:00,1423.6863500000002,12.15342359,2.33306112,8.582793097496033,1.342157264,0.5011323,0.25,0.65,0.1,5.36,6.87,8.15,8.74,9.17
2023-10-01 22:40:00,1436.8974100000003,10.31406112,2.003461824,7.247865438461304,1.181098786,0.25,0.25,0.65,0.1,5.36,6.87,8.15,8.74,9.17
2023-10-01 22:45:00,1436.8954000000003,8.72557142,1.962335232,5.722318658828735,1.07372629,0.501243,0.25,0.65,0.1,5.52,7.23,8.38,9.2,9.72
2023-10-01 22:50:00,1450.1057900000003,8.78882107,2.223420576,5.385989942550659,1.020040042,0.51629085,0.25,0.65,0.1,5.52,7.23,8.38,9.2,9.72
2023-10-01 22:55:00,1443.49825,9.62568757,2.4020892480000002,5.949413220882415,0.939510936,0.6512808,0.25,0.65,0.1,5.52,7.23,8.38,9.2,9.72
2023-10-01 23:00:00,1436.89138,8.66442086,2.292277728,5.156207275390625,0.912667812,0.6063575999999999,0.38,0.37,0.1,5.66,7.43,8.64,10.51,12.08
2023-10-01 23:05:00,1430.2845100000002,8.16313563,2.045090112,5.033229768276215,1.046883964,0.25,0.25,0.65,0.1,5.66,7.43,8.64,10.51,12.08
2023-10-01 23:10:00,1423.6763,7.996386899999999,1.85284944,5.1606964063644405,0.805295582,0.50151915,0.25,0.65,0.1,5.66,7.43,8.64,10.51,12.08
2023-10-01 23:15:00,1417.06943,6.366003259999999,1.56444288,3.9717042112350462,0.91266861,0.25,0.25,0.65,0.1,5.62,7.32,8.44,10.13,11.57
2023-10-01 23:20:00,1423.6742900000002,5.969238959999999,1.660686144,3.4276441240310667,0.8321389720000001,0.25,0.25,0.65,0.1,5.62,7.32,8.44,10.13,11.57
2023-10-01 23:25:00,1417.0667500000002,7.5170342,2.017948608,4.428667507171631,0.805296114,0.5016849,0.25,0.65,0.1,5.62,7.32,8.44,10.13,11.57
2023-10-01 23:30:00,1436.88334,7.1411805799999994,1.9081296,4.220886044502258,0.671080228,0.5017401,0.38,0.33,0.1,5.81,7.69,9.13,10.87,12.73
2023-10-01 23:35:00,1430.2758,8.647183109999999,2.08680576,5.453433465957642,0.858982894,0.5017952999999999,0.25,0.65,0.1,5.81,7.69,9.13,10.87,12.73
2023-10-01 23:40:00,1456.69792,7.66495224,1.825866432,4.870556831359863,0.8321397700000001,0.59180505,0.25,0.65,0.1,5.81,7.69,9.13,10.87,12.73
2023-10-01 23:45:00,1443.48485,11.951985439999998,2.897526528,7.517469675540924,0.8858265500000001,0.65182965,0.25,0.65,0.1,5.84,7.67,8.97,10.94,13.02
2023-10-01 23:50:00,1430.27178,9.338786469999999,2.128273056,6.081573910713195,0.805296912,0.65188455,0.25,0.65,0.1,5.84,7.67,8.97,10.94,13.02
2023-10-01 23:55:00,1430.2704400000002,7.43649714,2.23826304,4.010950636863709,0.6442376360000001,0.59197035,0.25,0.65,0.1,5.84,7.67,8.97,10.94,13.02
2023-10-02 00:15:00,1417.0533500000001,8.421363809999999,2.059999968,5.268639559745789,0.8589842240000001,0.5322216,0.25,0.65,0.1,5.9,7.79,9.12,10.42,11.65
2023-10-02 00:20:00,1417.05201,8.02458232,1.812783648,5.250210351943969,0.6710815580000001,0.5022924,0.25,0.65,0.1,5.9,7.79,9.12,10.42,11.65
2023-10-02 00:25:00,1417.0500000000002,8.924272539999999,2.23877472,5.49794225692749,0.778454852,0.50234775,0.25,0.65,0.1,5.9,7.79,9.12,10.42,11.65
2023-10-02 00:30:00,1423.65486,8.94571038,2.499901248,5.119740030765533,0.6442387,0.60734745,0.42,0.37,0.1,5.78,7.6,9.07,10.52,11.54
2023-10-02 00:35:00,1423.65352,8.611657110000001,2.335117824,5.037878737449645,0.778455118,0.6074025,0.25,0.65,0.1,5.78,7.6,9.07,10.52,11.54
2023-10-02 00:40:00,1430.2577100000003,6.85563176,1.85432832,4.017677502632141,0.778455384,0.57747345,0.25,0.65,0.1,5.78,7.6,9.07,10.52,11.54
2023-10-02 00:45:00,1430.2563699999998,7.065261899999999,1.78571328,4.3323192262649535,0.6442389660000001,0.5925204000000001,0.25,0.65,0.1,5.86,7.76,9.09,10.39,11.51
2023-10-02 00:50:00,1423.6501700000001,12.77463199,2.8437377280000002,8.422437586784362,0.5637093280000001,0.78747075,0.25,0.65,0.1,5.86,7.76,9.09,10.39,11.51
2023-10-02 00:55:00,1423.6481600000002,9.28292852,2.335462272,5.708622665405273,0.697926012,0.50267895,0.25,0.65,0.1,5.86,7.76,9.09,10.39,11.51
2023-10-02 01:00:00,1417.04062,8.17513234,2.074491744,5.0002288722991945,0.536866204,0.25,0.42,0.4,0.1,5.74,7.65,8.91,11.05,12.58
2023-10-02 01:05:00,1417.0392800000002,8.280212899999999,2.047095648,5.147237665653228,0.617396374,0.5027895,0.25,0.65,0.1,5.74,7.65,8.91,11.05,12.58
2023-10-02 01:10:00,1417.03794,10.351031079999998,2.473116672,6.566052601337432,0.8052995720000001,0.63777105,0.25,0.65,0.1,5.74,7.65,8.91,11.05,12.58
2023-10-02 01:15:00,1436.8545300000003,12.86103657,3.132724608,8.06656307220459,0.805299838,0.25,0.25,0.65,0.1,5.66,7.54,8.98,10.6,11.72
2023-10-02 01:20:00,1423.6407900000002,17.56687547,4.30072656,10.984834275245666,0.8053001040000001,0.5029551,0.25,0.65,0.1,5.66,7.54,8.98,10.6,11.72
2023-10-02 01:25:00,1436.8511799999999,17.35833212,4.273346688,10.818193616867065,0.536866736,0.50301045,0.25,0.65,0.1,5.66,7.54,8.98,10.6,11.72
2023-10-02 01:30:00,1423.63878,19.9102602,4.699396416,12.718075084686278,0.671083686,0.6080072999999999,0.25,0.65,0.1,5.84,7.76,8.99,11.54,14.28
2023-10-02 01:35:00,1423.63677,18.7188213,4.38346896,12.01014760017395,0.7247704660000001,0.50312085,0.25,0.65,0.1,5.84,7.76,8.99,11.54,14.28
2023-10-02 01:40:00,1423.63543,11.56719684,2.528600256,7.697304043769836,0.7516141220000001,0.25,0.25,0.65,0.1,5.84,7.76,8.99,11.54,14.28
2023-10-02 01:45:00,1430.2402900000002,8.932695639999999,2.088987264,5.735607998371124,0.671083952,0.25,0.25,0.65,0.1,5.54,7.48,8.97,10.78,13.17
2023-10-02 01:50:00,1430.2382800000003,9.351486060000001,2.363885472,5.733680832386017,0.5368672680000001,0.6082272,0.25,0.65,0.1,5.54,7.48,8.97,10.78,13.17
2023-10-02 01:55:00,1436.8431400000002,9.331100629999998,2.157859392,6.028607811927795,0.6979276080000001,0.25,0.25,0.65,0.1,5.54,7.48,8.97,10.78,13.17
2023-10-02 02:00:00,1436.8418000000001,8.70422908,1.841903232,5.885290780067444,0.563710924,0.503397,0.25,0.48,0.1,5.41,7.38,8.92,10.54,11.69
2023-10-02 02:05:00,1443.4459900000002,9.64586099,2.04809904,6.511350140571594,0.8858318700000001,0.51844365,0.25,0.65,0.1,5.41,7.38,8.92,10.54,11.69
2023-10-02 02:10:00,1436.83912,10.127410189999999,2.323005984,6.5721688032150265,0.85898848,0.5184988500000001,0.25,0.65,0.1,5.41,7.38,8.92,10.54,11.69
2023-10-02 02:15:00,1436.8377800000003,8.8103716,2.0345257919999997,5.696634345054626,0.7784585760000001,0.5035627500000001,0.25,0.65,0.1,5.44,7.51,9.38,10.82,11.86
2023-10-02 02:20:00,1436.8357700000004,18.264019740000002,4.549274496,11.301588048934937,0.778458842,0.7434792,0.25,0.65,0.1,5.44,7.51,9.38,10.82,11.86
2023-10-02 02:25:00,1483.07515,22.5729339,5.071551264,14.81118408679962,0.912675792,0.7135513499999999,0.25,0.65,0.1,5.44,7.51,9.38,10.82,11.86
2023-10-02 02:30:00,1635.00569,29.7680376,6.693158784,19.5245011138916,0.805302498,0.7585797000000001,0.51,0.44,0.1,5.38,7.53,9.13,11.64,13.51
2023-10-02 02:35:00,1463.25521,37.674329799999995,8.630846016,24.465261068344116,0.858989278,0.8036082,0.25,0.65,0.1,5.38,7.53,9.13,11.64,13.51
2023-10-02 02:40:00,1436.83041,32.634642,7.462932672,21.21300817489624,0.7784593740000001,0.66874185,0.25,0.65,0.1,5.38,7.53,9.13,11.64,13.51
2023-10-02 02:45:00,1443.4346000000003,20.3165936,4.824620736,12.932759189605711,0.7784596400000001,0.53387625,0.25,0.65,0.1,5.41,7.57,9.41,11.14,12.39
2023-10-02 02:50:00,1436.82773,8.93953917,2.282465952,5.446342296600341,0.6442424240000001,0.25,0.25,0.65,0.1,5.41,7.57,9.41,11.14,12.39
2023-10-02 02:55:00,1443.4325900000003,7.622426089999999,2.117646336,4.3814769864082335,0.751616516,0.25,0.25,0.65,0.1,5.41,7.57,9.41,11.14,12.39
2023-10-02 03:00:00,1443.43058,8.37588671,2.365089792,4.756238365173339,0.6710863460000001,0.60899715,0.51,0.44,0.1,5.31,7.28,8.8,9.61,10.15
2023-10-02 03:05:00,1456.6409700000002,9.2130187,2.516339904,5.361888983249664,0.8053035620000001,0.6240430499999999,0.25,0.65,0.1,5.31,7.28,8.8,9.61,10.15
2023-10-02 03:10:00,1450.0341,11.3259944,2.859986688,6.948931574821472,0.8053038280000001,0.60910695,0.25,0.65,0.1,5.31,7.28,8.8,9.61,10.15
2023-10-02 03:15:00,1456.63762,8.837594829999999,2.36534688,5.217553267478943,0.697930002,0.6541349999999999,0.25,0.65,0.1,5.38,7.38,9.09,10.55,12.49
2023-10-02 03:20:00,1450.0307500000001,16.28407554,3.767172864,10.518610382080078,0.805304094,0.66918075,0.25,0.65,0.1,5.38,7.38,9.09,10.55,12.49
2023-10-02 03:25:00,1450.03008,17.85332772,4.028380512,11.688097763061522,0.724773924,0.6842263500000001,0.25,0.65,0.1,5.38,7.38,9.09,10.55,12.49
2023-10-02 03:30:00,1456.6336000000001,8.943754539999999,2.4480618240000003,5.197121300697327,0.644243488,0.6393087000000001,0.52,0.4,0.1,5.49,7.51,9.04,10.73,11.9
2023-10-02 03:35:00,1456.63226,7.81481466,2.3107194239999997,4.278377249240875,0.751617846,0.53442795,0.25,0.65,0.1,5.49,7.51,9.04,10.73,11.9
2023-10-02 03:40:00,1456.6315900000002,6.79044537,1.9397451840000002,3.8217650508880614,0.832148282,0.54947385,0.25,0.65,0.1,5.49,7.51,9.04,10.73,11.9
2023-10-02 03:45:00,1456.6295800000003,5.76605889,1.527535776,3.4282436311244964,0.590556974,0.5495289,0.25,0.65,0.1,5.41,7.44,9.15,10.13,10.97
2023-10-02 03:50:00,1456.62824,11.142082409999999,2.791986912,6.869089434146881,0.724774722,0.6695097,0.25,0.65,0.1,5.41,7.44,9.15,10.13,10.97
2023-10-02 03:55:00,1463.2331000000004,40.906852,8.234408832,28.304512691497802,0.966366562,0.92440605,0.25,0.65,0.1,5.41,7.44,9.15,10.13,10.97
2023-10-02 04:00:00,1469.83662,22.0616842,3.7404569280000004,16.337107009887696,0.617400896,0.729582,0.5,0.39,0.1,5.45,7.35,8.82,9.8,10.55
2023-10-02 04:05:00,1489.65254,13.98839115,2.9296887359999997,9.504652400016784,0.7784623,0.6546837,0.25,0.65,0.1,5.45,7.35,8.82,9.8,10.55
2023-10-02 04:10:00,1456.6228800000001,16.7918223,3.85059792,10.898679208755492,0.832149346,0.72969135,0.25,0.65,0.1,5.45,7.35,8.82,9.8,10.55
2023-10-02 04:15:00,1476.43813,19.5743676,5.335011551999999,11.409405517578124,1.046897796,0.6248124,0.25,0.65,0.1,5.54,7.73,9.52,10.56,11.46
2023-10-02 04:20:00,1476.4367900000002,27.209745399999996,6.956883648,16.56259271621704,0.72477552,0.77477235,0.25,0.65,0.1,5.54,7.73,9.52,10.56,11.46
2023-10-02 04:25:00,1476.43612,15.015575779999999,4.400643936,8.28061602115631,0.7784628320000001,0.7598364000000001,0.25,0.65,0.1,5.54,7.73,9.52,10.56,11.46
2023-10-02 04:30:00,1456.61685,13.82384847,3.782266176,8.035283966064453,0.778463098,0.63996765,0.5,0.41,0.1,5.48,7.62,9.3,10.82,12.11
2023-10-02 04:35:00,1469.82724,17.52682277,4.387101888,10.81258789539337,0.6979323960000001,0.7299649500000001,0.25,0.65,0.1,5.48,7.62,9.3,10.82,12.11
2023-10-02 04:40:00,1463.2197,10.791889639999999,2.325576864,7.2327140522003175,0.8321504100000001,0.6850485000000001,0.25,0.65,0.1,5.48,7.62,9.3,10.82,12.11
2023-10-02 04:45:00,1456.61283,11.127115649999999,2.7792236160000003,6.873656435012817,0.9663684240000001,0.59516145,0.25,0.65,0.1,5.44,7.68,9.58,10.45,11.2
2023-10-02 04:50:00,1456.6121600000001,10.62562223,2.559400896,6.708590023517608,0.9663686900000001,0.56523585,0.25,0.65,0.1,5.44,7.68,9.58,10.45,11.2
2023-10-02 04:55:00,1456.6101500000002,6.83997358,1.886010048,3.9535318374633786,0.644245882,0.25,0.25,0.65,0.1,5.44,7.68,9.58,10.45,11.2
2023-10-02 05:00:00,1456.6088100000004,7.02875225,2.009792928,3.952866983413696,0.72477685,0.25,0.5,0.42,0.03,5.26,7.42,9.32,10.85,11.85
2023-10-02 05:05:00,1469.8192000000001,8.84916752,2.271025536,5.373479301929474,0.8053078180000001,0.6403521,0.25,0.65,0.1,5.26,7.42,9.32,10.85,11.85
2023-10-02 05:10:00,1456.60546,12.886974369999999,2.98584,8.317299571037292,1.0200568,0.5354758500000001,0.25,0.65,0.1,5.26,7.42,9.32,10.85,11.85
2023-10-02 05:15:00,1456.6047900000003,11.527814549999999,2.6835432000000004,7.420788967609405,0.8589953960000001,0.5055507,0.25,0.65,0.1,5.22,7.62,9.64,11.78,13.31
2023-10-02 05:20:00,1449.99792,10.44057761,2.422477824,6.7330994582176205,0.8589953960000001,0.6105366,0.25,0.65,0.1,5.22,7.62,9.64,11.78,13.31
2023-10-02 05:25:00,1449.9959099999999,9.8972189,2.2163855999999997,6.505154247283936,0.80530835,0.25,0.25,0.65,0.1,5.22,7.62,9.64,11.78,13.31
2023-10-02 05:30:00,1449.99457,9.58396935,1.969058208,6.570426976680755,0.7247779140000001,0.50571645,0.47,0.4,0.1,5.0,7.27,9.31,11.12,12.5
2023-10-02 05:35:00,1463.20496,10.56770148,2.216556576,7.175374944210052,0.7516215700000001,0.25,0.25,0.65,0.1,5.0,7.27,9.31,11.12,12.5
2023-10-02 05:40:00,1469.8084800000001,10.735594299999999,2.47780416,6.94344197511673,0.751621836,0.6107565,0.25,0.65,0.1,5.0,7.27,9.31,11.12,12.5
2023-10-02 05:45:00,1463.20228,9.731998169999999,2.175489888,6.402522184848785,0.697934524,0.6557811,0.25,0.65,0.1,4.95,7.38,9.11,12.51,17.07
2023-10-02 05:50:00,1463.2009400000002,10.21367916,2.106847392,6.9892572498321535,0.751622102,0.62585625,0.25,0.65,0.1,4.95,7.38,9.11,12.51,17.07
2023-10-02 05:55:00,1449.9878700000002,10.528009769999999,2.065693344,7.3665719413757325,0.69793479,0.50599245,0.25,0.65,0.1,4.95,7.38,9.11,12.51,17.07
2023-10-02 06:00:00,1449.9865300000001,9.41979148,1.4747066880000002,7.162828783988952,0.510029464,0.5959866,0.47,0.39,0.1,4.81,6.93,8.67,9.96,11.01
2023-10-02 06:05:00,1449.98519,8.87640221,1.6672294079999999,6.32479346036911,0.590560432,0.50610285,0.25,0.65,0.1,4.81,6.93,8.67,9.96,11.01
2023-10-02 06:10:00,1483.0114999999998,14.75549681,3.3718152,9.59510624885559,0.805309946,0.5960967,0.25,0.65,0.1,4.81,6.93,8.67,9.96,11.01
2023-10-02 06:15:00,1456.5880399999999,18.647236409999998,3.344416608,13.528778076171875,0.7516229000000001,0.65611035,0.25,0.65,0.1,4.76,7.2,9.37,11.15,12.79
2023-10-02 06:20:00,1456.5873700000002,13.166670949999999,1.818680448,10.383274331092833,0.697935588,0.581217,0.25,0.65,0.1,4.76,7.2,9.37,11.15,12.79
2023-10-02 06:25:00,1449.9798300000002,10.88688158,1.9287340800000001,7.935053119659424,0.7516231660000001,0.5213134500000001,0.25,0.65,0.1,4.76,7.2,9.37,11.15,12.79
2023-10-02 06:30:00,1449.97849,10.51085033,1.530169056,8.169005241394043,0.751623432,0.506379,0.51,0.38,0.05,4.76,7.17,9.33,10.94,12.04
2023-10-02 06:35:00,1449.9764799999998,12.226895559999999,1.9976311679999998,9.169623336791991,0.805310744,0.25,0.25,0.65,0.1,4.76,7.17,9.33,10.94,12.04
2023-10-02 06:40:00,1469.7924,13.942963709999999,2.49259296,10.128178029060363,0.8053110099999999,0.25,0.25,0.65,0.1,4.76,7.17,9.33,10.94,12.04
2023-10-02 06:45:00,1456.58,15.70089524,2.685133152,11.591435270309448,0.805311276,0.6864186,0.25,0.65,0.1,4.87,7.39,9.55,11.9,14.06
2023-10-02 06:50:00,1456.57799,15.492254480000001,2.6852217599999997,11.38266016960144,0.7516239640000001,0.6265155,0.25,0.65,0.1,4.87,7.39,9.55,11.9,14.06
2023-10-02 06:55:00,1456.5766500000002,17.52219675,3.221439936,12.59194953918457,0.778467886,0.6565494000000001,0.25,0.65,0.1,4.87,7.39,9.55,11.9,14.06
2023-10-02 07:00:00,1456.57598,18.527009550000002,3.317760576,13.449346232414245,0.778467886,0.65660415,0.52,0.52,0.06,4.8,7.25,9.37,11.0,12.27
2023-10-02 07:05:00,1463.1795000000002,16.24713996,2.231830848,12.831437253952025,0.644249606,0.53674425,0.25,0.65,0.1,4.8,7.25,9.37,11.0,12.27
2023-10-02 07:10:00,1476.3898900000002,16.72891645,2.259411648,13.27100414276123,0.25,0.5068207499999999,0.25,0.65,0.1,4.8,7.25,9.37,11.0,12.27
2023-10-02 07:15:00,1489.59961,16.290132149999998,2.506948704,12.45337574005127,0.724781106,0.65676885,0.25,0.65,0.1,4.81,7.16,9.15,11.46,13.36
2023-10-02 07:20:00,1529.2314500000002,19.05241808,2.713246848,14.899932994842528,0.8053123400000001,0.65682375,0.25,0.65,0.1,4.81,7.16,9.15,11.46,13.36
2023-10-02 07:25:00,1529.2301100000002,22.379622799999996,3.1395087360000002,17.574766521453856,0.805312606,0.6568785,0.25,0.65,0.1,4.81,7.16,9.15,11.46,13.36
2023-10-02 07:30:00,1502.8066500000002,28.3431203,5.971612608,19.2038738822937,0.805312872,0.6719226,0.55,0.62,0.11,4.88,7.43,9.65,11.71,14.29
2023-10-02 07:35:00,1482.9880500000002,21.8159436,4.569454656,14.822627773284912,0.7247816380000001,0.62701005,0.25,0.65,0.1,4.88,7.43,9.65,11.71,14.29
2023-10-02 07:40:00,1482.9867100000001,16.20930859,2.933566272,11.719636435508727,0.7784692160000001,0.50715195,0.25,0.65,0.1,4.88,7.43,9.65,11.71,14.29
2023-10-02 07:45:00,1482.9860400000002,17.75816579,3.62105328,12.216329770088196,0.8053134040000001,0.53718525,0.25,0.65,0.1,4.9,7.14,9.13,11.19,12.8
2023-10-02 07:50:00,1489.5895600000001,17.75874834,3.401179392,12.553418970108032,0.7784697480000001,0.65715285,0.25,0.65,0.1,4.9,7.14,9.13,11.19,12.8
2023-10-02 07:55:00,1482.9826900000003,21.1697906,3.854962176,15.269968900680542,0.832157326,0.65720775,0.25,0.65,0.1,4.9,7.14,9.13,11.19,12.8
2023-10-02 08:00:00,1489.58688,18.82699606,3.758822496,13.074311170578003,0.8053136700000001,0.65726265,0.6,0.76,0.15,5.06,7.24,8.94,10.34,12.49
2023-10-02 08:05:00,1489.5855400000003,15.438014299999999,3.6351831359999998,9.874553513526916,0.8590015140000001,0.5673838499999999,0.25,0.65,0.1,5.06,7.24,8.94,10.34,12.49
2023-10-02 08:10:00,1482.9786700000002,14.329647029999999,3.594031584,8.829165239334106,0.671095124,0.6573723,0.25,0.65,0.1,5.06,7.24,8.94,10.34,12.49
2023-10-02 08:15:00,1476.3718,14.53944334,3.6903672,8.891525816917419,0.671095124,0.6574272,0.25,0.65,0.1,4.98,7.38,9.42,11.18,12.42
2023-10-02 08:20:00,1469.7642600000001,15.81634901,4.212912288,9.368703408241272,0.83215839,0.56754915,0.25,0.65,0.1,4.98,7.38,9.42,11.18,12.42
2023-10-02 08:25:00,1469.76292,15.23105243,3.883042176,9.288255157470703,0.8053147340000001,0.6125706,0.25,0.65,0.1,4.98,7.38,9.42,11.18,12.42
2023-10-02 08:30:00,1463.15605,12.28134584,2.9894641920000002,7.706124744415283,0.697939578,0.65759175,0.51,0.55,0.06,4.77,7.19,9.41,10.57,11.52
2023-10-02 08:35:00,1463.15471,11.570476309999998,2.522090688,7.710545568466186,0.644252,0.55272555,0.25,0.65,0.1,4.77,7.19,9.41,10.57,11.52
2023-10-02 08:40:00,1463.1533700000002,13.41234661,2.975897184,8.85788875579834,0.536876844,0.61273545,0.25,0.65,0.1,4.77,7.19,9.41,10.57,11.52
2023-10-02 08:45:00,1463.1520300000002,19.669275499999998,4.997111808,12.0214519405365,0.671096188,0.7626769500000001,0.25,0.65,0.1,4.64,7.19,9.64,11.06,12.26
2023-10-02 08:50:00,1456.5451600000004,21.0508931,5.1347088,13.192484879493712,0.8053155320000001,0.6877884,0.25,0.65,0.1,4.64,7.19,9.64,11.06,12.26
2023-10-02 08:55:00,1456.54382,15.06706174,3.2649040319999996,10.070293831825255,0.697940376,0.6578661,0.25,0.65,0.1,4.64,7.19,9.64,11.06,12.26
2023-10-02 09:00:00,1463.1473400000002,14.544508659999998,3.416240256,9.316128025054931,0.617408876,0.657921,0.25,0.65,0.1,4.53,7.06,9.23,12.37,17.57
2023-10-02 09:05:00,1496.17432,17.9349,4.4750509439999995,11.086064224243163,0.778472142,0.68795295,0.25,0.65,0.1,4.53,7.06,9.23,12.37,17.57
2023-10-02 09:10:00,1654.70637,15.1733838,3.787670016,9.376549596786498,0.8321599860000001,0.62805375,0.25,0.65,0.1,4.53,7.06,9.23,12.37,17.57
2023-10-02 09:15:00,1449.93226,20.0495183,4.654001664,12.926808290481567,1.073755284,0.7330278,0.25,0.65,0.1,4.31,7.16,9.68,12.46,16.41
2023-10-02 09:20:00,1436.7198600000002,16.17893004,4.159108512,9.81362829208374,1.073755284,0.55322145,0.25,0.65,0.1,4.31,7.16,9.68,12.46,16.41
2023-10-02 09:25:00,1681.1244700000002,34.57294819999999,9.356694048,20.253009929656983,1.127443394,0.56826495,0.25,0.65,0.1,4.31,7.16,9.68,12.46,16.41
2023-10-02 09:30:00,1601.8561,27.6263546,6.139316352,18.230445585250855,1.8253851,1.00298205,0.25,0.44,0.05,4.21,7.22,9.86,12.47,15.71
2023-10-02 09:35:00,1667.9100600000002,20.4285578,5.176918656,12.50554856777191,1.7448536000000001,0.8831298,0.25,0.65,0.1,4.21,7.22,9.86,12.47,15.71
2023-10-02 09:40:00,1806.62552,23.254154500000002,6.11204256,13.899986128807067,3.11389442,0.8981724,0.25,0.65,0.1,4.21,7.22,9.86,12.47,15.71
2023-10-02 09:45:00,2077.45091,27.042353,7.28093808,15.899250526428222,3.06020498,0.94319145,0.25,0.65,0.1,4.12,6.98,9.49,12.1,16.14
2023-10-02 09:50:00,1535.7947700000002,37.778100099999996,9.976155072,22.51010746002197,3.8118358600000004,1.21303365,0.25,0.65,0.1,4.12,6.98,9.49,12.1,16.14
2023-10-02 09:55:00,1496.16025,43.8892597,14.142722879999999,22.244548358917235,3.14073914,0.91332345,0.25,0.65,0.1,4.12,6.98,9.49,12.1,16.14
2023-10-02 10:00:00,1456.5250600000002,16.016108269999997,3.1561033920000003,11.185854263305664,2.8991446400000003,0.7784845499999999,0.53,0.6,0.08,4.06,6.72,8.98,10.34,11.58
2023-10-02 10:05:00,1476.34098,13.254383879999999,3.2937028799999997,8.213540444374084,2.41595431,0.5836936500000001,0.25,0.65,0.1,4.06,6.72,8.98,10.34,11.58
2023-10-02 10:10:00,1469.73411,12.83640712,3.54131232,7.416610405445098,2.2548910440000003,0.6586890000000001,0.25,0.65,0.1,4.06,6.72,8.98,10.34,11.58
2023-10-02 10:15:00,1766.9816200000002,11.87432866,3.0601222079999997,7.190968959331512,2.147515888,0.6587439,0.25,0.65,0.1,4.01,6.83,9.21,11.44,14.13
2023-10-02 10:20:00,1469.7314300000003,11.72838365,3.06021456,7.044881854057312,2.14751642,0.7787028,0.25,0.65,0.1,4.01,6.83,9.21,11.44,14.13
2023-10-02 10:25:00,1456.51836,9.67808078,2.68902192,5.5626708078384395,2.013297076,0.65885355,0.25,0.65,0.1,4.01,6.83,9.21,11.44,14.13
2023-10-02 10:30:00,1449.9114900000002,12.54563445,3.335421024,7.4409440636634825,2.066985186,0.65890845,0.48,0.55,0.07,4.02,6.61,8.71,10.12,12.48
2023-10-02 10:35:00,1456.51568,13.48791194,3.445525824,8.214711680412291,1.9327661080000003,0.52407225,0.25,0.65,0.1,4.02,6.61,8.71,10.12,12.48
2023-10-02 10:40:00,1436.69775,10.035441780000001,2.6480338559999996,5.982761571407318,1.8522343420000003,0.52412745,0.25,0.65,0.1,4.02,6.61,8.71,10.12,12.48
2023-10-02 10:45:00,1456.5130000000001,10.182465939999998,2.854395648,5.813959681987762,1.6374829659999999,0.50919465,0.25,0.65,0.1,3.99,6.82,9.26,11.59,14.36
2023-10-02 10:50:00,1436.69507,12.08742545,3.267036864,7.08739289522171,1.5032633560000002,0.25,0.25,0.65,0.1,3.99,6.82,9.26,11.59,14.36
2023-10-02 10:55:00,1443.29926,11.3345703,3.1158578880000003,6.565909612178802,1.583795654,0.25,0.25,0.65,0.1,3.99,6.82,9.26,11.59,14.36
2023-10-02 11:00:00,1443.2979200000002,10.03757525,2.86841568,5.647611832618713,1.5837959200000002,0.25,0.47,0.57,0.08,4.38,6.94,9.0,10.8,12.49
2023-10-02 11:05:00,1430.0855200000003,9.640476699999999,2.6484744,5.587122409343719,1.288512246,0.25,0.25,0.65,0.1,4.38,6.94,9.0,10.8,12.49
2023-10-02 11:10:00,1443.2952400000001,10.43628202,2.7998355839999998,6.151277482509613,1.1006045260000001,0.25,0.25,0.65,0.1,4.38,6.94,9.0,10.8,12.49
2023-10-02 11:15:00,1436.68837,10.26939004,2.799924192,5.98424975156784,1.127448714,0.25,0.25,0.65,0.1,3.72,6.29,8.42,10.89,12.96
2023-10-02 11:20:00,1436.6870299999998,11.06521064,3.130068864,6.274800534248352,1.476421296,0.25,0.25,0.65,0.1,3.72,6.29,8.42,10.89,12.96
2023-10-02 11:25:00,1436.68502,12.25868369,3.432713856,7.0050912499427795,2.228054304,0.25,0.25,0.65,0.1,3.72,6.29,8.42,10.89,12.96
2023-10-02 11:30:00,1436.6843500000002,9.09898597,2.635160736,5.066007528305054,1.3690458740000002,0.25,0.44,0.51,0.04,3.54,6.05,8.21,10.74,14.04
2023-10-02 11:35:00,1430.07748,9.91574399,2.662755264,5.840533807277679,1.4495781720000003,0.50974665,0.25,0.65,0.1,3.54,6.05,8.21,10.74,14.04
2023-10-02 11:40:00,1430.07547,10.774365389999998,2.745359136,6.572733929157256,1.100605856,0.25,0.25,0.65,0.1,3.54,6.05,8.21,10.74,14.04
2023-10-02 11:45:00,1562.1840600000003,10.87954909,2.869223136,6.488349833488464,1.771707364,0.25,0.25,0.65,0.1,3.44,5.65,7.4,8.93,10.13
2023-10-02 11:50:00,1436.67899,14.75201297,3.089360352,10.023905234336853,2.84547116,0.6148239,0.25,0.65,0.1,3.44,5.65,7.4,8.93,10.13
2023-10-02 11:55:00,1436.6769800000002,14.43863545,4.16218608,8.068623208999634,1.5569557219999999,0.50996745,0.25,0.65,0.1,3.44,5.65,7.4,8.93,10.13
2023-10-02 12:00:00,2024.56446,15.25545268,4.1072728320000005,8.969482231140136,1.5837999100000002,0.6598959,0.4,0.48,0.05,3.85,6.48,8.63,10.88,12.7
2023-10-02 12:05:00,2295.38784,19.337317499999997,4.3961898239999995,12.609175634384155,1.8522409920000003,0.9596963999999999,0.25,0.65,0.1,3.85,6.48,8.63,10.88,12.7
2023-10-02 12:10:00,2579.4216100000003,24.465724799999997,5.66159568,15.80094320297241,1.610644896,0.97473765,0.25,0.65,0.1,3.85,6.48,8.63,10.88,12.7
2023-10-02 12:15:00,2539.78709,23.8803098,5.15282976,15.994168004989623,3.2212892600000003,1.18461285,0.25,0.65,0.1,3.91,6.64,8.91,12.39,17.26
2023-10-02 12:20:00,2103.82412,18.31352312,3.4337472,13.058349208831787,5.85201064,1.1546919,0.25,0.65,0.1,3.91,6.64,8.91,12.39,17.26
2023-10-02 12:25:00,1515.9346300000002,17.037364259999997,3.1587678720000003,12.203031778335571,2.68441082,1.01986155,0.25,0.65,0.1,3.91,6.64,8.91,12.39,17.26
2023-10-02 12:30:00,1515.93329,12.30767328,2.2923763200000002,8.799308738708495,2.066996092,0.7351605,0.43,0.54,0.14,3.92,6.54,8.88,11.08,12.75
2023-10-02 12:35:00,1502.7202200000002,8.45700632,1.6047682559999998,6.000990867614746,1.6911787900000002,0.64529265,0.25,0.65,0.1,3.92,6.54,8.88,11.08,12.75
2023-10-02 12:40:00,1522.5354700000003,9.65057678,2.210022048,6.268251266479492,1.47642635,0.6003864,0.25,0.65,0.1,3.92,6.54,8.88,11.08,12.75
2023-10-02 12:45:00,1489.5071500000001,13.0209666,3.159134784,8.18607286453247,1.476426616,0.73532445,0.25,0.65,0.1,3.81,6.36,8.31,11.59,16.82
2023-10-02 12:50:00,1515.92726,14.507613189999999,3.406801632,9.293677816390991,1.342206208,0.6604443,0.25,0.65,0.1,3.81,6.36,8.31,11.59,16.82
2023-10-02 12:55:00,1496.1093300000002,16.58035474,3.9570648,10.52426983833313,1.207986066,0.7204470000000001,0.25,0.65,0.1,3.81,6.36,8.31,11.59,16.82
2023-10-02 13:00:00,1456.4754799999998,14.84363949,3.1869202559999996,9.966222314834594,1.181142144,0.6605541,0.42,0.49,0.07,3.63,5.99,7.91,9.36,10.82
2023-10-02 13:05:00,1436.6575500000001,10.783523839999999,2.32048128,7.23214619398117,1.020077548,0.660609,0.25,0.65,0.1,3.63,5.99,7.91,9.36,10.82
2023-10-02 13:10:00,1463.0783299999998,8.56533006,2.0867408640000003,5.371680097579956,1.046921736,0.66066375,0.25,0.65,0.1,3.63,5.99,7.91,9.36,10.82
2023-10-02 13:15:00,1456.47146,6.7657357,2.251881216,3.319346913099289,0.8321687640000001,0.6157581000000001,0.25,0.65,0.1,2.61,4.28,5.67,6.87,7.98
2023-10-02 13:20:00,1423.44247,12.313158799999998,3.393609024,7.119414269924164,0.8053248420000001,0.61581315,0.25,0.65,0.1,2.61,4.28,5.67,6.87,7.98
2023-10-02 13:25:00,1423.4411300000002,11.204319759999999,2.8022454719999996,6.9156269407272335,0.751636732,0.25,0.25,0.65,0.1,2.61,4.28,5.67,6.87,7.98
2023-10-02 13:30:00,1416.8349300000002,8.23251447,1.9770379200000001,5.206758952140808,0.6442602460000001,0.25,0.36,0.46,0.06,1.84,2.68,3.35,3.96,4.47
2023-10-02 13:35:00,1416.8329200000003,9.17498487,2.444793312,5.433353962898254,0.9127021260000001,0.25,0.25,0.65,0.1,1.84,2.68,3.35,3.96,4.47
2023-10-02 13:40:00,1416.83158,10.410516119999999,2.733736512,6.2266723871231076,0.8858582039999999,0.25,0.25,0.65,0.1,1.84,2.68,3.35,3.96,4.47
2023-10-02 13:45:00,1430.0412999999999,10.369189449999999,2.2936580159999997,6.858863432407379,0.8053256400000001,0.5111818499999999,0.25,0.65,0.1,1.99,3.07,3.96,5.3,7.53
2023-10-02 13:50:00,1423.43443,10.558119009999999,2.376275616,6.921351060867309,1.0200794100000001,0.5112369,0.25,0.65,0.1,1.99,3.07,3.96,5.3,7.53
2023-10-02 13:55:00,1423.43309,12.4216659,2.802780864,8.132154111862182,1.073768052,0.25,0.25,0.65,0.1,1.99,3.07,3.96,5.3,7.53
2023-10-02 14:00:00,1430.03728,13.74098121,2.8166261759999998,9.430278911590575,0.9395473780000001,0.25,0.38,0.61,0.09,2.58,3.68,4.49,5.03,5.49
2023-10-02 14:05:00,1436.6408,18.263057099999997,3.7383440639999996,12.541712074279785,1.046924396,0.6312941999999999,0.25,0.65,0.1,2.58,3.68,4.49,5.03,5.49
2023-10-02 14:10:00,1436.64013,20.1266823,3.765951072,14.363087029457091,1.07376885,0.6613219499999999,0.25,0.65,0.1,2.58,3.68,4.49,5.03,5.49
2023-10-02 14:15:00,1423.42773,17.15477005,2.803137792,12.86471092224121,1.2348342440000002,0.58644495,0.25,0.65,0.1,3.11,4.77,6.04,7.8,12.2
2023-10-02 14:20:00,1430.03192,15.81561366,2.17045296,12.493846225738524,1.073769116,0.52655445,0.25,0.65,0.1,3.11,4.77,6.04,7.8,12.2
2023-10-02 14:25:00,1436.63611,17.8467344,2.693267616,13.724826231002806,1.073769382,0.52660965,0.25,0.65,0.1,3.11,4.77,6.04,7.8,12.2
2023-10-02 14:30:00,1496.0825300000001,26.0532977,5.67844368,17.362730903625486,1.127458024,0.7964178,0.25,0.65,0.1,3.15,4.75,6.04,7.26,9.5
2023-10-02 14:35:00,3187.0687300000004,36.227734,7.81077648,24.2737412071228,1.20799112,1.0961973,0.25,0.65,0.1,3.15,4.75,6.04,7.26,9.5
2023-10-02 14:40:00,2711.47593,45.146288,9.709280256,30.286734056472778,1.2885242160000001,2.310135,0.25,0.65,0.1,3.15,4.75,6.04,7.26,9.5
2023-10-02 14:45:00,2183.0415700000003,39.7460495,6.270303936,30.14967029571533,1.100614634,2.400102,0.25,0.65,0.1,3.25,4.93,6.32,8.85,11.44
2023-10-02 14:50:00,2103.7752100000002,39.7049272,5.389998432,31.455811595916746,1.315368936,1.9205969999999999,0.25,0.65,0.1,3.25,4.93,6.32,8.85,11.44
2023-10-02 14:55:00,1641.3954800000001,34.8698195,4.083222624,28.620658988952634,1.234836372,1.590954,0.25,0.65,0.1,3.25,4.93,6.32,8.85,11.44
2023-10-02 15:00:00,1581.9443700000002,36.3778027,5.1150790079999995,28.5494376373291,1.28852528,1.11145245,0.25,1.36,0.33,3.17,4.87,6.59,8.34,11.24
2023-10-02 15:05:00,2387.8029500000002,39.079058399999994,6.119438208,29.713569755554197,1.1543040740000001,1.0365761999999998,0.25,0.65,0.1,3.17,4.87,6.59,8.34,11.24
2023-10-02 15:10:00,2229.2715700000003,36.7979072,6.380934144,27.032215194702147,1.07377151,2.0406915,0.25,0.65,0.1,3.17,4.87,6.59,8.34,11.24
2023-10-02 15:15:00,1786.70776,37.00794989999999,5.156669856000001,29.115933361053465,1.046927322,2.1306599999999998,0.25,0.65,0.1,3.3,5.95,8.51,16.45,27.82
2023-10-02 15:20:00,1714.0476,36.9039886,5.156775936,29.011808109283447,1.127460418,1.1266536,0.25,0.65,0.1,3.3,5.95,8.51,16.45,27.82
2023-10-02 15:25:00,1575.33281,47.5397281,9.517941888,32.97300489425659,1.315370798,1.23160875,0.25,0.65,0.1,3.3,5.95,8.51,16.45,27.82
2023-10-02 15:30:00,1608.35778,44.1489815,8.582578368,31.013787479400634,1.0737723080000001,0.9769026,0.69,2.23,0.41,3.45,5.14,6.6,10.1,13.01
2023-10-02 15:35:00,1575.3294600000002,34.393866599999996,5.501034239999999,25.974814920425413,1.100617028,0.9619708499999999,0.25,0.65,0.1,3.45,5.14,6.6,10.1,13.01
2023-10-02 15:40:00,1568.72259,33.64086819999999,4.9508397120000005,26.06386164665222,1.288527408,0.9620249999999999,0.25,0.65,0.1,3.45,5.14,6.6,10.1,13.01
2023-10-02 15:45:00,1562.1157200000002,28.2611049,4.304334528,21.67354073524475,1.1543062020000001,0.8122216500000001,0.25,0.65,0.1,3.44,5.23,6.92,9.74,12.3
2023-10-02 15:50:00,1588.5365000000002,26.545027199999996,5.0335970880000005,18.841364488601684,1.10061756,0.79729035,0.25,0.65,0.1,3.44,5.23,6.92,9.74,12.3
2023-10-02 15:55:00,2896.4006200000003,34.333816199999994,7.744007232,22.482012367248533,1.020084996,1.8763155,0.25,0.65,0.1,3.44,5.23,6.92,9.74,12.3
2023-10-02 16:00:00,1760.2729100000004,27.5093671,4.46973072,20.668673038482666,1.261684284,3.4198890000000004,0.6,5.65,0.84,3.18,4.69,5.97,9.38,12.81
2023-10-02 16:05:00,1555.50483,25.2070149,3.836959776,19.334744482040403,1.07377417,1.38189315,0.25,0.65,0.1,3.18,4.69,5.97,9.38,12.81
2023-10-02 16:10:00,1548.8972899999999,27.845641699999998,5.020262208,20.162387590408326,0.9663968860000001,0.9623500500000001,0.25,0.65,0.1,3.18,4.69,5.97,9.38,12.81
2023-10-02 16:15:00,1555.50215,29.7933642,6.396197184,20.004314441680908,1.073774436,0.9324327,0.25,0.65,0.1,3.83,5.93,7.84,12.75,20.01
2023-10-02 16:20:00,1535.68489,32.6623561,7.359401088,21.39917095184326,1.1274633440000001,0.9324870000000001,0.25,0.65,0.1,3.83,5.93,7.84,12.75,20.01
2023-10-02 16:25:00,1535.68288,35.8454093,6.35515296,26.11917203903198,1.0737749680000002,0.9625123500000001,0.25,0.65,0.1,3.83,5.93,7.84,12.75,20.01
2023-10-02 16:30:00,1522.47048,36.934816,6.30023472,27.29263032913208,1.2079969720000001,1.06746465,0.6,2.32,0.97,5.17,7.02,8.54,13.11,19.89
2023-10-02 16:35:00,1529.0753399999999,38.694231599999995,7.112113632,27.809507904052733,1.1543085960000001,0.99259155,0.25,0.65,0.1,5.17,7.02,8.54,13.11,19.89
2023-10-02 16:40:00,1535.67886,36.1824861,6.616918464,26.055632028579712,1.0737755,0.97766025,0.25,0.65,0.1,5.17,7.02,8.54,13.11,19.89
2023-10-02 16:45:00,1555.4934400000002,43.1553231,6.43816992,33.302032966613766,1.1006202200000001,0.97771425,0.25,0.65,0.1,4.15,6.32,8.3,12.82,21.89
2023-10-02 16:50:00,1509.25473,30.5307961,4.333157088,23.899120540618895,1.261686944,1.11263625,0.25,0.65,0.1,4.15,6.32,8.3,12.82,21.89
2023-10-02 16:55:00,1509.2527200000002,29.4008592,4.52588448,22.474225378036497,0.9395542940000001,1.0377636,0.25,0.65,0.1,4.15,6.32,8.3,12.82,21.89
2023-10-02 17:00:00,1509.25138,24.9208396,3.383971968,19.741844635009766,1.100621018,0.87298005,0.62,1.7,0.6,4.06,6.46,8.64,12.28,19.53
2023-10-02 17:05:00,1509.2507100000003,21.529539099999997,3.2189539199999997,16.603095989227295,1.046932376,0.81309345,0.25,0.65,0.1,4.06,6.46,8.64,12.28,19.53
2023-10-02 17:10:00,1496.03831,20.3995067,3.28784352,15.367631406784056,1.0200881880000001,0.8281330499999999,0.25,0.65,0.1,4.06,6.46,8.64,12.28,19.53
2023-10-02 17:15:00,1502.6425000000002,22.3892301,4.017190944,16.241123943328855,0.9932440000000001,0.8731431000000001,0.25,0.65,0.1,5.98,8.92,11.67,16.27,22.7
2023-10-02 17:20:00,1502.6411600000004,25.509635299999996,4.595193408,18.47692792892456,1.046932908,0.96310815,0.25,0.65,0.1,5.98,8.92,11.67,16.27,22.7
2023-10-02 17:25:00,1489.42809,27.750676499999997,4.333862208,21.117923116683958,0.8053333540000001,0.9631621499999999,0.25,0.65,0.1,5.98,8.92,11.67,16.27,22.7
2023-10-02 17:30:00,1489.42742,25.699355599999997,3.260694528,20.709030590057374,0.8053333540000001,1.0681116,0.55,1.37,0.46,4.53,6.76,8.26,12.9,19.77
2023-10-02 17:35:00,1502.63714,26.349080299999997,3.659824896,20.74790542602539,0.966400344,0.96327045,0.25,0.65,0.1,4.53,6.76,8.26,12.9,19.77
2023-10-02 17:40:00,1502.6344600000002,24.193015,2.669199936,20.107940597534178,0.644266896,0.9633246,0.25,0.65,0.1,4.53,6.76,8.26,12.9,19.77
2023-10-02 17:45:00,1509.2393200000001,24.088958199999997,1.912480128,21.162003850936888,0.7516449780000001,0.96337875,0.25,0.65,0.1,4.69,7.11,9.42,12.43,15.44
2023-10-02 17:50:00,1641.3445600000002,24.801502799999998,2.504253024,20.968871946334836,0.85902306,1.098297,0.25,0.65,0.1,4.69,7.11,9.42,12.43,15.44
2023-10-02 17:55:00,1522.4470299999998,29.9741075,5.889383136,20.960707902908325,0.9932455960000002,1.33810845,0.25,0.65,0.1,4.69,7.11,9.42,12.43,15.44
2023-10-02 18:00:00,1509.2346300000002,33.618196499999996,8.380134048,20.79283134460449,0.993245862,1.2482529,0.63,1.75,0.44,4.64,6.73,8.46,11.19,14.57
2023-10-02 18:05:00,1601.7087000000001,28.509691399999998,6.343705056,18.800975971221924,0.8858680460000001,1.11344325,0.25,0.65,0.1,4.64,6.73,8.46,11.19,14.57
2023-10-02 18:10:00,1608.3115500000001,22.814778099999998,3.8118624960000003,16.980918884277344,0.751645776,1.9376579999999999,0.25,0.65,0.1,4.64,6.73,8.46,11.19,14.57
2023-10-02 18:15:00,1581.88943,19.4859728,1.899216384,16.579319715499878,0.6442679600000001,1.518138,0.25,0.65,0.1,4.34,6.66,8.68,11.76,16.09
2023-10-02 18:20:00,1535.6500500000002,21.1617686,3.289143936,16.127902030944824,0.8053352160000001,1.11360465,0.25,0.65,0.1,4.34,6.66,8.68,11.76,16.09
2023-10-02 18:25:00,1535.64938,27.0883649,7.0046920319999995,16.368043670654295,0.751646308,1.1136584999999999,0.25,0.65,0.1,4.34,6.66,8.68,11.76,16.09
2023-10-02 18:30:00,1522.4369800000002,20.0322137,2.5324728,16.15639239311218,0.5637348640000001,1.14368145,0.49,1.28,0.33,4.67,6.71,8.28,10.78,13.36
2023-10-02 18:35:00,1535.64603,21.728962199999998,3.743540736,15.99966534614563,0.617424038,1.08379695,0.25,0.65,0.1,4.67,6.71,8.28,10.78,13.36
2023-10-02 18:40:00,1529.0398300000002,24.912512,6.151855008,15.497412738800048,0.6979576660000001,1.1138199,0.25,0.65,0.1,4.67,6.71,8.28,10.78,13.36
2023-10-02 18:45:00,1548.8544100000001,22.002397799999997,5.106107136,14.187762284278868,0.77849156,1.1138736,0.25,0.65,0.1,4.41,6.28,7.79,10.08,11.74
2023-10-02 18:50:00,1529.0364800000002,22.2752413,6.000707232,13.091466226577758,0.8053362800000001,1.0989429,0.25,0.65,0.1,4.41,6.28,7.79,10.08,11.74
2023-10-02 18:55:00,1509.21989,17.857357819999997,3.867780384,11.937918949127196,0.8053362800000001,1.00909005,0.25,0.65,0.1,4.41,6.28,7.79,10.08,11.74
2023-10-02 19:00:00,1509.21788,16.706195089999998,3.1522707839999997,11.881807088851929,1.020092976,0.9342222,0.44,1.12,0.22,4.23,5.87,7.16,9.03,10.37
2023-10-02 19:05:00,1502.61101,15.24089848,2.725749312,11.069278936386107,0.8590257200000001,0.8144011499999999,0.25,0.65,0.1,4.23,5.87,7.16,9.03,10.37
2023-10-02 19:10:00,1489.39928,15.702171119999997,3.524025024,10.308831624984741,0.859025986,0.9343305,0.25,0.65,0.1,4.23,5.87,7.16,9.03,10.37
2023-10-02 19:15:00,1482.7930800000001,15.325801799999999,3.22135632,10.39568160057068,0.805337078,0.8145102,0.25,0.65,0.1,3.63,5.05,6.02,8.25,9.97
2023-10-02 19:20:00,1482.7910700000002,15.116954759999999,3.3728323199999997,9.95500813961029,0.805337078,0.81456465,0.25,0.65,0.1,3.63,5.05,6.02,8.25,9.97
2023-10-02 19:25:00,1482.78973,14.028560359999998,3.221541024,9.098157901763916,0.644269822,0.8146191,0.25,0.65,0.1,3.63,5.05,6.02,8.25,9.97
2023-10-02 19:30:00,1469.578,12.85638572,2.258275968,9.40021020412445,0.53689174,0.7996893,0.37,0.8,0.17,3.66,5.07,6.15,8.55,12.32
2023-10-02 19:35:00,1476.18152,12.16585578,1.625291616,9.678429765701294,0.6174256340000001,0.66488655,0.25,0.65,0.1,3.66,5.07,6.15,8.55,12.32
2023-10-02 19:40:00,1482.7857099999999,12.96219972,1.886858688,10.07445873260498,0.8053378760000001,0.79979865,0.25,0.65,0.1,3.66,5.07,6.15,8.55,12.32
2023-10-02 19:45:00,1476.1795100000002,15.454866229999999,2.7402211199999997,11.261097526550293,0.778493422,0.76988475,0.25,0.65,0.1,3.31,4.6,5.6,8.57,13.0
2023-10-02 19:50:00,1469.57197,14.09418796,2.71278384,9.942411432266235,0.724804514,0.7399713,0.25,0.65,0.1,3.31,4.6,5.6,8.57,13.0
2023-10-02 19:55:00,1469.5713,11.70731444,1.9834463999999998,8.67175148010254,0.912717022,0.6651057,0.25,0.65,0.1,3.31,4.6,5.6,8.57,13.0
2023-10-02 20:00:00,1462.9644300000002,12.378022399999999,2.0936323199999998,9.173825578689575,0.912717022,0.59024055,0.38,0.86,0.17,2.77,3.93,4.77,6.83,8.49
2023-10-02 20:05:00,1449.75203,9.46754339,1.639538784,6.9583133029937745,1.0200956360000002,0.60527955,0.25,0.65,0.1,2.77,3.93,4.77,6.83,8.49
2023-10-02 20:10:00,1449.7506899999998,8.73507749,1.791012288,5.9940249276161195,0.859028114,0.5154309,0.25,0.65,0.1,2.77,3.93,4.77,6.83,8.49
2023-10-02 20:15:00,1443.14382,9.36388769,1.887436512,6.47526222705841,0.9664069940000001,0.545454,0.25,0.65,0.1,2.81,3.86,4.67,6.76,9.31
2023-10-02 20:20:00,1436.5376200000003,9.364420579999999,1.515910656,7.044397330284118,1.020096434,0.5904606,0.25,0.65,0.1,2.81,3.86,4.67,6.76,9.31
2023-10-02 20:25:00,1429.93075,10.47493851,1.5435176640000001,8.112663869857787,0.724805578,0.5155965,0.25,0.65,0.1,2.81,3.86,4.67,6.76,9.31
2023-10-02 20:30:00,1429.9294100000002,10.873400799999999,2.2317721919999998,7.457788095474243,0.724805578,0.62053815,0.36,0.54,0.13,2.98,3.99,4.97,7.24,9.12
2023-10-02 20:35:00,1423.3225400000003,10.32940797,2.328202656,6.766213743686675,0.805339738,0.51570675,0.25,0.65,0.1,2.98,3.99,4.97,7.24,9.12
2023-10-02 20:40:00,1436.5322600000002,11.356180039999998,1.9016137919999998,8.445857753753662,0.61742723,0.51576195,0.25,0.65,0.1,2.98,3.99,4.97,7.24,9.12
2023-10-02 20:45:00,1429.92539,13.283545759999999,2.25955392,9.825415334701537,0.6442722160000001,0.5158171500000001,0.25,0.65,0.1,2.78,3.7,4.55,6.43,8.25
2023-10-02 20:50:00,1429.92405,12.44634883,2.066945088,9.282995524406433,0.697961656,0.25,0.25,0.65,0.1,2.78,3.7,4.55,6.43,8.25
2023-10-02 20:55:00,1429.92271,12.11179132,2.011973184,9.03256959438324,0.9395638700000001,0.5009439,0.25,0.65,0.1,2.78,3.7,4.55,6.43,8.25
2023-10-02 21:00:00,1423.3158400000002,12.67783128,1.860651936,9.830198640823363,0.9395641360000001,0.5159826000000001,0.37,0.49,0.1,3.32,4.15,4.85,6.65,9.04
2023-10-02 21:05:00,1429.92003,12.217611049999999,1.778149152,9.496245183944701,0.8053408020000001,0.5160378,0.25,0.65,0.1,3.32,4.15,4.85,6.65,9.04
2023-10-02 21:10:00,1429.91869,12.19721416,1.668116736,9.644247159957885,0.644272748,0.5160929999999999,0.25,0.65,0.1,3.32,4.15,4.85,6.65,9.04
2023-10-02 21:15:00,1423.3118200000001,11.65320414,1.54431888,9.289703264236449,0.8858752280000001,0.51614805,0.25,0.65,0.1,2.68,3.49,4.16,5.47,7.46
2023-10-02 21:20:00,1429.91601,10.522738169999998,1.3654592639999998,8.43297233581543,1.073788534,0.51620325,0.25,0.65,0.1,2.68,3.49,4.16,5.47,7.46
2023-10-02 21:25:00,1423.30914,10.06248929,1.296714432,8.07793480873108,0.9127204800000001,0.5162586,0.25,0.65,0.1,2.68,3.49,4.16,5.47,7.46
2023-10-02 21:30:00,1429.91266,9.371840930000001,1.365616512,7.2818349266052245,1.073789066,0.6211974,0.33,0.48,0.09,2.01,2.77,3.43,4.82,5.9
2023-10-02 21:35:00,1429.9119899999998,8.890635529999999,1.269342048,6.947972090244293,0.7248077060000001,0.25,0.25,0.65,0.1,2.01,2.77,3.43,4.82,5.9
2023-10-02 21:40:00,1423.30512,9.12155835,1.1593000224,7.347308933734894,0.6979629860000001,0.25,0.25,0.65,0.1,2.01,2.77,3.43,4.82,5.9
2023-10-02 21:45:00,1429.90864,9.54099435,1.393383264,7.408492810726165,0.8053421319999999,0.5014959,0.25,0.65,0.1,1.96,2.84,3.78,5.92,8.51
2023-10-02 21:50:00,1449.72322,10.40029189,1.558642176,8.01487021446228,0.778497678,0.5165343,0.25,0.65,0.1,1.96,2.84,3.78,5.92,8.51
2023-10-02 21:55:00,1436.51149,11.34337922,1.393540512,9.21063663482666,0.778497944,0.5165895,0.25,0.65,0.1,1.96,2.84,3.78,5.92,8.51
2023-10-02 22:00:00,1436.5094800000002,11.65810711,1.3385586239999998,9.609511723518372,0.805342664,0.51664485,0.25,0.65,0.1,2.61,3.43,4.31,5.56,6.36
2023-10-02 22:05:00,1429.90328,12.28703191,1.72406832,9.648433918952941,0.671119064,0.5166999,0.25,0.65,0.1,2.61,3.43,4.31,5.56,6.36
2023-10-02 22:10:00,1429.9019400000002,10.08824755,1.60026048,7.639131135940551,0.67111933,0.6066537000000001,0.25,0.65,0.1,2.61,3.43,4.31,5.56,6.36
2023-10-02 22:15:00,1436.5054600000003,8.68538884,1.545278592,6.320419540405273,0.778498476,0.51681015,0.25,0.65,0.1,2.48,3.23,3.87,4.99,6.72
2023-10-02 22:20:00,1443.10965,8.560236089999998,1.6279536000000001,6.068736763000488,0.61742989,0.51686535,0.25,0.65,0.1,2.48,3.23,3.87,4.99,6.72
2023-10-02 22:25:00,1482.73881,8.016155399999999,1.4766086399999998,5.756281771659851,0.51005101,0.62180145,0.25,0.65,0.1,2.48,3.23,3.87,4.99,6.72
2023-10-02 22:30:00,1641.2628200000001,7.618692039999999,1.8483678719999999,4.789859943389892,0.53689573,0.7716860999999999,0.25,0.48,0.09,2.83,3.52,3.99,5.57,7.87
2023-10-02 22:35:00,1502.55205,8.771277719999999,2.467922496,4.994248828887939,0.25,1.1013651,0.25,0.65,0.1,2.83,3.52,3.99,5.57,7.87
2023-10-02 22:40:00,1476.12993,8.855592759999999,2.110089696,5.626208996772766,0.9660488250000001,0.6219663,0.25,0.65,0.1,2.83,3.52,3.99,5.57,7.87
2023-10-02 22:45:00,1469.5230600000002,9.50547408,1.807317408,6.739467029571533,0.9660488250000001,0.66696975,0.25,0.65,0.1,3.59,4.35,4.96,6.71,9.15
2023-10-02 22:50:00,1476.12725,9.275586480000001,1.669735392,6.720142090320587,0.25,0.51719625,0.25,0.65,0.1,3.59,4.35,4.96,6.71,9.15
2023-10-02 22:55:00,1476.1259100000002,8.81527839,1.504618752,6.5125359487533565,0.25,0.6520965,0.25,0.65,0.1,3.59,4.35,4.96,6.71,9.15
2023-10-02 23:00:00,1456.3086500000002,8.45970133,1.4220997439999998,6.283250555992126,0.9660488250000001,0.66713415,0.33,0.41,0.08,3.91,4.84,5.89,6.73,7.68
2023-10-02 23:05:00,1462.91284,7.99937987,1.33957824,5.949224238395691,0.9660488250000001,0.517362,0.25,0.65,0.1,3.91,4.84,5.89,6.73,7.68
2023-10-02 23:10:00,1462.9115000000002,8.14653391,1.339656864,6.09625807762146,0.25,0.62229585,0.25,0.65,0.1,3.91,4.84,5.89,6.73,7.68
2023-10-02 23:15:00,1469.5150200000003,8.670750599999998,1.3259688,6.641423370838165,0.9660488250000001,0.6672986999999999,0.25,0.65,0.1,3.34,3.9,4.31,5.26,6.17
2023-10-02 23:20:00,1462.90882,9.425401149999999,1.4912514239999999,7.143117227554321,0.9660488250000001,0.66735345,0.25,0.65,0.1,3.34,3.9,4.31,5.26,6.17
2023-10-02 23:25:00,1462.90681,9.614464409999998,1.450029984,7.3952681350708005,0.25,0.6674082,0.25,0.65,0.1,3.34,3.9,4.31,5.26,6.17
2023-10-02 23:30:00,1462.90614,9.27982477,1.532711232,6.93408893585205,0.25,0.62251545,0.32,0.48,0.08,3.79,4.45,4.97,5.93,6.57
2023-10-02 23:35:00,1462.9048000000003,9.48983691,1.5190244160000002,7.1650483036041255,0.25,0.53267535,0.25,0.65,0.1,3.79,4.45,4.97,5.93,6.57
2023-10-02 23:40:00,1462.9027900000003,11.08245221,2.0422633919999997,7.9568730831146235,0.966415506,0.5776779,0.25,0.65,0.1,3.79,4.45,4.97,5.93,6.57
2023-10-02 23:45:00,1462.9014499999998,12.109472579999998,2.056114944,8.962693433761597,0.939570786,0.5927154,0.25,0.65,0.1,4.98,5.68,6.25,7.02,7.58
2023-10-02 23:50:00,1469.50564,11.83768722,1.97359344,8.817203330993651,0.751656948,0.63771765,0.25,0.65,0.1,4.98,5.68,6.25,7.02,7.58
2023-10-02 23:55:00,1469.5043000000003,12.50859382,2.07005136,9.340487184524536,0.8321916400000001,0.6677373,0.25,0.65,0.1,4.98,5.68,6.25,7.02,7.58
2023-10-03 00:00:00,1448.1601100000003,15.809830179999999,3.834815088,9.723842940330506,0.9660488250000001,0.667380825,0.33,0.57,0.11,4.98,5.68,6.25,7.02,7.58
2023-10-03 00:15:00,1476.1037999999999,16.97301636,2.056617888,13.825468740463256,0.805347452,0.6679566,0.25,0.65,0.1,7.19,7.85,8.4,8.93,11.43
2023-10-03 00:20:00,1482.70732,18.75430528,2.400906144,15.079841589927673,0.832192438,0.71295795,0.25,0.65,0.1,7.19,7.85,8.4,8.93,11.43
2023-10-03 00:25:00,1489.31084,21.2269569,2.5937495999999998,17.257356090545652,0.805347718,0.8178877499999999,0.25,0.65,0.1,7.19,7.85,8.4,8.93,11.43
2023-10-03 00:30:00,1489.31017,21.3113598,2.235859392,17.88949203491211,0.778502998,0.8179422,0.38,0.82,0.15,7.52,8.1,8.37,9.04,9.82
2023-10-03 00:35:00,1489.30816,19.5940788,1.988111424,16.551377630233763,0.697968306,0.7880325,0.25,0.65,0.1,7.52,8.1,8.37,9.04,9.82
2023-10-03 00:40:00,1489.3068200000002,17.4787156,1.6852854720000001,14.899473061561585,0.671123586,0.7281589500000001,0.25,0.65,0.1,7.52,8.1,8.37,9.04,9.82
2023-10-03 00:45:00,1509.1207300000003,17.03934493,2.084657952,13.84888253211975,0.77850353,0.8181055500000001,0.25,0.65,0.1,7.43,8.09,8.59,8.93,9.26
2023-10-03 00:50:00,1502.5138599999998,16.32761208,2.029667328,13.221309490203858,0.61743388,0.8181603000000001,0.25,0.65,0.1,7.43,8.09,8.59,8.93,9.26
2023-10-03 00:55:00,1594.9845800000003,15.59491889,1.892062848,12.69921326637268,0.7516588100000001,0.8182145999999999,0.25,0.65,0.1,7.43,8.09,8.59,8.93,9.26
2023-10-03 01:00:00,1515.7222399999998,15.99355117,2.043604992,12.865917677879333,0.536899188,0.99805215,0.36,0.93,0.18,8.46,9.57,10.26,12.04,13.66
2023-10-03 01:05:00,1502.5098400000002,16.287433319999998,2.140071648,13.012164621353149,0.6711241179999999,0.7434141,0.25,0.65,0.1,8.46,9.57,10.26,12.04,13.66
2023-10-03 01:10:00,1502.5091700000003,15.994697169999998,2.085078528,12.803592619895934,0.671124384,0.75845055,0.25,0.65,0.1,8.46,9.57,10.26,12.04,13.66
2023-10-03 01:15:00,1700.6616700000002,14.31919169,1.933699872,11.359763689041138,0.80534958,0.8034507000000001,0.25,0.65,0.1,8.63,9.78,10.77,12.45,13.8
2023-10-03 01:20:00,1892.2086400000003,12.83222231,1.796089152,10.083399653434753,0.80534958,0.95332305,0.25,0.65,0.1,8.63,9.78,10.77,12.45,13.8
2023-10-03 01:25:00,1912.0225500000001,12.183284529999998,1.865018688,9.3289697265625,0.805349846,1.8822465,0.25,0.65,0.1,8.63,9.78,10.77,12.45,13.8
2023-10-03 01:30:00,1548.7385,11.785754319999999,1.6998671040000002,9.184194569587707,0.8053501120000001,1.7175,0.33,0.96,0.23,7.53,8.49,9.17,9.91,12.26
2023-10-03 01:35:00,1641.2092200000002,12.60341195,1.644868992,10.08602446079254,0.7785051260000001,0.8486137500000001,0.25,0.65,0.1,7.53,8.49,9.17,9.91,12.26
2023-10-03 01:40:00,2044.11975,14.55246763,1.82395824,11.760993089675903,0.697970168,1.04342955,0.25,0.65,0.1,7.53,8.49,9.17,9.91,12.26
2023-10-03 01:45:00,2678.2090900000003,17.27676939,2.361064992,13.663280782699584,0.8053503780000001,2.5716075,0.25,0.65,0.1,9.38,10.46,11.21,11.63,11.9
2023-10-03 01:50:00,2460.23866,18.55541698,3.173581632,13.698413310050963,0.885885868,2.7064935,0.25,0.65,0.1,9.38,10.46,11.21,11.63,11.9
2023-10-03 01:55:00,2777.28266,17.801732889999997,2.5677887040000003,13.871864624023438,0.8053509100000001,2.826396,0.25,0.65,0.1,9.38,10.46,11.21,11.63,11.9
2023-10-03 02:00:00,2572.5226200000006,17.92802973,2.361324576,14.314143753051757,0.7785059240000001,3.245928,0.39,0.97,0.32,11.26,12.47,13.13,13.62,14.04
2023-10-03 02:05:00,3299.08201,18.36861516,2.9673034560000002,13.827309384346007,1.0469565820000002,3.2160135,0.25,0.65,0.1,11.26,12.47,13.13,13.62,14.04
2023-10-03 02:10:00,2949.00969,17.86634437,2.9673945600000002,13.324899215698242,0.8590414140000001,3.021303,0.25,0.65,0.1,11.26,12.47,13.13,13.62,14.04
2023-10-03 02:15:00,3120.7400700000007,17.887881529999998,3.118961664,13.11447108745575,1.020111862,2.706744,0.25,0.65,0.1,12.31,13.45,14.2,15.54,17.08
2023-10-03 02:20:00,2678.1963600000004,19.04086831,3.311840064,13.972266693115234,0.85904168,2.1674655,0.25,0.65,0.1,12.31,13.45,14.2,15.54,17.08
2023-10-03 02:25:00,2724.43105,18.62240259,3.353246208,13.490431480407715,0.9664224220000001,2.4072165,0.25,0.65,0.1,12.31,13.45,14.2,15.54,17.08
2023-10-03 02:30:00,2651.7729,16.44387951,3.394652352,11.248538160324097,0.778506988,2.3023995,0.72,1.49,0.42,10.82,11.9,12.63,13.22,13.49
2023-10-03 02:35:00,2367.7518600000003,13.09194984,2.7061993920000003,8.950250644683837,0.8053522399999999,2.0178045,0.25,0.65,0.1,10.82,11.9,12.63,13.22,13.49
2023-10-03 02:40:00,2235.64863,12.12865089,2.4446398080000002,8.387254967689513,0.778507254,1.7481944999999999,0.25,0.65,0.1,10.82,11.9,12.63,13.22,13.49
2023-10-03 02:45:00,2156.38562,10.997713150000001,2.444724672,7.2561874985694885,0.805352506,1.8381344999999998,0.25,0.65,0.1,8.22,9.28,10.1,10.6,10.86
2023-10-03 02:50:00,2295.09103,10.0972532,2.1831588479999997,6.7560405659675595,0.805352772,1.88313,0.25,0.65,0.1,8.22,9.28,10.1,10.6,10.86
2023-10-03 02:55:00,2374.35069,9.53203645,2.14192992,6.253922295570374,0.7516628000000001,1.9880505,0.25,0.65,0.1,8.22,9.28,10.1,10.6,10.86
2023-10-03 03:00:00,2328.11265,8.67346089,2.073157632,5.500599851608277,0.536902114,2.557383,0.5,0.88,0.24,6.76,7.81,8.43,9.52,10.71
2023-10-03 03:05:00,2433.79242,7.50056236,2.018154528,4.41188039779663,0.563747366,2.3027565,0.25,0.65,0.1,6.76,7.81,8.43,9.52,10.71
2023-10-03 03:10:00,3483.9979900000003,6.57910196,1.729034112,3.9329040575027463,0.53690238,2.8121625000000003,0.25,0.65,0.1,6.76,7.81,8.43,9.52,10.71
2023-10-03 03:15:00,5148.4743,7.56446332,1.9356929280000001,4.601984939575195,0.563747632,2.527572,0.25,0.65,0.1,5.54,6.56,7.36,8.72,9.98
2023-10-03 03:20:00,3602.8848,7.69070668,1.78428432,4.959950556755066,0.536902646,1.808538,0.25,0.65,0.1,5.54,6.56,7.36,8.72,9.98
2023-10-03 03:25:00,3279.2352700000006,8.801814799999999,1.977172704,5.77585398197174,0.25,1.6587809999999998,0.25,0.65,0.1,5.54,6.56,7.36,8.72,9.98
2023-10-03 03:30:00,3576.4600000000005,11.987450319999999,2.803579584,7.6967156934738155,0.25,1.4191386,0.4,0.74,0.22,5.23,6.16,6.93,8.34,9.29
2023-10-03 03:35:00,3292.4409700000006,10.98216575,2.1701496959999997,7.660862755775451,0.59059315,1.3293066,0.25,0.65,0.1,5.23,6.16,6.93,8.34,9.29
2023-10-03 03:40:00,3510.40537,10.12355581,1.83970176,7.307986459732056,0.5369029120000001,1.13460915,0.25,0.65,0.1,5.23,6.16,6.93,8.34,9.29
2023-10-03 03:45:00,3061.2594799999997,12.61774268,2.6661248640000004,8.537374458312987,0.510057926,1.3893363,0.25,0.65,0.1,4.55,5.51,6.21,8.73,11.99
2023-10-03 03:50:00,2777.24045,20.706997599999998,4.7045369280000005,13.506945362091065,0.671128906,1.2995049,0.25,0.65,0.1,4.55,5.51,6.21,8.73,11.99
2023-10-03 03:55:00,3635.8957000000005,23.243210199999996,5.200449696,15.284189491271972,0.8322001520000001,1.2845776500000001,0.25,0.65,0.1,4.55,5.51,6.21,8.73,11.99
2023-10-03 04:00:00,3853.8601000000003,18.109726119999998,3.520293504,12.722096996307373,0.5905936820000001,1.5542835,0.33,0.55,0.15,3.76,4.66,5.31,7.23,8.48
2023-10-03 04:05:00,2162.96502,20.834547399999998,3.547934208,15.404617328643798,0.724819942,1.659201,0.25,0.65,0.1,3.76,4.66,5.31,7.23,8.48
2023-10-03 04:10:00,2704.57694,32.9475573,6.20619168,23.449300327301025,0.99327193,1.32967965,0.25,0.65,0.1,3.76,4.66,5.31,7.23,8.48
2023-10-03 04:15:00,2295.0622200000003,31.0202909,5.999712576,21.838036556243896,1.046962434,1.1649464999999999,0.25,0.65,0.1,3.4,4.52,5.56,7.49,8.95
2023-10-03 04:20:00,1925.17867,22.2823274,4.23687264,15.79801055908203,0.912736706,1.04515575,0.25,0.65,0.1,3.4,4.52,5.56,7.49,8.95
2023-10-03 04:25:00,1951.5967700000003,23.8127149,4.3058371200000005,17.222852897644042,0.8590464680000001,0.9852875999999999,0.25,0.65,0.1,3.4,4.52,5.56,7.49,8.95
2023-10-03 04:30:00,1951.59543,22.1787672,3.9202874879999996,16.17896828651428,0.8053562300000001,0.86549805,0.27,0.37,0.08,3.26,4.1,4.88,5.69,6.23
2023-10-03 04:35:00,1964.80381,19.308342800000002,3.8515176959999997,13.413792934417724,0.751665992,0.7906501499999999,0.25,0.65,0.1,3.26,4.1,4.88,5.69,6.23
2023-10-03 04:40:00,1779.86103,26.5808397,5.945182463999999,17.482042150497435,0.9127375040000001,1.04537145,0.25,0.65,0.1,3.26,4.1,4.88,5.69,6.23
2023-10-03 04:45:00,1799.67494,45.7568577,10.958876448,28.98486057281494,1.2080350100000001,1.2251901,0.25,0.65,0.1,3.49,4.38,5.28,6.5,7.37
2023-10-03 04:50:00,1872.3284,44.5840222,11.771671392000002,26.568083314895627,1.073809282,1.1353614,0.25,0.65,0.1,3.49,4.38,5.28,6.5,7.37
2023-10-03 04:55:00,1773.2514800000004,39.3874852,11.441258399999999,21.877224693298338,0.9932737920000001,1.1953365,0.25,0.65,0.1,3.49,4.38,5.28,6.5,7.37
2023-10-03 05:00:00,1713.8050600000001,65.39593609999999,20.229144,34.43626668930054,1.1811905560000002,1.3451928,0.29,0.45,0.06,3.21,4.07,4.87,6.74,9.64
2023-10-03 05:05:00,1674.17389,63.741207599999996,18.60403584,35.268685817718506,1.073809814,1.3302657,0.25,0.65,0.1,3.21,4.07,4.87,6.74,9.64
2023-10-03 05:10:00,1687.3816,40.35367779999999,11.799844992,22.29462188720703,1.0738100800000001,1.12059615,0.25,0.65,0.1,3.21,4.07,4.87,6.74,9.64
2023-10-03 05:15:00,1674.1705400000003,37.168867399999996,10.036905216,21.80789954185486,0.9127388340000001,0.9708483000000001,0.25,0.65,0.1,2.93,3.78,4.48,6.97,10.68
2023-10-03 05:20:00,1660.95948,41.5916443,11.60731728,23.827239799499512,0.9664296040000001,1.15066395,0.25,0.65,0.1,2.93,3.78,4.48,6.97,10.68
2023-10-03 05:25:00,1641.1422200000002,45.51148,13.16397888,25.364682912826538,1.073810878,1.0907973,0.25,0.65,0.1,2.93,3.78,4.48,6.97,10.68
2023-10-03 05:30:00,1601.5110500000003,35.7249074,9.2659632,21.543824977874756,1.073810878,1.01595075,0.25,0.65,0.1,2.74,3.66,4.55,5.94,6.74
2023-10-03 05:35:00,1542.0639600000002,33.0010564,8.660018016,19.74734197616577,0.912739632,1.1658051,0.25,0.65,0.1,2.74,3.66,4.55,5.94,6.74
2023-10-03 05:40:00,1588.29798,33.777204,9.238686912,19.63786874771118,0.832203876,1.34561865,0.25,0.65,0.1,2.74,3.66,4.55,5.94,6.74
2023-10-03 05:45:00,1588.29664,47.8618496,13.853386559999999,26.659951572418212,0.9932759200000001,1.4205717,0.25,0.65,0.1,2.5,3.39,4.2,5.75,7.56
2023-10-03 05:50:00,1535.45508,37.907368899999994,10.203204959999999,22.29188778877258,1.100657194,1.40564505,0.25,0.65,0.1,2.5,3.39,4.2,5.75,7.56
2023-10-03 05:55:00,1522.2433500000002,38.914110799999996,10.726798367999999,22.497296724319458,1.073812208,1.0312008,0.25,0.65,0.1,2.5,3.39,4.2,5.75,7.56
2023-10-03 06:00:00,1502.42743,24.914422,6.29136144,15.285816106796265,0.8858951780000001,0.7616172,0.25,0.65,0.1,2.4,3.39,4.41,5.59,7.17
2023-10-03 06:05:00,1509.03095,26.696566599999997,6.401679648,16.899123620986938,0.805359422,0.79163145,0.25,0.65,0.1,2.4,3.39,4.41,5.59,7.17
2023-10-03 06:10:00,1489.2143600000002,25.062389699999997,5.451300192,16.719454555511472,0.724823666,0.6868274999999999,0.25,0.65,0.1,2.4,3.39,4.41,5.59,7.17
2023-10-03 06:15:00,1462.79358,23.218628499999998,5.024370624,15.529087114334105,0.859050458,0.7168417499999999,0.25,0.65,0.1,2.26,3.23,4.06,5.44,6.26
2023-10-03 06:20:00,1456.1867100000002,18.00039963,3.5918238720000004,12.50329626083374,0.939586746,0.55211955,0.25,0.65,0.1,2.26,3.23,4.06,5.44,6.26
2023-10-03 06:25:00,1456.1853700000001,14.12350264,2.7378312,9.933393096923828,0.7785149680000001,0.5971137,0.25,0.65,0.1,2.26,3.23,4.06,5.44,6.26
2023-10-03 06:30:00,1456.18403,13.788712109999999,2.613938496,9.788213562965392,0.8053602200000001,0.6271281,0.26,0.45,0.05,2.2,3.26,4.14,6.0,7.36
2023-10-03 06:35:00,1456.18269,14.480940039999998,2.2834069439999998,10.986303329467773,0.7248244640000001,0.6721218,0.25,0.65,0.1,2.2,3.26,4.14,6.0,7.36
2023-10-03 06:40:00,1456.1806800000002,17.10147532,2.779425792,12.847707052230835,0.6979792120000001,0.65719695,0.25,0.65,0.1,2.2,3.26,4.14,6.0,7.36
2023-10-03 06:45:00,1449.5744800000002,18.52732661,3.151467072,13.704168395996094,0.83220627,0.58235415,0.25,0.65,0.1,2.18,3.32,4.33,6.24,8.9
2023-10-03 06:50:00,1442.96828,19.932244299999997,4.170993216,13.548752841949462,0.805361018,0.67228605,0.25,0.65,0.1,2.18,3.32,4.33,6.24,8.9
2023-10-03 06:55:00,1456.17733,21.735418,4.818574176,14.360836544036864,0.7248249960000002,0.70229985,0.25,0.65,0.1,2.18,3.32,4.33,6.24,8.9
2023-10-03 07:00:00,1442.96493,30.3926458,7.325970912,19.180624027252197,0.9127428240000001,0.9420256499999999,0.31,0.75,0.1,2.13,3.28,4.31,5.52,6.49
2023-10-03 07:05:00,1429.7538700000002,27.2492251,5.824463424,18.33518286705017,0.59059847,0.8522033999999999,0.25,0.65,0.1,2.13,3.28,4.31,5.52,6.49
2023-10-03 07:10:00,1456.1733100000001,22.2193356,4.0611779519999995,16.003911304473878,0.5369077,0.8222991,0.25,0.65,0.1,2.13,3.28,4.31,5.52,6.49
2023-10-03 07:15:00,1449.5671100000002,29.849651899999998,6.279314496,20.239483337402344,0.536907966,0.8972502,0.25,0.65,0.1,2.21,3.51,4.62,6.27,7.5
2023-10-03 07:20:00,1608.0844200000001,65.1903055,16.57065696,39.829763107299804,0.778516564,1.1968905,0.25,0.65,0.1,2.21,3.51,4.62,6.27,7.5
2023-10-03 07:25:00,1733.5774300000003,65.79907979999999,17.6178912,38.835797195434566,0.8858983700000002,1.46657085,0.25,0.65,0.1,2.21,3.51,4.62,6.27,7.5
2023-10-03 07:30:00,1859.06977,71.45947939999999,21.682277759999998,38.27586986541748,1.020125694,1.5714795,0.3,0.63,0.08,2.4,3.8,4.94,6.29,7.67
2023-10-03 07:35:00,1806.2282100000002,77.6859075,24.10726656,40.7909708404541,1.449652652,1.6014884999999999,0.25,0.65,0.1,2.4,3.8,4.94,6.29,7.67
2023-10-03 07:40:00,2380.8584,81.66953720000001,24.82393056,43.67778169631958,1.557034724,1.5566054999999999,0.25,0.65,0.1,2.4,3.8,4.94,6.29,7.67
2023-10-03 07:45:00,1793.01514,71.6509187,20.44301376,40.363934173583985,1.664416796,1.6315545,0.25,0.65,0.1,2.72,4.13,5.29,6.54,7.69
2023-10-03 07:50:00,1925.11301,79.5963277,22.9369296,44.49253210067749,1.8791804080000003,1.7364600000000001,0.25,0.65,0.1,2.72,4.13,5.29,6.54,7.69
2023-10-03 07:55:00,1779.80274,73.2458833,21.063444479999998,41.00935991287231,2.17448084,1.5417840000000003,0.25,0.65,0.1,2.72,4.13,5.29,6.54,7.69
2023-10-03 08:00:00,1918.5048000000002,66.5809192,19.39657824,36.89545070648193,2.416090236,1.4220046499999999,0.39,0.75,0.16,2.69,4.12,5.41,6.69,7.85
2023-10-03 08:05:00,2083.6269700000003,88.17274339999999,28.4900304,44.57020891189575,3.1946094600000006,1.7665739999999999,0.25,0.65,0.1,2.69,4.12,5.41,6.69,7.85
2023-10-03 08:10:00,2070.41591,74.86279379999999,19.98945312,44.26995718002319,3.86574608,1.616838,0.25,0.65,0.1,2.69,4.12,5.41,6.69,7.85
2023-10-03 08:15:00,2004.36463,55.3478081,14.9882928,32.4089937210083,3.86574608,1.2573957,0.25,0.65,0.1,2.41,3.77,4.94,6.71,8.26
2023-10-03 08:20:00,2063.8077,44.4062203,12.232889759999999,25.684410314559937,3.7583672,1.152597,0.25,0.65,0.1,2.41,3.77,4.94,6.71,8.26
2023-10-03 08:25:00,2156.2744000000002,36.8814124,10.634794560000001,20.605406255722045,3.94628556,1.107714,0.25,0.65,0.1,2.41,3.77,4.94,6.71,8.26
2023-10-03 08:30:00,2724.29772,15.809830179999999,3.834815088,9.723842940330506,0.9660488250000001,0.667380825,0.31,0.7,0.14,2.41,3.77,4.94,6.71,8.26
2023-10-03 08:45:00,2057.1948,50.384501199999995,13.611536639999999,29.552742471694945,3.8120593000000005,1.42248225,0.25,0.65,0.1,2.17,3.34,4.24,6.05,8.1
2023-10-03 08:50:00,2050.58793,38.415257,10.2497304,22.728569393157958,4.134206580000001,1.2727485,0.25,0.65,0.1,2.17,3.34,4.24,6.05,8.1
2023-10-03 08:55:00,2473.3009800000004,36.0890298,10.070753472,20.676256017684935,3.9462908800000003,1.3626738,0.25,0.65,0.1,2.17,3.34,4.24,6.05,8.1
2023-10-03 09:00:00,2631.8176200000003,40.596916300000004,11.862136416,22.442525501251218,3.7315278000000003,1.4226414,0.36,0.92,0.33,2.05,3.09,3.95,4.86,5.52
2023-10-03 09:05:00,2763.9141499999996,43.5535199,13.84644768,22.362243919372556,3.5436094400000004,1.6174155,0.25,0.65,0.1,2.05,3.09,3.95,4.86,5.52
2023-10-03 09:10:00,2466.69076,38.4810183,12.234482208000001,19.75676833152771,3.5436094400000004,2.6659665,0.25,0.65,0.1,2.05,3.09,3.95,4.86,5.52
2023-10-03 09:15:00,2116.62916,32.129657099999996,9.589059168,17.45409460067749,3.97313826,2.0219415,0.25,0.65,0.1,2.04,3.25,4.33,5.68,7.21
2023-10-03 09:20:00,2116.62782,36.805337099999996,11.587179552,19.07175189971924,5.1811879,1.4378322000000001,0.25,0.65,0.1,2.04,3.25,4.33,5.68,7.21
2023-10-03 09:25:00,1819.40577,35.8416848,10.953487584,19.077934131622314,6.040248200000001,1.362993,0.25,0.65,0.1,2.04,3.25,4.33,5.68,7.21
2023-10-03 09:30:00,2380.82021,21.481789099999997,6.254866175999999,11.909037871360779,5.664411480000001,0.667380825,0.26,0.7,0.24,1.86,3.18,4.48,6.23,9.8
2023-10-03 09:35:00,2182.6724,27.05897,8.321903616,14.32272310256958,5.34226686,0.667380825,0.25,0.65,0.1,1.86,3.18,4.48,6.23,9.8
2023-10-03 09:40:00,2440.26194,26.8499587,8.115340896000001,14.429846572875975,5.34226686,0.667380825,0.25,0.65,0.1,1.86,3.18,4.48,6.23,9.8
2023-10-03 09:45:00,2010.9413500000005,20.9804714,6.034736447999999,11.74461673259735,4.51005394,0.667380825,0.25,0.65,0.1,1.83,3.05,4.12,5.45,6.55
2023-10-03 09:50:00,2360.9996000000006,17.89923075,5.084043744,10.118361868858337,4.1073725,0.667380825,0.25,0.65,0.1,1.83,3.05,4.12,5.45,6.55
2023-10-03 09:55:00,2076.98727,19.8495604,5.759366496,11.035144600868225,4.02683834,0.667380825,0.25,0.65,0.1,1.83,3.05,4.12,5.45,6.55
2023-10-03 10:00:00,2506.30317,17.06179698,4.80865632,9.702393655776977,3.8926094200000003,0.667380825,0.24,0.63,0.36,2.12,3.44,4.62,6.32,8.09
2023-10-03 10:05:00,2275.13106,23.7712679,7.013576544,13.037348928451538,4.37583034,0.667380825,0.25,0.65,0.1,2.12,3.44,4.62,6.32,8.09
2023-10-03 10:10:00,2010.9333100000003,24.233144099999997,6.931016352,13.625578093528746,4.268448800000001,0.667380825,0.25,0.65,0.1,2.12,3.44,4.62,6.32,8.09
2023-10-03 10:15:00,2512.9033400000003,26.435144899999997,8.198924448,13.887111639976501,3.75838316,0.667380825,0.25,0.65,0.1,2.03,3.44,4.41,7.6,11.0
2023-10-03 10:20:00,2215.68129,27.8405038,8.143932576,15.376633348464965,0.9660488250000001,0.667380825,0.25,0.65,0.1,2.03,3.44,4.41,7.6,11.0
2023-10-03 10:25:00,2235.49453,20.293444400000002,5.939179584,11.203834466934204,0.9660488250000001,0.667380825,0.25,0.65,0.1,2.03,3.44,4.41,7.6,11.0
2023-10-03 10:30:00,2149.62934,16.79271809,5.057332799999999,9.052729244232177,0.9660488250000001,0.667380825,0.25,0.49,0.26,1.78,3.12,4.38,6.4,9.13
2023-10-03 10:35:00,2294.93492,19.3301932,5.7326929920000005,10.556599960327148,0.9660488250000001,0.667380825,0.25,0.65,0.1,1.78,3.12,4.38,6.4,9.13
2023-10-03 10:40:00,2215.67459,26.0609568,7.3865039040000005,14.756290822029113,0.9660488250000001,0.667380825,0.25,0.65,0.1,1.78,3.12,4.38,6.4,9.13
2023-10-03 12:25:00,2050.51892,23.661538399999998,3.005523456,19.061739015579224,0.9660488250000001,0.667380825,0.25,0.65,0.1,1.87,3.5,5.01,6.83,8.52
2023-10-03 12:30:00,2275.07947,31.166749699999997,6.4507235519999995,21.294249696731566,0.9660488250000001,0.667380825,0.25,0.65,0.1,1.86,3.58,5.09,7.82,12.98
2023-10-03 12:35:00,2136.37741,35.673814899999996,7.8839679359999995,23.607805175781248,0.9660488250000001,0.667380825,0.25,0.65,0.1,1.86,3.58,5.09,7.82,12.98
2023-10-03 12:40:00,2195.8184699999997,33.3879078,7.484412,21.93339666366577,0.9660488250000001,0.667380825,0.25,0.65,0.1,1.86,3.58,5.09,7.82,12.98
2023-10-03 12:45:00,1891.9975900000002,31.584218399999997,8.752285151999999,18.189293851852415,0.9660488250000001,0.667380825,0.25,0.65,0.1,1.71,3.32,4.68,7.38,12.21
2023-10-03 12:50:00,2156.1859600000003,26.321156099999996,7.415663424,14.971863827705382,3.35535858,1.0946757,0.25,0.65,0.1,1.71,3.32,4.68,7.38,12.21
2023-10-03 12:55:00,1852.3650800000003,23.0918045,6.395995008000001,13.303061037063598,2.6574315040000003,0.95553165,0.25,0.65,0.1,1.71,3.32,4.68,7.38,12.21
2023-10-03 13:00:00,1918.4110000000003,23.133117799999997,5.886201984,14.124587488174438,1.7179280160000001,1.04239755,0.37,0.75,0.23,1.74,3.24,4.69,6.93,11.73
2023-10-03 13:05:00,1931.6187100000002,24.180791,6.313472256,14.518345022201537,1.771605752,1.0944889500000001,0.25,0.65,0.1,1.74,3.24,4.69,6.93,11.73
2023-10-03 13:10:00,1878.77916,24.075359,5.486733408,15.678194751739502,1.69107106,0.95536095,0.25,0.65,0.1,1.74,3.24,4.69,6.93,11.73
2023-10-03 13:15:00,1839.1493300000002,16.67381104,3.1579516799999996,11.840728216171264,1.342114172,0.8510094000000001,0.25,0.65,0.1,1.61,3.01,4.32,5.88,8.92
2023-10-03 13:20:00,1858.9612300000003,20.8034717,4.839224832,13.39728542804718,3.03316608,1.04215665,0.25,0.65,0.1,1.61,3.01,4.32,5.88,8.92
2023-10-03 13:25:00,2109.9392100000005,32.4808106,8.270578368,19.823113479614257,7.97208916,1.0073340000000002,0.25,0.65,0.1,1.61,3.01,4.32,5.88,8.92
2023-10-03 13:30:00,1938.21486,27.5951643,6.5619103679999995,17.552496643066405,5.207335700000001,1.00727535,0.34,0.54,0.21,1.42,2.75,4.12,4.75,5.22
2023-10-03 13:35:00,1898.58503,24.3448409,5.56981776,15.820520877838135,4.133640000000001,0.9550771499999999,0.25,0.65,0.1,1.42,2.75,4.12,4.75,5.22
2023-10-03 13:40:00,2116.53804,21.220348299999998,4.687968479999999,14.045653829574585,2.4962791280000003,1.1288109,0.25,0.65,0.1,1.42,2.75,4.12,4.75,5.22
2023-10-03 13:45:00,2129.74575,24.301693999999998,5.886919583999999,15.29206573486328,2.1741693540000004,1.11136875,0.25,0.65,0.1,1.43,2.75,3.89,6.34,8.66
2023-10-03 13:50:00,2017.4644700000001,24.259158299999996,5.570058624,15.734468727111816,2.496257582,0.9722847000000001,0.25,0.65,0.1,1.43,2.75,3.89,6.34,8.66
2023-10-03 13:55:00,1938.20548,22.9586775,4.784673504,15.635981073379517,2.147309206,0.86796555,0.25,0.65,0.1,1.43,2.75,3.89,6.34,8.66
2023-10-03 14:00:00,1958.0180500000001,17.69568587,3.29651088,12.650545949935912,2.147300162,0.8157832500000001,0.25,0.65,0.1,1.4,2.59,3.6,4.88,6.58
2023-10-03 14:05:00,2103.31894,16.08072739,2.9245332480000004,11.604878072738646,2.2814966300000004,0.90261015,0.25,0.65,0.1,1.4,2.59,3.6,4.88,6.58
2023-10-03 14:10:00,2024.06129,21.1118603,4.192377696,14.695642471313477,3.24776424,1.0415545499999999,0.25,0.65,0.1,1.4,2.59,3.6,4.88,6.58
2023-10-03 14:15:00,2327.87413,24.1093379,4.936580064,16.554155445098875,3.0061830400000003,0.9893715,0.25,0.65,0.1,1.47,2.91,4.09,7.26,12.38
2023-10-03 14:20:00,2057.0815700000003,23.416867399999997,4.922882016,15.882649211883544,2.4425120160000002,1.26728955,0.25,0.65,0.1,1.47,2.91,4.09,7.26,12.38
2023-10-03 14:25:00,1693.82298,22.2002547,4.426884384,15.425134906768799,2.12041368,1.14561045,0.25,0.65,0.1,1.47,2.91,4.09,7.26,12.38
2023-10-03 14:30:00,1984.4261000000001,20.082122000000002,3.861990912,14.171543488502502,1.90567986,1.1976627,0.25,0.86,0.16,1.53,3.03,4.47,7.37,10.88
2023-10-03 14:35:00,2057.07554,17.60758903,3.42111744,12.371743502616882,1.9325123440000003,1.1281107000000001,0.25,0.65,0.1,1.53,3.03,4.47,7.37,10.88
2023-10-03 14:40:00,1977.81789,20.563117300000002,4.1101944,14.272675986289977,2.120386548,0.95433975,0.25,0.65,0.1,1.53,3.03,4.47,7.37,10.88
2023-10-03 14:45:00,1858.93309,21.1285728,4.440994271999999,14.331859836578369,1.986176248,0.9369128999999999,0.25,0.65,0.1,1.43,2.58,3.42,6.18,9.49
2023-10-03 14:50:00,1674.0017,16.662328119999998,3.435148704,11.405009284019469,1.6104062940000001,0.9021182999999999,0.25,0.65,0.1,1.43,2.58,3.42,6.18,9.49
2023-10-03 14:55:00,1515.48908,11.75580361,2.291510208,8.248764958381653,1.771439236,0.6067965,0.25,0.65,0.1,1.43,2.58,3.42,6.18,9.49
2023-10-03 15:00:00,1502.27869,10.35051729,2.043560064,7.222953448295593,1.6640723259999999,0.57201765,0.3,0.77,0.16,1.73,2.9,3.89,5.64,7.39
2023-10-03 15:05:00,1878.73963,11.796532449999999,2.333019936,8.2259650182724,1.4493470180000003,0.6588126,0.25,0.65,0.1,1.73,2.9,3.89,5.64,7.39
2023-10-03 15:10:00,1779.66941,14.83592118,2.594921472,10.864527568817138,1.610378896,1.2839646,0.25,0.65,0.1,1.73,2.9,3.89,5.64,7.39
2023-10-03 15:15:00,1924.96829,17.24633545,2.870600928,12.853028616905211,1.529853248,1.21443135,0.25,0.65,0.1,1.82,3.14,4.3,6.69,8.56
2023-10-03 15:20:00,2043.8484000000003,17.62310969,3.339194976,12.512642469406128,1.3151313980000001,1.3706511,0.25,0.65,0.1,1.82,3.14,4.3,6.69,8.56
2023-10-03 15:25:00,2195.75214,19.362624999999998,4.055821536,13.15539786338806,1.341965212,1.3532133,0.25,0.65,0.1,1.82,3.14,4.3,6.69,8.56
2023-10-03 15:30:00,2288.2148199999997,16.23818588,3.532278048,10.832215662002563,1.3419593600000002,1.2836854500000001,0.33,0.65,0.13,1.62,2.6,3.37,4.16,4.8
2023-10-03 15:35:00,2136.30773,16.30048053,3.931970016,10.28280213356018,1.261436372,1.1273475,0.25,0.65,0.1,1.62,2.6,3.37,4.16,4.8
2023-10-03 15:40:00,2090.07371,18.87860808,5.048199936,11.152596077919005,1.261431052,1.12728405,0.25,0.65,0.1,1.62,2.6,3.37,4.16,4.8
2023-10-03 15:45:00,2367.46309,13.972123680000001,3.6703243199999998,8.354880218505858,1.2882643340000002,1.0751352,0.25,0.65,0.1,1.6,2.62,3.46,5.17,7.75
2023-10-03 15:50:00,2486.3432000000003,16.2567358,5.158598016000001,8.361766467094421,1.341936484,1.2486842999999999,0.25,0.65,0.1,1.6,2.62,3.46,5.17,7.75
2023-10-03 15:55:00,2195.74075,17.82852446,6.205920863999999,8.330680441856384,1.368769234,1.2833367,0.25,0.65,0.1,1.6,2.62,3.46,5.17,7.75
2023-10-03 16:00:00,2413.6884000000005,16.17166631,4.249312704,9.668311233520507,1.476117524,1.1270298,0.35,0.84,0.18,1.59,2.74,3.86,5.22,6.43
2023-10-03 16:05:00,2341.03695,16.90484464,4.621441344,9.83196551322937,1.3687577960000001,1.19640225,0.25,0.65,0.1,1.59,2.74,3.86,5.22,6.43
2023-10-03 16:10:00,2175.9214800000004,15.625364289999998,4.015226591999999,9.480265007019042,1.368751678,1.12690275,0.25,0.65,0.1,1.59,2.74,3.86,5.22,6.43
2023-10-03 16:15:00,2374.0545500000003,16.88266954,4.869634848,9.429943752288818,1.3419077560000001,1.0400511,0.25,0.65,0.1,1.72,2.86,3.99,4.95,5.9
2023-10-03 16:20:00,2208.93975,20.7606304,6.564582336,10.713874373435974,1.5029303240000003,1.17884655,0.25,0.65,0.1,1.72,2.86,3.99,4.95,5.9
2023-10-03 16:25:00,2169.31059,24.533739899999997,6.041045088000001,15.28822961807251,1.502924206,1.30027455,0.25,0.65,0.1,1.72,2.86,3.99,4.95,5.9
2023-10-03 16:30:00,2182.51763,27.5311411,6.330491232,17.842649879455564,1.6102687720000002,1.10929305,0.34,0.85,0.16,1.86,3.12,4.41,5.15,5.72
2023-10-03 16:35:00,2195.72467,31.6187321,7.322682432,20.411740646362304,1.93231444,1.12658505,0.25,0.65,0.1,1.86,3.12,4.41,5.15,5.72
2023-10-03 16:40:00,2578.7837700000005,25.894633999999996,6.192855552,16.41678566932678,2.1470067640000003,0.9876882,0.25,0.65,0.1,1.86,3.12,4.41,5.15,5.72
2023-10-03 16:45:00,2030.6092000000003,23.7346341,6.041363328,14.48863697528839,2.3080224160000005,1.0570443,0.25,0.65,0.1,1.95,3.13,4.14,5.26,6.52
2023-10-03 16:50:00,2307.99456,22.0987382,5.435154816,13.780511856079102,2.2006634860000003,1.05698355,0.25,0.65,0.1,1.95,3.13,4.14,5.26,6.52
2023-10-03 16:55:00,2552.3583,22.3497122,5.214766752,14.368778362274169,2.1469791000000003,1.2477960000000001,0.25,0.65,0.1,1.95,3.13,4.14,5.26,6.52
2023-10-03 17:00:00,3377.9148800000003,28.8692107,7.695108096,17.092242774963378,2.281155618,1.438593,0.32,0.84,0.13,1.92,3.15,4.35,5.63,6.73
2023-10-03 17:05:00,2506.12294,29.0363166,7.84675632,17.02725830078125,2.442168078,1.31706195,0.25,0.65,0.1,1.92,3.15,4.35,5.63,6.73
2023-10-03 17:10:00,2565.56065,23.7525308,5.972864351999999,14.611367211341857,2.307973206,1.1261406,0.25,0.65,0.1,1.92,3.15,4.35,5.63,6.73
2023-10-03 17:15:00,1792.8369200000002,34.36019329999999,6.730797216,24.05905345916748,2.576330764,1.19547465,0.25,0.65,0.1,1.97,3.19,4.29,5.43,6.38
2023-10-03 17:20:00,1839.06625,31.759938400000003,9.073329408,17.873673973083495,2.4153002160000003,0.9872245499999999,0.25,0.65,0.1,1.97,3.19,4.29,5.43,6.38
2023-10-03 17:25:00,1779.62519,26.706766,6.868746143999999,16.194504013061522,2.2274339920000004,0.76164315,0.25,0.65,0.1,1.97,3.19,4.29,5.43,6.38
2023-10-03 17:30:00,1759.80994,18.97009708,4.967309568,11.367884016036987,1.8248778380000001,0.74424705,0.33,0.93,0.18,1.94,3.11,4.08,5.4,6.58
2023-10-03 17:35:00,1733.3911699999999,21.149831099999997,6.372855840000001,11.396501884460449,1.7175244940000003,0.77889165,0.25,0.65,0.1,1.94,3.11,4.08,5.4,6.58
2023-10-03 17:40:00,1588.0916200000001,17.87870971,5.0501455680000005,10.149722032546997,1.529663856,0.7094584500000001,0.25,0.65,0.1,1.94,3.11,4.08,5.4,6.58
2023-10-03 17:45:00,1588.0902800000001,15.886442189999999,4.554181632,8.916499738693236,1.341804814,0.6920665500000001,0.25,0.65,0.1,2.03,3.34,4.41,6.18,9.9
2023-10-03 17:50:00,1746.5948600000002,18.401616139999998,5.491236192,9.99755970954895,1.3954708460000003,0.6399865499999999,0.25,0.65,0.1,2.03,3.34,4.41,6.18,9.9
2023-10-03 17:55:00,1680.54894,25.9064187,7.351478784,14.655357780456542,1.529644172,0.9174438,0.25,0.65,0.1,2.03,3.34,4.41,6.18,9.9
2023-10-03 18:00:00,1673.9427400000002,29.9310561,8.55032256,16.84522490501404,1.717487786,0.95207505,0.29,0.72,0.08,2.19,3.58,4.67,6.42,9.8
2023-10-03 18:05:00,1680.5462599999998,29.972369399999998,8.137031136000001,17.519060859680174,1.556466814,0.9867034499999999,0.25,0.65,0.1,2.19,3.58,4.67,6.42,9.8
2023-10-03 18:10:00,1667.3352000000002,44.248759899999996,12.064095264,25.785278692245484,1.5832958400000001,1.2814554,0.25,0.65,0.1,2.19,3.58,4.67,6.42,9.8
2023-10-03 18:15:00,1594.68576,38.9650123,12.077941824,20.480340833663938,1.717465974,1.3334091000000001,0.25,0.65,0.1,2.43,3.95,5.18,7.14,9.39
2023-10-03 18:20:00,1574.8711799999999,46.8471239,13.44212064,26.274647703170775,1.7174587920000002,1.21195455,0.25,0.65,0.1,2.43,3.95,5.18,7.14,9.39
2023-10-03 18:25:00,1588.07822,23.5756648,6.470096256,13.673514070510864,1.5564402140000002,1.0038114,0.25,0.65,0.1,2.43,3.95,5.18,7.14,9.39
2023-10-03 18:30:00,1548.45107,22.988053299999997,6.263492352,13.402099699974059,1.3954232320000002,0.7783457999999999,0.31,0.69,0.06,2.45,3.95,5.14,6.48,7.86
2023-10-03 18:35:00,1588.07554,23.909895699999996,6.89739648,13.353783025741576,1.3417473580000001,0.7782963,0.25,0.65,0.1,2.45,3.95,5.14,6.48,7.86
2023-10-03 18:40:00,1548.4477200000001,31.6452238,9.143413344,17.651698331832886,1.4222461400000002,0.89961,0.25,0.65,0.1,2.45,3.95,5.14,6.48,7.86
2023-10-03 18:45:00,1502.21571,31.581716299999997,9.336389087999999,17.292850189208984,1.4759095120000003,0.8302078500000001,0.25,0.65,0.1,2.61,4.18,5.58,7.54,11.47
2023-10-03 18:50:00,1528.6318,28.8556879,7.91725584,16.738733501434325,1.3417300680000002,0.93417375,0.25,0.65,0.1,2.61,4.18,5.58,7.54,11.47
2023-10-03 18:55:00,1528.63046,23.634893899999998,6.56701968,13.584408144950865,1.234386566,0.7780977,0.25,0.65,0.1,2.61,4.18,5.58,7.54,11.47
2023-10-03 19:00:00,1528.6291200000003,29.210871499999996,8.385883584,16.376706809997557,1.153878208,0.86472255,0.3,0.7,0.05,2.55,4.23,5.53,7.4,9.15
2023-10-03 19:05:00,1555.04521,45.6045543,11.61016272,27.83579605102539,1.341713044,1.2286876500000001,0.25,0.65,0.1,2.55,4.23,5.53,7.4,9.15
2023-10-03 19:10:00,1528.62644,58.664847800000004,14.66909184,36.21455636978149,1.55638063,1.36728825,0.25,0.65,0.1,2.55,4.23,5.53,7.4,9.15
2023-10-03 19:15:00,1647.5025300000002,57.7627357,14.37980544,35.755180473327634,1.341701606,1.3672152,0.25,0.65,0.1,2.56,4.16,5.61,6.79,7.64
2023-10-03 19:20:00,1541.83214,52.7096397,13.511821439999999,32.03048957824707,1.207526152,1.22848515,0.25,0.65,0.1,2.56,4.16,5.61,6.79,7.64
2023-10-03 19:25:00,1522.01756,48.495129199999994,14.531499839999999,26.25541247367859,1.55636068,1.3324065,0.25,0.65,0.1,2.56,4.16,5.61,6.79,7.64
2023-10-03 19:30:00,1535.22527,72.14243809999999,19.16115552,42.81727111816406,1.502686668,1.36699635,0.28,0.71,0.08,2.62,4.39,5.83,7.15,9.41
2023-10-03 19:35:00,1475.78488,60.6742251,16.21261824,35.86164455413818,1.34167873,1.3149331499999999,0.25,0.65,0.1,2.62,4.39,5.83,7.15,9.41
2023-10-03 19:40:00,1555.03449,49.5414654,15.26195424,26.183828639984128,1.20750567,1.19355675,0.25,0.65,0.1,2.62,4.39,5.83,7.15,9.41
2023-10-03 19:45:00,1561.6380100000001,46.2494276,13.1401296,26.139132232666014,1.422167138,1.1588332499999998,0.25,0.65,0.1,2.6,4.4,5.97,7.59,9.64
2023-10-03 19:50:00,1508.80181,69.07902729999999,19.312949760000002,39.52154769897461,1.71732659,1.643952,0.25,0.65,0.1,2.6,4.4,5.97,7.59,9.64
2023-10-03 19:55:00,1607.8646600000002,80.94423379999999,22.316711039999998,46.789652023315426,1.66365311,1.678524,0.25,0.65,0.1,2.6,4.4,5.97,7.59,9.64
2023-10-03 20:00:00,1905.0552200000002,81.32094310000001,24.190608,44.29845664978027,1.8783100560000001,1.7477445,0.26,0.66,0.04,2.83,4.66,6.13,7.73,8.89
2023-10-03 20:05:00,1647.4877900000001,73.5215345,21.559000320000003,40.526592082977295,1.7978032940000002,1.730331,0.25,0.65,0.1,2.83,4.66,6.13,7.73,8.89
2023-10-03 20:10:00,1607.86064,94.9464438,27.51129888,52.84180932998657,2.012457846,1.9034970000000002,0.25,0.65,0.1,2.83,4.66,6.13,7.73,8.89
2023-10-03 20:15:00,1522.0028200000002,47.7970051,12.561843840000002,28.571747589111325,1.8782858500000001,1.0025241,0.25,0.65,0.1,2.88,4.68,6.11,7.54,8.96
2023-10-03 20:20:00,1522.00215,24.882391300000002,7.326161856,13.670075044631957,1.7172827000000002,0.69063555,0.25,0.65,0.1,2.88,4.68,6.11,7.54,8.96
2023-10-03 20:25:00,1522.0008100000002,23.2255809,7.105786272,12.350540122985839,1.5831130980000003,0.70791285,0.25,0.65,0.1,2.88,4.68,6.11,7.54,8.96
2023-10-03 20:30:00,1495.5820400000002,24.5666874,7.629438336,12.89022310256958,1.6099389320000002,0.7251885,0.26,0.61,0.05,2.96,4.85,6.33,8.27,10.64
2023-10-03 20:35:00,1515.39327,23.496896399999997,7.395284832000001,12.178792839050292,1.502603144,0.81175005,0.25,0.65,0.1,2.96,4.85,6.33,8.27,10.64
2023-10-03 20:40:00,1508.78774,21.756275199999997,7.133576736,10.838702087402343,1.6099251,0.777057,0.25,0.65,0.1,2.96,4.85,6.33,8.27,10.64
2023-10-03 20:45:00,1488.97383,22.133022699999998,6.926981568,11.531632103919982,1.475758158,0.79432785,0.25,0.65,0.1,3.03,4.71,5.82,7.91,9.88
2023-10-03 20:50:00,1482.3683,29.0296316,8.607996384,15.85553409576416,1.6099112680000003,0.8462370000000001,0.25,0.65,0.1,3.03,4.71,5.82,7.91,9.88
2023-10-03 20:55:00,1475.76277,30.140124699999998,9.021416352,16.3333109664917,1.368418912,0.77690835,0.25,0.65,0.1,3.03,4.71,5.82,7.91,9.88
2023-10-03 21:00:00,1475.7614300000002,21.5441888,6.706765728000001,11.279828195571898,1.502571224,0.776859,0.23,0.62,0.04,3.19,4.99,6.45,7.52,8.64
2023-10-03 21:05:00,1455.94752,17.56039293,5.39792448,9.299146013259888,1.4220700480000001,0.7768095,0.25,0.65,0.1,3.19,4.99,6.45,7.52,8.64
2023-10-03 21:10:00,1469.15389,13.74431607,3.9650832,7.6759604072570795,1.314738516,0.7421259,0.25,0.65,0.1,3.19,4.99,6.45,7.52,8.64
2023-10-03 21:15:00,1449.33998,15.33698485,4.020279744,9.184151763916015,1.3147329300000001,0.7767103499999999,0.25,0.65,0.1,3.29,5.16,6.83,8.73,11.31
2023-10-03 21:20:00,1455.9435,16.38458929,4.626594336,9.303823671340941,1.287895924,0.6381358500000001,0.25,0.65,0.1,3.29,5.16,6.83,8.73,11.31
2023-10-03 21:25:00,1449.33797,15.335781549999998,4.943572608,7.7698979091644285,1.1000730580000002,0.7419814499999999,0.25,0.65,0.1,3.29,5.16,6.83,8.73,11.31
2023-10-03 21:30:00,1449.33663,18.47978671,6.21122736,8.973821086883545,1.1805614660000001,0.77656215,0.25,0.65,0.1,3.29,5.2,6.72,8.34,10.24
2023-10-03 21:35:00,1462.5436700000002,17.17940905,5.02640112,9.486760540008545,1.3147105860000001,0.7591989000000001,0.25,0.65,0.1,3.29,5.2,6.72,8.34,10.24
2023-10-03 21:40:00,1462.5416599999999,19.778336499999998,6.183830016,10.314302554130554,1.341535622,0.72452445,0.25,0.65,0.1,3.29,5.2,6.72,8.34,10.24
2023-10-03 21:45:00,1449.33194,18.3731495,6.018574848,9.162028517723083,1.12688506,0.70716465,0.25,0.65,0.1,3.39,5.15,6.45,7.77,8.82
2023-10-03 21:50:00,1455.9354600000001,18.30964964,5.632871711999999,9.688827900886535,1.2073716060000002,0.7590526499999999,0.25,0.65,0.1,3.39,5.15,6.45,7.77,8.82
2023-10-03 21:55:00,1455.9341200000001,18.749287709999997,5.24717232,10.718760595321655,1.207366552,0.77631465,0.25,0.65,0.1,3.39,5.15,6.45,7.77,8.82
2023-10-03 22:00:00,1442.7244,21.4740154,5.784588576000001,12.62099910736084,1.12687043,0.84550575,0.25,0.53,0.04,3.37,5.27,6.64,9.11,11.31
2023-10-03 22:05:00,1449.3265800000001,23.4439894,6.638894496,13.283501577377319,1.100035552,0.82814415,0.25,0.65,0.1,3.37,5.27,6.64,9.11,11.31
2023-10-03 22:10:00,1449.3252400000001,17.27999538,5.550526175999999,8.785200171470642,1.07320094,0.6030784499999999,0.25,0.65,0.1,3.37,5.27,6.64,9.11,11.31
2023-10-03 22:15:00,1442.71971,18.180839239999997,6.170606208000001,8.737041969299316,1.100026242,0.74150055,0.25,0.65,0.1,3.41,5.28,6.84,8.01,9.26
2023-10-03 22:20:00,1436.1148500000002,20.046022999999998,6.7631304,9.695399026870728,1.0731916300000002,0.6549154500000001,0.25,0.65,0.1,3.41,5.28,6.84,8.01,9.26
2023-10-03 22:25:00,1436.1135100000001,21.219393299999997,6.92854032,10.615617141723632,1.073187108,0.70679115,0.25,0.65,0.1,3.41,5.28,6.84,8.01,9.26
2023-10-03 22:30:00,1436.11217,21.7009616,6.129512064,12.32005793094635,1.073182586,0.68943825,0.23,0.53,0.1,3.41,5.38,6.9,8.29,9.92
2023-10-03 22:35:00,1436.11083,18.45094571,5.716260576,9.702502036094666,0.939030806,0.6028656,0.25,0.65,0.1,3.41,5.38,6.9,8.29,9.92
2023-10-03 22:40:00,1436.1088200000002,18.19877414,5.77145088,9.365865483283995,0.8585386740000001,0.602823,0.25,0.65,0.1,3.41,5.38,6.9,8.29,9.92
2023-10-03 22:45:00,1436.10815,17.06612504,4.820872992,9.688027343749999,1.0731687540000001,0.5335647,0.25,0.65,0.1,3.47,5.48,7.1,8.13,8.99
2023-10-03 22:50:00,1429.5026200000002,15.66094568,4.545401952,8.704440441131592,1.073164232,0.60273795,0.25,0.65,0.1,3.47,5.48,7.1,8.13,8.99
2023-10-03 22:55:00,1436.1054700000002,13.71071535,3.8841603840000003,7.7662066030502315,1.0463306840000002,0.6026953500000001,0.25,0.65,0.1,3.47,5.48,7.1,8.13,8.99
2023-10-03 23:00:00,1436.10413,18.30116733,4.80733968,10.943780903816222,1.046326162,0.7756719,0.25,0.73,0.04,3.49,5.43,7.14,7.96,9.67
2023-10-03 23:05:00,1442.70698,17.73454482,5.041640448,10.01857274055481,0.9390066,0.65451405,0.25,0.65,0.1,3.49,5.43,7.14,7.96,9.67
2023-10-03 23:10:00,1436.10145,15.281189929999998,4.9452798719999995,7.712692227363586,0.885345356,0.6371689500000001,0.25,0.65,0.1,3.49,5.43,7.14,7.96,9.67
2023-10-03 23:15:00,1429.49592,13.85505214,4.449370848,7.045518019199371,1.073141356,0.60252525,0.25,0.65,0.1,3.56,5.72,7.57,9.58,11.67
2023-10-03 23:20:00,1429.49458,15.321909219999998,5.138325504,7.457965693473816,1.0463083400000002,0.60248265,0.25,0.65,0.1,3.56,5.72,7.57,9.58,11.67
2023-10-03 23:25:00,1429.49324,17.732124849999998,5.882389344000001,8.729430756568908,1.0463038180000002,0.55054455,0.25,0.65,0.1,3.56,5.72,7.57,9.58,11.67
2023-10-03 23:30:00,1429.4919000000002,17.39609855,5.40025824,9.131281294822692,1.073127524,0.6542910000000001,0.23,0.51,0.04,3.52,5.52,7.17,8.78,10.16
2023-10-03 23:35:00,1436.09408,15.34106079,4.863020447999999,7.89845700263977,1.1804353820000002,0.60235515,0.25,0.65,0.1,3.52,5.52,7.17,8.78,10.16
2023-10-03 23:40:00,1436.09274,14.648660959999999,4.656440256,7.522217917442322,1.07311848,0.60231255,0.25,0.65,0.1,3.52,5.52,7.17,8.78,10.16
2023-10-03 23:45:00,1442.6955900000003,14.4593876,4.339642944,7.817787437438964,0.912146718,0.60226995,0.25,0.65,0.1,3.56,5.62,7.2,9.08,10.74
2023-10-03 23:50:00,1449.2984400000003,11.14654035,3.168650784,6.297082707881927,0.93897069,0.5157522,0.25,0.65,0.1,3.56,5.62,7.2,9.08,10.74
2023-10-03 23:55:00,1442.6929100000002,11.250759500000001,3.361617792,6.105975875854492,1.207242862,0.5503018500000001,0.25,0.65,0.1,3.56,5.62,7.2,9.08,10.74
2023-10-04 00:00:00,1448.1601100000003,15.809830179999999,3.834815088,9.723842940330506,0.9660488250000001,0.667380825,0.22,0.65,0.03,3.56,5.62,7.2,9.08,10.74
2023-10-04 00:15:00,1422.8756500000002,15.14756633,5.097885312000001,7.345514283180236,0.9389504740000001,0.25,0.25,0.65,0.1,3.29,5.42,7.19,8.52,9.52
2023-10-04 00:20:00,1429.4785000000002,14.43420616,4.836198432,7.032652637958527,0.8048114620000001,0.25,0.25,0.65,0.1,3.29,5.42,7.19,8.52,9.52
2023-10-04 00:25:00,1422.8736400000003,15.942970550000002,5.5389160319999995,7.465943942070007,0.9389424940000001,0.56734935,0.25,0.65,0.1,3.29,5.42,7.19,8.52,9.52
2023-10-04 00:30:00,1422.87163,19.191699099999997,6.227855711999999,9.660284714698792,1.0462455640000001,0.56730825,0.23,0.5,0.04,2.83,4.44,5.75,6.34,6.79
2023-10-04 00:35:00,1422.87029,15.71116722,5.084431872,7.929706053733826,1.07306794,0.25,0.25,0.65,0.1,2.83,4.44,5.75,6.34,6.79
2023-10-04 00:40:00,1422.86895,13.509407079999999,4.53342864,6.571227078437805,0.9657571560000001,0.25,0.25,0.65,0.1,2.83,4.44,5.75,6.34,6.79
2023-10-04 00:45:00,1422.8676100000002,13.82325637,4.6575035520000005,6.695186383724212,0.831620538,0.25,0.25,0.65,0.1,2.69,4.29,5.53,6.55,7.57
2023-10-04 00:50:00,1416.26275,16.42210742,5.36021616,8.218572387695312,0.9120961780000001,0.25,0.25,0.65,0.1,2.69,4.29,5.53,6.55,7.57
2023-10-04 00:55:00,1416.26141,15.834532209999999,5.236303488,7.82063811302185,0.96574492,0.25,0.25,0.65,0.1,2.69,4.29,5.53,6.55,7.57
2023-10-04 01:00:00,1416.26007,15.37273623,5.112390816,7.548485116958618,1.019392864,0.25,0.22,0.63,0.1,2.95,4.73,6.24,7.32,8.38
2023-10-04 01:05:00,1416.2580600000003,16.75570993,4.9747014720000005,9.142183990478514,0.751128406,0.5324508,0.25,0.65,0.1,2.95,4.73,6.24,7.32,8.38
2023-10-04 01:10:00,1416.2573900000002,16.83895919,5.112551808,9.014460973739624,0.804777148,0.25,0.25,0.65,0.1,2.95,4.73,6.24,7.32,8.38
2023-10-04 01:15:00,1416.2560500000004,15.7692274,4.86464784,8.324132995605469,0.965728428,0.25,0.25,0.65,0.1,3.01,4.77,6.1,7.11,7.99
2023-10-04 01:20:00,1416.25471,14.594684359999999,4.713183072,7.3813990974426265,0.9925497400000001,0.25,0.25,0.65,0.1,3.01,4.77,6.1,7.11,7.99
2023-10-04 01:25:00,1422.85756,11.99464147,4.175965248,5.603540205955505,0.7242900700000001,0.25,0.25,0.65,0.1,3.01,4.77,6.1,7.11,7.99
2023-10-04 01:30:00,1416.2520299999999,11.65862854,4.024501728,5.499334807395935,0.8315886180000001,0.25,0.21,0.69,0.1,2.93,4.79,6.29,7.03,7.64
2023-10-04 01:35:00,1416.25069,10.81950251,3.7766015040000003,5.039607357978821,0.804759858,0.25,0.25,0.65,0.1,2.93,4.79,6.29,7.03,7.64
2023-10-04 01:40:00,1422.85287,9.35148415,3.184280736,4.478106236457824,0.72428076,0.25,0.25,0.65,0.1,2.93,4.79,6.29,7.03,7.64
2023-10-04 01:45:00,1422.8522,10.042667309999999,3.4047936,4.8318049478530884,0.563327086,0.25,0.25,0.65,0.1,2.82,4.54,5.93,6.72,7.35
2023-10-04 01:50:00,1422.85086,10.04206948,3.308440512,4.978670752048492,0.777924448,0.25,0.25,0.65,0.1,2.82,4.54,5.93,6.72,7.35
2023-10-04 01:55:00,1422.84952,13.5632729,4.60354128,6.517789206504822,0.804746026,0.5147757,0.25,0.65,0.1,2.82,4.54,5.93,6.72,7.35
2023-10-04 02:00:00,1429.4510300000002,16.287870709999996,5.8159770239999995,7.386817202568054,0.831567338,0.25,0.21,0.4,0.1,2.84,4.51,5.75,7.75,9.42
2023-10-04 02:05:00,1429.45036,16.01475026,5.540522208,7.535266361236572,0.616966784,0.6010806,0.25,0.65,0.1,2.84,4.51,5.75,7.75,9.42
2023-10-04 02:10:00,1429.44902,16.307627749999998,5.650815456,7.6593445205688475,0.6974376360000001,0.56648625,0.25,0.65,0.1,2.84,4.51,5.75,7.75,9.42
2023-10-04 02:15:00,1429.44768,12.70138158,4.300781472,6.119256107807159,0.536488218,0.53189475,0.25,0.65,0.1,2.75,4.45,5.7,7.13,8.38
2023-10-04 02:20:00,1429.4463400000002,13.58122881,4.452407232,6.767047543525695,0.643783042,0.6009534,0.25,0.65,0.1,2.75,4.45,5.7,7.13,8.38
2023-10-04 02:25:00,1429.4450000000004,11.79877097,3.57078384,6.33386962890625,0.6706046200000001,0.25,0.25,0.65,0.1,2.75,4.45,5.7,7.13,8.38
2023-10-04 02:30:00,1429.44366,10.70809603,3.254006496,5.7280054378509515,0.670601694,0.5490489,0.2,0.53,0.1,2.63,4.14,5.26,5.83,6.55
2023-10-04 02:35:00,1429.44232,14.77431031,5.003716224000001,7.1163791656494135,0.536479174,0.60082605,0.25,0.65,0.1,2.63,4.14,5.26,5.83,6.55
2023-10-04 02:40:00,1422.8374600000002,17.394079679999997,6.381455808,7.627588176727294,0.563300486,0.6007836,0.25,0.65,0.1,2.63,4.14,5.26,5.83,6.55
2023-10-04 02:45:00,1422.83612,17.37251005,6.367756512000001,7.6269861650466915,0.6705931820000001,0.6007413,0.25,0.65,0.1,2.38,3.7,4.75,5.21,5.59
2023-10-04 02:50:00,1429.4383000000003,14.541912969999998,5.458586016,6.187826695442199,0.8047082540000001,0.60069885,0.25,0.65,0.1,2.38,3.7,4.75,5.21,5.59
2023-10-04 02:55:00,1436.04048,17.16167088,6.326584992,7.479158143997192,0.59011701,0.7042752,0.25,0.65,0.1,2.38,3.7,4.75,5.21,5.59
2023-10-04 03:00:00,1449.24685,44.622451399999996,15.391584,21.06641969680786,0.9119948320000001,0.7387668,0.22,0.46,0.1,2.14,3.48,4.63,5.53,6.34
2023-10-04 03:05:00,1812.45385,43.82521739999999,12.181735488,25.181696863174437,1.046107244,1.2222345,0.25,0.65,0.1,2.14,3.48,4.63,5.53,6.34
2023-10-04 03:10:00,1673.77323,59.8192327,16.16319744,35.082289886474605,1.1265722440000001,1.42938015,0.25,0.65,0.1,2.14,3.48,4.63,5.53,6.34
2023-10-04 03:15:00,1528.48842,64.178865,15.446882879999999,40.53820608139038,1.072921374,1.377504,0.25,0.65,0.1,2.1,3.53,4.68,5.75,6.51
2023-10-04 03:20:00,1488.8646200000003,59.901802,14.703024959999999,37.39957401275635,0.9388023120000001,1.2220338,0.25,0.65,0.1,2.1,3.53,4.68,5.75,6.51
2023-10-04 03:25:00,1469.05138,39.944593999999995,11.396759712,22.502438869476318,0.804684314,0.8075904,0.25,0.65,0.1,2.1,3.53,4.68,5.75,6.51
2023-10-04 03:30:00,1462.4458499999998,24.0751489,7.580785056000001,12.473145585060118,0.804680856,0.54856485,0.23,0.62,0.1,2.03,3.29,4.41,4.98,5.41
2023-10-04 03:35:00,1462.4451800000002,16.02484652,5.624624927999999,7.416646380424499,0.885145058,0.25,0.25,0.65,0.1,2.03,3.29,4.41,4.98,5.41
2023-10-04 03:40:00,1462.44384,18.812285239999998,6.713031935999999,8.538334398269653,0.724206546,0.25,0.25,0.65,0.1,2.03,3.29,4.41,4.98,5.41
2023-10-04 03:45:00,1462.4425,19.9436661,6.864650208,9.437671542167664,0.5900917400000001,0.6002326499999999,0.25,0.65,0.1,1.95,3.13,4.1,5.0,5.73
2023-10-04 03:50:00,1449.23345,17.65812763,5.597312448,9.091728854179381,0.536444594,0.25,0.25,0.65,0.1,1.95,3.13,4.1,5.0,5.73
2023-10-04 03:55:00,1449.2321100000001,15.05814777,4.812148224,7.693402352333068,0.536442466,0.5311017,0.25,0.65,0.1,1.95,3.13,4.1,5.0,5.73
2023-10-04 04:00:00,1442.6272500000002,14.91080655,4.55048256,7.9465268611907955,0.643728246,0.6001056,0.22,0.6,0.1,1.86,3.04,3.96,4.94,5.68
2023-10-04 04:05:00,1436.0223900000003,10.570935109999999,2.8560941759999996,6.199829587936401,0.777834806,0.60006345,0.25,0.65,0.1,1.86,3.04,3.96,4.94,5.68
2023-10-04 04:10:00,1462.4358,11.32499165,3.627643968,5.773068881034851,0.53643555,0.6000209999999999,0.25,0.65,0.1,1.86,3.04,3.96,4.94,5.68
2023-10-04 04:15:00,1442.6232300000001,18.4726414,5.66659392,9.800210080146789,0.751006578,0.72079065,0.25,0.65,0.1,1.64,2.78,3.85,4.7,5.49
2023-10-04 04:20:00,1449.22541,18.178558699999996,5.969749343999999,9.042162618637084,0.5900741840000001,0.5999364,0.25,0.65,0.1,1.64,2.78,3.85,4.7,5.49
2023-10-04 04:25:00,1449.22407,18.59720587,6.768842496,8.237840404510498,0.643714414,0.59989395,0.25,0.65,0.1,1.64,2.78,3.85,4.7,5.49
2023-10-04 04:30:00,1442.61854,25.1369179,8.752674528,11.74139902114868,0.7509970020000001,0.5825948999999999,0.24,0.45,0.1,1.49,2.51,3.4,4.38,5.52
2023-10-04 04:35:00,1436.01368,22.851392799999996,7.939961951999999,10.699688391685486,0.804636168,0.5998093499999999,0.25,0.65,0.1,1.49,2.51,3.4,4.38,5.52
2023-10-04 04:40:00,1449.2200500000001,21.194735199999997,7.168581887999999,10.223587317466736,0.8046327100000001,0.63427785,0.25,0.65,0.1,1.49,2.51,3.4,4.38,5.52
2023-10-04 04:45:00,1429.4081500000002,22.7243969,7.871233343999999,10.677877535820008,0.804629252,0.5997246,0.25,0.65,0.1,1.46,2.49,3.37,4.24,5.42
2023-10-04 04:50:00,1436.0096600000002,18.40551445,6.176867424,8.952136826515197,0.724163454,0.68595285,0.25,0.65,0.1,1.46,2.49,3.37,4.24,5.42
2023-10-04 04:55:00,1429.4048,14.40107721,4.565157792,7.4143376064300535,0.590056362,0.5478798,0.25,0.65,0.1,1.46,2.49,3.37,4.24,5.42
2023-10-04 05:00:00,1429.40346,18.48815251,5.984161248,9.329700155258179,0.777798364,0.5995977,0.25,0.65,0.1,1.4,2.5,3.42,5.1,7.27
2023-10-04 05:05:00,1429.4021200000002,32.008314799999994,9.95170176,16.777744951248167,0.8850772280000001,0.65131155,0.25,0.65,0.1,1.4,2.5,3.42,5.1,7.27
2023-10-04 05:10:00,1455.81553,17.39689311,5.0613363840000005,9.65077730178833,0.885073238,0.6340158,0.25,0.65,0.1,1.4,2.5,3.42,5.1,7.27
2023-10-04 05:15:00,1502.0401700000002,29.0513865,7.802812992,17.109579982757566,0.831429018,0.7719775500000001,0.25,0.65,0.1,1.4,2.55,3.62,4.94,6.04
2023-10-04 05:20:00,1686.94007,44.5210113,11.205522431999999,27.37153302192688,1.0191667640000002,1.0824285,0.25,0.65,0.1,1.4,2.55,3.62,4.94,6.04
2023-10-04 05:25:00,1515.24386,57.160684599999996,14.93883456,34.297565383911135,1.045982224,1.3411068,0.25,0.65,0.1,1.4,2.55,3.62,4.94,6.04
2023-10-04 05:30:00,1488.82777,54.7703196,14.566968,32.476324310302736,1.045977702,1.11680295,0.25,0.74,0.06,1.53,2.76,3.89,5.25,6.54
2023-10-04 05:35:00,1700.1424200000001,40.5781983,10.15877616,25.030713062286377,0.9655140320000001,0.9960045,0.25,0.65,0.1,1.53,2.76,3.89,5.25,6.54
2023-10-04 05:40:00,1435.9969300000002,27.2874633,5.530198752,18.82377773284912,0.8045914800000001,0.8407212,0.25,0.65,0.1,1.53,2.76,3.89,5.25,6.54
2023-10-04 05:45:00,1455.80548,15.527016479999999,3.395041728,10.331078734397888,0.643670524,0.56472375,0.25,0.65,0.1,1.59,2.8,3.88,4.87,5.84
2023-10-04 05:50:00,1455.8041400000002,14.939471829999999,4.097686943999999,8.668172197341919,0.965501796,0.56468295,0.25,0.65,0.1,1.59,2.8,3.88,4.87,5.84
2023-10-04 05:55:00,1449.19928,16.57392377,4.579917888,9.56459491252899,0.91185864,0.5991324,0.25,0.65,0.1,1.59,2.8,3.88,4.87,5.84
2023-10-04 06:00:00,1455.8014600000001,19.06782605,5.971340544,9.9289959526062,0.992312734,0.59909025,0.3,0.55,0.04,1.53,2.87,3.96,6.38,8.31
2023-10-04 06:05:00,1469.0078300000002,21.163430299999998,7.059695135999999,10.358928833007813,1.04594658,0.5818040999999999,0.25,0.65,0.1,1.53,2.87,3.96,6.38,8.31
2023-10-04 06:10:00,1455.7994500000002,20.3872254,6.123032448,11.016237244606017,0.9654853040000001,0.5990056500000001,0.25,0.65,0.1,1.53,2.87,3.96,6.38,8.31
2023-10-04 06:15:00,1455.79811,19.107926499999998,5.434332384,10.790960102081298,1.07275672,0.51275085,0.25,0.65,0.1,1.57,2.96,4.31,5.75,7.85
2023-10-04 06:20:00,1455.7961,20.7423708,6.412477344,10.92840364933014,1.072752198,0.59892105,0.25,0.65,0.1,1.57,2.96,4.31,5.75,7.85
2023-10-04 06:25:00,1449.1912399999999,22.6493148,6.798270336000001,12.24491120815277,1.07274741,0.6850845,0.25,0.65,0.1,1.57,2.96,4.31,5.75,7.85
2023-10-04 06:30:00,1455.7940899999999,20.6573185,5.7651859199999995,11.833995885849,0.85819447,0.5988365999999999,0.3,0.58,0.04,1.57,2.88,4.07,5.72,6.96
2023-10-04 06:35:00,1482.20683,17.82681692,4.387714656,11.111645622253418,0.6704615119999999,0.5987943,0.25,0.65,0.1,1.57,2.88,4.07,5.72,6.96
2023-10-04 06:40:00,1482.20549,16.379827659999997,3.519942816,10.992735109329223,0.6704585860000001,0.736665,0.25,0.65,0.1,1.57,2.88,4.07,5.72,6.96
2023-10-04 06:45:00,1468.99711,18.056190729999997,3.7955349120000004,12.247318344116211,0.8313651780000001,0.6504250500000001,0.25,0.65,0.1,1.65,3.05,4.35,6.58,10.57
2023-10-04 06:50:00,1455.7880599999999,20.885467999999996,5.14561008,13.010375890731812,0.8045436,0.70209405,0.25,0.65,0.1,1.65,3.05,4.35,6.58,10.57
2023-10-04 06:55:00,1442.5796799999998,21.702375,5.600278943999999,13.131435794830322,0.8045401420000001,0.77099595,0.25,0.65,0.1,1.65,3.05,4.35,6.58,10.57
2023-10-04 07:00:00,1435.97482,22.1210088,6.26157792,12.537985248565674,0.804536684,0.6847650000000001,0.32,0.66,0.05,1.67,3.08,4.21,7.82,12.2
2023-10-04 07:05:00,1435.97415,19.038981229999997,4.760142816,11.753826327323914,0.6704442220000001,0.5985408000000001,0.25,0.65,0.1,1.67,3.08,4.21,7.82,12.2
2023-10-04 07:10:00,1442.57633,18.55625165,4.567370496000001,11.5661252784729,0.8045297680000001,0.59849865,0.25,0.65,0.1,1.67,3.08,4.21,7.82,12.2
2023-10-04 07:15:00,1435.9708000000003,16.165978329999998,4.3470473279999995,9.513045954704284,0.80452631,0.5812221,0.25,0.65,0.1,1.63,2.91,4.0,5.64,8.01
2023-10-04 07:20:00,1442.57298,14.928621119999999,3.9476461439999997,8.88695107460022,0.7508879420000001,0.5984142,0.25,0.65,0.1,1.63,2.91,4.0,5.64,8.01
2023-10-04 07:25:00,1442.5716400000001,21.572953399999996,6.702782112,11.3146884059906,0.88497136,0.7707017999999999,0.25,0.65,0.1,1.63,2.91,4.0,5.64,8.01
2023-10-04 07:30:00,1449.17382,24.2135475,7.212543936,13.175118527412414,0.9386020140000001,0.7706529,0.36,0.68,0.07,1.66,3.06,4.34,6.21,8.96
2023-10-04 07:35:00,1442.56896,23.9613893,7.226397984,12.901757864952087,0.992232136,0.7706036999999999,0.25,0.65,0.1,1.66,3.06,4.34,6.21,8.96
2023-10-04 07:40:00,1442.5676200000003,23.143278999999996,6.7443430079999995,12.821408886909484,0.9385940340000001,0.7360929,0.25,0.65,0.1,1.66,3.06,4.34,6.21,8.96
2023-10-04 07:45:00,1435.9627600000001,22.3041778,6.124538784,12.930884847640991,0.9922236240000001,0.59820315,0.25,0.65,0.1,1.88,3.45,4.92,7.29,10.03
2023-10-04 07:50:00,1442.56494,20.9620017,5.601162528,12.389709134101867,1.019036158,0.598161,0.25,0.65,0.1,1.88,3.45,4.92,7.29,10.03
2023-10-04 07:55:00,1435.96008,21.8208332,5.711443296,13.079761152267455,0.8849487500000001,0.58089,0.25,0.65,0.1,1.88,3.45,4.92,7.29,10.03
2023-10-04 08:00:00,1429.3552200000001,19.367705599999997,5.201843712,11.406549377441406,0.804495454,0.5980767,0.38,0.96,0.09,2.01,3.57,4.97,6.65,8.15
2023-10-04 08:05:00,1429.35388,16.243787909999998,4.623372,9.167953004837036,0.8313082540000001,0.5980344,0.25,0.65,0.1,2.01,3.57,4.97,6.65,8.15
2023-10-04 08:10:00,1422.74969,15.99164308,4.513253472,9.084339866638183,0.831304796,0.52908495,0.25,0.65,0.1,2.01,3.57,4.97,6.65,8.15
2023-10-04 08:15:00,1422.7483500000003,17.395477800000002,5.146985376,9.518280997276305,0.80448508,0.58072395,0.25,0.65,0.1,2.4,3.77,4.75,6.97,8.8
2023-10-04 08:20:00,1422.74634,17.93987937,5.326143264000001,9.78848952293396,0.9385618480000001,0.56345685,0.25,0.65,0.1,2.4,3.77,4.75,6.97,8.8
2023-10-04 08:25:00,1422.7450000000001,18.86158807,5.684372928,10.161947150230407,0.831294156,0.580641,0.25,0.65,0.1,2.4,3.77,4.75,6.97,8.8
2023-10-04 08:30:00,1416.14081,18.84002035,5.284977984,10.751632618904113,0.831290698,0.25,0.41,0.78,0.06,2.58,3.93,5.14,6.03,6.86
2023-10-04 08:35:00,1416.13947,17.20440331,4.926911808,9.664017004966736,0.8312869740000001,0.25,0.25,0.65,0.1,2.58,3.93,5.14,6.03,6.86
2023-10-04 08:40:00,1409.5346100000002,17.413416520000002,5.078516352,9.641007590293883,0.7508368700000001,0.5977391999999999,0.25,0.65,0.1,2.58,3.93,5.14,6.03,6.86
2023-10-04 08:45:00,1416.1361200000001,15.861648479999998,4.720450176,8.637241911888122,0.804464598,0.5976970500000001,0.25,0.65,0.1,2.7,4.39,5.85,8.04,10.93
2023-10-04 08:50:00,1416.13545,16.67854784,4.610331648,9.622673101425171,0.9921688280000001,0.5115476999999999,0.25,0.65,0.1,2.7,4.39,5.85,8.04,10.93
2023-10-04 08:55:00,1416.1341100000002,19.08853045,5.271606912,11.020606155395507,0.911718724,0.580392,0.25,0.65,0.1,2.7,4.39,5.85,8.04,10.93
2023-10-04 09:00:00,1416.13277,18.68965369,5.189039232,10.748095231056213,1.0726056320000001,0.5286903000000001,0.42,0.84,0.06,2.76,4.31,5.79,7.06,8.34
2023-10-04 09:05:00,1416.1314300000001,17.284623309999997,4.707001728,10.080799436569214,1.0189709880000002,0.25,0.25,0.65,0.1,2.76,4.31,5.79,7.06,8.34
2023-10-04 09:10:00,1409.5265700000002,17.38882336,4.445362272,10.585425481796264,0.8312622360000002,0.25,0.25,0.65,0.1,2.76,4.31,5.79,7.06,8.34
2023-10-04 09:15:00,1409.5252299999997,19.2537932,4.693389792,12.070800504684447,0.992147548,0.5802261,0.25,0.65,0.1,3.03,4.72,6.04,8.65,14.15
2023-10-04 09:20:00,1409.52389,17.723000779999996,4.789895136,10.392312703132628,0.9385139680000001,0.70070625,0.25,0.65,0.1,3.03,4.72,6.04,8.65,14.15
2023-10-04 09:25:00,1402.91903,15.961629339999998,4.3491864,9.305422964096069,1.045768094,0.5973598499999999,0.25,0.65,0.1,3.03,4.72,6.04,8.65,14.15
2023-10-04 09:30:00,1416.12473,16.3802555,4.473240096,9.534191045761109,1.072578234,0.5973177000000001,0.43,0.91,0.05,3.24,5.12,6.59,9.63,13.36
2023-10-04 09:35:00,1409.51987,22.290788699999997,5.533971456,13.821330251693725,1.3407168740000002,0.6661369500000001,0.25,0.65,0.1,3.24,5.12,6.59,9.63,13.36
2023-10-04 09:40:00,1409.51853,20.8228773,5.478953376,12.437620520591736,1.44796834,0.59723355,0.25,0.65,0.1,3.24,5.12,6.59,9.63,13.36
2023-10-04 09:45:00,1409.51719,25.7901188,6.980467104,15.106871094703674,1.5284043460000003,0.7693311,0.25,0.65,0.1,3.46,5.3,6.88,8.7,9.96
2023-10-04 09:50:00,1416.1193700000001,21.0103247,5.603086943999999,12.435086789131164,1.60883982,0.6832156500000001,0.25,0.65,0.1,3.46,5.3,6.88,8.7,9.96
2023-10-04 09:55:00,1416.11803,24.4054643,6.250571808,14.839284644126892,1.5820190400000003,0.7175955,0.25,0.65,0.1,3.46,5.3,6.88,8.7,9.96
2023-10-04 10:00:00,1416.1166900000003,31.531693399999998,7.793400576,19.604292707443236,1.903777428,0.87245595,0.42,0.94,0.06,3.54,5.83,7.82,11.55,15.77
2023-10-04 10:05:00,1475.54569,31.4891577,7.655732448,19.7724497795105,2.17190596,0.8035579500000001,0.25,0.65,0.1,3.54,5.83,7.82,11.55,15.77
2023-10-04 10:10:00,1416.11401,29.2666435,6.994630656,18.561719589233398,2.35959157,0.83792895,0.25,0.65,0.1,3.54,5.83,7.82,11.55,15.77
2023-10-04 10:15:00,1409.50915,25.094725999999998,5.89275024,16.076174564361573,2.1987012040000002,0.7174078500000001,0.25,0.65,0.1,3.39,5.75,7.89,12.29,20.71
2023-10-04 10:20:00,1416.11133,21.132431,4.928619072,13.589432802200317,1.876931644,0.7689888,0.25,0.65,0.1,3.39,5.75,7.89,12.29,20.71
2023-10-04 10:25:00,1416.1099900000002,21.655866500000002,5.410805088,13.374907169342041,1.8769239300000002,0.7689399000000001,0.25,0.65,0.1,3.39,5.75,7.89,12.29,20.71
2023-10-04 10:30:00,1416.1086500000001,27.0632675,7.242882816,15.978406410217284,2.037794346,0.8721382500000001,0.43,0.87,0.05,3.27,5.47,7.64,9.13,10.21
2023-10-04 10:35:00,1416.10798,28.152616899999998,7.270507296,17.025476856231688,2.0377855680000003,0.751635,0.25,0.65,0.1,3.27,5.47,7.64,9.13,10.21
2023-10-04 10:40:00,1409.50312,17.650434150000002,3.7443469439999997,11.919903225898743,1.850086924,0.54510855,0.25,0.65,0.1,3.27,5.47,7.64,9.13,10.21
2023-10-04 10:45:00,1409.5011100000002,17.565983499999998,3.386296992,12.38342945098877,1.608764276,0.25,0.25,0.65,0.1,3.06,5.03,6.79,8.89,10.66
2023-10-04 10:50:00,1409.50044,16.95750525,3.289961376,11.922387776374816,1.42106909,0.5794389,0.25,0.65,0.1,3.06,5.03,6.79,8.89,10.66
2023-10-04 10:55:00,1402.89558,15.699227809999998,3.1247523839999998,10.916954498291016,1.4746880400000002,0.5105796,0.25,0.65,0.1,3.06,5.03,6.79,8.89,10.66
2023-10-04 11:00:00,1409.49776,15.363249259999998,3.0008684160000003,10.77057367324829,1.340619784,0.25,0.42,0.84,0.05,3.11,5.13,6.83,10.52,14.81
2023-10-04 11:05:00,1402.89357,17.144341450000002,3.524374464,11.750467448234557,1.5551123420000001,0.25,0.25,0.65,0.1,3.11,5.13,6.83,10.52,14.81
2023-10-04 11:10:00,1409.4950800000001,21.671337499999996,4.805462688,14.316822295188903,1.5282934240000001,0.5448684,0.25,0.65,0.1,3.11,5.13,6.83,10.52,14.81
2023-10-04 11:15:00,1448.1601100000003,27.3302282,6.251836032,17.762113285064697,1.95727987,0.5964336,0.25,0.65,0.1,3.22,5.35,7.32,10.61,16.89
2023-10-04 11:20:00,1409.4924,20.8945596,4.309754592,14.298700923919677,1.8500236160000003,0.25,0.25,0.65,0.1,3.22,5.35,7.32,10.61,16.89
2023-10-04 11:25:00,1402.88821,15.569842499999998,3.2216783039999997,10.639227657318115,1.608709214,0.25,0.25,0.65,0.1,3.22,5.35,7.32,10.61,16.89
2023-10-04 11:30:00,1402.88687,15.275784629999999,3.15289104,10.450447359085082,1.421020678,0.6135072,0.41,0.93,0.05,3.05,4.94,6.63,10.48,15.95
2023-10-04 11:35:00,1402.8855300000002,18.18876574,3.7728113280000004,12.414671216011048,1.608695648,0.59626545,0.25,0.65,0.1,3.05,4.94,6.63,10.48,15.95
2023-10-04 11:40:00,1402.8835200000003,19.02660252,4.117246848,12.725366621017455,1.6086887320000003,0.6994137,0.25,0.65,0.1,3.05,4.94,6.63,10.48,15.95
2023-10-04 11:45:00,1416.08855,22.5893599,5.2330287360000005,14.58047791004181,1.608682082,0.68216985,0.25,0.65,0.1,3.26,5.19,6.68,11.03,16.85
2023-10-04 11:50:00,1402.88084,26.4665262,6.307486848,16.813240871429443,1.8231650640000001,0.7681095,0.25,0.65,0.1,3.26,5.19,6.68,11.03,16.85
2023-10-04 11:55:00,1409.48302,21.917402799999998,4.599586368,14.87797095298767,1.4209903540000002,0.57890085,0.25,0.65,0.1,3.26,5.19,6.68,11.03,16.85
2023-10-04 12:00:00,1435.89442,20.197982599999996,4.172673024,13.811920289993285,1.367362094,0.6648381,0.41,0.92,0.05,3.5,5.47,7.16,10.01,14.28
2023-10-04 12:05:00,1402.8768200000002,29.0009816,6.665846304,18.799245529174804,1.5818434800000003,0.76796325,0.25,0.65,0.1,3.5,5.47,7.16,10.01,14.28
2023-10-04 12:10:00,1402.8754800000002,20.5950334,4.613605152,13.534146089553833,1.501404548,0.56158245,0.25,0.65,0.1,3.5,5.47,7.16,10.01,14.28
2023-10-04 12:15:00,1409.47766,21.495751199999997,4.627460448,14.413660564422607,1.608640852,0.6131229,0.25,0.65,0.1,3.44,5.34,6.82,10.5,14.58
2023-10-04 12:20:00,1462.3018000000002,24.1152398,5.1922728,16.168733177185057,1.662255014,0.6130801499999999,0.25,0.65,0.1,3.44,5.34,6.82,10.5,14.58
2023-10-04 12:25:00,1574.5542699999999,29.333894599999997,6.197847552000001,19.848407077789307,2.546992826,0.7677681000000001,0.25,0.65,0.1,3.44,5.34,6.82,10.5,14.58
2023-10-04 12:30:00,1594.36215,40.2329085,9.228177504,26.10965642929077,3.6462056400000002,1.008402,0.25,0.65,0.1,3.49,5.32,7.13,8.57,9.54
2023-10-04 12:35:00,1449.0907399999999,52.4734109,12.82322496,32.848125267028806,5.925059560000001,1.197444,0.25,0.65,0.1,3.49,5.32,7.13,8.57,9.54
2023-10-04 12:40:00,1429.2801800000002,54.2963722,13.62218208,33.448322715759275,6.273564780000001,1.2145686,0.25,0.65,0.1,3.49,5.32,7.13,8.57,9.54
2023-10-04 12:45:00,1429.2788400000002,47.1480826,11.23937568,29.946795091629028,5.38880888,1.11136455,0.25,0.65,0.1,3.15,4.93,6.11,9.89,15.13
2023-10-04 12:50:00,1462.29376,43.982391299999996,10.922649503999999,27.265835800170898,4.959828020000001,0.97379115,0.25,0.65,0.1,3.15,4.93,6.11,9.89,15.13
2023-10-04 12:55:00,1435.8796800000002,41.717990799999995,10.440639456000001,25.739128713607787,5.5496218399999995,1.0596753,0.25,0.65,0.1,3.15,4.93,6.11,9.89,15.13
2023-10-04 13:00:00,1482.0996300000002,32.3269601,7.699738175999999,20.542904510498047,5.093833500000001,0.9049271999999999,0.25,0.9,0.05,3.08,4.76,5.96,8.98,13.53
2023-10-04 13:05:00,1548.12947,40.249506399999994,10.413235872000001,24.312583255767823,6.3806696800000005,1.1283024,0.25,0.65,0.1,3.08,4.76,5.96,8.98,13.53
2023-10-04 13:10:00,1482.09695,59.448883699999996,16.07428992,34.84800624847412,9.75863028,1.38603255,0.25,0.65,0.1,3.08,4.76,5.96,8.98,13.53
2023-10-04 13:15:00,1528.31757,54.7949777,14.1184992,33.1873429107666,8.63259642,1.2312897,0.25,0.65,0.1,2.76,4.77,6.59,8.9,11.5
2023-10-04 13:20:00,1554.7289700000001,53.5366697,14.51799648,31.317620315551757,11.34028756,1.2484074,0.25,0.65,0.1,2.76,4.77,6.59,8.9,11.5
2023-10-04 13:25:00,1488.6964500000001,68.1246576,18.36090048,40.02423564910889,15.120320460000002,1.5404714999999998,0.25,0.65,0.1,2.76,4.77,6.59,8.9,11.5
2023-10-04 13:30:00,1462.2823700000001,57.2664031,15.330768959999999,33.80344585418701,12.41255218,1.3341897,0.36,0.92,0.08,2.34,4.38,6.23,8.5,11.37
2023-10-04 13:35:00,1653.7703800000002,51.250074999999995,13.11328512,31.180868034362792,9.94608314,1.19665605,0.25,0.65,0.1,2.34,4.38,6.23,8.5,11.37
2023-10-04 13:40:00,1515.1045000000004,45.5691238,10.785626592,29.062273263931274,10.8843476,1.1965903500000001,0.25,0.65,0.1,2.34,4.38,6.23,8.5,11.37
2023-10-04 13:45:00,1911.2868899999999,56.8033618,13.56795648,36.03830265045166,11.15238516,1.1621619,0.25,0.65,0.1,2.18,4.15,5.97,9.05,13.59
2023-10-04 13:50:00,1699.9869800000004,48.7958014,11.625953664,31.002876586914063,11.902975979999999,1.14491685,0.25,0.65,0.1,2.18,4.15,5.97,9.05,13.59
2023-10-04 13:55:00,1660.3672000000001,50.723526199999995,12.64526016,31.3706046295166,11.071866960000001,1.1276731500000001,0.25,0.65,0.1,2.18,4.15,5.97,9.05,13.59
2023-10-04 14:00:00,1640.55731,61.0773879,16.06114848,36.49662570953369,14.44966264,1.2306868499999999,0.29,0.94,0.07,2.16,4.32,6.08,10.39,16.66
2023-10-04 14:05:00,1719.79151,74.5333952,19.68363072,44.408607482910156,17.854236540000002,1.591374,0.25,0.65,0.1,2.16,4.32,6.08,10.39,16.66
2023-10-04 14:10:00,1752.80509,69.8585365,18.4440672,41.63083633422851,16.64779886,1.33362165,0.25,0.65,0.1,2.16,4.32,6.08,10.39,16.66
2023-10-04 14:15:00,1693.37676,68.013381,18.82978656,39.1953575515747,17.827277440000003,1.38508275,0.25,0.65,0.1,2.11,4.16,6.09,8.85,11.63
2023-10-04 14:20:00,1600.93284,68.3271367,18.18249888,40.499753837585445,17.37146782,1.28194935,0.25,0.65,0.1,2.11,4.16,6.09,8.85,11.63
2023-10-04 14:25:00,1600.9315000000001,66.4400567,17.03936832,40.36217823028564,13.940006640000002,1.2818802,0.25,0.65,0.1,2.11,4.16,6.09,8.85,11.63
2023-10-04 14:30:00,1825.43175,57.9923559,14.739279360000001,35.434644317626955,14.931830200000002,1.1959344,0.27,0.95,0.07,2.01,4.29,6.37,11.22,19.84
2023-10-04 14:35:00,1752.7970500000004,51.619755500000004,13.169195519999999,31.464977474212645,13.6718148,1.23021825,0.25,0.65,0.1,2.01,4.29,6.37,11.22,19.84
2023-10-04 14:40:00,1957.4887500000002,56.523852399999996,14.863368000000001,33.776228733062744,11.84885562,1.2644994,0.25,0.65,0.1,2.01,4.29,6.37,11.22,19.84
2023-10-04 14:45:00,1792.41214,47.9713881,11.902189728,29.755696001052854,10.66928394,0.97248405,0.25,0.65,0.1,1.98,4.08,5.97,10.5,24.87
2023-10-04 14:50:00,1891.4555600000003,42.4162677,10.566256896,26.24515368461609,11.124960560000002,1.0754634,0.25,0.65,0.1,1.98,4.08,5.97,10.5,24.87
2023-10-04 14:55:00,1851.83578,46.5448282,11.654410559999999,28.708350505828857,9.73095032,1.0238865,0.25,0.65,0.1,1.98,4.08,5.97,10.5,24.87
2023-10-04 15:00:00,2248.0121400000003,45.0769932,11.131101696,28.041410818099976,10.48150124,1.10968425,0.26,1.0,0.09,2.09,4.33,6.35,9.83,15.57
2023-10-04 15:05:00,1832.0232100000003,45.9357101,11.007213984000002,29.08973264694214,12.06305744,1.1096222999999998,0.25,0.65,0.1,2.09,4.33,6.35,9.83,15.57
2023-10-04 15:10:00,2129.15481,45.997957,10.662956928,29.67884980201721,11.178384000000001,1.1267301,0.25,0.65,0.1,2.09,4.33,6.35,9.83,15.57
2023-10-04 15:15:00,1785.7992400000003,59.3909343,14.45064192,37.27496761322021,11.07111152,1.33269885,0.25,0.65,0.1,1.99,4.3,6.44,10.63,14.69
2023-10-04 15:20:00,1865.03344,66.72638479999999,17.508329279999998,39.93078449249268,12.464999400000002,1.41847125,0.25,0.65,0.1,1.99,4.3,6.44,10.63,14.69
2023-10-04 15:25:00,1917.8542300000001,57.7128465,15.16696896,34.500577201843264,14.34139,1.1952135,0.25,0.65,0.1,1.99,4.3,6.44,10.63,14.69
2023-10-04 15:30:00,1832.0145,64.7757973,16.90242528,38.90749942779541,13.429917060000001,1.43548995,0.26,1.0,0.15,2.04,4.09,5.96,8.01,10.02
2023-10-04 15:35:00,1779.1896900000002,66.9550118,17.72887584,39.821879577636714,14.47529706,1.2809154,0.25,0.65,0.1,2.04,4.09,5.96,8.01,10.02
2023-10-04 15:40:00,1693.3499600000002,62.80423799999999,16.04863104,38.24263444900512,15.9763723,1.3838424,0.25,0.65,0.1,2.04,4.09,5.96,8.01,10.02
2023-10-04 15:45:00,1600.90738,62.42630629999999,15.11213184,39.29796001434326,12.73279224,1.2121167,0.25,0.65,0.1,1.93,3.97,5.74,8.61,13.09
2023-10-04 15:50:00,1633.92029,61.29382909999999,14.6990064,38.797756614685056,11.901760359999999,1.1433921,0.25,0.65,0.1,1.93,3.97,5.74,8.61,13.09
2023-10-04 15:55:00,1607.5075500000003,45.5940684,10.553419968,29.442600746154785,13.563659200000002,1.10900085,0.25,0.65,0.1,1.93,3.97,5.74,8.61,13.09
2023-10-04 16:00:00,1746.16673,48.905129800000005,12.096055296,30.392737293243407,8.89943698,0.9544695000000001,0.25,1.01,0.12,1.93,3.86,5.54,7.34,8.7
2023-10-04 16:05:00,1614.10705,59.0701307,14.68544064,36.59481281280517,8.89939974,1.19468955,0.25,0.65,0.1,1.93,3.86,5.54,7.34,8.7
2023-10-04 16:10:00,1508.4587700000002,64.2885563,15.897510720000001,39.958234767913815,10.18601514,1.2289479,0.25,0.65,0.1,1.93,3.86,5.54,7.34,8.7
2023-10-04 16:15:00,1541.47235,46.891053899999996,11.201029632000001,29.748450002670285,6.701298100000001,0.7483668,0.25,0.65,0.1,1.85,3.7,5.47,7.95,13.42
2023-10-04 16:20:00,1528.2646399999999,48.651080699999994,11.889742176,30.454439392089842,6.513635100000001,0.93708495,0.25,0.65,0.1,1.85,3.7,5.47,7.95,13.42
2023-10-04 16:25:00,1508.4547499999999,42.592999999999996,9.493345056,28.063921136856077,5.629041460000001,0.86839005,0.25,0.65,0.1,1.85,3.7,5.47,7.95,13.42
2023-10-04 16:30:00,1468.83631,40.8317508,8.970052416,27.103545837402343,5.4681886,0.93697425,0.24,0.85,0.06,1.92,3.76,5.5,6.51,7.74
2023-10-04 16:35:00,1640.5097400000002,45.73575219999999,10.485129407999999,29.688798933029172,5.49496948,1.05702855,0.25,0.65,0.1,1.92,3.76,5.5,6.51,7.74
2023-10-04 16:40:00,1468.8336300000003,36.8690738,7.964794656,24.679364109039305,4.69080892,0.8682322499999999,0.25,0.65,0.1,1.92,3.76,5.5,6.51,7.74
2023-10-04 16:45:00,1455.62659,29.4905528,5.954055744,20.378175535202026,4.15469922,0.62797905,0.25,0.65,0.1,1.89,3.82,5.74,7.17,8.55
2023-10-04 16:50:00,1468.83095,33.053103899999996,6.3673147199999995,23.308256549835203,3.8598329000000002,0.8166574500000001,0.25,0.65,0.1,1.89,3.82,5.74,7.17,8.55
2023-10-04 16:55:00,1455.6232400000001,38.669745400000004,8.185384896,26.142432823181153,3.5649692400000004,1.02247665,0.25,0.65,0.1,1.89,3.82,5.74,7.17,8.55
2023-10-04 17:00:00,1449.0190499999999,30.2222929,6.656698464,20.034557104110718,3.2164986,0.66215985,0.24,0.74,0.04,1.95,3.89,5.87,7.34,8.54
2023-10-04 17:05:00,1449.01838,25.945879299999998,5.554969056,17.444283905029295,3.18968314,0.64496085,0.25,0.65,0.1,1.95,3.89,5.87,7.34,8.54
2023-10-04 17:10:00,1416.0027899999998,27.7268588,5.802955391999999,18.8457324886322,3.16286502,0.73068615,0.25,0.65,0.1,1.95,3.89,5.87,7.34,8.54
2023-10-04 17:15:00,1422.6043,21.4802038,4.260508512,14.95971339225769,2.78759754,0.6448731,0.25,0.65,0.1,2.05,4.19,6.35,7.93,9.26
2023-10-04 17:20:00,1422.6029600000002,18.31466721,3.448010592,13.037664051055907,2.46594103,0.62767695,0.25,0.65,0.1,2.05,4.19,6.35,7.93,9.26
2023-10-04 17:25:00,1415.9987700000001,16.888798729999998,3.365459136,11.738136682510376,2.385519388,0.7305444,0.25,0.65,0.1,2.05,4.19,6.35,7.93,9.26
2023-10-04 17:30:00,1402.7917300000001,16.636673,3.640993824,11.06431894302368,1.929850482,0.696195,0.25,0.73,0.04,2.12,4.32,6.41,8.41,10.27
2023-10-04 17:35:00,1409.39324,13.91130355,3.1865857920000003,9.03439748764038,1.8762355220000002,0.5589455999999999,0.25,0.65,0.1,2.12,4.32,6.41,8.41,10.27
2023-10-04 17:40:00,1415.99475,16.48874923,3.393254592,11.295546073913574,2.06385011,0.6789535499999999,0.25,0.65,0.1,2.12,4.32,6.41,8.41,10.27
2023-10-04 17:45:00,1409.39056,19.2548246,4.192139328,12.8389710521698,2.037038374,0.64461,0.25,0.65,0.1,2.07,4.27,6.39,8.53,10.16
2023-10-04 17:50:00,1409.38922,19.023663029999998,4.8395256,11.617018489837646,1.903014274,0.59312115,0.25,0.65,0.1,2.07,4.27,6.39,8.53,10.16
2023-10-04 17:55:00,1409.3885500000001,20.1339212,4.577931072,13.127632465362549,1.688582896,0.25,0.25,0.65,0.1,2.07,4.27,6.39,8.53,10.16
2023-10-04 18:00:00,1409.38654,20.3429134,4.6744201919999995,13.188952045440674,1.63497033,0.5930373,0.24,0.51,0.1,2.21,4.56,6.76,10.86,14.5
2023-10-04 18:05:00,1402.7823500000002,21.3274038,5.115216288,13.498826856613158,1.6349634140000002,0.5929957499999999,0.25,0.65,0.1,2.21,4.56,6.76,10.86,14.5
2023-10-04 18:10:00,1402.7816799999998,21.9765364,4.8123067200000005,14.611546630859374,1.608153806,0.5243710500000001,0.25,0.65,0.1,2.21,4.56,6.76,10.86,14.5
2023-10-04 18:15:00,1409.38319,17.74209696,3.875872416,11.810272436141966,1.5813441980000003,0.25,0.25,0.65,0.1,2.14,4.18,6.36,7.79,9.01
2023-10-04 18:20:00,1402.7790000000002,18.978105709999998,4.06876704,12.75106641769409,1.5545353880000001,0.59287035,0.25,0.65,0.1,2.14,4.18,6.36,7.79,9.01
2023-10-04 18:25:00,1402.7769900000003,18.41159398,3.944899296,12.374127869606017,1.3401109260000001,0.57568485,0.25,0.65,0.1,2.14,4.18,6.36,7.79,9.01
2023-10-04 18:30:00,1402.77565,17.719322119999998,3.7108543679999997,12.040049638748169,1.4473137139999999,0.25,0.26,0.8,0.05,2.02,4.03,6.15,8.24,11.62
2023-10-04 18:35:00,1402.7749800000001,17.29952513,3.724710912,11.599045572280883,1.3400994880000001,0.25,0.25,0.65,0.1,2.02,4.03,6.15,8.24,11.62
2023-10-04 18:40:00,1396.17079,19.3319886,4.124186976,13.020131940841674,1.3132920080000001,0.59270325,0.25,0.65,0.1,2.02,4.03,6.15,8.24,11.62
2023-10-04 18:45:00,1396.16945,20.316479,4.496117184,13.435401601791382,1.2864845280000001,0.57552045,0.25,0.65,0.1,2.11,4.21,6.22,9.5,15.33
2023-10-04 18:50:00,1396.16811,17.50730639,3.890225664,11.553515820503234,1.5812971160000002,0.558339,0.25,0.65,0.1,2.11,4.21,6.22,9.5,15.33
2023-10-04 18:55:00,1396.16677,18.24028417,4.014258144,12.096667881011962,1.581290466,0.55829865,0.25,0.65,0.1,2.11,4.21,6.22,9.5,15.33
2023-10-04 19:00:00,1402.76761,22.515404699999998,5.129880288,14.664386134147643,1.3936737499999998,0.6096751499999999,0.25,0.74,0.04,2.16,4.25,6.19,9.01,11.92
2023-10-04 19:05:00,1396.16409,25.0299197,5.446717536,16.693997020721437,1.50087308,0.6096327,0.25,0.65,0.1,2.16,4.25,6.19,9.01,11.92
2023-10-04 19:10:00,1396.16275,17.819278150000002,3.835469664,11.949288864135742,1.420463142,0.25,0.25,0.65,0.1,2.16,4.25,6.19,9.01,11.92
2023-10-04 19:15:00,1396.1614100000002,15.576017529999998,3.2571289919999997,10.591147780418396,1.15244633,0.5752740000000001,0.25,0.65,0.1,2.15,4.17,6.15,7.84,9.06
2023-10-04 19:20:00,1396.1600700000001,14.67416137,2.9817727680000004,10.110710582733153,1.313247054,0.25,0.25,0.65,0.1,2.15,4.17,6.15,7.84,9.06
2023-10-04 19:25:00,1396.1587300000003,16.45510267,3.5740523520000003,10.985199489593505,1.125635658,0.25,0.25,0.65,0.1,2.15,4.17,6.15,7.84,9.06
2023-10-04 19:30:00,1396.1573899999999,16.1401112,3.711855264,10.459307222366332,1.232833658,0.25,0.25,0.65,0.1,2.34,4.36,6.28,7.51,8.74
2023-10-04 19:35:00,1396.15605,12.13627561,2.871851424,7.741054172515869,1.3132302960000002,0.25,0.25,0.65,0.1,2.34,4.36,6.28,7.51,8.74
2023-10-04 19:40:00,1409.3604100000002,13.099803759999999,2.858162112,8.72553270816803,1.340025274,0.25,0.25,0.65,0.1,2.34,4.36,6.28,7.51,8.74
2023-10-04 19:45:00,1409.3590700000002,9.45228631,2.100794592,6.237127900123596,1.232817964,0.25,0.25,0.65,0.1,2.38,4.46,6.32,8.82,11.39
2023-10-04 19:50:00,1402.75488,9.97567215,2.472719808,6.19130124092102,1.2328126440000002,0.25,0.25,0.65,0.1,2.38,4.46,6.32,8.82,11.39
2023-10-04 19:55:00,1409.3563900000001,11.50509892,2.9410480320000003,7.003975570201874,1.3400079840000003,0.25,0.25,0.65,0.1,2.38,4.46,6.32,8.82,11.39
2023-10-04 20:00:00,1435.7657800000002,17.31020394,4.111736928,11.017401194572448,1.3668024300000001,0.25,0.25,0.65,0.1,2.22,4.11,5.84,7.84,9.25
2023-10-04 20:05:00,1468.77735,33.112848699999994,7.293102336,21.951130962371824,1.7687957280000002,0.746166,0.25,0.65,0.1,2.22,4.11,5.84,7.84,9.25
2023-10-04 20:10:00,1429.1602500000001,39.9030133,8.739214848,26.52809370994568,2.0635859720000003,0.7975069499999999,0.25,0.65,0.1,2.22,4.11,5.84,7.84,9.25
2023-10-04 20:15:00,1422.5560600000001,34.9560178,7.733952096,23.11960193634033,1.9027788640000003,0.62616795,0.25,0.65,0.1,2.22,4.0,5.78,6.84,7.7
2023-10-04 20:20:00,1415.95187,29.4012221,7.004127936000001,18.68176308631897,1.875971384,0.62612505,0.25,0.65,0.1,2.22,4.0,5.78,6.84,7.7
2023-10-04 20:25:00,1415.95053,18.397056969999998,5.062397184,10.649317045211792,1.8223644040000002,0.5746992,0.25,0.65,0.1,2.22,4.0,5.78,6.84,7.7
2023-10-04 20:30:00,1415.94986,16.99219085,4.360122624,10.319246153831482,1.3667675840000002,0.25,0.25,0.59,0.05,2.22,4.08,5.88,7.17,9.43
2023-10-04 20:35:00,1409.3456700000002,17.66227615,4.525463904,10.73628541946411,1.4739586680000003,0.25,0.25,0.65,0.1,2.22,4.08,5.88,7.17,9.43
2023-10-04 20:40:00,1409.345,17.07481745,4.49800416,10.190853729248046,1.500751518,0.25,0.25,0.65,0.1,2.22,4.08,5.88,7.17,9.43
2023-10-04 20:45:00,1409.3436600000002,14.957347519999999,3.7819616640000002,9.169249014854431,1.3667500280000002,0.25,0.25,0.65,0.1,2.2,3.95,5.76,7.18,8.14
2023-10-04 20:50:00,1409.3416500000003,14.62139762,3.7682736,8.854247541427611,1.447140814,0.25,0.25,0.65,0.1,2.2,3.95,5.76,7.18,8.14
2023-10-04 20:55:00,1409.3403099999998,15.48011834,4.305447744,8.890852766036987,1.420335994,0.25,0.25,0.65,0.1,2.2,3.95,5.76,7.18,8.14
2023-10-04 21:00:00,1402.7367900000004,18.62336905,4.82884896,11.233062543869018,1.33993377,0.25,0.25,0.7,0.1,2.06,3.82,5.58,7.03,8.4
2023-10-04 21:05:00,1409.3383,16.275354479999997,4.112811456,9.98090739250183,1.313129482,0.574371,0.25,0.65,0.1,2.06,3.82,5.58,7.03,8.4
2023-10-04 21:10:00,1402.73411,16.14899461,4.264379808,9.62258020401001,0.991542664,0.59145165,0.25,0.65,0.1,2.06,3.82,5.58,7.03,8.4
2023-10-04 21:15:00,1402.73344,16.52565425,4.650062976,9.408970794677733,1.1255300560000001,0.5742892500000001,0.25,0.65,0.1,2.16,3.99,5.64,7.27,9.94
2023-10-04 21:20:00,1402.73076,17.71970985,4.526201472,10.79259036064148,1.152323438,0.59136825,0.25,0.65,0.1,2.16,3.99,5.64,7.27,9.94
2023-10-04 21:25:00,1402.7300900000002,19.1023875,4.416111648,12.343754968643188,1.3399053080000003,0.57420705,0.25,0.65,0.1,2.16,3.99,5.64,7.27,9.94
2023-10-04 21:30:00,1402.72875,17.3202811,4.003052352,11.193814296722412,1.1791115,0.25,0.22,0.75,0.1,2.25,4.05,5.88,7.26,8.4
2023-10-04 21:35:00,1402.72741,18.11611698,4.1959344960000005,11.69445303916931,1.098713,0.5398887,0.25,0.65,0.1,2.25,4.05,5.88,7.26,8.4
2023-10-04 21:40:00,1402.7260700000002,18.30413929,4.430129184,11.524053678512573,1.0719105740000001,0.50561415,0.25,0.65,0.1,2.25,4.05,5.88,7.26,8.4
2023-10-04 21:45:00,1402.7247300000001,16.8573735,3.9344448,10.835906057357787,1.098703424,0.25,0.25,0.65,0.1,2.23,4.13,6.12,7.71,9.69
2023-10-04 21:50:00,1422.5306000000003,14.94951461,3.438760416,9.686668491363525,1.071901264,0.59111835,0.25,0.65,0.1,2.23,4.13,6.12,7.71,9.69
2023-10-04 21:55:00,1402.7220499999999,16.290273489999997,3.493929504,10.94299400806427,1.1522891240000002,0.57396135,0.25,0.65,0.1,2.23,4.13,6.12,7.71,9.69
2023-10-04 22:00:00,1402.72071,17.442406499999997,3.755666304,11.694551401138305,1.07189222,0.25,0.23,0.9,0.1,2.34,4.18,6.06,7.38,8.34
2023-10-04 22:05:00,1402.7193700000003,15.15729205,3.315071136,10.083744831085205,0.9646990080000001,0.25,0.25,0.65,0.1,2.34,4.18,6.06,7.38,8.34
2023-10-04 22:10:00,1402.7187000000001,14.44409232,3.342696864,9.328266620635986,0.857506328,0.5224979999999999,0.25,0.65,0.1,2.34,4.18,6.06,7.38,8.34
2023-10-04 22:15:00,1402.7166900000002,15.910599869999999,3.70083168,10.246666860580444,0.911096816,0.50534625,0.25,0.65,0.1,2.31,4.14,5.82,7.35,8.78
2023-10-04 22:20:00,1402.7153500000002,14.96685741,3.632059392,9.408176612854003,0.803905466,0.25,0.25,0.65,0.1,2.31,4.14,5.82,7.35,8.78
2023-10-04 22:25:00,1402.71401,14.96625194,3.880023264,9.02807499885559,0.884292262,0.25,0.25,0.65,0.1,2.31,4.14,5.82,7.35,8.78
2023-10-04 22:30:00,1402.7126700000001,19.429857000000002,5.078194368,11.657940711975098,0.830695124,0.6421177499999999,0.22,0.72,0.1,2.33,4.14,5.77,7.15,8.36
2023-10-04 22:35:00,1448.9286000000002,21.5670324,6.414072288,11.75062409877777,1.0718603,0.67629435,0.25,0.65,0.1,2.33,4.14,5.77,7.15,8.36
2023-10-04 22:40:00,1402.7106600000002,20.560405099999997,5.766910656,11.734444465637207,1.0718557780000002,0.65914005,0.25,0.65,0.1,2.33,4.14,5.77,7.15,8.36
2023-10-04 22:45:00,1402.70865,15.92793885,4.155776352,9.56773703098297,0.9378697160000001,0.25,0.25,0.65,0.1,2.45,4.57,6.48,9.09,11.42
2023-10-04 22:50:00,1402.70731,14.14585155,3.715186176,8.459949927330017,0.803884984,0.25,0.25,0.65,0.1,2.45,4.57,6.48,9.09,11.42
2023-10-04 22:55:00,1402.70664,14.711131329999999,3.79789488,8.898648862838744,0.9646577780000001,0.25,0.25,0.65,0.1,2.45,4.57,6.48,9.09,11.42
2023-10-04 23:00:00,1402.7053,15.98900537,4.10094048,9.712727127075194,1.071837424,0.25,0.23,0.64,0.1,2.41,4.44,6.3,8.59,11.15
2023-10-04 23:05:00,1402.7039600000003,16.57524358,4.14233664,10.235609335899353,1.071832902,0.25,0.25,0.65,0.1,2.41,4.44,6.3,8.59,11.15
2023-10-04 23:10:00,1402.70262,14.01769246,3.743060256,8.289130706787109,1.0718283800000001,0.25,0.25,0.65,0.1,2.41,4.44,6.3,8.59,11.15
2023-10-04 23:15:00,1402.70128,13.43025095,3.8119985279999997,7.596182930469513,1.071823592,0.25,0.25,0.65,0.1,2.46,4.72,6.84,9.09,11.43
2023-10-04 23:20:00,1402.6999400000002,15.37879284,4.211437152,8.933405246734619,0.964637296,0.25,0.25,0.65,0.1,2.46,4.72,6.84,9.09,11.43
2023-10-04 23:25:00,1402.6986000000002,16.50994832,4.197749088,10.085509881973266,1.071814548,0.25,0.25,0.65,0.1,2.46,4.72,6.84,9.09,11.43
2023-10-04 23:30:00,1402.6972600000001,15.75483937,4.087664256,9.49887818813324,0.9378338060000001,0.25,0.21,0.65,0.1,2.45,4.49,6.36,8.02,9.21
2023-10-04 23:35:00,1402.6959200000001,14.999732329999999,3.908727264,9.017624950408935,0.803854128,0.5902446,0.25,0.65,0.1,2.45,4.49,6.36,8.02,9.21
2023-10-04 23:40:00,1402.6945799999999,14.517082969999999,3.729789024,8.808831634521484,0.8574406260000002,0.5560002,0.25,0.65,0.1,2.45,4.49,6.36,8.02,9.21
2023-10-04 23:45:00,1402.69324,15.229069849999998,3.9364341119999997,9.20455822944641,0.9914115260000002,0.55596,0.25,0.65,0.1,2.46,4.52,6.43,7.74,8.64
2023-10-04 23:50:00,1402.6919000000003,14.369172569999998,3.716184576,8.681742506027222,0.777049042,0.5901198000000001,0.25,0.65,0.1,2.46,4.52,6.43,7.74,8.64
2023-10-04 23:55:00,1402.69056,14.033234129999999,3.619872672,8.493204469680785,1.018197726,0.25,0.25,0.65,0.1,2.46,4.52,6.43,7.74,8.64
2023-10-05 00:15:00,1402.6852000000001,16.18953627,3.978244608,10.101037411689758,0.9110034500000002,0.5899120499999999,0.25,0.65,0.1,2.52,4.59,6.67,7.58,8.32
2023-10-05 00:20:00,1402.68386,14.26076861,3.52389648,8.867625679969787,0.803823272,0.5727744,0.25,0.65,0.1,2.52,4.59,6.67,7.58,8.32
2023-10-05 00:25:00,1402.68252,12.68829235,3.606603936,7.168570208549499,0.8574076420000001,0.58982895,0.25,0.65,0.1,2.52,4.59,6.67,7.58,8.32
2023-10-05 00:30:00,1402.68118,12.07990387,3.551604576,6.644354648590087,0.991373488,0.25,0.2,0.6,0.1,2.46,4.44,6.34,7.33,8.06
2023-10-05 00:35:00,1402.67984,14.27992018,3.8133288960000002,8.44381583213806,0.85740046,0.25,0.25,0.65,0.1,2.46,4.44,6.34,7.33,8.06
2023-10-05 00:40:00,1402.6785000000002,11.61762275,3.317673216,6.5400936937332155,1.018158624,0.25,0.25,0.65,0.1,2.46,4.44,6.34,7.33,8.06
2023-10-05 00:45:00,1402.6771600000004,12.8535551,3.88234704,6.9118217897415155,1.0717413980000001,0.52129185,0.25,0.65,0.1,2.5,4.58,6.51,7.94,9.21
2023-10-05 00:50:00,1402.67582,13.43978567,4.102758816,7.160724020004272,0.9377697,0.25,0.25,0.65,0.1,2.5,4.58,6.51,7.94,9.21
2023-10-05 00:55:00,1409.2773300000001,12.32839869,3.57956352,6.850060036182403,1.0449389720000002,0.25,0.25,0.65,0.1,2.5,4.58,6.51,7.94,9.21
2023-10-05 01:00:00,1409.2759900000003,10.965520099999999,3.3042372479999997,5.90855429649353,0.777002492,0.25,0.21,0.51,0.1,2.5,4.63,6.66,9.2,12.17
2023-10-05 01:05:00,1409.2739800000002,9.204437069999999,2.849899104,4.8428128361701965,0.8037924160000001,0.25,0.25,0.65,0.1,2.5,4.63,6.66,9.2,12.17
2023-10-05 01:10:00,1409.27264,7.506229329999999,2.5057231680000003,3.6713486528396606,0.7234098760000001,0.25,0.25,0.65,0.1,2.5,4.63,6.66,9.2,12.17
2023-10-05 01:15:00,1415.87415,8.721203249999999,2.863838016,4.33824553489685,0.25,0.5210587499999999,0.25,0.65,0.1,2.51,4.48,6.23,7.93,9.37
2023-10-05 01:20:00,1415.8728100000003,7.90324193,2.588515488,3.9416518974304195,0.589440306,0.25,0.25,0.65,0.1,2.51,4.48,6.23,7.93,9.37
2023-10-05 01:25:00,1415.87147,5.86971077,2.1341798400000003,2.6034580290317533,0.750193416,0.25,0.25,0.65,0.1,2.51,4.48,6.23,7.93,9.37
2023-10-05 01:30:00,1409.2679500000002,6.95893602,2.533604736,3.0813835811614987,0.8037751260000001,0.25,0.21,0.38,0.1,2.86,4.8,6.51,8.71,10.98
2023-10-05 01:35:00,1402.6644300000003,6.87450638,2.65762224,2.807151777744293,0.803771934,0.25,0.25,0.65,0.1,2.86,4.8,6.51,8.71,10.98
2023-10-05 01:40:00,1402.66309,9.03258673,3.552773952,3.5952483654022216,0.830560528,0.53794995,0.25,0.65,0.1,2.86,4.8,6.51,8.71,10.98
2023-10-05 01:45:00,1402.66175,9.95414263,3.6079380480000003,4.432378849983215,0.8037650180000001,0.25,0.25,0.65,0.1,2.29,4.15,5.97,7.45,8.79
2023-10-05 01:50:00,1402.66041,10.54036747,3.64933296,4.955250585079193,0.857345664,0.25,0.25,0.65,0.1,2.29,4.15,5.97,7.45,8.79
2023-10-05 01:55:00,1402.6590700000002,13.39005309,4.971354336,5.781650052070617,1.044885506,0.25,0.25,0.65,0.1,2.29,4.15,5.97,7.45,8.79
2023-10-05 02:00:00,1402.6577300000004,13.03316577,4.76488272,5.740756974220275,0.8037546440000001,0.25,0.22,0.27,0.1,2.3,4.1,5.85,6.86,7.95
2023-10-05 02:05:00,1402.6563899999999,12.52957517,4.3380904319999996,5.8903505015373225,0.643001002,0.5035887,0.25,0.65,0.1,2.3,4.1,5.85,6.86,7.95
2023-10-05 02:10:00,1402.65505,14.07985914,4.709965727999999,6.871498391628265,0.723372902,0.5035503,0.25,0.65,0.1,2.3,4.1,5.85,6.86,7.95
2023-10-05 02:15:00,1409.2558900000001,11.941551109999999,4.131702432,5.618192496299743,0.9109103500000001,0.57183495,0.25,0.65,0.1,2.27,4.06,5.68,7.54,10.33
2023-10-05 02:20:00,1409.25455,13.78524355,4.3658771519999995,7.103492381572723,1.0716546820000001,0.25,0.25,0.65,0.1,2.27,4.06,5.68,7.54,10.33
2023-10-05 02:25:00,1409.25388,14.39242109,4.696439904,7.204760127067566,1.0716501600000001,0.25,0.25,0.65,0.1,2.27,4.06,5.68,7.54,10.33
2023-10-05 02:30:00,1409.2525400000002,14.664271389999998,4.861762464,7.223593256473541,0.83052515,0.5033979000000001,0.23,0.45,0.1,2.34,4.09,5.83,6.38,6.92
2023-10-05 02:35:00,1409.2505300000003,15.648685389999997,4.916924064,8.123585691452027,1.044849862,0.5716719,0.25,0.65,0.1,2.34,4.09,5.83,6.38,6.92
2023-10-05 02:40:00,1409.24919,18.624092939999997,5.027164896,10.930276169776915,1.018054352,0.6911727000000001,0.25,0.65,0.1,2.34,4.09,5.83,6.38,6.92
2023-10-05 02:45:00,1415.85003,29.3748259,7.492067232,17.908599758148192,1.018050096,0.9302006999999999,0.25,0.65,0.1,2.34,4.19,5.99,7.11,7.99
2023-10-05 02:50:00,1409.24651,28.9131407,7.519685472,17.404647674560547,1.01804584,0.6910818,0.25,0.65,0.1,2.34,4.19,5.99,7.11,7.99
2023-10-05 02:55:00,1415.8480200000001,21.9545714,6.514557504000001,11.984375853538513,0.8305075940000001,0.5885841,0.25,0.65,0.1,2.34,4.19,5.99,7.11,7.99
2023-10-05 03:00:00,1409.2438300000001,22.959919,6.62479584,12.821008152961731,0.8840847820000001,0.65684145,0.23,0.58,0.1,2.24,3.93,5.41,6.36,7.13
2023-10-05 03:05:00,1409.24249,22.833553399999996,6.748802112,12.504857301712036,0.937661704,0.6738714,0.25,0.65,0.1,2.24,3.93,5.41,6.36,7.13
2023-10-05 03:10:00,1409.24115,16.7761794,5.385666624000001,8.533694081306457,0.776916574,0.25,0.25,0.65,0.1,2.24,3.93,5.41,6.36,7.13
2023-10-05 03:15:00,1409.2398100000003,16.754617409999998,5.344437696,8.575229244232178,0.964443914,0.58841835,0.25,0.65,0.1,2.24,3.95,5.36,6.45,7.25
2023-10-05 03:20:00,1409.2391400000001,18.28392194,5.564834496,9.767227854728699,0.803699848,0.5542329,0.25,0.65,0.1,2.24,3.95,5.36,6.45,7.25
2023-10-05 03:25:00,1435.64652,17.1725617,5.000354112,9.519777374267578,0.80369639,0.55419285,0.25,0.65,0.1,2.24,3.95,5.36,6.45,7.25
2023-10-05 03:30:00,1435.6445099999999,34.23147839999999,9.503144352,19.68740310668945,1.0448006520000002,0.7419303,0.25,0.65,0.1,2.13,3.82,5.39,6.78,7.93
2023-10-05 03:35:00,1448.84753,22.347878599999998,6.652884576,12.165981192588806,0.9644274220000001,0.7418829,0.25,0.65,0.1,2.13,3.82,5.39,6.78,7.93
2023-10-05 03:40:00,1415.8359600000001,35.885863099999995,9.737377728,20.9833074760437,1.071581532,0.92959815,0.25,0.65,0.1,2.13,3.82,5.39,6.78,7.93
2023-10-05 03:45:00,1415.83462,30.8973442,7.906082496000001,18.797491407394407,1.044787352,0.8612688,0.25,0.65,0.1,2.12,3.87,5.4,6.75,7.91
2023-10-05 03:50:00,1409.2311000000002,18.92997371,5.152226976,11.044754929542542,0.9108366680000001,0.6222645,0.25,0.65,0.1,2.12,3.87,5.4,6.75,7.91
2023-10-05 03:55:00,1409.22976,16.959357949999998,4.95953328,9.36904676437378,1.017989448,0.5710197,0.25,0.65,0.1,2.12,3.87,5.4,6.75,7.91
2023-10-05 04:00:00,1402.6262400000003,17.12641419,5.056001183999999,9.3884641456604,0.8572507020000001,0.51977895,0.25,0.69,0.1,2.06,3.6,4.97,5.56,6.06
2023-10-05 04:05:00,1409.2270800000001,14.90431446,4.67053392,7.756302099227905,1.071558656,0.25,0.25,0.65,0.1,2.06,3.6,4.97,5.56,6.06
2023-10-05 04:10:00,1409.22574,16.14020479,4.904698656,8.633814725875855,0.857243254,0.25,0.25,0.65,0.1,2.06,3.6,4.97,5.56,6.06
2023-10-05 04:15:00,1409.2244,18.654494409999998,5.35917408,10.452553944587708,0.91081725,0.25,0.25,0.65,0.1,2.09,3.83,5.44,6.43,7.24
2023-10-05 04:20:00,1409.22306,16.74676349,4.891091712000001,9.261198329925536,0.9643907140000001,0.25,0.25,0.65,0.1,2.09,3.83,5.44,6.43,7.24
2023-10-05 04:25:00,1409.2223900000001,15.04860732,4.065003072,8.827328238487244,1.071540302,0.25,0.25,0.65,0.1,2.09,3.83,5.44,6.43,7.24
2023-10-05 04:30:00,1409.2203800000002,12.994178849999999,3.610692384,7.468199436664581,0.8036519680000002,0.25,0.27,0.6,0.1,2.05,3.64,4.93,5.96,7.77
2023-10-05 04:35:00,1409.21904,12.993575289999999,3.720931968,7.298879780769348,0.80364851,0.25,0.25,0.65,0.1,2.05,3.64,4.93,5.96,7.77
2023-10-05 04:40:00,1402.61552,15.067755069999999,4.299331296,8.487849206924437,0.937585894,0.25,0.25,0.65,0.1,2.05,3.64,4.93,5.96,7.77
2023-10-05 04:45:00,1409.2163600000003,14.64800583,4.051562112,8.44729857444763,0.910793842,0.25,0.25,0.65,0.1,2.11,3.7,5.03,6.12,7.26
2023-10-05 04:50:00,1409.2156900000002,12.782201319999999,3.666102336,7.171419973373413,0.830426198,0.25,0.25,0.65,0.1,2.11,3.7,5.03,6.12,7.26
2023-10-05 04:55:00,1409.2143500000002,11.54511915,3.2255670719999996,6.608554534912109,0.830422474,0.25,0.25,0.65,0.1,2.11,3.7,5.03,6.12,7.26
2023-10-05 05:00:00,1409.2123399999998,12.65525508,3.6800387519999997,7.023144769668579,0.9107821380000001,0.25,0.26,0.65,0.1,2.12,3.56,4.6,6.05,7.36
2023-10-05 05:05:00,1409.211,14.456980999999999,4.010586528,8.31898356437683,0.803628028,0.25,0.25,0.65,0.1,2.12,3.56,4.6,6.05,7.36
2023-10-05 05:10:00,1415.8118399999998,17.39039529,4.520133696,10.472563319206238,0.75004951,0.5874663,0.25,0.65,0.1,2.12,3.56,4.6,6.05,7.36
2023-10-05 05:15:00,1415.8105,16.782031639999996,4.28613744,10.222316808700562,0.776833848,0.5874249,0.25,0.65,0.1,2.15,3.62,4.91,6.1,7.48
2023-10-05 05:20:00,1415.80916,15.08389075,4.01083488,8.945513787269592,0.8304049180000002,0.57032745,0.25,0.65,0.1,2.15,3.62,4.91,6.1,7.48
2023-10-05 05:25:00,1415.8078200000002,14.915631209999999,4.313840544,8.313519010543823,0.8036141960000001,0.5873421,0.25,0.65,0.1,2.15,3.62,4.91,6.1,7.48
2023-10-05 05:30:00,1415.8064800000002,15.9419296,4.382768832,9.23432547569275,0.8036107380000002,0.51908205,0.24,0.56,0.1,2.15,3.7,5.06,5.94,6.53
2023-10-05 05:35:00,1415.80514,16.63291412,4.603158144,9.588016901016235,0.8839680080000001,0.25,0.25,0.65,0.1,2.15,3.7,5.06,5.94,6.53
2023-10-05 05:40:00,1415.8038000000001,16.42273963,4.300318464,9.841322650909424,0.77681709,0.25,0.25,0.65,0.1,2.15,3.7,5.06,5.94,6.53
2023-10-05 05:45:00,1415.8024600000003,14.59886344,3.6394824960000003,9.028821821212768,0.642880238,0.25,0.25,0.65,0.1,2.12,3.58,4.75,6.24,7.8
2023-10-05 05:50:00,1415.8017900000002,13.068391899999998,3.488105088,7.730026702880859,0.7232372420000001,0.25,0.25,0.65,0.1,2.12,3.58,4.75,6.24,7.8
2023-10-05 05:55:00,1415.7997800000003,13.5707601,3.6947252159999997,7.916173086166381,0.776807248,0.25,0.25,0.65,0.1,2.12,3.58,4.75,6.24,7.8
2023-10-05 06:00:00,1415.7984399999998,15.351512309999999,4.011497568,9.212121171951294,0.8571629220000001,0.55295145,0.25,0.65,0.1,2.05,3.48,4.71,5.4,6.13
2023-10-05 06:05:00,1415.7971,17.11130227,4.755108384,9.833853516578674,0.803586798,0.5870115,0.25,0.65,0.1,2.05,3.48,4.71,5.4,6.13
2023-10-05 06:10:00,1415.7957600000002,16.62868729,4.25950512,10.109732427597045,0.910727874,0.5699208,0.25,0.65,0.1,2.05,3.48,4.71,5.4,6.13
2023-10-05 06:15:00,1415.79509,13.5683535,3.52983072,8.166129064559936,0.991081952,0.6210260999999999,0.25,0.65,0.1,2.01,3.42,4.62,5.67,7.47
2023-10-05 06:20:00,1415.7937500000003,13.42105621,3.44730048,8.145139713287353,0.830362358,0.25,0.25,0.65,0.1,2.01,3.42,4.62,5.67,7.47
2023-10-05 06:25:00,1422.39392,13.546193679999998,3.351002304,8.417657012939452,0.776787298,0.25,0.25,0.65,0.1,2.01,3.42,4.62,5.67,7.47
2023-10-05 06:30:00,1415.7904,14.404830359999998,3.6540004799999997,8.812570300102234,0.830355442,0.5868047999999999,0.31,0.63,0.05,2.05,3.38,4.44,5.15,5.72
2023-10-05 06:35:00,1415.78906,16.68853523,4.053382944,10.485041627883911,0.8035663160000001,0.5356254,0.25,0.65,0.1,2.05,3.38,4.44,5.15,5.72
2023-10-05 06:40:00,1415.7883900000002,18.615973529999998,4.659296928,11.485158805847167,0.964275536,0.5867223,0.25,0.65,0.1,2.05,3.38,4.44,5.15,5.72
2023-10-05 06:45:00,1415.7870500000001,17.274124039999997,4.0948552320000005,11.007157888412475,0.8035594000000001,0.5866809,0.25,0.65,0.1,2.12,3.62,4.93,5.53,7.14
2023-10-05 06:50:00,1415.7857099999999,17.252562049999998,3.9297123839999997,11.238338570594786,0.803555942,0.5695956,0.25,0.65,0.1,2.12,3.62,4.93,5.53,7.14
2023-10-05 06:55:00,1415.7837,17.29386962,4.356628224,10.62627393245697,0.776767348,0.58659825,0.25,0.65,0.1,2.12,3.62,4.93,5.53,7.14
2023-10-05 07:00:00,1415.7823600000002,16.09872532,4.659623904,8.967409343719481,0.883904168,0.5695143,0.26,0.5,0.1,2.11,3.59,4.9,5.67,6.25
2023-10-05 07:05:00,1409.1795100000002,17.313619019999997,4.97638752,9.697513809204102,0.937469918,0.25,0.25,0.65,0.1,2.11,3.59,4.9,5.67,6.25
2023-10-05 07:10:00,1409.1781700000001,18.884779289999997,5.155461792,10.994608540534973,0.83032698,0.25,0.25,0.65,0.1,2.11,3.59,4.9,5.67,6.25
2023-10-05 07:15:00,1409.1775000000002,18.2135499,5.086699488,10.428616466522216,1.01781575,0.25,0.25,0.65,0.1,2.17,3.65,4.86,5.68,6.25
2023-10-05 07:20:00,1409.17616,17.06032246,4.783868544,9.738856801986694,0.80353546,0.25,0.25,0.65,0.1,2.17,3.65,4.86,5.68,6.25
2023-10-05 07:25:00,1409.1741499999998,15.80231242,4.2056664,9.365756192207336,0.8035320020000001,0.56931135,0.25,0.65,0.1,2.17,3.65,4.86,5.68,6.25
2023-10-05 07:30:00,1409.17281,15.235873269999999,3.930375072,9.22063494682312,0.883881558,0.5863093500000001,0.26,0.61,0.04,2.14,3.56,4.77,4.89,5.15
2023-10-05 07:35:00,1415.77365,15.9058879,3.806541024,10.080172834396361,0.776741014,0.6033063000000001,0.25,0.65,0.1,2.14,3.56,4.77,4.89,5.15
2023-10-05 07:40:00,1422.37449,16.28250552,3.834160512,10.414519739151,0.7231696780000001,0.586227,0.25,0.65,0.1,2.14,3.56,4.77,4.89,5.15
2023-10-05 07:45:00,1435.5768400000002,20.4313273,4.908194304,12.91958779335022,0.5892466580000001,0.6032224500000001,0.25,0.65,0.1,2.22,3.75,5.15,5.92,6.54
2023-10-05 07:50:00,1448.77852,20.807941099999997,5.073498144,13.043212394714354,0.85708259,0.5861445000000001,0.25,0.65,0.1,2.22,3.75,5.15,5.92,6.54
2023-10-05 07:55:00,1435.5734900000002,19.6966267,5.128653504000001,11.84748604774475,0.9106462120000001,0.5009262,0.25,0.65,0.1,2.22,3.75,5.15,5.92,6.54
2023-10-05 08:00:00,1448.77584,17.914711299999997,4.715679072,10.697605485916137,0.749940982,0.586062,0.28,0.62,0.07,2.33,3.81,5.22,6.46,7.29
2023-10-05 08:05:00,1442.17299,16.84531567,4.220094528000001,10.386677837371826,0.5892368160000001,0.58602075,0.25,0.65,0.1,2.33,3.81,5.22,6.46,7.29
2023-10-05 08:10:00,1442.1716500000002,19.06611469,4.798452672,11.722328639030456,0.7499345980000001,0.7392801,0.25,0.65,0.1,2.33,3.81,5.22,6.46,7.29
2023-10-05 08:15:00,1448.77182,19.06550731,4.89491184,11.574096240997314,0.776714414,0.6370365,0.25,0.65,0.1,2.24,3.78,5.15,6.45,8.07
2023-10-05 08:20:00,1435.5667900000003,17.97515898,4.702235616,10.778629336357117,0.7767112220000001,0.61996125,0.25,0.65,0.1,2.24,3.78,5.15,6.45,8.07
2023-10-05 08:25:00,1448.7691400000003,17.26202992,4.77116016,9.960014581680298,0.8034910380000001,0.6199185,0.25,0.65,0.1,2.24,3.78,5.15,6.45,8.07
2023-10-05 08:30:00,1448.7677999999999,16.444120169999998,4.95022944,8.8680473613739,0.776704572,0.5858144999999999,0.29,0.74,0.07,2.16,3.73,5.23,6.91,8.45
2023-10-05 08:35:00,1448.76646,12.964730470000001,3.821306112,7.116417417526245,0.77670138,0.56874315,0.25,0.65,0.1,2.16,3.73,5.23,6.91,8.45
2023-10-05 08:40:00,1442.16361,11.24569418,3.2844239999999996,6.2190511560440065,0.8034806640000001,0.50058495,0.25,0.65,0.1,2.16,3.73,5.23,6.91,8.45
2023-10-05 08:45:00,1455.3652900000002,13.2988334,4.014228192,7.155263109207153,0.696347036,0.568662,0.25,0.65,0.1,2.14,3.69,5.12,6.41,7.33
2023-10-05 08:50:00,1448.76177,12.50188399,3.656335488,6.906049854755401,0.589214206,0.5856496499999999,0.25,0.65,0.1,2.14,3.69,5.12,6.41,7.33
2023-10-05 08:55:00,1442.1589200000003,15.204669599999999,4.454979359999999,8.386551861763,0.8034705560000001,0.5856084,0.25,0.65,0.1,2.14,3.69,5.12,6.41,7.33
2023-10-05 09:00:00,1448.7597600000001,14.198156899999999,4.02824448,8.033134574890136,0.8034668320000001,0.61962075,0.27,0.49,0.05,1.94,3.41,4.66,6.07,7.33
2023-10-05 09:05:00,1455.35993,13.54790695,3.794268192,7.740974025726318,0.642770912,0.5855258999999999,0.25,0.65,0.1,1.94,3.41,4.66,6.07,7.33
2023-10-05 09:10:00,1448.75708,13.73591207,4.138556448,7.402063763141632,0.25,0.56845935,0.25,0.65,0.1,1.94,3.41,4.66,6.07,7.33
2023-10-05 09:15:00,1455.3572500000002,13.211401239999999,4.00095696,7.088141994476318,0.77667478,0.5513939999999999,0.25,0.65,0.1,1.79,3.12,4.25,5.43,6.3
2023-10-05 09:20:00,1442.1522200000002,10.96846723,3.395241408,5.772224152088165,0.803453266,0.25,0.25,0.65,0.1,1.79,3.12,4.25,5.43,6.3
2023-10-05 09:25:00,1442.1508800000001,12.916808569999999,4.221413664,6.456150860786438,0.7231047740000001,0.63643155,0.25,0.65,0.1,1.79,3.12,4.25,5.43,6.3
2023-10-05 09:30:00,1435.5480300000004,14.86514991,4.3454087040000005,8.214725341796875,0.6695387580000001,0.6534111,0.26,0.52,0.05,1.85,3.15,4.27,6.05,8.89
2023-10-05 09:35:00,1422.3436700000002,14.75976184,4.4418678719999996,7.96171103477478,0.535628772,0.5852787,0.25,0.65,0.1,1.85,3.15,4.27,6.05,8.89
2023-10-05 09:40:00,1422.34233,15.869846200000001,4.868758752,8.418460302352905,0.6159703480000001,0.65332335,0.25,0.65,0.1,1.85,3.15,4.27,6.05,8.89
2023-10-05 09:45:00,1422.3409900000001,15.450117969999999,4.565944032,8.462175822257995,0.535623984,0.8064666,0.25,0.65,0.1,1.92,3.21,4.43,5.5,6.5
2023-10-05 09:50:00,1428.9411599999999,11.71929778,3.395744352,6.522285168170929,0.25,0.9085377,0.25,0.65,0.1,1.92,3.21,4.43,5.5,6.5
2023-10-05 09:55:00,1428.93982,13.353287499999999,3.932779968,7.334369325637817,0.72308642,0.7893477,0.25,0.65,0.1,1.92,3.21,4.43,5.5,6.5
2023-10-05 10:00:00,1428.9384800000003,15.867433869999997,4.703869248,8.66840353012085,0.589179094,0.8403548999999999,0.27,0.61,0.05,2.14,3.44,4.53,4.99,5.37
2023-10-05 10:05:00,1428.93714,16.872727989999998,4.8278630399999996,9.48393172264099,0.5356149400000001,0.738195,0.25,0.65,0.1,2.14,3.44,4.53,4.99,5.37
2023-10-05 10:10:00,1461.9446900000003,15.887181359999998,4.5663533759999995,8.898611521720886,0.535612812,0.6020079,0.25,0.65,0.1,2.14,3.44,4.53,4.99,5.37
2023-10-05 10:15:00,1428.93379,9.70450754,2.473714464,5.918614540100098,0.25,0.6019662,0.25,0.65,0.1,2.28,3.56,4.55,5.2,5.73
2023-10-05 10:20:00,1428.93245,6.72813353,1.454975808,4.501367931365967,0.25,0.8231343,0.25,0.65,0.1,2.28,3.56,4.55,5.2,5.73
2023-10-05 10:25:00,1428.9317800000001,6.72753761,1.5376695360000001,4.374213228225708,0.25,0.667380825,0.25,0.65,0.1,2.28,3.56,4.55,5.2,5.73
2023-10-05 10:30:00,1428.93044,6.412599619999999,1.7305067520000001,3.764147933721542,0.25,0.667380825,0.26,0.69,0.05,2.33,3.7,4.87,5.74,6.49
2023-10-05 10:35:00,1435.5306100000003,6.95686367,1.96464528,3.9500750517845153,0.25,0.667380825,0.25,0.65,0.1,2.33,3.7,4.87,5.74,6.49
2023-10-05 10:40:00,1435.52927,7.04009192,2.061106944,3.885673007965088,0.25,0.667380825,0.25,0.65,0.1,2.33,3.7,4.87,5.74,6.49
2023-10-05 10:45:00,1415.7227300000002,7.395749199999999,2.185101984,4.05156229019165,0.25,0.667380825,0.25,0.65,0.1,2.52,3.96,5.07,5.74,6.37
2023-10-05 10:50:00,1415.7213900000002,7.45802093,2.075045856,4.282269377708435,0.9660488250000001,0.667380825,0.25,0.65,0.1,2.52,3.96,5.07,5.74,6.37
2023-10-05 10:55:00,1422.3222300000002,7.415513879999999,2.2128088320000003,4.028923554420471,0.9660488250000001,0.667380825,0.25,0.65,0.1,2.52,3.96,5.07,5.74,6.37
2023-10-05 11:00:00,1422.32089,7.289178839999999,2.0614501439999997,4.134235069751739,0.9660488250000001,0.667380825,0.25,0.65,0.1,2.68,4.12,5.28,5.95,6.46
2023-10-05 11:05:00,1422.3195500000002,7.225717179999999,2.0340016320000003,4.112781686782837,0.25,0.667380825,0.25,0.65,0.1,2.68,4.12,5.28,5.95,6.46
2023-10-05 11:10:00,1415.71603,7.5394595099999995,2.04785568,4.405321111679077,0.25,0.667380825,0.25,0.65,0.1,2.68,4.12,5.28,5.95,6.46
2023-10-05 11:15:00,1415.7146900000002,7.7903361,2.116778976,4.550714673995971,0.25,0.667380825,0.25,0.65,0.1,2.76,4.04,4.92,5.42,5.88
2023-10-05 11:20:00,1409.11251,8.87944675,2.158167648,5.576481556892395,0.25,0.9075703500000001,0.25,0.65,0.1,2.76,4.04,4.92,5.42,5.88
2023-10-05 11:25:00,1409.1111700000001,9.38179203,2.268394752,5.910129909515381,0.5891362680000001,0.6524037,0.25,0.65,0.1,2.76,4.04,4.92,5.42,5.88
2023-10-05 11:30:00,1409.1098300000003,9.842224269999999,2.40615648,6.159725227355957,0.8033641560000001,0.5843322,0.25,0.33,0.06,2.72,4.04,5.08,5.86,6.66
2023-10-05 11:35:00,1409.1084899999998,10.32361303,2.612754144,6.324926886558533,0.883696954,0.5672848500000001,0.25,0.65,0.1,2.72,4.04,5.08,5.86,6.66
2023-10-05 11:40:00,1415.7086600000002,11.580368199999999,2.860655616,7.202281951904297,1.044364678,0.7713112500000001,0.25,0.65,0.1,2.72,4.04,5.08,5.86,6.66
2023-10-05 11:45:00,1415.70665,10.7624871,2.833204608,6.426412758827209,1.044360156,0.9243067500000001,0.25,0.65,0.1,2.5,3.73,4.51,6.09,8.61
2023-10-05 11:50:00,1409.10447,10.740934659999999,2.805754848,6.446871137619018,1.017577414,0.92425245,0.25,0.65,0.1,2.5,3.73,4.51,6.09,8.61
2023-10-05 11:55:00,1409.1031300000002,12.81496164,3.604351296,7.298686699867249,1.071129598,0.8561839500000001,0.25,0.65,0.1,2.5,3.73,4.51,6.09,8.61
2023-10-05 12:00:00,1402.5002800000002,11.68274611,3.163877184,6.840594518184662,1.0711248100000001,0.7541148,0.24,0.45,0.04,2.3,3.49,4.32,5.79,7.35
2023-10-05 12:05:00,1395.8974300000002,11.17920708,2.888613312,6.758332035541534,1.044342334,0.72006255,0.25,0.65,0.1,2.3,3.49,4.32,5.79,7.35
2023-10-05 12:10:00,1402.4976,9.523103379999998,2.627116128,5.502436852455139,1.0443378120000002,0.6690114,0.25,0.65,0.1,2.3,3.49,4.32,5.79,7.35
2023-10-05 12:15:00,1395.8940800000003,11.450432809999999,3.26049984,6.460404560565948,1.0443332900000002,0.7539716999999999,0.25,0.65,0.1,2.16,3.24,4.08,4.99,6.27
2023-10-05 12:20:00,1395.89274,11.51270263,3.5221630079999997,6.122212886810303,0.9907736580000001,0.7539238500000001,0.25,0.65,0.1,2.16,3.24,4.08,4.99,6.27
2023-10-05 12:25:00,1395.89207,10.25475944,2.930252832,5.770158095359802,1.044324512,0.7538763,0.25,0.65,0.1,2.16,3.24,4.08,4.99,6.27
2023-10-05 12:30:00,1402.49224,10.08651518,2.765129952,5.854625980854034,0.722990926,0.66883395,0.22,0.52,0.04,2.28,3.45,4.38,5.25,6.11
2023-10-05 12:35:00,1402.4909,11.280389329999998,2.7789815040000003,7.027300562858581,0.803319734,0.5837982,0.25,0.65,0.1,2.28,3.45,4.38,5.25,6.11
2023-10-05 12:40:00,1409.09107,11.510303669999999,3.0131100479999997,6.8988935661315915,0.8033162760000001,0.61775235,0.25,0.65,0.1,2.28,3.45,4.38,5.25,6.11
2023-10-05 12:45:00,1402.48822,11.488747409999998,3.329839968,6.3925980997085565,0.8033128180000001,0.6177099,0.25,0.65,0.1,2.55,3.75,4.63,5.19,5.65
2023-10-05 12:50:00,1402.4868800000002,11.06903637,3.1509503999999997,6.246668555736542,0.883640562,0.5836749,0.25,0.65,0.1,2.55,3.75,4.63,5.19,5.65
2023-10-05 12:55:00,1395.8840300000002,12.304817830000001,3.302473824,7.250551266670227,0.8033061680000001,0.5836338000000001,0.25,0.65,0.1,2.55,3.75,4.63,5.19,5.65
2023-10-05 13:00:00,1402.4841999999999,9.39138978,2.504063328,5.5590491747856134,0.830079334,0.58359285,0.23,0.49,0.07,2.68,4.08,5.15,6.56,8.39
2023-10-05 13:05:00,1402.4835300000002,10.899592629999999,3.137437056,6.097906095981598,0.9104057480000001,0.68551755,0.25,0.65,0.1,2.68,4.08,5.15,6.56,8.39
2023-10-05 13:10:00,1402.48152,10.10268142,2.972315424,5.553704841136932,0.8032957940000001,0.566517,0.25,0.65,0.1,2.68,4.08,5.15,6.56,8.39
2023-10-05 13:15:00,1402.48018,10.3954615,2.903564352,5.95170469045639,0.74973962,0.56647665,0.25,0.65,0.1,2.65,3.93,4.92,6.11,8.63
2023-10-05 13:20:00,1402.4788400000002,10.248175669999998,2.793513216,5.9728470492362975,0.6694073540000001,0.5664363,0.25,0.65,0.1,2.65,3.93,4.92,6.11,8.63
2023-10-05 13:25:00,1402.4781699999999,9.053113499999998,2.490723456,5.241189284324646,0.6961807860000001,0.65135415,0.25,0.65,0.1,2.65,3.93,4.92,6.11,8.63
2023-10-05 13:30:00,1402.47683,7.71136333,1.94012832,4.742096555233002,0.5622974000000001,0.6343194000000001,0.23,0.52,0.07,2.97,4.39,5.46,6.21,7.78
2023-10-05 13:35:00,1409.07633,11.126510179999999,2.890135872,6.7033053445816035,0.6961749340000001,0.58330545,0.25,0.65,0.1,2.97,4.39,5.46,6.21,7.78
2023-10-05 13:40:00,1409.07499,13.074765569999999,3.509734176,7.7032977485656735,0.7229478340000001,0.58326435,0.25,0.65,0.1,2.97,4.39,5.46,6.21,7.78
2023-10-05 13:45:00,1409.0736500000003,14.289580959999999,3.97789392,8.201617698669434,0.5355146580000001,0.25,0.25,0.65,0.1,3.19,4.75,5.86,7.48,10.85
2023-10-05 13:50:00,1415.67382,14.645219139999998,3.936676224,8.620338225364685,0.749717276,0.5831822999999999,0.25,0.65,0.1,3.19,4.75,5.86,7.48,10.85
2023-10-05 13:55:00,1409.0716400000003,15.00085923,4.170794784,8.61767243385315,0.722938524,0.66807975,0.25,0.65,0.1,3.19,4.75,5.86,7.48,10.85
2023-10-05 14:00:00,1409.0703,14.16204262,4.088275776,7.905145616531372,0.5622830360000001,0.7359835499999999,0.23,0.44,0.05,2.87,4.4,5.66,7.25,8.5
2023-10-05 14:05:00,1409.06896,14.18239558,4.198494144,7.756815767288208,0.562280642,0.5830593,0.25,0.65,0.1,2.87,4.4,5.66,7.25,8.5
2023-10-05 14:10:00,1409.0669500000001,12.54727705,3.71673744,6.859000957012176,0.7229292140000001,0.6169895999999999,0.25,0.65,0.1,2.87,4.4,5.66,7.25,8.5
2023-10-05 14:15:00,1415.6671199999998,15.794752639999999,4.3087936319999995,9.200364184379577,0.8300264,0.7528278,0.25,0.65,0.1,2.66,4.22,5.46,7.62,10.71
2023-10-05 14:20:00,1409.0649400000002,14.64160351,4.074839808,8.405270690917968,0.8835727320000001,0.73579575,0.25,0.65,0.1,2.66,4.22,5.46,7.62,10.71
2023-10-05 14:25:00,1409.0636000000002,12.65025088,3.469185408,7.340840723514557,0.803244456,0.68479755,0.25,0.65,0.1,2.66,4.22,5.46,7.62,10.71
2023-10-05 14:30:00,1415.66377,11.93717339,3.042500448,7.280782089233398,0.8032409980000002,0.7526849999999999,0.24,0.58,0.06,2.69,4.13,5.16,7.09,9.33
2023-10-05 14:35:00,1415.66243,13.48726063,3.648320832,7.903692045211792,0.7496885480000001,0.7526374499999999,0.25,0.65,0.1,2.69,4.13,5.16,7.09,9.33
2023-10-05 14:40:00,1409.05958,15.41453849,4.102705152,9.135559129714965,0.642587372,0.7356081,0.25,0.65,0.1,2.69,4.13,5.16,7.09,9.33
2023-10-05 14:45:00,1409.05824,14.78528135,3.634720128,9.222528414726257,0.8032308900000001,0.61669335,0.25,0.65,0.1,2.65,4.11,5.03,6.55,9.07
2023-10-05 14:50:00,1415.65841,12.33291966,3.070372032,7.6338728690147395,0.856775892,0.65061195,0.25,0.65,0.1,2.65,4.11,5.03,6.55,9.07
2023-10-05 14:55:00,1409.05556,14.09255491,3.538521792,8.67702841758728,0.803223974,0.5826492000000001,0.25,0.65,0.1,2.65,4.11,5.03,6.55,9.07
2023-10-05 15:00:00,1415.6557300000004,15.37021885,3.896535552,9.406770401000976,0.7496725880000001,0.58260825,0.23,0.61,0.05,2.67,4.0,5.0,6.03,7.08
2023-10-05 15:05:00,1415.6537199999998,14.720005189999998,3.814020288,8.88284264087677,0.803217058,0.70141635,0.25,0.65,0.1,2.67,4.0,5.0,6.03,7.08
2023-10-05 15:10:00,1409.0515400000002,12.47720488,2.891744544,8.051538281440735,0.696118542,0.58252635,0.25,0.65,0.1,2.67,4.0,5.0,6.03,7.08
2023-10-05 15:15:00,1402.4486900000002,10.0877223,2.065836864,6.926064693927764,0.6961156159999999,0.7352796,0.25,0.65,0.1,2.62,4.16,5.64,6.89,7.74
2023-10-05 15:20:00,1409.0488599999999,10.96723719,2.5339841279999997,7.0891046667099,0.669338992,0.75220905,0.25,0.65,0.1,2.62,4.16,5.64,6.89,7.74
2023-10-05 15:25:00,1402.4466800000002,11.888661299999999,2.9470633919999996,7.378332116603851,0.562242338,0.7521615,0.25,0.65,0.1,2.62,4.16,5.64,6.89,7.74
2023-10-05 15:30:00,1402.4453399999998,13.71115083,3.428974848,8.463280572891234,0.535466778,0.7521139499999999,0.24,0.6,0.06,2.63,4.15,5.6,6.48,7.13
2023-10-05 15:35:00,1402.4433299999998,14.46493233,3.401525088,9.259072618484497,0.5086912180000001,0.7520663999999999,0.25,0.65,0.1,2.63,4.15,5.6,6.48,7.13
2023-10-05 15:40:00,1402.44199,15.65876446,3.787067232,9.862852993011474,0.562235156,0.7350453,0.25,0.65,0.1,2.63,4.15,5.6,6.48,7.13
2023-10-05 15:45:00,1409.04216,16.85259468,4.021179552,10.698385095596313,0.5354598620000001,0.78591765,0.25,0.65,0.1,2.7,4.32,5.59,7.31,9.79
2023-10-05 15:50:00,1409.04082,16.74721807,4.172691744,10.361127405166625,0.642549068,0.80284125,0.25,0.65,0.1,2.7,4.32,5.59,7.31,9.79
2023-10-05 15:55:00,1409.04015,17.417171579999998,4.434336192,10.630648307800293,0.642546142,0.83673555,0.25,0.65,0.1,2.7,4.32,5.59,7.31,9.79
2023-10-05 16:00:00,1409.03814,16.075450059999998,4.131558912,9.75231053352356,0.615770848,0.8197136999999999,0.23,0.62,0.05,2.79,4.46,5.98,7.7,9.39
2023-10-05 16:05:00,1409.0368000000003,15.886253100000001,4.351902048,9.225890936851501,0.562223186,0.9214864500000001,0.25,0.65,0.1,2.79,4.46,5.98,7.7,9.39
2023-10-05 16:10:00,1402.43395,18.37928633,5.122895232,10.53895673751831,0.7228555320000001,0.8026434,0.25,0.65,0.1,2.79,4.46,5.98,7.7,9.39
2023-10-05 16:15:00,1402.4332800000002,18.02244676,4.737521568,10.771912488937378,0.5889907660000001,0.7516860000000001,0.25,0.65,0.1,2.87,4.46,5.84,6.89,8.56
2023-10-05 16:20:00,1402.43194,17.602743359999998,4.5999408,10.562769441604614,0.535443902,0.7516385999999999,0.25,0.65,0.1,2.87,4.46,5.84,6.89,8.56
2023-10-05 16:25:00,1402.4306,18.105056169999997,4.076906495999999,11.865559148788451,0.535441508,0.7515912,0.25,0.65,0.1,2.87,4.46,5.84,6.89,8.56
2023-10-05 16:30:00,1402.42926,17.26625675,3.6777698880000003,11.63761803627014,0.53543938,0.75154365,0.25,0.72,0.05,3.01,4.69,5.99,7.26,9.04
2023-10-05 16:35:00,1402.4279200000003,16.07122705,3.5814904320000003,10.589939203262329,0.6425243300000001,0.6666633,0.25,0.65,0.1,3.01,4.69,5.99,7.26,9.04
2023-10-05 16:40:00,1402.42658,13.76559347,3.0722265600000003,9.063708443641662,0.508663022,0.58178925,0.25,0.65,0.1,3.01,4.69,5.99,7.26,9.04
2023-10-05 16:45:00,1402.42524,13.576400329999998,2.920884096,9.106137971878052,0.535432464,0.5817484500000001,0.25,0.65,0.1,2.87,4.91,6.65,8.84,10.7
2023-10-05 16:50:00,1402.4239000000002,14.53971838,2.9347344,10.048258018493652,0.5354300700000001,0.5986722,0.25,0.65,0.1,2.87,4.91,6.65,8.84,10.7
2023-10-05 16:55:00,1402.42256,17.07464173,3.182608416,12.203822317123413,0.535427942,0.6155946,0.25,0.65,0.1,2.87,4.91,6.65,8.84,10.7
2023-10-05 17:00:00,1409.0227300000001,15.502430959999998,3.05879808,10.821097116470337,0.588968156,0.6664422,0.26,0.75,0.05,2.85,4.74,6.29,9.05,11.83
2023-10-05 17:05:00,1409.0207200000002,13.05012657,2.425645248,9.337801356315612,0.80313513,0.7512111,0.25,0.65,0.1,2.85,4.74,6.29,9.05,11.83
2023-10-05 17:10:00,1409.02005,13.363845979999999,2.480794368,9.567117714881897,0.803131672,0.76812555,0.25,0.65,0.1,2.85,4.74,6.29,9.05,11.83
2023-10-05 17:15:00,1402.4172,12.71365142,2.384518656,9.064268560409545,0.669273556,0.8020000500000001,0.25,0.65,0.1,2.91,4.7,6.17,7.45,8.63
2023-10-05 17:20:00,1402.41586,10.82713105,2.05422048,7.683251943588257,0.883437338,0.75106875,0.25,0.65,0.1,2.91,4.7,6.17,7.45,8.63
2023-10-05 17:25:00,1409.01603,11.434215,2.357157504,7.826705589294433,0.8031212980000001,0.7340611499999999,0.25,0.65,0.1,2.91,4.7,6.17,7.45,8.63
2023-10-05 17:30:00,1402.4131800000002,8.89810554,1.875435744,6.027846872806549,0.8031178400000001,0.666177,0.26,0.63,0.06,2.8,4.56,6.1,7.07,7.79
2023-10-05 17:35:00,1409.01268,9.48423679,2.247201216,6.04501058101654,0.72280313,0.5304634500000001,0.25,0.65,0.1,2.8,4.56,6.1,7.07,7.79
2023-10-05 17:40:00,1415.6128500000002,12.9411477,3.114535008,8.17451169013977,0.936962922,0.5812986,0.25,0.65,0.1,2.8,4.56,6.1,7.07,7.79
2023-10-05 17:45:00,1422.2130200000001,17.34100651,4.147057824,10.994146785736083,0.8566482120000001,0.61517235,0.25,0.65,0.1,2.93,4.79,6.47,8.0,9.51
2023-10-05 17:50:00,1415.6108400000003,15.74785641,3.651570624,10.159315967559815,0.8031042740000001,0.6490437,0.25,0.65,0.1,2.93,4.79,6.47,8.0,9.51
2023-10-05 17:55:00,1415.6095,16.22920506,3.913205088,10.24024600982666,0.696020654,0.61508805,0.25,0.65,0.1,2.93,4.79,6.47,8.0,9.51
2023-10-05 18:00:00,1409.00665,18.65932671,4.60157568,11.616851820945739,0.64247778,0.5980905,0.26,0.4,0.06,2.9,4.53,5.78,7.13,9.61
2023-10-05 18:05:00,1409.0053100000002,19.496898,5.014631232,11.822261667251587,0.669245094,0.58109415,0.25,0.65,0.1,2.9,4.53,5.78,7.13,9.61
2023-10-05 18:10:00,1409.00397,17.861846319999998,4.53291072,10.92445915222168,0.535393628,0.73363995,0.25,0.65,0.1,2.9,4.53,5.78,7.13,9.61
2023-10-05 18:15:00,1402.4017900000001,17.67264936,4.16131872,11.303965129852294,0.5353915,0.7505466000000001,0.25,0.65,0.1,2.76,4.56,6.09,8.22,11.92
2023-10-05 18:20:00,1409.0019599999998,15.1575117,3.5970080639999997,9.652475867271423,0.7227754660000001,0.7504992,0.25,0.65,0.1,2.76,4.56,6.09,8.22,11.92
2023-10-05 18:25:00,1402.3984400000002,15.073091609999999,3.776046144,9.294047584533692,0.615694772,0.6487392000000001,0.25,0.65,0.1,2.76,4.56,6.09,8.22,11.92
2023-10-05 18:30:00,1402.39777,15.84780098,3.652238304,10.25823896408081,0.588922936,0.6317442,0.25,0.65,0.1,2.87,4.51,5.88,8.15,12.45
2023-10-05 18:35:00,1402.39643,15.931013949999999,3.390774816,10.741606984138489,0.25,0.7842585000000001,0.25,0.65,0.1,2.87,4.51,5.88,8.15,12.45
2023-10-05 18:40:00,1408.99593,13.47874967,2.84023584,9.131914272308348,0.562148972,0.7164091499999999,0.25,0.65,0.1,2.87,4.51,5.88,8.15,12.45
2023-10-05 18:45:00,1402.3937500000002,12.07420634,2.5512427200000003,8.169660987854003,0.535377668,0.7163630999999999,0.25,0.65,0.1,2.75,4.21,5.46,7.19,8.71
2023-10-05 18:50:00,1402.39241,9.95721773,1.94564448,6.979508485794067,0.25,0.66547065,0.25,0.65,0.1,2.75,4.21,5.46,7.19,8.71
2023-10-05 18:55:00,1408.9925800000003,8.09168635,1.491468576,5.809070272445679,0.5353731460000001,0.7501672500000001,0.25,0.65,0.1,2.75,4.21,5.46,7.19,8.71
2023-10-05 19:00:00,1408.9905700000004,10.24938279,2.358781152,6.639389190673828,0.749519372,0.75011985,0.25,0.66,0.05,2.93,4.5,5.8,6.76,7.49
2023-10-05 19:05:00,1415.59074,11.464133239999999,2.868189792,7.074515674114227,0.25,0.6653382,0.25,0.65,0.1,2.93,4.5,5.8,6.76,7.49
2023-10-05 19:10:00,1408.9885600000002,11.63116656,3.336299616,6.525130834579468,0.25,0.6652941,0.25,0.65,0.1,2.93,4.5,5.8,6.76,7.49
2023-10-05 19:15:00,1408.98722,9.72373169,2.3315073600000003,6.15547926902771,0.508595724,0.58052235,0.25,0.65,0.1,2.66,4.03,5.2,6.33,8.14
2023-10-05 19:20:00,1408.9858800000002,9.74408656,2.042519232,6.618115682601928,0.5888979320000001,0.58048155,0.25,0.65,0.1,2.66,4.03,5.2,6.33,8.14
2023-10-05 19:25:00,1408.98387,10.35116287,2.455566048,6.5930452203750605,0.80303937,0.58044075,0.25,0.65,0.1,2.66,4.03,5.2,6.33,8.14
2023-10-05 19:30:00,1408.9825299999998,9.4704867,2.31799776,5.9229105901718135,0.74950022,0.58039995,0.24,0.46,0.05,2.56,4.01,5.16,6.68,8.05
2023-10-05 19:35:00,1408.98119,10.53855106,2.634686496,6.50629907131195,0.508587212,0.63118785,0.25,0.65,0.1,2.56,4.01,5.16,6.68,8.05
2023-10-05 19:40:00,1408.98052,13.66012518,3.446924832,8.38478316783905,0.66919083,0.74974065,0.25,0.65,0.1,2.56,4.01,5.16,6.68,8.05
2023-10-05 19:45:00,1415.58002,14.66532189,3.3368861759999997,9.558388090133667,0.6156530100000001,0.6819270000000001,0.25,0.65,0.1,2.46,3.86,5.06,6.28,7.5
2023-10-05 19:50:00,1402.3770000000002,12.75789275,2.6349410879999997,8.725250372886658,0.535348142,0.5802367500000001,0.25,0.65,0.1,2.46,3.86,5.06,6.28,7.5
2023-10-05 19:55:00,1402.3749900000003,13.511639869999998,3.103044672,8.7625896692276,0.535345748,0.64795725,0.25,0.65,0.1,2.46,3.86,5.06,6.28,7.5
2023-10-05 20:00:00,1402.3736500000002,13.51104013,3.213251808,8.593322381973266,0.53534362,0.63097395,0.24,0.48,0.04,2.42,3.85,5.14,6.48,7.95
2023-10-05 20:05:00,1395.7714700000001,13.15421775,3.406049088,7.941433897018432,0.25,0.7495037999999999,0.25,0.65,0.1,2.42,3.85,5.14,6.48,7.95
2023-10-05 20:10:00,1395.77013,14.38990753,3.750261216,8.650324964523316,0.535338832,0.7155801,0.25,0.65,0.1,2.42,3.85,5.14,6.48,7.95
2023-10-05 20:15:00,1395.7694600000002,13.09015253,3.323624928,8.00351487159729,0.562103486,0.5630952,0.25,0.65,0.1,2.4,3.72,4.74,6.44,7.53
2023-10-05 20:20:00,1395.76745,14.011530800000001,3.543950592,8.587695713043212,0.562101092,0.5799919499999999,0.25,0.65,0.1,2.4,3.72,4.74,6.44,7.53
2023-10-05 20:25:00,1395.76611,13.92711071,3.2136723839999997,9.008749604225159,0.6423985120000001,0.71544195,0.25,0.65,0.1,2.4,3.72,4.74,6.44,7.53
2023-10-05 20:30:00,1395.7647700000002,16.65052814,3.47529312,11.331770601272583,0.5620963040000001,0.5799105,0.24,0.67,0.1,2.47,3.78,4.85,5.79,6.87
2023-10-05 20:35:00,1402.36494,16.96423418,3.406552032,11.750680565834045,0.7762249740000001,0.5798696999999999,0.25,0.65,0.1,2.47,3.78,4.85,5.79,6.87
2023-10-05 20:40:00,1408.9644400000002,15.496853759999999,2.9523886079999997,10.978374261856079,0.8029877660000001,0.5798289000000001,0.25,0.65,0.1,2.47,3.78,4.85,5.79,6.87
2023-10-05 20:45:00,1402.3622600000003,14.259966409999999,2.5670523839999997,10.331224455833434,0.7494523400000002,0.5797881,0.25,0.65,0.1,2.53,3.72,4.68,5.15,5.55
2023-10-05 20:50:00,1402.36025,14.90893857,2.883732384,10.495533571243286,0.6423849460000001,0.5966805,0.25,0.65,0.1,2.53,3.72,4.68,5.15,5.55
2023-10-05 20:55:00,1402.35958,13.73491696,2.7324024,9.553114795684815,0.25,0.5797068000000001,0.25,0.65,0.1,2.53,3.72,4.68,5.15,5.55
2023-10-05 21:00:00,1408.95908,13.33619109,2.608603296,9.343856992721557,0.72267678,0.57966585,0.24,0.75,0.1,2.46,3.65,4.63,5.88,7.38
2023-10-05 21:05:00,1402.3569,10.842080619999999,2.27833008,7.355213866233825,0.615610982,0.57962505,0.25,0.65,0.1,2.46,3.65,4.63,5.88,7.38
2023-10-05 21:10:00,1402.3555600000002,11.28151432,2.4986544960000003,7.457451570034027,0.615608322,0.5795844,0.25,0.65,0.1,2.46,3.65,4.63,5.88,7.38
2023-10-05 21:15:00,1402.3542200000002,10.023683819999999,2.60885664,6.030962579250335,0.802964092,0.54568425,0.25,0.65,0.1,2.35,3.52,4.6,5.63,6.54
2023-10-05 21:20:00,1408.95439,11.34317676,2.966830464,6.802594921588898,0.749429996,0.57950295,0.25,0.65,0.1,2.35,3.52,4.6,5.63,6.54
2023-10-05 21:25:00,1402.35154,9.414827390000001,2.6227918079999997,5.400778391361237,0.77619199,0.5794623,0.25,0.65,0.1,2.35,3.52,4.6,5.63,6.54
2023-10-05 21:30:00,1395.74936,10.71336381,2.691701376,6.593852608203887,0.562067576,0.57942135,0.23,0.63,0.1,2.49,3.51,4.3,4.63,4.85
2023-10-05 21:35:00,1389.1471800000002,10.10510712,2.5266084479999997,6.238262250423431,0.25,0.6978708,0.25,0.65,0.1,2.49,3.51,4.3,4.63,4.85
2023-10-05 21:40:00,1395.74735,8.55393118,2.223868608,5.15041439294815,0.25,0.57934005,0.25,0.65,0.1,2.49,3.51,4.3,4.63,4.85
2023-10-05 21:45:00,1389.14383,11.98974232,2.7194856,7.8277092456817625,0.53529574,0.61315095,0.25,0.65,0.1,2.17,3.23,4.18,4.59,4.93
2023-10-05 21:50:00,1389.14316,14.168328429999999,2.967335904,9.626973705291748,0.25,0.5792586000000001,0.25,0.65,0.1,2.17,3.23,4.18,4.59,4.93
2023-10-05 21:55:00,1389.14182,10.81513816,2.85730224,6.44218346118927,0.25,0.5792178,0.25,0.65,0.1,2.17,3.23,4.18,4.59,4.93
2023-10-05 22:00:00,1389.1404800000003,9.34778066,2.981269824,4.785099861621856,0.25,0.57917715,0.22,0.46,0.1,2.2,3.38,4.39,4.81,5.14
2023-10-05 22:05:00,1389.13914,10.93966252,3.1602941760000003,6.1029945063591,0.25,0.5791365,0.25,0.65,0.1,2.2,3.38,4.39,4.81,5.14
2023-10-05 22:10:00,1389.1384700000003,11.23241395,3.146614848,6.4166812992095945,0.25,0.5790958500000001,0.25,0.65,0.1,2.2,3.38,4.39,4.81,5.14
2023-10-05 22:15:00,1389.1364600000002,9.827922189999999,2.48599728,6.023230690956115,0.25,0.52828935,0.25,0.65,0.1,2.27,3.39,4.28,4.92,5.37
2023-10-05 22:20:00,1389.13512,7.1243114599999995,2.0318513279999997,4.014667444229126,0.53527978,0.57901425,0.25,0.65,0.1,2.27,3.39,4.28,4.92,5.37
2023-10-05 22:25:00,1395.73462,6.809411669999999,1.976879424,3.7838988804817197,0.25,0.52821195,0.25,0.65,0.1,2.27,3.39,4.28,4.92,5.37
2023-10-05 22:30:00,1389.13311,7.8355400699999995,2.155903776,4.536039614677429,0.562038848,0.25,0.22,0.54,0.1,2.3,3.57,4.78,5.73,6.62
2023-10-05 22:35:00,1389.1317700000002,12.13041955,3.0369193919999997,7.482570302486419,0.6423274900000001,0.61273065,0.25,0.65,0.1,2.3,3.57,4.78,5.73,6.62
2023-10-05 22:40:00,1382.5289200000002,11.794563239999999,3.2021770560000005,6.893796048164368,0.61556124,0.25,0.25,0.65,0.1,2.3,3.57,4.78,5.73,6.62
2023-10-05 22:45:00,1382.52758,7.60326306,2.4039225600000003,3.9241826295852658,0.8029023799999999,0.25,0.25,0.65,0.1,2.28,3.62,4.73,5.9,8.0
2023-10-05 22:50:00,1382.5269100000003,7.2045486499999996,2.046132192,4.073048460483551,0.588792596,0.25,0.25,0.65,0.1,2.28,3.62,4.73,5.9,8.0
2023-10-05 22:55:00,1382.5255699999998,9.215486420000001,2.3490355199999997,5.620407917499542,0.5887902020000001,0.25,0.25,0.65,0.1,2.28,3.62,4.73,5.9,8.0
2023-10-05 23:00:00,1382.52423,8.85868123,2.41794384,5.15814172744751,0.535261426,0.25,0.22,0.4,0.1,2.2,3.51,4.71,5.44,6.0
2023-10-05 23:05:00,1382.5228900000002,8.8580834,2.376733632,5.220614783763885,0.535259298,0.25,0.25,0.65,0.1,2.2,3.51,4.71,5.44,6.0
2023-10-05 23:10:00,1382.52222,7.36979421,2.01894576,4.279901404380798,0.535256904,0.25,0.25,0.65,0.1,2.2,3.51,4.71,5.44,6.0
2023-10-05 23:15:00,1389.1210500000002,6.342481609999999,1.908918336,3.4209801006317138,0.53525451,0.25,0.25,0.65,0.1,2.13,3.46,4.59,5.55,6.58
2023-10-05 23:20:00,1389.1197100000002,10.17635394,2.817448608,5.864392960071563,0.25,0.25,0.25,0.65,0.1,2.13,3.46,4.59,5.55,6.58
2023-10-05 23:25:00,1389.1183700000001,11.24437628,3.216697536,6.321385400295258,0.25,0.25,0.25,0.65,0.1,2.13,3.46,4.59,5.55,6.58
2023-10-05 23:30:00,1389.11703,12.60574406,3.161725632,7.766885118484497,0.25,0.25,0.21,0.36,0.1,2.04,3.27,4.33,4.84,5.27
2023-10-05 23:35:00,1382.5155200000002,11.34794412,2.803939008,7.056658878326416,0.5352454660000001,0.25,0.25,0.65,0.1,2.04,3.27,4.33,4.84,5.27
2023-10-05 23:40:00,1382.5135100000002,11.28448628,2.8590806399999997,6.9088103652000425,0.535243072,0.25,0.25,0.65,0.1,2.04,3.27,4.33,4.84,5.27
2023-10-05 23:45:00,1382.5121700000002,12.03820284,3.024335808,7.409611678123474,0.535240944,0.25,0.25,0.65,0.1,2.02,3.29,4.41,5.3,6.61
2023-10-05 23:50:00,1389.11167,11.09470677,2.8041936,6.803032085895538,0.722572242,0.25,0.25,0.65,0.1,2.02,3.29,4.41,5.3,6.61
2023-10-05 23:55:00,1389.111,11.827470629999999,2.914390752,7.3671448087692255,0.588760144,0.25,0.25,0.65,0.1,2.02,3.29,4.41,5.3,6.61
2023-10-06 00:15:00,1382.5048,11.44791543,2.6669772480000002,7.366243157386779,0.8831250540000001,0.667380825,0.25,0.65,0.1,1.67,2.52,3.21,3.6,3.89
2023-10-06 00:20:00,1382.5034600000001,9.18437443,2.2128487679999997,5.797722215652466,0.8295986720000001,0.667380825,0.25,0.65,0.1,1.67,2.52,3.21,3.6,3.89
2023-10-06 00:25:00,1382.50212,7.046557269999999,1.9927103039999998,3.9968165683746335,0.990162124,0.667380825,0.25,0.65,0.1,1.67,2.52,3.21,3.6,3.89
2023-10-06 00:30:00,1382.50078,9.09936606,2.5571195519999996,5.185826067924499,0.80283056,0.667380825,0.2,0.52,0.1,1.57,2.37,3.04,3.15,3.28
2023-10-06 00:35:00,1389.0996100000002,8.28159956,2.65355376,4.220471649169922,0.615500858,0.667380825,0.25,0.65,0.1,1.57,2.37,3.04,3.15,3.28
2023-10-06 00:40:00,1389.09894,7.505736549999999,2.6674015680000003,3.4234150147438047,0.6690197920000001,0.667380825,0.25,0.65,0.1,1.57,2.37,3.04,3.15,3.28
2023-10-06 00:45:00,1389.0976,8.028967680000001,2.5436112,4.136101214885712,0.749299124,0.667380825,0.25,0.65,0.1,1.41,2.15,2.74,3.01,3.24
2023-10-06 00:50:00,1389.0962600000003,9.22269476,2.5987528319999997,5.245437064170837,0.8028169940000001,0.667380825,0.25,0.65,0.1,1.41,2.15,2.74,3.01,3.24
2023-10-06 00:55:00,1389.09492,10.96119968,2.860349856,6.583581523895264,0.776053138,0.667380825,0.25,0.65,0.1,1.41,2.15,2.74,3.01,3.24
2023-10-06 01:00:00,1389.0935800000002,11.17012885,3.02560128,6.5396014285087585,0.535206896,0.667380825,0.19,0.38,0.1,1.31,1.96,2.47,2.76,3.0
2023-10-06 01:05:00,1389.09224,12.04955779,3.025686144,7.418900508880615,0.535204502,0.667380825,0.25,0.65,0.1,1.31,1.96,2.47,2.76,3.0
2023-10-06 01:10:00,1389.0909,10.35176452,2.929422912,5.8684330868721,0.535202108,0.667380825,0.25,0.65,0.1,1.31,1.96,2.47,2.76,3.0
2023-10-06 01:15:00,1389.0895600000001,11.35690775,3.1910199359999996,6.473215296268463,0.25,0.667380825,0.25,0.65,0.1,1.26,1.92,2.4,2.9,3.31
2023-10-06 01:20:00,1389.0882199999999,13.933520669999998,3.8517647999999998,8.038591842651368,0.535197586,0.667380825,0.25,0.65,0.1,1.26,1.92,2.4,2.9,3.31
2023-10-06 01:25:00,1389.0875500000002,12.61288746,3.4526993280000005,7.328708503246307,0.535195458,0.667380825,0.25,0.65,0.1,1.26,1.92,2.4,2.9,3.31
2023-10-06 01:30:00,1389.08621,10.93605071,2.6682514559999997,6.852428464889526,0.25,0.667380825,0.19,0.45,0.1,1.32,1.97,2.51,2.9,3.2
2023-10-06 01:35:00,1389.0842,14.41363355,3.3840480960000003,9.234521288871765,0.25,0.667380825,0.25,0.65,0.1,1.32,1.97,2.51,2.9,3.2
2023-10-06 01:40:00,1389.08286,13.113951129999998,3.191440512,8.229614429473877,0.25,0.667380825,0.25,0.65,0.1,1.32,1.97,2.51,2.9,3.2
2023-10-06 01:45:00,1389.08219,12.25428496,2.985069984,7.685788407325744,0.25,0.667380825,0.25,0.65,0.1,1.37,2.14,2.73,2.97,3.15
2023-10-06 01:50:00,1389.08085,10.57745967,2.682355104,6.472253079414368,0.25,0.667380825,0.25,0.65,0.1,1.37,2.14,2.73,2.97,3.15
2023-10-06 01:55:00,1389.07951,9.235877579999999,2.462221632,5.467573454380036,0.25,0.667380825,0.25,0.65,0.1,1.37,2.14,2.73,2.97,3.15
2023-10-06 02:00:00,1389.07817,12.04295683,2.9990875200000002,7.453007066249847,0.25,0.667380825,0.25,0.65,0.1,1.51,2.34,2.97,3.64,4.37
2023-10-06 02:05:00,1382.4759900000001,13.383333709999999,3.1230438719999998,8.603674979209899,0.5351771040000001,0.667380825,0.25,0.65,0.1,1.51,2.34,2.97,3.64,4.37
2023-10-06 02:10:00,1382.47465,12.58652946,2.971728864,8.038451585769653,0.5351749760000001,0.667380825,0.25,0.65,0.1,1.51,2.34,2.97,3.64,4.37
2023-10-06 02:15:00,1389.0741500000001,11.7478179,2.7928879679999996,7.473446319103241,0.5351725820000001,0.667380825,0.25,0.65,0.1,1.56,2.52,3.29,4.65,5.56
2023-10-06 02:20:00,1389.0728100000003,12.81580777,3.247167456,7.846184902191162,0.561928724,0.667380825,0.25,0.65,0.1,1.56,2.52,3.29,4.65,5.56
2023-10-06 02:25:00,1382.4713000000002,13.61140872,3.632629728,8.051854314804077,0.5351680600000001,0.667380825,0.25,0.65,0.1,1.56,2.52,3.29,4.65,5.56
2023-10-06 02:30:00,1382.4699600000004,12.31174158,3.2198088,7.383989751338959,0.535165666,0.667380825,0.25,0.51,0.1,1.57,2.46,3.04,4.59,6.0
2023-10-06 02:35:00,1382.46795,11.28445954,3.096022176,6.546156160831451,0.5886798120000001,0.667380825,0.25,0.65,0.1,1.57,2.46,3.04,4.59,6.0
2023-10-06 02:40:00,1382.4672800000003,12.85531039,3.674169408,7.232182168960571,0.66895143,0.667380825,0.25,0.65,0.1,1.57,2.46,3.04,4.59,6.0
2023-10-06 02:45:00,1382.4659399999998,11.74421946,3.577908672,6.268413836956024,0.588674758,0.667380825,0.25,0.65,0.1,1.6,2.43,2.97,3.95,4.77
2023-10-06 02:50:00,1382.4646,11.366471119999998,3.41283072,6.1433092522621155,0.749219324,0.667380825,0.25,0.65,0.1,1.6,2.43,2.97,3.95,4.77
2023-10-06 02:55:00,1395.6642700000002,14.06875822,4.238714688,7.5816226267814635,0.695700656,0.667380825,0.25,0.65,0.1,1.6,2.43,2.97,3.95,4.77
2023-10-06 03:00:00,1382.4612500000003,21.171089399999996,5.917919904,12.11401692867279,0.8562433600000001,0.667380825,0.18,0.54,0.1,1.61,2.52,3.35,4.22,4.8
2023-10-06 03:05:00,1382.46058,16.539962059999997,4.8444639359999995,9.125758452415466,0.856239636,0.667380825,0.25,0.65,0.1,1.61,2.52,3.35,4.22,4.8
2023-10-06 03:10:00,1382.4592400000001,16.41364039,4.7482032,9.146757822036744,0.749206556,0.667380825,0.25,0.65,0.1,1.61,2.52,3.35,4.22,4.8
2023-10-06 03:15:00,1382.4579,15.26064788,4.376677344,8.562367506027222,0.8027177759999999,0.667380825,0.25,0.65,0.1,1.62,2.51,3.32,3.69,4.01
2023-10-06 03:20:00,1382.45656,14.149560769999999,3.8537566080000003,8.251583757400512,0.7492001720000001,0.667380825,0.25,0.65,0.1,1.62,2.51,3.32,3.69,4.01
2023-10-06 03:25:00,1389.05606,9.036548069999998,2.642678688,4.992063462734222,0.668925894,0.667380825,0.25,0.65,0.1,1.62,2.51,3.32,3.69,4.01
2023-10-06 03:30:00,1382.45388,7.045464749999999,2.229868992,3.6327645766735075,0.775950728,0.667380825,0.18,0.52,0.1,1.88,3.08,4.12,5.35,6.33
2023-10-06 03:35:00,1382.4525400000002,8.21820857,2.367585792,4.594740307331085,0.588649754,0.667380825,0.25,0.65,0.1,1.88,3.08,4.12,5.35,6.33
2023-10-06 03:40:00,1382.4512,8.909040289999998,2.6429345279999996,4.864164669513702,0.56189042,0.667380825,0.25,0.65,0.1,1.88,3.08,4.12,5.35,6.33
2023-10-06 03:45:00,1382.4505300000003,9.076064059999998,2.876991936,4.6729749584197995,0.5351316180000001,0.667380825,0.25,0.65,0.1,2.13,3.69,5.07,6.05,7.0
2023-10-06 03:50:00,1382.44919,11.42213425,3.510178464,6.049986057281494,0.5618856320000001,0.667380825,0.25,0.65,0.1,2.13,3.69,5.07,6.05,7.0
2023-10-06 03:55:00,1382.44718,10.18534622,3.1248959039999997,5.402853555679321,0.5351270960000001,0.667380825,0.25,0.65,0.1,2.13,3.69,5.07,6.05,7.0
2023-10-06 04:00:00,1389.0466800000002,10.81331793,3.303900288,5.756868300437927,0.588637252,0.667380825,0.17,0.41,0.1,2.21,3.78,5.14,6.58,7.66
2023-10-06 04:05:00,1389.0453400000004,9.84891118,3.001197888,5.255731828212737,0.6421468760000001,0.667380825,0.25,0.65,0.1,2.21,3.78,5.14,6.58,7.66
2023-10-06 04:10:00,1382.4438300000002,8.73783935,2.684733792,4.6289925861358645,0.5351201800000001,0.667380825,0.25,0.65,0.1,2.21,3.78,5.14,6.58,7.66
2023-10-06 04:15:00,1382.44249,8.06676849,2.3545067520000003,4.463317332267761,0.535117786,0.667380825,0.25,0.65,0.1,2.19,3.71,5.08,5.78,6.32
2023-10-06 04:20:00,1382.44115,10.18235134,2.918873568,5.715165557861328,0.561871268,0.667380825,0.25,0.65,0.1,2.19,3.71,5.08,5.78,6.32
2023-10-06 04:25:00,1382.44048,10.726514159999999,3.221741952,5.7958032464981075,0.722403066,0.667380825,0.25,0.65,0.1,2.19,3.71,5.08,5.78,6.32
2023-10-06 04:30:00,1382.43847,12.737335419999999,3.8962073280000005,6.7743900823593135,0.695644264,0.667380825,0.17,0.43,0.1,2.06,3.59,4.87,5.9,6.93
2023-10-06 04:35:00,1382.43713,15.481478260000001,4.639486176,8.380982570648193,0.802663246,0.667380825,0.25,0.65,0.1,2.06,3.59,4.87,5.9,6.93
2023-10-06 04:40:00,1382.4357900000002,15.06183216,4.3918368,8.340351791381835,0.802659788,0.667380825,0.25,0.65,0.1,2.06,3.59,4.87,5.9,6.93
2023-10-06 04:45:00,1382.4344500000002,13.825046039999998,4.254290976,7.314072151184082,0.775900986,0.667380825,0.25,0.65,0.1,1.81,2.93,3.79,4.5,5.18
2023-10-06 04:50:00,1382.4337799999998,11.60351167,3.635045856,6.040260517597198,0.802652872,0.667380825,0.25,0.65,0.1,1.81,2.93,3.79,4.5,5.18
2023-10-06 04:55:00,1382.43244,9.863881759999998,2.960752704,5.332602162361145,0.8026494140000001,0.667380825,0.25,0.65,0.1,1.81,2.93,3.79,4.5,5.18
2023-10-06 05:00:00,1382.4304300000001,9.48614297,2.7131070719999997,5.333871760368347,0.615362006,0.667380825,0.17,0.53,0.1,1.65,2.64,3.33,4.36,5.17
2023-10-06 05:05:00,1389.0299300000001,10.21887054,3.01597296,5.603078451156616,0.535095176,0.667380825,0.25,0.65,0.1,1.65,2.64,3.33,4.36,5.17
2023-10-06 05:10:00,1389.02859,12.96300192,3.704192544,7.293925251960754,0.25,0.667380825,0.25,0.65,0.1,1.65,2.64,3.33,4.36,5.17
2023-10-06 05:15:00,1382.4270800000002,13.213825029999999,3.1812942719999997,8.34501669883728,0.535090654,0.667380825,0.25,0.65,0.1,1.53,2.41,3.06,3.88,4.41
2023-10-06 05:20:00,1382.42574,13.380843070000001,3.305241888,8.322340621948241,0.5350882600000001,0.667380825,0.25,0.65,0.1,1.53,2.41,3.06,3.88,4.41
2023-10-06 05:25:00,1389.0245699999998,11.59931731,3.030072864,6.9619458651542665,0.775874652,0.667380825,0.25,0.65,0.1,1.53,2.41,3.06,3.88,4.41
2023-10-06 05:30:00,1389.02323,11.05396265,2.9888701440000003,6.479650263786316,0.5350837380000001,0.667380825,0.17,0.47,0.1,1.52,2.34,2.98,3.72,4.43
2023-10-06 05:35:00,1389.0218900000002,11.30478576,3.1265807039999998,6.519714095592499,0.535081344,0.667380825,0.25,0.65,0.1,1.52,2.34,2.98,3.72,4.43
2023-10-06 05:40:00,1389.0205500000002,9.75373779,2.837649984,5.4108600378036495,0.8026188240000001,0.667380825,0.25,0.65,0.1,1.52,2.34,2.98,3.72,4.43
2023-10-06 05:45:00,1389.01988,11.45025327,3.4432869119999996,6.180479147434235,0.6688460940000001,0.667380825,0.25,0.65,0.1,1.52,2.27,2.79,2.89,2.97
2023-10-06 05:50:00,1402.2188800000001,11.53346051,3.594759168,6.0318665075302125,0.749104412,0.667380825,0.25,0.65,0.1,1.52,2.27,2.79,2.89,2.97
2023-10-06 05:55:00,1415.41855,11.092869349999999,3.154442304,6.265157418251038,0.80260845,0.667380825,0.25,0.65,0.1,1.52,2.27,2.79,2.89,2.97
2023-10-06 06:00:00,1415.4165400000002,10.840848669999998,2.78294016,6.581701717376709,0.6153306180000001,0.667380825,0.18,0.46,0.1,1.43,2.1,2.52,3.45,4.35
2023-10-06 06:05:00,1415.41587,12.55830539,3.484910208,7.224828701019287,0.695588138,0.667380825,0.25,0.65,0.1,1.43,2.1,2.52,3.45,4.35
2023-10-06 06:10:00,1408.8136900000002,13.856725299999999,3.7327168320000004,8.143993978500365,0.722338428,0.667380825,0.25,0.65,0.1,1.43,2.1,2.52,3.45,4.35
2023-10-06 06:15:00,1408.8123500000002,13.54184652,3.6639882239999997,7.934300832748413,0.7223352359999999,0.667380825,0.25,0.65,0.1,1.29,2.01,2.58,2.83,3.03
2023-10-06 06:20:00,1415.4118500000002,15.804046699999999,4.434765504,9.016865377426146,0.561814078,0.667380825,0.25,0.65,0.1,1.29,2.01,2.58,2.83,3.03
2023-10-06 06:25:00,1408.81034,16.39009582,4.4073232319999995,9.64491292476654,0.8025879680000001,0.667380825,0.25,0.65,0.1,1.29,2.01,2.58,2.83,3.03
2023-10-06 06:30:00,1402.2081600000001,15.02762215,4.090870368,8.766754570007324,0.6420676080000001,0.667380825,0.17,0.5,0.1,1.12,1.82,2.43,3.42,4.38
2023-10-06 06:35:00,1402.20682,15.55081508,4.24233888,9.058131866455078,0.25,0.667380825,0.25,0.65,0.1,1.12,1.82,2.43,3.42,4.38
2023-10-06 06:40:00,1395.6053100000001,15.026415029999999,4.132322688,8.702107076644896,0.561804502,0.667380825,0.25,0.65,0.1,1.12,1.82,2.43,3.42,4.38
2023-10-06 06:45:00,1395.6039700000001,13.454429639999999,3.430528608,8.204182395935058,0.642059362,0.667380825,0.25,0.65,0.1,0.5,1.39,1.89,2.74,3.42
2023-10-06 06:50:00,1395.6033,15.423295840000002,3.953577888,9.37254681110382,0.588552132,0.667380825,0.25,0.65,0.1,0.5,1.39,1.89,2.74,3.42
2023-10-06 06:55:00,1395.60196,18.25117881,4.187619072,11.842241897583007,0.56179732,0.667380825,0.25,0.65,0.1,0.5,1.39,1.89,2.74,3.42
2023-10-06 07:00:00,1395.6006200000002,16.15540075,3.7060246080000003,10.48352066040039,0.535042774,0.667380825,0.18,0.65,0.1,0.5,1.25,1.8,2.93,5.01
2023-10-06 07:05:00,1388.99844,13.09584815,2.976712128,8.540143165588379,0.508288494,0.667380825,0.25,0.65,0.1,0.5,1.25,1.8,2.93,5.01
2023-10-06 07:10:00,1388.99777,12.340981769999999,2.9630340480000004,7.806209869384765,0.25,0.667380825,0.25,0.65,0.1,0.5,1.25,1.8,2.93,5.01
2023-10-06 07:15:00,1388.9964300000001,14.100326699999998,3.6099385920000002,8.575500650405884,0.5082839720000001,0.667380825,0.25,0.65,0.1,0.5,1.09,1.53,1.0,3.0
2023-10-06 07:20:00,1388.9950900000001,13.240704459999998,3.348542496,8.115931673049927,0.25,0.667380825,0.25,0.65,0.1,0.5,1.09,1.53,1.0,3.0
2023-10-06 07:25:00,1382.39291,15.796204239999998,3.940396512,9.765629472732543,0.25,0.667380825,0.25,0.65,0.1,0.5,1.09,1.53,1.0,3.0
2023-10-06 07:30:00,1382.39157,15.607035929999999,4.050576192,9.407835988998412,0.25,0.667380825,0.18,0.58,0.1,0.5,1.13,1.7,2.88,3.82
2023-10-06 07:35:00,1382.3909,13.44841887,3.2386972800000002,8.491759095191956,0.561778168,0.667380825,0.25,0.65,0.1,0.5,1.13,1.7,2.88,3.82
2023-10-06 07:40:00,1388.9897300000002,13.61542927,3.2387821440000004,8.658640193939208,0.561775774,0.667380825,0.25,0.65,0.1,0.5,1.13,1.7,2.88,3.82
2023-10-06 07:45:00,1382.3882200000003,16.12901601,3.8306324160000003,10.266430330276489,0.535022292,0.667380825,0.25,0.65,0.1,0.5,1.14,1.79,2.11,1.25
2023-10-06 07:50:00,1382.3862100000001,16.06555817,3.514189536,10.68727201461792,0.561770986,0.667380825,0.25,0.65,0.1,0.5,1.14,1.79,2.11,1.25
2023-10-06 07:55:00,1382.3848699999999,12.356532989999998,3.0050804159999998,7.757411403656006,0.5885194140000001,0.667380825,0.25,0.65,0.1,0.5,1.14,1.79,2.11,1.25
2023-10-06 08:00:00,1382.3842000000002,11.89499868,3.087736704,7.169375774860382,0.535015376,0.667380825,0.19,0.6,0.04,0.5,1.55,2.43,3.87,5.51
2023-10-06 08:05:00,1382.38286,18.85029806,5.179631808,10.923136730194091,0.7222676720000001,0.667380825,0.25,0.65,0.1,0.5,1.55,2.43,3.87,5.51
2023-10-06 08:10:00,1382.3815200000001,18.619224349999996,4.876949376,11.15530376434326,0.588511966,0.667380825,0.25,0.65,0.1,0.5,1.55,2.43,3.87,5.51
2023-10-06 08:15:00,1402.1806900000001,14.6797443,4.07884464,8.437282047271728,0.25,0.667380825,0.25,0.65,0.1,1.04,2.07,3.23,4.62,5.95
2023-10-06 08:20:00,1395.57985,20.734100499999997,6.1019187839999995,11.395426278114318,0.722258628,0.667380825,0.25,0.65,0.1,1.04,2.07,3.23,4.62,5.95
2023-10-06 08:25:00,1382.3775,25.8666143,7.808463936000001,13.91616120815277,0.7222554360000001,0.667380825,0.25,0.65,0.1,1.04,2.07,3.23,4.62,5.95
2023-10-06 08:30:00,1388.9763300000002,22.8280335,6.61126128,12.70983726978302,0.668752196,0.667380825,0.19,0.62,0.05,1.16,2.2,3.4,4.2,4.77
2023-10-06 08:35:00,1666.18213,27.834812,8.455419648,14.894226179122924,0.802499124,0.667380825,0.25,0.65,0.1,1.16,2.2,3.4,4.2,4.77
2023-10-06 08:40:00,1408.77416,41.8716121,13.25835264,21.580382843017578,0.98974477,0.667380825,0.25,0.65,0.1,1.16,2.2,3.4,4.2,4.77
2023-10-06 08:45:00,1593.5775800000004,47.842138399999996,16.94655456,21.906307048797608,1.0164902720000002,0.667380825,0.25,0.65,0.1,1.32,2.47,3.72,5.06,6.83
2023-10-06 08:50:00,1408.7721499999998,46.144454,16.39614912,21.05098961830139,0.9094875160000001,0.667380825,0.25,0.65,0.1,1.32,2.47,3.72,5.06,6.83
2023-10-06 08:55:00,1448.37116,56.4309118,18.04761504,28.809960241317746,0.82923505,0.667380825,0.25,0.65,0.1,1.32,2.47,3.72,5.06,6.83
2023-10-06 09:00:00,1435.1694799999998,29.5078383,7.974137184,17.30383029937744,0.8024821,0.667380825,0.14,0.58,0.03,1.38,2.58,3.96,4.69,5.49
2023-10-06 09:05:00,1428.5679700000003,33.7184333,10.065983616,18.312960348129273,0.909475812,0.667380825,0.25,0.65,0.1,1.38,2.58,3.96,4.69,5.49
2023-10-06 09:10:00,1395.56645,45.7648033,13.75417056,24.71475073814392,1.15021459,0.667380825,0.25,0.65,0.1,1.38,2.58,3.96,4.69,5.49
2023-10-06 09:15:00,1408.7654499999999,22.864457199999997,5.7587499840000005,14.050984501838684,0.989715244,0.667380825,0.25,0.65,0.1,1.49,2.95,4.54,6.39,7.81
2023-10-06 09:20:00,1395.56444,27.6407369,7.8505889280000005,15.625813360214233,0.9629622940000001,0.667380825,0.25,0.65,0.1,1.49,2.95,4.54,6.39,7.81
2023-10-06 09:25:00,1408.7621000000001,28.876239499999997,8.401126655999999,16.01874574661255,0.9629580380000001,0.667380825,0.25,0.65,0.1,1.49,2.95,4.54,6.39,7.81
2023-10-06 09:30:00,1402.16126,28.8756283,8.593864032,15.723160743713379,1.1234462120000002,0.667380825,0.25,0.65,0.1,1.54,3.1,4.79,7.02,8.76
2023-10-06 09:35:00,1487.96079,25.3133064,7.465496064,13.887748260498046,1.20368724,0.667380825,0.25,0.65,0.1,1.54,3.1,4.79,7.02,8.76
2023-10-06 09:40:00,1402.15858,30.110500599999998,9.364656288,15.77837459564209,1.44441857,0.667380825,0.25,0.65,0.1,1.54,3.1,4.79,7.02,8.76
2023-10-06 09:45:00,1428.55792,43.1624665,14.23628544,21.374562244415284,1.658399344,0.667380825,0.25,0.65,0.1,1.63,2.99,4.42,6.1,7.31
2023-10-06 09:50:00,1494.5569400000002,64.3434306,21.32349024,31.70892244338989,2.1666096340000003,0.667380825,0.25,0.65,0.1,1.63,2.99,4.42,6.1,7.31
2023-10-06 09:55:00,1481.35526,68.21874419999999,23.0574864,32.93044694900512,2.353837458,0.667380825,0.25,0.65,0.1,1.63,2.99,4.42,6.1,7.31
2023-10-06 10:00:00,1501.15443,72.1988022,23.96579328,35.52038316726684,2.8887892600000002,0.667380825,0.25,0.79,0.07,1.76,3.2,4.74,6.89,9.81
2023-10-06 10:05:00,1804.75622,70.1449219,22.135576320000002,36.26755889892578,3.2899944,0.667380825,0.25,0.65,0.1,1.76,3.2,4.74,6.89,9.81
2023-10-06 10:10:00,1494.5515800000003,50.031284899999996,16.16320992,25.294319496154785,3.5039621400000005,0.667380825,0.25,0.65,0.1,1.76,3.2,4.74,6.89,9.81
2023-10-06 10:15:00,1514.35008,61.239432300000004,20.346705600000003,30.099844493865966,4.11914566,0.667380825,0.25,0.65,0.1,1.72,3.09,4.47,7.12,9.53
2023-10-06 10:20:00,1474.74839,65.8689667,21.599048640000003,32.81272953033447,4.386603340000001,0.667380825,0.25,0.65,0.1,1.72,3.09,4.47,7.12,9.53
2023-10-06 10:25:00,1468.14688,56.9222593,18.28262592,28.941639595031738,4.814544140000001,0.667380825,0.25,0.65,0.1,1.72,3.09,4.47,7.12,9.53
2023-10-06 10:30:00,1454.9458700000002,38.044793399999996,12.117646943999999,19.499355058670044,5.29597754,0.667380825,0.16,0.93,0.11,1.65,3.0,4.56,6.48,8.35
2023-10-06 10:45:00,1507.7412000000002,51.5353144,17.07187872,25.40767984390259,5.135425260000001,0.667380825,0.25,0.65,0.1,1.65,3.0,4.56,6.48,8.35
2023-10-06 12:15:00,1441.7167200000004,59.63180439999999,21.76539456,26.32098529815674,8.58513404,0.667380825,0.25,0.65,0.1,1.11,1.98,2.83,5.02,9.14
2023-10-06 12:20:00,1454.91572,42.5983289,14.541072,20.343963785171507,7.140876400000001,0.667380825,0.25,0.65,0.1,1.11,1.98,2.83,5.02,9.14
2023-10-06 12:25:00,1448.31421,48.0867712,16.15112928,23.368293781280517,7.221078060000001,0.667380825,0.25,0.65,0.1,1.11,1.98,2.83,5.02,9.14
2023-10-06 12:30:00,1507.71239,65.6845753,22.494888,31.257306213378904,7.96989732,0.667380825,0.13,0.91,0.07,1.29,2.18,3.07,3.86,4.5
2023-10-06 12:35:00,1652.90876,69.39217179999999,23.80219296,32.96413410186767,8.77219854,0.667380825,0.25,0.65,0.1,1.29,2.18,3.07,3.86,4.5
2023-10-06 12:40:00,1639.7070800000001,49.0485708,15.84858912,24.793117904663085,7.6756401400000005,0.667380825,0.25,0.65,0.1,1.29,2.18,3.07,3.86,4.5
2023-10-06 12:45:00,1837.7021300000001,56.6948929,18.60077856,28.22735319137573,8.21049432,0.667380825,0.25,0.65,0.1,1.29,2.18,3.07,3.86,4.5
2023-10-06 13:00:00,1725.49924,75.35981399999999,24.1051824,38.46806550979614,10.991758400000002,0.667380825,0.12,0.84,0.08,1.39,2.97,4.38,11.61,20.54
2023-10-06 13:05:00,1586.9010300000002,87.0494915,31.35703584,39.05915536880493,11.713796780000001,0.667380825,0.25,0.65,0.1,1.39,2.97,4.38,11.61,20.54
2023-10-06 13:10:00,1751.8959,70.267563,24.76578624,32.36479640960693,9.86842976,0.667380825,0.25,0.65,0.1,1.39,2.97,4.38,11.61,20.54
2023-10-06 13:15:00,1685.8955400000002,71.2096705,24.50438016,33.70697462081909,11.9811321,0.667380825,0.25,0.65,0.1,1.16,1.98,2.76,4.87,6.49
2023-10-06 13:20:00,1732.0927100000001,61.9699118,21.71105664,28.742252597808836,13.2647683,0.667380825,0.25,0.65,0.1,1.16,1.98,2.76,4.87,6.49
2023-10-06 13:25:00,1699.09186,80.9712603,28.2610848,37.71911926269531,15.13674596,0.667380825,0.25,0.65,0.1,1.16,1.98,2.76,4.87,6.49
2023-10-06 13:30:00,1560.4943199999998,74.39218890000001,25.89432768,34.76225282669067,13.85300602,0.667380825,0.15,0.97,0.09,1.02,1.7,2.24,4.69,8.39
2023-10-06 13:35:00,1534.0929700000002,51.3671198,17.58308448,24.457109775543213,10.85771568,0.667380825,0.25,0.65,0.1,1.02,1.7,2.24,4.69,8.39
2023-10-06 13:40:00,1507.6929599999999,66.5554589,22.19288448,32.59038776397705,9.38680218,0.667380825,0.25,0.65,0.1,1.02,1.7,2.24,4.69,8.39
2023-10-06 13:45:00,1527.4901200000002,45.0179169,14.624737920000001,22.635504398345947,8.42401784,0.667380825,0.25,0.65,0.1,1.05,1.75,2.37,4.85,8.2
2023-10-06 13:50:00,1527.48945,44.2002268,14.98257696,21.270160121917723,7.461241480000001,0.667380825,0.25,0.65,0.1,1.05,1.75,2.37,4.85,8.2
2023-10-06 13:55:00,1520.88794,71.895838,25.1515056,33.402748336791994,7.5414378200000005,0.667380825,0.25,0.65,0.1,1.05,1.75,2.37,4.85,8.2
2023-10-06 14:00:00,1507.68693,44.07328819999999,14.03322336,22.59615961074829,7.64837514,0.667380825,0.15,0.99,0.09,1.08,1.77,2.49,3.66,5.25
2023-10-06 14:05:00,1481.28692,44.910670399999994,15.285491519999999,21.517008590698243,7.247207240000001,0.667380825,0.25,0.65,0.1,1.08,1.77,2.49,3.66,5.25
2023-10-06 14:10:00,1553.88276,45.9365696,15.753391679999998,21.826812362670896,7.24717798,0.667380825,0.25,0.65,0.1,1.08,1.77,2.49,3.66,5.25
2023-10-06 14:15:00,1725.4751200000003,78.7229802,27.587252160000002,36.50210847854614,8.18312292,0.667380825,0.25,0.65,0.1,0.5,1.41,1.88,3.46,4.7
2023-10-06 14:20:00,1586.8782500000002,120.60171659999999,41.40254976,57.23723777770996,11.55259546,0.667380825,0.25,0.65,0.1,0.5,1.41,1.88,3.46,4.7
2023-10-06 14:25:00,1534.0789000000002,101.97633249999998,34.439907840000004,49.26781990051269,13.85235964,0.667380825,0.25,0.65,0.1,0.5,1.41,1.88,3.46,4.7
2023-10-06 14:30:00,1613.27491,79.0981233,25.716013439999998,39.74108068466187,11.766432860000002,0.667380825,0.2,1.15,0.1,0.5,1.41,2.01,3.24,4.29
2023-10-06 14:35:00,1474.6787100000001,73.54569599999999,24.43636416,36.14709463119507,10.563003640000002,0.667380825,0.25,0.65,0.1,0.5,1.41,2.01,3.24,4.29
2023-10-06 14:40:00,1520.8752100000002,65.6049474,21.0101424,33.450002155303956,9.86767432,0.667380825,0.25,0.65,0.1,0.5,1.41,2.01,3.24,4.29
2023-10-06 14:45:00,1474.67536,55.0454551,17.8316112,27.755090055465697,8.71774568,0.667380825,0.25,0.65,0.1,0.5,1.34,1.94,3.61,5.68
2023-10-06 14:50:00,1520.87253,54.3744148,18.28574592,26.38902081489563,7.48760208,0.667380825,0.25,0.65,0.1,0.5,1.34,1.94,3.61,5.68
2023-10-06 14:55:00,1540.67036,50.1209403,18.230771519999998,22.219677352905272,6.792294040000001,0.667380825,0.25,0.65,0.1,0.5,1.34,1.94,3.61,5.68
2023-10-06 15:00:00,1474.6720100000002,88.27028709999999,29.33516352,43.37432409286499,6.792267440000001,0.667380825,0.16,0.95,0.08,0.5,1.22,1.91,2.65,3.67
2023-10-06 15:05:00,1408.67299,57.1588701,19.41424992,27.446355514526367,6.17719298,0.667380825,0.25,0.65,0.1,0.5,1.22,1.91,2.65,3.67
2023-10-06 15:10:00,1402.07148,30.928859199999998,10.291448544,15.178322868347168,5.294714040000001,0.667380825,0.25,0.65,0.1,0.5,1.22,1.91,2.65,3.67
2023-10-06 15:15:00,1421.8699800000002,28.4142296,9.796162272,13.421705608367919,4.78661414,0.667380825,0.25,0.65,0.1,0.5,1.07,1.64,2.24,3.72
2023-10-06 15:20:00,1415.26847,29.0002176,10.869509664,12.364990224838257,4.65289062,0.667380825,0.25,0.65,0.1,0.5,1.07,1.64,2.24,3.72
2023-10-06 15:25:00,1415.2671300000002,28.3920545,9.589910304,13.715188579559326,4.01109646,0.667380825,0.25,0.65,0.1,0.5,1.07,1.64,2.24,3.72
2023-10-06 15:30:00,1402.0667899999999,26.7154565,9.190945919999999,12.649185276031494,3.7436733600000003,0.667380825,0.16,0.86,0.05,0.5,1.14,1.74,3.57,7.22
2023-10-06 15:35:00,1415.2651200000003,22.336323099999998,8.241591072,9.722991380691528,3.52973488,0.667380825,0.25,0.65,0.1,0.5,1.14,1.74,3.57,7.22
2023-10-06 15:40:00,1402.0641100000003,23.990746,8.530622880000001,10.935065851211547,3.23557612,0.667380825,0.25,0.65,0.1,0.5,1.14,1.74,3.57,7.22
2023-10-06 15:45:00,1388.8631,24.4300842,8.159181887999999,11.942874388694763,2.9949019800000003,0.667380825,0.25,0.65,0.1,0.5,1.13,1.71,2.4,2.83
2023-10-06 15:50:00,1395.46193,23.759062999999998,8.159258016,11.271736102104187,2.9414067200000003,0.667380825,0.25,0.65,0.1,0.5,1.13,1.71,2.4,2.83
2023-10-06 15:55:00,1388.86109,23.171871699999997,7.595183232,11.547833595275879,2.94139608,0.667380825,0.25,0.65,0.1,0.5,1.13,1.71,2.4,2.83
2023-10-06 16:00:00,1388.85908,21.7257152,7.031110944,10.964959692955016,2.8611625000000003,0.667380825,0.14,0.84,0.04,0.5,1.42,2.06,3.39,4.45
2023-10-06 16:05:00,1388.8577400000001,21.368965399999997,6.687195839999999,11.134554853439331,2.59375403,0.667380825,0.25,0.65,0.1,0.5,1.42,2.06,3.39,4.45
2023-10-06 16:10:00,1382.2569000000003,19.461945,6.590956320000001,9.37482370853424,2.460044608,0.667380825,0.25,0.65,0.1,0.5,1.42,2.06,3.39,4.45
2023-10-06 16:15:00,1388.8557300000002,17.827246669999997,5.95808928,8.708697328567505,2.219378714,0.667380825,0.25,0.65,0.1,0.5,1.44,2.14,2.61,2.97
2023-10-06 16:20:00,1388.8543900000002,18.2456379,5.765534111999999,9.421782441139221,2.4332844760000003,0.667380825,0.25,0.65,0.1,0.5,1.44,2.14,2.61,2.97
2023-10-06 16:25:00,1375.6540499999999,15.03972582,4.582285344,8.026772012710572,2.219359828,0.667380825,0.25,0.65,0.1,0.5,1.44,2.14,2.61,2.97
2023-10-06 16:30:00,1375.65271,13.86594105,4.059501888,7.6530821418762205,2.1123940460000004,0.667380825,0.15,0.93,0.06,0.5,1.51,2.06,3.11,3.9
2023-10-06 16:35:00,1375.6507,14.263383399999999,4.857641568,6.829012396335601,2.032167914,0.667380825,0.25,0.65,0.1,0.5,1.51,2.06,3.11,3.9
2023-10-06 16:40:00,1375.6493600000001,15.980654849999999,5.380586016,7.745943126678466,1.7380307,0.667380825,0.25,0.65,0.1,0.5,1.51,2.06,3.11,3.9
2023-10-06 16:45:00,1375.64869,25.365487599999998,8.655437856,12.118783841133117,1.978672654,0.667380825,0.25,0.65,0.1,1.01,1.65,2.36,2.79,3.1
2023-10-06 16:50:00,1375.6473500000002,14.89006586,4.6652523839999995,7.750136260986328,2.032141846,0.667380825,0.25,0.65,0.1,1.01,1.65,2.36,2.79,3.1
2023-10-06 16:55:00,1375.6460100000002,16.77492835,4.954282944,9.192652788162231,1.8182243800000002,0.667380825,0.25,0.65,0.1,1.01,1.65,2.36,2.79,3.1
2023-10-06 17:00:00,1375.64467,16.06203804,4.858048416,8.627044143676757,1.8449549860000003,0.667380825,0.25,0.65,0.1,1.11,1.96,2.83,4.28,5.27
2023-10-06 17:05:00,1375.64333,16.103332239999997,4.803091488,8.752446546554564,1.764732046,0.667380825,0.25,0.65,0.1,1.11,1.96,2.83,4.28,5.27
2023-10-06 17:10:00,1375.64199,17.92534045,5.711294784,9.184497852325439,1.871677612,0.667380825,0.25,0.65,0.1,1.11,1.96,2.83,4.28,5.27
2023-10-06 17:15:00,1375.6406500000003,14.50996249,4.748216928,7.243059818744659,1.818193258,0.667380825,0.25,0.65,0.1,1.2,2.09,3.07,4.25,5.06
2023-10-06 17:20:00,1382.2394800000002,11.05268868,3.3861185280000003,5.870407612323761,1.577543324,0.667380825,0.25,0.65,0.1,1.2,2.09,3.07,4.25,5.06
2023-10-06 17:25:00,1382.23814,7.993464599999999,2.051546016,4.853678646087646,1.336895518,0.667380825,0.25,0.65,0.1,1.2,2.09,3.07,4.25,5.06
2023-10-06 17:30:00,1402.0353,10.52775383,2.780875968,6.271765429973602,1.604267812,0.667380825,0.25,0.55,0.06,1.45,2.24,3.03,4.25,5.6
2023-10-06 17:35:00,1402.03329,9.7939261,2.27186544,6.31695228099823,1.363621868,0.667380825,0.25,0.65,0.1,1.45,2.24,3.03,4.25,5.6
2023-10-06 17:40:00,1388.8336199999999,9.939972339999999,2.271951552,6.462866797447204,1.3636160160000002,0.667380825,0.25,0.65,0.1,1.45,2.24,3.03,4.25,5.6
2023-10-06 17:45:00,1388.83228,13.66837447,4.088259552,7.411502869129181,1.363610164,0.667380825,0.25,0.65,0.1,1.35,2.17,2.9,5.37,8.42
2023-10-06 17:50:00,1382.2314400000002,16.558790839999997,5.326673664,8.40659038066864,1.604240414,0.667380825,0.25,0.65,0.1,1.35,2.17,2.9,5.37,8.42
2023-10-06 17:55:00,1382.2301000000002,17.52186059,5.175403584,9.601170992851257,1.443810228,0.667380825,0.25,0.65,0.1,1.35,2.17,2.9,5.37,8.42
2023-10-06 18:00:00,1382.22809,11.15264662,2.478682752,7.3591492557525635,1.1764328800000001,0.667380825,0.14,0.4,0.04,1.41,2.25,2.97,4.79,6.55
2023-10-06 18:05:00,1388.8262499999998,10.94255044,2.299898016,7.422674694061279,1.149691102,0.667380825,0.25,0.65,0.1,1.41,2.25,2.97,4.79,6.55
2023-10-06 18:10:00,1408.62408,11.48663495,2.5614076800000003,7.566532261371612,1.283370466,0.667380825,0.25,0.65,0.1,1.41,2.25,2.97,4.79,6.55
2023-10-06 18:15:00,1395.42374,10.983252539999999,2.575251744,7.041961505413055,1.203154708,0.667380825,0.25,0.65,0.1,1.93,2.78,3.59,4.34,4.87
2023-10-06 18:20:00,1388.8229000000001,13.224228799999999,3.841174272,7.345508363246918,1.28335956,0.667380825,0.25,0.65,0.1,1.93,2.78,3.59,4.34,4.87
2023-10-06 18:25:00,1388.8208900000002,19.466509900000002,6.4692426240000005,9.565665054321288,1.229881058,0.667380825,0.25,0.65,0.1,1.93,2.78,3.59,4.34,4.87
2023-10-06 18:30:00,1388.8202199999998,39.78669429999999,12.75721824,20.2624271774292,1.4972400520000002,0.667380825,0.16,0.45,0.04,1.46,2.41,3.47,4.17,4.64
2023-10-06 18:35:00,1388.81888,32.5376522,10.198099392000001,16.929983777999876,1.363552176,0.667380825,0.25,0.65,0.1,1.46,2.41,3.47,4.17,4.64
2023-10-06 18:40:00,1474.6110400000002,37.5019905,13.11508224,17.430030527114866,1.336810132,0.667380825,0.25,0.65,0.1,1.46,2.41,3.47,4.17,4.64
2023-10-06 18:45:00,1534.0052,47.410344699999996,16.582413120000002,22.0318114566803,1.470484974,0.667380825,0.25,0.65,0.1,1.61,2.71,3.77,4.52,5.1
2023-10-06 18:55:00,1441.60952,43.9105753,14.16096864,22.237939891815184,1.497208398,0.8539911,0.25,0.65,0.1,1.61,2.71,3.77,4.52,5.1
2023-10-06 19:00:00,1402.01118,45.2506886,14.56002912,22.967310285568235,1.470466354,0.90422085,0.15,0.8,0.04,1.59,2.92,4.22,6.01,7.75
2023-10-06 19:05:00,1408.6093400000002,35.801995,11.120380127999999,18.78282272338867,1.6041380040000002,0.73657215,0.25,0.65,0.1,1.59,2.92,4.22,6.01,7.75
2023-10-06 19:10:00,1402.0091699999998,29.747084899999997,9.001584384,15.970621242523192,1.52392464,0.73652595,0.25,0.65,0.1,1.59,2.92,4.22,6.01,7.75
2023-10-06 19:15:00,1402.00783,35.0046846,11.037968448,18.11164072036743,1.7110660140000002,0.90406245,0.25,0.65,0.1,1.65,3.18,4.77,6.2,7.48
2023-10-06 19:20:00,1408.60599,40.346076,12.716620800000001,20.883940029144288,1.871470664,0.9542826,0.25,0.65,0.1,1.65,3.18,4.77,6.2,7.48
2023-10-06 19:25:00,1395.4056500000004,41.6233503,12.37271568,22.68754334449768,1.8714626840000002,0.8871998999999999,0.25,0.65,0.1,1.65,3.18,4.77,6.2,7.48
2023-10-06 19:30:00,1395.40431,39.9049042,11.038183104,23.01153127670288,1.8714547040000002,0.7363404,0.14,0.91,0.04,1.64,3.07,4.56,5.43,6.14
2023-10-06 19:35:00,1448.1983000000002,45.8957147,14.12022144,24.28543899536133,1.8714467240000003,0.8033172000000001,0.25,0.65,0.1,1.64,3.07,4.56,5.43,6.14
2023-10-06 19:40:00,1421.7989600000003,52.0750613,15.234735359999998,28.75907795906067,2.085317374,0.9875742000000001,0.25,0.65,0.1,1.64,3.07,4.56,5.43,6.14
2023-10-06 19:45:00,1441.59612,53.561805299999996,17.60130528,26.623909196853635,1.8981653600000001,1.03778115,0.25,0.65,0.1,1.59,3.18,4.84,6.85,8.39
2023-10-06 19:50:00,1388.79945,41.473587200000004,11.850229248,23.337420873641967,2.005095764,1.2052614,0.25,0.65,0.1,1.59,3.18,4.84,6.85,8.39
2023-10-06 19:55:00,1388.7981100000002,37.199370099999996,9.937843968,21.990009441375733,1.8714148040000003,0.92039355,0.25,0.65,0.1,1.59,3.18,4.84,6.85,8.39
2023-10-06 20:00:00,1388.79677,29.531445899999998,8.286878496,16.848802366256713,1.844672494,0.6355476,0.15,0.88,0.1,1.44,2.73,3.96,6.02,8.08
2023-10-06 20:05:00,1388.7954300000001,25.026806399999998,7.777884192,13.123153352737425,1.871398844,0.7192643999999999,0.25,0.65,0.1,1.44,2.73,3.96,6.02,8.08
2023-10-06 20:10:00,1448.18892,31.939344699999996,10.10316528,16.47696862220764,1.871390864,0.8532285,0.25,0.65,0.1,1.44,2.73,3.96,6.02,8.08
2023-10-06 20:15:00,1467.98541,41.0305436,12.098233056,22.51481972694397,2.058521332,0.8866787999999999,0.25,0.65,0.1,1.11,2.03,2.93,3.79,4.3
2023-10-06 20:20:00,1428.3884100000002,38.222786299999996,11.36909904,20.822964715957642,2.111980416,0.7861272,0.25,0.65,0.1,1.11,2.03,2.93,3.79,4.3
2023-10-06 20:25:00,1467.9834,41.3016108,12.359781407999998,22.385599422454835,2.031770244,0.8363268,0.25,0.65,0.1,1.11,2.03,2.93,3.79,4.3
2023-10-06 20:30:00,1540.5738800000001,34.1993331,8.576260992,21.073807773590087,2.1119625940000004,0.970266,0.13,0.58,0.1,0.5,1.62,2.39,3.21,3.77
2023-10-06 20:35:00,1487.77788,55.0637529,15.89585088,30.735965919494628,2.59315819,1.1544387,0.25,0.65,0.1,0.5,1.62,2.39,3.21,3.77
2023-10-06 20:40:00,1995.9259800000002,66.6268547,20.8489632,34.71858739852905,3.0476152000000005,1.2381132000000001,0.25,0.65,0.1,0.5,1.62,2.39,3.21,3.77
2023-10-06 20:45:00,1514.17253,62.268865,17.68458432,35.20351919174194,2.6733372400000004,1.2045542999999999,0.25,0.65,0.1,0.5,1.32,1.88,2.31,2.66
2023-10-06 20:50:00,1599.96268,53.1136238,14.27253984,31.270231704711914,3.2347222600000003,1.10401335,0.25,0.65,0.1,0.5,1.32,1.88,2.31,2.66
2023-10-06 20:55:00,1778.14248,62.4980268,17.86356,35.15876449584961,3.74263862,1.30489815,0.25,0.65,0.1,0.5,1.32,1.88,2.31,2.66
2023-10-06 21:00:00,2398.47739,52.525763999999995,16.52904864,27.228904523849486,4.5980786600000005,1.5225119999999999,0.13,0.55,0.1,0.5,1.21,1.95,3.04,3.94
2023-10-06 21:05:00,1877.1296200000004,29.4815567,9.5811456,14.818105854988097,4.46439504,1.02011145,0.25,0.65,0.1,0.5,1.21,1.95,3.04,3.94
2023-10-06 21:10:00,1969.5179300000002,19.5093512,5.274861695999999,11.436445951461792,4.03665108,0.8358756,0.25,0.65,0.1,0.5,1.21,1.95,3.04,3.94
2023-10-06 21:15:00,2292.8827100000003,19.7601342,3.9403890240000004,13.729571285247802,3.6089124400000006,0.9195399,0.25,0.65,0.1,0.5,0.5,0.75,2.13,2.87
2023-10-06 21:20:00,1613.15297,19.298659100000002,3.6377877119999997,13.731210651397705,3.6356294800000004,0.98645535,0.25,0.65,0.1,0.5,0.5,0.75,2.13,2.87
2023-10-06 21:25:00,1580.1541300000001,34.339183299999995,8.549570015999999,21.2545059967041,4.03660054,0.6850509,0.25,0.65,0.1,0.5,0.5,0.75,2.13,2.87
2023-10-06 21:30:00,1415.1706499999998,30.358303999999997,8.921118336,16.704988059997557,4.1702442600000005,0.5678199,0.12,0.52,0.05,0.5,1.03,1.62,1.0,1.25
2023-10-06 21:35:00,1646.1444400000003,16.9086952,5.522912928,8.456160259246825,3.7959742800000003,0.73518315,0.25,0.65,0.1,0.5,1.03,1.62,1.0,1.25
2023-10-06 21:40:00,1560.35228,22.145246699999998,6.609889728,12.029149675369263,3.9296206600000003,0.85231455,0.25,0.65,0.1,0.5,1.03,1.62,1.0,1.25
2023-10-06 21:45:00,1494.3586200000002,31.7809866,9.774347232,16.821849365234375,3.82267536,0.6681345000000001,0.25,0.65,0.1,0.5,1.2,1.75,2.82,3.75
2023-10-06 21:50:00,1448.1614500000003,27.8001455,8.329815936000001,15.051789302825927,3.7424630600000004,0.61787565,0.25,0.65,0.1,0.5,1.2,1.75,2.82,3.75
2023-10-06 21:55:00,1507.5536,25.348545899999998,7.0091111999999995,14.621461153030396,3.7424471,0.6680472,0.25,0.65,0.1,0.5,1.2,1.75,2.82,3.75
2023-10-06 22:00:00,1448.15877,24.1329264,6.472623456000001,14.226908526420592,3.36818776,0.53410665,0.11,0.44,0.04,0.5,1.17,1.7,2.42,2.88
2023-10-06 22:05:00,1461.3564299999998,17.59637351,5.110652352000001,9.77478168964386,3.1810541000000003,0.25,0.25,0.65,0.1,0.5,1.17,1.7,2.42,2.88
2023-10-06 22:10:00,1441.5572600000003,10.0543164,3.129573408,5.264664552211761,3.02065078,0.25,0.25,0.65,0.1,0.5,1.17,1.7,2.42,2.88
2023-10-06 22:15:00,1428.3575899999998,10.80786106,3.4185765119999996,5.575905046463013,2.9404437999999997,0.667380825,0.25,0.65,0.1,0.5,1.34,1.86,2.79,3.83
2023-10-06 22:25:00,1428.35424,13.718494779999999,3.982822272,7.622989299297332,2.88695652,0.25,0.25,0.65,0.1,0.5,1.34,1.86,2.79,3.83
2023-10-06 22:30:00,1421.7540700000002,12.670473959999999,3.749019456,6.932792470455169,2.485980672,0.25,0.12,0.46,0.1,0.5,1.58,2.24,2.66,4.04
2023-10-06 22:35:00,1408.5544000000002,13.42401289,4.40948352,6.675524008274078,2.512700638,0.53383695,0.25,0.65,0.1,0.5,1.58,2.24,2.66,4.04
2023-10-06 22:40:00,1395.3547300000002,13.905227839999998,4.450839744,7.093445343971252,2.53942087,0.25,0.25,0.65,0.1,0.5,1.58,2.24,2.66,4.04
2023-10-06 22:45:00,1401.9528900000003,10.30150478,3.198952224,5.405672354698181,2.2721036380000004,0.25,0.25,0.65,0.1,1.16,1.81,2.48,3.3,5.23
2023-10-06 22:50:00,1395.35205,9.211595749999999,2.978911104,4.65252477645874,2.031519672,0.25,0.25,0.65,0.1,1.16,1.81,2.48,3.3,5.23
2023-10-06 22:55:00,1395.35004,7.19996083,2.277345408,3.714600596427917,1.978049948,0.25,0.25,0.65,0.1,1.16,1.81,2.48,3.3,5.23
2023-10-06 23:00:00,1395.3493700000001,7.49263968,2.359977984,3.8808141088485715,2.004771776,0.25,0.12,0.62,0.1,1.43,2.17,2.9,3.72,4.26
2023-10-06 23:05:00,1395.3480300000003,9.67066425,2.965405248,5.132263877391815,1.817652214,0.25,0.25,0.65,0.1,1.43,2.17,2.9,3.72,4.26
2023-10-06 23:10:00,1388.74786,8.66455074,3.020520672,4.04179895401001,2.031485092,0.5168392500000001,0.25,0.65,0.1,1.43,2.17,2.9,3.72,4.26
2023-10-06 23:15:00,1395.34535,8.95722959,3.089394048,4.229070580005645,1.790906446,0.25,0.25,0.65,0.1,1.52,2.19,2.79,3.43,4.71
2023-10-06 23:20:00,1382.14568,10.50680113,3.5709997440000003,5.041569588184356,1.63052015,0.5167635,0.25,0.65,0.1,1.52,2.19,2.79,3.43,4.71
2023-10-06 23:25:00,1388.74384,10.02439434,3.254655456,5.043310959339141,1.6037834260000001,0.25,0.25,0.65,0.1,1.52,2.19,2.79,3.43,4.71
2023-10-06 23:30:00,1382.143,7.677596439999999,2.6081278080000003,3.6859904694557186,1.6037765099999999,0.25,0.11,0.46,0.1,1.54,2.3,3.02,4.35,6.71
2023-10-06 23:35:00,1388.7411599999998,7.97027529,2.7870623040000004,3.7048190450668335,1.577040052,0.5668248,0.25,0.65,0.1,1.54,2.3,3.02,4.35,6.71
2023-10-06 23:40:00,1388.7391499999999,10.75578491,3.6263635200000004,5.205821325778961,1.5770334020000003,0.25,0.25,0.65,0.1,1.54,2.3,3.02,4.35,6.71
2023-10-06 23:45:00,1395.3379799999998,11.36268168,3.4063248959999997,6.149476001262665,1.3364632680000001,0.5500216499999999,0.25,0.65,0.1,1.55,2.34,2.99,4.01,5.86
2023-10-06 23:50:00,1388.73714,11.38303082,3.447682368,6.10652961730957,1.3364576820000003,0.25,0.25,0.65,0.1,1.55,2.34,2.99,4.01,5.86
2023-10-06 23:55:00,1388.7358000000002,9.245723629999999,2.993766048,4.663918371200562,1.3097230860000002,0.25,0.25,0.65,0.1,1.55,2.34,2.99,4.01,5.86
2023-10-07 00:15:00,1382.1309400000002,6.6876739999999995,2.237441856,3.2633839619159697,1.229514776,0.5163474,0.25,0.65,0.1,1.53,2.32,2.99,4.4,5.54
2023-10-07 00:20:00,1382.1302699999999,7.0222487,2.402617152,3.3451662468910217,1.176052766,0.25,0.25,0.65,0.1,1.53,2.32,2.99,4.4,5.54
2023-10-07 00:25:00,1382.12893,6.2465747799999995,2.237612832,2.8220231056213376,1.0691343320000002,0.5664273,0.25,0.65,0.1,1.53,2.32,2.99,4.4,5.54
2023-10-07 00:30:00,1382.12759,6.727784,2.334000864,3.1557151746749876,1.3364121960000002,0.5496697500000001,0.25,0.65,0.1,1.59,2.34,2.99,4.05,4.82
2023-10-07 00:35:00,1382.12625,8.4030259,2.87062464,4.009681949615478,1.49677535,0.5663478,0.25,0.65,0.1,1.59,2.34,2.99,4.05,4.82
2023-10-07 00:40:00,1388.72441,9.324136769999999,2.8156789439999996,5.014883894920349,1.3364010240000002,0.56630835,0.25,0.65,0.1,1.59,2.34,2.99,4.05,4.82
2023-10-07 00:45:00,1382.12357,12.151511679999999,3.421087488,6.915713007450104,1.3096672260000002,0.56626845,0.25,0.65,0.1,1.69,2.45,3.11,4.03,4.7
2023-10-07 00:50:00,1382.1222300000002,10.496028729999999,3.118509888,5.723309564590454,1.149295028,0.5662286999999999,0.25,0.65,0.1,1.69,2.45,3.11,4.03,4.7
2023-10-07 00:55:00,1382.12089,10.11836443,2.8021768320000002,5.829776833057403,1.122562294,0.5661891,0.25,0.65,0.1,1.69,2.45,3.11,4.03,4.7
2023-10-07 01:00:00,1382.1195500000001,9.21700869,2.623415808,5.202004790306091,1.20274028,0.5661492,0.25,0.39,0.1,2.01,2.73,3.37,4.04,4.64
2023-10-07 01:05:00,1382.11888,12.58901628,3.407664,7.37376101732254,1.3096448820000002,0.56610975,0.25,0.65,0.1,2.01,2.73,3.37,4.04,4.64
2023-10-07 01:10:00,1382.1168699999998,11.52007714,3.091332192,6.788951752185821,1.3363667100000003,0.5493571500000001,0.25,0.65,0.1,2.01,2.73,3.37,4.04,4.64
2023-10-07 01:15:00,1388.71436,11.43568379,3.3115318080000002,6.367554049491882,1.3363611240000002,0.25,0.25,0.65,0.1,2.17,3.03,3.65,5.66,8.49
2023-10-07 01:20:00,1388.7136899999998,10.115375279999999,3.311615424,5.047117931842804,1.282900976,0.54927915,0.25,0.65,0.1,2.17,3.03,3.65,5.66,8.49
2023-10-07 01:25:00,1388.71235,10.93173793,3.73817184,5.210657455921173,1.336349686,0.5659509,0.25,0.65,0.1,2.17,3.03,3.65,5.66,8.49
2023-10-07 01:30:00,1388.7110100000002,13.10971093,3.7932835199999997,7.304284679889679,1.3363441,0.565911,0.12,0.53,0.1,2.43,3.31,3.94,5.04,7.54
2023-10-07 01:35:00,1388.7096700000002,13.44427608,3.39441024,8.249305038452148,1.256158134,0.5658714,0.25,0.65,0.1,2.43,3.31,3.94,5.04,7.54
2023-10-07 01:40:00,1388.70833,13.02471593,3.215651712,8.103325858116149,1.336332662,0.5658318,0.25,0.65,0.1,2.43,3.31,3.94,5.04,7.54
2023-10-07 01:45:00,1388.70699,12.709902089999998,2.995621824,8.125256023406981,1.3363270760000001,0.5323755,0.25,0.65,0.1,2.57,3.64,4.54,5.32,7.1
2023-10-07 01:50:00,1388.70565,12.8978289,3.064492704,8.207779893875122,1.523406206,0.5323371,0.25,0.65,0.1,2.57,3.64,4.54,5.32,7.1
2023-10-07 01:55:00,1395.3031400000002,11.472787449999998,2.624351808,7.4563513731956474,1.3363156380000003,0.5657128499999999,0.25,0.65,0.1,2.57,3.64,4.54,5.32,7.1
2023-10-07 02:00:00,1408.50013,9.29363025,2.294268288,5.782370462417602,1.1759527500000002,0.25,0.13,0.55,0.1,2.81,3.94,5.01,5.62,6.09
2023-10-07 02:05:00,1415.09829,6.758368829999999,1.895401248,3.857554235458374,1.015591192,0.25,0.25,0.65,0.1,2.81,3.94,5.01,5.62,6.09
2023-10-07 02:10:00,1428.29461,7.49093787,2.253167904,4.042579929828643,0.962135034,0.25,0.25,0.65,0.1,2.81,3.94,5.01,5.62,6.09
2023-10-07 02:15:00,1434.8921,7.762662109999999,2.377066848,4.124683029651641,1.069034316,0.25,0.25,0.65,0.1,3.11,4.24,5.26,5.67,6.02
2023-10-07 02:20:00,1428.29193,4.89224535,1.648035168,2.3700118339061738,1.015578158,0.25,0.25,0.65,0.1,3.11,4.24,5.26,5.67,6.02
2023-10-07 02:25:00,1421.69109,6.31608732,1.923260352,3.372636103630066,0.9086714280000001,0.25,0.25,0.65,0.1,3.11,4.24,5.26,5.67,6.02
2023-10-07 02:30:00,1434.8880800000002,7.6351868,2.212240992,4.249465205669403,0.962118542,0.25,0.13,0.42,0.1,3.13,4.47,5.64,6.72,7.57
2023-10-07 02:35:00,1421.6890799999999,8.40965169,2.363652096,4.79220332622528,0.8819384280000001,0.25,0.25,0.65,0.1,3.13,4.47,5.64,6.72,7.57
2023-10-07 02:40:00,1408.4894100000001,6.81704212,2.129871744,3.557382878065109,0.8284838660000001,0.25,0.25,0.65,0.1,3.13,4.47,5.64,6.72,7.57
2023-10-07 02:45:00,1408.48807,8.366562089999999,2.501388864,4.538315145969391,0.8017551220000001,0.25,0.25,0.65,0.1,3.13,4.4,5.45,6.27,7.01
2023-10-07 02:50:00,1408.4867299999999,8.80586209,2.391420096,5.145915699005127,0.8552019700000001,0.25,0.25,0.65,0.1,3.13,4.4,5.45,6.27,7.01
2023-10-07 02:55:00,1408.4860600000002,7.33894389,2.075100768,4.16310886144638,0.7750234520000001,0.25,0.25,0.65,0.1,3.13,4.4,5.45,6.27,7.01
2023-10-07 03:00:00,1415.08355,6.64708268,1.882591776,3.7658726835250853,0.8017450140000001,0.25,0.14,0.3,0.1,2.98,4.45,5.55,7.51,9.29
2023-10-07 03:05:00,1415.08221,7.04448683,1.813895616,4.268413090705871,0.908640572,0.25,0.25,0.65,0.1,2.98,4.45,5.55,7.51,9.29
2023-10-07 03:10:00,1415.0808700000002,5.2843091399999995,1.497577536,2.9923434579372405,0.6413906380000001,0.25,0.25,0.65,0.1,2.98,4.45,5.55,7.51,9.29
2023-10-07 03:15:00,1408.4800300000002,6.352031609999999,1.8966080639999998,3.4493700516223904,0.6681122,0.25,0.25,0.65,0.1,2.99,4.36,5.46,6.95,9.21
2023-10-07 03:20:00,1408.4786900000001,5.36691091,1.3876986240000002,3.2431093287467956,0.6413850520000001,0.25,0.25,0.65,0.1,2.99,4.36,5.46,6.95,9.21
2023-10-07 03:25:00,1421.6756799999998,5.21968429,1.250218944,3.3062884509563446,0.721555324,0.25,0.25,0.65,0.1,2.99,4.36,5.46,6.95,9.21
2023-10-07 03:30:00,1415.0755100000001,4.29740641,1.0714708992000002,2.657574871778488,0.25,0.25,0.14,0.25,0.1,3.18,4.61,5.9,7.85,9.85
2023-10-07 03:35:00,1421.6730000000002,6.684809,1.869439104,3.8237286472320555,0.50775676,0.25,0.25,0.65,0.1,3.18,4.61,5.9,7.85,9.85
2023-10-07 03:40:00,1428.27049,9.21883847,2.59862304,5.241778545379638,0.25,0.56488005,0.25,0.65,0.1,3.18,4.61,5.9,7.85,9.85
2023-10-07 03:45:00,1434.8679800000002,7.730982849999999,2.1722563200000002,4.406455917358398,0.25,0.25,0.25,0.65,0.1,3.17,4.46,5.59,6.65,7.39
2023-10-07 03:50:00,1421.6689800000001,5.279557059999999,1.62208176,2.7970444023609162,0.25,0.25,0.25,0.65,0.1,3.17,4.46,5.59,6.65,7.39
2023-10-07 03:55:00,1421.6676400000001,5.21612023,1.732220256,2.5650458586215974,0.534471672,0.531378,0.25,0.65,0.1,3.17,4.46,5.59,6.65,7.39
2023-10-07 04:00:00,1421.6663,4.64995039,1.787331936,1.9145305705070494,0.534469544,0.5647216500000001,0.14,0.24,0.1,3.14,4.54,5.89,6.72,7.33
2023-10-07 04:05:00,1421.6649600000003,7.68670332,2.5577797440000003,3.7721528220176697,0.6413605800000001,0.5646820499999999,0.25,0.65,0.1,3.14,4.54,5.89,6.72,7.33
2023-10-07 04:10:00,1428.2617799999998,14.68247178,4.525032096,7.7571418190002435,0.5344647560000001,0.56464245,0.25,0.65,0.1,3.14,4.54,5.89,6.72,7.33
2023-10-07 04:15:00,1434.8599400000003,14.262925,4.2362299199999995,7.779592938423156,0.534462628,0.6313596,0.25,0.65,0.1,3.4,4.67,5.85,6.42,6.86
2023-10-07 04:20:00,1434.8585999999998,15.1002117,4.96539888,7.500923461914062,0.7215215420000001,0.5979402,0.25,0.65,0.1,3.4,4.67,5.85,6.42,6.86
2023-10-07 04:25:00,1441.45609,16.81727305,5.777104319999999,7.975712132453918,0.641349674,0.5978994,0.25,0.65,0.1,3.4,4.67,5.85,6.42,6.86
2023-10-07 04:30:00,1428.2570900000003,15.203741339999999,4.6078968,8.151591529846192,0.8284064600000001,0.56448405,0.14,0.24,0.1,4.17,5.77,7.24,9.1,10.76
2023-10-07 04:35:00,1421.65692,13.045588409999999,4.250314848,6.540699803829193,0.855125628,0.56444445,0.25,0.65,0.1,4.17,5.77,7.24,9.1,10.76
2023-10-07 04:40:00,1415.0567500000002,12.94025,3.9064896,6.961568355560303,1.0689023800000002,0.25,0.25,0.65,0.1,4.17,5.77,7.24,9.1,10.76
2023-10-07 04:45:00,1408.4565800000003,11.82945321,3.755253216,6.082230567932129,0.9352857920000001,0.25,0.25,0.65,0.1,4.57,6.07,7.35,9.07,11.13
2023-10-07 04:50:00,1408.45524,13.86071911,4.594465824,6.829124419689178,0.8016700019999999,0.5976951,0.25,0.65,0.1,4.57,6.07,7.35,9.07,11.13
2023-10-07 04:55:00,1395.2569099999998,16.85554372,5.089770816000001,9.065910658836364,0.77494445,0.5642862,0.25,0.65,0.1,4.57,6.07,7.35,9.07,11.13
2023-10-07 05:00:00,1408.45323,16.226529149999998,4.278238848,9.678905181884765,0.801663086,0.59761365,0.15,0.47,0.1,4.99,6.34,7.35,8.73,11.96
2023-10-07 05:05:00,1408.4512200000001,17.04285933,5.0761776,9.274030013084412,0.9887137540000001,0.6809866499999999,0.25,0.65,0.1,4.99,6.34,7.35,8.73,11.96
2023-10-07 05:10:00,1395.25222,22.593199000000002,6.0942123839999995,13.26632010936737,0.9619876700000001,0.614214,0.25,0.65,0.1,4.99,6.34,7.35,8.73,11.96
2023-10-07 05:15:00,1401.84971,19.618125699999997,5.007558816,11.954313521385192,1.068870726,0.5974911,0.25,0.65,0.1,5.48,7.3,9.02,10.86,13.56
2023-10-07 05:20:00,1395.2502100000002,17.103889560000002,4.484908896,10.239966406822203,0.8283713480000001,0.63081195,0.25,0.65,0.1,5.48,7.3,9.02,10.86,13.56
2023-10-07 05:25:00,1401.8477,16.41203599,4.540014336,9.463776626586913,0.801646328,0.6307697999999999,0.25,0.65,0.1,5.48,7.3,9.02,10.86,13.56
2023-10-07 05:30:00,1401.8463600000002,21.08258,4.8839980800000005,13.60787202835083,0.961971444,0.6640869,0.15,0.69,0.1,5.67,7.74,9.75,11.58,13.18
2023-10-07 05:35:00,1401.8450200000004,26.59102,5.970803903999999,17.45301079750061,0.774918116,0.91422765,0.25,0.65,0.1,5.67,7.74,9.75,11.58,13.18
2023-10-07 05:40:00,1415.04067,20.871907,4.168847904,14.49169894695282,0.82835725,0.8974963499999999,0.25,0.65,0.1,5.67,7.74,9.75,11.58,13.18
2023-10-07 05:45:00,1428.23699,34.507721700000005,9.368691072,20.169420471191405,0.8016324960000001,0.9641549999999999,0.25,0.65,0.1,5.89,8.05,10.3,12.48,15.1
2023-10-07 05:50:00,1395.24217,30.778561299999996,7.993169184,18.54542428970337,0.988675982,0.6972675,0.25,0.65,0.1,5.89,8.05,10.3,12.48,15.1
2023-10-07 05:55:00,1401.83966,19.990327399999998,5.145767328000001,12.114994173049926,0.6680214940000001,0.68054655,0.25,0.65,0.1,5.89,8.05,10.3,12.48,15.1
2023-10-07 06:00:00,1395.24016,21.602615699999998,4.980776736,13.97979320526123,0.668018568,0.25,0.13,0.56,0.1,5.97,8.13,10.17,12.03,13.76
2023-10-07 06:05:00,1395.23882,15.31797271,3.495222432,9.968714151382446,0.507691856,0.56373255,0.25,0.65,0.1,5.97,8.13,10.17,12.03,13.76
2023-10-07 06:10:00,1395.23681,13.85109844,3.39901536,8.649079046249389,0.25,0.5636931000000001,0.25,0.65,0.1,5.97,8.13,10.17,12.03,13.76
2023-10-07 06:15:00,1388.6366400000004,11.713926859999999,2.931398496,7.2275719070434565,0.25,0.56365365,0.25,0.65,0.1,6.16,8.77,11.18,13.41,15.03
2023-10-07 06:20:00,1388.6353,12.949184979999998,2.8351926720000002,8.610067596435547,0.25,0.56361405,0.25,0.65,0.1,6.16,8.77,11.18,13.41,15.03
2023-10-07 06:25:00,1388.6346299999998,11.08432592,2.03744112,7.96612639427185,0.25,0.53022945,0.25,0.65,0.1,6.16,8.77,11.18,13.41,15.03
2023-10-07 06:30:00,1388.6326199999999,14.37236036,2.697804096,10.24351016998291,0.25,0.563535,0.18,0.61,0.03,6.09,8.74,11.31,14.2,17.69
2023-10-07 06:35:00,1395.23011,15.25151808,3.041782848,10.596225261688232,0.5076790880000001,0.64685205,0.25,0.65,0.1,6.09,8.74,11.31,14.2,17.69
2023-10-07 06:40:00,1395.2287700000002,18.26723427,3.798432768,12.453927659988404,0.25,0.8635281,0.25,0.65,0.1,6.09,8.74,11.31,14.2,17.69
2023-10-07 06:45:00,1474.41138,36.9929182,8.255364,24.358505544662474,0.587833932,1.4135883,0.25,0.65,0.1,6.24,9.04,11.77,15.31,18.95
2023-10-07 06:50:00,1441.41723,53.917199,11.928206783999999,35.66169288635254,1.14894311,1.4635245,0.25,0.65,0.1,6.24,9.04,11.77,15.31,18.95
2023-10-07 06:55:00,1421.6200700000002,63.510097599999995,13.936603199999999,42.18084732055664,1.0153406200000001,1.19675055,0.25,0.65,0.1,6.24,9.04,11.77,15.31,18.95
2023-10-07 07:00:00,1448.01338,64.9966697,14.913325440000001,42.17259220123291,1.4161270760000002,1.21335495,0.13,0.53,0.1,6.47,9.62,12.56,16.74,20.9
2023-10-07 07:05:00,1434.81438,51.799677499999994,11.983438272,33.45964162826538,1.3626826220000001,0.9466108499999999,0.25,0.65,0.1,6.47,9.62,12.56,16.74,20.9
2023-10-07 07:10:00,1428.21421,43.567042699999995,9.67256784,28.763675470352172,1.44283454,0.62988645,0.25,0.65,0.1,6.47,9.62,12.56,16.74,20.9
2023-10-07 07:15:00,1401.81822,26.4949852,5.724793152,17.733482666015625,1.335952016,0.25,0.25,0.65,0.1,6.45,9.32,11.81,14.51,17.86
2023-10-07 07:20:00,1408.41571,16.879922960000002,3.152586528,12.05505166053772,1.229070556,0.5798056500000001,0.25,0.65,0.1,6.45,9.32,11.81,14.51,17.86
2023-10-07 07:25:00,1401.81621,20.9638926,4.03302432,14.791554498672484,1.175627698,0.713085,0.25,0.65,0.1,6.45,9.32,11.81,14.51,17.86
2023-10-07 07:30:00,1513.99096,24.000525200000002,5.023502016,16.312312507629393,1.335934992,0.9963331500000001,0.12,0.63,0.1,6.22,9.13,12.02,14.17,18.32
2023-10-07 07:35:00,1421.60868,51.7749239,14.55612288,29.497524976730347,1.522959326,0.9296224500000001,0.25,0.65,0.1,6.22,9.13,12.02,14.17,18.32
2023-10-07 07:40:00,1480.9948000000002,42.9348709,9.961872959999999,27.68873762130737,1.6031083180000003,1.0628733000000001,0.25,0.65,0.1,6.22,9.13,12.02,14.17,18.32
2023-10-07 07:45:00,1415.0078400000002,39.352417599999995,6.08291424,30.042827339172362,1.4962281880000001,1.12946445,0.25,0.65,0.1,6.3,9.3,11.98,15.04,17.92
2023-10-07 07:50:00,1461.19697,42.5356618,8.476433472,29.562913827896118,1.5763763819999999,1.04609445,0.25,0.65,0.1,6.3,9.3,11.98,15.04,17.92
2023-10-07 07:55:00,1434.80098,45.1742695,8.779128384,31.738263454437256,1.6832424140000002,0.8461029,0.25,0.65,0.1,6.3,9.3,11.98,15.04,17.92
2023-10-07 08:00:00,1421.60265,28.311815399999997,4.7213712,21.085999193191526,1.9504154740000001,0.7294293000000001,0.25,0.65,0.1,6.16,9.07,11.88,16.01,21.15
2023-10-07 08:05:00,1408.40365,19.1576438,3.455960352,13.868473868370055,1.92368939,0.7293834,0.25,0.65,0.1,6.16,9.07,11.88,16.01,21.15
2023-10-07 08:10:00,1408.40231,14.75830451,2.9195861759999997,10.290028095245361,1.97711682,0.64604145,0.25,0.65,0.1,6.16,9.07,11.88,16.01,21.15
2023-10-07 08:15:00,1408.4016399999998,14.48539798,3.0434688960000003,9.82752465248108,2.1106964340000003,0.9458535000000001,0.25,0.65,0.1,5.97,8.7,11.33,13.84,16.07
2023-10-07 08:20:00,1626.1523100000002,40.1021308,8.903298143999999,26.47608937263489,2.190840638,1.16235285,0.25,0.65,0.1,5.97,8.7,11.33,13.84,16.07
2023-10-07 08:25:00,1414.9977900000001,35.2419639,6.454939296,25.363010759353635,2.270983246,0.81248685,0.25,0.65,0.1,5.97,8.7,11.33,13.84,16.07
2023-10-07 08:30:00,1408.39762,21.647214199999997,4.460509248,14.820633211135863,2.27097367,0.7291545,0.25,0.48,0.1,6.06,8.92,11.82,14.97,17.57
2023-10-07 08:35:00,1414.9944400000002,14.880970439999999,3.442706592,9.612084617614746,2.13737783,0.7291086,0.25,0.65,0.1,6.06,8.92,11.82,14.97,17.57
2023-10-07 08:40:00,1395.19795,17.56148545,4.19932656,11.134631357192992,2.190803132,0.81233985,0.25,0.65,0.1,6.06,8.92,11.82,14.97,17.57
2023-10-07 08:45:00,1408.3936,36.8314086,9.591430368,22.152217435836793,2.244227636,0.7290171,0.25,0.65,0.1,5.84,8.52,11.08,13.71,15.85
2023-10-07 08:50:00,1395.19527,24.3468464,5.1210843839999995,16.509287815093995,2.217501286,0.6790088999999999,0.25,0.65,0.1,5.84,8.52,11.08,13.71,15.85
2023-10-07 08:55:00,1401.79276,20.9948346,3.745654848,15.262301220893859,2.404509394,0.5623905,0.25,0.65,0.1,5.84,8.52,11.08,13.71,15.85
2023-10-07 09:00:00,1401.79075,19.6746235,4.199654784000001,13.247267031669615,2.2709159480000003,0.25,0.15,0.59,0.04,5.77,8.43,10.79,13.82,19.37
2023-10-07 09:05:00,1395.1912499999999,15.52668605,2.989291968,10.95172818660736,2.137323566,0.25,0.25,0.65,0.1,5.77,8.43,10.79,13.82,19.37
2023-10-07 09:10:00,1388.5910800000001,14.3740488,2.5629701760000003,10.45155484199524,2.1373142560000002,0.25,0.25,0.65,0.1,5.77,8.43,10.79,13.82,19.37
2023-10-07 09:15:00,1388.5897400000003,13.13762558,2.5493008319999997,9.236050453186035,2.083872462,0.25,0.25,0.65,0.1,5.73,8.53,10.94,13.46,17.41
2023-10-07 09:20:00,1395.18723,12.08972127,2.2192659839999997,8.69324903488159,1.8434177720000002,0.5288927999999999,0.25,0.65,0.1,5.73,8.53,10.94,13.46,17.41
2023-10-07 09:25:00,1395.18589,13.93237276,2.398165536,10.262103314399718,1.8701263000000001,0.54550425,0.25,0.65,0.1,5.73,8.53,10.94,13.46,17.41
2023-10-07 09:30:00,1388.58572,16.948004909999998,2.989713792,12.372400159835815,2.057130152,0.61206165,0.14,0.74,0.05,5.76,8.64,11.26,14.88,17.83
2023-10-07 09:35:00,1395.1832100000001,14.873743,2.75596464,10.655880885124207,1.870110074,0.25,0.25,0.65,0.1,5.76,8.64,11.26,14.88,17.83
2023-10-07 09:40:00,1388.58371,14.95692541,2.756049504,10.738932995796203,1.87010236,0.25,0.25,0.65,0.1,5.76,8.64,11.26,14.88,17.83
2023-10-07 09:45:00,1388.58237,15.27051303,2.87992848,10.862930097579955,1.656369232,0.5619963,0.25,0.65,0.1,5.99,9.02,11.85,15.31,19.44
2023-10-07 09:50:00,1388.5803600000002,15.667884709999997,3.251394432,10.69179302215576,1.6029311620000002,0.5120175,0.25,0.65,0.1,5.99,9.02,11.85,15.31,19.44
2023-10-07 09:55:00,1388.5790200000001,13.090927989999999,2.728794432,8.91464816570282,1.602924246,0.25,0.25,0.65,0.1,5.99,9.02,11.85,15.31,19.44
2023-10-07 10:00:00,1388.5783500000002,12.776137069999999,2.591330976,8.81023784637451,1.62963304,0.25,0.13,0.74,0.04,6.24,9.38,12.16,16.55,22.78
2023-10-07 10:05:00,1388.5770100000002,12.503241999999998,2.302563744,8.979285640716553,1.6563410360000002,0.25,0.25,0.65,0.1,6.24,9.38,12.16,16.55,22.78
2023-10-07 10:10:00,1388.57567,11.12020909,2.0000448,8.059243302345276,1.6029037640000001,0.25,0.25,0.65,0.1,6.24,9.38,12.16,16.55,22.78
2023-10-07 10:15:00,1388.5743300000001,11.83176813,2.082659904,8.644364047050475,1.576182202,0.25,0.25,0.65,0.1,6.13,9.33,12.27,15.7,18.79
2023-10-07 10:20:00,1388.57366,13.0669785,2.440367904,9.3321209526062,1.6296051100000002,0.25,0.25,0.65,0.1,6.13,9.33,12.27,15.7,18.79
2023-10-07 10:25:00,1388.57165,12.479894159999999,2.495472096,8.660702152252197,1.602883548,0.25,0.25,0.65,0.1,6.13,9.33,12.27,15.7,18.79
2023-10-07 10:30:00,1388.5703100000003,10.55227441,2.2204640639999997,7.153968465328216,1.68302057,0.25,0.13,0.72,0.04,6.16,9.51,12.41,17.44,22.44
2023-10-07 10:35:00,1388.5689699999998,12.89761116,2.578170816,8.951853580474854,1.6295843620000001,0.25,0.25,0.65,0.1,6.16,9.51,12.41,17.44,22.44
2023-10-07 10:40:00,1388.5683000000001,14.1747021,2.6332750080000005,10.144609031677245,1.7097205860000002,0.25,0.25,0.65,0.1,6.16,9.51,12.41,17.44,22.44
2023-10-07 10:45:00,1388.5669599999999,11.91195566,2.399530848,8.23959725856781,1.869998886,0.25,0.25,0.65,0.1,6.23,9.53,12.73,17.05,21.02
2023-10-07 10:50:00,1388.5649500000002,13.04242736,2.5646724479999996,9.117327556610107,1.656277728,0.5448456,0.25,0.65,0.1,6.23,9.53,12.73,17.05,21.02
2023-10-07 10:55:00,1388.5636100000002,15.220186439999999,2.784829632,10.958148126602172,1.68298466,0.25,0.25,0.65,0.1,6.23,9.53,12.73,17.05,21.02
2023-10-07 11:00:00,1388.56294,14.33986362,2.702388,10.203997802734374,1.282268428,0.25,0.14,0.7,0.03,6.28,9.46,12.61,16.39,20.68
2023-10-07 11:05:00,1388.5616,14.339260059999999,2.6612089919999997,10.266415758132934,1.20212183,0.51145545,0.25,0.65,0.1,6.28,9.46,12.61,16.39,20.68
2023-10-07 11:10:00,1388.56026,13.647450419999998,2.840102304,9.30081907749176,1.228830358,0.5779635000000001,0.25,0.65,0.1,6.28,9.46,12.61,16.39,20.68
2023-10-07 11:15:00,1388.5589200000002,15.3434502,3.349102848,10.217820391654968,1.3356796320000002,0.6278308499999999,0.25,0.65,0.1,6.3,9.84,13.25,17.12,20.68
2023-10-07 11:20:00,1388.5569100000002,16.36918514,3.2666599680000004,11.369730124473572,1.228819984,0.5778835499999999,0.25,0.65,0.1,6.3,9.84,13.25,17.12,20.68
2023-10-07 11:25:00,1388.5555700000002,15.71926371,3.156708672,10.888083438873291,1.095247818,0.5612091,0.25,0.65,0.1,6.3,9.84,13.25,17.12,20.68
2023-10-07 11:30:00,1388.5549,15.06934992,3.060511584,10.385393667221068,1.175382978,0.5778036,0.13,0.85,0.03,6.18,9.61,13.09,17.36,21.64
2023-10-07 11:35:00,1381.9554,14.4822694,2.895543456,10.050788106918334,1.3356567560000001,0.5611305,0.25,0.65,0.1,6.18,9.61,13.09,17.36,21.64
2023-10-07 11:40:00,1381.9540600000003,15.08908977,2.923136736,10.615378522872925,1.175373136,0.25,0.25,0.65,0.1,6.18,9.61,13.09,17.36,21.64
2023-10-07 11:45:00,1381.95205,14.10404356,2.5793626560000003,10.15646164894104,1.22879365,0.25,0.25,0.65,0.1,6.18,9.49,12.92,16.09,20.07
2023-10-07 11:50:00,1388.5495399999998,12.51158106,2.455659648,8.753319964408874,1.3356397320000002,0.5277498,0.25,0.65,0.1,6.18,9.49,12.92,16.09,20.07
2023-10-07 11:55:00,1388.5482,12.406252199999999,2.785848,8.142655162811279,1.308921362,0.25,0.25,0.65,0.1,6.18,9.49,12.92,16.09,20.07
2023-10-07 12:00:00,1388.5468600000002,15.63126428,3.1710506880000002,10.778134794235228,1.282203258,0.25,0.13,0.79,0.04,6.2,9.89,13.95,18.25,21.97
2023-10-07 12:05:00,1388.5455200000001,15.295532119999999,3.184888512,10.421222925186157,1.3356227080000003,0.56089455,0.25,0.65,0.1,6.2,9.89,13.95,18.25,21.97
2023-10-07 12:10:00,1388.5448500000002,15.1064192,3.3087612479999997,10.042529344558716,1.495891166,0.56085525,0.25,0.65,0.1,6.2,9.89,13.95,18.25,21.97
2023-10-07 12:15:00,1388.54284,15.23148982,3.26758224,10.230622930526733,1.33561127,0.57744405,0.25,0.65,0.1,6.18,9.66,12.9,18.84,28.72
2023-10-07 12:20:00,1388.5415,16.299107239999998,3.6802908480000003,10.666610536575316,1.095196746,0.61065915,0.25,0.65,0.1,6.18,9.66,12.9,18.84,28.72
2023-10-07 12:25:00,1388.54016,17.450502989999997,3.817916544,11.607377195358277,1.28217586,0.56073735,0.25,0.65,0.1,6.18,9.66,12.9,18.84,28.72
2023-10-07 12:30:00,1388.5394900000001,14.936448299999999,3.405376416,9.724694499969482,1.335594246,0.56069805,0.14,0.78,0.04,5.84,9.6,13.52,19.58,27.0
2023-10-07 12:35:00,1388.5381500000003,11.50080142,2.8140328319999997,7.1940682721138,1.255453234,0.6105357,0.25,0.65,0.1,5.84,9.6,13.52,19.58,27.0
2023-10-07 12:40:00,1395.1349700000003,11.58398383,2.662822656,7.508669922351837,1.068466406,0.7268694,0.25,0.65,0.1,5.84,9.6,13.52,19.58,27.0
2023-10-07 12:45:00,1388.53547,17.34335772,4.024560384,11.183974456787109,1.282154314,0.59382885,0.25,0.65,0.1,5.72,9.68,13.78,19.83,24.93
2023-10-07 12:50:00,1388.53346,15.729961620000001,3.460726464,10.433498134613037,1.3355716359999998,0.56054085,0.25,0.65,0.1,5.72,9.68,13.78,19.83,24.93
2023-10-07 12:55:00,1388.53279,12.52472186,2.8556336640000004,8.154321074485779,1.308854596,0.61037085,0.25,0.65,0.1,5.72,9.68,13.78,19.83,24.93
2023-10-07 13:00:00,1388.5314500000002,12.105217099999999,2.51186832,8.260931787490845,1.015025676,0.72668685,0.14,0.81,0.04,5.77,9.87,14.32,19.92,25.75
2023-10-07 13:05:00,1388.5301100000001,13.884966559999999,3.172143936,9.030163369178771,1.282132236,0.6601539000000001,0.25,0.65,0.1,5.77,9.87,14.32,19.92,25.75
2023-10-07 13:10:00,1388.52944,13.21411726,3.364783968,8.06448836326599,1.3355487600000002,0.5105202,0.25,0.65,0.1,5.77,9.87,14.32,19.92,25.75
2023-10-07 13:15:00,1388.52743,14.554010909999999,3.66745392,8.9411612701416,1.335543174,0.25,0.25,0.65,0.1,5.79,9.85,14.06,19.89,25.82
2023-10-07 13:20:00,1388.52609,16.54320906,3.763814496,10.782885313034058,1.09514062,0.52706535,0.25,0.65,0.1,5.79,9.85,14.06,19.89,25.82
2023-10-07 13:25:00,1388.52475,15.662907250000002,3.88768224,9.713008551597595,1.1218467540000001,0.510408,0.25,0.65,0.1,5.79,9.85,14.06,19.89,25.82
2023-10-07 13:30:00,1388.52341,13.442110139999999,3.392626848,8.24986879825592,1.06842092,0.25,0.13,0.71,0.05,5.64,9.76,14.12,18.45,23.27
2023-10-07 13:35:00,1388.5227399999999,14.17458941,3.516494592,8.792774953842162,1.2286790040000002,0.5435694,0.25,0.65,0.1,5.64,9.76,14.12,18.45,23.27
2023-10-07 13:40:00,1388.5214,11.99569197,3.2139931199999996,7.0768403863906855,1.068411876,0.25,0.25,0.65,0.1,5.64,9.76,14.12,18.45,23.27
2023-10-07 13:45:00,1395.1182200000003,11.40862864,2.911495392,6.95273444890976,1.0149868400000002,0.25,0.25,0.65,0.1,5.72,10.03,14.67,21.06,29.85
2023-10-07 13:50:00,1408.3125300000002,11.26141348,2.884070592,6.8474912405014035,1.068402832,0.5434536000000001,0.25,0.65,0.1,5.72,10.03,14.67,21.06,29.85
2023-10-07 13:55:00,1414.9100200000003,10.36017425,2.5540656960000003,6.451307444572448,1.14852815,0.25,0.25,0.65,0.1,5.72,10.03,14.67,21.06,29.85
2023-10-07 14:00:00,1408.3105200000002,8.4745172,1.962740832,5.470643167495727,0.90813464,0.25,0.13,0.81,0.05,5.78,10.13,14.82,21.15,26.61
2023-10-07 14:05:00,1408.30918,9.940075479999999,2.334176832,6.367737112045288,1.068389266,0.55995195,0.25,0.65,0.1,5.78,10.13,14.82,21.15,26.61
2023-10-07 14:10:00,1408.30784,16.41149928,4.507342944,9.5132417678833,1.068384744,0.54329925,0.25,0.65,0.1,5.78,10.13,14.82,21.15,26.61
2023-10-07 14:15:00,1428.10031,16.05483161,4.6449624,8.945955505371094,0.9882517120000001,0.57648645,0.25,0.65,0.1,5.83,10.2,15.12,21.1,29.16
2023-10-07 14:20:00,1414.90265,15.42587625,4.64504352,8.316875157356263,1.014956782,0.25,0.25,0.65,0.1,5.83,10.2,15.12,21.1,29.16
2023-10-07 14:25:00,1408.30382,13.14226879,4.1224884479999995,6.833011083602905,0.8012781840000001,0.25,0.25,0.65,0.1,5.83,10.2,15.12,21.1,29.16
2023-10-07 14:30:00,1408.30248,11.59174034,3.7237162560000003,5.89278359413147,0.8012747259999999,0.25,0.13,0.53,0.05,5.65,10.41,15.81,23.38,33.94
2023-10-07 14:35:00,1395.10482,11.25602155,3.0911362560000004,6.5251964092254635,0.908107774,0.55971645,0.25,0.65,0.1,5.65,10.41,15.81,23.38,33.94
2023-10-07 14:40:00,1395.1034800000002,14.041101419999999,3.902679456,8.068251619338989,1.041648286,0.55967745,0.25,0.65,0.1,5.65,10.41,15.81,23.38,33.94
2023-10-07 14:45:00,1395.1021400000002,15.17152537,4.521669984,8.251341495513916,0.881391266,0.55963815,0.25,0.65,0.1,5.62,10.62,16.21,24.85,34.09
2023-10-07 14:50:00,1395.1008000000002,12.44808693,3.669035136,6.832816636562347,0.774552632,0.55959885,0.25,0.65,0.1,5.62,10.62,16.21,24.85,34.09
2023-10-07 14:55:00,1408.29578,7.8605496100000005,2.293771584,4.35004988193512,0.801257968,0.5761677000000001,0.25,0.65,0.1,5.62,10.62,16.21,24.85,34.09
2023-10-07 15:00:00,1408.2944400000001,7.06405096,1.88125392,4.184888296127319,0.80125451,0.5595204,0.13,0.63,0.05,5.56,10.44,16.31,22.14,26.69
2023-10-07 15:05:00,1395.09745,6.68644587,1.551259008,4.312323513031005,0.801251052,0.5594813999999999,0.25,0.65,0.1,5.56,10.44,16.31,22.14,26.69
2023-10-07 15:10:00,1395.0961100000002,5.3453833,1.482577824,3.076373951435089,0.908080642,0.25,0.25,0.65,0.1,5.56,10.44,16.31,22.14,26.69
2023-10-07 15:15:00,1414.8885800000003,5.2400639899999994,1.3038704639999998,3.2445572078227993,0.801244136,0.25,0.25,0.65,0.1,5.76,10.97,16.92,23.81,29.94
2023-10-07 15:20:00,1434.6817200000003,7.061667279999999,1.524011424,4.729245746135711,0.801240944,0.5593638,0.25,0.65,0.1,5.76,10.97,16.92,23.81,29.94
2023-10-07 15:25:00,1447.8767,8.59004164,1.757905344,5.899658002853394,0.908068938,0.25,0.25,0.65,0.1,5.76,10.97,16.92,23.81,29.94
2023-10-07 15:30:00,1447.87536,7.87732323,1.510431936,5.565684509277344,0.801234028,0.54268185,0.25,0.65,0.1,5.77,10.77,16.69,22.88,29.96
2023-10-07 15:35:00,1434.6777,8.33751099,1.606791264,5.878399522304535,0.5341538020000001,0.5592462,0.25,0.65,0.1,5.77,10.77,16.69,22.88,29.96
2023-10-07 15:40:00,1441.2738500000003,11.8346847,2.5145939520000002,7.9862268447875975,0.614274066,0.25,0.25,0.65,0.1,5.77,10.77,16.69,22.88,29.96
2023-10-07 15:45:00,1428.07686,11.75030854,2.74848288,7.543896713256836,0.587564208,0.6421758,0.25,0.65,0.1,6.86,11.8,17.29,25.73,34.37
2023-10-07 15:50:00,1434.6736799999999,16.902103789999998,4.412708352,10.148680124282837,0.7745129980000001,0.62553255,0.25,0.65,0.1,6.86,11.8,17.29,25.73,34.37
2023-10-07 15:55:00,1414.87786,19.3729772,4.8116328,12.009019169807434,0.8012170040000001,0.5092884,0.25,0.65,0.1,6.86,11.8,17.29,25.73,34.37
2023-10-07 16:00:00,1408.2790300000001,13.005188089999999,3.7252126079999996,7.303941323757171,1.068284728,0.25,0.25,0.54,0.1,5.81,10.87,16.66,24.08,30.92
2023-10-07 16:05:00,1401.67953,10.63784241,3.670284384,5.020660383701324,1.308643392,0.25,0.25,0.65,0.1,5.81,10.87,16.66,24.08,30.92
2023-10-07 16:10:00,1395.0807,7.89349711,2.281301568,4.4020819973945615,0.8546204940000001,0.25,0.25,0.65,0.1,5.81,10.87,16.66,24.08,30.92
2023-10-07 16:15:00,1401.6761800000002,10.238696339999999,3.0378079679999996,5.5894867396354675,1.04156423,0.25,0.25,0.65,0.1,5.41,10.93,17.37,25.62,33.81
2023-10-07 16:20:00,1401.67551,10.42659832,2.033916768,7.3137930035591125,1.06826664,0.25,0.25,0.65,0.1,5.41,10.93,17.37,25.62,33.81
2023-10-07 16:25:00,1395.07601,10.530725789999998,1.6901763840000001,7.943997683525085,0.93472932,0.52566135,0.25,0.65,0.1,5.41,10.93,17.37,25.62,33.81
2023-10-07 16:30:00,1395.07467,18.92889647,5.733655199999999,10.153830466270445,1.068257596,0.25,0.18,0.66,0.13,5.49,11.18,17.59,25.5,34.1
2023-10-07 16:35:00,1401.67149,7.932405719999999,2.0066691839999997,4.861301243305206,1.0949592080000001,0.25,0.25,0.65,0.1,5.49,11.18,17.59,25.5,34.1
2023-10-07 16:40:00,1395.07199,9.35603568,2.226802656,5.948028411865234,1.094954686,0.25,0.25,0.65,0.1,5.49,11.18,17.59,25.5,34.1
2023-10-07 16:45:00,1401.6688100000001,13.52339592,4.097292576,7.252699291706085,1.094949898,0.25,0.25,0.65,0.1,5.41,11.38,17.95,28.18,38.55
2023-10-07 16:50:00,1395.0693100000003,14.88418497,4.922551296,7.350472910404205,0.9080035020000001,0.25,0.25,0.65,0.1,5.41,11.38,17.95,28.18,38.55
2023-10-07 16:55:00,1401.66613,14.653195299999998,4.633821504,7.561369624137878,1.06823472,0.25,0.25,0.65,0.1,5.41,11.38,17.95,28.18,38.55
2023-10-07 17:00:00,1395.0673000000002,18.736758109999997,6.215486783999999,9.224274339675903,0.7477611120000001,0.25,0.13,0.4,0.07,5.53,11.67,18.59,28.59,37.45
2023-10-07 17:05:00,1401.66412,13.5838245,3.9463407360000002,7.544152181148529,0.6409355120000001,0.25,0.25,0.65,0.1,5.53,11.67,18.59,28.59,37.45
2023-10-07 17:10:00,1414.85776,12.17994776,3.71262528,6.497965171337127,0.640932586,0.7078201500000001,0.25,0.65,0.1,5.53,11.67,18.59,28.59,37.45
2023-10-07 17:15:00,1408.25893,15.27911758,4.125293952,8.965565967559813,0.534108316,0.7907268000000001,0.25,0.65,0.1,5.57,12.09,19.64,31.85,44.08
2023-10-07 17:20:00,1421.4532400000003,19.802498,5.459398464,11.447168316841125,0.721043274,0.7740892500000001,0.25,0.65,0.1,5.57,12.09,19.64,31.85,44.08
2023-10-07 17:25:00,1428.05006,23.0063702,5.817050304,14.103673729896546,0.774450488,0.97310985,0.25,0.65,0.1,5.57,12.09,19.64,31.85,44.08
2023-10-07 17:30:00,1414.8530700000001,24.4509223,4.606888416,17.400316104888915,0.801152366,0.93987825,0.16,0.67,0.1,5.62,12.17,19.57,31.84,42.56
2023-10-07 17:35:00,1447.8411899999999,21.350572099999997,5.597166432,12.78439655303955,0.881263852,1.28816715,0.25,0.65,0.1,5.62,12.17,19.57,31.84,42.56
2023-10-07 17:40:00,1414.8503900000003,64.9560058,20.56020096,33.48967481613159,1.3085375240000001,1.1056422000000001,0.25,0.65,0.1,5.62,12.17,19.57,31.84,42.56
2023-10-07 17:45:00,1401.6534000000004,26.2712669,6.3949816319999995,16.484074363708494,1.308532204,0.69092025,0.25,0.65,0.1,5.51,11.84,19.58,30.21,38.76
2023-10-07 17:50:00,1401.65206,22.416905999999997,6.53258736,12.419115719795226,1.0681849780000001,0.70746195,0.25,0.65,0.1,5.51,11.84,19.58,30.21,38.76
2023-10-07 17:55:00,1395.0525599999999,22.3953421,7.041514272,11.618666052818298,1.0414756520000001,0.5747353500000001,0.25,0.65,0.1,5.51,11.84,19.58,30.21,38.76
2023-10-07 18:00:00,1395.05122,20.2793677,6.739034016000001,9.965621213912964,0.907949504,0.6576185999999999,0.14,0.51,0.07,5.41,11.74,19.31,29.15,37.07
2023-10-07 18:05:00,1395.05055,19.5457176,6.092739744,10.221092748641967,0.801128426,0.558072,0.25,0.65,0.1,5.41,11.74,19.31,29.15,37.07
2023-10-07 18:10:00,1401.6467000000002,18.03712511,4.978859808,10.417234711647033,0.82782924,0.70728285,0.25,0.65,0.1,5.41,11.74,19.31,29.15,37.07
2023-10-07 18:15:00,1401.64536,19.3978836,4.868920992,11.946249661445616,0.988050084,0.7569861,0.25,0.65,0.1,5.42,11.53,18.94,27.92,36.88
2023-10-07 18:20:00,1612.7764300000001,25.5758168,6.766851936,15.219497370719909,0.640894548,1.17149145,0.25,0.65,0.1,5.42,11.53,18.94,27.92,36.88
2023-10-07 18:25:00,1454.42595,53.3890458,14.53710336,31.140750923156737,0.8278186,1.2543362999999998,0.25,0.65,0.1,5.42,11.53,18.94,27.92,36.88
2023-10-07 18:30:00,1461.0221,40.926639599999994,11.140298207999999,23.876985454559325,1.068148536,1.4200789500000002,0.16,0.82,0.09,5.38,11.4,18.62,28.27,40.11
2023-10-07 18:35:00,1421.4338100000002,92.6998636,27.258254400000002,50.98249853134155,1.5221052,0.9060212999999999,0.25,0.65,0.1,5.38,11.4,18.62,28.27,40.11
2023-10-07 18:40:00,1428.0299599999998,51.900086200000004,14.083467839999999,30.346059074401854,1.4152849200000002,0.57437805,0.25,0.65,0.1,5.38,11.4,18.62,28.27,40.11
2023-10-07 18:45:00,1401.63732,24.7349966,6.505946303999999,14.77797963619232,1.255058756,0.25,0.25,0.65,0.1,5.23,11.23,18.18,32.94,45.45
2023-10-07 18:50:00,1401.6359800000002,16.775642689999998,4.40190816,10.038747873306274,1.228349962,0.25,0.25,0.65,0.1,5.23,11.23,18.18,32.94,45.45
2023-10-07 18:55:00,1401.6353100000001,12.77472749,3.3155528640000003,7.700444340705872,1.281751058,0.524526,0.25,0.65,0.1,5.23,11.23,18.18,32.94,45.45
2023-10-07 19:00:00,1421.42711,10.70066804,2.05042032,7.56260552406311,1.3351516220000001,0.25,0.12,0.58,0.05,5.05,10.64,16.91,29.68,41.52
2023-10-07 19:05:00,1408.22945,13.0039103,2.875646592,8.602880797386169,1.281740152,0.25,0.25,0.65,0.1,5.05,10.64,16.91,29.68,41.52
2023-10-07 19:10:00,1408.2287800000001,15.286203679999998,4.278464736,8.738233242034912,1.281734832,0.8725039499999999,0.25,0.65,0.1,5.05,10.64,16.91,29.68,41.52
2023-10-07 19:15:00,2668.4103400000004,22.6578716,5.378731488,14.425997705459594,1.12151319,1.5851849999999998,0.25,0.65,0.1,4.87,10.23,15.85,29.63,40.81
2023-10-07 19:20:00,2279.13699,35.28646689999999,5.97015744,26.149447488784787,1.3351290120000001,1.4525103,0.25,0.65,0.1,4.87,10.23,15.85,29.63,40.81
2023-10-07 19:25:00,2279.1349800000003,25.840141699999997,2.312142144,22.301525440216064,1.3351234260000002,1.1375331,0.25,0.65,0.1,4.87,10.23,15.85,29.63,40.81
2023-10-07 19:30:00,2147.1771400000002,22.6351235,3.192369024,17.749366302490234,1.2016060560000001,0.9883128,0.12,0.49,0.05,5.2,10.55,16.22,30.51,44.2
2023-10-07 19:35:00,2767.3680000000004,32.624729099999996,3.453745152,27.33895153045654,1.228303146,1.2202741499999998,0.25,0.65,0.1,5.2,10.55,16.22,30.51,44.2
2023-10-07 19:40:00,1724.91433,31.995804299999996,3.110023488,27.23607219696045,1.0680849620000001,1.0213461,0.25,0.65,0.1,5.2,10.55,16.22,30.51,44.2
2023-10-07 19:45:00,1711.7173400000001,31.701969899999998,2.5600224,27.783988437652585,1.041378296,1.0378607999999998,0.25,0.65,0.1,9.21,14.74,20.68,32.67,44.68
2023-10-07 19:50:00,1751.30228,28.3084538,1.322416992,26.284562225341794,1.0680759180000001,1.0543741500000001,0.25,0.65,0.1,9.21,14.74,20.68,32.67,44.68
2023-10-07 19:55:00,1738.10529,28.705771999999996,1.5562896960000001,26.32394890785217,1.0680713960000001,1.00460595,0.25,0.65,0.1,9.21,14.74,20.68,32.67,44.68
2023-10-07 20:00:00,1639.1369100000002,27.448533599999998,1.253830656,25.52961043357849,0.854453446,0.90513285,0.34,1.08,0.24,9.97,15.57,21.61,32.89,43.76
2023-10-07 20:05:00,1573.1579900000002,27.510761399999996,1.48770336,25.23390703201294,0.8010467640000001,0.8885119499999999,0.25,0.65,0.1,9.97,15.57,21.61,32.89,43.76
2023-10-07 20:10:00,1566.5584900000003,27.677676299999998,1.859094432,24.832426261901855,0.8811476100000001,0.85532385,0.25,0.65,0.1,9.97,15.57,21.61,32.89,43.76
2023-10-07 20:15:00,1434.6026600000002,23.634932099999997,1.28159616,21.673513412475586,0.9345465780000001,0.72273255,0.25,0.65,0.1,11.95,17.42,23.07,33.94,44.56
2023-10-07 20:20:00,1428.00383,15.382488689999999,0.9516359424,13.926059336662291,0.694231538,0.75582135,0.25,0.65,0.1,11.95,17.42,23.07,33.94,44.56
2023-10-07 20:25:00,1507.1750500000003,11.00464645,0.7179403296,9.905875425338746,0.8010331980000002,0.88830555,0.25,0.65,0.1,11.95,17.42,23.07,33.94,44.56
2023-10-07 20:30:00,1533.5643400000004,15.506946199999998,0.800540208,14.281760807037353,0.8544316340000001,0.9048196499999999,0.75,1.62,0.32,8.71,13.15,17.69,30.04,42.3
2023-10-07 20:35:00,1520.3673500000002,19.9673501,0.676860912,18.931449480056763,1.014633326,1.0372884,0.25,0.65,0.1,8.71,13.15,17.69,30.04,42.3
2023-10-07 20:40:00,1573.14794,19.4640842,0.5944376256,18.554327869415282,0.987928256,0.8218930500000001,0.25,0.65,0.1,8.71,13.15,17.69,30.04,42.3
2023-10-07 20:45:00,1526.96216,18.667627569999997,0.704540928,17.589364166259767,0.7476182700000001,0.73902465,0.25,0.65,0.1,12.69,17.16,21.74,28.9,34.99
2023-10-07 20:50:00,1526.96149,17.93399466,0.9934181088,16.413619871139527,0.801016174,0.73897875,0.25,0.65,0.1,12.69,17.16,21.74,28.9,34.99
2023-10-07 20:55:00,1500.56818,16.46733622,1.103520288,14.778455052375794,1.041316584,0.7223703,0.25,0.65,0.1,12.69,17.16,21.74,28.9,34.99
2023-10-07 21:00:00,1513.76249,17.262589549999998,1.26862944,15.321016941070557,0.961211216,0.7554490500000001,0.7,1.34,0.25,11.46,15.65,20.45,28.45,38.55
2023-10-07 21:05:00,1566.5430800000001,17.09443506,1.33747536,15.047498717308043,0.9612072260000001,0.8216476500000001,0.25,0.65,0.1,11.46,15.65,20.45,28.45,38.55
2023-10-07 21:10:00,1566.54174,17.952515929999997,1.722611904,15.316148023605345,0.9078029380000001,0.9044022,0.25,0.65,0.1,11.46,15.65,20.45,28.45,38.55
2023-10-07 21:15:00,1573.1378900000002,20.2138165,1.873966848,17.345805358886718,1.0145990120000001,0.92091015,0.25,0.65,0.1,14.68,19.33,24.19,34.78,46.4
2023-10-07 21:20:00,1599.5271800000003,18.53772847,1.131461136,16.80608594894409,0.907795224,1.0533328499999999,0.25,0.65,0.1,14.68,19.33,24.19,34.78,46.4
2023-10-07 21:25:00,1619.31898,22.662990399999998,3.5518454399999997,17.227073354721067,0.8810917500000001,1.30165725,0.25,0.65,0.1,14.68,19.33,24.19,34.78,46.4
2023-10-07 21:30:00,1619.31697,32.4848789,8.475026975999999,19.51428421974182,1.2014834300000001,1.0697754000000002,0.74,1.91,0.33,15.27,19.55,23.52,33.42,44.12
2023-10-07 21:35:00,1625.9131200000002,28.9448085,6.261086208,19.362539024353026,0.9878822380000001,1.0531596,0.25,0.65,0.1,15.27,19.55,23.52,33.42,44.12
2023-10-07 21:40:00,1632.50927,21.4883404,2.9332729920000005,16.99911584854126,0.854380828,0.8875322999999999,0.25,0.65,0.1,15.27,19.55,23.52,33.42,44.12
2023-10-07 21:45:00,1632.50793,19.9798033,1.9844972159999998,16.942632398605348,0.9344752900000001,0.93714975,0.25,0.65,0.1,13.01,17.37,21.27,31.35,43.03
2023-10-07 21:50:00,1896.41222,20.4818277,1.599539136,18.033814544677735,0.907772082,1.05298605,0.25,0.65,0.1,13.01,17.37,21.27,31.35,43.03
2023-10-07 21:55:00,1652.2977200000003,23.6017936,2.369712384,19.975071792602538,0.93446731,1.0529283,0.25,0.65,0.1,13.01,17.37,21.27,31.35,43.03
2023-10-07 22:00:00,1724.87011,30.6800435,5.601408384,22.107377128601073,1.01455991,1.06942485,0.76,1.97,0.34,9.13,12.79,16.34,25.25,34.59
2023-10-07 22:05:00,1738.06375,32.4805623,5.546481407999999,23.99195602416992,1.0679535580000001,1.0528128,0.25,0.65,0.1,9.13,12.79,16.34,25.25,34.59
2023-10-07 22:10:00,1658.8905200000002,35.7889879,5.739082752,27.00561556816101,1.148045094,1.0196486999999999,0.25,0.65,0.1,9.13,12.79,16.34,25.25,34.59
2023-10-07 22:15:00,1579.7179600000002,35.3066747,4.996583904,27.659658908843994,1.174738992,0.87061905,0.25,0.65,0.1,7.46,10.74,13.71,24.13,34.12
2023-10-07 22:20:00,1533.53352,28.855515999999998,3.4290010559999997,23.607606630325318,1.0679399920000001,0.7712568000000001,0.25,0.65,0.1,7.46,10.74,13.71,24.13,34.12
2023-10-07 22:25:00,1454.36029,21.838920899999998,2.301469248,18.31663981437683,1.06793547,0.57259425,0.25,0.65,0.1,7.46,10.74,13.71,24.13,34.12
2023-10-07 22:30:00,1447.7614600000002,13.984563510000001,1.1189338368,12.272092809677124,1.067930682,0.25,0.47,1.8,0.32,7.18,9.97,12.47,19.95,27.72
2023-10-07 22:35:00,1447.7601200000004,10.48643862,0.6239720448,9.531481537818909,1.121322468,0.52286505,0.25,0.65,0.1,7.18,9.97,12.47,19.95,27.72
2023-10-07 22:40:00,1441.1612900000002,9.689999180000001,0.25,8.945363512039185,1.041223484,0.55592625,0.25,0.65,0.1,7.18,9.97,12.47,19.95,27.72
2023-10-07 22:45:00,1441.15995,6.90395094,0.25,6.264408774375915,0.987823452,0.52278975,0.25,0.65,0.1,6.67,8.87,10.6,16.82,24.2
2023-10-07 22:50:00,1460.95175,6.547321469999999,0.5279780064,5.739278357028961,0.8276324000000002,0.52275225,0.25,0.65,0.1,6.67,8.87,10.6,16.82,24.2
2023-10-07 22:55:00,1454.3522500000001,7.803316459999999,0.5280663648,6.995138020515442,0.8543265640000001,0.5558094,0.25,0.65,0.1,6.67,8.87,10.6,16.82,24.2
2023-10-07 23:00:00,1467.5458900000003,7.677061639999999,0.528154848,6.868747444152832,0.8810204620000001,0.5557704,0.25,0.65,0.1,7.04,9.11,10.87,15.09,18.87
2023-10-07 23:05:00,1460.9470600000002,7.320432169999999,0.500740656,6.554073843955994,1.067899028,0.55573155,0.25,0.65,0.1,7.04,9.11,10.87,15.09,18.87
2023-10-07 23:10:00,1467.54321,7.55021281,0.5145804768000001,6.7626736235618585,1.281473354,0.72114915,0.25,0.65,0.1,7.04,9.11,10.87,15.09,18.87
2023-10-07 23:15:00,1480.73752,7.821875929999999,0.6934343519999999,6.760610299110413,1.1746788760000002,0.721104,0.25,0.65,0.1,7.04,9.23,11.18,17.5,24.7
2023-10-07 23:20:00,1500.52798,7.716566169999999,0.9685455936,6.234257187843323,1.094582552,0.7210587,0.25,0.65,0.1,7.04,9.23,11.18,17.5,24.7
2023-10-07 23:25:00,1460.9417,8.74217887,1.1749006464,6.94405354976654,1.06788094,0.7706449500000001,0.25,0.65,0.1,7.04,9.23,11.18,17.5,24.7
2023-10-07 23:30:00,1520.3177699999999,11.02437675,1.436259552,8.82625536441803,1.2013608040000001,0.9525722999999999,0.25,0.63,0.12,8.12,10.3,12.44,17.24,21.25
2023-10-07 23:35:00,1513.71894,15.715017779999998,2.61894048,11.706864862442016,1.4416269000000002,0.9359759999999999,0.25,0.65,0.1,8.12,10.3,12.44,17.24,21.25
2023-10-07 23:40:00,1678.6555200000003,21.0339323,3.4853432640000004,15.699794311523437,1.601800928,1.41563715,0.25,0.65,0.1,8.12,10.3,12.44,17.24,21.25
2023-10-07 23:45:00,1790.8121800000001,69.2650804,15.380077439999999,45.72665786743164,1.788670184,1.6140615,0.25,0.65,0.1,9.93,11.78,13.64,16.84,19.57
2023-10-07 23:50:00,1790.8101700000002,70.5629063,13.3037424,50.20221488952637,2.135716394,1.44857565,0.25,0.65,0.1,9.93,11.78,13.64,16.84,19.57
2023-10-07 23:55:00,1672.05334,58.2687329,11.598688608,40.517535495758054,2.162403642,1.5477435000000002,0.25,0.65,0.1,9.93,11.78,13.64,16.84,19.57
2023-10-08 00:00:00,1448.1601100000003,15.809830179999999,3.834815088,9.723842940330506,0.9660488250000001,0.667380825,0.27,0.81,0.14,9.93,11.78,13.64,16.84,19.57
2023-10-08 00:15:00,1441.1358300000004,23.4590593,3.870954048,17.534762344360352,2.269150506,0.7205622,0.25,0.65,0.1,7.86,9.55,10.87,14.44,17.46
2023-10-08 00:20:00,1454.32947,12.08647427,1.987164192,9.045221858024597,2.32253245,0.6378325499999999,0.25,0.65,0.1,7.86,9.55,10.87,14.44,17.46
2023-10-08 00:25:00,1447.72997,8.58841814,1.877244096,5.715392336845397,2.135653086,0.6377905500000001,0.25,0.65,0.1,7.86,9.55,10.87,14.44,17.46
2023-10-08 00:30:00,1487.3142400000002,10.0538198,2.0148385920000003,6.970212824344634,2.162339536,0.65428425,0.22,0.73,0.12,6.98,8.45,9.93,11.2,12.32
2023-10-08 00:35:00,1460.9229400000002,13.299360559999998,2.028675168,10.19457691192627,2.162330226,0.7369167,0.25,0.65,0.1,6.98,8.45,9.93,11.2,12.32
2023-10-08 00:40:00,1619.26002,24.2308903,3.25258128,19.252982006072997,2.402579032,0.95181765,0.25,0.65,0.1,6.98,8.45,9.93,11.2,12.32
2023-10-08 00:45:00,1592.8693899999998,39.7698481,5.9615699520000005,30.645972003936766,2.6428257100000003,1.4312424000000001,0.25,0.65,0.1,6.76,8.13,9.37,10.63,11.63
2023-10-08 00:50:00,1474.11323,88.8381492,25.02020352,50.54600818634033,3.4970567800000003,1.6295685,0.25,0.65,0.1,6.76,8.13,9.37,10.63,11.63
2023-10-08 00:55:00,1612.65784,66.7428681,12.8095968,47.138436279296876,4.217807720000001,1.3980333,0.25,0.65,0.1,6.76,8.13,9.37,10.63,11.63
2023-10-08 01:00:00,1546.68227,68.1663338,13.38719616,47.67791160583496,4.24448486,0.984666,0.19,0.72,0.11,6.42,7.96,9.31,10.87,11.85
2023-10-08 01:05:00,1454.31674,46.6994045,7.543216512,35.15489559173584,3.6571808000000003,0.8358295499999999,0.25,0.65,0.1,6.42,7.96,9.31,10.87,11.85
2023-10-08 01:10:00,1553.2770800000003,29.1278438,2.936819808,24.633192272186278,3.2300513,0.72006585,0.25,0.65,0.1,6.42,7.96,9.31,10.87,11.85
2023-10-08 01:15:00,1447.7172400000002,17.545918949999997,0.9980645375999999,16.018432445526123,2.9630937,0.7200207,0.25,0.65,0.1,6.27,7.78,9.12,10.31,11.25
2023-10-08 01:20:00,1441.1177400000001,21.629126499999998,1.616930016,19.154497995376587,2.85630268,0.5712112500000001,0.25,0.65,0.1,6.27,7.78,9.12,10.31,11.25
2023-10-08 01:25:00,1434.51891,15.3247895,1.534513344,12.976295289993285,2.90967824,0.25,0.25,0.65,0.1,6.27,7.78,9.12,10.31,11.25
2023-10-08 01:30:00,1526.8817600000002,7.40787006,1.342091712,5.353867473602294,2.402476888,0.5380761000000001,0.15,0.47,0.07,6.26,7.72,8.93,10.83,12.21
2023-10-08 01:35:00,1520.28293,8.098380899999999,1.3559295359999999,6.023200635910034,2.1355259380000002,0.5710929,0.25,0.65,0.1,6.26,7.72,8.93,10.83,12.21
2023-10-08 01:40:00,1520.28159,13.396260589999999,2.11229616,10.163499994277954,2.1622107919999998,0.620634,0.25,0.65,0.1,6.26,7.72,8.93,10.83,12.21
2023-10-08 01:45:00,1520.27958,13.20717632,2.153632416,9.911152362823486,2.108814218,0.6701713499999999,0.25,0.65,0.1,6.59,8.34,10.06,12.89,15.18
2023-10-08 01:50:00,1487.2914600000001,14.60972752,3.075000864,9.903596706390381,2.135498806,0.637077,0.25,0.65,0.1,6.59,8.34,10.06,12.89,15.18
2023-10-08 01:55:00,1480.6926300000002,14.06462116,2.4563148480000003,10.30535707950592,1.8151661780000001,0.5709351,0.25,0.65,0.1,6.59,8.34,10.06,12.89,15.18
2023-10-08 02:00:00,1507.0812500000002,11.739400530000001,1.2738623040000001,9.789820141792298,1.8685457280000002,0.6039443999999999,0.16,0.56,0.09,6.42,7.73,8.95,10.31,11.32
2023-10-08 02:05:00,1493.8849300000002,13.39325807,1.947719904,10.412372169494628,1.841844116,0.5543325,0.25,0.65,0.1,6.42,7.73,8.95,10.31,11.32
2023-10-08 02:10:00,1480.68928,15.005227399999999,1.96155648,12.00316572189331,1.815143036,0.60386295,0.25,0.65,0.1,6.42,7.73,8.95,10.31,11.32
2023-10-08 02:15:00,1526.8683600000002,13.32922723,1.1916214752,11.505511536598204,2.0019875540000003,0.81861465,0.25,0.65,0.1,6.61,8.16,9.75,12.3,14.38
2023-10-08 02:20:00,1520.26953,12.44904575,1.370463744,10.35162181377411,1.868513808,0.83508765,0.25,0.65,0.1,6.61,8.16,9.75,12.3,14.38
2023-10-08 02:25:00,1533.46317,12.4484441,1.52180496,10.119399223327637,1.7617342260000002,0.9837293999999999,0.25,0.65,0.1,6.61,8.16,9.75,12.3,14.38
2023-10-08 02:30:00,1520.2675199999999,10.64679649,1.411888608,8.485973043441772,1.521491272,0.8515094999999999,0.19,0.96,0.16,6.34,7.81,9.41,11.78,13.95
2023-10-08 02:35:00,1480.6819100000002,9.5781343,1.4394756480000002,7.375090270042419,1.601562858,0.7523395500000001,0.25,0.65,0.1,6.34,7.81,9.41,11.78,13.95
2023-10-08 02:40:00,1480.68057,8.195340139999999,1.343311008,6.1394713139534,1.601555942,0.7192545,0.25,0.65,0.1,6.34,7.81,9.41,11.78,13.95
2023-10-08 02:45:00,1520.2628300000001,7.5036451,1.412148192,5.342424697875976,1.4680867180000001,0.7357281,0.25,0.65,0.1,5.99,7.45,8.86,11.03,12.61
2023-10-08 02:50:00,1546.6507800000002,7.73341619,1.480986624,5.466842570304871,1.334618558,0.85130955,0.25,0.65,0.1,5.99,7.45,8.86,11.03,12.61
2023-10-08 02:55:00,1592.82986,10.455320899999998,1.384821984,8.33592185974121,1.334613238,0.9008118,0.25,0.65,0.1,5.99,7.45,8.86,11.03,12.61
2023-10-08 03:00:00,1770.95606,12.10916698,1.714912992,9.484580183029175,1.2545310120000002,1.2806478000000001,0.19,0.8,0.13,6.03,7.52,8.91,11.32,13.25
2023-10-08 03:05:00,3802.91866,9.78397309,1.6187496,7.306559755802154,1.174449584,2.0403285,0.25,0.65,0.1,6.03,7.52,8.91,11.32,13.25
2023-10-08 03:10:00,3697.3588200000004,9.09227805,1.4263342079999999,6.9093463468551635,1.2011363,1.957656,0.25,0.65,0.1,6.03,7.52,8.91,11.32,13.25
2023-10-08 03:15:00,8388.0181,8.75660701,1.495171392,6.468324065208435,1.174439476,4.104513,0.25,0.65,0.1,5.92,7.36,8.78,11.21,13.4
2023-10-08 03:20:00,7926.2005,9.92877401,1.894010976,7.030087029933929,1.201126192,6.0034905,0.25,0.65,0.1,5.92,7.36,8.78,11.21,13.4
2023-10-08 03:25:00,6250.489630000001,9.8444074,1.591595616,7.408552010059356,1.201121138,5.3096715,0.25,0.65,0.1,5.92,7.36,8.78,11.21,13.4
2023-10-08 03:30:00,10386.9698,9.65532886,1.412931936,7.492909693717956,1.2011160840000001,6.316751999999999,0.2,0.9,0.17,5.97,7.5,9.05,11.2,12.69
2023-10-08 03:35:00,7510.552600000001,10.13640438,1.0280190336000001,8.563073344230652,1.334567752,5.6890215,0.25,0.65,0.1,5.97,7.5,9.05,11.2,12.69
2023-10-08 03:40:00,11620.6341,9.96826517,1.715605632,7.342618980407715,1.334562166,7.2409035,0.25,0.65,0.1,5.97,7.5,9.05,11.2,12.69
2023-10-08 03:45:00,10525.4789,9.46505848,1.454442912,7.239107580184936,1.3078653420000002,6.629697,0.25,0.65,0.1,5.97,7.58,9.26,11.36,14.21
2023-10-08 03:50:00,9074.078,9.4435175,1.564528992,7.049086372852325,1.3345507280000002,5.3581095,0.25,0.65,0.1,5.97,7.58,9.26,11.36,14.21
2023-10-08 03:55:00,9403.9324,9.88270481,2.142112128,6.604312219619751,1.0943269260000001,5.4734595,0.25,0.65,0.1,5.97,7.58,9.26,11.36,14.21
2023-10-08 04:00:00,10156.0141,11.24334297,1.853450976,8.406731548309326,1.067631432,5.0274825,0.24,1.31,0.42,6.3,7.97,9.66,11.9,13.8
2023-10-08 04:05:00,8157.042300000001,10.907671930000001,1.812286944,8.134059419631958,1.06762691,3.9376949999999997,0.25,0.65,0.1,6.3,7.97,9.66,11.9,13.8
2023-10-08 04:10:00,5722.66296,9.294533679999999,1.55112672,6.920614256858825,1.067622388,2.5838625,0.25,0.65,0.1,6.3,7.97,9.66,11.9,13.8
2023-10-08 04:15:00,7583.073400000001,8.81227014,1.1387183807999999,7.069519705772399,1.067617866,3.029451,0.25,0.65,0.1,6.24,7.74,9.19,11.57,14.91
2023-10-08 04:20:00,6012.93108,12.39275805,2.3350391999999998,8.819100441932678,1.067613344,2.765208,0.25,0.65,0.1,6.24,7.74,9.19,11.57,14.91
2023-10-08 04:25:00,7048.688099999999,11.59636063,1.908879648,8.674918189048766,1.040918382,2.897136,0.25,0.65,0.1,6.24,7.74,9.19,11.57,14.91
2023-10-08 04:30:00,7668.813300000001,10.79996703,1.5927238080000001,8.362384872436524,1.040914126,3.1445925,0.25,1.72,0.57,6.28,7.79,9.3,11.47,13.77
2023-10-08 04:35:00,7853.5256,11.02973048,1.675306464,8.465759658813477,1.040909604,3.1609605,0.25,0.65,0.1,6.28,7.79,9.3,11.47,13.77
2023-10-08 04:40:00,6863.942300000001,11.46891015,1.867889088,8.610201478004456,1.174354622,2.9297625000000003,0.25,0.65,0.1,6.28,7.79,9.3,11.47,13.77
2023-10-08 04:45:00,6461.51216,13.56250699,2.514210816,9.71463607788086,1.120970284,3.028656,0.25,0.65,0.1,6.34,7.89,9.44,11.58,13.33
2023-10-08 04:50:00,6619.835840000001,13.017414,2.129305152,9.758622093200684,0.85406881,3.1935554999999995,0.25,0.65,0.1,6.34,7.89,9.44,11.58,13.33
2023-10-08 04:55:00,7998.6342,13.26811869,1.716902304,10.640488147735596,1.0675814240000001,3.193416,0.25,0.65,0.1,6.34,7.89,9.44,11.58,13.33
2023-10-08 05:00:00,7787.5239,13.455993929999998,1.67573952,10.891360349655152,0.8540616280000001,3.1932780000000003,0.28,2.14,0.48,6.41,8.14,9.73,13.24,17.26
2023-10-08 05:05:00,6382.32352,12.3035897,1.79957232,9.549436240196227,0.7739900420000001,2.6816009999999997,0.25,0.65,0.1,6.41,8.14,9.73,13.24,17.26
2023-10-08 05:10:00,6316.346610000001,13.873628799999999,2.43213984,10.151363220214844,0.9074329320000001,2.334969,0.25,0.65,0.1,6.41,8.14,9.73,13.24,17.26
2023-10-08 05:15:00,6877.0944,16.19757164,3.0784540799999998,11.48615517616272,0.827361612,2.0378625,0.25,0.65,0.1,6.72,8.22,9.61,11.12,12.31
2023-10-08 05:20:00,6863.895399999999,14.06090239,2.2535660159999997,10.61193585395813,0.827358154,2.2852575,0.25,0.65,0.1,6.72,8.22,9.61,11.12,12.31
2023-10-08 05:25:00,6421.8843400000005,28.552017,10.599598464000001,12.329875001907348,1.28106531,2.301651,0.25,0.65,0.1,6.72,8.22,9.61,11.12,12.31
2023-10-08 05:30:00,6507.640990000001,15.29526663,3.3399462719999997,10.183649625778198,0.8807286599999999,3.093459,0.31,2.45,0.57,6.53,8.13,9.71,12.29,15.28
2023-10-08 05:35:00,10202.016300000001,19.2317136,5.8149324479999995,10.332258167266845,0.934102092,5.4194759999999995,0.25,0.65,0.1,6.53,8.13,9.71,12.29,15.28
2023-10-08 05:40:00,13454.3839,18.30967256,4.893799872000001,10.819962310791015,0.8807212120000001,7.514360999999999,0.25,0.65,0.1,6.53,8.13,9.71,12.29,15.28
2023-10-08 05:45:00,10868.3112,13.22022735,2.460236064,9.454962301254271,0.800652286,7.448073,0.25,0.65,0.1,6.63,8.26,9.79,12.79,15.49
2023-10-08 05:50:00,9350.968900000002,18.643527189999997,6.3101500800000005,8.986166424751282,0.800648828,5.9301735,0.25,0.65,0.1,6.63,8.26,9.79,12.79,15.49
2023-10-08 05:55:00,8757.2216,19.8575442,6.310227456,10.200064234733581,0.934086398,8.2392375,0.25,0.65,0.1,6.63,8.26,9.79,12.79,15.49
2023-10-08 06:00:00,16383.4497,24.1499827,8.248964255999999,11.525365171432494,1.014146546,10.2182385,0.33,2.52,0.59,6.6,8.34,9.97,12.48,16.97
2023-10-08 06:05:00,8433.946600000001,17.92969525,4.3992312,11.196897215843201,0.987454244,5.863473,0.25,0.65,0.1,6.6,8.34,9.97,12.48,16.97
2023-10-08 06:10:00,11138.743300000002,17.40555114,4.248070944,10.904096403121947,1.0141380340000001,6.0941385,0.25,0.65,0.1,6.6,8.34,9.97,12.48,16.97
2023-10-08 06:15:00,11719.2782,21.321043500000002,6.14555136,11.915592603683471,1.227635486,5.6156085000000004,0.25,0.65,0.1,6.6,8.2,9.87,12.14,14.95
2023-10-08 06:20:00,8968.2917,17.50905022,4.124491488,11.196726903915405,0.7739408320000001,4.1146125,0.25,0.65,0.1,6.6,8.2,9.87,12.14,14.95
2023-10-08 06:25:00,9595.003,22.199357,7.616877216,10.54211616039276,0.9340624580000001,4.097949,0.25,0.65,0.1,6.6,8.2,9.87,12.14,14.95
2023-10-08 06:30:00,8697.7926,24.586092999999998,9.07437024,10.698234820365906,0.880683706,4.1637375,0.25,0.65,0.1,6.65,8.41,9.89,13.04,15.93
2023-10-08 06:35:00,8776.9531,18.554312999999997,4.7297016,11.315747618675232,0.667181732,3.9491925000000005,0.25,0.65,0.1,6.65,8.41,9.89,13.04,15.93
2023-10-08 06:40:00,11059.522500000001,16.73179673,3.7535933760000004,10.987114815711974,0.640491824,6.224568,0.25,0.65,0.1,6.65,8.41,9.89,13.04,15.93
2023-10-08 06:45:00,12299.7528,16.835901279999998,4.33114032,10.207312965393067,0.8006113220000001,6.7519575000000005,0.25,0.65,0.1,6.65,8.34,9.88,12.58,14.76
2023-10-08 06:50:00,10175.497700000002,15.159975600000001,3.272540544,10.151519870758056,0.800607864,5.696439,0.25,0.65,0.1,6.65,8.34,9.88,12.58,14.76
2023-10-08 06:55:00,10854.984900000001,15.829503180000001,4.193812896,9.411087398529052,0.693857276,5.432406,0.25,0.65,0.1,6.65,8.34,9.88,12.58,14.76
2023-10-08 07:00:00,10821.9941,15.2634785,4.5651216,8.276794476509094,0.8006012140000001,5.6794875000000005,0.25,4.38,1.22,6.94,8.75,10.38,14.37,19.47
2023-10-08 07:05:00,10538.309400000002,14.09015786,4.138982016,7.7556581926345824,0.800597756,5.6792549999999995,0.25,0.65,0.1,6.94,8.75,10.38,14.37,19.47
2023-10-08 07:10:00,7035.2881,14.885329059999998,4.52403744,7.961521596908569,0.800594298,3.5193974999999997,0.25,0.65,0.1,6.94,8.75,10.38,14.37,19.47
2023-10-08 07:15:00,6342.59587,18.96829786,5.527796352,10.508287839889526,0.9340228240000001,2.5631115,0.25,0.65,0.1,7.24,9.03,10.84,14.65,18.89
2023-10-08 07:20:00,6725.218800000001,26.4647117,9.845055168,11.39735981941223,1.09413647,2.661903,0.25,0.65,0.1,7.24,9.03,10.84,14.65,18.89
2023-10-08 07:25:00,5926.97477,29.2074335,12.209949024,10.520732450485228,1.120817866,2.5463985,0.25,0.65,0.1,7.24,9.03,10.84,14.65,18.89
2023-10-08 07:30:00,5940.164390000001,34.107060999999995,14.46484416,11.969358348846436,1.17418518,2.216619,0.46,3.43,0.98,7.41,9.28,11.18,14.48,18.43
2023-10-08 07:35:00,5438.78865,34.8184596,13.667471999999998,13.90109634399414,1.067436454,2.1011414999999998,0.25,0.65,0.1,7.41,9.28,11.18,14.48,18.43
2023-10-08 07:40:00,5326.6346699999995,31.5091172,11.522711615999999,13.874197988510131,1.1208035020000002,1.82085,0.25,0.65,0.1,7.41,9.28,11.18,14.48,18.43
2023-10-08 07:45:00,4205.14512,35.1104031,13.77759552,14.024500541687011,1.040741758,1.540581,0.25,0.65,0.1,7.85,9.93,11.94,15.05,18.0
2023-10-08 07:50:00,4191.94813,35.7799154,14.05262976,14.273086738586425,1.120794192,1.5405045000000002,0.25,0.65,0.1,7.85,9.93,11.94,15.05,18.0
2023-10-08 07:55:00,4409.643190000001,37.6221295,15.02887776,14.621204319000244,1.227531214,1.6393095,0.25,0.65,0.1,7.85,9.93,11.94,15.05,18.0
2023-10-08 08:00:00,3961.0460300000004,44.615881,18.75485664,15.912534856796263,1.360952824,1.47443505,0.71,4.78,0.89,7.8,10.27,13.1,16.51,20.46
2023-10-08 08:05:00,3604.8077,43.4844161,18.01248384,15.91723437309265,1.2808910800000002,1.29309435,0.25,0.65,0.1,7.8,10.27,13.1,16.51,20.46
2023-10-08 08:10:00,3512.4482000000007,37.997177099999995,15.48276288,14.301602602005005,1.22751552,1.24359285,0.25,0.65,0.1,7.8,10.27,13.1,16.51,20.46
2023-10-08 08:15:00,3274.95464,38.6457367,15.35909856,15.139424352645873,1.067400278,1.1446626,0.25,0.65,0.1,8.02,10.97,13.99,17.59,22.86
2023-10-08 08:20:00,1915.9842600000004,35.5248922,13.654318080000001,14.62765977859497,1.120765464,0.7656305999999999,0.25,0.65,0.1,8.02,10.97,13.99,17.59,22.86
2023-10-08 08:25:00,1685.0902,21.368067699999997,6.3538388160000006,11.643843984603881,0.8539129340000001,0.7161549,0.25,0.65,0.1,8.02,10.97,13.99,17.59,22.86
2023-10-08 08:30:00,1915.98091,15.147929229999999,4.511597376,8.243161058425903,0.8005400340000001,0.71611005,0.97,5.78,1.2,8.19,12.56,16.61,23.06,28.76
2023-10-08 08:35:00,1638.90844,13.86991958,4.470433344,7.028150300979614,0.7471673999999999,0.7160652,0.25,0.65,0.1,8.19,12.56,16.61,23.06,28.76
2023-10-08 08:40:00,2067.70576,10.707213609999998,2.586955488,6.7480113148689265,0.800533118,0.5842243500000001,0.25,0.65,0.1,8.19,12.56,16.61,23.06,28.76
2023-10-08 08:45:00,1566.3393999999998,10.62284891,2.298320544,7.105386760234833,0.8005299260000002,0.7159758,0.25,0.65,0.1,8.76,14.32,19.87,26.69,32.5
2023-10-08 08:50:00,1968.7487700000001,10.05684333,2.10592512,6.833833498954773,0.7738421460000001,0.7159310999999999,0.25,0.65,0.1,8.76,14.32,19.87,26.69,32.5
2023-10-08 08:55:00,2021.52266,10.433183999999999,2.39473104,6.768170964717864,0.56036624,0.61705035,0.25,0.65,0.1,8.76,14.32,19.87,26.69,32.5
2023-10-08 09:00:00,2799.95345,13.217742439999999,3.810914016,7.385333576202393,0.7471517060000001,0.63348135,0.42,1.95,0.56,8.55,13.83,18.86,24.58,31.08
2023-10-08 09:05:00,1625.7054200000002,17.154051889999998,6.3407210880000004,7.449903655052185,0.800516094,0.5840253,0.25,0.65,0.1,8.55,13.83,18.86,24.58,31.08
2023-10-08 09:10:00,1784.0291,14.054179190000001,4.759724736,6.76966460943222,0.800512902,0.5510439,0.25,0.65,0.1,8.55,13.83,18.86,24.58,31.08
2023-10-08 09:15:00,1592.7186400000003,12.65053547,4.306107936,6.060257596969604,0.8538767580000001,0.5510055,0.25,0.65,0.1,8.59,14.07,19.41,26.07,33.28
2023-10-08 09:20:00,1526.74843,11.91699806,4.03122096,5.747420997619629,1.040657702,0.5509669500000001,0.25,0.65,0.1,8.59,14.07,19.41,26.07,33.28
2023-10-08 09:25:00,1506.95663,10.49241692,2.90393376,6.048095321655273,0.9339198820000001,0.5509284,0.25,0.65,0.1,8.59,14.07,19.41,26.07,33.28
2023-10-08 09:30:00,1586.11713,9.737945909999999,2.587806624,5.777440524101257,0.800499336,0.5508898499999999,0.26,1.16,0.3,8.1,13.25,18.53,23.69,29.27
2023-10-08 09:35:00,1625.6967100000002,10.972860229999998,3.1240772160000003,6.191620461940765,0.9072286440000001,0.69906045,0.25,0.65,0.1,8.1,13.25,18.53,23.69,29.27
2023-10-08 09:40:00,1678.4699300000002,9.77862891,2.835446016,5.439124076366424,1.0940063960000002,0.5672799,0.25,0.65,0.1,8.1,13.25,18.53,23.69,29.27
2023-10-08 09:45:00,1533.33788,10.762254079999998,3.385463328,5.580975697040557,1.067318882,0.58370715,0.25,0.65,0.1,7.61,12.07,16.75,20.17,23.73
2023-10-08 09:50:00,1638.8856600000001,13.065148719999998,4.540402464,6.116295685768127,1.120679812,0.5507355,0.25,0.65,0.1,7.61,12.07,16.75,20.17,23.73
2023-10-08 09:55:00,1619.0938600000002,17.3364779,7.028921952,6.57907235622406,1.307454372,0.5506971,0.25,0.65,0.1,7.61,12.07,16.75,20.17,23.73
2023-10-08 10:00:00,1638.88298,17.77563083,6.547810463999999,7.754542512893677,1.3341315120000001,0.5506587,0.31,1.31,0.32,7.32,11.67,16.22,20.85,26.44
2023-10-08 10:05:00,1480.55796,12.246656419999999,3.550775904,6.812376017570496,1.120665714,0.66586785,0.25,0.65,0.1,7.32,11.67,16.22,20.85,26.44
2023-10-08 10:10:00,1586.10507,10.82208292,2.84970192,6.460759756565094,1.2273905,0.5670448499999999,0.25,0.65,0.1,7.32,11.67,16.22,20.85,26.44
2023-10-08 10:15:00,1526.73235,11.11465481,2.7260525760000003,6.9425712895393366,1.520890378,0.5505430499999999,0.25,0.65,0.1,6.9,10.82,14.67,19.76,24.91
2023-10-08 10:20:00,1467.3603000000003,12.0773311,2.932359456,7.589504790306091,1.3874730240000002,0.25,0.25,0.65,0.1,6.9,10.82,14.67,19.76,24.91
2023-10-08 10:25:00,1473.95578,11.46945068,3.069925248,6.771087670326232,1.60092366,0.25,0.25,0.65,0.1,6.9,10.82,14.67,19.76,24.91
2023-10-08 10:30:00,1658.66406,13.353514789999998,4.0048806720000005,7.224249913692474,1.60091701,0.53396655,0.24,1.07,0.24,5.43,8.09,10.83,13.47,17.2
2023-10-08 10:35:00,1652.0659000000003,14.00207439,4.266176928,7.4729089713096615,1.734319202,0.550389,0.25,0.65,0.1,5.43,8.09,10.83,13.47,17.2
2023-10-08 10:40:00,1487.14473,11.65611689,3.427627008,6.410309174060822,1.600903444,0.56680995,0.25,0.65,0.1,5.43,8.09,10.83,13.47,17.2
2023-10-08 10:45:00,1520.12749,13.35171175,3.826404192,7.4955964326858515,1.4141251600000002,0.5503119,0.25,0.65,0.1,5.09,7.15,9.1,11.29,13.12
2023-10-08 10:50:00,1579.49686,13.51863811,4.14269232,7.178459684848785,1.3073931920000001,0.5831901,0.25,0.65,0.1,5.09,7.15,9.1,11.29,13.12
2023-10-08 10:55:00,1586.0923400000001,12.59664864,3.702838464,6.929644887447357,1.387431794,0.55023495,0.25,0.65,0.1,5.09,7.15,9.1,11.29,13.12
2023-10-08 11:00:00,1579.49351,12.05159194,3.6204342720000002,6.510702590942382,1.28070089,0.5666535,0.23,0.95,0.18,5.24,7.64,10.04,13.92,18.66
2023-10-08 11:05:00,1559.70238,12.55356668,3.8267361600000003,6.696943237781524,1.3607389600000002,0.63244035,0.25,0.65,0.1,5.24,7.64,10.04,13.92,18.66
2023-10-08 11:10:00,1460.7494100000001,11.82004837,3.44187792,6.5524308347702025,1.254008854,0.5665752000000001,0.25,0.65,0.1,5.24,7.64,10.04,13.92,18.66
2023-10-08 11:15:00,1513.5226300000002,22.4991315,8.597425824,9.341211237907409,1.147280078,0.78045465,0.25,0.65,0.1,5.15,7.25,9.62,12.24,14.45
2023-10-08 11:20:00,1487.1340100000004,17.64031306,4.734346656,10.394639692306518,1.734252968,0.55004235,0.25,0.65,0.1,5.15,7.25,9.62,12.24,14.45
2023-10-08 11:25:00,1513.5186100000003,15.16872913,4.748175744,7.901889653205871,1.3340349540000003,0.582912,0.25,0.65,0.1,5.15,7.25,9.62,12.24,14.45
2023-10-08 11:30:00,1513.51727,27.7324169,9.202556064,13.648377122879028,1.360709966,0.68159265,0.2,0.95,0.19,4.94,7.05,9.31,12.64,17.35
2023-10-08 11:35:00,1506.9197800000002,19.4393879,5.270754527999999,11.37276750564575,1.787592086,0.549927,0.25,0.65,0.1,4.94,7.05,9.31,12.64,17.35
2023-10-08 11:40:00,1487.12798,14.45494876,3.827317728,8.597435369491576,1.3606985280000001,0.6486014999999999,0.25,0.65,0.1,4.94,7.05,9.31,12.64,17.35
2023-10-08 11:45:00,1506.9171000000001,14.74751301,3.923634624,8.742591223716735,1.147250818,0.64855935,0.25,0.65,0.1,4.8,6.99,9.53,12.92,16.8
2023-10-08 11:50:00,1506.91576,47.5605471,16.29668352,22.619309282302854,1.68084868,1.4875146,0.25,0.65,0.1,4.8,6.99,9.53,12.92,16.8
2023-10-08 11:55:00,1592.6717400000002,112.91492159999999,43.09105632,46.96626640319824,4.53560324,2.145453,0.25,0.65,0.1,4.8,6.99,9.53,12.92,16.8
2023-10-08 12:00:00,1612.45952,119.61514429999998,45.77188512,49.56361984252929,9.28460764,2.3592,0.23,0.88,0.15,4.56,6.42,8.44,11.05,14.2
2023-10-08 12:05:00,1553.0881400000003,98.98819479999999,35.10370656,45.2637700843811,14.3537324,1.05961725,0.25,0.65,0.1,4.56,6.42,8.44,11.05,14.2
2023-10-08 12:10:00,1460.73333,26.0522854,6.467364384000001,16.154317684173584,6.8833591400000005,0.58255455,0.25,0.65,0.1,4.56,6.42,8.44,11.05,14.2
2023-10-08 12:15:00,1447.53902,17.02639704,4.061607264,10.810315551757812,3.62842088,0.5989626,0.25,0.65,0.1,4.2,5.68,7.13,9.84,11.94
2023-10-08 12:20:00,1493.71408,13.90568624,3.869223072,7.98403920173645,2.88138116,0.6811583999999999,0.25,0.65,0.1,4.2,5.68,7.13,9.84,11.94
2023-10-08 12:25:00,1665.22537,13.06747319,3.26441232,8.07145749092102,2.69461458,1.0758333,0.25,0.65,0.1,4.2,5.68,7.13,9.84,11.94
2023-10-08 12:30:00,1513.50052,46.9273057,12.99777024,27.0348837184906,3.89516834,1.0922209500000002,0.23,0.88,0.15,4.07,5.52,7.16,9.13,11.83
2023-10-08 12:35:00,1513.49985,24.9184712,9.574700928,10.264882040023803,2.9880604600000003,1.2237250499999999,0.25,0.65,0.1,4.07,5.52,7.16,9.13,11.83
2023-10-08 12:40:00,1526.69148,116.2172925,37.619712,58.64225107192993,5.389157340000001,1.24010595,0.25,0.65,0.1,4.07,5.52,7.16,9.13,11.83
2023-10-08 12:45:00,1447.53098,14.195841979999999,2.934808032,9.704267997741699,6.536327560000001,0.5493885000000001,0.25,0.65,0.1,4.12,5.82,7.52,11.14,15.47
2023-10-08 12:50:00,1440.9328200000002,10.740107629999999,2.481226176,6.942718377113342,3.04138016,0.54934995,0.25,0.65,0.1,4.12,5.82,7.52,11.14,15.47
2023-10-08 12:55:00,1506.897,6.593350559999999,1.5464854080000001,4.226534116268158,2.507794268,0.6479691000000001,0.25,0.65,0.1,4.12,5.82,7.52,11.14,15.47
2023-10-08 13:00:00,1454.12244,10.36198875,2.63261856,6.332901492118835,2.321033806,0.8287917,0.2,0.79,0.12,4.25,5.76,7.26,10.23,14.46
2023-10-08 13:05:00,1440.92813,20.6639462,5.643384864000001,12.027034893035887,2.587808664,0.6807681,0.25,0.65,0.1,4.25,5.76,7.26,10.23,14.46
2023-10-08 13:10:00,1467.3134,17.92017963,4.80487488,10.566564574241637,2.2409789780000002,0.6149604,0.25,0.65,0.1,4.25,5.76,7.26,10.23,14.46
2023-10-08 13:15:00,1454.1190900000001,30.1276524,8.104322304,17.72440239906311,2.32100428,0.8779660499999999,0.25,0.65,0.1,4.0,5.48,7.03,9.54,12.05
2023-10-08 13:20:00,1546.4692100000002,50.2295429,11.871168192,32.061327877044675,5.815824,1.1738313,0.25,0.65,0.1,4.0,5.48,7.03,9.54,12.05
2023-10-08 13:25:00,1546.4678700000002,61.9972439,13.507166400000001,41.32521841049194,12.1118046,1.0586955,0.25,0.65,0.1,4.0,5.48,7.03,9.54,12.05
2023-10-08 13:30:00,1909.2789,56.7197038,14.799482880000001,34.06985378265381,8.99044356,1.32165435,0.18,0.46,0.1,3.51,4.8,6.34,7.75,9.41
2023-10-08 13:35:00,1533.2722200000003,49.5575667,12.146320992,30.968245887756346,9.28386018,1.10789415,0.25,0.65,0.1,3.51,4.8,6.34,7.75,9.41
2023-10-08 13:40:00,1487.0951500000003,57.9538885,18.4013856,29.79151068687439,7.443063040000001,1.3379569500000001,0.25,0.65,0.1,3.51,4.8,6.34,7.75,9.41
2023-10-08 13:45:00,1467.30402,79.793688,20.5047648,48.412194633483885,6.402606700000001,1.10777505,0.25,0.65,0.1,3.43,4.73,6.37,7.98,12.76
2023-10-08 13:50:00,1487.0918,83.49939359999999,23.199284159999998,47.99407976150513,5.815677700000001,1.3049484,0.25,0.65,0.1,3.43,4.73,6.37,7.98,12.76
2023-10-08 13:55:00,1467.30067,52.800727599999995,12.6827376,33.39044944763184,7.389613,1.1240917499999998,0.25,0.65,0.1,3.43,4.73,6.37,7.98,12.76
2023-10-08 14:00:00,1526.6687000000002,58.412002,15.5009712,34.68855785369873,7.069455400000001,1.5842070000000001,0.25,0.65,0.1,3.49,4.89,6.3,10.39,15.8
2023-10-08 14:05:00,1882.8809,78.5556069,22.55330688,44.03892677307129,7.65632056,1.3540505999999999,0.25,0.65,0.1,3.49,4.89,6.3,10.39,15.8
2023-10-08 14:10:00,1797.12358,52.96636279999999,13.274064959999999,32.6510880279541,4.98859326,1.0088762999999998,0.25,0.65,0.1,3.49,4.89,6.3,10.39,15.8
2023-10-08 14:15:00,1651.9989,19.357162399999996,4.627219584,12.275439848899842,3.28125364,1.0745524499999999,0.25,0.65,0.1,3.63,5.09,6.68,9.84,13.83
2023-10-08 14:20:00,1632.2071,58.45132889999999,20.573891519999997,26.96404306411743,4.24160142,1.46887125,0.25,0.65,0.1,3.63,5.09,6.68,9.84,13.83
2023-10-08 14:25:00,1770.7329500000003,65.44460289999999,21.577483200000003,32.42137275695801,8.243076660000002,1.1072997,0.25,0.65,0.1,3.63,5.09,6.68,9.84,13.83
2023-10-08 14:30:00,2845.9623500000002,51.8958842,17.31596256,25.394690599441528,16.139289320000003,1.27155165,0.25,0.82,0.09,3.58,4.84,6.24,8.61,10.8
2023-10-08 14:35:00,1533.2554700000003,30.8716547,6.2496919680000005,21.306821813583372,10.990675780000002,1.041459,0.25,0.65,0.1,3.58,4.84,6.24,8.61,10.8
2023-10-08 14:40:00,1454.0963100000001,42.011023,10.827511968,25.440071897506712,5.2285518600000005,0.79495365,0.25,0.65,0.1,3.58,4.84,6.24,8.61,10.8
2023-10-08 14:45:00,1546.44509,36.566052299999996,9.0404808,22.730059394836424,4.1081306,0.8606231999999999,0.25,0.65,0.1,3.51,4.68,5.96,7.62,9.85
2023-10-08 14:50:00,1513.46166,28.2104708,8.119510464,15.783977584838867,3.2544807400000004,0.76200105,0.25,0.65,0.1,3.51,4.68,5.96,7.62,9.85
2023-10-08 14:55:00,1500.26735,25.006044699999997,6.552439296,14.977872104644774,3.62792878,0.5483901,0.25,0.65,0.1,3.51,4.68,5.96,7.62,9.85
2023-10-08 15:00:00,1493.6691899999998,20.084604999999996,5.686464576,11.381763072013854,1.9473357260000002,0.61406145,0.21,1.01,0.12,3.92,5.24,6.34,10.38,16.64
2023-10-08 15:05:00,1473.8787300000004,20.8378326,6.016469472,11.62993396282196,1.653894634,0.51545985,0.25,0.65,0.1,3.92,5.24,6.34,10.38,16.64
2023-10-08 15:10:00,1487.07036,18.57573747,5.274218975999999,10.50381601333618,1.4138070240000002,0.25,0.25,0.65,0.1,3.92,5.24,6.34,10.38,16.64
2023-10-08 15:15:00,1473.87605,13.486788859999999,3.7071627840000003,7.813166246414184,1.333774806,0.25,0.25,0.65,0.1,3.58,4.77,5.73,8.84,12.01
2023-10-08 15:20:00,1454.08425,11.978530619999999,2.772464448,7.735416574478149,1.3604444980000001,0.25,0.25,0.65,0.1,3.58,4.77,5.73,8.84,12.01
2023-10-08 15:25:00,1467.27655,9.42329442,2.195185824,6.063674764633179,1.3337633680000003,0.25,0.25,0.65,0.1,3.58,4.77,5.73,8.84,12.01
2023-10-08 15:30:00,1467.2752100000002,10.34403857,2.772632928,6.100666151046752,1.200381924,0.5481216,0.22,1.14,0.11,3.48,4.62,5.93,7.56,9.95
2023-10-08 15:35:00,1487.0629900000001,14.11257362,3.7624828800000003,8.354286403656005,1.20037687,0.5480832,0.25,0.65,0.1,3.48,4.62,5.93,7.56,9.95
2023-10-08 15:40:00,1493.6584699999999,14.36324775,3.88628448,8.41548758506775,1.013647264,0.5808898499999999,0.25,0.65,0.1,3.48,4.62,5.93,7.56,9.95
2023-10-08 15:45:00,1506.8494300000002,13.12721035,3.034073952,8.48371618270874,1.0669925,0.5480067,0.25,0.65,0.1,3.31,4.37,5.52,7.83,10.92
2023-10-08 15:50:00,1506.8480900000002,10.06943214,1.824452448,7.27720144033432,1.28038568,0.5479683,0.25,0.65,0.1,3.31,4.37,5.52,7.83,10.92
2023-10-08 15:55:00,1526.63587,9.356891359999999,1.4808730559999999,7.090491752624511,1.093658202,0.25,0.25,0.65,0.1,3.31,4.37,5.52,7.83,10.92
2023-10-08 16:00:00,1500.2492599999998,8.85374388,1.233521952,6.965901746749878,1.040304454,0.25,0.22,1.28,0.19,3.43,4.71,6.14,8.1,9.44
2023-10-08 16:05:00,1539.82616,7.82711124,1.08239664,6.170558249950409,0.960277024,0.64636965,0.25,0.65,0.1,3.43,4.71,6.14,8.1,9.44
2023-10-08 16:10:00,1572.80691,8.685037399999999,1.1649634464,6.902120840549468,1.093644104,0.5970712499999999,0.25,0.65,0.1,3.43,4.71,6.14,8.1,9.44
2023-10-08 16:15:00,1559.6126000000002,10.003625,1.1513044608,8.241612768173217,1.066965368,0.6298675499999999,0.25,0.65,0.1,3.92,5.17,6.54,8.48,11.62
2023-10-08 16:20:00,1553.0144400000001,10.714968209999999,1.275110304,8.763477659225464,1.200330852,0.67907865,0.25,0.65,0.1,3.92,5.17,6.54,8.48,11.62
2023-10-08 16:25:00,1566.20607,10.777190280000001,1.371423456,8.67829710483551,1.093630272,0.69545235,0.25,0.65,0.1,3.92,5.17,6.54,8.48,11.62
2023-10-08 16:30:00,1553.01176,12.72395587,1.6326935040000001,10.22520209312439,1.1202994320000002,0.6461595,0.2,0.53,0.12,3.84,5.08,6.3,9.31,12.92
2023-10-08 16:35:00,1493.64306,14.000659079999998,1.729005408,11.35450496673584,1.1202946440000001,0.5640391499999999,0.25,0.65,0.1,3.84,5.08,6.3,9.31,12.92
2023-10-08 16:40:00,1506.83402,10.83821096,1.495402272,8.54957498550415,1.200310636,0.61324545,0.25,0.65,0.1,3.84,5.08,6.3,9.31,12.92
2023-10-08 16:45:00,1473.85059,9.371856209999999,1.495488384,7.083088192939758,1.093611652,0.67886235,0.25,0.65,0.1,3.75,5.14,6.46,10.19,13.41
2023-10-08 16:50:00,1487.0422200000003,11.0464086,1.88047392,8.168439660072327,0.9869137320000001,0.5803362,0.25,0.65,0.1,3.75,5.14,6.46,10.19,13.41
2023-10-08 16:55:00,1440.86649,13.55852655,1.660618752,11.017034158706664,1.093602342,0.6459495,0.25,0.65,0.1,3.75,5.14,6.46,10.19,13.41
2023-10-08 17:00:00,1447.4613000000002,13.59980547,1.3995246719999999,11.457905254364013,0.906886036,0.62949495,0.23,0.59,0.12,3.79,4.97,6.16,8.77,10.57
2023-10-08 17:05:00,1500.2311700000002,16.740101409999998,2.0319424319999997,13.630317683219909,0.826863128,0.89204535,0.25,0.65,0.1,3.79,4.97,6.16,8.77,10.57
2023-10-08 17:10:00,1487.0368600000002,26.0365279,4.506360768,19.13977466583252,1.040242742,1.0396965,0.25,0.65,0.1,3.79,4.97,6.16,8.77,10.57
2023-10-08 17:15:00,1467.2464,25.679949999999998,3.860368512,19.771852321624756,1.04023822,1.0396398,0.25,0.65,0.1,3.76,5.0,6.46,8.74,10.41
2023-10-08 17:20:00,1467.2450600000002,23.5854249,2.5820496,19.63373025894165,1.066906582,0.9739424999999999,0.25,0.65,0.1,3.76,5.0,6.46,8.74,10.41
2023-10-08 17:25:00,1487.03284,24.673647399999997,2.444671008,20.932204790115357,1.040229442,0.9082503000000001,0.25,0.65,0.1,3.76,5.0,6.46,8.74,10.41
2023-10-08 17:30:00,1533.2052199999998,28.316475799999996,2.169832704,24.99565794944763,1.0135525680000002,1.15433205,0.31,0.82,0.17,3.97,5.43,6.74,11.94,19.22
2023-10-08 17:35:00,2146.6605700000005,33.655345999999994,3.393328224,28.462030277252197,1.066893016,1.580886,0.25,0.65,0.1,3.97,5.43,6.74,11.94,19.22
2023-10-08 17:40:00,2054.31045,34.157255799999994,7.338556992,22.925972757339476,1.066888494,1.843332,0.25,0.65,0.1,3.97,5.43,6.74,11.94,19.22
2023-10-08 17:45:00,2021.3270200000002,22.0119287,1.510275936,19.700528964996337,0.9068514560000001,1.3510331999999998,0.25,0.65,0.1,4.05,5.39,6.67,10.1,12.97
2023-10-08 17:50:00,1704.7031100000002,27.350798899999997,3.668500992,21.736346673965453,0.8801753800000001,1.07205525,0.25,0.65,0.1,4.05,5.39,6.67,10.1,12.97
2023-10-08 17:55:00,1460.6395300000001,44.7296597,10.871532672,28.091336803436278,1.36026548,0.6454458,0.25,0.65,0.1,4.05,5.39,6.67,10.1,12.97
2023-10-08 18:00:00,1467.23434,32.5634181,8.16362976,20.06940092086792,0.986855212,0.25,0.88,2.06,0.33,3.93,5.11,6.26,8.73,10.75
2023-10-08 18:05:00,1467.2330000000002,13.36166285,1.7580526079999999,10.671053218841552,1.066865884,0.6289575,0.25,0.65,0.1,3.93,5.11,6.26,8.73,10.75
2023-10-08 18:10:00,1506.8085600000002,18.97273288,3.806295168,13.147392292022705,0.906832038,0.5961081,0.25,0.65,0.1,3.93,5.11,6.26,8.73,10.75
2023-10-08 18:15:00,1447.4412,19.1605852,4.7823434879999995,11.841454091072082,0.826813918,0.7272948,0.25,0.65,0.1,3.91,5.11,6.45,8.41,10.0
2023-10-08 18:20:00,1480.42128,19.7672012,2.51433936,15.919134216308594,0.666782732,0.90768015,0.25,0.65,0.1,3.91,5.11,6.45,8.41,10.0
2023-10-08 18:25:00,1447.4385200000002,25.776080299999997,2.8168358400000004,21.465057077407835,0.933491622,0.8420199,0.25,0.65,0.1,3.91,5.11,6.45,8.41,10.0
2023-10-08 18:30:00,1533.18847,19.3262777,2.170862304,16.00388398170471,0.800132256,1.23560685,0.24,0.72,0.15,4.08,5.3,6.37,10.04,14.2
2023-10-08 18:35:00,3116.2839,60.4498192,14.04740064,38.950993633270265,1.33354844,1.9243800000000002,0.25,0.65,0.1,4.08,5.3,6.37,10.04,14.2
2023-10-08 18:40:00,3729.72987,41.7088228,8.727816864,28.351347560882566,1.786947036,2.563902,0.25,0.65,0.1,4.08,5.3,6.37,10.04,14.2
2023-10-08 18:45:00,5952.6558700000005,59.7366252,12.65920032,40.362367668151855,2.1603299060000003,4.4333504999999995,0.25,0.65,0.1,4.19,5.43,6.7,9.68,12.85
2023-10-08 18:50:00,16546.185999999998,44.9740251,7.188433824,33.97249729156494,2.640392076,6.9914175,0.25,0.65,0.1,4.19,5.43,6.7,9.68,12.85
2023-10-08 18:55:00,10510.625000000002,22.3384432,2.7898528320000002,18.068716650009154,1.920277142,4.695357,0.25,0.65,0.1,4.19,5.43,6.7,9.68,12.85
2023-10-08 19:00:00,3353.7339100000004,43.4651824,7.930860288,31.32740550994873,3.12043536,2.4158654999999998,0.23,0.7,0.11,4.34,5.71,7.22,9.88,13.56
2023-10-08 19:05:00,3149.2479000000008,43.1923389,8.32956384,30.444370040893553,4.2139055,2.3501684999999997,0.25,0.65,0.1,4.34,5.71,7.22,9.88,13.56
2023-10-08 19:10:00,5194.06646,23.278869899999997,2.872581504,18.882530794143676,2.106943706,2.710788,0.25,0.65,0.1,4.34,5.71,7.22,9.88,13.56
2023-10-08 19:15:00,4435.499830000001,23.152638,2.075412768,19.976324996948243,2.2136150260000003,2.4811245,0.25,0.65,0.1,5.43,6.98,8.56,11.64,14.36
2023-10-08 19:20:00,2271.9472200000005,56.44474019999999,11.092674528,39.46796957015991,2.4002951560000003,1.759617,0.25,0.65,0.1,5.43,6.98,8.56,11.64,14.36
2023-10-08 19:25:00,2450.04193,54.8527361,9.896873376,39.706078395843505,2.400285048,1.907085,0.25,0.65,0.1,5.43,6.98,8.56,11.64,14.36
2023-10-08 19:30:00,2562.1751400000003,71.1634103,14.94160512,48.296054649353025,2.613632742,1.8906044999999998,0.33,1.59,0.37,6.28,7.98,9.35,12.79,16.74
2023-10-08 19:35:00,5240.2174,69.82268579999999,15.051628800000001,46.786941604614256,3.06700394,2.61183,0.25,0.65,0.1,6.28,7.98,9.35,12.79,16.74
2023-10-08 19:40:00,3591.1718600000004,63.5194757,11.395360704,46.07946403503418,3.89374524,2.447784,0.25,0.65,0.1,6.28,7.98,9.35,12.79,16.74
2023-10-08 19:45:00,3775.8607100000004,61.027135799999996,9.37483248,46.679435615539546,4.16042354,1.9559054999999999,0.25,0.65,0.1,5.56,7.01,8.33,11.12,15.19
2023-10-08 19:50:00,4026.5110600000007,43.6473582,4.77014304,36.34690057754516,3.2536508200000003,3.1360140000000003,0.25,0.65,0.1,5.56,7.01,8.33,11.12,15.19
2023-10-08 19:55:00,19421.9131,33.7217758,4.014220704,27.57821702003479,2.560238828,8.889137999999999,0.25,0.65,0.1,5.56,7.01,8.33,11.12,15.19
2023-10-08 20:00:00,13023.6409,20.9904607,2.5710235200000002,17.055641193389892,2.2668684920000004,8.413465500000001,0.28,0.86,0.17,5.91,7.47,9.04,11.94,15.2
2023-10-08 20:05:00,12350.8202,15.587681899999998,1.5814344,13.167377986907958,2.13351418,7.0363875,0.25,0.65,0.1,5.91,7.47,9.04,11.94,15.2
2023-10-08 20:10:00,9534.2675,17.82751216,1.815193536,15.049452295303345,1.920154782,5.6594115,0.25,0.65,0.1,5.91,7.47,9.04,11.94,15.2
2023-10-08 20:15:00,8300.7774,13.82763218,1.251716544,11.911944103240966,1.78680313,4.364482499999999,0.25,0.65,0.1,6.02,7.72,9.41,12.93,17.93
2023-10-08 20:20:00,5609.55959,11.586602439999998,1.1555857248,9.818038187026977,1.600115286,2.9549355,0.25,0.65,0.1,6.02,7.72,9.41,12.93,17.93
2023-10-08 20:25:00,3802.21851,37.6545422,10.076436864,22.23307279586792,1.600108636,2.856483,0.25,0.65,0.1,6.02,7.72,9.41,12.93,17.93
2023-10-08 20:30:00,2957.91399,117.07388929999999,32.78387424,66.89985130310059,2.586831114,1.9387005,0.42,1.77,0.47,6.29,7.91,9.37,14.17,22.41
2023-10-08 20:35:00,1968.49484,18.76672601,3.1351794240000004,13.968494329452515,2.74683038,1.152075,0.25,0.65,0.1,6.29,7.91,9.37,14.17,22.41
2023-10-08 20:40:00,2100.4151600000005,10.244137929999999,0.564885984,9.379608836174011,2.613477398,0.9717735000000001,0.25,0.65,0.1,6.29,7.91,9.37,14.17,22.41
2023-10-08 20:45:00,2074.02922,12.693346209999998,1.362201984,10.608566045761108,2.3734538940000003,1.6435005,0.25,0.65,0.1,6.46,8.0,9.42,14.01,21.83
2023-10-08 20:50:00,8465.6309,13.467471119999999,1.2385815936,11.571885828971862,2.026761464,5.5101135,0.25,0.65,0.1,6.46,8.0,9.42,14.01,21.83
2023-10-08 20:55:00,5635.9086800000005,10.43079077,0.5376604896,9.607928824424743,1.8667457060000001,5.1494475,0.25,0.65,0.1,6.46,8.0,9.42,14.01,21.83
2023-10-08 21:00:00,4052.8460800000003,9.8229772,0.25,9.189307570457458,1.786734768,3.3470999999999997,0.29,0.93,0.28,6.74,8.72,11.0,14.66,17.51
2023-10-08 21:05:00,1988.27257,9.7595652,0.565327776,8.894360098838806,1.760059756,1.6923300000000001,0.25,0.65,0.1,6.74,8.72,11.0,14.66,17.51
2023-10-08 21:10:00,1928.9065500000002,11.78999452,0.6203967744000001,10.840509033203125,1.600047456,1.4137581000000001,0.25,0.65,0.1,6.74,8.72,11.0,14.66,17.51
2023-10-08 21:15:00,2575.31853,13.79948069,0.8404076927999999,12.513280000686645,1.6000405400000002,2.331036,0.25,0.65,0.1,6.62,8.4,10.25,14.06,18.6
2023-10-08 21:20:00,10932.510600000001,18.30063444,1.637714208,15.794196300506592,1.6000338900000002,5.0009685,0.25,0.65,0.1,6.62,8.4,10.25,14.06,18.6
2023-10-08 21:25:00,6955.0891,16.478389389999997,0.8268384383999999,15.212955389022827,1.44002425,4.1162445,0.25,0.65,0.1,6.62,8.4,10.25,14.06,18.6
2023-10-08 21:30:00,2449.9863200000004,13.357970819999998,0.25,12.723487725257874,1.3866843340000001,1.8884760000000003,0.25,0.65,0.1,6.73,8.47,10.49,13.67,16.63
2023-10-08 21:35:00,6018.43915,13.31549624,0.25,12.954347820281981,1.253343854,3.4116150000000003,0.25,0.65,0.1,6.73,8.47,10.49,13.67,16.63
2023-10-08 21:40:00,6308.659030000001,11.807333499999999,0.25,11.551228904724121,1.2000050020000002,3.2313089999999995,0.25,0.65,0.1,6.73,8.47,10.49,13.67,16.63
2023-10-08 21:45:00,3393.21165,11.325154,0.25,11.110985321998596,0.906666586,1.39688565,0.25,0.65,0.1,6.91,8.51,10.12,13.66,16.13
2023-10-08 21:50:00,2238.9055,13.31369129,0.25,13.120422897338866,1.013328862,1.3804386,0.25,0.65,0.1,6.91,8.51,10.12,13.66,16.13
2023-10-08 21:55:00,2271.8835700000004,12.99901688,0.25,12.868720083236694,1.039991106,1.5441314999999998,0.25,0.65,0.1,6.91,8.51,10.12,13.66,16.13
2023-10-08 22:00:00,6295.44462,11.21866577,0.25,10.688548898696899,1.0666530840000001,3.9185325,0.25,1.07,0.33,6.98,8.6,10.29,13.56,16.4
2023-10-08 22:05:00,13293.7983,10.548043759999999,0.25,9.828467288017272,0.9333173920000001,6.5220045,0.25,0.65,0.1,6.98,8.6,10.29,13.56,16.4
2023-10-08 22:10:00,9138.3109,26.690817499999998,2.87562288,22.28982400894165,1.039977806,5.539275,0.25,0.65,0.1,6.98,8.6,10.29,13.56,16.4
2023-10-08 22:15:00,5972.22523,40.4675329,4.26394176,33.941786499023436,1.0666395180000001,3.8034209999999997,0.25,0.65,0.1,7.63,9.69,11.55,16.36,21.46
2023-10-08 22:20:00,6539.474700000001,25.3286055,1.748712576,22.652291507720946,1.066634996,3.492171,0.25,0.65,0.1,7.63,9.69,11.55,16.36,21.46
2023-10-08 22:25:00,6130.51809,20.386576,1.0615556640000001,18.761918983459474,1.066630474,3.1645695000000003,0.25,0.65,0.1,7.63,9.69,11.55,16.36,21.46
2023-10-08 22:30:00,6051.360270000001,27.358381599999998,1.309049664,25.354948720932004,1.066625952,2.6405279999999998,0.32,1.24,0.33,7.98,9.52,11.25,13.91,16.21
2023-10-08 22:35:00,5800.709250000001,19.757230999999997,0.8418138144,18.46887864112854,1.06662143,2.2966125,0.25,0.65,0.1,7.98,9.52,11.25,13.91,16.21
2023-10-08 22:40:00,4428.74355,15.757442699999999,0.7456882368,14.616206073760985,1.066616908,2.3619915000000002,0.25,0.65,0.1,7.98,9.52,11.25,13.91,16.21
2023-10-08 22:45:00,2172.9232300000003,15.317139949999998,0.7182868992,14.217839188575745,1.013281514,1.41241575,0.25,0.65,0.1,7.98,9.75,11.41,14.48,16.88
2023-10-08 22:50:00,2990.8197000000005,13.829935639999999,0.6496512672,12.83567774772644,0.826621068,1.5924105,0.25,0.65,0.1,7.98,9.75,11.41,14.48,16.88
2023-10-08 22:55:00,2364.2022,14.60404527,0.25,13.946221718788147,0.7999524400000001,1.3631674500000002,0.25,0.65,0.1,7.98,9.75,11.41,14.48,16.88
2023-10-08 23:00:00,2008.0188100000003,14.87563581,0.5673593952,14.007320895195006,0.7999489820000001,1.1994156,0.34,1.52,0.41,11.34,13.07,14.75,18.02,20.58
2023-10-08 23:05:00,2008.01747,19.397635299999997,1.1034899616,17.708801097869873,0.79994579,1.03567575,0.25,0.65,0.1,11.34,13.07,14.75,18.02,20.58
2023-10-08 23:10:00,2172.91318,19.5435975,0.5812808352000001,18.65397765159607,0.7466127899999999,1.03561935,0.25,0.65,0.1,11.34,13.07,14.75,18.02,20.58
2023-10-08 23:15:00,2100.35687,17.80514797,0.25,17.50438488960266,0.746609598,1.1664948,0.25,0.65,0.1,9.38,11.25,13.42,17.45,24.14
2023-10-08 23:20:00,2740.15863,16.8832731,0.25,16.45616142272949,0.586619376,2.0174595,0.25,0.65,0.1,9.38,11.25,13.42,17.45,24.14
2023-10-08 23:25:00,4079.12549,14.45386579,0.25,14.068688745498656,0.7999322240000001,2.8519935,0.25,0.65,0.1,9.38,11.25,13.42,17.45,24.14
2023-10-08 23:30:00,3696.55884,10.83100453,0.25,10.235337929725647,0.7999287660000001,2.262741,0.31,1.84,0.26,9.61,11.45,13.23,17.0,20.3
2023-10-08 23:35:00,2641.2123600000004,10.327897160000001,0.9253357152,8.911718254089354,0.879917892,1.6244415,0.25,0.65,0.1,9.61,11.45,13.23,17.0,20.3
2023-10-08 23:40:00,2357.58662,9.72009696,1.0078905408,8.177571840286255,0.9865703259999999,1.5916365,0.25,0.65,0.1,9.61,11.45,13.23,17.0,20.3
2023-10-08 23:45:00,2832.4886500000002,9.51012302,1.1041895904,7.820217342376709,0.826582498,1.46065695,0.25,0.65,0.1,9.29,11.04,12.83,16.04,18.76
2023-10-08 23:50:00,2344.39097,10.43078886,1.571588928,8.025552506446838,0.87990672,1.1169786,0.25,0.65,0.1,9.29,11.04,12.83,16.04,18.76
2023-10-08 23:55:00,2060.7665700000002,8.420160509999999,0.994408896,6.898268785476684,0.826575316,1.0514728500000001,0.25,0.65,0.1,9.29,11.04,12.83,16.04,18.76
2023-10-09 00:00:00,1448.1601100000003,15.809830179999999,3.834815088,9.723842940330506,0.9660488250000001,0.667380825,0.31,2.0,0.26,9.29,11.04,12.83,16.04,18.76
2023-10-09 00:15:00,2258.63432,7.16150871,0.9535262879999999,5.70218542098999,0.7732348680000001,1.01852625,0.25,0.65,0.1,7.55,9.09,10.64,12.99,15.07
2023-10-09 00:20:00,2093.7359300000003,5.06713832,0.6787276703999999,4.028380286693573,0.799894718,0.87124395,0.25,0.65,0.1,7.55,9.09,10.64,12.99,15.07
2023-10-09 00:25:00,1796.9212400000001,4.857168199999999,0.25,4.196904850006104,0.7998912600000001,0.8711937,0.25,0.65,0.1,7.55,9.09,10.64,12.99,15.07
2023-10-09 00:30:00,1790.3230800000003,6.59440297,0.7338809087999999,5.471236071586609,1.01319134,0.8547857999999999,0.26,1.91,0.22,7.08,8.62,10.25,12.83,15.08
2023-10-09 00:35:00,1902.4509300000002,9.96477751,0.9813656735999999,8.462847962379454,0.853210162,0.7565962500000001,0.25,0.65,0.1,7.08,8.62,10.25,12.83,15.08
2023-10-09 00:40:00,1902.44892,9.105734,0.9677090592,7.624704713821411,0.773218376,0.7074819,0.25,0.65,0.1,7.08,8.62,10.25,12.83,15.08
2023-10-09 00:45:00,1678.18987,7.70231375,0.9128198976,6.3052900123596185,0.906528266,0.6256605,0.25,0.65,0.1,7.26,8.71,10.35,12.52,14.21
2023-10-09 00:50:00,1757.3383099999999,6.73858887,0.7342330944,5.614882798194885,0.773211992,0.7073937,0.25,0.65,0.1,7.26,8.71,10.35,12.52,14.21
2023-10-09 00:55:00,1790.31571,7.13580775,1.0504371072,5.528167614936828,0.9865075500000001,0.7073494499999999,0.25,0.65,0.1,7.26,8.71,10.35,12.52,14.21
2023-10-09 01:00:00,1750.7388099999998,6.486146079999999,0.7618975104,5.320101084709167,0.7732053420000001,0.74001255,0.24,1.1,0.16,7.37,8.95,10.63,13.38,15.67
2023-10-09 01:05:00,2007.97325,6.129612109999999,0.734497296,5.005501255989074,0.7998641280000001,0.8707912499999999,0.25,0.65,0.1,7.37,8.95,10.63,13.38,15.67
2023-10-09 01:10:00,1915.6305000000002,6.484958059999999,0.8307939744,5.213470335006714,0.773198692,0.9688554,0.25,0.65,0.1,7.37,8.95,10.63,13.38,15.67
2023-10-09 01:15:00,1862.86264,6.29592345,0.7621615871999999,5.129474222660065,0.799857478,0.98515335,0.25,0.65,0.1,7.16,8.59,10.3,11.85,13.15
2023-10-09 01:20:00,1948.6058900000003,6.169704919999999,0.5698329312,5.297604882717132,0.8265157320000001,0.9033429,0.25,0.65,0.1,7.16,8.59,10.3,11.85,13.15
2023-10-09 01:25:00,3538.18625,6.21098384,0.8173137024,4.96012678861618,0.879835698,1.2957048,0.25,0.65,0.1,7.16,8.59,10.3,11.85,13.15
2023-10-09 01:30:00,1763.92039,5.666015,0.5562655488,4.814679036140442,0.906493686,0.7724403,0.22,1.05,0.15,6.94,8.58,10.09,13.64,17.46
2023-10-09 01:35:00,1717.7486800000001,6.042294549999999,0.6663057024,5.022547931671142,0.826505358,0.6089004,0.25,0.65,0.1,6.94,8.58,10.09,13.64,17.46
2023-10-09 01:40:00,5589.45691,6.54420053,1.2436404864000001,4.640872526168823,0.63987231,1.9658039999999999,0.25,0.65,0.1,6.94,8.58,10.09,13.64,17.46
2023-10-09 01:45:00,7304.346700000001,7.44391367,1.3536793919999999,5.372176461219787,0.7198534560000001,3.077385,0.25,0.65,0.1,7.16,8.61,10.28,12.64,17.31
2023-10-09 01:50:00,4863.91525,11.149243,1.669876416,8.593582859039307,0.906478258,2.11275,0.25,0.65,0.1,7.16,8.61,10.28,12.64,17.31
2023-10-09 01:55:00,5437.74077,10.43677098,1.7249381759999998,7.796841802597045,0.8531521740000001,2.4232424999999997,0.25,0.65,0.1,7.16,8.61,10.28,12.64,17.31
2023-10-09 02:00:00,5345.39534,6.96056716,1.1752698047999999,5.161876749992371,0.799826888,2.8971765,0.26,1.22,0.17,7.31,8.83,10.34,13.07,15.6
2023-10-09 02:05:00,9995.381600000002,7.1274706,1.6151603520000002,4.655550317764282,0.79982343,4.351815,0.25,0.65,0.1,7.31,8.83,10.34,13.07,15.6
2023-10-09 02:10:00,12277.495400000002,7.60843534,1.793917632,4.862936511039734,0.586534788,7.37547,0.25,0.65,0.1,7.31,8.83,10.34,13.07,15.6
2023-10-09 02:15:00,12838.117900000003,6.05847798,0.873168192,4.722138638496399,0.746495484,10.170075,0.25,0.65,0.1,7.07,8.75,10.45,13.64,16.47
2023-10-09 02:20:00,20284.6654,6.288193679999999,1.17561912,4.488968858718872,0.719832176,15.056474999999999,0.25,0.65,0.1,7.07,8.75,10.45,13.64,16.47
2023-10-09 02:25:00,18391.6809,6.41322228,1.395605952,4.277318947315216,0.7731497480000001,10.9864395,0.25,0.65,0.1,7.07,8.75,10.45,13.64,16.47
2023-10-09 02:30:00,12185.109100000001,6.307941169999999,1.299487488,4.319142365455627,0.7464861740000001,6.3120270000000005,0.24,1.23,0.3,6.85,8.41,10.13,12.7,15.7
2023-10-09 02:35:00,12402.758600000001,5.61641612,1.2033684,3.7747225284576413,0.533202054,6.001275,0.25,0.65,0.1,6.85,8.41,10.13,12.7,15.7
2023-10-09 02:40:00,14876.130600000002,4.7992703699999995,1.0522752864,3.1888171648979187,0.6398398580000001,6.409566,0.25,0.65,0.1,6.85,8.41,10.13,12.7,15.7
2023-10-09 02:45:00,10140.416500000001,4.484618879999999,0.9149261472,3.084371553659439,0.586517232,4.4484165,0.25,0.65,0.1,7.45,9.06,10.96,12.17,13.01
2023-10-09 02:50:00,6822.784200000001,5.27963919,1.3960415039999998,3.1430692863464356,0.7997931060000001,2.5364325,0.25,0.65,0.1,7.45,9.06,10.96,12.17,13.01
2023-10-09 02:55:00,6783.200600000001,5.5721652399999995,1.780949664,2.8465129590034484,0.7731297979999999,2.7487335,0.25,0.65,0.1,7.45,9.06,10.96,12.17,13.01
2023-10-09 03:00:00,7172.3433,4.25252905,1.1900613504,2.4312011754512786,0.7198074380000001,2.846649,0.32,2.7,0.8,7.18,8.84,10.48,13.63,16.24
2023-10-09 03:05:00,5642.139010000001,4.52411959,1.0802000351999999,2.8709288132190705,0.799782732,2.519757,0.25,0.65,0.1,7.18,8.84,10.48,13.63,16.24
2023-10-09 03:10:00,6031.27702,5.27726315,0.9016214687999999,3.897377626895904,0.7997795400000001,2.8790745,0.25,0.65,0.1,7.18,8.84,10.48,13.63,16.24
2023-10-09 03:15:00,9513.7789,5.06729876,0.7505302272,3.9186506795883176,0.6664800240000001,5.3621895,0.25,0.65,0.1,7.23,8.96,10.63,13.47,18.56
2023-10-09 03:20:00,14711.136400000001,5.19232736,1.327845792,3.1601275742053985,0.799772624,8.171847,0.25,0.65,0.1,7.23,8.96,10.63,13.47,18.56
2023-10-09 03:25:00,9381.8492,5.5895386,1.602802656,3.1365314030647276,0.7997691660000001,7.3710675,0.25,0.65,0.1,7.23,8.96,10.63,13.47,18.56
2023-10-09 03:30:00,25072.853900000002,6.5311113,1.45171104,4.309342143535614,0.7464481360000002,15.73443,0.22,1.37,0.39,7.31,9.05,10.94,14.22,19.05
2023-10-09 03:35:00,17204.246600000002,5.67209835,1.1082118944000001,3.9760371470451354,0.799762516,11.862513,0.25,0.65,0.1,7.31,9.05,10.94,14.22,19.05
2023-10-09 03:40:00,12409.217400000001,4.62465244,1.0945559040000001,2.949490654468536,0.7464417520000001,10.620663,0.25,0.65,0.1,7.31,9.05,10.94,14.22,19.05
2023-10-09 03:45:00,34893.6603,4.87530365,0.8747490335999999,3.536545168161392,0.5331704,17.921295,0.25,0.65,0.1,7.64,9.27,11.06,13.66,15.9
2023-10-09 03:50:00,18483.7523,5.12595486,1.1222175744,3.4084585309028625,0.693118594,13.9027335,0.25,0.65,0.1,7.64,9.27,11.06,13.66,15.9
2023-10-09 03:55:00,13286.4015,4.62287232,1.0948182336,2.9473091590404508,0.533165878,9.1658535,0.25,0.65,0.1,7.64,9.27,11.06,13.66,15.9
2023-10-09 04:00:00,10377.7305,4.72696541,0.7513224576,3.577104680538177,0.53316375,7.385346,0.3,1.57,0.67,7.53,9.2,10.82,13.78,16.42
2023-10-09 04:05:00,9817.0946,6.5269475,1.1911962816,4.703882474899292,0.533161356,7.8259905,0.25,0.65,0.1,7.53,9.2,10.82,13.78,16.42
2023-10-09 04:10:00,5041.87663,7.887255229999999,1.576095456,5.475122280120849,0.6664489020000001,3.873726,0.25,0.65,0.1,7.53,9.2,10.82,13.78,16.42
2023-10-09 04:15:00,4586.77645,8.43101695,2.015966784,5.345683393478393,0.826393106,1.669044,0.25,0.65,0.1,7.73,9.61,11.47,14.49,17.01
2023-10-09 04:20:00,4217.41952,5.3526986,1.3563775679999999,3.2768322288990017,0.25,2.746689,0.25,0.65,0.1,7.73,9.61,11.47,14.49,17.01
2023-10-09 04:25:00,9869.816900000002,4.07495635,0.8067354047999999,2.8402892875671384,0.25,4.020195,0.25,0.65,0.1,7.73,9.61,11.47,14.49,17.01
2023-10-09 04:30:00,4989.094700000001,3.48812986,0.7793369376,2.29539471745491,0.533150184,1.9953615,0.29,1.7,0.85,7.49,9.27,11.2,13.56,15.26
2023-10-09 04:35:00,3617.21342,5.09967326,1.562785536,2.707910243272781,0.506490334,1.2278853,0.25,0.65,0.1,7.49,9.27,11.2,13.56,15.26
2023-10-09 04:40:00,3017.0146900000004,6.71121666,2.1400841280000003,3.4359277045726775,0.533145662,1.0808811,0.25,0.65,0.1,7.49,9.27,11.2,13.56,15.26
2023-10-09 04:45:00,2383.83923,5.95689654,1.411783776,3.7962337446212766,0.533143268,0.8522575499999999,0.25,0.65,0.1,7.93,9.71,11.76,13.97,15.59
2023-10-09 04:50:00,2858.7158000000004,6.060985809999999,1.315669056,4.047421979904175,0.586455254,0.98281215,0.25,0.65,0.1,7.93,9.71,11.76,13.97,15.59
2023-10-09 04:55:00,2383.83454,7.588775709999999,1.384472544,5.469911828041076,0.639766442,0.9501079499999999,0.25,0.65,0.1,7.93,9.71,11.76,13.97,15.59
2023-10-09 05:00:00,2680.6318100000003,8.13253361,1.2471287711999999,6.223867249488831,0.533136618,0.7868119499999999,0.25,0.65,0.1,8.43,10.19,11.98,14.08,16.77
2023-10-09 05:05:00,2423.40407,10.76996475,1.467103872,8.524636583328247,0.533134224,1.0316200500000001,0.25,0.65,0.1,8.43,10.19,11.98,14.08,16.77
2023-10-09 05:10:00,2680.62645,12.86303825,1.8382528319999998,10.04968608856201,0.533132096,1.2274406999999998,0.25,0.65,0.1,8.43,10.19,11.98,14.08,16.77
2023-10-09 05:15:00,3221.45715,20.0646646,4.5044775360000004,13.170793333053588,0.559786094,1.651761,0.25,0.65,0.1,8.24,10.04,11.66,15.22,19.83
2023-10-09 05:20:00,1856.1827400000002,16.232643059999997,2.4980866560000003,12.409449834823608,0.25,0.8845549500000001,0.25,0.65,0.1,8.24,10.04,11.66,15.22,19.83
2023-10-09 05:25:00,2397.01277,13.48933871,1.975940928,10.465261764526367,0.25,0.8355405,0.25,0.65,0.1,8.24,10.04,11.66,15.22,19.83
2023-10-09 05:30:00,3465.4812000000006,16.25237336,2.814344832,11.94516312599182,0.74637206,1.4883168,0.25,1.41,0.27,8.24,10.02,11.9,14.15,16.51
2023-10-09 05:35:00,2357.4358700000003,12.88097506,1.8386833919999999,10.066965007781983,0.79968112,1.4882433,0.25,0.65,0.1,8.24,10.02,11.9,14.15,16.51
2023-10-09 05:40:00,3478.6661300000005,13.068806369999999,1.618884384,10.591186943054199,0.7197098160000001,1.7656005000000001,0.25,0.65,0.1,8.24,10.02,11.9,14.15,16.51
2023-10-09 05:45:00,3049.9565800000005,14.575637839999999,1.399085376,12.434410095214844,0.74636275,2.4019485,0.25,0.65,0.1,8.45,10.34,12.61,15.06,18.11
2023-10-09 05:50:00,3472.0646199999996,17.50615466,1.921399584,14.565551481246947,0.5864251960000001,3.266706,0.25,0.65,0.1,8.45,10.34,12.61,15.06,18.11
2023-10-09 05:55:00,6288.327880000001,19.7876382,2.512426176,15.94249882698059,0.5331116140000001,4.1150804999999995,0.25,0.65,0.1,8.45,10.34,12.61,15.06,18.11
2023-10-09 06:00:00,2304.6613100000004,17.756185119999998,1.1932038144,15.93004693031311,0.773008502,1.928436,0.26,1.26,0.25,8.25,10.19,12.11,15.03,18.67
2023-10-09 06:05:00,1948.5047200000001,26.8420322,2.704995072,22.70217559814453,0.7996606380000001,1.12884435,0.25,0.65,0.1,8.25,10.19,12.11,15.03,18.67
2023-10-09 06:10:00,1842.9757000000002,30.4006105,2.416482432,26.702307329177856,0.9062782260000001,1.0472058,0.25,0.65,0.1,8.25,10.19,12.11,15.03,18.67
2023-10-09 06:15:00,2060.62319,30.7559278,2.279138784,27.267821254730222,0.559757632,1.1287248,0.25,0.65,0.1,8.21,10.37,12.3,17.36,22.68
2023-10-09 06:20:00,2410.17961,32.5349018,3.7771780799999997,26.75412405014038,0.6930302819999999,1.5202140000000002,0.25,0.65,0.1,8.21,10.37,12.3,17.36,22.68
2023-10-09 06:25:00,2106.78753,28.765726899999997,3.3787241279999995,23.594763107299805,0.533098048,1.4222557500000002,0.25,0.65,0.1,8.21,10.37,12.3,17.36,22.68
2023-10-09 06:30:00,2113.3810000000003,23.489141800000002,2.279395872,20.00064408302307,0.5330959200000001,1.6342575,0.39,2.44,0.45,8.43,10.64,12.84,18.25,25.52
2023-10-09 06:35:00,2027.6390900000001,30.753463899999996,5.000520096000001,23.10042499542236,0.639712178,1.748367,0.25,0.65,0.1,8.43,10.64,12.84,18.25,25.52
2023-10-09 06:40:00,1724.24768,34.8773258,6.017553984,25.667767105102538,0.639709518,1.1610501,0.25,0.65,0.1,8.43,10.64,12.84,18.25,25.52
2023-10-09 06:45:00,2146.35237,39.001149500000004,6.938385792,28.382306079864502,0.533089004,1.12836645,0.25,0.65,0.1,8.48,10.38,12.37,16.44,19.34
2023-10-09 06:50:00,1961.6789300000003,48.735942,10.429072992,32.77477638244629,0.826284578,1.2261716999999999,0.25,0.65,0.1,8.48,10.38,12.37,16.44,19.34
2023-10-09 06:55:00,1796.79193,52.9644528,12.627950400000001,33.638022880554196,0.7996268559999999,1.35659055,0.25,0.65,0.1,8.48,10.38,12.37,16.44,19.34
2023-10-09 07:00:00,1777.0048199999999,59.4959461,16.00867008,34.99549819946289,1.066164442,1.35652215,0.54,2.5,0.6,8.64,10.93,13.22,19.71,28.19
2023-10-09 07:05:00,1862.7433800000001,60.6677502,16.25611104,35.7886053276062,1.146121914,1.4543080499999999,0.25,0.65,0.1,8.64,10.93,13.22,19.71,28.19
2023-10-09 07:10:00,1783.5962800000002,58.5525398,13.837487040000001,37.37497623443603,0.986193936,1.42161975,0.25,0.65,0.1,8.64,10.93,13.22,19.71,28.19
2023-10-09 07:15:00,1770.40398,65.0630613,17.89156512,37.68094024658203,0.826267022,1.27477815,0.25,0.65,0.1,8.68,11.0,13.4,18.42,23.49
2023-10-09 07:20:00,1895.7147500000003,63.59688799999999,18.82611744,34.78447898864746,0.9328782260000001,1.3725564000000001,0.25,0.65,0.1,8.68,11.0,13.4,18.42,23.49
2023-10-09 07:25:00,1783.5915900000002,68.0347348,22.68777888,33.31225532531738,0.8795670380000001,1.42140735,0.25,0.65,0.1,8.68,11.0,13.4,18.42,23.49
2023-10-09 07:30:00,1763.80381,62.883770399999996,19.6920048,32.74616397857666,1.465938768,1.2745826999999998,0.6,2.51,0.49,9.41,12.18,14.76,23.3,32.09
2023-10-09 07:35:00,1823.16045,60.7267119,17.65818912,33.7017614364624,1.146092654,1.19299065,0.25,0.65,0.1,9.41,12.18,14.76,23.3,32.09
2023-10-09 07:40:00,1730.8244000000002,55.282677099999994,14.78610432,32.65330299377441,1.119434666,1.6983764999999997,0.25,0.65,0.1,9.41,12.18,14.76,23.3,32.09
2023-10-09 07:45:00,1744.01268,104.6285585,41.033965439999996,41.828179588317866,1.945675886,1.7309040000000002,0.25,0.65,0.1,9.11,11.87,14.95,21.88,29.64
2023-10-09 07:50:00,1704.4391300000002,82.7705185,26.618342400000003,42.0325101852417,1.519219898,1.58409,0.25,0.65,0.1,9.11,11.87,14.95,21.88,29.64
2023-10-09 07:55:00,1671.46106,72.2180741,21.72613248,38.96733993530273,1.226032038,1.30686255,0.25,0.65,0.1,9.11,11.87,14.95,21.88,29.64
2023-10-09 08:00:00,1796.77116,59.8441773,15.61090752,35.95248001098633,0.95949924,1.062261,0.81,4.74,0.65,9.34,12.37,15.35,23.63,33.14
2023-10-09 08:05:00,1651.67261,45.5860655,9.688070496,30.758971691131592,1.0661056560000002,1.0296003,0.25,0.65,0.1,9.34,12.37,15.35,23.63,33.14
2023-10-09 08:10:00,1645.07512,42.3612979,7.9841136960000005,30.14201992034912,0.9061859240000001,1.02954435,0.25,0.65,0.1,9.34,12.37,15.35,23.63,33.14
2023-10-09 08:15:00,1585.7158000000002,33.9653199,4.7272967040000005,26.73043520927429,0.77292019,0.9968871000000001,0.25,0.65,0.1,9.75,12.34,15.08,20.56,29.97
2023-10-09 08:20:00,1671.45369,28.353835399999998,3.82039632,22.506916160583494,0.7196121940000001,1.06203225,0.25,0.65,0.1,9.75,12.34,15.08,20.56,29.97
2023-10-09 08:25:00,2060.57495,26.552705399999997,4.397648736,19.822330226898192,0.6929568660000001,1.273866,0.25,0.65,0.1,9.75,12.34,15.08,20.56,29.97
2023-10-09 08:30:00,2106.73996,24.1653964,4.48018272,17.308704681396485,0.559693526,1.4693853,0.79,4.84,0.91,9.4,12.28,15.07,22.12,29.48
2023-10-09 08:35:00,2093.54766,27.158633799999997,5.86821456,18.177632493972776,0.586343268,1.40412045,0.25,0.65,0.1,9.4,12.28,15.07,22.12,29.48
2023-10-09 08:40:00,1711.01853,24.436349,4.315441728,17.831786346435546,0.5330371340000001,1.07810055,0.25,0.65,0.1,9.4,12.28,15.07,22.12,29.48
2023-10-09 08:45:00,1618.6831499999998,19.348300000000002,2.9688060480000003,14.804694929122924,0.612990084,1.06174605,0.25,0.65,0.1,9.18,11.38,13.58,17.38,23.18
2023-10-09 08:50:00,1572.51479,22.3624901,3.72469968,16.662027559280396,0.85285186,2.8705754999999997,0.25,0.65,0.1,9.18,11.38,13.58,17.38,23.18
2023-10-09 08:55:00,1572.51345,22.7596555,3.340008672,17.64794418334961,0.8528484020000001,4.45113,0.25,0.65,0.1,9.18,11.38,13.58,17.38,23.18
2023-10-09 09:00:00,1592.2978800000003,21.105098899999998,2.51557488,17.25514112472534,0.7728906640000001,1.2897051,0.34,1.53,0.49,9.48,11.65,13.48,17.98,24.48
2023-10-09 09:05:00,1572.51077,23.407432,2.584369632,19.452186851501462,0.7462361340000001,1.0126338,0.25,0.65,0.1,9.48,11.65,13.48,17.98,24.48
2023-10-09 09:10:00,1559.3184700000002,25.981940099999996,2.955486144,21.458720016479493,1.01274446,0.8822278499999999,0.25,0.65,0.1,9.48,11.65,13.48,17.98,24.48
2023-10-09 09:15:00,1612.07896,28.284273199999998,3.4777629119999998,22.96173644065857,0.799531894,1.2243351,0.25,0.65,0.1,9.8,12.36,15.06,19.08,23.91
2023-10-09 09:20:00,1559.31579,29.183902299999996,4.3710675839999995,22.49420560836792,0.932783264,1.4686614,0.25,0.65,0.1,9.8,12.36,15.06,19.08,23.91
2023-10-09 09:25:00,1552.71964,28.303984399999997,4.549793664,21.340758514404296,0.826175784,1.72926,0.25,0.65,0.1,9.8,12.36,15.06,19.08,23.91
2023-10-09 09:30:00,1565.90859,25.7073394,4.137620448,19.374923524856566,0.559665064,1.7291805,0.43,1.6,0.58,10.17,13.23,16.21,24.11,37.82
2023-10-09 09:35:00,1592.28716,25.7485954,4.549957152,18.78511965751648,0.6129640160000001,1.24037295,0.25,0.65,0.1,10.17,13.23,16.21,24.11,37.82
2023-10-09 09:40:00,1618.6670700000002,24.743056799999998,4.5637799999999995,17.75842653274536,0.77286433,1.0936974,0.25,0.65,0.1,10.17,13.23,16.21,24.11,37.82
2023-10-09 09:45:00,1559.30842,23.067604799999998,3.8355495360000003,17.197493724822998,0.7728611380000001,1.06105965,0.25,0.65,0.1,9.99,13.08,16.0,23.8,35.3
2023-10-09 09:50:00,1546.11679,23.5066374,4.28910768,16.942379207611083,0.772857946,0.86553495,0.25,0.65,0.1,9.99,13.08,16.0,23.8,35.3
2023-10-09 09:55:00,1526.32968,26.122993599999997,5.182402368,18.19159260749817,0.799504762,0.96321525,0.25,0.65,0.1,9.99,13.08,16.0,23.8,35.3
2023-10-09 10:00:00,1651.6371000000001,24.3637881,4.715264736,17.14731819152832,0.5596509660000001,1.0771761,0.39,2.21,0.68,9.75,12.7,15.5,23.66,31.85
2023-10-09 10:05:00,1559.3030600000002,19.150194799999998,3.8083968,13.321639609336852,0.506348556,0.73508805,0.25,0.65,0.1,9.75,12.7,15.5,23.66,31.85
2023-10-09 10:10:00,1625.2531700000002,17.37006143,4.275695424,10.82632851600647,0.612945928,0.7839027000000001,0.25,0.65,0.1,9.75,12.7,15.5,23.66,31.85
2023-10-09 10:15:00,1572.4900000000002,20.279501399999997,6.350761248,10.559987983703612,0.5862935260000001,0.7675699500000001,0.25,0.65,0.1,9.27,12.44,15.29,21.84,31.07
2023-10-09 10:20:00,1519.7275000000002,20.718553099999998,6.158458176000001,11.293349323272704,0.879436698,0.7186676999999999,0.25,0.65,0.1,9.27,12.44,15.29,21.84,31.07
2023-10-09 10:25:00,1519.72616,19.4408777,5.4027504959999995,11.172244791984557,1.065979306,0.7023387000000001,0.25,0.65,0.1,9.27,12.44,15.29,21.84,31.07
2023-10-09 10:30:00,1519.72415,20.507975599999998,5.485280736,12.11303421974182,1.1459226800000002,0.7022949,0.35,1.6,0.49,8.52,12.12,15.03,24.68,35.18
2023-10-09 10:35:00,1532.9131,16.613359539999998,4.358555136,9.942814898490905,1.332462628,0.68596755,0.25,0.65,0.1,8.52,12.12,15.03,24.68,35.18
2023-10-09 10:40:00,1526.31695,16.19404578,4.757141376,8.91348421573639,1.4923520360000002,0.6370758000000001,0.25,0.65,0.1,8.52,12.12,15.03,24.68,35.18
2023-10-09 10:45:00,1506.5298400000001,16.17250671,4.3862020799999994,9.45964997768402,1.5189943300000002,0.6858813,0.25,0.65,0.1,7.26,11.22,14.42,26.1,38.18
2023-10-09 10:50:00,1513.12398,15.857870499999999,3.75417744,10.112295303344727,1.572285834,0.65327475,0.25,0.65,0.1,7.26,11.22,14.42,26.1,38.18
2023-10-09 10:55:00,1559.28832,15.73165388,4.193986368,9.31297315597534,1.5989278620000003,0.63695175,0.25,0.65,0.1,7.26,11.22,14.42,26.1,38.18
2023-10-09 11:00:00,1539.5012100000004,20.6508818,7.327111584,9.437114157676696,1.572272534,0.8159957999999999,0.24,1.0,0.34,7.6,10.76,13.91,19.41,25.15
2023-10-09 11:05:00,1546.0946800000002,21.0271136,7.34092944,9.792197222709655,1.598914562,0.7019886,0.25,0.65,0.1,7.6,10.76,13.91,19.41,25.15
2023-10-09 11:10:00,1532.9030500000001,18.953902189999997,5.3622504,10.747251868247986,1.385719818,0.7507827,0.25,0.65,0.1,7.6,10.76,13.91,19.41,25.15
2023-10-09 11:15:00,1493.33151,21.088711099999998,6.063138432000001,11.809388999938964,1.5722525840000001,0.6042291,0.25,0.65,0.1,7.59,11.18,14.75,21.95,32.69
2023-10-09 11:20:00,1466.9495900000002,17.73843931,4.840240704,10.330698947906495,1.5189493760000001,0.5553549,0.25,0.65,0.1,7.59,11.18,14.75,21.95,32.69
2023-10-09 11:25:00,1480.1385400000001,14.51378822,3.260073024,9.524414048194885,1.412350408,0.7018137,0.25,0.65,0.1,7.59,11.18,14.75,21.95,32.69
2023-10-09 11:30:00,1480.1365300000002,18.365291759999998,4.414423104,11.609244251251221,1.4389927020000002,0.6854931,0.23,1.39,0.23,7.35,11.48,15.58,23.63,33.31
2023-10-09 11:35:00,1480.13519,19.2021086,4.538176032,12.256662731170653,1.4389865840000002,0.6528975,0.25,0.65,0.1,7.35,11.48,15.58,23.63,33.31
2023-10-09 11:40:00,1460.34875,19.1596302,4.11227856,12.865999646186829,1.4922759600000002,0.70168245,0.25,0.65,0.1,7.35,11.48,15.58,23.63,33.31
2023-10-09 11:45:00,1480.13318,19.01247234,3.768832704,13.244467358589171,1.4656219620000002,0.7504638,0.25,0.65,0.1,7.41,11.66,16.08,25.13,34.14
2023-10-09 11:50:00,1466.9415500000002,18.34193628,3.89258688,12.384532380104064,1.4389679640000002,0.701595,0.25,0.65,0.1,7.41,11.66,16.08,25.13,34.14
2023-10-09 11:55:00,1473.53502,16.49902694,3.604102944,10.983132066726684,1.5721993840000001,0.66900375,0.25,0.65,0.1,7.41,11.66,16.08,25.13,34.14
2023-10-09 12:00:00,1447.1531000000002,15.702883550000001,3.356846688,10.56540153503418,1.438955994,0.66896145,0.2,0.91,0.14,8.18,12.71,16.97,24.52,31.87
2023-10-09 12:05:00,1460.3420500000002,15.911635089999997,4.016503296,9.76458209991455,1.22577189,0.68519145,0.25,0.65,0.1,8.18,12.71,16.97,24.52,31.87
2023-10-09 12:10:00,1480.12581,18.33951822,5.1708384,10.425814971923828,1.438943758,0.5549724,0.25,0.65,0.1,8.18,12.71,16.97,24.52,31.87
2023-10-09 12:15:00,1526.29015,20.0346585,5.679338496,11.342722477912902,1.2257617820000002,0.70137645,0.25,0.65,0.1,7.43,11.7,16.16,25.05,35.0
2023-10-09 12:20:00,1473.52832,24.5770014,7.45201392,13.172076592445373,1.305697176,0.68506215,0.25,0.65,0.1,7.43,11.7,16.16,25.05,35.0
2023-10-09 12:25:00,1480.1211200000002,21.0383253,5.981801280000001,11.883484706878662,1.332338406,0.60366825,0.25,0.65,0.1,7.43,11.7,16.16,25.05,35.0
2023-10-09 12:30:00,1447.1457300000002,15.95049213,4.2367728,9.466328573226928,1.492212652,0.5548195499999999,0.25,0.65,0.1,6.47,9.79,13.21,19.98,26.61
2023-10-09 12:35:00,1453.7392000000002,14.4634941,4.113187104,8.168471536636352,1.2523873180000002,0.652395,0.25,0.65,0.1,6.47,9.79,13.21,19.98,26.61
2023-10-09 12:40:00,1460.33267,12.91369527,3.467444448,7.606949467658996,1.465553334,0.7011582,0.25,0.65,0.1,6.47,9.79,13.21,19.98,26.61
2023-10-09 12:45:00,1453.7365200000002,13.49927644,3.5362317119999997,8.087255516052245,1.5721326180000001,0.7011144,0.25,0.65,0.1,6.22,9.5,12.78,20.59,31.1
2023-10-09 12:50:00,1466.9248,15.340963379999998,4.26458448,8.814234256744385,1.62541827,0.8800091999999999,0.25,0.65,0.1,6.22,9.5,12.78,20.59,31.1
2023-10-09 12:55:00,1460.3286500000002,20.197295,6.11968656,10.83142876625061,1.8652263140000003,0.9775582500000001,0.25,0.65,0.1,6.22,9.5,12.78,20.59,31.1
2023-10-09 13:00:00,1420.75711,20.2176174,6.257174976,10.641332421302796,1.8385723160000003,0.71724945,0.25,0.82,0.16,6.5,9.77,13.16,20.13,28.53
2023-10-09 13:05:00,1433.94606,14.14585919,4.732019136,6.903746545314789,1.731981062,0.74973585,0.25,0.65,0.1,6.5,9.77,13.16,20.13,28.53
2023-10-09 13:10:00,1440.53953,12.805419279999999,4.182468576,6.4043660163879395,1.6786821100000002,0.70089615,0.25,0.65,0.1,6.5,9.77,13.16,20.13,28.53
2023-10-09 13:15:00,1447.1336700000002,12.90949518,3.729103872,7.202292425632477,1.625383956,0.83096535,0.25,0.65,0.1,5.74,8.79,11.96,16.99,23.54
2023-10-09 13:20:00,1440.5368500000002,14.604624,3.9627806399999996,8.539791612625121,1.7586047360000001,0.74959935,0.25,0.65,0.1,5.74,8.79,11.96,16.99,23.54
2023-10-09 13:25:00,1433.9407,15.29487699,4.017826176,9.145799703598023,1.785242508,0.7007652,0.25,0.65,0.1,5.74,8.79,11.96,16.99,23.54
2023-10-09 13:30:00,1420.74907,14.708096339999999,3.8255380800000003,8.85330581665039,1.625363208,0.60314775,0.17,0.61,0.24,6.86,10.68,14.59,23.68,33.27
2023-10-09 13:40:00,1427.3418700000002,12.86462164,3.674557536,7.240899953842162,1.5987041560000002,0.6193288499999999,0.25,0.65,0.1,6.86,10.68,14.59,23.68,33.27
2023-10-09 13:45:00,1427.34053,14.538813039999999,4.347930912,7.884527854919433,1.6519874140000002,0.5542462499999999,0.25,0.65,0.1,6.86,10.68,14.59,23.68,33.27
2023-10-09 14:00:00,1440.52613,18.870513499999998,5.818423104,9.965715932846068,1.865123372,0.684201,0.19,0.64,0.19,6.62,9.94,13.47,18.15,22.9
2023-10-09 14:05:00,1440.5247900000002,18.59775595,5.832240959999999,9.671810369491578,1.651959484,0.700416,0.25,0.65,0.1,6.62,9.94,13.47,18.15,22.9
2023-10-09 14:10:00,1440.52345,19.5392236,5.7773589119999995,10.697273058891296,1.5986637240000001,0.7328874000000001,0.25,0.65,0.1,6.62,9.94,13.47,18.15,22.9
2023-10-09 14:15:00,1440.52211,17.36139576,5.117893248000001,9.528722848892212,1.731878386,0.70032885,0.25,0.65,0.1,6.86,10.25,13.72,22.04,34.56
2023-10-09 14:20:00,1440.52077,15.70694612,4.36224672,9.03075080871582,1.75851536,0.7002852,0.25,0.65,0.1,6.86,10.25,13.72,22.04,34.56
2023-10-09 14:25:00,1440.51876,15.580737139999998,4.156221888,9.219851694107055,2.024948408,0.66773025,0.25,0.65,0.1,6.86,10.25,13.72,22.04,34.56
2023-10-09 14:30:00,1440.51809,18.1551039,5.365463999999999,9.943536219596862,2.291379328,0.7001979,0.25,0.97,0.29,6.94,10.34,13.73,21.9,30.1
2023-10-09 14:35:00,1433.92194,18.74066979,5.35180464,10.550006976127625,1.9449994480000001,0.70015425,0.25,0.65,0.1,6.94,10.34,13.73,21.9,30.1
2023-10-09 14:40:00,1440.5154100000002,16.87687842,4.568680896,9.884747638702391,1.8650603300000002,0.70011075,0.25,0.65,0.1,6.94,10.34,13.73,21.9,30.1
2023-10-09 14:45:00,1453.7043600000002,19.7861866,4.9672346880000005,12.184087991714478,1.8650523500000002,0.7163203499999999,0.25,0.65,0.1,7.03,10.51,14.15,22.22,32.31
2023-10-09 14:50:00,1466.8919700000001,22.988588099999998,5.3520455039999995,14.797556400299072,1.998261692,0.7650338999999999,0.25,0.65,0.1,7.03,10.51,14.15,22.22,32.31
2023-10-09 14:55:00,1453.7010100000002,26.232837699999997,6.520054944,16.25422794342041,2.131470236,0.813744,0.25,0.65,0.1,7.03,10.51,14.15,22.22,32.31
2023-10-09 15:00:00,1453.69967,25.6460666,6.767458464,15.288819789886475,0.9660488250000001,0.7649419499999999,0.27,0.96,0.31,7.03,10.51,14.15,22.22,32.31
2023-10-09 15:15:00,1460.2904600000002,22.7552625,4.816577376,15.383737268447875,1.865005002,0.60230805,0.25,0.65,0.1,7.65,11.38,15.31,23.68,35.5
2023-10-09 15:20:00,1453.69431,22.7127841,4.94032032,15.151877160072326,1.838354196,0.68351295,0.25,0.65,0.1,7.65,11.38,15.31,23.68,35.5
2023-10-09 15:25:00,1473.4774000000002,22.2934818,5.022843072000001,14.606277890205382,1.7584182700000002,0.6997183499999999,0.25,0.65,0.1,7.65,11.38,15.31,23.68,35.5
2023-10-09 15:30:00,1473.4760600000002,27.0031407,6.479383872,17.08677457809448,1.598555196,0.7159225499999999,0.28,1.03,0.28,7.28,11.02,14.91,23.58,32.29
2023-10-09 15:35:00,1559.20725,30.833550199999998,7.331352288000001,19.6132928276062,1.785045934,0.8621029499999999,0.25,0.65,0.1,7.28,11.02,14.91,23.58,32.29
2023-10-09 15:40:00,1506.44743,34.161515099999995,8.815362816,20.670055570602415,1.8649653680000002,0.7808206500000001,0.25,0.65,0.1,7.28,11.02,14.91,23.58,32.29
2023-10-09 15:45:00,1559.2045699999999,30.183348,6.754420607999999,19.846053676605223,1.8383150940000001,0.76452795,0.25,0.65,0.1,7.42,11.23,15.37,23.97,35.02
2023-10-09 15:50:00,1559.20323,27.6496566,4.7209655999999995,20.424462127685548,2.024802374,0.8619543000000001,0.25,0.65,0.1,7.42,11.23,15.37,23.97,35.02
2023-10-09 15:55:00,1578.98565,33.1338587,5.655371904,24.478603687286377,2.291213876,0.8294149500000001,0.25,0.65,0.1,7.42,11.23,15.37,23.97,35.02
2023-10-09 16:00:00,1499.8472600000002,31.625970999999996,5.751631392,22.8233939743042,2.2912043,0.7643901,0.32,1.12,0.29,7.46,11.31,15.4,24.5,33.24
2023-10-09 16:05:00,1506.4407300000003,30.641442399999995,6.713512416,20.366756439208984,2.4776870580000003,0.86180535,0.25,0.65,0.1,7.46,11.31,15.4,24.5,33.24
2023-10-09 16:10:00,1506.43939,41.6313723,10.780633344,25.132166147232056,2.504318446,1.00794225,0.25,0.65,0.1,7.46,11.31,15.4,24.5,33.24
2023-10-09 16:15:00,1770.22844,29.5935018,4.171773216,23.20881806373596,2.211250552,1.1215836000000001,0.25,0.65,0.1,7.58,11.89,16.42,25.65,34.27
2023-10-09 16:20:00,1598.7627100000002,35.6219775,6.013011264,26.419370946884154,2.291165464,1.23521655,0.25,0.65,0.1,7.58,11.89,16.42,25.65,34.27
2023-10-09 16:25:00,1618.5458,46.7793189,10.203770303999999,31.162973442077636,2.47764503,0.9752950499999999,0.25,0.65,0.1,7.58,11.89,16.42,25.65,34.27
2023-10-09 16:30:00,1552.5963600000002,36.1022088,5.587231104,27.55123851776123,2.291146046,0.9590006999999999,0.34,1.29,0.35,7.6,11.8,16.05,25.96,39.06
2023-10-09 16:35:00,1559.18983,36.7924255,6.0682078079999995,27.50534355163574,2.317777434,1.1213467499999998,0.25,0.65,0.1,7.6,11.8,16.05,25.96,39.06
2023-10-09 16:40:00,3293.6061,38.4874741,6.7965006720000005,28.085781173706053,2.3444085560000003,1.5435105,0.25,0.65,0.1,7.6,11.8,16.05,25.96,39.06
2023-10-09 16:45:00,1625.1345800000001,32.541529499999996,4.515764448,25.630385913848876,2.0779893400000002,1.04003475,0.25,0.65,0.1,7.72,11.9,16.3,25.76,36.31
2023-10-09 16:50:00,1545.9955200000002,31.222063300000002,4.996739904,23.57481019973755,2.157903188,0.7476924,0.25,0.65,0.1,7.72,11.9,16.3,25.76,36.31
2023-10-09 16:55:00,1552.58899,28.7093246,4.406009088,21.966154842376707,1.864846732,0.86130975,0.25,0.65,0.1,7.72,11.9,16.3,25.76,36.31
2023-10-09 17:00:00,2053.7871800000003,26.4059601,3.897719904,20.4407009601593,1.7849171900000003,0.9911553,0.58,2.3,0.52,8.29,12.25,16.57,24.48,33.67
2023-10-09 17:05:00,1994.43255,27.6823367,4.996983264000001,20.03471011161804,1.75826931,1.2021728999999999,0.25,0.65,0.1,8.29,12.25,16.57,24.48,33.67
2023-10-09 17:10:00,3695.8660600000007,34.904008499999996,6.28859712,25.279630775451658,1.598419802,3.3127515,0.25,0.65,0.1,8.29,12.25,16.57,24.48,33.67
2023-10-09 17:15:00,4348.73818,42.669953899999996,7.511511071999999,31.173971767425535,1.385291292,3.718488,0.25,0.65,0.1,9.09,13.39,18.37,26.25,37.2
2023-10-09 17:20:00,7553.7609,38.5871761,6.522331296,28.605081367492673,1.3053649420000002,4.6761675,0.25,0.65,0.1,9.09,13.39,18.37,26.25,37.2
2023-10-09 17:25:00,10039.95,66.9312896,23.284797119999997,31.295102710723874,1.6783195520000003,6.283132499999999,0.25,0.65,0.1,9.09,13.39,18.37,26.25,37.2
2023-10-09 17:30:00,6821.739,79.90979689999999,32.95754592,29.46995994567871,1.9180714700000001,4.9679850000000005,0.39,1.55,0.38,8.98,13.31,17.9,27.33,38.49
2023-10-09 17:35:00,6175.45097,46.372775399999995,12.98018592,26.50726647377014,1.385267618,4.0425195,0.25,0.65,0.1,8.98,13.31,17.9,27.33,38.49
2023-10-09 17:40:00,3906.8758600000006,45.702250799999995,12.884077439999999,25.98382961273193,1.092225792,4.7890274999999995,0.25,0.65,0.1,8.98,13.31,17.9,27.33,38.49
2023-10-09 17:45:00,16430.1554,40.070367499999996,9.325593888,25.798023853302002,1.065581636,8.5058385,0.25,0.65,0.1,8.24,11.74,15.57,19.61,22.66
2023-10-09 17:50:00,16430.142,44.0890839,11.345382048000001,26.725559005737303,1.1721348520000001,13.6344645,0.25,0.65,0.1,8.24,11.74,15.57,19.61,22.66
2023-10-09 17:55:00,13449.338800000001,42.3509457,9.147127392,28.351733722686767,0.772540076,10.728721499999999,0.25,0.65,0.1,8.24,11.74,15.57,19.61,22.66
2023-10-09 18:00:00,15691.5072,48.316486899999994,12.12867552,29.75417321205139,0.586062372,12.286352999999998,0.83,3.64,0.99,8.88,12.63,16.83,22.91,27.7
2023-10-09 18:05:00,16278.420500000002,52.5654538,16.96503744,26.601333303451536,0.932368038,11.863923,0.25,0.65,0.1,8.88,12.63,16.83,22.91,27.7
2023-10-09 18:10:00,18936.0492,52.3136012,17.1574416,26.05501817703247,0.9057249460000001,11.5551225,0.25,0.65,0.1,8.88,12.63,16.83,22.91,27.7
2023-10-09 18:15:00,20090.0907,67.0085682,27.68192544,24.642798957824706,1.1987486840000001,13.534477500000001,0.25,0.65,0.1,8.47,12.23,16.25,22.76,29.38
2023-10-09 18:20:00,19879.0474,61.8163287,22.74950496,26.999380512237547,0.9323563340000001,9.7692315,0.25,0.65,0.1,8.47,12.23,16.25,22.76,29.38
2023-10-09 18:25:00,13317.375600000001,52.3535775,17.789653440000002,25.12742473602295,0.7991592279999999,7.0589985,0.25,0.65,0.1,8.47,12.23,16.25,22.76,29.38
2023-10-09 18:30:00,21000.098100000003,48.2499043,16.12724256,23.567986793518067,0.9589869240000001,9.3465945,0.9,3.6,1.26,8.05,11.39,14.7,22.69,31.95
2023-10-09 18:35:00,19259.096400000002,47.621266,15.88000128,23.317737550735472,1.118813024,12.44529,0.25,0.65,0.1,8.05,11.39,14.7,22.69,31.95
2023-10-09 18:40:00,29691.7602,47.809019,16.113626879999998,23.14793746948242,1.225361452,17.409615000000002,0.25,0.65,0.1,8.05,11.39,14.7,22.69,31.95
2023-10-09 18:45:00,30410.5429,52.3301036,19.01268096,23.232171745300292,1.065527372,15.49449,0.25,0.65,0.1,8.63,12.19,15.87,21.28,25.82
2023-10-09 18:50:00,24086.2923,62.9847712,27.40742784,21.039104213714598,1.518370028,12.687205500000001,0.25,0.65,0.1,8.63,12.19,15.87,21.28,25.82
2023-10-09 18:55:00,22655.246000000003,71.5041734,34.13971392,19.25509496688843,1.3585359479999999,11.762004000000001,0.25,0.65,0.1,8.63,12.19,15.87,21.28,25.82
2023-10-09 19:00:00,21685.823000000004,68.57280089999999,31.790328960000004,19.91932970046997,1.3318923240000002,10.528644,0.84,3.79,1.46,7.31,9.89,12.76,16.55,20.43
2023-10-09 19:05:00,14280.091900000001,66.4369243,29.83940544,20.76924268722534,1.4650753320000003,7.413645,0.25,0.65,0.1,7.31,9.89,12.76,16.55,20.43
2023-10-09 19:10:00,13976.729300000003,60.323606399999996,27.77857056,17.809928131103515,1.3585186580000002,5.888556,0.25,0.65,0.1,7.31,9.89,12.76,16.55,20.43
2023-10-09 19:15:00,11127.862500000001,71.7736935,33.28801632,20.828092288970947,1.411787818,4.428462,0.25,0.65,0.1,7.2,9.82,12.46,17.29,22.83
2023-10-09 19:20:00,10310.1275,50.96496929999999,22.03569888,17.240459690093992,1.2253202220000001,4.5580395,0.25,0.65,0.1,7.2,9.82,12.46,17.29,22.83
2023-10-09 19:25:00,16680.4607,50.2107294,21.719755199999998,16.969756622314453,1.065491196,6.131138999999999,0.25,0.65,0.1,7.2,9.82,12.46,17.29,22.83
2023-10-09 19:30:00,15895.696400000003,46.0652463,20.22224256,15.116139888763428,1.092123914,8.174466,1.26,6.22,2.2,7.3,9.92,12.75,17.29,20.9
2023-10-09 19:35:00,11774.090900000001,55.6103567,23.80819584,19.173133945465086,1.4384008520000002,7.0875225,0.25,0.65,0.1,7.3,9.92,12.75,17.29,20.9
2023-10-09 19:40:00,12347.8052,64.23436960000001,29.674819199999998,18.818582763671873,1.5982165780000002,6.8277585,0.25,0.65,0.1,7.3,9.92,12.75,17.29,20.9
2023-10-09 19:45:00,14207.4505,84.14157379999999,41.146946879999994,21.168282623291013,1.651483344,7.508602499999999,0.25,0.65,0.1,7.65,10.34,13.33,17.82,22.93
2023-10-09 19:50:00,10408.9927,80.5612597,38.6189856,21.456880283355712,1.944480216,6.5515395000000005,0.25,0.65,0.1,7.65,10.34,13.33,17.82,22.93
2023-10-09 19:55:00,19034.6196,68.3353879,32.45020896,18.67200885772705,1.598196096,8.740413,0.25,0.65,0.1,7.65,10.34,13.33,17.82,22.93
2023-10-09 20:00:00,18144.3437,68.627828,33.7004928,17.05095624923706,1.758008364,9.469755000000001,0.25,0.65,0.1,7.96,10.53,13.28,18.28,22.53
2023-10-09 20:05:00,18322.3828,69.3179874,34.3599984,16.731775302886962,1.6780918560000002,9.0802365,0.25,0.65,0.1,7.96,10.53,13.28,18.28,22.53
2023-10-09 20:10:00,22391.178900000003,60.1275258,30.073480319999998,14.10160539627075,1.5981758799999999,11.463342,0.25,0.65,0.1,7.96,10.53,13.28,18.28,22.53
2023-10-09 20:15:00,17906.8957,59.33141869999999,28.960676160000002,15.008590183258056,1.438352174,11.8033785,0.25,0.65,0.1,8.15,10.44,13.06,16.08,18.96
2023-10-09 20:20:00,18915.835300000002,59.6029061,28.273776960000003,16.331340084075926,1.3584377939999999,13.0837335,0.25,0.65,0.1,8.15,10.44,13.06,16.08,18.96
2023-10-09 20:25:00,28880.102100000004,60.983874300000004,29.26301664,16.198329200744627,1.464975848,15.80688,0.25,0.65,0.1,8.15,10.44,13.06,16.08,18.96
2023-10-09 20:30:00,18295.9245,62.7207137,29.936250240000003,16.904819507598877,1.651420302,11.429145,0.25,8.06,2.43,9.45,11.93,14.46,18.66,23.0
2023-10-09 20:35:00,13435.778,64.2272835,31.076622720000003,16.666105937957763,1.5182349,8.218926,0.25,0.65,0.1,9.45,11.93,14.46,18.66,23.0
2023-10-09 20:40:00,20966.651700000002,68.09931189999999,35.18453952,14.251181163787841,1.784584424,10.1314305,0.25,0.65,0.1,9.45,11.93,14.46,18.66,23.0
2023-10-09 20:45:00,22648.2244,69.6896161,37.10800704,12.89771318435669,1.837847732,10.374182999999999,0.25,0.65,0.1,9.06,11.32,13.78,17.22,20.03
2023-10-09 20:50:00,17102.2592,71.7613358,38.220861119999995,13.266268196105957,1.8911105080000001,8.6880255,0.25,0.65,0.1,9.06,11.32,13.78,17.22,20.03
2023-10-09 20:55:00,14807.375200000002,76.5125754,40.996113599999994,13.770129203796387,1.864467416,8.8659795,0.25,0.65,0.1,9.06,11.32,13.78,17.22,20.03
2023-10-09 21:00:00,19106.9461,77.6213877,41.22968928,14.521461639404297,1.8644594360000002,9.465327,1.07,4.85,1.96,9.55,12.21,14.99,21.24,28.07
2023-10-09 21:05:00,19219.0371,67.1959392,35.45947392,12.927035980224609,1.9443565260000002,8.103539999999999,0.25,0.65,0.1,9.55,12.21,14.99,21.24,28.07
2023-10-09 21:10:00,17181.3393,62.1713022,33.09644832,11.518882389068603,1.8644437420000002,7.1794335,0.25,0.65,0.1,9.55,12.21,14.99,21.24,28.07
2023-10-09 21:15:00,16449.3375,60.496003,32.36835264,10.957898578643798,1.8644357620000003,7.0495005,0.25,0.65,0.1,9.5,11.82,14.03,19.41,24.36
2023-10-09 21:20:00,17557.1892,62.7142961,33.11026368,12.040732707977295,1.8644277820000001,6.9844005,0.25,0.65,0.1,9.5,11.82,14.03,19.41,24.36
2023-10-09 21:25:00,22318.3499,62.9857835,33.398813759999996,11.870610218048094,1.864419802,9.2852295,0.25,0.65,0.1,9.5,11.82,14.03,19.41,24.36
2023-10-09 21:30:00,16422.919400000002,56.998219999999996,30.50000928,10.31951847076416,1.9709498760000002,8.2477875,1.19,5.86,1.83,11.15,13.56,16.3,18.79,20.37
2023-10-09 21:35:00,21012.620400000003,53.4598686,28.20572352,10.292454357147216,1.864404108,9.057654,0.25,0.65,0.1,11.15,13.56,16.3,18.79,20.37
2023-10-09 21:40:00,18763.9061,53.8360431,28.192020479999996,10.68960355758667,1.677956728,7.5342015,0.25,0.65,0.1,11.15,13.56,16.3,18.79,20.37
2023-10-09 21:45:00,19746.454400000002,54.4006009,29.31862752,9.52994508743286,1.731217642,7.938969,0.25,0.65,0.1,10.56,12.97,15.48,19.47,22.48
2023-10-09 21:50:00,23340.388,59.675123199999994,32.60215296,9.77920160293579,1.7312104600000002,8.667745499999999,0.25,0.65,0.1,10.56,12.97,15.48,19.47,22.48
2023-10-09 21:55:00,20623.477700000003,55.487868399999996,29.67590496,10.070418605804443,1.5980335700000001,8.5701975,0.25,0.65,0.1,10.56,12.97,15.48,19.47,22.48
2023-10-09 22:00:00,21183.979600000002,52.3054073,28.219663680000004,9.11666088104248,1.8377306920000003,7.986635999999999,1.23,5.98,1.86,10.25,12.51,14.71,18.92,22.6
2023-10-09 22:05:00,18645.128500000003,56.40762889999999,31.00860672,8.95054573059082,1.811089462,7.257315,0.25,0.65,0.1,10.25,12.51,14.71,18.92,22.6
2023-10-09 22:10:00,20016.745800000004,56.1348809,30.431631359999997,9.560830745697022,1.8377149980000003,8.0994045,0.25,0.65,0.1,10.25,12.51,14.71,18.92,22.6
2023-10-09 22:15:00,20128.830100000003,53.4548071,29.016624,9.046353931427001,1.8643410660000002,9.8323785,0.25,0.65,0.1,10.85,13.1,15.28,18.5,20.9
2023-10-09 22:20:00,19416.6201,52.4493831,28.17861696,9.32345417022705,1.8643330860000003,12.812496000000001,0.25,0.65,0.1,10.85,13.1,15.28,18.5,20.9
2023-10-09 22:25:00,26492.3494,52.030099899999996,27.532976639999998,9.892292366027831,1.837691856,18.173460000000002,0.25,0.65,0.1,10.85,13.1,15.28,18.5,20.9
2023-10-09 22:30:00,25766.9471,52.5946577,27.5330016,10.456809921264648,1.67788544,15.046725,1.27,6.02,2.01,12.24,15.07,17.9,22.44,25.89
2023-10-09 22:35:00,17167.8991,55.8177063,29.08547616,11.303877696990966,1.6512455400000001,9.620293499999999,0.25,0.65,0.1,12.24,15.07,17.9,22.44,25.89
2023-10-09 22:40:00,19132.995700000003,55.628654499999996,30.29447616,9.264513492584229,1.81103573,9.8628585,0.25,0.65,0.1,12.24,15.07,17.9,22.44,25.89
2023-10-09 22:45:00,22153.1882,54.099909600000004,29.29163328,9.270568218231201,1.5180675860000001,9.894868500000001,0.25,0.65,0.1,12.29,15.01,17.79,20.93,25.46
2023-10-09 22:50:00,13547.567500000001,54.9366042,29.690082240000002,9.497456493377685,1.6778572440000001,6.963229500000001,0.25,0.65,0.1,12.29,15.01,17.79,20.93,25.46
2023-10-09 22:55:00,10771.348800000002,57.9921649,31.6958928,9.483226795196533,1.811012588,6.039885,0.25,0.65,0.1,12.29,15.01,17.79,20.93,25.46
2023-10-09 23:00:00,17293.115400000002,57.9078002,31.11891744,10.281893196105957,1.5979455240000002,6.476871,1.35,7.05,2.41,13.75,16.55,19.45,23.97,30.62
2023-10-09 23:05:00,12795.7806,56.3372072,30.157296,10.183013916015625,1.544674236,6.2013315,0.25,0.65,0.1,13.75,16.55,19.45,23.97,30.62
2023-10-09 23:10:00,13771.7294,56.0434874,28.94838336,11.739471855163574,1.5979319580000002,6.039161999999999,0.25,0.65,0.1,13.75,16.55,19.45,23.97,30.62
2023-10-09 23:15:00,12881.487,56.859229299999996,29.580370560000002,11.58798713684082,1.5979253080000002,5.4560175,0.25,0.65,0.1,15.27,17.77,20.04,22.82,26.26
2023-10-09 23:20:00,12637.486400000002,58.53322969999999,30.95421888,11.159383964538574,1.5712864720000002,4.662430499999999,0.25,0.65,0.1,15.27,17.77,20.04,22.82,26.26
2023-10-09 23:25:00,9122.720000000001,56.627699099999994,30.033818880000002,10.662481155395508,1.5979117420000002,3.723186,0.25,0.65,0.1,15.27,17.77,20.04,22.82,26.26
2023-10-09 23:30:00,13804.6532,59.7879278,32.45173152,10.12221529006958,1.624536746,4.1925405,1.46,7.08,1.98,15.3,18.18,20.9,26.39,32.35
2023-10-09 23:35:00,12769.335700000001,58.259201999999995,31.4626416,10.107242412567139,1.7310561800000002,4.2085575,0.25,0.65,0.1,15.3,18.18,20.9,26.39,32.35
2023-10-09 23:40:00,12386.866200000002,51.894986499999995,28.069404480000003,8.936203098297119,1.4114707460000002,4.2083835,0.25,0.65,0.1,15.3,18.18,20.9,26.39,32.35
2023-10-09 23:45:00,11727.425400000002,51.643172099999994,28.179353279999997,8.516113700866699,1.5179904460000002,4.531974,0.25,0.65,0.1,14.66,16.87,19.24,21.49,23.52
2023-10-09 23:50:00,11239.437600000001,50.9308185,26.91550368,9.738020725250244,1.571246572,4.5479745,0.25,0.65,0.1,14.66,16.87,19.24,21.49,23.52
2023-10-09 23:55:00,12637.406,48.9625062,25.665407039999998,9.682919807434082,1.517977678,5.470446,0.25,0.65,0.1,14.66,16.87,19.24,21.49,23.52
2023-10-10 00:00:00,1448.1601100000003,15.809830179999999,3.834815088,9.723842940330506,0.9660488250000001,0.667380825,1.59,7.03,1.81,14.66,16.87,19.24,21.49,23.52
