datetime,PC1,PC2,PC3,PC4,PC5
2023-10-01 00:15:00,-0.1966905015143812,-1.5742451941390154,-0.17602058777453244,-0.34588035429530173,-0.5748946452209661
2023-10-01 00:20:00,-0.195534839980639,-1.5503910582783536,-0.1771263889797293,-0.3246770964383717,-0.7162479353998779
2023-10-01 00:25:00,-0.19313377471185947,-1.5059921163037298,-0.1765008679611654,-0.457072163855403,-0.7166683512060974
2023-10-01 00:30:00,-0.0783792107755465,-1.4846626702679027,-0.29944065243273604,-0.4941875966046167,-0.5299573114149141
2023-10-01 00:35:00,-0.08319872196107704,-1.597009270752561,-0.177339647940253,-0.460007111234405,-0.49481812986732454
2023-10-01 00:40:00,-0.08175190650413097,-1.6582933177688561,-0.17798616689070015,-0.46619594828831645,-0.5606476715057077
2023-10-01 00:45:00,-0.5259110135822517,-1.6970646860081964,-0.1754038942910041,-0.4483520759828993,-0.5746055980459371
2023-10-01 00:50:00,-0.5250409940951306,-1.6311512861890758,-0.1755435503244161,-0.4505170585042368,-0.48056668220973364
2023-10-01 00:55:00,-0.5260188505329378,-1.5895396362165763,-0.17521206107447085,-0.44684885368867755,-0.4811646143320981
2023-10-01 01:00:00,-0.5811544367227844,-1.5921238637878512,-0.5568541855035515,-0.45804873366927285,-0.6039040900671618
2023-10-01 01:05:00,-0.5802766535163141,-1.6528880831288997,-0.17585901946982987,-0.4495760616800599,-0.5855458624614551
2023-10-01 01:10:00,-0.5817328845910051,-1.6097303471011104,-0.17565583105123125,-0.44559376118380184,-0.7156972874783115
2023-10-01 01:15:00,-0.5609014569339298,-1.4933866127493078,-0.1773937810731301,-0.4607057734205463,-0.5643633572896043
2023-10-01 01:20:00,-0.5607452086206621,-1.5674391520269413,-0.1788080571858833,-0.34275978893726494,-0.5356969626448245
2023-10-01 01:25:00,-0.5636728642230449,-1.5754470783350296,-0.17633197979805895,-0.45037491018354725,-0.5662643053122464
2023-10-01 01:30:00,-0.8802770270479323,-1.7180040832409877,-0.6244176740059574,-0.45858508555841915,-0.5868048011266181
2023-10-01 01:35:00,-0.8776993424372775,-1.6995131520826445,-0.1773022939077873,-0.45858486159749035,-0.46756641467774407
2023-10-01 01:40:00,-0.8801356952063436,-1.6899317367312592,-0.17635648414683383,-0.44917153306224905,-0.44246741124943106
2023-10-01 01:45:00,-0.9729343328898147,-1.6297244812655507,-0.1772777552737486,-0.4487866396525431,-0.46045258830254043
2023-10-01 01:50:00,-0.9685913639300564,-1.5722022788759358,-0.17886703316000846,-0.4648481210264029,-0.4442037065162824
2023-10-01 01:55:00,-0.9656129412513522,-1.5303622677798667,-0.1799798070425716,-0.47596659258209173,-0.44220839139917983
2023-10-01 02:00:00,-1.2399919767596421,-1.5025804868081036,-0.6914180237287085,-0.4793525899832824,-0.4281996148597684
2023-10-01 02:05:00,-1.2395330907837125,-1.5238230596867723,-0.1799317432394367,-0.4722016678865343,-0.48040269389456786
2023-10-01 02:10:00,-1.2384682163917335,-1.5936500449349111,-0.18040244681967063,-0.4768137105681938,-0.5331484945623088
2023-10-01 02:15:00,-1.3636257403396563,-1.6930760537588212,-0.1812367764792974,-0.47860597072905925,-0.402270935575647
2023-10-01 02:20:00,-1.3605120576686713,-1.602358544025686,-0.18255351706109518,-0.49082287809710884,-0.4535084238215021
2023-10-01 02:25:00,-1.3606609790190751,-1.6228004095686208,-0.18254028437997785,-0.4892561284048469,-0.4802914439376626
2023-10-01 02:30:00,-1.35884712382874,-1.5996724086844516,-0.8046048368617295,-0.5090263410529551,-0.3889043124034848
2023-10-01 02:35:00,-1.3550543054231154,-1.5655299968414884,-0.1867028939998755,-0.5219408481843488,-0.37432681479405694
2023-10-01 02:40:00,-1.35601887992499,-1.5575381837953008,-0.18810510297418917,-0.4011345715743644,-0.49307836304342817
2023-10-01 02:45:00,-1.6299639308329499,-1.5221111670435057,-0.18672436668478937,-0.4219117117127855,-0.3842769217914003
2023-10-01 02:50:00,-1.6282360139908387,-1.581726546713757,-0.18624787119778857,-0.5201632150821709,-0.41140335155878177
2023-10-01 02:55:00,-1.6244617968879265,-1.429374196749652,-0.1876650848219349,-0.5352371364803158,-0.3821080934305513
2023-10-01 03:00:00,-1.6780495990275712,-1.5874746771252561,-0.18991669279964332,-0.5469390855806406,-0.24152610689317203
2023-10-01 03:05:00,-1.680119561020387,-1.6424489299418075,-0.18943052846417227,-0.5394212550673672,-0.37634788989653306
2023-10-01 03:10:00,-1.679086830153866,-1.526676380227128,-0.19154922578961883,-0.42106181977754487,-0.426894364909741
2023-10-01 03:15:00,-1.9406733439380435,-1.5891963248294063,-0.18698617114006152,-0.5214745597640774,-0.3519039737387715
2023-10-01 03:20:00,-1.9407392946452235,-1.6988869438549117,-0.18679276599062075,-0.5194862089183939,-0.31200933346855775
2023-10-01 03:25:00,-1.9422272445592828,-1.65780224145768,-0.1864306381605696,-0.5146725416204675,-0.37965738428979934
2023-10-01 03:30:00,-1.993319267568963,-1.5965567065515143,-0.6996858339031399,-0.5287123019691942,-0.39656819787669123
2023-10-01 03:35:00,-1.991620749372768,-1.6510284550616392,-0.18843594210508166,-0.5239705003417944,-0.3679133010424933
2023-10-01 03:40:00,-1.993107606283899,-1.6546402674096186,-0.18803815389884687,-0.5178540641771129,-0.43558499015148733
2023-10-01 03:45:00,-2.0819637308047465,-1.5400895423582888,-0.19062656869522052,-0.5347588371786324,-0.4370174810189728
2023-10-01 03:50:00,-2.0802183029206702,-1.432607220821023,-0.19114236229508574,-0.5403342700577979,-0.35570430715237283
2023-10-01 03:55:00,-2.081172745928149,-1.3516874898045586,-0.19223039627036972,-0.4334315183554512,-0.4079014925417126
2023-10-01 04:00:00,-2.2720759250225093,-1.2964834222022306,-1.1148686706822686,-0.4233156700481165,-0.395203636363348
2023-10-01 04:05:00,-2.2641618772531378,-1.434399877218905,-0.19278507491550068,-0.5579534256945539,-0.44583990644134125
2023-10-01 04:10:00,-2.2627907232213382,-1.4725384824390901,-0.19493614072525908,-0.44067049677023173,-0.4963193328683723
2023-10-01 04:15:00,-2.3756621480756306,-1.326588425611177,-0.19833556642663197,-0.47395087831379923,-0.48507555930932345
2023-10-01 04:20:00,-2.378043049013837,-1.3737937892067464,-0.19725470196386088,-0.4711843386857948,-0.43342341975154236
2023-10-01 04:25:00,-2.376870341696858,-1.3428078676532857,-0.19641984549860783,-0.5897097073619724,-0.487871523076943
2023-10-01 04:30:00,-2.741851492388284,-1.4843217920809604,-1.1220711072371392,-0.5368040360563553,-0.3693231173312227
2023-10-01 04:35:00,-2.7329280444201896,-1.4921672731020217,-0.19652582398623403,-0.5903880795922447,-0.4786462624080408
2023-10-01 04:40:00,-2.7351061541119086,-1.50058771825694,-0.1955385662395769,-0.5813371859428779,-0.4000240638041775
2023-10-01 04:45:00,-2.6805283984734967,-1.419255389841377,-0.19795372589355942,-0.5993955532439601,-0.6140558238209896
2023-10-01 04:50:00,-2.6783976626145884,-1.3194983081321077,-0.19833463970963167,-0.6050915756040701,-0.4165971675567838
2023-10-01 04:55:00,-2.6808149241531347,-1.415446186576456,-0.1974871433867207,-0.5965453916845531,-0.4583096254635787
2023-10-01 05:00:00,-2.7461391256734693,-1.458663149856274,-1.2262050953091945,-0.5241372877434708,-0.4165077526231822
2023-10-01 05:05:00,-2.738216976053308,-1.4191606531230212,-0.195053473202295,-0.5749177090592216,-0.3846559347131516
2023-10-01 05:10:00,-2.73364875646469,-1.4364898383315552,-0.19677272529612325,-0.5923022617833663,-0.40836573304086304
2023-10-01 05:15:00,-2.733693607826888,-1.4101454595007694,-0.1995246928717551,-0.6211881237198139,-0.33656705519074337
2023-10-01 05:20:00,-2.738604411918999,-1.488497819889512,-0.19774658510292956,-0.6031640273554953,-0.366552619323355
2023-10-01 05:25:00,-2.7418977104990705,-1.5671604811323516,-0.19661233668329667,-0.5901683246810617,-0.4221430465554252
2023-10-01 05:30:00,-2.9500570981934082,-1.6471005952006472,-1.5657998211398665,-0.5342081205706939,-0.3220549943701948
2023-10-01 05:35:00,-2.9482896750637435,-1.6935467892780913,-0.1941602203402546,-0.5684357691888497,-0.6181222259798743
2023-10-01 05:40:00,-2.9479641460586157,-1.7804895169355084,-0.19421715146929822,-0.5683596072004311,-0.6179767445903008
2023-10-01 05:45:00,-2.8915517594920073,-1.598995841642298,-0.1957601392542866,-0.5780790936340346,-0.6109603877473507
2023-10-01 05:50:00,-2.893458738571019,-1.4913741881612026,-0.19477426540275786,-0.5704595390824438,-0.45619038304120885
2023-10-01 05:55:00,-2.8930378562478034,-1.5091424741856638,-0.19491703163205717,-0.572038717597749,-0.45593269608700565
2023-10-01 06:00:00,-2.864283994179269,-1.443071449478004,-1.566259323552726,-0.5110256311662638,-0.40406026763781905
2023-10-01 06:05:00,-2.850302798497768,-1.4793611741826003,-0.19696339594166537,-0.592177863375721,-0.408596636572841
2023-10-01 06:10:00,-2.8500707013669775,-1.5460270237335718,-0.19701607622162506,-0.5943892924474101,-0.40853477587751436
2023-10-01 06:15:00,-2.8290544718341106,-1.3951694466255702,-0.19504543047563755,-0.5787610833417517,-0.4729270169951831
2023-10-01 06:20:00,-2.827931898046533,-1.318756083482846,-0.19535476996370918,-0.583492478389888,-0.4054184294372508
2023-10-01 06:25:00,-2.830086179362103,-1.3636608876517584,-0.1946968342916411,-0.5762168530113885,-0.4735923620575909
2023-10-01 06:30:00,-2.842439420257591,-1.331399234467348,-1.4517303970130362,-0.5163486805926655,-0.36743661695325064
2023-10-01 06:35:00,-2.8271040090536577,-1.2528567738434777,-0.1983074305266038,-0.6041660371851538,-0.44386555484438656
2023-10-01 06:40:00,-2.8262820911413393,-1.2620303861461408,-0.19861056588489676,-0.6085629575164329,-0.443357987537715
2023-10-01 06:45:00,-2.9203741626955275,-1.2202837816154286,-0.1966698249660177,-0.5951417067946454,-0.38777813300504743
2023-10-01 06:50:00,-2.9212222737134166,-1.3307791608547246,-0.19647973252374137,-0.5929215915169962,-0.4685066708788452
2023-10-01 06:55:00,-2.9208474853312483,-1.2958033214806648,-0.19663792897292015,-0.5943111761439259,-0.4682249819837284
2023-10-01 07:00:00,-3.0908627351914606,-1.3628967946393578,-1.3868647727522747,-0.4923428677598292,-0.3133850758497941
2023-10-01 07:05:00,-3.0825258291306645,-1.4115443086927166,-0.19228896511462315,-0.5601583246105534,-0.4351722593003507
2023-10-01 07:10:00,-3.0819227225040406,-1.3905078248640517,-0.19243717500189184,-0.5632707582884556,-0.39474738976940554
2023-10-01 07:15:00,-2.986860657659557,-1.3802768305882613,-0.19443404742152462,-0.579660472684435,-0.3395953926455876
2023-10-01 07:20:00,-2.9866890519341975,-1.325189208176363,-0.1947486107396442,-0.581349601566098,-0.4328282319449413
2023-10-01 07:25:00,-2.9875570441189656,-1.425631775054834,-0.19423692054795,-0.5762080497315264,-0.38010620619027574
2023-10-01 07:30:00,-2.8314332348867466,-1.440458826335876,-1.558833911042488,-0.5042815716322763,-0.311689259867267
2023-10-01 07:35:00,-2.8170150201362025,-1.4146219677114242,-0.1975420367164453,-0.598393873003046,-0.39097194341531427
2023-10-01 07:40:00,-2.813497622221044,-1.5014933588915647,-0.19988937926785758,-0.5187690113910649,-0.3738816923923481
2023-10-01 07:45:00,-2.731327216031378,-1.413958811336062,-0.19988942455820968,-0.6145427254112219,-0.3625443191536393
2023-10-01 07:50:00,-2.7309579662686447,-1.4623004924792744,-0.20016425148083705,-0.6142088610245677,-0.44236788940485033
2023-10-01 07:55:00,-2.735769964411904,-1.4939331461879022,-0.19840215210243564,-0.5937431953607415,-0.4588541274992052
2023-10-01 08:00:00,-2.79172920543301,-1.4835162974240839,-1.6112096649653984,-0.3938069451413607,-0.40137904318993467
2023-10-01 08:05:00,-2.7758869245140616,-1.4142618829052298,-0.1994219082705892,-0.46479311567401893,-0.4364509002527486
2023-10-01 08:10:00,-2.7751448964824426,-1.4644640302699155,-0.19923880444252132,-0.47763275785316117,-0.35613868962251555
2023-10-01 08:15:00,-2.72471596076043,-1.5471526977799952,-0.20193881745638345,-0.4637878794623417,-0.5868239481746356
2023-10-01 08:20:00,-2.73733190181536,-1.0631349134443682,-0.19711349708601236,-0.41905138184899116,-0.3586890455594198
2023-10-01 08:25:00,-2.737092419943207,-1.2780560487327406,-0.19701610049253837,-0.4210145579488564,-0.33208833246649133
2023-10-01 08:30:00,-2.6894678425618843,-1.2744168100413003,-1.5434201901681934,-0.3708438198134735,-0.36394181079186894
2023-10-01 08:35:00,-2.6803388498470873,-1.2343820289448624,-0.19774591029955602,-0.4401364139091206,-0.293010121759874
2023-10-01 08:40:00,-2.6785319988697247,-1.0593945573448507,-0.1993004892513117,-0.391869548240802,-0.34410000913396743
2023-10-01 08:45:00,-2.5748468115015286,-1.072481895926177,-0.20076950072747404,-0.4680193241793064,-0.4000103180098911
2023-10-01 08:50:00,-2.577609677075626,-1.1220758043427186,-0.19967821969357397,-0.44593052959288726,-0.3216334554093362
2023-10-01 08:55:00,-2.5779014289803284,-1.008958517480597,-0.1990053522014254,-0.4934380389531374,-0.3091709898550749
2023-10-01 09:00:00,-2.830712409143338,-1.1367096762328854,-1.3877542773919107,-0.506738129149436,-0.3326893051170159
2023-10-01 09:05:00,-2.8186349585939072,-1.1460201471549492,-0.1968573372459114,-0.5838871587598083,-0.3214105485583585
2023-10-01 09:10:00,-2.8161372676246854,-1.1912938036769185,-0.19911659677564097,-0.495568222115233,-0.3849095565583076
2023-10-01 09:15:00,-2.5389564522147174,-1.2079379342493335,-0.19954754737924044,-0.6032041512199573,-0.34526065013103524
2023-10-01 09:20:00,-2.538972701125795,-1.345177751240204,-0.20079037434762206,-0.48226583477484825,-0.2767105783586346
2023-10-01 09:25:00,-2.541269867436846,-1.3321386691472352,-0.1988229374881169,-0.5968339234095535,-0.42698598027907386
2023-10-01 09:30:00,-2.5590339329098146,-1.3615923185996242,-1.3619041114992043,-0.5362494920384451,-0.35049604586401145
2023-10-01 09:35:00,-2.5499031657669433,-1.3022265840534546,-0.19931368097630883,-0.6014769444808448,-0.4134931762255912
2023-10-01 09:40:00,-2.5472564806973477,-1.2830864025918995,-0.20007324820252342,-0.6102976766766932,-0.31833582394367255
2023-10-01 09:45:00,-2.671703904376997,-1.1691367776027886,-0.20330297760832197,-0.5394812171084913,-0.3404730063543884
2023-10-01 09:50:00,-2.675610293845742,-1.1902313227191648,-0.20061672878947345,-0.6175785409547417,-0.3045647164291314
2023-10-01 09:55:00,-2.6765455844385526,-1.209461454420929,-0.20035709898724188,-0.6145460178700842,-0.3452272952925352
2023-10-01 10:00:00,-2.805879171233432,-1.0765583464650788,-1.3664389338375786,-0.4109830156431982,-0.2843203334560177
2023-10-01 10:05:00,-2.7958950902114275,-1.0561140526940802,-0.1991415046486183,-0.6080533756522762,-0.41127235969589515
2023-10-01 10:10:00,-2.7937212572636945,-1.0740429405084262,-0.1997058014899855,-0.6151189565734367,-0.3164630011514657
2023-10-01 10:15:00,-3.0073825231137064,-1.053226375589106,-0.19658603560238055,-0.5971562889327654,-0.3389392538262176
2023-10-01 10:20:00,-3.007580872041979,-1.0392054705402964,-0.19654465894679976,-0.595241017544574,-0.35237626833139846
2023-10-01 10:25:00,-3.005165724195808,-1.0153809645335785,-0.1989014044963184,-0.48368716563455777,-0.3354351781748836
2023-10-01 10:30:00,-2.6735008311975537,-1.1778694010489204,-0.2009707359331732,-0.5039036437615633,-0.3139559159489325
2023-10-01 10:35:00,-2.6767114079221397,-1.2186414735060604,-0.1986257195070323,-0.6012564530001565,-0.41129467740008835
2023-10-01 10:40:00,-2.6803446424590245,-1.3037984473126432,-0.19699802669441824,-0.5864875572262699,-0.30701741219932
2023-10-01 10:45:00,-2.6288050191353105,-1.2575111426472596,-0.1970892799721437,-0.584634678853274,-0.3513683149708587
2023-10-01 10:50:00,-2.624624509793419,-1.206198721403214,-0.19880251584310848,-0.6010040843588426,-0.4152916296922055
2023-10-01 10:55:00,-2.6261583486510904,-1.1245509893590078,-0.19810550578988437,-0.5943313477189617,-0.3361530129361647
2023-10-01 11:00:00,-2.7168060154124714,-1.2387033737948119,-0.8249244206726787,-0.5943611431465388,-0.3890479229646823
2023-10-01 11:05:00,-2.7204762700578806,-1.186715519538821,-0.19673923225156212,-0.4666258513300745,-0.43757625886140117
2023-10-01 11:10:00,-2.7212981147982975,-1.0025103866513265,-0.1970399967276131,-0.43007302152482335,-0.4773952641563591
2023-10-01 11:15:00,-2.6821622795347007,-1.0736743566584976,-0.198916856158257,-0.4509552022692525,-0.4081080433600879
2023-10-01 11:20:00,-2.685538120274108,-1.1263749013961977,-0.1970753182805474,-0.48024252925869715,-0.397726657171023
2023-10-01 11:25:00,-2.69024467247616,-1.1680028761992811,-0.19547927722111424,-0.46208491670454516,-0.46754886028914044
2023-10-01 11:30:00,-2.57549814631769,-1.18362764382646,-1.4468450563470774,-0.3933656005192751,-0.39979920257184925
2023-10-01 11:35:00,-2.573876763655828,-1.092400687201983,-0.19234970327182746,-0.40569675508495945,-0.4521995684840818
2023-10-01 11:40:00,-2.569318786852087,-1.1594151780360678,-0.19225419737844107,-0.5481161460947453,-0.38464875243864455
2023-10-01 11:45:00,-2.6108315943751994,-1.1395523283499804,-0.1924913106963692,-0.43253044262162066,-0.36195423520487474
2023-10-01 11:50:00,-2.6249208559975976,-1.0753861715399489,-0.18790121403285517,-0.3650842951145878,-0.5042868682621653
2023-10-01 11:55:00,-2.616556050504386,-1.1575816686697296,-0.19095407065130182,-0.3863758299108616,-0.45870101266513585
2023-10-01 12:00:00,-2.658307433901312,-1.0329049591568942,-1.3953217689368398,-0.3360699940661002,-0.287312907509422
2023-10-01 12:05:00,-2.655237661842487,-1.055773130742255,-0.19599510760965405,-0.29107040107640797,-0.3835171951921053
2023-10-01 12:10:00,-2.6526021825606128,-1.0344449901908042,-0.19733171035067423,-0.2924366035206978,-0.4750132139131458
2023-10-01 12:15:00,-2.6726379473835165,-0.8327234126999018,-0.19727393535937784,-0.3163210385610152,-0.363738778388022
2023-10-01 12:20:00,-2.6751129959261997,-0.8859992129514085,-0.1966682886817263,-0.29845842142543816,-0.44531807369170606
2023-10-01 12:25:00,-2.6706760185306506,-1.0214898844433171,-0.19762871219583952,-0.3422835657661109,-0.33627210496385884
2023-10-01 12:30:00,-3.090653538443443,-1.0739713472519608,-1.3447018588593824,-0.30327787761588704,-0.28408450898073445
2023-10-01 12:35:00,-3.085706944025669,-1.109724177838854,-0.19352320581898896,-0.36172315395984495,-0.39383797597792597
2023-10-01 12:40:00,-3.086928428163081,-1.1435291401819403,-0.19305209254520225,-0.3628761733303229,-0.4214492905543172
2023-10-01 12:45:00,-3.090247132925316,-1.161624863362161,-0.19131885087398048,-0.3997168913034094,-0.46447935936155776
2023-10-01 12:50:00,-3.0873881384300916,-1.053787396654645,-0.19063948691397756,-0.5414297289822322,-0.39795606037795234
2023-10-01 12:55:00,-3.0878371290327156,-1.086735300920056,-0.19036191897137528,-0.5393060610999768,-0.3582541834738429
2023-10-01 13:00:00,-2.8577205559565497,-0.9450651412163322,-1.5923756892423018,-0.4993202409476832,-0.2835689330555406
2023-10-01 13:05:00,-2.8492551172627656,-0.8886826038830009,-0.19426650816574365,-0.5625024526688414,-0.3319182502621839
2023-10-01 13:10:00,-2.8496877151715987,-0.9906190383710666,-0.19421087396893974,-0.5630020105096012,-0.3990453598897489
2023-10-01 13:15:00,-2.9008245068462712,-0.9481913188825184,-0.19310243681301326,-0.5541142943696468,-0.4452792454897557
2023-10-01 13:20:00,-2.8976490214704773,-1.0535287222357879,-0.19560883194710124,-0.43871684532716015,-0.37449834682111155
2023-10-01 13:25:00,-2.899157505796799,-1.1068743879063003,-0.1933782004145275,-0.5566888326125583,-0.35090292942854767
2023-10-01 13:30:00,-3.0969058536841976,-0.7815033998133236,-1.7126917566584363,-0.3411138780996637,-0.29288924934457145
2023-10-01 13:35:00,-3.089253414747126,-0.671362925105902,-0.18985828819227912,-0.5339823740363445,-0.25202849537007904
2023-10-01 13:40:00,-3.087903613317687,-0.7653044023737542,-0.19054295846549715,-0.5402759770155962,-0.35798751088561914
2023-10-01 13:45:00,-3.084424286897677,-0.8874428960755737,-0.19173829373501278,-0.5533205798131736,-0.35583270850971943
2023-10-01 13:50:00,-3.0851355878438267,-1.0222303220909668,-0.19155211211632156,-0.5514677231467328,-0.4231547755080261
2023-10-01 13:55:00,-3.08688614197483,-1.064709736456314,-0.19085597036804003,-0.5447869047382248,-0.41100240004952987
2023-10-01 14:00:00,-3.094781344204347,-1.0685538299884687,-1.2806253196934563,-0.47994715299876883,-0.29394845454857726
2023-10-01 14:05:00,-3.0856404040627603,-1.0551223271373018,-0.19137891033911247,-0.5497447414387818,-0.4368627148278207
2023-10-01 14:10:00,-3.0887285752801277,-0.9832865865289114,-0.19022451596517628,-0.5365530844419202,-0.4121043048534906
2023-10-01 14:15:00,-3.0130066620804876,-0.8486556633590392,-0.19361490162486375,-0.5664853054858455,-0.3439550938260623
2023-10-01 14:20:00,-3.0089910406338816,-0.8828147025595632,-0.19509970192868345,-0.5829793349454017,-0.35472324442022773
2023-10-01 14:25:00,-3.0082216116597307,-0.7762745975896209,-0.19547689122991962,-0.5859726280137071,-0.3674524356399615
2023-10-01 14:30:00,-3.092155039157535,-0.861935122258632,-1.4787596469585491,-0.48287358622632026,-0.2813197184485794
2023-10-01 14:35:00,-3.083199870866346,-0.5057082846149014,-0.19249477097487575,-0.5555877019939471,-0.39462293640483015
2023-10-01 14:40:00,-3.0783349731761147,-0.05059003300229401,-0.195798099036923,-0.4694689053589355,-0.3625619593970634
2023-10-01 14:45:00,-3.080434978479464,-0.7200099163946463,-0.19331061072736772,-0.5656883017912742,-0.36634454374116177
2023-10-01 14:50:00,-3.0878184810996046,-1.0704959164287535,-0.19187390490592726,-0.4293535689142893,-0.4097686735901219
2023-10-01 14:55:00,-3.092216193190162,-0.8575832574086021,-0.19070858381641523,-0.3798380914297124,-0.37186341699055725
2023-10-01 15:00:00,-3.0970742578713075,-0.8007492188190374,-1.7484359585269509,-0.36195342342453707,-0.32226279312062084
2023-10-01 15:05:00,-3.085771709129002,-0.8343288820542252,-0.19284780401585577,-0.4142656864016382,-0.32776360501733526
2023-10-01 15:10:00,-3.083578032399314,-0.9661403128802072,-0.19342421477014965,-0.4447852271224197,-0.3801932148888174
2023-10-01 15:15:00,-2.847392497824494,-1.0465367995439634,-0.1992174926466479,-0.4983856972635046,-0.4444472539097938
2023-10-01 15:20:00,-2.847794789187543,-0.6788159553329176,-0.19775226386049174,-0.16374448418020096,-0.31879014913729914
2023-10-01 15:25:00,-2.848398658344803,-0.2948343195902396,-0.20105094412155486,-0.3156352987707216,-0.32131069494957226
2023-10-01 15:30:00,-3.0915869639868743,0.06488299052829283,-1.5864760116230074,-0.29709598515989466,-0.27194475392316286
2023-10-01 15:35:00,-3.08813704486344,-0.0729495022603625,-0.19227462757811073,-0.39843248934272113,-0.3150777237836839
2023-10-01 15:40:00,-3.084634215721523,-0.5585908520235338,-0.19351053528997514,-0.4052419112375154,-0.3531980110791849
2023-10-01 15:45:00,-3.006424873736454,-0.8374183268356108,-0.19406321042543878,-0.4517178951780759,-0.3424341252620937
2023-10-01 15:50:00,-3.006370265943543,-0.9151941555973772,-0.19274306767776486,-0.5529720271180918,-0.3174659626335274
2023-10-01 15:55:00,-3.0009393463118887,-0.8116493946339073,-0.19480624154241516,-0.5758799509603173,-0.313842851316965
2023-10-01 16:00:00,-2.7024393212051967,-0.9803274659376436,-1.6119152325008113,-0.3921310921676119,-0.2607768993884276
2023-10-01 16:05:00,-2.697752471557388,-1.0935009407777392,-0.19701498291162833,-0.448362943313458,-0.334981418661124
2023-10-01 16:10:00,-2.7006125335818436,-0.9745665892158205,-0.19602242933992542,-0.42600963152078314,-0.269836477913207
2023-10-01 16:15:00,-2.6543112927163817,-0.8501214793438487,-0.1964887525597384,-0.43366120069447517,-0.3923282852720032
2023-10-01 16:20:00,-2.6509007777865974,-0.8249336249718733,-0.19604815792554708,-0.5730277051503675,-0.3387956026588919
2023-10-01 16:25:00,-2.649952175168502,-0.7283086244087418,-0.1964622350598758,-0.5778632511310106,-0.3380959850497783
2023-10-01 16:30:00,-2.611850382534821,-0.6338045035952887,-1.3756210830799522,-0.5082072843512708,-0.38380433071582404
2023-10-01 16:35:00,-2.5972233436092336,-0.707237820131847,-0.19847362707226018,-0.5954554359798179,-0.39829555650086945
2023-10-01 16:40:00,-2.6018279252823406,-0.8767129582226452,-0.19685383162518647,-0.5803842110179955,-0.4682273132067519
2023-10-01 16:45:00,-2.4879837339928446,-0.908634189728243,-0.19956340243168624,-0.6000859954784376,-0.3397227234436566
2023-10-01 16:50:00,-2.489550280244272,0.31584854158791564,-0.20149774718276714,-0.45518484063201214,-0.4039020286839099
2023-10-01 16:55:00,-2.457642331542018,1.3266491624574226,-0.21422319631928954,-0.42167029143836837,-0.299388107024299
2023-10-01 17:00:00,-2.4805311570327184,0.0647927405983233,-1.5601819411591942,0.14052054674056633,-0.33777390802175933
2023-10-01 17:05:00,-2.476009305163013,-0.4915843871979203,-0.21554958283852743,-0.1652075338589654,-0.30596383347144945
2023-10-01 17:10:00,-2.481072844313531,-0.43504417040369026,-0.21084742537774842,-0.42795612403474986,-0.3538999892946966
2023-10-01 17:15:00,-2.4579509764974596,-0.8705315829422275,-0.1975422380948329,-0.4305885320072089,-0.3463249781090375
2023-10-01 17:20:00,-2.4625734677620845,-0.7879548128493041,-0.1959366682306687,-0.4115036545765219,-0.3225577817103129
2023-10-01 17:25:00,-2.462328696535057,-0.5822834849597491,-0.19605351020727663,-0.4156875557574732,-0.2688760092653036
2023-10-01 17:30:00,-2.2986080522475345,-0.5471393331525644,-1.2354245139468478,-0.4255420694837506,-0.284965956498712
2023-10-01 17:35:00,-2.283352322398472,-0.7513314286768814,-0.2003780344796984,-0.4749412068257873,-0.3316442479765306
2023-10-01 17:40:00,-2.2830858552673883,-0.6799624328295222,-0.19993287967340537,-0.5126452743023701,-0.2386152913608162
2023-10-01 17:45:00,-2.466270394836569,-0.5838725467074081,-0.19400755470520512,-0.5685941172269428,-0.2907478805024105
2023-10-01 17:50:00,-2.4651593737727673,-0.6435645364560644,-0.19453248301811255,-0.573527542620345,-0.35679878927657377
2023-10-01 17:55:00,-2.4622127268355958,-0.6868989908797535,-0.1957100069847389,-0.5902984810630771,-0.39502925625106067
2023-10-01 18:00:00,-2.2486486373109122,-0.8035434906358152,-0.19846661599788729,-0.61871015491098,-0.3566430939995502
2023-10-01 18:05:00,-2.251315276143763,-0.8896702779412895,-0.19772116126260314,-0.6101416746447292,-0.47857150421301026
2023-10-01 18:10:00,-2.256323312318529,-0.9214223298873954,-0.19588243523215915,-0.5927562582738284,-0.48190831289445624
2023-10-01 18:15:00,-2.081072938452348,-0.8561445721599322,-0.1972553473576487,-0.6046899990890979,-0.47675255516713017
2023-10-01 18:20:00,-2.077295270245201,-0.8520520479685313,-0.19850334372703368,-0.6168776088185937,-0.4208763674391395
2023-10-01 18:25:00,-2.073298008214353,-0.7664202674959764,-0.19994371645985004,-0.6301638794514058,-0.39145920272253193
2023-10-01 18:30:00,-2.1440324689370556,-0.6504270134583594,-0.5046660275383646,-0.459141819511405,-0.5063812821906263
2023-10-01 18:35:00,-2.14504836173299,-0.7861433685526505,-0.19710702100871452,-0.44817618179567786,-0.49061942231293904
2023-10-01 18:40:00,-2.146465080212056,-1.0337444265418518,-0.19606781496448833,-0.46285077118445,-0.4521088528300912
2023-10-01 18:45:00,-2.024894713737145,-1.1597302557154605,-0.19476430058142574,-0.4302820269376855,-0.3716682626624797
2023-10-01 18:50:00,-2.026321668338027,-0.772433777370794,-0.19485015488878185,-0.29366326669404924,-0.3700438161820426
2023-10-01 18:55:00,-2.0171993865415376,0.03403943639111696,-0.20090875215589593,-0.057885424605605924,-0.3587840456635475
2023-10-01 19:00:00,-1.6012321457840335,0.31001121784263325,-0.9473286510024209,-0.16907530091855566,-0.34511211951706683
2023-10-01 19:05:00,-1.6003738090660886,0.09180848816380219,-0.2110460429203991,-0.16071970329586308,-0.3310437052967394
2023-10-01 19:10:00,-1.6253071203769878,-0.732960651866783,-0.20442758082040677,0.09900797635137952,-0.3321328208127952
2023-10-01 19:15:00,-1.5971141099596275,-1.0583739561197463,-0.20073962716185179,0.4498785972683345,-0.43567265619433276
2023-10-01 19:20:00,-1.5883599868496823,-1.277628737949142,-0.20336038077602092,0.5618354051578028,-0.4277810232638341
2023-10-01 19:25:00,-1.5897677228421632,-1.300914212392613,-0.2046697575846401,0.896179282504495,-0.3299126477714898
2023-10-01 19:30:00,-1.5001602275947767,-0.6865449196558245,-0.08094033244163118,0.37429203671174716,-0.3919307879373015
2023-10-01 19:35:00,-1.4878964245640078,-0.17267825413787316,-0.2013937093303603,-0.19888511626123032,-0.3317496819042982
2023-10-01 19:40:00,-1.4848754555271422,0.09981497595876322,-0.20073723618927605,-0.3788913633422422,-0.3989838502919367
2023-10-01 19:45:00,-1.720428681584682,0.05240641552862721,-0.19132227104078345,-0.3559492347540836,-0.31054929201397596
2023-10-01 19:50:00,-1.720250740185177,-0.38474552321159955,-0.1911216009654244,-0.34970461718436535,-0.3774732374787786
2023-10-01 19:55:00,-1.7094612697952372,-0.09376387275750785,-0.19581886896473719,-0.23106405266061203,-0.31411851054823836
2023-10-01 20:00:00,-1.4472164155764289,1.5409973653783893,0.5430452075667189,-0.2252200778944666,-0.32433088654635595
2023-10-01 20:05:00,-1.4419768761618947,1.2566444955363536,-0.21874421475096628,-0.3546233288205504,-0.3877933007852535
2023-10-01 20:10:00,-1.454539482634298,0.9892493140654199,-0.21241565292924167,-0.3932540398458849,-0.4510838457242811
2023-10-01 20:15:00,-1.6963878264159997,1.1329378034195758,-0.205017843251766,-0.22903169144566535,-0.35841880790101094
2023-10-01 20:20:00,-1.6864448158091845,2.1582793067542827,-0.2094047316333369,-0.24603592220326273,-0.28381174058459574
2023-10-01 20:25:00,-1.699105557686233,1.2402306506214675,-0.20389466155888794,-0.2235993939717491,-0.21341469926882717
2023-10-01 20:30:00,-1.5565299847431313,2.48599153082529,-0.23599615864694562,-0.14029706610239265,-0.18151876781894094
2023-10-01 20:35:00,-1.5788883549381048,0.6484910535577262,-0.20994621304804967,-0.1712175077095348,-0.03276994956500385
2023-10-01 20:40:00,-1.6056307753398642,0.5784655430523075,-0.20055812788356236,-0.23697452522461085,-0.026411950420460444
2023-10-01 20:45:00,-1.0258873987229333,1.9308919409170338,-0.20713330756348955,-0.3298325454917408,0.10650919701395602
2023-10-01 20:50:00,-1.0235304725253125,2.4487235807271324,-0.2084000749558503,-0.3638365289050784,0.1882186563665713
2023-10-01 20:55:00,-1.038540317251476,0.7871625227503325,-0.2007182323027445,-0.4193602846487306,0.06810346724456301
2023-10-01 21:00:00,-1.1247304372515219,-0.2357400030869608,0.3761175324490287,-0.36216041775048213,-0.09119525978364097
2023-10-01 21:05:00,-1.130879837517313,-0.05007601641063022,-0.1855266744563506,-0.2840506932568278,0.0019574828059952293
2023-10-01 21:10:00,-1.1063768289252947,0.7186033203323696,-0.19485434657011816,-0.3998582038576431,-0.008275756794157615
2023-10-01 21:15:00,-1.0174551236644724,0.5078059400994657,-0.19127999865247497,-0.35356221645758257,0.014304992789403424
2023-10-01 21:20:00,-1.0164151808620057,0.7609312423336676,-0.19196680151215573,-0.3529733219235152,-0.06472713260998926
2023-10-01 21:25:00,-1.016814060730816,-0.21125551077412916,-0.190623403137212,-0.44211131878842974,-0.17421032301144224
2023-10-01 21:30:00,-0.3191125094801729,-0.6296465135414928,0.07646694483304088,-0.5201549367685268,-0.26787841018179287
2023-10-01 21:35:00,-0.33537542175579965,-0.8395236566176195,-0.1864364346172873,-0.507655361370695,-0.2461372682356661
2023-10-01 21:40:00,-0.33177326839179444,-0.8944364581473317,-0.18749447517346582,-0.5238840149261075,-0.13714859935183427
2023-10-01 21:45:00,-0.332053755391445,-1.0147507823382689,-0.17845511257559218,-0.36503851809285137,-0.27979610442335695
2023-10-01 21:50:00,-0.3332766963325676,-1.0262866042614887,-0.17810043799333386,-0.357095577400995,-0.33391859927758705
2023-10-01 21:55:00,-0.27822112744953525,3.088013205654111,-0.20225363180098396,-0.427855786378437,-0.22467807159319944
2023-10-01 22:00:00,0.3286824156437952,1.9089908745036832,0.3179625066951007,-0.566082261281042,-0.2861151531790913
2023-10-01 22:05:00,0.2953525800098237,0.6118775167046661,-0.19510179469530076,-0.49873009837311966,-0.14217798278607058
2023-10-01 22:10:00,0.26431895641589004,-0.8455583382267222,-0.18142345993083536,-0.5010049685708156,-0.16596699818855798
2023-10-01 22:15:00,0.1609126161329565,-0.9758615376682205,-0.17607516278590404,-0.4602192945396076,-0.3172780700691863
2023-10-01 22:20:00,0.16248827040564226,-1.0900609793460965,-0.1765318437544503,-0.4633507772233279,-0.30297576515115354
2023-10-01 22:25:00,0.16277873067754814,-1.1283172074309022,-0.17664565167072127,-0.4646014307653367,-0.3161684880223996
2023-10-01 22:30:00,0.12635649407245853,-1.0088808499234525,0.10713242666906891,-0.4632576437941102,-0.3925669796984614
2023-10-01 22:35:00,0.11894904463393106,-0.9242669468155613,-0.17784950504643313,-0.38244396649559576,-0.18277358666618287
2023-10-01 22:40:00,0.11464189491145176,-1.1084791125391922,-0.17520942102423517,-0.455477601885528,-0.26730569187639425
2023-10-01 22:45:00,0.25937022106064384,-1.2688571224587413,-0.173500609848673,-0.33792714755394204,-0.3254427050341588
2023-10-01 22:50:00,0.2555133680491186,-1.2669140273495718,-0.17220627164884572,-0.31573192323630955,-0.35452272640659505
2023-10-01 22:55:00,0.25699299711523055,-1.1835453374244367,-0.17350424244125354,-0.2742053691981018,-0.3927130044680107
2023-10-01 23:00:00,0.5448001966018401,-1.230863160513386,0.3289023062892732,-0.37928264253623284,-0.4958446797736796
2023-10-01 23:05:00,0.5371773908383279,-1.3245623339840091,-0.1732521780545257,-0.4296665600082713,-0.3252919699287211
2023-10-01 23:10:00,0.5400574293972258,-1.336946655096913,-0.17571178089699746,-0.3521858101950863,-0.44202906315227836
2023-10-01 23:15:00,0.4442853946759581,-1.5010867139336523,-0.17239293371682948,-0.4267060331264406,-0.3959722164199232
2023-10-01 23:20:00,0.4408182336238301,-1.5434486265874008,-0.17118624947633124,-0.4128964069727996,-0.4382978961827703
2023-10-01 23:25:00,0.4431953538602518,-1.389689392458266,-0.1733152023672673,-0.3322036765880178,-0.4484427219034536
2023-10-01 23:30:00,0.7041465718815404,-1.3801736444033916,0.2787994623318558,-0.410272071222948,-0.6216192348938796
2023-10-01 23:35:00,0.700566811700319,-1.27417161653425,-0.1753042089682343,-0.3455514146597933,-0.4166359514062547
2023-10-01 23:40:00,0.7002933381254567,-1.3698946343553284,-0.17554528357002416,-0.30688222087201456,-0.42963287004610295
2023-10-01 23:45:00,0.7091979688503693,-0.9483698131786364,-0.1773654975378257,-0.3021872722544071,-0.39757449484459684
2023-10-01 23:50:00,0.7090181430400151,-1.2025757485198918,-0.1772556323457561,-0.30467885332172534,-0.4380285465835835
2023-10-01 23:55:00,0.6979667142002842,-1.3996467615582264,-0.17301981970928407,-0.2860145720288079,-0.5258956331373026
2023-10-02 00:15:00,0.6380667503411362,-1.2994765573224922,-0.1728486105753822,-0.31966105585852117,-0.43084233469314115
2023-10-02 00:20:00,0.6399361421929236,-1.336085513984018,-0.17359277805236714,-0.33854722436125007,-0.5232397785509931
2023-10-02 00:25:00,0.6374741438469282,-1.2512830582912413,-0.17262149792859727,-0.32868903155032697,-0.47139066651532535
2023-10-02 00:30:00,0.6004581667168709,-1.1950126748362924,0.595731401112017,-0.3887778476061864,-0.6669929400560474
2023-10-02 00:35:00,0.5903166830286761,-1.283689472174391,-0.17325356484159093,-0.2861073645637928,-0.4676959524176326
2023-10-02 00:40:00,0.5895516309663862,-1.4553814001520222,-0.17272652934319221,-0.29280439970137284,-0.46853132380293167
2023-10-02 00:45:00,0.6143728691870105,-1.433489973031327,-0.1726811639418931,-0.28969957569179716,-0.5384371002148426
2023-10-02 00:50:00,0.6251480685203278,-0.8661181714080243,-0.17793676524456425,-0.2610770102180881,-0.5696778657629532
2023-10-02 00:55:00,0.6159112302752011,-1.2163847855180523,-0.17291943186852787,-0.32887941648248425,-0.5110758671778823
2023-10-02 01:00:00,0.6770429857617083,-1.266338085972671,0.6331465236452275,-0.5394499936974811,-0.7075686071762965
2023-10-02 01:05:00,0.6673283948825213,-1.3106312307147001,-0.17560287321422852,-0.34801836467424807,-0.5351914487223706
2023-10-02 01:10:00,0.670865148672703,-1.1051229065753125,-0.1774058918248943,-0.31129964292289647,-0.4384485327282708
2023-10-02 01:15:00,0.5777891448532266,-0.8635414954512695,-0.1753700980802566,-0.4438210874224453,-0.4459774703124051
2023-10-02 01:20:00,0.5822600635878257,-0.40040102996120797,-0.1784357685084968,-0.3715627025954343,-0.44110156630082253
2023-10-02 01:25:00,0.5815531556042738,-0.42148520098822023,-0.17845941198092088,-0.3677866747390921,-0.5749807852197167
2023-10-02 01:30:00,0.8372049023557987,-0.16217812873357654,-0.18289693318962522,-0.3678103142270898,-0.48635690228308276
2023-10-02 01:35:00,0.8363073931076886,-0.2792755078629022,-0.1819655654090761,-0.40211375025469837,-0.46100494522069424
2023-10-02 01:40:00,0.8311952210656909,-0.9808575683161725,-0.1785055434535219,-0.4746052601864474,-0.45324716776111723
2023-10-02 01:45:00,0.6361438268235797,-1.2444599096420625,-0.17710618000080944,-0.45565762078933564,-0.49840155383751406
2023-10-02 01:50:00,0.6347197187414307,-1.204349429472167,-0.17837130264066475,-0.32155992751947987,-0.5638720522868047
2023-10-02 01:55:00,0.6369481946470472,-1.2048907988902424,-0.1773840890285225,-0.4571778099965175,-0.4844679225550199
2023-10-02 02:00:00,0.5107164466441815,-1.2623186598521028,-0.3961683623117699,-0.37091405183673437,-0.56840749250915
2023-10-02 02:05:00,0.5131052983157416,-1.1714429524353052,-0.17925362029269767,-0.36706524079651176,-0.3947908164309561
2023-10-02 02:10:00,0.5109984147131792,-1.12685896144413,-0.17855198120884636,-0.3606300199180655,-0.409491022855988
2023-10-02 02:15:00,0.6040287575100688,-1.2569259442110499,-0.1782309799140131,-0.35973147021679525,-0.45138679897882694
2023-10-02 02:20:00,0.6095280954800814,-0.331121740035563,-0.18187912880592808,-0.29323614593076375,-0.44539460860503594
2023-10-02 02:25:00,0.6216224373896702,0.10059902652622973,-0.18620681142040738,-0.3391069541881791,-0.3703303990237081
2023-10-02 02:30:00,0.75843947643718,0.8977216265587012,1.261999516310802,-0.5049371892220501,-0.5839178979083544
2023-10-02 02:35:00,0.7468762807959523,1.5900955111453747,-0.19589383711265404,-0.3867025377705711,-0.3663639602894342
2023-10-02 02:40:00,0.7411437755150562,1.0936657327375379,-0.19302212695430152,-0.4199464081327345,-0.41155683833968265
2023-10-02 02:45:00,0.6697553318655143,-0.12569232844425074,-0.18378665331571586,-0.3916337390384255,-0.43753668430464454
2023-10-02 02:50:00,0.6553605567389091,-1.2482110787992022,-0.1767389045945608,-0.4429239769205594,-0.5165655367115134
2023-10-02 02:55:00,0.6517863504315184,-1.3802046180885796,-0.1752200897427193,-0.4276782115286719,-0.46564703305839816
2023-10-02 03:00:00,0.33853408118868367,-1.2247625793364147,1.2804354245921115,-0.4446632467155382,-0.7065241003115212
2023-10-02 03:05:00,0.32172003920228537,-1.226600774112586,-0.17464456869787673,-0.2804111893096122,-0.4526671024733403
2023-10-02 03:10:00,0.3262371553069584,-1.016251504700781,-0.17636387390324143,-0.30394738601796434,-0.4496004416001515
2023-10-02 03:15:00,0.558447374953403,-1.2577072766418627,-0.1779906648160559,-0.2913518439688402,-0.48630969243296446
2023-10-02 03:20:00,0.5715685993026669,-0.5193682016159068,-0.18318311579208368,-0.33542388438756676,-0.42350489859330576
2023-10-02 03:25:00,0.5748573807165515,-0.36316969714768277,-0.18464003541862628,-0.34268143487867986,-0.46112986608686973
2023-10-02 03:30:00,0.586262115750661,-1.1610651291307454,1.2934504294040632,-0.45236093701510727,-0.7169297680858988
2023-10-02 03:35:00,0.5638313673380916,-1.3634913338985704,-0.17432513905091235,-0.30899760749182814,-0.4712472837278925
2023-10-02 03:40:00,0.5649689901054614,-1.461837297802921,-0.17465411205527345,-0.30738523652477995,-0.4304814843847782
2023-10-02 03:45:00,0.4681183703165499,-1.56178397069323,-0.17464845060125633,-0.308124003103732,-0.5570709549000846
2023-10-02 03:50:00,0.4739113609631932,-1.0324779167026503,-0.17746822191569983,-0.2854600255589533,-0.4852921579003191
2023-10-02 03:55:00,0.5293699237799052,1.922373686283082,-0.2003711386855078,-0.39691689540631825,-0.3242574477116862
2023-10-02 04:00:00,0.44527771005049177,0.15094575249895548,1.1335628361728398,-0.5493900446933214,-0.7001439448472654
2023-10-02 04:05:00,0.4022784599471555,-0.7445402709778839,-0.1804514816617958,-0.3207486226261166,-0.45515499132877496
2023-10-02 04:10:00,0.40117681754009277,-0.47276453069271945,-0.1805328023193888,-0.29572522801329726,-0.42856957381228905
2023-10-02 04:15:00,0.6202246624566238,-0.21321362396375096,-0.17696407547764184,-0.29095515147613227,-0.3262505299030222
2023-10-02 04:20:00,0.6308909759859952,0.5411969080237795,-0.18236467340425105,-0.27817978930935033,-0.47771246930781675
2023-10-02 04:25:00,0.6137195747729587,-0.6631584312818555,-0.17523098900296327,-0.21949186743632074,-0.46360975854986775
2023-10-02 04:30:00,0.642012255449669,-0.6907953362749566,1.1724810469784683,-0.4470996188880656,-0.6339148501160886
2023-10-02 04:35:00,0.6326129662112955,-0.4039456773051835,-0.18114030140559526,-0.2872122534135979,-0.4861948593252838
2023-10-02 04:40:00,0.633444139787857,-1.0580191419269789,-0.18069535875440965,-0.3073347513004671,-0.41989450934542305
2023-10-02 04:45:00,0.5852716514976748,-1.0342175731930707,-0.17710901862753725,-0.3102310012021159,-0.366503464528186
2023-10-02 04:50:00,0.5863080855160592,-1.0819348657485415,-0.17732411864196046,-0.3249406684967128,-0.3660519883902861
2023-10-02 04:55:00,0.57797357743706,-1.459824567427693,-0.1730129223909395,-0.40971983887705793,-0.5339147055440884
2023-10-02 05:00:00,0.575614626176719,-1.348204402772718,0.9007140195098122,-0.5968225305831855,-0.6708347020669168
2023-10-02 05:05:00,0.5593921367573371,-1.2556511935287042,-0.17902876446536725,-0.29996617600170944,-0.4332530069474974
2023-10-02 05:10:00,0.56699115119748,-0.8550206599710347,-0.1813458455692788,-0.3675822497618049,-0.32177807870313285
2023-10-02 05:15:00,0.7556119861763885,-0.986013053033231,-0.18327196256788003,-0.38781525096493263,-0.389246940820234
2023-10-02 05:20:00,0.7549208233921747,-1.0921747009843077,-0.18343372037939382,-0.3486291510705756,-0.38920372148220495
2023-10-02 05:25:00,0.7545478912707728,-1.1463251683833817,-0.18171195954071623,-0.4779161676589091,-0.4183460725199408
2023-10-02 05:30:00,0.5774003315209357,-1.1004697035151043,0.953852707394731,-0.5380538633490213,-0.6165035641682538
2023-10-02 05:35:00,0.5621670683024085,-1.0783956658058833,-0.18338898140237017,-0.4906815367048491,-0.4420598172444038
2023-10-02 05:40:00,0.5598443898665656,-1.0637034916868435,-0.18415727798833487,-0.35023662110145826,-0.4413895886819584
2023-10-02 05:45:00,0.8756901919470841,-1.1511184641572356,-0.19043495400530844,-0.3793804327473406,-0.4248919745305748
2023-10-02 05:50:00,0.8790147415842291,-1.1007646998296825,-0.19148288648526618,-0.4023053417278172,-0.3961518078376242
2023-10-02 05:55:00,0.8807946355797852,-1.0684958389772772,-0.19169524752413564,-0.4552339555454284,-0.4223994607402437
2023-10-02 06:00:00,0.29405474228568096,-1.1104528572871073,0.939033276151298,-0.5280982925681371,-0.7257733719278835
2023-10-02 06:05:00,0.2730227367463803,-1.2428482057501578,-0.18389946660326464,-0.4012378570055295,-0.5269647652712951
2023-10-02 06:10:00,0.2741212385074885,-0.6699855259747612,-0.1847608114172113,-0.3647916045812699,-0.4182565389856043
2023-10-02 06:15:00,0.5633959367773539,-0.26695032631256016,-0.19578162042328298,-0.43821436214893045,-0.415208260949594
2023-10-02 06:20:00,0.5614479966254818,-0.8021532276367733,-0.19447018641128305,-0.45849305119535283,-0.44417191248203663
2023-10-02 06:25:00,0.5487223921608709,-1.0377340122495553,-0.18935906797415858,-0.43368418439694373,-0.4264472719245965
2023-10-02 06:30:00,0.5139431203951191,-0.9784413913221812,0.9830447695382867,-0.6243596917350565,-0.6277963101833
2023-10-02 06:35:00,0.4927401781728416,-0.9047374510802028,-0.18886968157957446,-0.5418325921899189,-0.4047517526600946
2023-10-02 06:40:00,0.49298546681797023,-0.7377214413980161,-0.18903517774372097,-0.5387300939157845,-0.4043536595700481
2023-10-02 06:45:00,0.7344768384745419,-0.5547216766512437,-0.195528136465225,-0.42152169925704425,-0.3827062886087654
2023-10-02 06:50:00,0.7332810165016553,-0.5764497791798899,-0.19487239617932806,-0.43902319401532347,-0.41055832264489167
2023-10-02 06:55:00,0.7344738159465636,-0.37770095894031536,-0.19553268371545826,-0.432404895929439,-0.39604817708135537
2023-10-02 07:00:00,0.5604954695981318,-0.18757798858080882,1.2644603011591866,-0.6084472796761521,-0.6009116063430158
2023-10-02 07:05:00,0.5444116111712006,-0.495544258418703,-0.19633599352161377,-0.4959476370644557,-0.47197646556825246
2023-10-02 07:10:00,0.5459521808321018,-0.4471304353379268,-0.19723436697432153,-0.5121016995292191,-0.6670331911318916
2023-10-02 07:15:00,0.5963503604633129,-0.49254264041366014,-0.19687272662185468,-0.44432751210375143,-0.42184942675690856
2023-10-02 07:20:00,0.6061998215323403,-0.21351981774449022,-0.20049297793627976,-0.47264360527194793,-0.3749436076286705
2023-10-02 07:25:00,0.6152065489461163,0.11975873560936531,-0.20398468047623164,-0.5061779660858349,-0.3686962926903719
2023-10-02 07:30:00,0.7787509393069805,0.776461766933937,1.7916246646841478,-0.6283635154575322,-0.5738193949481796
2023-10-02 07:35:00,0.7479872436826668,0.03822672933797005,-0.195165360289394,-0.43299702713525384,-0.42316246608292185
2023-10-02 07:40:00,0.7471241224314548,-0.508188608551403,-0.19391693844035104,-0.47298305772979665,-0.3983193922274345
2023-10-02 07:45:00,0.5463507556375451,-0.36363174562590034,-0.1908179464295015,-0.43784505251009204,-0.39751012767346333
2023-10-02 07:50:00,0.5501906688292044,-0.35914515264033475,-0.19278213891959944,-0.40765025263460375,-0.4075940342416234
2023-10-02 07:55:00,0.5591898687727287,-0.01769193482030785,-0.19622246329666787,-0.4421708442317542,-0.3746770356936211
2023-10-02 08:00:00,0.5147575400971186,-0.1553485578925381,2.4746515037104304,-0.5939925462665138,-0.6198331070411568
2023-10-02 08:05:00,0.47626938977071254,-0.6033784453430368,-0.1839361717608653,-0.3690984742726606,-0.38941443810165793
2023-10-02 08:10:00,0.47182572350717755,-0.7156722418444053,-0.1828755094769768,-0.3223772097386093,-0.4853347532276403
2023-10-02 08:15:00,0.5806476260756579,-0.6953205613185871,-0.18425005038185685,-0.32707326875008663,-0.4826761505519078
2023-10-02 08:20:00,0.5782089120285449,-0.5740122873021896,-0.18285314111287246,-0.35082419008293114,-0.40464403399622934
2023-10-02 08:25:00,0.5808060337505425,-0.6279935862452707,-0.18400096760565798,-0.344423037978089,-0.41607230245985316
2023-10-02 08:30:00,0.459475979123706,-0.8266316846086976,1.2466153313842994,-0.5034385904075458,-0.6554023070310091
2023-10-02 08:35:00,0.4416548094776654,-0.9809345381068362,-0.18547044262619852,-0.38393526651860294,-0.4964757514325019
2023-10-02 08:40:00,0.44328345530901375,-0.7999072732482598,-0.18656914160657406,-0.3688745166599062,-0.5482392016413179
2023-10-02 08:45:00,0.5175225068816612,-0.19120015315037658,-0.1890928000573866,-0.31955555540834435,-0.4702424050426338
2023-10-02 08:50:00,0.5217494616603464,-0.05244999509620319,-0.19023798148234333,-0.36294654306725077,-0.40107781450940183
2023-10-02 08:55:00,0.5230001148943745,-0.6330031214735657,-0.19033015380534335,-0.3792395952704302,-0.45441111684016
2023-10-02 09:00:00,0.8061401778420283,-0.6773441067278378,-0.1959345211115645,-0.41363691417502657,-0.4448432900870743
2023-10-02 09:05:00,0.8055123286452208,-0.34848889810426587,-0.19581027060846895,-0.39280295776149227,-0.3645636784902381
2023-10-02 09:10:00,0.8031108208965393,-0.6206776212249457,-0.1942271514492794,-0.37355313899026504,-0.33956717810184955
2023-10-02 09:15:00,0.7864356897654055,-0.13619359736639008,-0.19928518514781124,-0.41101130357334204,-0.21726206417851066
2023-10-02 09:20:00,0.7754274160392322,-0.5248588491176377,-0.19424133629607873,-0.4376501059000152,-0.22599572455282405
2023-10-02 09:25:00,0.7798275290900143,1.267101140049441,-0.19662550084461472,-0.3988673498121415,-0.19368420646423432
2023-10-02 09:30:00,0.7780004833306047,0.6229977613089454,-0.6779425625456915,-0.34001770829631217,0.14147048228050657
2023-10-02 09:35:00,0.7569029710587571,-0.1078213289350368,-0.19682366589273995,-0.285225692523049,0.11038180162242674
2023-10-02 09:40:00,0.7561051669412436,0.16512976084782557,-0.19499341891972255,-0.24120045464518475,0.7912341178689438
2023-10-02 09:45:00,0.6714130518338244,0.5326167973168903,-0.1956751818798343,-0.17613852099293983,0.772944118643059
2023-10-02 09:50:00,0.6809613351694271,1.5905562342205197,-0.20085863599221243,-0.21801630352475684,1.1537603879053246
2023-10-02 09:55:00,0.6423328063810726,2.142501139198651,-0.18658533871052982,-0.19355834228445376,0.7934876425375768
2023-10-02 10:00:00,0.26017173712016206,-0.4390961796681628,1.5152541871907925,-0.5510227366819499,0.46859432034355514
2023-10-02 10:05:00,0.22186528692569288,-0.817659733307829,-0.187837123475454,-0.38115722472593005,0.40673881176069704
2023-10-02 10:10:00,0.21606674117738597,-0.8643314214645245,-0.1862236998187707,-0.3346192614327599,0.3232521493303735
2023-10-02 10:15:00,0.45488876985889615,-0.9509010115363817,-0.19098340649809417,-0.3123988720687009,0.29744125527453946
2023-10-02 10:20:00,0.45473241846036094,-0.9632512936933754,-0.19184874334384125,-0.32791434771846173,0.29706662751281293
2023-10-02 10:25:00,0.4505001270552064,-1.1674105959844476,-0.1898155467586599,-0.3589009785237767,0.22660239708702618
2023-10-02 10:30:00,0.22029950031679899,-0.8105053837115828,1.0853255422493504,-0.5055427203148677,0.07710682895660886
2023-10-02 10:35:00,0.20386988507436193,-0.7949384443724914,-0.18844945884164557,-0.41156701983110566,0.17384287322057373
2023-10-02 10:40:00,0.20015798412515298,-1.1345390581224706,-0.18700681912669795,-0.40220654311403803,0.13096298153939956
2023-10-02 10:45:00,0.472690085663399,-1.1190251601167582,-0.18988190543772862,-0.4153078135210016,0.04139085209358729
2023-10-02 10:50:00,0.47434366388400334,-0.9325333115648122,-0.18962065687506166,-0.5198692106338112,-0.025667442071340585
2023-10-02 10:55:00,0.4732177288943502,-1.0070057417667746,-0.18906186506163847,-0.513907490807073,0.013572025598572514
2023-10-02 11:00:00,0.3831128479841169,-1.0676317271288551,1.091333233007464,-0.6120704245289013,-0.1706389829860458
2023-10-02 11:05:00,0.36715354905607217,-1.1779030224758147,-0.18315145066662258,-0.4801946343604509,-0.16339646010395634
2023-10-02 11:10:00,0.3684101068463861,-1.0992124134057413,-0.18385904151129268,-0.4832879879684956,-0.25585705779911316
2023-10-02 11:15:00,0.16410814888786016,-1.1115207850198163,-0.18958247122989896,-0.5202283662158379,-0.21332330866044424
2023-10-02 11:20:00,0.16281139266497316,-1.0355879465026905,-0.18875024674722857,-0.51337819481769,-0.04062121358876752
2023-10-02 11:25:00,0.16405916030856615,-0.9182857897085852,-0.1884044504098571,-0.5137417040611905,0.333953288818342
2023-10-02 11:30:00,0.14604870870382852,-1.1554887922059491,0.6436437011059541,-0.6595705999427068,-0.2235204842722379
2023-10-02 11:35:00,0.1330500723000358,-1.1407879851389682,-0.1933381970033968,-0.4486773489607634,-0.03522234107692985
2023-10-02 11:40:00,0.13486685445625246,-1.055948427053015,-0.19329513600217307,-0.551334959036437,-0.20896989722951634
2023-10-02 11:45:00,-0.33670440669450424,-1.055182986402954,-0.18692268247731184,-0.4863504001031676,0.09377703206909342
2023-10-02 11:50:00,-0.32009964948290703,-0.6591475283511283,-0.1937786828447076,-0.43539389630539366,0.6406029482966602
2023-10-02 11:55:00,-0.33969744147324926,-0.7109414860328015,-0.18762031376559588,-0.4073820925105663,-0.013441706412732492
2023-10-02 12:00:00,0.23087336600084582,-0.5698939847830325,0.3814604951975895,-0.362949165668647,-0.10530597515437394
2023-10-02 12:05:00,0.23307455681675032,-0.21326299098283324,-0.19707340540620788,-0.1507423329872269,0.15978757397734972
2023-10-02 12:10:00,0.23698727728284746,0.2880823771431947,-0.19878100233456986,-0.10430842892595386,0.04379458378979132
2023-10-02 12:15:00,0.6374545022677464,0.24823152701988102,-0.20598719657242848,-0.09117575775986163,0.8888919280373009
2023-10-02 12:20:00,0.640035914875264,-0.28818572210574833,-0.20398780545310063,-0.184121909498435,2.1961484311187354
2023-10-02 12:25:00,0.6366331922765861,-0.41252000650944765,-0.20652142038769347,-0.3557718385893344,0.6164433151290643
2023-10-02 12:30:00,0.3028535368294923,-0.8399987863939552,1.0197289091544224,-0.48652581385156657,0.1402535171679837
2023-10-02 12:35:00,0.28450451696676127,-1.2759711302096233,-0.19330604415892816,-0.3934316632840616,0.06739775164269013
2023-10-02 12:40:00,0.2802624486803406,-1.1647068220883754,-0.19184775681992777,-0.3910301297184006,-0.042224464229517006
2023-10-02 12:45:00,0.4284171622973683,-0.8261316846890264,-0.19838714528009577,-0.3940906346553759,-2.4035731895179414e-05
2023-10-02 12:50:00,0.4312219285117188,-0.6788634292912376,-0.19928660113062602,-0.4270748903355478,-0.0651153480979673
2023-10-02 12:55:00,0.43240706744162144,-0.47575032484401314,-0.20029424138699564,-0.41446865698217017,-0.13055648770992823
2023-10-02 13:00:00,-0.12245133906791486,-0.5921131964793817,0.6043915136011339,-0.5263176402664184,-0.31758318042301154
2023-10-02 13:05:00,-0.14177552961111448,-1.052662632676299,-0.19269318533771007,-0.3970531137487732,-0.27408186795208533
2023-10-02 13:10:00,-0.14858667359959274,-1.275882166201738,-0.19000463449293808,-0.36621139091285754,-0.2653448985206776
2023-10-02 13:15:00,-1.0620396894046373,-1.4630037556637427,-0.18899939771637508,-0.3698772428415602,-0.36414295683042913
2023-10-02 13:20:00,-1.0538903412823764,-0.9145751977461233,-0.19238451994194475,-0.4068961982511064,-0.3716886323960398
2023-10-02 13:25:00,-1.0508204604201445,-1.0199960050001053,-0.19186446968624463,-0.5509755137452899,-0.3986592767595623
2023-10-02 13:30:00,-1.9660526103653706,-1.2697187188581263,0.1307737575964387,-0.6371564369649398,-0.5439754408292593
2023-10-02 13:35:00,-1.9785584440752364,-1.2238025740421787,-0.19021233364151036,-0.5459477908486348,-0.3202914329055155
2023-10-02 13:40:00,-1.9773120563742659,-1.1023109465506848,-0.19077276809798213,-0.5507188526654546,-0.33269338930753595
2023-10-02 13:45:00,-1.5895482715421194,-1.0922883947140565,-0.19791224576845826,-0.5017245160482185,-0.3453137229608184
2023-10-02 13:50:00,-1.5898482773647706,-1.0742324296125592,-0.19757332444054818,-0.500681461837902,-0.23875931148463436
2023-10-02 13:55:00,-1.588529764839993,-0.8922735030794342,-0.19693342480291645,-0.5997003402340992,-0.21258005070167194
2023-10-02 14:00:00,-1.4810418296081977,-0.7218846828910944,0.5772161089109286,-0.6564814242648286,-0.40540857593391544
2023-10-02 14:05:00,-1.4833282726119128,-0.3156669893427175,-0.19686026470299675,-0.46299332521072273,-0.25436979829481327
2023-10-02 14:10:00,-1.4748142465208745,-0.12516199211913107,-0.20018788155865866,-0.4837434426508555,-0.23506922125860538
2023-10-02 14:15:00,-0.5723954566390512,-0.4029407916779004,-0.20489749725886205,-0.5475199317649492,-0.1183335632902653
2023-10-02 14:20:00,-0.5689319991727965,-0.5295742857032223,-0.20599438232739467,-0.5817529159541971,-0.19659536237105849
2023-10-02 14:25:00,-0.5676258085317839,-0.3306989863407652,-0.20658431237845581,-0.585228388787695,-0.19551214589676846
2023-10-02 14:30:00,-0.7469725961966558,0.45363674390866726,-0.201793844512519,-0.4211647436465735,-0.19590221996131427
2023-10-02 14:35:00,-0.7328088239381629,1.4493574001408516,-0.2065883206139119,-0.02662360017458766,-0.1382133982988101
2023-10-02 14:40:00,-0.7168415270335947,2.3396674592550077,-0.2189332141551621,0.25821773184573377,-0.08110597993472778
2023-10-02 14:45:00,-0.41248556710481,1.8544693057384785,-0.23364110044560593,0.055441342682483526,-0.13935115588132885
2023-10-02 14:50:00,-0.3998717888932514,1.8633341074071825,-0.23595834457189965,-0.17971464541702017,-0.027445868301739305
2023-10-02 14:55:00,-0.40270771311589143,1.3919364096503213,-0.23386271374627005,-0.3814202129274655,-0.0733117245075616
2023-10-02 15:00:00,-0.4610581493546837,1.4854107864628388,1.6212391043785193,-0.4641380402919138,0.028112989944875315
2023-10-02 15:05:00,-0.45517778011007237,1.7788738435179725,-0.22549880754843596,-0.37743904732723443,-0.12511335407561652
2023-10-02 15:10:00,-0.4672027824939823,1.547521599625821,-0.22576842261093782,-0.0016883773223651405,-0.1677869504912112
2023-10-02 15:15:00,1.308484802444808,1.6284649682361323,-0.2582641187662999,-0.28795246822342613,-0.019373358001951727
2023-10-02 15:20:00,1.3051557057670409,1.6125965578211543,-0.2525446346444193,-0.652610924794151,0.01222310202481818
2023-10-02 15:25:00,1.2866202465313912,2.627741740525537,-0.24683469787131176,-0.5717379574864803,0.09470149195209546
2023-10-02 15:30:00,-0.15841119474426976,2.3415164208354047,5.981473713243426,-0.6963833491517902,-0.29257926942390866
2023-10-02 15:35:00,-0.1792989719219749,1.3185255416386228,-0.2228226865303834,-0.5312318627346638,-0.15166863712556686
2023-10-02 15:40:00,-0.17399568367566093,1.2510634179836986,-0.22450795978892288,-0.5513121436426286,-0.054873484015053396
2023-10-02 15:45:00,-0.20920751267324847,0.7084772029739174,-0.21696257629150295,-0.540465707286743,-0.1419506526867995
2023-10-02 15:50:00,-0.22907845878144803,0.5199111599848484,-0.2095545305628505,-0.46667575219631624,-0.1818603335061039
2023-10-02 15:55:00,-0.23304010660416316,1.2682372232390302,-0.21176503173633335,0.19971688860403544,-0.21297453500620964
2023-10-02 16:00:00,-0.39626978043543354,0.5933346882108432,11.507173018220357,0.40711019808147786,0.19114037396823993
2023-10-02 16:05:00,-0.41363133995007695,0.4102156771968032,-0.21969371069589771,-0.33553563363797745,-0.16559090224194817
2023-10-02 16:10:00,-0.42124398100459476,0.6575238518683301,-0.2153204493156354,-0.4606255322062442,-0.22623153646109076
2023-10-02 16:15:00,0.602179101743235,0.843797407456328,-0.21576167678634928,-0.4528980388003588,-0.143289405169962
2023-10-02 16:20:00,0.6004877271595179,1.1210424225052127,-0.21527789963238408,-0.4501260333948886,-0.11748843881630973
2023-10-02 16:25:00,0.6316816251993,1.4644143294915597,-0.22707115215924317,-0.5560514357692291,-0.1231976198356255
2023-10-02 16:30:00,1.0386077927772654,1.5437387376983356,7.797740181318281,-0.46437041477644625,-0.07636792929000093
2023-10-02 16:35:00,1.050487350442914,1.7366293221649554,-0.217121160786907,-0.48606320690628413,-0.1296512843160336
2023-10-02 16:40:00,1.0463625399416865,1.4878643269584948,-0.21548132418653027,-0.4752622885409983,-0.17271163740636974
2023-10-02 16:45:00,0.9058314593600102,2.21258783096155,-0.2389806788277473,-0.6678300568653077,-0.0854953592965069
2023-10-02 16:50:00,0.8799433371997468,0.9575800528869297,-0.22924182260056047,-0.5310373173236281,-0.023036479726800996
2023-10-02 16:55:00,0.8711107887708673,0.8379954379855502,-0.22598341511219877,-0.5269627863479468,-0.1895281118481022
2023-10-02 17:00:00,0.7523802661040925,0.4297651081249317,5.62020093682004,-0.6499936804023682,-0.22477972835807764
2023-10-02 17:05:00,0.7349829065641226,0.04840172387787232,-0.21583707258574958,-0.5244948594669445,-0.1702697071870063
2023-10-02 17:10:00,0.728554224738312,-0.06832249281201497,-0.21353508394455062,-0.49786321985853904,-0.18790140210484352
2023-10-02 17:15:00,2.052050119747614,0.12022033677806346,-0.20471578769542473,-0.4107776655101342,-0.24213754567986737
2023-10-02 17:20:00,2.0579453166200263,0.4302433271891171,-0.207397854129984,-0.39987702304106076,-0.21072784034255612
2023-10-02 17:25:00,2.072636470832073,0.6641703770662662,-0.21320179148377405,-0.4587033750958747,-0.32099940270284494
2023-10-02 17:30:00,0.8822092969070368,0.5130098687985455,4.1609756804646505,-0.5851765853282208,-0.3757648773240373
2023-10-02 17:35:00,0.8736900678587268,0.5345449678371226,-0.21959862009498932,-0.5160587224135629,-0.20842760623127668
2023-10-02 17:40:00,0.8790734198448035,0.33076914606293834,-0.22181343093357173,-0.5380538552876781,-0.3652408609290221
2023-10-02 17:45:00,0.8208269671726127,0.3228807209307735,-0.22026296093125666,-0.5327170321202225,-0.35073925223564
2023-10-02 17:50:00,0.8151407682378672,0.38558094039097013,-0.21853081364886057,-0.4356234677849652,-0.29978399367467035
2023-10-02 17:55:00,0.7865717011162368,0.858883322536916,-0.20946725518304546,-0.26500711134188987,-0.25025766887397083
2023-10-02 18:00:00,0.4967911162538369,1.2478382804462689,5.116958645997186,-0.353146223158171,-0.3885489417879985
2023-10-02 18:05:00,0.4899809346167823,0.6979080100159699,-0.20102522258847363,-0.26885354539493533,-0.3199441457376888
2023-10-02 18:10:00,0.5056302660812558,0.16318472569310036,-0.21024945330634673,-0.028950543792348384,-0.3720127781181422
2023-10-02 18:15:00,0.6063404717045292,-0.14260713796119048,-0.21778711462673228,-0.26407791388477647,-0.3966250547033308
2023-10-02 18:20:00,0.5910726891232593,0.0030196048090431965,-0.21036517847963715,-0.3615692353512223,-0.3289850907644746
2023-10-02 18:25:00,0.5599406861868559,0.5455932831123486,-0.19939575624531194,-0.24531805736020534,-0.37551986342489274
2023-10-02 18:30:00,0.4120233069391897,-0.06909402177074819,3.1306788729419672,-0.4273760111540712,-0.5560554808504823
2023-10-02 18:35:00,0.39275699704241424,0.046208338834652855,-0.2022560203144142,-0.3161833801875469,-0.46010634293198877
2023-10-02 18:40:00,0.3696066792517834,0.33079872727552245,-0.1940293769854496,-0.21957362585688978,-0.4347961165602344
2023-10-02 18:45:00,0.10139397792795866,0.04917384813756082,-0.19472025485162028,-0.22578606307833915,-0.39660541934997723
2023-10-02 18:50:00,0.08840664417527302,0.061711970192103775,-0.18991539933556378,-0.1864519202898558,-0.3919148890567
2023-10-02 18:55:00,0.10118794344661251,-0.35414071901175337,-0.19395024626018514,-0.27081193348202104,-0.38456788153444105
2023-10-02 19:00:00,-0.16615393725582897,-0.42371654649762114,2.156499741949188,-0.40010559657133615,-0.3520861282422137
2023-10-02 19:05:00,-0.17657855076526469,-0.6051553961007294,-0.19385051854489677,-0.35825151379893727,-0.3610909408190609
2023-10-02 19:10:00,-0.1867606813582943,-0.5709477804884863,-0.1907093749107116,-0.27946446939794195,-0.3670562121437404
2023-10-02 19:15:00,-0.5613405421647367,-0.6021816327186794,-0.19488080194106344,-0.36166363673799384,-0.3725461011287631
2023-10-02 19:20:00,-0.5647481474144537,-0.6261791433536494,-0.19362252634021018,-0.34891605492226,-0.37480402274349356
2023-10-02 19:25:00,-0.5675920162218953,-0.7350690141053353,-0.19270518417894583,-0.33921651981312256,-0.4568462368340882
2023-10-02 19:30:00,-0.39221332457317676,-0.8075627545701092,1.0748123031675103,-0.4577055364008121,-0.5428088706054008
2023-10-02 19:35:00,-0.39145996774824693,-0.8947900766389254,-0.20033911851090533,-0.47309497319948396,-0.4421464233216615
2023-10-02 19:40:00,-0.39135879517921673,-0.8169653192761535,-0.2008009477671167,-0.42228096440398816,-0.34776114004230596
2023-10-02 19:45:00,-0.5211195049619732,-0.57297702920193,-0.203818984740975,-0.4528334994882185,-0.3414655375618946
2023-10-02 19:50:00,-0.52725711865372,-0.7119621304210639,-0.20143073427633296,-0.44238143780820643,-0.3725207795542344
2023-10-02 19:55:00,-0.5270802790072767,-0.9440765970569469,-0.2007997544748659,-0.46912215971606647,-0.2796803255896083
2023-10-02 20:00:00,-1.1136840741405054,-0.8549789286950937,1.2173576676838536,-0.5502074614362465,-0.358978761509768
2023-10-02 20:05:00,-1.1269731706833375,-1.1739856177654746,-0.19650632873143958,-0.4609280537388997,-0.25066129127155723
2023-10-02 20:10:00,-1.133216562680271,-1.2521770613735268,-0.19396417953447112,-0.47101850272202234,-0.3354374298488972
2023-10-02 20:15:00,-1.1079428484798248,-1.1877637068189462,-0.1950949554971106,-0.471923966332255,-0.2748271805301375
2023-10-02 20:20:00,-1.1018510773151384,-1.1809692904888238,-0.19747069031863881,-0.4794344846786453,-0.2438911485493858
2023-10-02 20:25:00,-1.097389243701488,-1.0682695179257178,-0.19918464692069146,-0.5261385250436721,-0.3881082663451506
2023-10-02 20:30:00,-1.0056560879125271,-1.0073433602992226,0.5156558425386116,-0.5087957613231894,-0.4746731932928064
2023-10-02 20:35:00,-1.0159060210085566,-1.0974174861146289,-0.19341660881685388,-0.4705746463884698,-0.36258792685697033
2023-10-02 20:40:00,-1.0043351169653894,-0.9850988650488658,-0.1979099679789354,-0.5121876554838638,-0.4482553900487934
2023-10-02 20:45:00,-1.2086244636807253,-0.7948916534944752,-0.1991588141022298,-0.5268331562134293,-0.4337759241319458
2023-10-02 20:50:00,-1.2102745245184605,-0.8787693404433443,-0.19725223744833398,-0.6165001122417673,-0.40984329841994477
2023-10-02 20:55:00,-1.2101261371074112,-0.9105312560766537,-0.19813036795788713,-0.5249623236154279,-0.2881791319117438
2023-10-02 21:00:00,-0.977799821337679,-0.8109561336512908,0.3940609788727266,-0.5948761401508851,-0.38758114662126086
2023-10-02 21:05:00,-0.9869108726331759,-0.8967798600813399,-0.1964543973167326,-0.5160054460241721,-0.3645959829209358
2023-10-02 21:10:00,-0.9853396458783797,-0.8970405443359648,-0.19721509215091362,-0.5227717253331107,-0.443632786931629
2023-10-02 21:15:00,-1.3917387808460826,-0.9508257164821949,-0.199137101681212,-0.5362744406384182,-0.3163095465108404
2023-10-02 21:20:00,-1.3941589093017006,-1.0634309861112698,-0.197958110613307,-0.5248592525875589,-0.22457835904157572
2023-10-02 21:25:00,-1.3953312624115874,-1.1093943512093594,-0.19769811907883847,-0.5227076784598302,-0.3054822314806096
2023-10-02 21:30:00,-1.7771416997840384,-1.1512809148137675,0.07216031040809211,-0.5407765145222517,-0.282104243915746
2023-10-02 21:35:00,-1.784843707832128,-1.2299923916519795,-0.1977680779807369,-0.6168241338770326,-0.3928239181269694
2023-10-02 21:40:00,-1.7820021324146307,-1.204419740097158,-0.1988608573263103,-0.6289103496492898,-0.40430123842599314
2023-10-02 21:45:00,-1.5369254239730523,-1.1584280539134115,-0.2037955177817769,-0.5592434946728868,-0.32455679568019463
2023-10-02 21:50:00,-1.5354625008076837,-1.0733607311652482,-0.20445390022618218,-0.5554339901764671,-0.3366996621041275
2023-10-02 21:55:00,-1.5283411619946714,-0.9738708044033836,-0.20713187798429417,-0.5846410845035276,-0.33197240980971493
2023-10-02 22:00:00,-1.4404372450691845,-0.9484988116060191,-0.200165853698604,-0.5417273011100125,-0.36021205768690556
2023-10-02 22:05:00,-1.4436658501362674,-0.8907853344822662,-0.19918750893943968,-0.531704054649569,-0.42901252972641907
2023-10-02 22:10:00,-1.4518739049504867,-1.1132460483011273,-0.19645826739292657,-0.46857478713931544,-0.43408407803000176
2023-10-02 22:15:00,-1.567187373525954,-1.2553403067345201,-0.194318131956223,-0.4841361398346784,-0.37860611587529214
2023-10-02 22:20:00,-1.5691912248988555,-1.2696964444123033,-0.19375650406765282,-0.47622340460837925,-0.4599792922473411
2023-10-02 22:25:00,-1.5691396014059322,-1.322490504285381,-0.19428544858949134,-0.43117272269180457,-0.5126205360167335
2023-10-02 22:30:00,-1.3796644619555094,-1.365272886826751,-0.4489303708226035,-0.3147508803853521,-0.5176210151308801
2023-10-02 22:35:00,-1.382794646570801,-1.2588308067770713,-0.19157300402184008,-0.2087106068625846,-0.6470351422376487
2023-10-02 22:40:00,-1.3776804304507548,-1.2462584182092393,-0.19050345439596564,-0.40238208717114554,-0.2906745305460547
2023-10-02 22:45:00,-0.9153208482280872,-1.1753258818596908,-0.1899956149253727,-0.39260419642033434,-0.3007884680455574
2023-10-02 22:50:00,-0.915044984519704,-1.1977070686889117,-0.19023471637594258,-0.4505347894482581,-0.6574509185514447
2023-10-02 22:55:00,-0.914205464761003,-1.2412125560890057,-0.1911187853177735,-0.40491157683123596,-0.6561394044230431
2023-10-02 23:00:00,-0.7813947254950384,-1.2498574651256196,-0.04491548597806959,-0.4246468542170446,-0.400160988872862
2023-10-02 23:05:00,-0.7885892120972324,-1.3275216785690112,-0.18529147223320408,-0.41719463680913477,-0.32898883782440236
2023-10-02 23:10:00,-0.7879719668999011,-1.3121836466092027,-0.18682783464617636,-0.3856164429908538,-0.6838883867017139
2023-10-02 23:15:00,-1.3213265632252524,-1.2572892018355366,-0.1889079614238341,-0.39159610677136814,-0.3157856996384001
2023-10-02 23:20:00,-1.32037344758095,-1.1828396773648335,-0.1893103690549015,-0.3964358708746213,-0.31510564375420214
2023-10-02 23:25:00,-1.3192038401345254,-1.1630958413138588,-0.19058128743118236,-0.40484172086686676,-0.6702653038802874
2023-10-02 23:30:00,-1.0503433645153997,-1.1735144054731288,-0.02193457763265392,-0.4405027879199927,-0.7467768780949036
2023-10-02 23:35:00,-1.0549227932612646,-1.179299568137418,-0.18661633621943002,-0.4275282288010346,-0.6853655974297681
2023-10-02 23:40:00,-1.0551850291439886,-1.0247022027117698,-0.18598463910879054,-0.40616398546364196,-0.3289800646577805
2023-10-02 23:45:00,-0.47086203058813086,-0.9237541413994357,-0.18026150142980285,-0.36894742450181905,-0.3734326655945018
2023-10-02 23:50:00,-0.4708114707298255,-0.9500253699858532,-0.1806749914549219,-0.35261794807600594,-0.46654771926801564
2023-10-02 23:55:00,-0.46903207424114735,-0.8827958631346936,-0.18140654598662423,-0.3479359854030789,-0.4250990765072169
2023-10-03 00:00:00,-0.4775181919253271,-0.56434542687766,0.29232452432797185,-0.34828781194182046,-0.4239478232894167
2023-10-03 00:15:00,0.6839420636673099,-0.42931638907277614,-0.17724423805852854,-0.3504859624222022,-0.47114198557044673
2023-10-03 00:20:00,0.6870539780445275,-0.2526672626665353,-0.1786498421313853,-0.34431461109055184,-0.4552850649231708
2023-10-03 00:25:00,0.6960106969736283,-0.0023033458432948164,-0.18256478445613197,-0.33860071105393147,-0.46185220166377555
2023-10-03 00:30:00,0.7114944171582263,0.04063191591070301,1.102848648259043,-0.4010658899018369,-0.5600510301594538
2023-10-03 00:35:00,0.6993568057823006,-0.16340013886615096,-0.1788303573847951,-0.32910172345589994,-0.5379207611070816
2023-10-03 00:40:00,0.6939492622672171,-0.375095235020332,-0.1764900335327238,-0.33076094102989084,-0.5553855082586784
2023-10-03 00:45:00,0.6575454347443006,-0.42754293564070367,-0.1738892678660741,-0.2618785199902412,-0.5096476337700053
2023-10-03 00:50:00,0.6549591487205517,-0.4994909118397882,-0.17309726997485436,-0.2544510244492585,-0.5915058390631012
2023-10-03 00:55:00,0.6536869763126152,-0.5726603964772118,-0.17231035033804998,-0.23043942521612926,-0.5253879400912224
2023-10-03 01:00:00,1.5991001196362788,-0.5084034340303762,1.2419038939473575,-0.21953803261093918,-0.6685895889727841
2023-10-03 01:05:00,1.5931982450163202,-0.5018160038155534,-0.17085309409295954,-0.2638773702456528,-0.5642151630255481
2023-10-03 01:10:00,1.5927285242409877,-0.530750879507858,-0.17073129160256326,-0.25669469632158165,-0.5644628764497649
2023-10-03 01:15:00,1.7246872744833341,-0.7012448635976405,-0.16779604648127425,-0.17331676097389168,-0.5054108221119638
2023-10-03 01:20:00,1.7201331224230152,-0.8514799940257024,-0.16646007785976627,-0.06383402311779221,-0.5070258461773804
2023-10-03 01:25:00,1.7186433309628995,-0.913938116966245,-0.17001263560089094,0.2815461466944708,-0.5024507753684354
2023-10-03 01:30:00,0.9842909810939817,-0.9450444331673415,1.284118825465278,0.09804702792331187,-0.49221913848906745
2023-10-03 01:35:00,0.9864949742732191,-0.869872757634047,-0.17143364939387445,-0.19086659923855986,-0.49864554606431893
2023-10-03 01:40:00,0.9931645448323093,-0.6749341385173173,-0.17442130224357233,-0.06514039020806373,-0.5316192484068974
2023-10-03 01:45:00,1.818914155735807,-0.41037028194403424,-0.16984299201410605,0.6751496408827387,-0.5303622143096909
2023-10-03 01:50:00,1.812604751389687,-0.2912887354671879,-0.1684113086964663,0.7043896297986396,-0.4942509758166789
2023-10-03 01:55:00,1.81878977714514,-0.3593777454352812,-0.17083912327711745,0.7875755121890148,-0.5285430055688538
2023-10-03 02:00:00,2.7833165316503954,-0.33360441024599485,2.074195829000862,0.9230675078203459,-0.6212272899705649
2023-10-03 02:05:00,2.7762616396825073,-0.31438402126489673,-0.15926973085765925,1.1176393610556272,-0.4554084641073902
2023-10-03 02:10:00,2.7734288575487454,-0.36475553381780873,-0.15801346399680402,0.9867072244955721,-0.5530429843046302
2023-10-03 02:15:00,3.4387199698600646,-0.366360438802586,-0.15162992191543026,0.9409789535871017,-0.4842961397223337
2023-10-03 02:20:00,3.4397453415772348,-0.25195498895755364,-0.150430349262505,0.6527482652737042,-0.56825014984954
2023-10-03 02:25:00,3.4378237723061194,-0.29439353348161734,-0.150591057030986,0.7564612558521008,-0.5145900499501274
2023-10-03 02:30:00,2.538874230832135,-0.42340688943106525,5.345985682343994,0.5006687549868545,-0.7950257297125675
2023-10-03 02:35:00,2.512261189873301,-0.8496390885665747,-0.1491934821401569,0.5675683667060658,-0.5894035294279946
2023-10-03 02:40:00,2.51114133859829,-0.9444460241788111,-0.14772480969477056,0.4476592821130565,-0.605624826186241
2023-10-03 02:45:00,1.2365407888504414,-1.051777239561017,-0.16227545067711238,0.3809583215484545,-0.5259939366649765
2023-10-03 02:50:00,1.2364777009726067,-1.140083408986327,-0.1622167341183193,0.42518397449035844,-0.5254016208139265
2023-10-03 02:55:00,1.2346764924531461,-1.1971733958825637,-0.1619519514828396,0.4853857664505587,-0.5524429467489272
2023-10-03 03:00:00,0.6020466988790466,-1.215825752401648,2.3491453647593925,0.4982442796334274,-0.7313607425094635
2023-10-03 03:05:00,0.5847923113107861,-1.3945064803774798,-0.1713774386935775,0.5658155292755664,-0.5967803341038449
2023-10-03 03:10:00,0.5858266893496556,-1.4877044288928307,-0.17262359157500867,0.9560594371916279,-0.6030490831624542
2023-10-03 03:15:00,0.054456016513127224,-1.397860757190937,-0.17759964221777236,1.1337217892278348,-0.5477046030557468
2023-10-03 03:20:00,0.056345661459629985,-1.3765075962014641,-0.17715468001126397,0.5573180288768822,-0.5691625297625565
2023-10-03 03:25:00,0.0581625892218347,-1.264988881972841,-0.1779760740763269,0.43003908212052294,-0.7124337219579947
2023-10-03 03:30:00,-0.13512739457290493,-0.9257453189136184,1.42189521371378,0.327310363238726,-0.7794362465898537
2023-10-03 03:35:00,-0.13428503987832321,-1.0464903262004424,-0.1801273950010834,0.2811077457003248,-0.5343923000794487
2023-10-03 03:40:00,-0.13382805866477362,-1.131222682389755,-0.17914475550403386,0.25227804064233744,-0.561316791935182
2023-10-03 03:45:00,-0.2204641606342543,-0.8766336482830309,-0.18952197316080727,0.19760266159568152,-0.5251048146205287
2023-10-03 03:50:00,-0.214541803312392,-0.08227320278824683,-0.1919552759689806,0.08733947845295854,-0.44180614113639727
2023-10-03 03:55:00,-0.21090621619452302,0.16329342883780726,-0.19204432832308563,0.2411338395384017,-0.356370313746765
2023-10-03 04:00:00,-0.797939588442588,-0.31649103643835047,0.4117474657219672,0.32549729056777155,-0.5275346486238186
2023-10-03 04:05:00,-0.78641993500959,-0.046363332944260836,-0.20326228968896007,0.010669734655822612,-0.40408564248008083
2023-10-03 04:10:00,-0.7724348373576582,1.1426240100715588,-0.20659105470172878,-0.050475233140233694,-0.26043665837286434
2023-10-03 04:15:00,-0.7805024889636708,0.9529163777752626,-0.20776098952234417,-0.18989408628483204,-0.22477048256986656
2023-10-03 04:20:00,-0.7940808897465663,0.0903983334637738,-0.20238507207653064,-0.25750084823023695,-0.3032134888278216
2023-10-03 04:25:00,-0.7881312949733411,0.24535328354619565,-0.2044108662207434,-0.296352528256884,-0.3261144648050076
2023-10-03 04:30:00,-1.1935955369961067,0.09142067944593188,-0.5068104319939745,-0.331335554996662,-0.4116206786324226
2023-10-03 04:35:00,-1.2074907684341156,-0.21437584306314855,-0.19456878577948492,-0.29000349522833035,-0.41089559706290174
2023-10-03 04:40:00,-1.2053891143516455,0.49673914212618564,-0.19696895103138298,-0.24161324942091586,-0.3278024000872252
2023-10-03 04:45:00,-0.9710883755440084,2.375831768894004,-0.20302504407342886,-0.21481394896777248,-0.16743437682617895
2023-10-03 04:50:00,-0.9900019381213965,2.2406796483567355,-0.1956961253286658,-0.16287238892188202,-0.24699204949063058
2023-10-03 04:55:00,-1.0092223644582157,1.715305287966209,-0.1888520323147057,-0.08980044891344359,-0.3001325943261691
2023-10-03 05:00:00,-1.0088409457281244,4.254268872495854,-0.3441317811184084,-0.05507674663722327,-0.23025876929239505
2023-10-03 05:05:00,-0.995162851942346,4.092465242227589,-0.19639639013135946,-0.10055054185875097,-0.22539471781655585
2023-10-03 05:10:00,-0.998362270205758,1.814275058433278,-0.1928787550251114,-0.16250769460555553,-0.23104851295406903
2023-10-03 05:15:00,-1.0323396807235539,1.5216800901444971,-0.2002985601735868,-0.29104595622729934,-0.2836332807531301
2023-10-03 05:20:00,-1.035814932334494,1.948498044634652,-0.20005153934274858,-0.21523996116378635,-0.25775066621906273
2023-10-03 05:25:00,-1.0421246122984735,2.32276205530946,-0.19761056269937172,-0.216535856459664,-0.20854444638753583
2023-10-03 05:30:00,-1.3338249416543857,1.3805553625976854,-0.19904414847347865,-0.2831193571730532,-0.22941136450874045
2023-10-03 05:35:00,-1.3367126543293342,1.1133152152015422,-0.19876346203207926,-0.2310381506513472,-0.3109476298192233
2023-10-03 05:40:00,-1.3418037055343852,1.1834758061030024,-0.19778589596311935,-0.13817913134950255,-0.3530201461495096
2023-10-03 05:45:00,-1.4230271342251999,2.549029235856527,-0.19896762796465423,-0.104009259285933,-0.2597565302771549
2023-10-03 05:50:00,-1.4120511468935952,1.5932301878116868,-0.20226780584265167,-0.16070639726872724,-0.20043084659364088
2023-10-03 05:55:00,-1.4167155119939374,1.6851951571843027,-0.1989929180621787,-0.2814250351467339,-0.21901880723417125
2023-10-03 06:00:00,-1.4376892958151664,0.3262653577897195,-0.19873163873857905,-0.39685930733482805,-0.31485684202918574
2023-10-03 06:05:00,-1.4309435155658432,0.5069086186611294,-0.2015237122632963,-0.41029621598311855,-0.35008237121498453
2023-10-03 06:10:00,-1.4238854193211143,0.3555076407632572,-0.20365776617301107,-0.47904101208241573,-0.38633770870670053
2023-10-03 06:15:00,-1.557336194975525,0.17378067338722253,-0.20289572106397852,-0.46627413039578625,-0.3225509135177006
2023-10-03 06:20:00,-1.5597091744949072,-0.33658271232419995,-0.20089480825378014,-0.5179958010551455,-0.28560365019133666
2023-10-03 06:25:00,-1.5644612488111227,-0.7185677893511506,-0.19931521695244916,-0.4850051607914354,-0.3689117038141616
2023-10-03 06:30:00,-1.4631597525130575,-0.7354164346350252,-0.5957838018932206,-0.5090060539787769,-0.37140375816608046
2023-10-03 06:35:00,-1.4571502424416918,-0.6710409963368454,-0.20520691762543644,-0.5057619412448439,-0.3767696794119185
2023-10-03 06:40:00,-1.4526708274692917,-0.4114137698325338,-0.2069651023536481,-0.5279678106238771,-0.3870000623193261
2023-10-03 06:45:00,-1.3334639112751985,-0.269404198538829,-0.2087573821100958,-0.5709785315901024,-0.3074285678620971
2023-10-03 06:50:00,-1.3427981321430233,-0.14263281456804194,-0.20587044281638336,-0.5050070178472887,-0.3262451205375337
2023-10-03 06:55:00,-1.3445248664967144,0.030842344187396165,-0.20555676160705136,-0.4854582702534488,-0.36700977802822415
2023-10-03 07:00:00,-1.5242843378053466,0.8882785488574524,0.3203966241280486,-0.4244800683671111,-0.32257645019939596
2023-10-03 07:05:00,-1.520828403362748,0.5740823141132,-0.20785762329619464,-0.45671776626189425,-0.44588899389307757
2023-10-03 07:10:00,-1.516733009075951,0.0892090748297107,-0.20894952467548078,-0.4780150755478251,-0.47048578455885764
2023-10-03 07:15:00,-1.3406942918897051,0.834310415342159,-0.2112072394321877,-0.461758721564053,-0.4623589165863284
2023-10-03 07:20:00,-1.3360461362827447,4.275559392171282,-0.215860476516744,-0.3365780358183918,-0.33335196240546355
2023-10-03 07:25:00,-1.3490923392998277,4.320580487739636,-0.21204330510480843,-0.1645789869384457,-0.2864536457953023
2023-10-03 07:30:00,-1.2764274606251143,4.847435765359248,0.026524593685082417,0.013784896565155172,-0.2874257933220889
2023-10-03 07:35:00,-1.2900643075461868,5.424949506604398,-0.19417135696471333,0.08560625449384696,-0.04175049722656536
2023-10-03 07:40:00,-1.2830093399737272,5.816519365445048,-0.1959012097302269,0.15870975173132656,0.018276141399659492
2023-10-03 07:45:00,-1.1195056976076787,4.86914104049369,-0.20234928157360477,-0.0017701466064762323,0.07280256854673756
2023-10-03 07:50:00,-1.1211997547011778,5.639370211448162,-0.2022478868612914,0.0703905814281266,0.18030534361897838
2023-10-03 07:55:00,-1.1218020197928769,5.02152293099188,-0.20062720549043467,-0.02534662486925877,0.3244268131730172
2023-10-03 08:00:00,-1.0945536362057273,4.401960006211137,1.103307416485691,-0.0937727584386829,0.36715758333776116
2023-10-03 08:05:00,-1.1432356759858324,6.421747319017026,-0.18456956740716182,0.2935667658341656,0.8074169535875021
2023-10-03 08:10:00,-1.0709587593738386,5.205414439941311,-0.20877557557021892,-0.029949987284377106,1.1862205661797165
2023-10-03 08:15:00,-1.1934950046428845,3.2948934724701764,-0.20371239088067447,-0.14061957181518855,1.1881656371682636
2023-10-03 08:20:00,-1.201926567827253,2.221250095779862,-0.19955491118068033,-0.13606671657435337,1.1277240709376068
2023-10-03 08:25:00,-1.212272080817226,1.4776938213920874,-0.1947824293251063,-0.09430713522203678,1.2136265022109436
2023-10-03 08:30:00,-1.2058621897979431,-0.5709551714221257,0.4295941431903007,-0.19906316740302665,-0.2977932837168785
2023-10-03 08:45:00,-1.4071205519611163,2.8121688930068665,-0.20479905004931415,-0.07667871471132291,1.1694034405642162
2023-10-03 08:50:00,-1.4106200004045908,1.6441491712803522,-0.20177128136926775,-0.11761668544543936,1.325128798051342
2023-10-03 08:55:00,-1.4189239164940997,1.40679327452982,-0.19865768168901216,0.02936000895290105,1.2279547637462789
2023-10-03 09:00:00,-1.7218465176354327,1.8322078738437815,1.822222014962395,0.11914381248959316,1.0806614070767102
2023-10-03 09:05:00,-1.7349703040611224,2.1003159125411055,-0.18865054131833425,0.2870143389619064,0.9956469684730714
2023-10-03 09:10:00,-1.7301157559542775,1.616720037665087,-0.19521598784443253,0.5883695222840987,1.0036197028070695
2023-10-03 09:15:00,-1.5198185406181728,1.0143005246023213,-0.1984150399421579,0.23255788473496522,1.2333255765832336
2023-10-03 09:20:00,-1.5305238210971301,1.4557059496376672,-0.19075794411526206,0.06836946945931027,1.8237932393570222
2023-10-03 09:25:00,-1.5245608994282267,1.3698628394654024,-0.19194167603119316,-0.03559722520746312,2.2532273557435287
2023-10-03 09:30:00,-1.3775668799098384,-0.03740362598964362,0.5098701976523599,-0.19297442592573716,2.1116596836457173
2023-10-03 09:35:00,-1.3766095579727846,0.5152989229048629,-0.1924175647223964,-0.24022759233064409,1.9289501131554345
2023-10-03 09:40:00,-1.374472017534932,0.49581340148082353,-0.19284563030570886,-0.1966888427069732,1.9311772862618906
2023-10-03 09:45:00,-1.6453192439052455,-0.07279758848527744,-0.1920594532814628,-0.28084505322404923,1.4926587712313424
2023-10-03 09:50:00,-1.6452336895503754,-0.3742677978898201,-0.19191160928412734,-0.21351311806960058,1.2933817639576144
2023-10-03 09:55:00,-1.6466021320898712,-0.18446813677190713,-0.1919968753274121,-0.26561341427046875,1.2517139565451252
2023-10-03 10:00:00,-1.3824433038542114,-0.49243354888964,0.7813380525919438,-0.11263371736008494,1.2347180798926403
2023-10-03 10:05:00,-1.3686178525821735,0.19595997050585393,-0.19114247119728997,-0.21887089802029822,1.4286150749958368
2023-10-03 10:10:00,-1.3649970483195062,0.2463208021171844,-0.19296865155393295,-0.2858527003330455,1.376793087618787
2023-10-03 10:15:00,-1.1719646564713693,0.45354619017374126,-0.19399925839739593,-0.18257426054523898,1.1499152819905758
2023-10-03 10:20:00,-1.1657283005720271,0.5990193584072284,-0.20000043565503048,-0.28113218670342777,-0.23488938396648734
2023-10-03 10:25:00,-1.1664290190400162,-0.13570067086296184,-0.19926917552109674,-0.274790495117675,-0.2360406216952174
2023-10-03 10:30:00,-1.4373182588638682,-0.5011380622502537,0.253681048391052,-0.23436745413599355,-0.23596790250468855
2023-10-03 10:35:00,-1.4254497378213664,-0.23447681145663413,-0.19782966762996593,-0.2508279512534496,-0.24695542993612646
2023-10-03 10:40:00,-1.4198023271032698,0.4265673456101219,-0.2004000445159772,-0.2875756714679078,-0.24283308630760836
2023-10-03 12:25:00,-1.2387256307833812,0.2555662283018112,-0.22090361566179478,-0.5287645812437258,-0.21560583861232754
2023-10-03 12:30:00,-0.9460988607237751,0.9718501710211436,-0.21937216110380217,-0.44949631105312376,-0.18802736951083063
2023-10-03 12:35:00,-0.9474588556887672,1.4094225008760268,-0.2193265473456804,-0.4720188462616054,-0.18892355888073706
2023-10-03 12:40:00,-0.9519828832130379,1.1819094963092496,-0.2174575308319521,-0.4432926448400685,-0.19192798775642386
2023-10-03 12:45:00,-1.1453928590730387,0.9767215447738677,-0.2073005024621393,-0.3984254154158652,-0.21238164329980141
2023-10-03 12:50:00,-1.1467125373576794,0.46279594554852255,-0.20529431829045564,-0.1727631340308844,0.9773677543320913
2023-10-03 12:55:00,-1.1463788013871097,0.1506253445708021,-0.20581394731560815,-0.28916399007876936,0.6284966875728956
2023-10-03 13:00:00,-1.1971436658078973,0.18121416384903632,1.2463632869457515,-0.31371813075324056,0.10980131043571172
2023-10-03 13:05:00,-1.2005709670001907,0.2620733695248631,-0.20872292790671515,-0.24539984225502104,0.18767607497533112
2023-10-03 13:10:00,-1.1883019224543205,0.2650665695296164,-0.21274338462716597,-0.3525874050428532,0.1546822827172045
2023-10-03 13:15:00,-1.4872010860830958,-0.4580423958853118,-0.210010610749858,-0.3872406608777087,-0.03953455052015104
2023-10-03 13:20:00,-1.4929419893913416,-0.06255318263228464,-0.20702281760721755,-0.28298869814523137,0.7989370567052045
2023-10-03 13:25:00,-1.489794857353272,1.0741440397307427,-0.20264283312416867,-0.22875195040378535,3.2579197378275593
2023-10-03 13:30:00,-1.8341303170189327,0.6118067993397945,0.7029094406418996,-0.29293692855427644,1.8077663773555777
2023-10-03 13:35:00,-1.8339350097222962,0.28052952033830386,-0.20433788584088458,-0.29726792383889217,1.3234954775019123
2023-10-03 13:40:00,-1.835228536236989,-0.025278372146812715,-0.20607070697461302,-0.19539706296013779,0.5101566896970767
2023-10-03 13:45:00,-1.5755927875667501,0.27730170025026174,-0.20971046007515085,-0.21801709249043125,0.38172404497060475
2023-10-03 13:50:00,-1.5709014596574116,0.27849307086444436,-0.21057487554821885,-0.3064762219195668,0.5437099081296207
2023-10-03 13:55:00,-1.56499505261336,0.1586693161128495,-0.21270029382710193,-0.3841451047772912,0.373112291437911
2023-10-03 14:00:00,-1.827533200413804,-0.3596805980903758,-0.20822459119186312,-0.3731757694712544,0.35141483627011755
2023-10-03 14:05:00,-1.829039457280553,-0.5189734762285877,-0.20761846686881366,-0.30637414774242083,0.4179684682756593
2023-10-03 14:10:00,-1.8243846431661992,-0.02404129249701195,-0.20922499659934712,-0.28374914613896024,0.9024296903804395
2023-10-03 14:15:00,-1.2626013954904791,0.279479287247671,-0.21733309778832088,-0.30039703744865853,0.8348494790914259
2023-10-03 14:20:00,-1.2649946615718934,0.21188916048442555,-0.21867538131438236,-0.24836012566251467,0.5537821321618982
2023-10-03 14:25:00,-1.263160388534767,0.09739106820949231,-0.21958385226894842,-0.37374996327591664,0.39283135208816367
2023-10-03 14:30:00,-1.2735415856653687,-0.1253308639226978,0.2966607891705137,-0.2626444795314184,0.2957526324724625
2023-10-03 14:35:00,-1.2760689233766342,-0.36118351748455435,-0.21502033149392766,-0.27081494301069126,0.281081222363381
2023-10-03 14:40:00,-1.273373432263992,-0.07089325622182878,-0.21528991695602703,-0.35841542843685303,0.37524039581019986
2023-10-03 14:45:00,-1.605381996022057,-0.019957226055483782,-0.21267237489066879,-0.3724420226590182,0.29949946637816893
2023-10-03 14:50:00,-1.6107422080167595,-0.4590221878536285,-0.21097216214869705,-0.4042614032432395,0.10792353190331333
2023-10-03 14:55:00,-1.6164822380297117,-0.9421953612573638,-0.20728103356825067,-0.5205445146443433,0.18142725560894288
2023-10-03 15:00:00,-1.6329404841485837,-1.0819897071895743,0.5293156188235537,-0.5056377867354019,0.07944862889455029
2023-10-03 15:05:00,-1.6316261641183338,-0.9472124702728619,-0.20211158333623727,-0.39308824679167503,-0.008966050576689307
2023-10-03 15:10:00,-1.6193955515264011,-0.6362876605313604,-0.20951010094582198,-0.2315716791478109,0.08282968821185463
2023-10-03 15:15:00,-1.3958914529803421,-0.39337619161054843,-0.2132406976853562,-0.26113955927086807,0.05577608007547967
2023-10-03 15:20:00,-1.401311373540836,-0.36286471403480347,-0.21207305165118415,-0.16182215292863922,-0.053158915318166786
2023-10-03 15:25:00,-1.404610131083493,-0.19821198869096937,-0.21065969797541315,-0.12520108126884144,-0.04141755910169201
2023-10-03 15:30:00,-1.9641974951844365,-0.4960073500278606,0.4502029668499812,-0.12090177329210944,-0.12249747032306262
2023-10-03 15:35:00,-1.9749152728786106,-0.5177854016701662,-0.20002210491106032,-0.14229433253249862,-0.12025707045352371
2023-10-03 15:40:00,-1.9804412024765692,-0.27281727092569835,-0.19821562886614144,-0.1308330703195667,-0.12378153520596438
2023-10-03 15:45:00,-1.7530668065935073,-0.7470571349327352,-0.20087029049861815,-0.11650378258856267,-0.08347558320705786
2023-10-03 15:50:00,-1.7654908909496048,-0.5386102863134719,-0.19702068344401674,0.01683822654404145,-0.06329625541994147
2023-10-03 15:55:00,-1.774427089609555,-0.3937016434234813,-0.1943553222746398,0.0048277753960717824,-0.05641323636982408
2023-10-03 16:00:00,-1.7576931068916948,-0.5160627966063521,1.0326816773000542,-0.12234747861459563,-0.04011474836353028
2023-10-03 16:05:00,-1.7637707529924627,-0.4651164788685891,-0.20014761694509572,-0.06328571827367234,-0.05501544565149636
2023-10-03 16:10:00,-1.76027787662693,-0.5849764133105473,-0.20125611333303642,-0.13454237788772488,-0.05381028674042193
2023-10-03 16:15:00,-1.7675322110613039,-0.47479505898131835,-0.19589389340507607,-0.08406459460176802,-0.08258413250213265
2023-10-03 16:20:00,-1.7755463874360744,-0.10511579720755385,-0.19384739131675552,-0.03592620387174164,-0.007125058461099358
2023-10-03 16:25:00,-1.7488957056283811,0.29116441490968253,-0.20441402757071353,-0.09942898013628533,0.01134379643845842
2023-10-03 16:30:00,-1.6360586109405124,0.6084576601880656,0.8918480547186102,-0.2295405161638634,0.026648142395960663
2023-10-03 16:35:00,-1.6365843305088519,0.9920726152211851,-0.2071294330929499,-0.19329934984250915,0.22522659025204841
2023-10-03 16:40:00,-1.6462883570818123,0.4223958653663599,-0.20186138763351888,-0.12958376978547667,0.32543079514755413
2023-10-03 16:45:00,-1.6180770252260233,0.20932514244449912,-0.19998902890242093,-0.18958902518542955,0.40398188374270416
2023-10-03 16:50:00,-1.6164144728778818,0.05048062563427317,-0.20025676237077492,-0.14099102140891703,0.35245081618846874
2023-10-03 16:55:00,-1.6113364473397744,0.07947601024005342,-0.20272230351642923,-0.04238548929929545,0.33106557697533856
2023-10-03 17:00:00,-1.5594362908301413,0.7163785654978708,0.6288813180249068,0.1848994486723658,0.37262633790825095
2023-10-03 17:05:00,-1.5653605377104487,0.7201237851451852,-0.20051385954413978,0.007519548854873857,0.47578686385263474
2023-10-03 17:10:00,-1.5612404541733336,0.20999985642301378,-0.20092800823632972,-0.0659475631671627,0.4103080796258623
2023-10-03 17:15:00,-1.5477231238827045,1.287364556149102,-0.21585061538347008,-0.33367505276286447,0.5630586781773637
2023-10-03 17:20:00,-1.5981555498984328,0.9791363390992318,-0.19644643166631012,-0.2122420673632344,0.4485445804429884
2023-10-03 17:25:00,-1.5877204147783757,0.4988753569508524,-0.1992480934758572,-0.34592196961426486,0.35995817252121926
2023-10-03 17:30:00,-1.6188183501733833,-0.2487572741021888,1.018400884412013,-0.36543244338794634,0.13798633034083588
2023-10-03 17:35:00,-1.6336445886338415,-0.06057961899028411,-0.19318400175887798,-0.2858611913455189,0.09711651680715364
2023-10-03 17:40:00,-1.628299285663358,-0.3721820348417559,-0.19504372142880042,-0.36118115574022,0.006021535199959706
2023-10-03 17:45:00,-1.3324254487727587,-0.5619930103931603,-0.19771747914257595,-0.38497194409367547,-0.06460586516956117
2023-10-03 17:50:00,-1.3356457121817038,-0.3219628724914992,-0.19618382414087077,-0.35967225609654474,-0.03958244860002663
2023-10-03 17:55:00,-1.3287419291189004,0.41632088406377527,-0.20032950095374705,-0.29736637791021636,0.033841684264620614
2023-10-03 18:00:00,-1.2332564286123782,0.8213961275033739,0.07315801759171434,-0.306674199449074,0.09678924511800623
2023-10-03 18:05:00,-1.2311179206369558,0.8183801779119301,-0.20219080552448138,-0.2893551039144618,0.04560441552513358
2023-10-03 18:10:00,-1.225051024429087,2.2139562262845836,-0.20656531044759968,-0.20749064166796732,0.06607346781680988
2023-10-03 18:15:00,-1.0888381790674038,1.6718764219389797,-0.1956637836774203,-0.09567067568538999,0.10463191459713671
2023-10-03 18:20:00,-1.073494178206462,2.4547233937471153,-0.20122558184806608,-0.20064122360180883,0.11470136254722606
2023-10-03 18:25:00,-1.0735480255356111,0.19125068911541074,-0.19905900124778345,-0.2747116143492372,0.031091355438786397
2023-10-03 18:30:00,-1.1915369705520147,0.15390066141414974,0.08901907603399663,-0.39568471558064133,-0.10860483647194863
2023-10-03 18:35:00,-1.2045399985453151,0.2131854777748759,-0.19371740272150026,-0.31897013581434347,-0.09638155821484767
2023-10-03 18:40:00,-1.2031938442846726,0.9673234989009684,-0.1951721879499611,-0.2873624662702065,-0.054111616357277376
2023-10-03 18:45:00,-0.853741775089327,0.9637286646450522,-0.19703113508902165,-0.3319153974295229,-0.004705419734925099
2023-10-03 18:50:00,-0.8438449352287366,0.709508637712097,-0.20107484419898616,-0.3268742818596702,-0.06447289328287269
2023-10-03 18:55:00,-0.847623078519336,0.19738297132998642,-0.19880815670107593,-0.36996227456772557,-0.12176989629892808
2023-10-03 19:00:00,-0.9776172656396527,0.7551214133120866,-0.006329139147373709,-0.3577366832408063,-0.21657223293824215
2023-10-03 19:05:00,-0.9571494235206791,2.357899773561876,-0.20910425162341056,-0.27855636567809244,-0.06447337672387735
2023-10-03 19:10:00,-0.9433591496013615,3.643244150945907,-0.21533040176713988,-0.28363129847129176,0.05334223085818479
2023-10-03 19:15:00,-1.0618379753821603,3.551655268108371,-0.21338299163609506,-0.24714713271499456,-0.06737727685446081
2023-10-03 19:20:00,-1.0724071778772228,3.04913527802361,-0.20889174373018501,-0.2798708467493491,-0.1426971899350851
2023-10-03 19:25:00,-1.108184981963771,2.6009209300079426,-0.1956444893269338,-0.11070742897105106,0.007351499465900559
2023-10-03 19:30:00,-0.8915522857928241,4.9562306271870575,-0.019283558611962355,-0.2728044516598038,0.0014039613163865212
2023-10-03 19:35:00,-0.9030473026058,3.821620918156406,-0.20932730180322015,-0.25257624614727675,-0.06698163498022361
2023-10-03 19:40:00,-0.9412440243039454,2.6970031636041694,-0.1942044519626178,-0.1389739732153299,-0.16033863300686935
2023-10-03 19:45:00,-0.868122109593684,2.3973345867741984,-0.20120690501827077,-0.22198849463402287,-0.03822829319148497
2023-10-03 19:50:00,-0.8565175680116677,4.6312671048548975,-0.20870881119202755,-0.09812176803848982,0.12112828489275798
2023-10-03 19:55:00,-0.8480516399946861,5.793690081450716,-0.2125962523382212,-0.09736751353195439,0.10172600363782613
2023-10-03 20:00:00,-0.8183588125957217,5.807093711102618,-0.366266413588269,0.08833646757501074,0.16218490210474643
2023-10-03 20:05:00,-0.8178393353721574,5.044453376009128,-0.2012039393943892,0.03291993144318675,0.13859576040090976
2023-10-03 20:10:00,-0.8103504468264916,7.136481094046286,-0.20579555671128744,0.06151685140986079,0.25326898859073
2023-10-03 20:15:00,-0.8006613683702722,2.562555988483221,-0.20298585466920355,-0.3250227283767511,0.18210231901589613
2023-10-03 20:20:00,-0.8270048014512361,0.30512321099941925,-0.1907794667543554,-0.3409851288016858,0.08061139506691065
2023-10-03 20:25:00,-0.831382299615327,0.13934242230798954,-0.18931342896418132,-0.3191924792708279,0.010979047211800493
2023-10-03 20:30:00,-0.638680190958066,0.2813579009912309,-0.3801966742081914,-0.34163637173861927,0.018393966332101302
2023-10-03 20:35:00,-0.6434163217382303,0.16580101715190002,-0.19050965363337274,-0.2833619657205387,-0.01823973164620686
2023-10-03 20:40:00,-0.6475497007062979,-0.007991127829228303,-0.188623285237248,-0.28122706662964375,0.031992575445383774
2023-10-03 20:45:00,-0.764663567372684,0.03301660169387934,-0.18900416331931572,-0.29026406103322555,-0.0382828403277423
2023-10-03 20:50:00,-0.7584849864233484,0.7104604808097731,-0.19175917522311559,-0.29492673659044477,0.03344074788481744
2023-10-03 20:55:00,-0.760131040458085,0.8165507324537732,-0.1912018909381973,-0.3164975066167854,-0.08801034779666314
2023-10-03 21:00:00,-0.7313821450533747,-0.025575635316668253,-0.6029477095113117,-0.28305053357250576,-0.04286328233765821
2023-10-03 21:05:00,-0.7314266934109422,-0.4128536145602742,-0.18687049842918996,-0.29150062766693197,-0.08396901047158244
2023-10-03 21:10:00,-0.7268698790630082,-0.779129987284686,-0.18826170331294423,-0.3191592506470337,-0.1348778812021087
2023-10-03 21:15:00,-0.42630354177178154,-0.611494042215442,-0.19424202404404373,-0.35665036461555955,-0.10883644309519493
2023-10-03 21:20:00,-0.4314188848109023,-0.5155561493159002,-0.19183524704990665,-0.38643496588124304,-0.12623742645646216
2023-10-03 21:25:00,-0.4412506474632794,-0.6278580024455176,-0.1888697813867395,-0.31456426271591587,-0.2255650499967496
2023-10-03 21:30:00,-0.5340140461068623,-0.32996698750967446,-0.18559886679058293,-0.27162485512798695,-0.1987639104526237
2023-10-03 21:35:00,-0.5212821268727424,-0.4427605909334816,-0.18992627699660541,-0.32212343262488086,-0.12391001042606374
2023-10-03 21:40:00,-0.5274820062162496,-0.19685655752481768,-0.18762710881214542,-0.3112556432291337,-0.11459285479273099
2023-10-03 21:45:00,-0.6625360647560462,-0.34115651957730164,-0.18335737892392387,-0.28868024203454723,-0.2397130855068799
2023-10-03 21:50:00,-0.6564962828941548,-0.3407064202550212,-0.18569250580354224,-0.2907157034551106,-0.19541234628307208
2023-10-03 21:55:00,-0.6482066082447465,-0.2889365255792542,-0.18882739431449538,-0.3154408960415793,-0.18982490831999768
2023-10-03 22:00:00,-0.389402602893589,-0.0035436666552683656,-0.594174900917983,-0.35193952851343263,-0.21938108421847222
2023-10-03 22:05:00,-0.3966935407302671,0.17364932315880938,-0.19354132001428684,-0.32486353797302,-0.2176702652525923
2023-10-03 22:10:00,-0.4092856784367224,-0.43992084836851525,-0.18759278498800844,-0.35952977857987045,-0.2412403002613392
2023-10-03 22:15:00,-0.5685702172551552,-0.3628187178693817,-0.18295387700047783,-0.2675700346397309,-0.25317460436264483
2023-10-03 22:20:00,-0.5694222779229648,-0.18255738179472755,-0.18240516394992387,-0.2971061183996522,-0.2674258785495189
2023-10-03 22:25:00,-0.5663355627470872,-0.06498837090737501,-0.18383614024672498,-0.2898480778722139,-0.2649738257165286
2023-10-03 22:30:00,-0.4820189184509233,-0.005532331677564817,-0.4758933270832866,-0.34532414086427826,-0.24548050444612088
2023-10-03 22:35:00,-0.4889748788377689,-0.32687689485079574,-0.186297883900809,-0.3552831814289847,-0.323421324681074
2023-10-03 22:40:00,-0.4910963967557638,-0.353684088086734,-0.1856003927212491,-0.3478348748483245,-0.3648522902151149
2023-10-03 22:45:00,-0.4987006129930367,-0.4558981032869361,-0.18696864653358197,-0.39624268213031894,-0.26342230124350424
2023-10-03 22:50:00,-0.5007765766438098,-0.5945663612614417,-0.18644463955218796,-0.3648399028601157,-0.2645364816585226
2023-10-03 22:55:00,-0.4995137434288059,-0.7828663105341516,-0.18681270022572516,-0.36846821973842686,-0.27722026393606014
2023-10-03 23:00:00,-0.4646183750029031,-0.3198282364203396,-0.33470347479210333,-0.3533956407568296,-0.2695422806727021
2023-10-03 23:05:00,-0.47558226126916836,-0.3897154971440116,-0.18812058310880458,-0.3555517440207709,-0.3249104849829393
2023-10-03 23:10:00,-0.4857744115461092,-0.6393071177249835,-0.1842409622138164,-0.3254370016827047,-0.358648379150162
2023-10-03 23:15:00,-0.18042653507355688,-0.7724520422966461,-0.18726542149186662,-0.36024988316171697,-0.2475301852926494
2023-10-03 23:20:00,-0.1844607783983962,-0.634185732596541,-0.18590837085474085,-0.3452940323379583,-0.26337087864396364
2023-10-03 23:25:00,-0.1850294842025944,-0.4005737157228102,-0.1856110161711941,-0.36187117436137906,-0.263815530924644
2023-10-03 23:30:00,-0.38062564662071846,-0.42532687387843804,-0.7435402064427604,-0.34016305879195197,-0.26336648131128676
2023-10-03 23:35:00,-0.383239158557796,-0.6302402654440709,-0.18539870325271637,-0.34867083794395015,-0.20524839398078398
2023-10-03 23:40:00,-0.38329158236013494,-0.6976094804620122,-0.18546282422726193,-0.3491212103652341,-0.2586995228510955
2023-10-03 23:45:00,-0.30758978157444145,-0.7105847742653596,-0.1875670328034744,-0.3671776376923627,-0.3322728022961998
2023-10-03 23:50:00,-0.30489292184096517,-1.0300551073048092,-0.18792867566954713,-0.4071711352230712,-0.31799544727236057
2023-10-03 23:55:00,-0.3072258656172877,-1.022356570873377,-0.18693369870254328,-0.3857573691591334,-0.1859741447877254
2023-10-04 00:00:00,-0.2920166358507549,-0.5775916251376704,-0.6783965578514124,-0.3925738625052543,-0.28691304758715885
2023-10-04 00:15:00,-0.48319042330536227,-0.6566864647397135,-0.1828989208603832,-0.46237760339568035,-0.33032095494020197
2023-10-04 00:20:00,-0.4824821139967234,-0.7253042467985134,-0.1832625815559122,-0.46448710917837277,-0.3965860343500612
2023-10-04 00:25:00,-0.48552170667662564,-0.5810595898813092,-0.18351565115523383,-0.33889670564034774,-0.3298787543752272
2023-10-04 00:30:00,-1.1031747368274112,-0.25962497304633914,-0.7541068379449222,-0.3569636731018997,-0.2861100912633243
2023-10-04 00:35:00,-1.1036456127283358,-0.6016459987193072,-0.18278147544855464,-0.47100756772580304,-0.26765611664903943
2023-10-04 00:40:00,-1.1053747028793828,-0.8175953761961724,-0.1821428993262854,-0.46522461790725006,-0.3223560140267113
2023-10-04 00:45:00,-1.1124389657534446,-0.7851328170219848,-0.18422083748031418,-0.4785289989337141,-0.37651328463752226
2023-10-04 00:50:00,-1.111253365314727,-0.5311190282429383,-0.18472420106700022,-0.48374194550044347,-0.3354918138267525
2023-10-04 00:55:00,-1.1120393413699252,-0.589110814181205,-0.18433952982394194,-0.4805194030694719,-0.3093980193687629
2023-10-04 01:00:00,-0.8564134626385567,-0.6433528027555574,-0.4080258693090963,-0.4552345984138999,-0.2677817106718884
2023-10-04 01:05:00,-0.8445797194074841,-0.4886509322981506,-0.18880602409968425,-0.40840823336422083,-0.41133207845752806
2023-10-04 01:10:00,-0.847176141935841,-0.4840950721958471,-0.18653362921613603,-0.5005233423239217,-0.388048246582647
2023-10-04 01:15:00,-0.8831355967457931,-0.5903453338326221,-0.18467874685632063,-0.48886938724614803,-0.3145765436164741
2023-10-04 01:20:00,-0.8862847846567551,-0.7079672538508929,-0.1834261470816195,-0.47698586379239316,-0.30342903798635756
2023-10-04 01:25:00,-0.8902165682356732,-0.9650463327572809,-0.18213660220718667,-0.4625750615077273,-0.43960085674190236
2023-10-04 01:30:00,-0.9054707061504748,-1.0105731334644614,-0.3965097769695942,-0.4413727228403708,-0.3581621112869906
2023-10-04 01:35:00,-0.9027184407915526,-1.0790403301627394,-0.18252738638952,-0.4662633425384456,-0.4007612534304653
2023-10-04 01:40:00,-0.9002929888815615,-1.2191856582680232,-0.18341177462634464,-0.47451014218604515,-0.4393002611778417
2023-10-04 01:45:00,-1.0199896128043653,-1.1520717688799063,-0.1838754217813422,-0.4779599104596878,-0.516876785855657
2023-10-04 01:50:00,-1.018340135120061,-1.1503715895938742,-0.18422930966862366,-0.48290782694840484,-0.4091178181651635
2023-10-04 01:55:00,-1.0214828288854285,-0.8107145589458781,-0.18444467880402354,-0.37516419267795587,-0.395912612986686
2023-10-04 02:00:00,-0.8748068695635928,-0.558701965817306,-0.7681321069843229,-0.43974013127709805,-0.3593799565187385
2023-10-04 02:05:00,-0.8663148600640257,-0.570508239715537,-0.18699491283908815,-0.3530948607937691,-0.46940934202151424
2023-10-04 02:10:00,-0.8667399545810446,-0.5425890509948569,-0.18660840473156334,-0.36354903346344014,-0.42986396590055403
2023-10-04 02:15:00,-0.9841319299269555,-0.8908983903001959,-0.18696612949481123,-0.3857663380250878,-0.515542699098368
2023-10-04 02:20:00,-0.9821117732342232,-0.8029955786530509,-0.1879419873120803,-0.36771047945959084,-0.4603792482890683
2023-10-04 02:25:00,-0.9775259469290575,-0.9722474580688099,-0.18790930237317927,-0.5116473909126676,-0.446311982334813
2023-10-04 02:30:00,-1.265080230569772,-1.0945172529207619,-0.6719123020024721,-0.363320693950641,-0.4330927628829811
2023-10-04 02:35:00,-1.269100935120472,-0.6938910967656143,-0.1848301234312982,-0.3440782217526014,-0.5287033496618314
2023-10-04 02:40:00,-1.2786102738951293,-0.4494182071798316,-0.18148590486855112,-0.30964076568118903,-0.5213734548994979
2023-10-04 02:45:00,-1.5122772061041925,-0.45174018545793226,-0.18201568425315073,-0.3146300580372677,-0.46601338737301823
2023-10-04 02:50:00,-1.5111554969824526,-0.7258175448957694,-0.18209284079776422,-0.3168465222978148,-0.3988707034565252
2023-10-04 02:55:00,-1.5123724533840501,-0.47214570519829113,-0.182508203711729,-0.2746608931017339,-0.5054394098797812
2023-10-04 03:00:00,-1.542983480984833,2.178886048912921,-0.623456053480674,-0.206759028080307,-0.32936100858264444
2023-10-04 03:05:00,-1.490949231984935,2.1602740864277776,-0.20123064608294455,-0.15845482515670206,-0.2326054433693902
2023-10-04 03:10:00,-1.477737299192239,3.731092151200448,-0.20803145252239186,-0.15971130336625894,-0.1815458992572724
2023-10-04 03:15:00,-1.4161529858024935,4.190975171055333,-0.22067185660157493,-0.33094483740988595,-0.18471561061511876
2023-10-04 03:20:00,-1.4251062626609012,3.7652418976214177,-0.2166551223807319,-0.3625218189561492,-0.25875227513872195
2023-10-04 03:25:00,-1.4684433149915925,1.7768222664152755,-0.1979458158358148,-0.35577282240183794,-0.35841779387126443
2023-10-04 03:30:00,-1.6621286133978996,0.20864558231791558,-0.359918832667136,-0.37507779101960415,-0.36794423124254555
2023-10-04 03:35:00,-1.6683065108409803,-0.5774764461178858,-0.1842856327113984,-0.4657318642054184,-0.3466399537922023
2023-10-04 03:40:00,-1.67251045608823,-0.31096795651686815,-0.18310101219351088,-0.45084465744758284,-0.42912315394916256
2023-10-04 03:45:00,-1.7133971366317033,-0.19441750712131758,-0.18729374540055727,-0.34744312281187273,-0.48397009130178337
2023-10-04 03:50:00,-1.7050825444043085,-0.4084610685107903,-0.1887088822598857,-0.5081693459822696,-0.507544939193284
2023-10-04 03:55:00,-1.7040925499294055,-0.6594843317621643,-0.19017582406925362,-0.4103150082168369,-0.5054760643471695
2023-10-04 04:00:00,-1.747793175445074,-0.6780202217186827,-0.4549699293866393,-0.3856625366560023,-0.43030130921875764
2023-10-04 04:05:00,-1.7387439010539025,-1.084106567636864,-0.19427973295017537,-0.4290587773106194,-0.37587797497722486
2023-10-04 04:10:00,-1.7476137088132635,-1.0205103165277896,-0.1913262560880323,-0.39198613287730827,-0.5015389006768237
2023-10-04 04:15:00,-1.847114642377336,-0.322388160092652,-0.19428440681499926,-0.3671640520167009,-0.3860368804166858
2023-10-04 04:20:00,-1.8537890849154326,-0.3585366736086105,-0.19146286936459214,-0.3855183368626443,-0.4711486366029385
2023-10-04 04:25:00,-1.8645155098639399,-0.329451815708547,-0.18750279842531772,-0.34512944587509553,-0.45148506944296046
2023-10-04 04:30:00,-1.988093191725775,0.3062078181350175,-0.5101489602009381,-0.352134326317327,-0.3994667896709371
2023-10-04 04:35:00,-1.9839812316257877,0.08704464202356443,-0.18908571363127144,-0.3608373485847697,-0.3635239594035575
2023-10-04 04:40:00,-1.9794566877546635,-0.06913066364838705,-0.19077870511410028,-0.36269465284407515,-0.3604716402731033
2023-10-04 04:45:00,-2.00817245709402,0.07508157783596882,-0.18923975727390638,-0.36394512788572897,-0.3635874009336573
2023-10-04 04:50:00,-2.0014625252236433,-0.3374113114435829,-0.19190772773670461,-0.3571176338801061,-0.39907691139752355
2023-10-04 04:55:00,-1.9952507338562842,-0.7203576528094905,-0.19348701724179906,-0.4324649182900459,-0.4629111749426693
2023-10-04 05:00:00,-1.8464643715499627,-0.32162207081716204,-0.19587594366231778,-0.42257801691464647,-0.3509295163885953
2023-10-04 05:05:00,-1.84530778309194,0.9943978493997654,-0.19720995381522946,-0.40716272199714343,-0.2951782410559653
2023-10-04 05:10:00,-1.8367896168021536,-0.4173326676469424,-0.19934357580433207,-0.44043269830963294,-0.2910681911543799
2023-10-04 05:15:00,-1.872147110585789,0.7263612900093377,-0.203717985034671,-0.41507656798123016,-0.31905384915734686
2023-10-04 05:20:00,-1.8520434637997565,2.252046946876388,-0.21291749401275767,-0.33940927969510015,-0.20851821781393687
2023-10-04 05:25:00,-1.8506653825236234,3.484214137157629,-0.21552834381807368,-0.28482395947168637,-0.19203375417545251
2023-10-04 05:30:00,-1.734857204773876,3.249258471001023,-0.26082503810075625,-0.3563889571928557,-0.19803541915331302
2023-10-04 05:35:00,-1.7354604235484277,1.866081019151154,-0.21120888208538324,-0.35735367329177326,-0.23844929210197552
2023-10-04 05:40:00,-1.7251474936339206,0.5860475761910998,-0.21403082669846077,-0.5062230717503484,-0.31479861332360354
2023-10-04 05:45:00,-1.797416241996004,-0.584837926426297,-0.20232867242499697,-0.5081319866951678,-0.42171140378969457
2023-10-04 05:50:00,-1.8112394535668672,-0.6569799243637775,-0.1968648187441882,-0.45468053316446017,-0.2708644971497915
2023-10-04 05:55:00,-1.8110906266309188,-0.497758079601555,-0.19724184579502613,-0.4443542829104596,-0.29708468137818844
2023-10-04 06:00:00,-1.5752795238447472,-0.2351278318195225,-0.24024064872471174,-0.47960176780913644,-0.28564661788407014
2023-10-04 06:05:00,-1.5895739712529329,-0.06469907306418021,-0.1952349266628638,-0.4082235118024148,-0.21459092961746737
2023-10-04 06:10:00,-1.578308128240054,-0.12784430833171817,-0.19949652544187788,-0.4472304004741237,-0.24720960011180013
2023-10-04 06:15:00,-1.5891528008819569,-0.24954506378331986,-0.19927551469197313,-0.4853432068448524,-0.20068489426470884
2023-10-04 06:20:00,-1.59673748722831,-0.0986116909052013,-0.1969852204646109,-0.42578942697988764,-0.20498810936266082
2023-10-04 06:25:00,-1.5935768353150996,0.09049267240658929,-0.19864923315971475,-0.40770804064118044,-0.20223082852341387
2023-10-04 06:30:00,-1.6610865646256516,-0.07269421073502544,-0.2038224188749601,-0.5047852587076559,-0.35795656660350833
2023-10-04 06:35:00,-1.6597189937524244,-0.3637307739881192,-0.20297867359434768,-0.4853221405888615,-0.3990155925346602
2023-10-04 06:40:00,-1.6523517997867172,-0.49610096544204835,-0.20620444317723358,-0.4630517629798787,-0.3935007854893054
2023-10-04 06:45:00,-1.3449547359420913,-0.3229989321910517,-0.21079201638490389,-0.5352215268218513,-0.28385575144449415
2023-10-04 06:50:00,-1.352901851841402,-0.056285696496393936,-0.20833429091029362,-0.48954395100654813,-0.3018574920472255
2023-10-04 06:55:00,-1.3560634569354248,0.019974966310563388,-0.20755294539540825,-0.45543204290523437,-0.30348458097068526
2023-10-04 07:00:00,-1.1942353122426044,0.0841061146639163,0.06508558854783811,-0.5297597343761145,-0.3445439106878167
2023-10-04 07:05:00,-1.1936642877101271,-0.23481261860070332,-0.20954070698796748,-0.5390249251887064,-0.3533961723964547
2023-10-04 07:10:00,-1.1928150253485774,-0.2808871450900228,-0.20965788336041108,-0.5401483052521726,-0.2862118098844702
2023-10-04 07:15:00,-1.6139556163106386,-0.531254192432382,-0.2004684930530158,-0.47806679268271035,-0.3314094638869846
2023-10-04 07:20:00,-1.6134466421704752,-0.6510060225090546,-0.20071162894637948,-0.4727756223129225,-0.3577383916418238
2023-10-04 07:25:00,-1.6252501091575604,-0.01729653367400687,-0.19740661751098723,-0.36539764474895126,-0.2971398337886577
2023-10-04 07:30:00,-1.4653290429074408,0.2844080842199092,0.4438466145868417,-0.4632681846214529,-0.3347640939996461
2023-10-04 07:35:00,-1.4770560156927248,0.21993706419441617,-0.19986574027669904,-0.3832696580823546,-0.23456402465001563
2023-10-04 07:40:00,-1.4733837524440498,0.1442829013989989,-0.20106765061691798,-0.40980224242581764,-0.2591046444201723
2023-10-04 07:45:00,-1.1996899318209908,0.06964652090893574,-0.2027683915175396,-0.4816806456805173,-0.22751920612856263
2023-10-04 07:50:00,-1.1977085225991726,-0.058757375491703484,-0.20337307108511082,-0.48767080974195703,-0.21300288400915518
2023-10-04 07:55:00,-1.1955061075448863,0.02714845444528848,-0.20431663734711256,-0.5042006386746527,-0.27825037150100934
2023-10-04 08:00:00,-1.2883502248765593,-0.18128014133127218,1.0170334491009965,-0.54453452362859,-0.4074734949146186
2023-10-04 08:05:00,-1.3062210997299506,-0.529679764119682,-0.19713642927983277,-0.4412665638806481,-0.33390468627224257
2023-10-04 08:10:00,-1.30585919957503,-0.5539433850095383,-0.19695358924504827,-0.4688783096811923,-0.3341278942624167
2023-10-04 08:15:00,-1.1949038893524584,-0.42076287545985624,-0.19377810340724377,-0.42700887401249793,-0.35467431112545056
2023-10-04 08:20:00,-1.1951531171254681,-0.36815877098394945,-0.1934862359631703,-0.43154345997039933,-0.2882372619820188
2023-10-04 08:25:00,-1.1964957061660766,-0.2799313407113599,-0.19325167645308863,-0.4208917526681591,-0.34224630687242197
2023-10-04 08:30:00,-1.2553837685326152,-0.22845134876603254,0.8728898176483253,-0.6413154556820332,-0.469157433860932
2023-10-04 08:35:00,-1.272766528820768,-0.44411189290702235,-0.18862907509165566,-0.5245032934566879,-0.36914617140649825
2023-10-04 08:40:00,-1.2732181745380404,-0.4233421342881445,-0.19013663647696086,-0.39885483559488305,-0.4073562615187436
2023-10-04 08:45:00,-0.7820027695504833,-0.5682890075337788,-0.1944127519541135,-0.42238085972666056,-0.35014767031839966
2023-10-04 08:50:00,-0.7765158952292116,-0.4831590572992268,-0.1958637538196144,-0.47294509193959805,-0.25367083340517116
2023-10-04 08:55:00,-0.7754571231407037,-0.2474889284520677,-0.19679615093342875,-0.4523895530595869,-0.2923143068189959
2023-10-04 09:00:00,-0.9670627114158867,-0.236057824233352,1.0131013006316814,-0.556523543721885,-0.3423463038260838
2023-10-04 09:05:00,-0.9833213175361599,-0.42998866489798654,-0.1909691845667524,-0.5430807052899314,-0.26697774885582964
2023-10-04 09:10:00,-0.9787507524252452,-0.41484476811741183,-0.19287353867620077,-0.5625443205586654,-0.3572978442239369
2023-10-04 09:15:00,-0.4519347902350578,-0.21593677852188758,-0.20138651432382532,-0.5012835847994638,-0.23030675866250663
2023-10-04 09:20:00,-0.4604233778274704,-0.3736633705883051,-0.198793484095237,-0.42635134222876786,-0.2619743896896091
2023-10-04 09:25:00,-0.46200056642707693,-0.5468801310362973,-0.19753310350437392,-0.45859326621068874,-0.21050998261424606
2023-10-04 09:30:00,-0.28010399937139274,-0.447872759667081,1.1239622142294619,-0.5657669358899949,-0.31639072154696285
2023-10-04 09:35:00,-0.28680272380938915,0.07906934547102967,-0.2005936853253584,-0.4596933780092494,-0.06786232490692072
2023-10-04 09:40:00,-0.2930408192522407,-0.07060988159571767,-0.19779192449096403,-0.4607325167628314,-0.01920247386385577
2023-10-04 09:45:00,-0.447447103179682,0.40464748090547853,-0.19279687530924475,-0.3565407582875315,-0.01691260410957008
2023-10-04 09:50:00,-0.44839684986014045,-0.061418088436206,-0.1916773171645322,-0.38250360434154557,0.021476145085203832
2023-10-04 09:55:00,-0.4425099833671454,0.275178670255553,-0.19421713179069372,-0.3921174139307321,0.012554366039594969
2023-10-04 10:00:00,0.2503456294980614,1.046311006304963,1.1264485479538355,-0.5355531642711766,0.1333215552852618
2023-10-04 10:05:00,0.2352304781090639,0.9881547820064992,-0.2065667731216488,-0.4392177338604329,0.3640823948648691
2023-10-04 10:10:00,0.23545556965365871,0.7726937057639542,-0.2065316404538872,-0.4385282265601308,0.45731634110254415
2023-10-04 10:15:00,0.5106199536009872,0.37400440625378983,-0.2118565585497147,-0.5226464397451767,0.42130846366978353
2023-10-04 10:20:00,0.507147041857036,-0.014899468427739078,-0.2109470817066774,-0.4916475463452455,0.25901010036212335
2023-10-04 10:25:00,0.5019434187546566,0.030362205961617882,-0.2090751222242902,-0.4722017557312937,0.25564189260174
2023-10-04 10:30:00,-0.3142674604587004,0.5927587967645513,1.0729479758681215,-0.45727910608359923,0.13475550904728908
2023-10-04 10:35:00,-0.3278581799089572,0.6421977456806975,-0.19707213230565448,-0.39327637711172864,0.24662681441114645
2023-10-04 10:40:00,-0.32220804692657407,-0.3733405074237717,-0.1978151851516192,-0.49178650046054123,0.15472327536883868
2023-10-04 10:45:00,-0.48187040110955126,-0.3748921548728018,-0.20020136496338123,-0.6324382321008937,0.050211149378687224
2023-10-04 10:50:00,-0.4823663901047125,-0.43373079429057493,-0.20167792520052188,-0.512553819981419,-0.041509079971111314
2023-10-04 10:55:00,-0.48587597161840174,-0.5600262349614209,-0.199957641520428,-0.5253925977531024,-0.017718814870358906
2023-10-04 11:00:00,-0.12093984616421255,-0.5268395355054094,0.960193187314428,-0.7725195524818712,-0.1538442508302824
2023-10-04 11:05:00,-0.13774928159554276,-0.41153092891068804,-0.20406477271775966,-0.6556283745247029,0.05832050182570958
2023-10-04 11:10:00,-0.13583640545588768,0.03144611198179176,-0.20637708158840645,-0.5548490129215179,0.04848272318129578
2023-10-04 11:15:00,0.0722799291709275,0.5886390416177892,-0.20920512101231067,-0.550060651809333,0.27596362821527015
2023-10-04 11:20:00,0.07164009954014564,-0.038481764881917305,-0.2072120057057091,-0.6814784055175748,0.21938403030643183
2023-10-04 11:25:00,0.0635738052276975,-0.5649030415647541,-0.20423471489934514,-0.6541924537509555,0.09357579495577979
2023-10-04 11:30:00,-0.12020173479618448,-0.5379154497588238,1.0063006366197753,-0.6422249470766904,-0.08702635144242023
2023-10-04 11:35:00,-0.13300768580900024,-0.3042334513546625,-0.20805775747032912,-0.5508879146324273,0.10120794443521937
2023-10-04 11:40:00,-0.13422058210764803,-0.22381579325127013,-0.2081262247602616,-0.5090336230135228,0.10110871987979694
2023-10-04 11:45:00,0.0153225184224364,0.12256948789536018,-0.2074750637716272,-0.5075700273735603,0.10208220296141385
2023-10-04 11:50:00,0.01697834072331539,0.5016305533288116,-0.2084645482961941,-0.48398756146030014,0.210647435470631
2023-10-04 11:55:00,0.021835063184303973,0.06408236628169393,-0.20958068240837793,-0.5716548469143474,0.012350496765546113
2023-10-04 12:00:00,-0.047083725842603834,-0.057773266492801054,0.9963021678166409,-0.6041717645500694,-0.14269695498019572
2023-10-04 12:05:00,-0.06134173129772676,0.7473621914365738,-0.2056315793851067,-0.4699079127000507,0.05980001727979992
2023-10-04 12:10:00,-0.06918613978633031,-0.0790112160618001,-0.20143187725843728,-0.515937107114276,0.01258762372312845
2023-10-04 12:15:00,-0.07414956080611512,0.015118435772968406,-0.20440965963818578,-0.5206468997203932,0.07738626550933399
2023-10-04 12:20:00,-0.07071912866719626,0.27323254748739123,-0.20568744491184132,-0.5225268980208415,0.10672550269394362
2023-10-04 12:25:00,-0.061110889458093814,0.790715377847448,-0.2090281022876904,-0.4748639733622091,0.5546515231786587
2023-10-04 12:30:00,-0.4115728187926001,1.8443792713000713,-0.20401204552759009,-0.3439389291589717,1.0565158452672319
2023-10-04 12:35:00,-0.40889130630445353,3.038521652422883,-0.2041129449518413,-0.30135953220863254,2.19297156593574
2023-10-04 12:40:00,-0.4127234051549474,3.2117414810608658,-0.20251817525118593,-0.28277545470005055,2.363917040421784
2023-10-04 12:45:00,-0.23288074083445082,2.5341465510327494,-0.21316259746314412,-0.4062877269271822,1.9901934048988432
2023-10-04 12:50:00,-0.24351978508484962,2.2143211548182786,-0.20892197029649276,-0.4121979397524697,1.7689310760930377
2023-10-04 12:55:00,-0.2460040389873078,1.9917429076686106,-0.20761360058319353,-0.37387320206275476,2.0606855962683945
2023-10-04 13:00:00,-0.43429004575458646,1.0765274256576416,-0.08984136412013229,-0.4174196557809164,1.8291694916086296
2023-10-04 13:05:00,-0.4431326537664623,1.8386631744151725,-0.20266002047560433,-0.2873472787654086,2.45770685129391
2023-10-04 13:10:00,-0.4396021726408786,3.7099570932923136,-0.2024113322543163,-0.2007981260301169,4.142452001909263
2023-10-04 13:15:00,-0.5217671100044309,3.2623757127683826,-0.20627337571395352,-0.2802388761160562,3.577575836476632
2023-10-04 13:20:00,-0.5326226120506209,3.127806213722564,-0.19912549340625907,-0.21288315250992926,4.916500749245293
2023-10-04 13:25:00,-0.5216843261165811,4.558763039790264,-0.20099831607422824,-0.1394718589209441,6.805722407709092
2023-10-04 13:30:00,-0.6953477242294,3.532922302679006,0.7883060602417514,-0.3062942649455346,5.411476535702075
2023-10-04 13:35:00,-0.7015449716218753,2.918040466069391,-0.20698055309349372,-0.2777079752378073,4.243370261399367
2023-10-04 13:40:00,-0.6908149943606954,2.377938212069945,-0.20966003996627022,-0.34043488993171717,4.715800839224177
2023-10-04 13:45:00,-0.6085196512730476,3.48315129962159,-0.21670555008218925,-0.33379244251749424,4.8841882292482035
2023-10-04 13:50:00,-0.6150966393729863,2.6984736863080308,-0.21315504234020008,-0.35372070587483695,5.251389371715634
2023-10-04 13:55:00,-0.622668590142835,2.878009999819993,-0.21144132034374127,-0.3442349487531035,4.833234920413782
2023-10-04 14:00:00,-0.34034712730733824,3.9009895678742477,0.3007302278835503,-0.3408922249394082,6.531017248374101
2023-10-04 14:05:00,-0.3379160280846922,5.206131442238017,-0.21350774372607217,-0.17665545811211528,8.242754194931925
2023-10-04 14:10:00,-0.34177548779118183,4.7466968500406646,-0.2120211270526523,-0.25581219182136683,7.638600793066743
2023-10-04 14:15:00,-0.7449788025799556,4.54208245567918,-0.19973586073722982,-0.14705934969550527,8.171974399610727
2023-10-04 14:20:00,-0.7336527564300059,4.585182431134219,-0.2040860376459332,-0.24774608197699494,7.951940142854923
2023-10-04 14:25:00,-0.7262361291458713,4.410168434485972,-0.21067144511652577,-0.2950065099334782,6.250845714079659
2023-10-04 14:30:00,-0.11215928394692898,3.607214982076936,0.17439751634141618,-0.3603030708746693,6.821385586099401
2023-10-04 14:35:00,-0.12301599277460719,2.975435597408741,-0.21767814716446407,-0.3288578665172314,6.186398080240969
2023-10-04 14:40:00,-0.12775269780733628,3.4463132051769563,-0.21823757379068878,-0.26798991092634683,5.278465214792274
2023-10-04 14:45:00,0.011450298744372986,2.6294537829980857,-0.2242825045587548,-0.4706608102239877,4.7323714728105575
2023-10-04 14:50:00,0.0068507260124760164,2.0839493769637953,-0.22207113644213736,-0.3940158380992072,4.956251572883373
2023-10-04 14:55:00,0.0082315672775016,2.4871675507924884,-0.22426216828280948,-0.4335239641071533,4.264173081828446
2023-10-04 15:00:00,-0.42007766974177674,2.3260413628659062,0.2593315202830371,-0.2521950699493497,4.5750809698270105
2023-10-04 15:05:00,-0.41631361503440645,2.4194160752462914,-0.21445483460683903,-0.3453890332279902,5.347306963705382
2023-10-04 15:10:00,-0.4111439020072798,2.4295225090601567,-0.21705971367144586,-0.30409336495337197,4.912014168009593
2023-10-04 15:15:00,-0.40473103494364926,3.738356176292016,-0.22170435048035725,-0.3156620588496884,4.862314012077369
2023-10-04 15:20:00,-0.4176998242610969,4.437166437481944,-0.21605838953075954,-0.21219263153086276,5.548206335750668
2023-10-04 15:25:00,-0.4228473322137705,3.554032981393666,-0.2103902437491201,-0.2527588132848097,6.475513243522584
2023-10-04 15:30:00,-0.9044905616994933,4.229921723474726,0.510736544620598,-0.15394252145332243,6.007876688162352
2023-10-04 15:35:00,-0.9069252993624018,4.446683117413404,-0.20479045288960174,-0.21211863333903597,6.498448119453613
2023-10-04 15:40:00,-0.898682014140557,4.0525634627080125,-0.20638936747335282,-0.21450470073626096,7.249960682740799
2023-10-04 15:45:00,-0.7427540039311682,4.035059583984222,-0.21799332544134958,-0.3869389328744111,5.674919870537541
2023-10-04 15:50:00,-0.7422139722791251,3.92527068921082,-0.2187370896290909,-0.4119494911671731,5.261753632114884
2023-10-04 15:55:00,-0.7498634241599919,2.3902486039082382,-0.21295676499329896,-0.3921585282938651,6.0809936378797325
2023-10-04 16:00:00,-1.1062441636741653,2.6825779189663375,0.3341269081529727,-0.3571299644289094,3.7449002591624505
2023-10-04 16:05:00,-1.099351967446754,3.6880269197177276,-0.21239158793997082,-0.33157947842992996,3.7227998519305716
2023-10-04 16:10:00,-1.093033297815439,4.202815461916877,-0.2138114925211326,-0.35648113593042985,4.366904342607069
2023-10-04 16:15:00,-0.8604240426890319,2.5078549326998045,-0.21667838280722893,-0.5467995821080648,2.666688160702076
2023-10-04 16:20:00,-0.862590548344753,2.6772287115223086,-0.21707183848618516,-0.4741186714288478,2.573239887987036
2023-10-04 16:25:00,-0.8538138373824006,2.097721866913476,-0.22066703005554486,-0.5409295404630615,2.1381895603844328
2023-10-04 16:30:00,-1.2192832346383955,1.9146105959330944,-0.1880678769841615,-0.474650224406305,2.01971665447897
2023-10-04 16:35:00,-1.2227405836186755,2.39044066667319,-0.21376625016080747,-0.39062916688071525,2.0193246381301946
2023-10-04 16:40:00,-1.2255381317981442,1.5258564450997518,-0.21253150412499971,-0.487625594094209,1.6151608627659804
2023-10-04 16:45:00,-1.1149599182902246,0.805648260748794,-0.21202280018504388,-0.5757614876570992,1.3529144507349358
2023-10-04 16:50:00,-1.1042460760390223,1.1641034571678845,-0.21732292688045635,-0.5464978974433795,1.2148993202750302
2023-10-04 16:55:00,-1.1061121779551772,1.708862542261691,-0.21825670629584637,-0.469241209763622,1.068847612556968
2023-10-04 17:00:00,-1.0779190506092262,0.8717563906536522,-0.40717384715884936,-0.5463577770574041,0.8836015918947578
2023-10-04 17:05:00,-1.0841478693412274,0.44909882590347755,-0.2087404024616059,-0.5332111074660236,0.8638424813394491
2023-10-04 17:10:00,-1.0793867672328312,0.6278418039094673,-0.21104634399613986,-0.5267092170521109,0.8542198487488688
2023-10-04 17:15:00,-0.907303534113678,0.014946181301786573,-0.2091436940824149,-0.5388527724947824,0.6645188401190454
2023-10-04 17:20:00,-0.909605978033109,-0.29535389261073386,-0.2084100645360497,-0.5383908237552583,0.5026921847075527
2023-10-04 17:25:00,-0.9148021152599735,-0.43931624226347554,-0.20698821106653717,-0.483600904218949,0.45975352702933975
2023-10-04 17:30:00,-0.7995035387658684,-0.46131210941534195,-0.34964438853238694,-0.5004301989579474,0.23264298693052907
2023-10-04 17:35:00,-0.8097561294662794,-0.7403855140146661,-0.20305875903116358,-0.5108274224973502,0.2041257903708593
2023-10-04 17:40:00,-0.8003626029732586,-0.47934832465893085,-0.20695812448786471,-0.5000751990245844,0.304553492019307
2023-10-04 17:45:00,-0.8126319910868417,-0.20989580137459085,-0.2075791065573116,-0.5174410631443135,0.29304984929464634
2023-10-04 17:50:00,-0.8242766293351516,-0.24509706814650084,-0.20323208753724953,-0.4933068461678798,0.21845022674829442
2023-10-04 17:55:00,-0.8159455380946945,-0.12896506206957667,-0.20505631305329744,-0.649684232157075,0.11538665016153724
2023-10-04 18:00:00,-0.34041664264646976,-0.09952221866191015,-0.45752050603758265,-0.5583915092073911,0.12472287617631649
2023-10-04 18:05:00,-0.3411915783931716,-0.004910353446923653,-0.21162452043242316,-0.5567376442821931,0.12687900697958876
2023-10-04 18:10:00,-0.33349163039230745,0.06637571475745208,-0.2142025187708697,-0.6104579689371464,0.11826230375870622
2023-10-04 18:15:00,-0.9305411033162211,-0.36471761138681097,-0.2026532190674851,-0.6349556823676271,0.048352102709803106
2023-10-04 18:20:00,-0.9267581700590758,-0.2395203836478824,-0.20568623997626323,-0.5265561105615836,0.039661092607469965
2023-10-04 18:25:00,-0.9276393567466488,-0.2955759830868863,-0.20550238193795564,-0.5307109890885439,-0.06766705849294298
2023-10-04 18:30:00,-0.8164406287032046,-0.35027428638624386,-0.15470285210731533,-0.6939607259764564,0.007890493821811471
2023-10-04 18:35:00,-0.8233915678828788,-0.4015233829105707,-0.20700324828132008,-0.6672966351191464,-0.04374908592575949
2023-10-04 18:40:00,-0.8191204214706225,-0.19835363979275614,-0.2102614104648196,-0.5607566078278585,-0.0520400929811543
2023-10-04 18:45:00,-0.5016506118598264,-0.09672685165743361,-0.2138934991539434,-0.5914739583339683,-0.03572202283073853
2023-10-04 18:50:00,-0.5052228490401824,-0.3738307828234162,-0.2120007283086113,-0.5827542685604074,0.1080993184709645
2023-10-04 18:55:00,-0.5037193125607111,-0.30093070292672985,-0.21259396045057835,-0.5883648085477677,0.10915637449051527
2023-10-04 19:00:00,-0.6950563637143612,0.11779761987954782,-0.3407540236149552,-0.5634712369329984,-0.014887039435418368
2023-10-04 19:05:00,-0.6922824620535838,0.3629320594123674,-0.2124848303361423,-0.5747489227116762,0.04570177154127476
2023-10-04 19:10:00,-0.7019281322306004,-0.34955556220739675,-0.20701081327681034,-0.6694191045018092,-0.0034752411727948934
2023-10-04 19:15:00,-0.9450149408039619,-0.5737332960765638,-0.20450465674118967,-0.524207632598846,-0.1620614612759303
2023-10-04 19:20:00,-0.9457678559008844,-0.6630921797717729,-0.20253148639819035,-0.6381198377489178,-0.0846568472109448
2023-10-04 19:25:00,-0.9468549538863623,-0.49107289358356304,-0.20245777553147828,-0.6350643414652444,-0.17845352650958743
2023-10-04 19:30:00,-0.9259377975457804,-0.5276853516827028,-0.19868715649340904,-0.6065890688876902,-0.13894029945178366
2023-10-04 19:35:00,-0.9315167733433969,-0.9230552534376272,-0.19631555375151158,-0.5854114297159917,-0.10303935806309387
2023-10-04 19:40:00,-0.9267155658508851,-0.824245328516096,-0.19807995664370626,-0.6005302044311158,-0.08642747026175288
2023-10-04 19:45:00,-0.683591082712369,-1.1787403118559376,-0.1996643713640316,-0.6060776978002611,-0.11892503502257804
2023-10-04 19:50:00,-0.6870321706228818,-1.1315367970343186,-0.19844589968433354,-0.5945221719857868,-0.12115619737549485
2023-10-04 19:55:00,-0.6871825033801939,-0.9830357320201185,-0.1983486155827541,-0.5919829829161679,-0.06779336952010269
2023-10-04 20:00:00,-0.9700703398389813,-0.41246898180471464,-0.20013493242192137,-0.608932728282128,-0.06036787081099946
2023-10-04 20:05:00,-0.9441019893445499,1.1532658984750743,-0.21228329407741,-0.5171960166124665,0.16116995915616913
2023-10-04 20:10:00,-0.9345768932771739,1.8241503786616453,-0.21611032970689467,-0.5402676916388559,0.3148209315981726
2023-10-04 20:15:00,-1.1110523005560755,1.3303394329546057,-0.20982414542299577,-0.5584837422875549,0.2125394113683991
2023-10-04 20:20:00,-1.1258093396415516,0.774272580172012,-0.20413712999283448,-0.5049995595916575,0.18894603983191213
2023-10-04 20:25:00,-1.1472923025367618,-0.31911932008393945,-0.19545867248187782,-0.4439625153668901,0.14678317573121252
2023-10-04 20:30:00,-1.0104508494714999,-0.4421993964057113,-0.47913672358546633,-0.6034334972700655,-0.07742043826573133
2023-10-04 20:35:00,-1.0125383732166982,-0.38384084956178655,-0.19778969933524285,-0.5932407657968018,-0.011782707477053359
2023-10-04 20:40:00,-1.0148764820275802,-0.4434985020632678,-0.1968686399387895,-0.584369707742602,-5.8001362220854516e-05
2023-10-04 20:45:00,-1.109335714437115,-0.64981705429661,-0.19643213074243324,-0.5828954289931736,-0.07400515912023647
2023-10-04 20:50:00,-1.1106698753672977,-0.6839388275350237,-0.1958308990576515,-0.5774646666656625,-0.034952643897136114
2023-10-04 20:55:00,-1.1151720990201268,-0.6053119823318017,-0.1942667120106794,-0.5607637219838438,-0.051147255309036195
2023-10-04 21:00:00,-1.1599648941828813,-0.2920649008471779,-0.13426209452576562,-0.5951369514098143,-0.07605353576538504
2023-10-04 21:05:00,-1.1590646408719263,-0.5176590147693328,-0.19990652585346405,-0.48134839703065974,-0.09050734451740813
2023-10-04 21:10:00,-1.1622014875881597,-0.5332193809562591,-0.1992107371706019,-0.4665982671335948,-0.25235944495972573
2023-10-04 21:15:00,-1.0301221945104846,-0.4990473895213874,-0.19819088475981272,-0.4626597898693543,-0.1800215314602019
2023-10-04 21:20:00,-1.0224108156823128,-0.3745510515019462,-0.20112721509254938,-0.4851141622167311,-0.16141783161994408
2023-10-04 21:25:00,-1.0140361072867303,-0.23110377521420622,-0.20397714603086195,-0.5215095698447381,-0.06263666912820826
2023-10-04 21:30:00,-1.0530029726307746,-0.4224221362026729,-0.27050515714534845,-0.593866705828516,-0.135332051854398
2023-10-04 21:35:00,-1.0498067960465267,-0.33189024912315723,-0.20145664750523049,-0.5139591578826106,-0.1994504287249902
2023-10-04 21:40:00,-1.0527628147134815,-0.31689262456283285,-0.20026442398338623,-0.5154507031888137,-0.21490075676379983
2023-10-04 21:45:00,-0.9243975616654437,-0.45537707536771427,-0.201044087594953,-0.6207872136282324,-0.19165034001745138
2023-10-04 21:50:00,-0.924588814579593,-0.6403371960766975,-0.20239403263290062,-0.49298538317269863,-0.20318621304906806
2023-10-04 21:55:00,-0.9190939273506448,-0.5039570076190916,-0.20433913344509222,-0.523188715559085,-0.15965095897224207
2023-10-04 22:00:00,-0.9944163049282988,-0.4050695612136749,-0.013720007183823447,-0.6118965391792064,-0.1853846948811821
2023-10-04 22:05:00,-0.998243409678667,-0.6219541792940582,-0.19912775883588577,-0.6111135318762706,-0.2727564069594736
2023-10-04 22:10:00,-1.0013361366962232,-0.6939432070495096,-0.19929986953671724,-0.5016594344527396,-0.3265147704660954
2023-10-04 22:15:00,-1.0131998440900525,-0.5489522393004587,-0.2001999767878942,-0.5171373925245013,-0.2939703410240974
2023-10-04 22:20:00,-1.0173871770859648,-0.6458899702601456,-0.19759301379085795,-0.5944517060231975,-0.35162529085374444
2023-10-04 22:25:00,-1.0213012150116882,-0.6501978950500994,-0.19606830953303828,-0.5793685645655545,-0.3142350169040752
2023-10-04 22:30:00,-1.0574141706012645,-0.2230835459189286,-0.30787352292648384,-0.4259062716988301,-0.31585761869557466
2023-10-04 22:35:00,-1.066500517710947,-0.01695482291511118,-0.19444534700145708,-0.38070731875279523,-0.22736653878343854
2023-10-04 22:40:00,-1.060981780597389,-0.10863788365447473,-0.19638795434002423,-0.4168131048582486,-0.22410033340691815
2023-10-04 22:45:00,-0.6255468751267867,-0.5515203270071497,-0.19935926777297308,-0.5983112224051815,-0.26821147248512844
2023-10-04 22:50:00,-0.6270577108065348,-0.7264224428330566,-0.1988564419660109,-0.5934817889259112,-0.33598560579690406
2023-10-04 22:55:00,-0.6256049318661099,-0.6699044373992378,-0.1992345684777177,-0.5979816016275424,-0.2550552019271704
2023-10-04 23:00:00,-0.7145843018343643,-0.5510332014774103,-0.34452132543087555,-0.5882054062494998,-0.19003888956068757
2023-10-04 23:05:00,-0.7108853110683796,-0.4855229289785173,-0.20003635607986875,-0.608489921734365,-0.2009789566500448
2023-10-04 23:10:00,-0.7166663077808354,-0.7404698449781547,-0.1977702689169136,-0.5869670146232264,-0.20503305340537148
2023-10-04 23:15:00,-0.5752236754307207,-0.8018386673066702,-0.1966695548672918,-0.5715750474588378,-0.20850300027387947
2023-10-04 23:20:00,-0.5723958955428244,-0.6092935451540222,-0.1979439972147117,-0.5826889195170009,-0.2597333116429239
2023-10-04 23:25:00,-0.5667467237375596,-0.49320061188564684,-0.19995257696198443,-0.6031575387642976,-0.20263327526483885
2023-10-04 23:30:00,-0.8373764369787494,-0.585667816272691,-0.46119174791002626,-0.5528144579824188,-0.2630311805835664
2023-10-04 23:35:00,-0.8341588083579027,-0.6453398173076725,-0.19785025648052706,-0.45604908832405416,-0.35379013368575624
2023-10-04 23:40:00,-0.8336685667647141,-0.6918342182168707,-0.19778515084514614,-0.46997473956155617,-0.32708356142062106
2023-10-04 23:45:00,-0.8698749369008532,-0.6239397149810245,-0.1967823671728799,-0.46307085828044103,-0.26679703800126026
2023-10-04 23:50:00,-0.87046311516271,-0.7080747221350745,-0.19691819896721108,-0.4497648245831277,-0.37362444925493704
2023-10-04 23:55:00,-0.871383156151671,-0.7426352393617761,-0.19475771862503202,-0.5679465518697788,-0.2564207574811192
2023-10-05 00:15:00,-0.852034315278206,-0.5274549773927802,-0.19765855542510655,-0.4592068097782925,-0.30996755444041596
2023-10-05 00:20:00,-0.8540579337940905,-0.7172222425862507,-0.1968515689753898,-0.4585101176457802,-0.36487100306005316
2023-10-05 00:25:00,-0.8627678084548334,-0.8795194268353853,-0.1935871868333035,-0.4195396614736623,-0.34400849116863985
2023-10-05 00:30:00,-0.9607991513138621,-0.9579433660715425,-0.5859067109297056,-0.500981841627185,-0.25161010194606903
2023-10-05 00:35:00,-0.950513046439021,-0.722088035546173,-0.19328383649238487,-0.5556989555860518,-0.34307393049530976
2023-10-05 00:40:00,-0.9551678902100383,-0.986021545864011,-0.191236602718129,-0.5374765009472141,-0.2664842273183531
2023-10-05 00:45:00,-0.8162149321624893,-0.8654347496920533,-0.19300277782267308,-0.43911355874659613,-0.23065597473868746
2023-10-05 00:50:00,-0.8178074808624919,-0.8108308719929601,-0.19139532143469143,-0.5319935802840406,-0.299861786312051
2023-10-05 00:55:00,-0.8146892466750438,-0.915573002086016,-0.19233629402641111,-0.5417541879196183,-0.24463047201722726
2023-10-05 01:00:00,-0.5610900345438532,-1.0548479341836121,-0.6399607760386432,-0.53936373786595,-0.33517232085040627
2023-10-05 01:05:00,-0.5583465565214737,-1.216399722660368,-0.19553344533062217,-0.5595441907998177,-0.3388102036945838
2023-10-05 01:10:00,-0.5609676603707378,-1.384354992937789,-0.1945673398105964,-0.5502588257947025,-0.38065932387151497
2023-10-05 01:15:00,-0.8516714766575837,-1.2707118471533778,-0.19234376435410544,-0.42922315234101416,-0.6394769483066224
2023-10-05 01:20:00,-0.8517722653829722,-1.3510919051678878,-0.19064947604691684,-0.5249543688630982,-0.4725101841588035
2023-10-05 01:25:00,-0.8540993786866371,-1.5513658070349778,-0.18949084852866557,-0.5154111070681143,-0.394331689565811
2023-10-05 01:30:00,-0.6054535909343065,-1.454083082972065,-0.7986018085051395,-0.48656693193816053,-0.35883900709605004
2023-10-05 01:35:00,-0.6032217125474808,-1.455586470801144,-0.18778139782634845,-0.503074695737386,-0.3670256493302054
2023-10-05 01:40:00,-0.6063935765421143,-1.2484468833113125,-0.18800891733333613,-0.3868866751989655,-0.3538540278711317
2023-10-05 01:45:00,-1.019908966037916,-1.1586191339216316,-0.18908729395325263,-0.5082668535655519,-0.36692700343712065
2023-10-05 01:50:00,-1.017755619506199,-1.0992919400487422,-0.18984736088237955,-0.5159921155501052,-0.33881959830806074
2023-10-05 01:55:00,-1.0252016804841024,-0.8302871732214172,-0.18707608209616391,-0.4870104568876536,-0.2501971318761218
2023-10-05 02:00:00,-1.1289931858672917,-0.8700799609533695,-0.870533802722683,-0.46689309818033425,-0.3859094795865633
2023-10-05 02:05:00,-1.1194374074863849,-0.9082158330442643,-0.18946531359787092,-0.41263385582395123,-0.45306229726974756
2023-10-05 02:10:00,-1.1179608177770908,-0.7558836108309583,-0.19000393746120695,-0.41766112488065427,-0.41198497359203423
2023-10-05 02:15:00,-0.9765424770783018,-0.9590658881414948,-0.19296494974937864,-0.41189343566845843,-0.2955741409020968
2023-10-05 02:20:00,-0.9723697355720857,-0.7761151714977387,-0.19297174397748157,-0.5428831164342788,-0.21466790733948735
2023-10-05 02:25:00,-0.9747573642925682,-0.7196611466564659,-0.1921347399448342,-0.5339408044820082,-0.2161769589232896
2023-10-05 02:30:00,-1.2036277354368041,-0.704948026836534,-0.5762418618960147,-0.39347926547098433,-0.3710286527578713
2023-10-05 02:35:00,-1.1968348228862487,-0.6008344049126775,-0.1898484877334217,-0.39476538562445596,-0.25985173429920505
2023-10-05 02:40:00,-1.1841259714980892,-0.29744607147118435,-0.19523939532011758,-0.3991106649140887,-0.26381506939500926
2023-10-05 02:45:00,-1.037765029460828,0.7644168351802414,-0.2032911023930744,-0.3684538524871924,-0.24272095799465493
2023-10-05 02:50:00,-1.041090530121691,0.7153511995364368,-0.20098491277256958,-0.4438194024846773,-0.24640385190002181
2023-10-05 02:55:00,-1.0585184553881455,0.01957842761221667,-0.19394786724814547,-0.4157121785275601,-0.35235968706163684
2023-10-05 03:00:00,-1.2581532587936815,0.11448076307711609,-0.4164738469617968,-0.3888038319206904,-0.3186928947619969
2023-10-05 03:05:00,-1.2587283705001764,0.10496799689960946,-0.19362273012995998,-0.3852089127619654,-0.3016383110066364
2023-10-05 03:10:00,-1.267083116346002,-0.4941355998362671,-0.1884948417142619,-0.5083489406329765,-0.39017073091372945
2023-10-05 03:15:00,-1.2555566120657922,-0.4932893043556369,-0.19053548666764938,-0.3922853918901227,-0.29259107180814514
2023-10-05 03:20:00,-1.2519933208200815,-0.3407929919227127,-0.19196299933099464,-0.41882533949415474,-0.37020832546556304
2023-10-05 03:25:00,-1.2482870329922102,-0.4449952835555526,-0.1932170890761516,-0.4274434098457508,-0.3678016161690239
2023-10-05 03:30:00,-1.209736401294665,1.2270761352792388,-0.2004973797035925,-0.4075806192489841,-0.22754778636507425
2023-10-05 03:35:00,-1.220780880908461,0.05953424947397648,-0.19582761407586788,-0.36451580300058595,-0.2759002365092187
2023-10-05 03:40:00,-1.205039990677745,1.393616876427875,-0.20314915593770444,-0.36103566913207386,-0.209928867050955
2023-10-05 03:45:00,-1.197072331316181,0.9139742786450435,-0.2044430857986576,-0.4052979986054315,-0.22123136270593402
2023-10-05 03:50:00,-1.2107642004443735,-0.2650690448399246,-0.19781801682970854,-0.4430075412630057,-0.29945710582963503
2023-10-05 03:55:00,-1.217143191914913,-0.4637368498346557,-0.19501407661321804,-0.43715193951667414,-0.2508836213579879
2023-10-05 04:00:00,-1.480397766034499,-0.4527744429317227,-0.14100427654195508,-0.43941258082362145,-0.3435383525937969
2023-10-05 04:05:00,-1.485712915439809,-0.6745925675782862,-0.18864527608023765,-0.5156057877772914,-0.24506645852840667
2023-10-05 04:10:00,-1.4836922891021884,-0.5522031972823769,-0.18970661420418533,-0.5243333534653415,-0.350151845241852
2023-10-05 04:15:00,-1.2781538727194721,-0.30040229913213684,-0.19335677623337605,-0.5510967860142154,-0.311059900667114
2023-10-05 04:20:00,-1.2797219751312336,-0.4876079911392571,-0.1926076805509291,-0.5449938366612936,-0.2856493105636387
2023-10-05 04:25:00,-1.27455625183997,-0.6471502034547237,-0.19427126080246263,-0.5637460454544772,-0.22916390852061505
2023-10-05 04:30:00,-1.3625172377479309,-0.8415253783481695,-0.12508009610086637,-0.5735177316215716,-0.3749301330500705
2023-10-05 04:35:00,-1.3655028732299541,-0.8504584763664889,-0.1930858895481792,-0.5544134471594198,-0.3593317921141092
2023-10-05 04:40:00,-1.3647981595897631,-0.647989497697439,-0.1933201020460486,-0.5575425524355088,-0.292102861015436
2023-10-05 04:45:00,-1.3514003389803255,-0.6878210289451294,-0.19325052712730398,-0.5575444744870117,-0.3098803233677244
2023-10-05 04:50:00,-1.3541591482482582,-0.8722219325217704,-0.19222408091476142,-0.5477496059568204,-0.3518292407688958
2023-10-05 04:55:00,-1.353009802527247,-0.9912664711565824,-0.1925708215434959,-0.5520847415802308,-0.3512004190260829
2023-10-05 05:00:00,-1.413039064158809,-0.8815694534981218,-0.12546792980440744,-0.5526139795621637,-0.31642985921737726
2023-10-05 05:05:00,-1.4105680964702765,-0.7060321924625004,-0.1931414652918794,-0.5590370686420656,-0.36083596040094845
2023-10-05 05:10:00,-1.4038108264077178,-0.41265066323241967,-0.19735247594421734,-0.46116295603674484,-0.38070024782059747
2023-10-05 05:15:00,-1.3505749417300872,-0.4710830066655152,-0.19767662689846105,-0.4632334010410299,-0.3678001403345406
2023-10-05 05:20:00,-1.3542716712675034,-0.6402575537170946,-0.19608498663732604,-0.45535052561452705,-0.3438695334607544
2023-10-05 05:25:00,-1.359868123859291,-0.662632115882713,-0.19413581064128632,-0.4284409562374092,-0.3607767492101921
2023-10-05 05:30:00,-1.391988146808694,-0.5633014302576925,-0.3752872002855632,-0.45134081888310473,-0.36805007102153703
2023-10-05 05:35:00,-1.3916779485243742,-0.4958380985080225,-0.19244207101999766,-0.550474549648202,-0.33029465076424025
2023-10-05 05:40:00,-1.3879044117963741,-0.51217430125737,-0.19393395382472814,-0.5651916325511673,-0.38110270662672074
2023-10-05 05:45:00,-1.3509361316162158,-0.6843740162968375,-0.19642250512286438,-0.5869464873555628,-0.43263898378479393
2023-10-05 05:50:00,-1.3557485413893657,-0.838413129505982,-0.19447834354943366,-0.5685548067803793,-0.39600663460263846
2023-10-05 05:55:00,-1.356628518969656,-0.7905246707732096,-0.19412420216624415,-0.5649467467438942,-0.36990449842065887
2023-10-05 06:00:00,-1.522380069410544,-0.6154349721356884,-0.1951593795917272,-0.4577089276448622,-0.33910815578635567
2023-10-05 06:05:00,-1.5258096281310174,-0.4479396831029634,-0.19422473610943705,-0.4328247703686684,-0.3676125793028315
2023-10-05 06:10:00,-1.5201902814594737,-0.4888396809655077,-0.1960499127910949,-0.4594131015886408,-0.31081396076627404
2023-10-05 06:15:00,-1.4582451347605765,-0.7862341416128199,-0.19694982219964033,-0.4444692926532954,-0.2590078228582692
2023-10-05 06:20:00,-1.4587955325883994,-0.8020781014533281,-0.19526403887212718,-0.5774798787814232,-0.341495441197223
2023-10-05 06:25:00,-1.4566984450470026,-0.7876700734023587,-0.19609183746246797,-0.584296499984156,-0.36671647094034715
2023-10-05 06:30:00,-1.591398769666393,-0.6806374708366438,-0.027892563822539632,-0.49762413404458306,-0.40260722914089336
2023-10-05 06:35:00,-1.5945611276493787,-0.4800046323868556,-0.1965793004892138,-0.4821141722313044,-0.3648128616737901
2023-10-05 06:40:00,-1.5948332525163234,-0.29277317061382513,-0.19663667928064832,-0.46164950504358865,-0.2846046393525924
2023-10-05 06:45:00,-1.4047051382914497,-0.41861172784276857,-0.1988939915694475,-0.4788221240166861,-0.35544447411537977
2023-10-05 06:50:00,-1.402223627100197,-0.4180646271942168,-0.19972360846115744,-0.4942745497039399,-0.35392121946053096
2023-10-05 06:55:00,-1.4088007480381375,-0.421123612117782,-0.19742822506925847,-0.4636977798124753,-0.37145032770399966
2023-10-05 07:00:00,-1.4628808514839384,-0.5449661368151959,-0.3180757669211137,-0.4315945142503833,-0.34848838974707524
2023-10-05 07:05:00,-1.462942458446104,-0.4328810240834733,-0.19124152949569187,-0.5408381047027515,-0.3063161606972564
2023-10-05 07:10:00,-1.4583929209527986,-0.2751666896627583,-0.19312309833912272,-0.5583983614048367,-0.3564322822558776
2023-10-05 07:15:00,-1.447603383203184,-0.3428690918226127,-0.19157926641968256,-0.546901630007769,-0.26669903660478245
2023-10-05 07:20:00,-1.4483673245939643,-0.45580390375252733,-0.19148022849078283,-0.5452987271000969,-0.37383458632774824
2023-10-05 07:25:00,-1.444192199591438,-0.5727923533466175,-0.19436292368799368,-0.44548982348529714,-0.36931225747008817
2023-10-05 07:30:00,-1.5739199722935142,-0.6167200988339975,-0.4239705649664566,-0.45702488031727484,-0.3570198242348218
2023-10-05 07:35:00,-1.572954340856722,-0.5577161938404971,-0.19543104025126193,-0.44747467497042304,-0.3881891323731684
2023-10-05 07:40:00,-1.5716886531152425,-0.5197991386614766,-0.19589323242479334,-0.4573513229577513,-0.41403108188256815
2023-10-05 07:45:00,-1.3532647169179812,-0.11086855501062581,-0.19916226538896353,-0.4692987788955874,-0.46763050785990057
2023-10-05 07:50:00,-1.3540257457090348,-0.07522632737332906,-0.1985012562499926,-0.46845760934399716,-0.3350103832544254
2023-10-05 07:55:00,-1.3603950427291316,-0.19033232753845694,-0.19567946917440293,-0.477839966925711,-0.3132299255188612
2023-10-05 08:00:00,-1.2520308849924506,-0.3499337596084746,-0.15844281155972226,-0.46901114354719925,-0.4156206549283813
2023-10-05 08:05:00,-1.2532162909277138,-0.46480208480839946,-0.19712883145259055,-0.4550736970773901,-0.4674487651743162
2023-10-05 08:10:00,-1.2513580218401723,-0.2464777418757184,-0.19844047183140323,-0.4056229152490508,-0.38520736603899636
2023-10-05 08:15:00,-1.2380042165909242,-0.247066393882701,-0.19865987797695422,-0.44406730290464663,-0.364723876663851
2023-10-05 08:20:00,-1.2401520111160975,-0.35538144482843337,-0.1977506147576596,-0.4448910439209335,-0.366390251114863
2023-10-05 08:25:00,-1.2446327298934077,-0.42965497429167454,-0.19602090304257228,-0.42539070567232146,-0.3560483397075162
2023-10-05 08:30:00,-1.204269037007824,-0.4996270704313087,0.062148102677781536,-0.4538577843980961,-0.390780871560133
2023-10-05 08:35:00,-1.2082266086301265,-0.8520036129532156,-0.195197255396769,-0.4331361321726118,-0.3660797122169194
2023-10-05 08:40:00,-1.2080098729917699,-1.0190609869228258,-0.19484653826919376,-0.4598139689231026,-0.35322680112020416
2023-10-05 08:45:00,-1.3204716845046343,-0.8235540968636083,-0.19321948759237584,-0.4166189539396476,-0.41688558382380103
2023-10-05 08:50:00,-1.3185537341632774,-0.898874343235255,-0.19408276111267436,-0.4195985858486251,-0.4688818482881811
2023-10-05 08:55:00,-1.3183323393958235,-0.6358160898414749,-0.1940841316839534,-0.4204607055734461,-0.36198106884665243
2023-10-05 09:00:00,-1.4460204786572763,-0.7151312279796476,-0.4728780235651102,-0.45038789075114094,-0.38510778533311435
2023-10-05 09:05:00,-1.4491967030514712,-0.7930551635668917,-0.19631383207936945,-0.43820387852194626,-0.4326375110377065
2023-10-05 09:10:00,-1.4540515579309572,-0.7799861523587878,-0.19493817039233063,-0.4297730506811084,-0.6311757399219488
2023-10-05 09:15:00,-1.6498806885662292,-0.8324368972402693,-0.19376717880390537,-0.4298097055263461,-0.37270230868125254
2023-10-05 09:20:00,-1.651729645903257,-1.0532300349540968,-0.19159361720346849,-0.534435824495704,-0.3626744856848915
2023-10-05 09:25:00,-1.6545687390239152,-0.8658592261240009,-0.19249605947805917,-0.38449781770440866,-0.40197435886683436
2023-10-05 09:30:00,-1.455089160172527,-0.651843699693496,-0.502831932632652,-0.44700616043019364,-0.4258762153399316
2023-10-05 09:35:00,-1.4604358632541645,-0.6761989596330392,-0.1971981368504415,-0.4469059611306761,-0.4708543788552209
2023-10-05 09:40:00,-1.4617294369153566,-0.5694963370895042,-0.1970026745423396,-0.4169780830044211,-0.4312480244047971
2023-10-05 09:45:00,-1.5847052053604256,-0.6117326930380219,-0.19550845848871412,-0.3494125653742929,-0.492320575590354
2023-10-05 09:50:00,-1.5836257474276407,-0.9730749869065339,-0.19646171693546827,-0.31695929309554133,-0.6333370795434597
2023-10-05 09:55:00,-1.5845207102162477,-0.8155267595594905,-0.19514804992197074,-0.3539755100052651,-0.39930291394621825
2023-10-05 10:00:00,-1.6033210623201617,-0.5614702917573471,-0.3154029892975339,-0.3376090970020515,-0.5087573071052637
2023-10-05 10:05:00,-1.6051780100225848,-0.4748560933270164,-0.19254875882485328,-0.35856130158805904,-0.5106988869549193
2023-10-05 10:10:00,-1.6061064442696045,-0.5722289482227586,-0.19149672021113295,-0.3977603849811132,-0.512114157588248
2023-10-05 10:15:00,-1.532220817088445,-1.1687829532341623,-0.19230275329270932,-0.4175563594793782,-0.6535207885160239
2023-10-05 10:20:00,-1.5294682099811692,-1.4546494249862782,-0.19412332683246927,-0.3479713777950337,-0.650689580737678
2023-10-05 10:25:00,-1.531243314900001,-1.4570268864208482,-0.19277628978101455,-0.3976530836292365,-0.6527862136208198
2023-10-05 10:30:00,-1.3987476226181992,-1.481919505986963,-0.2795436198039188,-0.4045269004431969,-0.6620231109303151
2023-10-05 10:35:00,-1.403937285371416,-1.4396617230780457,-0.19165819811433996,-0.37979515973006583,-0.6515108053669136
2023-10-05 10:40:00,-1.4050803048554734,-1.4328067496907422,-0.19124516612085357,-0.37552105802199215,-0.6522529383296558
2023-10-05 10:45:00,-1.3317934572733117,-1.3998742334889687,-0.18938284714098294,-0.3666595872771952,-0.6615928902736788
2023-10-05 10:50:00,-1.3293564795299049,-1.3912733866346378,-0.18944599084541047,-0.37170518325412866,-0.3040397730508308
2023-10-05 10:55:00,-1.3317596168838506,-1.3980468318825041,-0.1885559341296825,-0.3614049149343509,-0.3056002036897436
2023-10-05 11:00:00,-1.2467596960921328,-1.4089336572101747,-0.1882570265371506,-0.36160148363012135,-0.3091403334568616
2023-10-05 11:05:00,-1.247009417773418,-1.4152815864771446,-0.18899365801802526,-0.36473071442619415,-0.665257501790781
2023-10-05 11:10:00,-1.2457358535778396,-1.3833574411135798,-0.18948678127482363,-0.37080139926708744,-0.6644115435977095
2023-10-05 11:15:00,-1.346723720140091,-1.3603263177485585,-0.18768592328011582,-0.36183499163451316,-0.6718830316858669
2023-10-05 11:20:00,-1.3415068824204013,-1.248125540030667,-0.19074334443810328,-0.2957726301295056,-0.6669345082809397
2023-10-05 11:25:00,-1.341438686045684,-1.1999004447870805,-0.18926092170850908,-0.38634887877181634,-0.4997806461476156
2023-10-05 11:30:00,-1.260285262376815,-1.14409891538334,-0.7630222442706995,-0.43048809853878345,-0.4141471387403932
2023-10-05 11:35:00,-1.2618704307507045,-1.1078788376891544,-0.18984921988816703,-0.42113733894829336,-0.3456193335003939
2023-10-05 11:40:00,-1.2591777774055686,-0.9822992184876478,-0.191627415511214,-0.3551593150731962,-0.2626165016738473
2023-10-05 11:45:00,-1.2743895632350015,-1.0592300143445277,-0.19504116862744988,-0.3176190395124418,-0.23708681985615446
2023-10-05 11:50:00,-1.2740645682171974,-1.0609325231462352,-0.1951983425995216,-0.3203266489548863,-0.2502112356493444
2023-10-05 11:55:00,-1.2771179811669666,-0.8627491557039381,-0.19383789841558086,-0.33315718910472036,-0.22579440981583596
2023-10-05 12:00:00,-1.436540776218067,-0.9654978496657691,-0.7615537720824261,-0.3862525310747092,-0.24573255780120773
2023-10-05 12:05:00,-1.4363825468144107,-1.0198946733491292,-0.19453494366962493,-0.39717597549952033,-0.24103930088069092
2023-10-05 12:10:00,-1.4402317069327557,-1.185264270217748,-0.19279141411011577,-0.39998174838159417,-0.24401824184567797
2023-10-05 12:15:00,-1.627026080537067,-1.000119389607666,-0.19237223426721892,-0.36398718321806417,-0.24912534448249016
2023-10-05 12:20:00,-1.630932275069689,-0.9982876945016427,-0.1910095073407252,-0.3497081625845853,-0.27830848518304196
2023-10-05 12:25:00,-1.6274391795146947,-1.1168296876747321,-0.19214965706002807,-0.36251645688318684,-0.249521306091
2023-10-05 12:30:00,-1.5418972296039772,-1.1326494920681962,-0.8024211744137054,-0.38912422639517313,-0.41373809089191294
2023-10-05 12:35:00,-1.5372737269926915,-1.011321285360591,-0.1932685633353403,-0.44162296203335255,-0.37192008608800536
2023-10-05 12:40:00,-1.539820805858019,-0.9916747838504968,-0.192494210439397,-0.41849946856379133,-0.37334647220201506
2023-10-05 12:45:00,-1.4713893059886285,-1.0018140585929873,-0.1878062689014416,-0.38220670522346945,-0.39149910275434097
2023-10-05 12:50:00,-1.4705858522095558,-1.0418523451952633,-0.18782931930579555,-0.39707354662433963,-0.35128629342423817
2023-10-05 12:55:00,-1.4671714772994788,-0.9179439155801203,-0.18925325561080406,-0.41158571909810093,-0.388876729388801
2023-10-05 13:00:00,-1.1221159542246857,-1.1977200002039987,-0.6515162757607293,-0.4208268678046486,-0.35977131406658525
2023-10-05 13:05:00,-1.1240909978077411,-1.0533594347002797,-0.1911977074155756,-0.3779300541335681,-0.3177387934452621
2023-10-05 13:10:00,-1.1256472793836396,-1.1328229276157549,-0.19017243006630213,-0.415773893416934,-0.3727960368499166
2023-10-05 13:15:00,-1.1885862743307938,-1.1012490007325193,-0.1911968401612169,-0.42767109027637223,-0.3951333334606871
2023-10-05 13:20:00,-1.1875742340620297,-1.114464159373013,-0.19165129839892656,-0.4319283713186902,-0.43441691944304317
2023-10-05 13:25:00,-1.1881603602463087,-1.2310891264273223,-0.19171528850186728,-0.3989207647538216,-0.4211048094607731
2023-10-05 13:30:00,-1.0651757358774823,-1.3634529678185068,-0.6105989439859932,-0.3856092088545475,-0.5079259603239361
2023-10-05 13:35:00,-1.0637377800171957,-1.0298371617416973,-0.18927307497051624,-0.4098141151940687,-0.4398015730789619
2023-10-05 13:40:00,-1.0643503457422971,-0.8410630803899136,-0.1891336406152703,-0.4073259486026597,-0.4267000463770912
2023-10-05 13:45:00,-0.7059872985534301,-0.721529551795343,-0.18939456281440228,-0.5354373402654845,-0.5040662956899776
2023-10-05 13:50:00,-0.7025592923421513,-0.6824523884044819,-0.191904599811573,-0.4252340293681063,-0.3932867229899473
2023-10-05 13:55:00,-0.70436671311112,-0.6495706879060354,-0.19168504927669808,-0.38924441959034406,-0.4072635912963996
2023-10-05 14:00:00,-0.9513824147813195,-0.7332215186708474,-0.7970706369003904,-0.3554301019696363,-0.5050866507002324
2023-10-05 14:05:00,-0.9537936424017285,-0.7369642345132306,-0.18998330009804376,-0.4016823026101617,-0.49768116323496414
2023-10-05 14:10:00,-0.9536922171099819,-0.8957815480916468,-0.1898885911594661,-0.38893490907786354,-0.4177173886108741
2023-10-05 14:15:00,-0.8818313543846759,-0.5672547035423737,-0.19715347877889802,-0.3912455277668572,-0.33212761094932336
2023-10-05 14:20:00,-0.8835943703018094,-0.6813042493419341,-0.19631043640896279,-0.39186903490799085,-0.30690634310111203
2023-10-05 14:25:00,-0.8835863687487021,-0.8750468017094479,-0.19605975044896662,-0.4108575884898203,-0.34733654757342275
2023-10-05 14:30:00,-1.0227549229019632,-0.9399795641913747,-0.5149866592291948,-0.3896506330143671,-0.36169765232343065
2023-10-05 14:35:00,-1.0263525720890851,-0.794865621108497,-0.19472990769287646,-0.37683414225901923,-0.38512387318005836
2023-10-05 14:40:00,-1.0245473998198138,-0.605501100294148,-0.1955614774114682,-0.3916044859172124,-0.43710886017442335
2023-10-05 14:45:00,-1.092634857156375,-0.6632939150022918,-0.19570187251305254,-0.44631230427230567,-0.3582173081175474
2023-10-05 14:50:00,-1.0951602270485987,-0.9044453674290677,-0.19471360152297976,-0.4230647860793853,-0.3332795281163973
2023-10-05 14:55:00,-1.0944903377171282,-0.7327481654028933,-0.1948296342516491,-0.45170994079606064,-0.35971192057125834
2023-10-05 15:00:00,-1.2440498508255062,-0.611253637905862,-0.5810706436681503,-0.435235368543737,-0.4006779060680563
2023-10-05 15:05:00,-1.2467437510285062,-0.6765893560867735,-0.19252421673087672,-0.38605754775463696,-0.3769991346174219
2023-10-05 15:10:00,-1.2430886101448957,-0.8909639577412404,-0.19332791367946112,-0.4447041721652924,-0.42879489791350284
2023-10-05 15:15:00,-1.0702523235411718,-1.1188959393725082,-0.1968572351037044,-0.4087633511401164,-0.4191776940976268
2023-10-05 15:20:00,-1.0735098420320033,-1.036894006049094,-0.19581653076220784,-0.3892714549332346,-0.434416123425557
2023-10-05 15:25:00,-1.0757744024622122,-0.9496988536342903,-0.19517613970028247,-0.3827241911647502,-0.4890701655617234
2023-10-05 15:30:00,-1.136928929286149,-0.7701559359294764,-0.48853585813238803,-0.38354914208750107,-0.5114362056022593
2023-10-05 15:35:00,-1.1343119568070321,-0.6953652453688447,-0.1960648600445558,-0.3943209751355002,-0.518929554026535
2023-10-05 15:40:00,-1.1348104092646905,-0.5798716318673592,-0.1958151168837896,-0.3982709868474258,-0.49262235241333774
2023-10-05 15:45:00,-0.9094661720139332,-0.45630439463519146,-0.19958717840961834,-0.40632329888975255,-0.4830198286104375
2023-10-05 15:50:00,-0.9122760103505541,-0.4695643889418839,-0.19850484381611916,-0.38909969030544445,-0.43154017273209344
2023-10-05 15:55:00,-0.9131676543755438,-0.4052997238212004,-0.19837049556713565,-0.37349108444163864,-0.4318573083724918
2023-10-05 16:00:00,-0.8369722428125603,-0.5378772930177682,-0.5727944353557056,-0.36816395229017257,-0.4491049785753527
2023-10-05 16:05:00,-0.8424718506133241,-0.5612632633688723,-0.1960932970268674,-0.31549702715614636,-0.48124853157305436
2023-10-05 16:10:00,-0.8431806441239929,-0.31990395409576095,-0.19527201818044768,-0.35614854521406886,-0.40234611284379834
2023-10-05 16:15:00,-0.9403784758881272,-0.3527173045630494,-0.19432549964566578,-0.377167868727838,-0.47854354414374517
2023-10-05 16:20:00,-0.9402069888558772,-0.39333510725055537,-0.1944252387982559,-0.3781431836129233,-0.5050913590949966
2023-10-05 16:25:00,-0.9294798072452861,-0.3328755904363214,-0.19837764857815846,-0.4182343841199332,-0.49799941258912417
2023-10-05 16:30:00,-0.8096223976732341,-0.40573057078808444,-0.3141915275840114,-0.43724940616550056,-0.49993253798917575
2023-10-05 16:35:00,-0.817406419270636,-0.5326815619335742,-0.19660710458125671,-0.43837666207090786,-0.4477199437962629
2023-10-05 16:40:00,-0.8205559923192802,-0.7604823613786039,-0.19509345404921452,-0.45812668220075276,-0.5170684950311819
2023-10-05 16:45:00,-0.550700135559949,-0.7729061942479649,-0.2000855535653571,-0.4876281061480476,-0.4823652419491504
2023-10-05 16:50:00,-0.5462958971695988,-0.6744242421897703,-0.20182922529108246,-0.49793814474221865,-0.47927707980545925
2023-10-05 16:55:00,-0.5381585698477691,-0.41908268934054854,-0.20503147162649363,-0.5221498670710971,-0.4735803166636173
2023-10-05 17:00:00,-0.5271308887575512,-0.5660936349760011,-0.21552079962491388,-0.5141137723748209,-0.4442453301299157
2023-10-05 17:05:00,-0.5327064213152672,-0.8142623759675495,-0.20423075875194377,-0.45895994724104,-0.33147461265213785
2023-10-05 17:10:00,-0.5320464910193077,-0.7829997040282058,-0.20456653164792127,-0.4553006618994326,-0.33091049973877057
2023-10-05 17:15:00,-0.8164075358115507,-0.8553152910924715,-0.19892391677007046,-0.4043787505021958,-0.4317599829098367
2023-10-05 17:20:00,-0.8201339669640837,-1.0429466428964869,-0.19697208011172188,-0.40771352569125907,-0.32823960310766065
2023-10-05 17:25:00,-0.8221784832190747,-0.9862009302971524,-0.19626887861098352,-0.4053377224896421,-0.36952615566228875
2023-10-05 17:30:00,-0.9331175148788283,-1.2303489238891157,-0.3170680438277227,-0.42851973994873754,-0.39105634140387124
2023-10-05 17:35:00,-0.9397826898334123,-1.1864095411274789,-0.19210244504826912,-0.446653107181214,-0.4200176505604924
2023-10-05 17:40:00,-0.9369349090680823,-0.847124760417232,-0.19331966815371346,-0.4362703657528129,-0.3110174842386999
2023-10-05 17:45:00,-0.6957079261875679,-0.4113826905245829,-0.19710146503700657,-0.4497902300132363,-0.3361920337508898
2023-10-05 17:50:00,-0.6952996083509394,-0.5657211138907553,-0.19737874878877365,-0.44074471129621273,-0.362519345036309
2023-10-05 17:55:00,-0.6973422650452971,-0.5212012835531104,-0.19663264751491918,-0.44598023880709725,-0.41724636315298635
2023-10-05 18:00:00,-0.8567907187145287,-0.27238523238600026,-0.613226822529999,-0.4734319307892254,-0.4724781831516379
2023-10-05 18:05:00,-0.8611714973356938,-0.20556703098479068,-0.19522414620995102,-0.4522577082495194,-0.43014443512912043
2023-10-05 18:10:00,-0.8608837365347347,-0.36383514676713336,-0.19607112944781885,-0.39898885898893355,-0.49574477136545664
2023-10-05 18:15:00,-0.6475772233984222,-0.37114151152303154,-0.20264953298189844,-0.4417552036054605,-0.4664054513424272
2023-10-05 18:20:00,-0.6504281262128393,-0.618853671595912,-0.201230837587266,-0.42881522295770313,-0.37535958658536295
2023-10-05 18:25:00,-0.654034209835359,-0.6311751308975425,-0.19958430828080737,-0.45406267095370817,-0.4315953125853859
2023-10-05 18:30:00,-0.6379379244120933,-0.5490637151625476,-0.20122274572666227,-0.48122974329258744,-0.43942477367192495
2023-10-05 18:35:00,-0.6331115317521525,-0.5353127922479515,-0.20406966258332473,-0.44604210208550815,-0.6038139704964116
2023-10-05 18:40:00,-0.6360135571319475,-0.7771559046613203,-0.20218729525676846,-0.45671676941437644,-0.45118018967526397
2023-10-05 18:45:00,-0.991609132245828,-0.9223639228614059,-0.1977762271811921,-0.4256829207038866,-0.49260478647116257
2023-10-05 18:50:00,-0.9923090452263096,-1.1290625112468922,-0.19749784583627122,-0.4431543067618808,-0.6354414981309158
2023-10-05 18:55:00,-0.9935311092589383,-1.3116421362704966,-0.19697930665597302,-0.4050845506145846,-0.4940442267476715
2023-10-05 19:00:00,-0.989953843769451,-1.1030920228120753,-0.3844160727673385,-0.38120343174599897,-0.4165462001623966
2023-10-05 19:05:00,-0.9959317404444515,-0.994867967224317,-0.1915568356487999,-0.3896192455629318,-0.6602910237825609
2023-10-05 19:10:00,-1.002599604096762,-0.9858092833919344,-0.18913699033543882,-0.36603144411549665,-0.6646740913066405
2023-10-05 19:15:00,-1.1502523189782385,-1.1612565323012174,-0.19335070760532436,-0.4402430721280055,-0.515858174776518
2023-10-05 19:20:00,-1.1455037107893264,-1.1541455089290884,-0.19499494776350937,-0.4575486897401586,-0.4728204985509714
2023-10-05 19:25:00,-1.1490919360585203,-1.0990294272174306,-0.1934699789297237,-0.4429202413927498,-0.36866642831397023
2023-10-05 19:30:00,-1.1507789072535783,-1.1802167155827872,-0.7075929067442683,-0.44864513084845997,-0.40761371397032914
2023-10-05 19:35:00,-1.1519176311467818,-1.082120543041872,-0.19435576089328746,-0.4244571061953166,-0.5121275120560633
2023-10-05 19:40:00,-1.1496115902941213,-0.7758118437092721,-0.19572930796075014,-0.38920017530708306,-0.42975615588576277
2023-10-05 19:45:00,-1.2422860557414133,-0.6722279641004848,-0.19777309405181143,-0.4356432048625751,-0.45424071679471817
2023-10-05 19:50:00,-1.24048295407039,-0.8559197098380119,-0.19797416080943708,-0.4823074157048538,-0.49381860485721074
2023-10-05 19:55:00,-1.2441706687836176,-0.7864489149903727,-0.19697388418906855,-0.4440163954982684,-0.49576067484844
2023-10-05 20:00:00,-1.2062145510849362,-0.780346476396545,-0.7265055914478568,-0.4594215841371946,-0.5064531312398745
2023-10-05 20:05:00,-1.2126940280200444,-0.8266722682137975,-0.19643962451938912,-0.39256474257916635,-0.6357891019740125
2023-10-05 20:10:00,-1.2122587821183013,-0.7061707846779481,-0.19618883334596424,-0.40479995215514814,-0.4937408063262773
2023-10-05 20:15:00,-1.2952270235032655,-0.8328650523561095,-0.1951086005651229,-0.4599346536965175,-0.4821079646352575
2023-10-05 20:20:00,-1.294314922786167,-0.7422428943411903,-0.19557264287281254,-0.4572050478961194,-0.4813169851913392
2023-10-05 20:25:00,-1.289011030542537,-0.7443729225079889,-0.19802080303850003,-0.42760008749205086,-0.43711763863181013
2023-10-05 20:30:00,-1.331865548672403,-0.47668097521804365,-0.23951684554612487,-0.489499911041834,-0.4749911668302241
2023-10-05 20:35:00,-1.3285265361112348,-0.4399018035984227,-0.19955215937065124,-0.5032996613839421,-0.3747385954781134
2023-10-05 20:40:00,-1.3282436762139511,-0.5823194324492549,-0.1995283305528688,-0.5029463033690726,-0.3613747538815391
2023-10-05 20:45:00,-1.4556785863566812,-0.7053108435046285,-0.19716906963491448,-0.49042776371321106,-0.40191844619370554
2023-10-05 20:50:00,-1.4576548197960368,-0.6442903314185531,-0.19668504009882687,-0.47752118151694445,-0.45627302419496485
2023-10-05 20:55:00,-1.4610790924230497,-0.7621481268393995,-0.1957427500319529,-0.4731236254569931,-0.6537943759204948
2023-10-05 21:00:00,-1.3407067660266896,-0.8005978789898306,-0.1369957452216384,-0.4855655007158272,-0.38437031031248375
2023-10-05 21:05:00,-1.347165427156396,-1.04581237411132,-0.19603831979272296,-0.4692582208499741,-0.4560540862168281
2023-10-05 21:10:00,-1.3485919057679323,-1.0046284006145687,-0.1955426339098677,-0.46392811240634463,-0.4569482056884031
2023-10-05 21:15:00,-1.4514133531840754,-1.1365803759003175,-0.19217776906332065,-0.44449698420798917,-0.37261395562587396
2023-10-05 21:20:00,-1.4507891550014262,-1.0075465331476408,-0.1926894601712242,-0.4335429704082112,-0.3984598389053909
2023-10-05 21:25:00,-1.4544438031984428,-1.1989753975155852,-0.19121582810898452,-0.4211302405569069,-0.38777110242066026
2023-10-05 21:30:00,-1.6181120364509163,-1.0777122947977447,-0.34745978605299005,-0.40618319324731816,-0.5000713612957283
2023-10-05 21:35:00,-1.6165547976125019,-1.1304789042190493,-0.1902267208202306,-0.3785195501265518,-0.6662877529782236
2023-10-05 21:40:00,-1.6194442767057522,-1.2847785709726587,-0.1885380120130506,-0.40930696381667936,-0.6690272346676089
2023-10-05 21:45:00,-1.7023101980659197,-0.9394893554171881,-0.19448578371333422,-0.4456632118382279,-0.5088195337329258
2023-10-05 21:50:00,-1.6961668726704926,-0.7210483917146158,-0.19704136541920517,-0.48242485046406536,-0.6465904811852357
2023-10-05 21:55:00,-1.7103401615893992,-1.0624485927822702,-0.19165885961124182,-0.42957824355981633,-0.6562323789155255
2023-10-05 22:00:00,-1.6525998636355967,-1.221821986453668,-0.6299106538109893,-0.3777720034928137,-0.6565194395259233
2023-10-05 22:05:00,-1.6445114198700193,-1.0548482711314888,-0.1902274799796906,-0.4134023743747536,-0.6591263425455348
2023-10-05 22:10:00,-1.6429027853358935,-1.024640318772228,-0.19083295718765003,-0.4194196786168763,-0.6580410829862445
2023-10-05 22:15:00,-1.619524772825406,-1.1569200462157814,-0.19163184551331092,-0.4512901974426576,-0.6554864654650607
2023-10-05 22:20:00,-1.6248230304142983,-1.42545428656536,-0.18942951275781275,-0.41161789904454793,-0.5171205927341931
2023-10-05 22:25:00,-1.6257480557799784,-1.4572059406560405,-0.18916751847826424,-0.4268367359391371,-0.6598537097075082
2023-10-05 22:30:00,-1.4303528232995728,-1.3624212012973267,-0.529389154378795,-0.5240690697290493,-0.4839170235129105
2023-10-05 22:35:00,-1.4199870667349663,-0.9277171352598631,-0.1945981777574347,-0.4384589613062892,-0.44819149612707915
2023-10-05 22:40:00,-1.4252842593984227,-0.9669946427675773,-0.19105567948353136,-0.5512975463146552,-0.46719862923640076
2023-10-05 22:45:00,-1.3521304156420302,-1.3795919910452905,-0.18953966088902613,-0.5354774116317879,-0.36738025478669345
2023-10-05 22:50:00,-1.3484337717146,-1.4143303949774855,-0.19111645058549426,-0.5505195013189432,-0.47142678275715894
2023-10-05 22:55:00,-1.3437122953232083,-1.2136814436825278,-0.19296259700462687,-0.5681007748036434,-0.46812654249156765
2023-10-05 23:00:00,-1.5110961882553944,-1.2613459415778359,-0.7084168771766536,-0.5268151838604843,-0.5096346491698177
2023-10-05 23:05:00,-1.5067099662652763,-1.2543681741328248,-0.19051047865320486,-0.5471780760146102,-0.5106974586421321
2023-10-05 23:10:00,-1.5080735241947607,-1.400560421467862,-0.18992335290466997,-0.5421298206269443,-0.5117430279298206
2023-10-05 23:15:00,-1.5023610213819574,-1.5023112318748826,-0.18989772980675704,-0.5376279945800894,-0.5061672753412891
2023-10-05 23:20:00,-1.4987926781814023,-1.1256186062682572,-0.1917619266745109,-0.5524590259759397,-0.6452399214870588
2023-10-05 23:25:00,-1.5000866437608813,-1.0231693897890881,-0.1913522559516851,-0.5475893685413803,-0.6459824937409583
2023-10-05 23:30:00,-1.6762659347581779,-0.894136551179587,-0.8283501834377794,-0.5431513356256882,-0.6445170638354459
2023-10-05 23:35:00,-1.6716535458128299,-1.007573405921828,-0.19240755540161442,-0.5664859933941649,-0.5080831950704994
2023-10-05 23:40:00,-1.6728343647981998,-1.0150224774482994,-0.19197198197473403,-0.5620754569158392,-0.5088660345457192
2023-10-05 23:45:00,-1.5640683233215542,-0.9378410557714627,-0.19434832863720486,-0.5787798646110814,-0.49537412085346
2023-10-05 23:50:00,-1.5649424260166676,-1.0305918661660474,-0.19374624581934127,-0.5731607402055545,-0.40289879431785774
2023-10-05 23:55:00,-1.5632912766102298,-0.9575351853592142,-0.19454904564515368,-0.5800669404551095,-0.46825909561858314
2023-10-06 00:15:00,-2.0830642061486393,-0.9928537649470718,-0.19582855971495725,-0.4360429445570325,-0.32651922494999425
2023-10-06 00:20:00,-2.0866027095415847,-1.2167768863461463,-0.19446216523485318,-0.42319482237942113,-0.35567716112665443
2023-10-06 00:25:00,-2.0931602369165003,-1.431772266827437,-0.1917505662142524,-0.3978459856641589,-0.2803809376224485
2023-10-06 00:30:00,-2.2095858474500396,-1.2465025151932199,-0.689464787255226,-0.3693944531947282,-0.3518042974920623
2023-10-06 00:35:00,-2.210565018429615,-1.3178355097156775,-0.1902296785384838,-0.3791323900358835,-0.47195513947060114
2023-10-06 00:40:00,-2.214442433297463,-1.3974834009099817,-0.18870347421827707,-0.3643630796236631,-0.44797446684126846
2023-10-06 00:45:00,-2.3021539152842996,-1.3408110907425905,-0.1914182998969774,-0.38890187765021594,-0.39882530135444105
2023-10-06 00:50:00,-2.297334137997161,-1.219525110506911,-0.1931896326443446,-0.40657313537454864,-0.3689375498290072
2023-10-06 00:55:00,-2.2932624189410458,-1.0460666072877298,-0.19481305857677741,-0.4218865659822239,-0.3793942973637328
2023-10-06 01:00:00,-2.395881170894804,-1.0430397272512648,-0.9372863937176379,-0.3834426330179844,-0.4783757202583955
2023-10-06 01:05:00,-2.385582420741128,-0.9374321827599446,-0.19638778855049038,-0.43547004065265144,-0.49526169874691944
2023-10-06 01:10:00,-2.392111905487669,-1.1095900758937312,-0.1938991140558784,-0.41112241280124123,-0.4997200298801237
2023-10-06 01:15:00,-2.3852852086310854,-1.0103228664031292,-0.19529233005554436,-0.4200576331738437,-0.6361165543665587
2023-10-06 01:20:00,-2.3834297856826456,-0.7578106463284431,-0.1957927742459907,-0.4252926171408183,-0.4928688886246487
2023-10-06 01:25:00,-2.3833386674387977,-0.8861253171732725,-0.1957475680678301,-0.42567545011286667,-0.4929424379439479
2023-10-06 01:30:00,-2.3643974729379993,-1.0614125231299874,-0.8500970331147323,-0.4032100245143859,-0.61041648805314
2023-10-06 01:35:00,-2.353579445907657,-0.7012777727533649,-0.19911350019696888,-0.4588074862981562,-0.6315244419538029
2023-10-06 01:40:00,-2.3566813790066843,-0.8310131397061684,-0.19790189355130994,-0.4472566436615296,-0.6336912840542676
2023-10-06 01:45:00,-2.3047469746541966,-0.9161261857498253,-0.19707805572567225,-0.44010182238256573,-0.6379126527395209
2023-10-06 01:50:00,-2.3078843898593555,-1.0825718753410951,-0.19583104753583608,-0.4284304147757612,-0.6401405771147326
2023-10-06 01:55:00,-2.3107463710735807,-1.216121563390722,-0.1947046957012592,-0.41777766218058665,-0.6421540730193973
2023-10-06 02:00:00,-2.128123897116399,-0.9360626721186418,-0.19736887387217872,-0.44036219274416877,-0.6324036180757562
2023-10-06 02:05:00,-2.1235758843542323,-0.8008036696010399,-0.19878920743051456,-0.4570201289833418,-0.4875437761874413
2023-10-06 02:10:00,-2.124947621451501,-0.8797673152900455,-0.1982402096919013,-0.4519193647317866,-0.4885253055548607
2023-10-06 02:15:00,-1.9333013093486837,-0.9600275326241305,-0.19961263796693512,-0.45671698889102386,-0.479216230462908
2023-10-06 02:20:00,-1.9354586255173463,-0.8585198920283221,-0.1988561742239382,-0.44846908821105147,-0.4672252122615552
2023-10-06 02:25:00,-1.9378369850732444,-0.7836929677043977,-0.19807358513581588,-0.4410276943379651,-0.4820313850875938
2023-10-06 02:30:00,-1.9511953025022923,-0.9068562336742493,-0.377203493183582,-0.4464850346608591,-0.4880210135654134
2023-10-06 02:35:00,-1.9532557760912423,-1.0116439666667665,-0.19718539614955538,-0.43508990536390607,-0.4532261502288778
2023-10-06 02:40:00,-1.9549710352079395,-0.8607683070305562,-0.19655832573022058,-0.4281744335107114,-0.41429204212043524
2023-10-06 02:45:00,-2.072440827593251,-0.9758168670758975,-0.19307202957092695,-0.40080997865698603,-0.4697446108768572
2023-10-06 02:50:00,-2.0715159729012567,-1.0115670297471475,-0.19320129302924724,-0.4033683555181299,-0.3893687600077384
2023-10-06 02:55:00,-2.0718882050043197,-0.7492786818301479,-0.1932705442936913,-0.39955369267011925,-0.41590318172031354
2023-10-06 03:00:00,-1.9996633945116598,-0.07189279806009925,-0.8008288859363336,-0.3843014345888665,-0.2934127020243281
2023-10-06 03:05:00,-1.9985943509054913,-0.506719990970955,-0.1944221136359732,-0.4092866568830384,-0.3349957680973682
2023-10-06 03:10:00,-1.9977169416546818,-0.5180389861520758,-0.19485978111198277,-0.4131769352210496,-0.38763834311024276
2023-10-06 03:15:00,-2.07728107819852,-0.6316655616047642,-0.19345946240637624,-0.4054373505014162,-0.36957984754493883
2023-10-06 03:20:00,-2.074248220031724,-0.7364121644258707,-0.19456462243938683,-0.4171109995230299,-0.39430342625324644
2023-10-06 03:25:00,-2.079268863158509,-1.2390465468474654,-0.19250912031323508,-0.39764585187935525,-0.43799466886156335
2023-10-06 03:30:00,-1.6657674831670441,-1.4526501693556264,-0.8229522905464723,-0.3539707903680152,-0.339074309226103
2023-10-06 03:35:00,-1.656429503052674,-1.3145318771364924,-0.1945403785948468,-0.41024651191931094,-0.4663735799232562
2023-10-06 03:40:00,-1.6575536418771382,-1.2485718789985762,-0.19420146355582296,-0.4061753080800767,-0.48034446725906443
2023-10-06 03:45:00,-1.3705695663337891,-1.2362307120366438,-0.1923848625772431,-0.38617187130789477,-0.5020629791630232
2023-10-06 03:50:00,-1.3695090682136009,-1.0069627269264296,-0.19288110095660893,-0.3899088562770922,-0.4878322618190833
2023-10-06 03:55:00,-1.3692539105786672,-1.1269434930406568,-0.19293194747060918,-0.3910540482015835,-0.5010902846412638
2023-10-06 04:00:00,-1.276236135187526,-1.0867189651189193,-1.0301889455371815,-0.3447653740004085,-0.43489421673892065
2023-10-06 04:05:00,-1.2684968328659774,-1.1579165313437376,-0.19349335093694547,-0.3944404133818066,-0.44322661361587234
2023-10-06 04:10:00,-1.2687810925410445,-1.2662089666998384,-0.1934563930965941,-0.3953411245390338,-0.4967490321178897
2023-10-06 04:15:00,-1.40834270236361,-1.3322973868492436,-0.1921965356718209,-0.3901287372660233,-0.5082691585656814
2023-10-06 04:20:00,-1.4072795155543265,-1.1254382431380943,-0.1926800521861567,-0.3938831312495011,-0.49406003297289863
2023-10-06 04:25:00,-1.4094382602047015,-1.0748845910233382,-0.19173653003278998,-0.38488793380281916,-0.4156227455070405
2023-10-06 04:30:00,-1.4332700353367067,-0.9011873171801871,-1.004289410855606,-0.34352527549373335,-0.3825368621242941
2023-10-06 04:35:00,-1.424683713391185,-0.6104891869676545,-0.1936535530558367,-0.3964332182050287,-0.3647205530743198
2023-10-06 04:40:00,-1.4227275872154586,-0.649175619739697,-0.1943439272187066,-0.40375737196727407,-0.3634799958052932
2023-10-06 04:45:00,-1.8394491156351416,-0.7752793759779492,-0.19188093357056224,-0.38780328719369567,-0.3837443133186628
2023-10-06 04:50:00,-1.8401115454544572,-0.9920138366032873,-0.19147552059416412,-0.3852470031055711,-0.37110349567337086
2023-10-06 04:55:00,-1.837621404252876,-1.1584722278985928,-0.19228268363577303,-0.3946090248187167,-0.3696445719331967
2023-10-06 05:00:00,-1.9577472955418243,-1.215512805939111,-0.877785222391305,-0.3635270817849358,-0.4101650887735278
2023-10-06 05:05:00,-1.9523799197062834,-1.1219961227644186,-0.1940195667802642,-0.4066567504751858,-0.49463363393977217
2023-10-06 05:10:00,-1.950474371170189,-0.8530664402177743,-0.19521072261834377,-0.41530743976260254,-0.6348279902812966
2023-10-06 05:15:00,-2.085854795989116,-0.8190683500464353,-0.19824962846547028,-0.4505258272133059,-0.4887687756069213
2023-10-06 05:20:00,-2.0870381398146587,-0.8041095200575926,-0.19782683586999378,-0.44609836340051573,-0.4895301791602096
2023-10-06 05:25:00,-2.0909865898677737,-0.9816834671864594,-0.19598859432861926,-0.4287135134288092,-0.37258487687946307
2023-10-06 05:30:00,-2.128529490530046,-1.0598943140351496,-0.9554928052275715,-0.37384649838730727,-0.45373684616138965
2023-10-06 05:35:00,-2.122420046725349,-1.0135453882855663,-0.19511049256403895,-0.4191626558619616,-0.49375355578577557
2023-10-06 05:40:00,-2.1250356084668987,-1.1672307001391402,-0.19375103991383122,-0.4079204993758904,-0.36263374876788723
2023-10-06 05:45:00,-2.2866712627525483,-1.0073469792776413,-0.1910261935773605,-0.3876244525488372,-0.4442145197753976
2023-10-06 05:50:00,-2.2886568090426467,-1.0014924965489869,-0.19019435567926668,-0.3771056713128095,-0.40557024760109917
2023-10-06 05:55:00,-2.283707093721014,-1.0390564562566726,-0.19189855346119383,-0.39267376568620105,-0.3757245134349437
2023-10-06 06:00:00,-2.2373457485305455,-1.074343448611024,-0.9030718516118292,-0.38766770937575296,-0.4155763487297944
2023-10-06 06:05:00,-2.23392492629958,-0.8908422048112621,-0.19544286960655352,-0.4188274469658845,-0.4095678891930202
2023-10-06 06:10:00,-2.2316906746345193,-0.7621348359282516,-0.19631477930130614,-0.42830504685272514,-0.3946949863999088
2023-10-06 06:15:00,-2.367793533064696,-0.7957023395227487,-0.19537226929269447,-0.4199104514279792,-0.4036436416640025
2023-10-06 06:20:00,-2.3694308694778994,-0.5775245954436653,-0.19508575394007738,-0.4133090445986262,-0.48426520742991136
2023-10-06 06:25:00,-2.3660754378729942,-0.5168992878016064,-0.19607670096721244,-0.4257857701462989,-0.36233672143073303
2023-10-06 06:30:00,-2.3277541873807364,-0.6702736694469471,-0.9207814008963374,-0.3960141759624997,-0.38157536427292166
2023-10-06 06:35:00,-2.3209566409173874,-0.5960742470656472,-0.1995097502554336,-0.4468501597204672,-0.6180756630867541
2023-10-06 06:40:00,-2.32152076802875,-0.6476785314853742,-0.19891884448688826,-0.44431132470747203,-0.4635226644802312
2023-10-06 06:45:00,-2.6106568906332384,-0.7957599262353771,-0.20321153932414432,-0.4771461220087192,-0.40972663734596393
2023-10-06 06:50:00,-2.6096749709245817,-0.6032446015611891,-0.2037498389186549,-0.48105645383828327,-0.43548305156107475
2023-10-06 06:55:00,-2.5999891423258306,-0.3177794911342314,-0.20749101749445528,-0.5173162082725067,-0.4421401276731869
2023-10-06 07:00:00,-2.5400919569164486,-0.542850968612832,-0.6723455674540401,-0.48042352028445,-0.39627011781685667
2023-10-06 07:05:00,-2.537697688917723,-0.8212974092808297,-0.20731061146343344,-0.5144742564956383,-0.4577261603350699
2023-10-06 07:10:00,-2.54120448316312,-0.8984617124904566,-0.2062833634564606,-0.502857402966635,-0.588499073958045
2023-10-06 07:15:00,-2.827253139075301,-0.7347639139424815,-0.20137707668069668,-0.4704173186578533,-0.48356507087802447
2023-10-06 07:20:00,-2.827306951212295,-0.8183749579605942,-0.2016062920601028,-0.47170846432807756,-0.6120791253126633
2023-10-06 07:25:00,-2.8246027012060195,-0.5669214631603668,-0.20275589462308719,-0.4830541028931093,-0.6100692217395121
2023-10-06 07:30:00,-2.637517840736823,-0.6059343586547532,-0.7580130485690514,-0.44642115250537595,-0.5567120054712424
2023-10-06 07:35:00,-2.6289408605703906,-0.7914939275540354,-0.20531992759454157,-0.4985967616673214,-0.4408883721776288
2023-10-06 07:40:00,-2.628153095366725,-0.7744391821411293,-0.20560919392706264,-0.5002153190051714,-0.4403339712803799
2023-10-06 07:45:00,-2.799709230044868,-0.5328324170950358,-0.20338981752454793,-0.48696873137581365,-0.47577703026208645
2023-10-06 07:50:00,-2.7949496467881128,-0.5338520623939397,-0.205095475718884,-0.5046070865020951,-0.4593616789277897
2023-10-06 07:55:00,-2.804434238872477,-0.9047782165761076,-0.2013755007345737,-0.4691280975699158,-0.4526639419326778
2023-10-06 08:00:00,-2.354665856267853,-0.9554696883337168,-0.9132002758123837,-0.47137594059774574,-0.418966264261362
2023-10-06 08:05:00,-2.3537023319485155,-0.2691259088388021,-0.20606016510919417,-0.49070234110466043,-0.35199936402055443
2023-10-06 08:10:00,-2.35004491286654,-0.2876164827126463,-0.20753924559753784,-0.5051369909372809,-0.4161109546226171
2023-10-06 08:15:00,-2.059031871516158,-0.6791025209223629,-0.20247586439180434,-0.45931942684462923,-0.6034325886788872
2023-10-06 08:20:00,-2.062278063658908,-0.09393886148748735,-0.20110899574510077,-0.44563716408961707,-0.37021989625830454
2023-10-06 08:25:00,-2.06510551304945,0.4021412614766894,-0.20039773441382588,-0.4375478324432524,-0.3716069540896841
2023-10-06 08:30:00,-2.101025173653635,0.0964108844244895,-0.8401059080656094,-0.4120386167698309,-0.38193087321598235
2023-10-06 08:35:00,-2.105079147965759,0.5873362263642383,-0.19704831226352534,-0.3583328447419181,-0.34742897001453177
2023-10-06 08:40:00,-2.114734917812662,1.9432166834347226,-0.1944754770696949,-0.37223485101191256,-0.26012680683215655
2023-10-06 08:45:00,-1.89194768360135,2.49299320884335,-0.18494583952113383,-0.23122680444871743,-0.2533098455819354
2023-10-06 08:50:00,-1.8911741574224674,2.329827960181201,-0.1854968105958862,-0.27175111347881437,-0.30676899071122976
2023-10-06 08:55:00,-1.8687183651162644,3.354145244446601,-0.19436095426548403,-0.3478777300371411,-0.33075822475649563
2023-10-06 09:00:00,-1.8880119495025045,0.7438618888055927,-1.3076908761140515,-0.4080556569434509,-0.28425991431924136
2023-10-06 09:05:00,-1.8968263357747528,1.163443966343814,-0.19788400185000396,-0.4086997033497566,-0.2959048456995835
2023-10-06 09:10:00,-1.8982729197570178,2.3333789028379686,-0.1978354150323732,-0.4081462436396757,-0.17608501033064822
2023-10-06 09:15:00,-1.5228874012846887,0.1313859479209256,-0.20659235083734587,-0.4946887832220766,-0.227828149430435
2023-10-06 09:20:00,-1.5335660347494593,0.5843285347040439,-0.2030199310226622,-0.45742064813389893,-0.24770297716915443
2023-10-06 09:25:00,-1.5364855912738034,0.7012268090992768,-0.202008291639843,-0.4438298625417365,-0.24945491049952478
2023-10-06 09:30:00,-1.3962538669968925,0.6997389540501575,-0.2019240370756722,-0.43983367135628254,-0.1647140791928217
2023-10-06 09:35:00,-1.3951914834434032,0.35400031663795645,-0.2018938613783779,-0.4262975347172314,-0.12420441323792576
2023-10-06 09:40:00,-1.4025075753325242,0.8129992040670324,-0.19933777236007152,-0.4146033111843721,-0.00914143500676538
2023-10-06 09:45:00,-1.5939464280344844,2.061620957528079,-0.1909692333588387,-0.3312900124247988,0.0722593282130495
2023-10-06 09:50:00,-1.6061287570501177,4.107540838570033,-0.1870961424568363,-0.269000248082996,0.31922998504719635
2023-10-06 09:55:00,-1.6152648658835715,4.474519542115102,-0.18378567560323913,-0.23631242693630256,0.40664719256436255
2023-10-06 10:00:00,-1.3489597629635208,4.872955818349971,-0.13139751683873113,-0.2694952679728692,0.698709057177842
2023-10-06 10:05:00,-1.3321481616867281,4.690264708577614,-0.19345663152336465,-0.27183039080989213,0.9060522956422907
2023-10-06 10:10:00,-1.3321305672344326,2.7362601726521043,-0.19242935267869413,-0.3333851259759418,1.0093945046269166
2023-10-06 10:15:00,-1.389792787970344,3.8120111703269366,-0.18782551876447884,-0.27881589790787287,1.3093824449328957
2023-10-06 10:20:00,-1.3876049121632807,4.264730962926103,-0.18864266480157238,-0.2932509111744359,1.4441057321316686
2023-10-06 10:25:00,-1.3769777925342093,3.4062774636988027,-0.1915084875808503,-0.33214654093049856,1.6628938730099543
2023-10-06 10:30:00,-1.4908238288553168,1.544433884802528,-0.38966194115165187,-0.2980994164102481,1.9774473029907695
2023-10-06 10:45:00,-1.5000727217171248,2.873018591513753,-0.18738279200145702,-0.29087991153904935,1.8083682467750852
2023-10-06 12:15:00,-1.9745132307579678,3.6275393718847178,-0.17490929062165503,-0.18819239915869435,3.5292893226387285
2023-10-06 12:20:00,-1.9409982138771034,2.007674904484479,-0.18781237432470332,-0.31953781067858583,2.8316924145293605
2023-10-06 12:25:00,-1.9405571698424096,2.541855192000569,-0.1882156062395396,-0.32187682760164416,2.8723783595934074
2023-10-06 12:30:00,-2.2053676416882397,4.185958239252944,-0.76062895587225,-0.1223052804751658,3.2792192189706237
2023-10-06 12:35:00,-2.2025108214421394,4.579661803030819,-0.172761212392413,-0.14499786478755317,3.5838856128127174
2023-10-06 12:40:00,-2.172884467784838,2.633828400954594,-0.1836765439647323,-0.26522638098411083,3.0561581236255067
2023-10-06 12:45:00,-2.1802929408045117,3.3681001207376204,-0.1805385768792674,-0.19465115183801496,3.318584568214817
2023-10-06 13:00:00,-0.5848056704302129,5.179771696123225,-0.9032202803390145,-0.28460549446314715,4.948331152186282
2023-10-06 13:05:00,-0.6369235350413848,6.293427296322565,-0.18083052291628235,-0.16079521831981428,5.172732238517984
2023-10-06 13:10:00,-0.612622620121291,4.687226203940263,-0.19064398211323252,-0.2296033131606776,4.270217735823184
2023-10-06 13:15:00,-2.106201856287257,4.760632093754923,-0.17293578748043703,-0.14561732454490298,5.205231656119203
2023-10-06 13:20:00,-2.1048813929459023,3.8631906061162153,-0.17131703996533496,-0.1343262602256316,5.843418101664092
2023-10-06 13:25:00,-2.118052086091798,5.696492589217573,-0.16549995841165052,-0.08048550377942441,6.767123629450677
2023-10-06 13:30:00,-2.140561263196885,5.034239783303021,-0.4665059911281182,-0.10013026159666363,6.24092234907024
2023-10-06 13:35:00,-2.1138775909083933,2.8536585057723522,-0.18174474267616864,-0.2639762408631843,4.676376181431002
2023-10-06 13:40:00,-2.1160242412681574,4.328533665429678,-0.1836064034425352,-0.26909102615218455,3.9452129191939465
2023-10-06 13:45:00,-2.073034686153237,2.253221434861414,-0.18973641957355006,-0.33561212633665366,3.4738931488510887
2023-10-06 13:50:00,-2.083144591596692,2.1628895812228524,-0.1871090840182445,-0.3033146598535614,2.988578654976609
2023-10-06 13:55:00,-2.1137132384543094,4.822830379738952,-0.17749312897016536,-0.18905482132203547,3.0111270014020173
2023-10-06 14:00:00,-2.2877084621539714,2.124999953469409,-0.45713985140793706,-0.27013169067129855,3.15006757389061
2023-10-06 14:05:00,-2.2989117296102477,2.2237273066719556,-0.18252138144391467,-0.27740368925658143,2.851193087422465
2023-10-06 14:10:00,-2.3015468195998596,2.3202121674234526,-0.18152266119146343,-0.2529995317804509,2.8497892719236497
2023-10-06 14:15:00,-2.565130203806242,5.4736553790468045,-0.17381641765686984,-0.11316841419553979,3.3128676986062007
2023-10-06 14:20:00,-2.584622332169894,9.52503276655697,-0.16544852402253793,-0.04760729601362666,4.978771175488097
2023-10-06 14:25:00,-2.560781908086163,7.739791074972237,-0.1704576779793006,-0.1348215527040082,6.13559424363392
2023-10-06 14:30:00,-2.555590582368594,5.523447027352023,0.125847583174747,-0.2041744168537211,5.180534928136992
2023-10-06 14:35:00,-2.56124264723436,4.99960996759174,-0.18043570336717288,-0.24681946024490714,4.507844215342042
2023-10-06 14:40:00,-2.54472522119681,4.245194234551716,-0.18675012809726152,-0.3035027231460462,4.17239767811952
2023-10-06 14:45:00,-2.464083598513768,3.221860250208485,-0.189347821129608,-0.3328732957755567,3.612993576348854
2023-10-06 14:50:00,-2.475206138654783,3.144461473304002,-0.18660827415135328,-0.2890603279498286,2.9942725319988304
2023-10-06 14:55:00,-2.4949212735746014,2.7094966194955687,-0.1799272653975723,-0.2154981558890035,2.6353303856226127
2023-10-06 15:00:00,-2.6817949812760644,6.3898118523630245,-0.4760246360355064,-0.17252074943342155,2.700587769482574
2023-10-06 15:05:00,-2.667793600800346,3.4057181751506045,-0.18363270663019812,-0.27947972774501234,2.3203209521597308
2023-10-06 15:10:00,-2.6473708353335463,0.8774798455643908,-0.19057500901571225,-0.36296600413080243,1.8924011803714964
2023-10-06 15:15:00,-2.7236215710304634,0.6283206038989005,-0.18907044376519058,-0.3458332163254836,1.6374051950114843
2023-10-06 15:20:00,-2.73802357885619,0.6697589423611293,-0.18400278841021275,-0.29407002961168716,1.5615126254860223
2023-10-06 15:25:00,-2.720851499665648,0.6293030220617412,-0.1909916365202038,-0.3619046705353337,1.2536913249554926
2023-10-06 15:30:00,-2.435695120441545,0.44761225534151133,-0.7283656431201665,-0.34933673394815057,1.2188347114145972
2023-10-06 15:35:00,-2.4389268881717987,0.03993364418453481,-0.1932885878412112,-0.36974857128227695,1.041524014730301
2023-10-06 15:40:00,-2.4358278489264524,0.2042734854395603,-0.19487939491673623,-0.3855865272528737,0.8974553066255271
2023-10-06 15:45:00,-2.7368000378988735,0.2465615563883416,-0.1924970977618538,-0.3795003767296998,0.7433232117752333
2023-10-06 15:50:00,-2.7400217061260705,0.17779428937663933,-0.19133248405756415,-0.3664648795185069,0.7145699671615359
2023-10-06 15:55:00,-2.733810923240946,0.12746170979987811,-0.19357750021198503,-0.391015311025202,0.718561987960818
2023-10-06 16:00:00,-2.512608104920771,-0.036854161443289145,-0.9287252357343556,-0.36030171722482646,0.7703997760113788
2023-10-06 16:05:00,-2.505385374251217,-0.038380591407953954,-0.19837511018354673,-0.4285111022394272,0.5629056485563578
2023-10-06 16:10:00,-2.5129769693885864,-0.23197787976798467,-0.19564964591401274,-0.40227928158224646,0.4912417965678056
2023-10-06 16:15:00,-2.630035429970027,-0.3922186825430366,-0.19432374168410488,-0.3946227124970615,0.35732902616805695
2023-10-06 16:20:00,-2.6248618789515743,-0.3459613472097337,-0.1959920412980857,-0.41273140546431913,0.4670999639618393
2023-10-06 16:25:00,-2.6213268818263047,-0.6537604659895293,-0.19736006010821106,-0.4298987015605543,0.3627147976607331
2023-10-06 16:30:00,-2.539201865661463,-0.7926123257219889,-0.6684832600786506,-0.39745086922929107,0.4001920932238658
2023-10-06 16:35:00,-2.546573732937807,-0.7358999506760349,-0.19581736369549163,-0.4095176220709978,0.2732764234149552
2023-10-06 16:40:00,-2.5469149588791598,-0.5692502180930498,-0.1961363538754605,-0.4098556765166893,0.12700924694441187
2023-10-06 16:45:00,-2.496804469561402,0.3311995504258795,-0.18887232804070855,-0.3500357671442638,0.21906065447418657
2023-10-06 16:50:00,-2.4828998879163975,-0.6723403591613734,-0.19327198329764278,-0.4020317052015331,0.2537198437774974
2023-10-06 16:55:00,-2.4786713561884124,-0.4844563960565077,-0.19517884314596615,-0.4189877211962066,0.1503469257046089
2023-10-06 17:00:00,-2.1660063484220196,-0.551428483197448,-0.19728662275019737,-0.42876728907323575,0.17938577469535588
2023-10-06 17:05:00,-2.1649770002912843,-0.5462880679750316,-0.19775867763976013,-0.433068024220955,0.14018703326100285
2023-10-06 17:10:00,-2.170748543291303,-0.3753867948162762,-0.19563224586068906,-0.41083420292617523,0.18974266806335505
2023-10-06 17:15:00,-2.131280173067492,-0.7095822980202953,-0.19422103247161424,-0.4007893507188015,0.15617851280712775
2023-10-06 17:20:00,-2.126113900397817,-1.0401663984725835,-0.19617545341072853,-0.4202515818271252,0.039619025079720996
2023-10-06 17:25:00,-2.1194916309173424,-1.3304310524610838,-0.19869471646967843,-0.4464629146218853,-0.0759652098800995
2023-10-06 17:30:00,-2.039177576550088,-1.0770164423263797,-0.4887638499481248,-0.4459241887229063,0.04037283557194482
2023-10-06 17:35:00,-2.0365287572107453,-1.1501084666902843,-0.19902395043586435,-0.45347322382877814,-0.06305982559613242
2023-10-06 17:40:00,-2.035828002236674,-1.1350729369313801,-0.1993063783925838,-0.45872822115668543,-0.06263129456136751
2023-10-06 17:45:00,-1.8616308516367652,-0.7778518560312571,-0.20016572089156973,-0.4491369881173351,-0.03868067347868902
2023-10-06 17:50:00,-1.8675172563866107,-0.5031666444192793,-0.19791427788151936,-0.42700207580875094,0.07733941536675899
2023-10-06 17:55:00,-1.8606166344693997,-0.40202768634793695,-0.20068133450781056,-0.45367041317933904,0.0022169953847933624
2023-10-06 18:00:00,-1.9640594272182001,-1.0356401313115935,-1.4962758901442321,-0.42982144516249,-0.09806535190097222
2023-10-06 18:05:00,-1.9560827134080285,-1.03052041008084,-0.20290617054495858,-0.487396446506291,-0.15506816217164696
2023-10-06 18:10:00,-1.9576093140178916,-0.9793997829110513,-0.20219877599536298,-0.4769550452327866,-0.08949922252473526
2023-10-06 18:15:00,-1.8743510013611542,-1.037782673413796,-0.1949402560766858,-0.4273244046653086,-0.16719231719981947
2023-10-06 18:20:00,-1.8838474949181785,-0.8301351128155706,-0.19151638785323782,-0.39262819332078297,-0.13335479165308217
2023-10-06 18:25:00,-1.8961370202360974,-0.23646086093718213,-0.187455627586216,-0.3468039289199205,-0.16738234865014265
2023-10-06 18:30:00,-2.0531887966586755,1.7192153643160526,-1.2882165712979983,-0.31205187915269494,0.01471307645316019
2023-10-06 18:35:00,-2.0425476267586675,1.039090643647762,-0.1925913426583934,-0.37623537132096224,-0.08376159725163457
2023-10-06 18:40:00,-2.065555235226621,1.4964004848148624,-0.18439048316296403,-0.27308033365631024,-0.11138232695102113
2023-10-06 18:45:00,-1.9369893301407826,2.4505643319946895,-0.1811820688083839,-0.22510074873938382,-0.05163765628178339
2023-10-06 18:55:00,-1.9143801398004603,2.1357460973538953,-0.1901692256136723,-0.26056893199282655,-0.023047127646951368
2023-10-06 19:00:00,-1.6101120997311316,2.2468402695966834,-0.9117689334590565,-0.23064162657687626,0.0566120988312618
2023-10-06 19:05:00,-1.597507554951096,1.363452274758021,-0.19697550677945277,-0.37193594188989665,0.059950346081923594
2023-10-06 19:10:00,-1.5925178256730321,0.7801473401740225,-0.19854182374717944,-0.392568916877676,0.022723920189701503
2023-10-06 19:15:00,-1.5037821696719706,1.2829091591577921,-0.19630492357592136,-0.29796436079805044,0.10605537771785777
2023-10-06 19:20:00,-1.5049525122473186,1.8010878082074893,-0.19622453170713727,-0.27303243263395344,0.18588090183134842
2023-10-06 19:25:00,-1.4935877025872224,1.9374968807995965,-0.20017331983933306,-0.3423603332939577,0.1930223392000367
2023-10-06 19:30:00,-1.6421624569814999,1.7508032911072833,-0.8445311640745548,-0.37851001864370015,0.27006685522005286
2023-10-06 19:35:00,-1.6595274620912688,2.3410265442578724,-0.19505743518777008,-0.3200440096098317,0.17573873407905638
2023-10-06 19:40:00,-1.6472805579075873,2.9557385831871708,-0.20051550371269813,-0.3030634199187641,0.2917284582159522
2023-10-06 19:45:00,-1.4297157470592883,3.0725571474910085,-0.1939658586541257,-0.19295208825621354,0.20290350701158813
2023-10-06 19:50:00,-1.3948395786891032,1.9356285291896875,-0.20669681235740892,-0.2730785640213735,0.2785738995683706
2023-10-06 19:55:00,-1.3855455046389031,1.529375325173119,-0.20872022092819797,-0.4117064276202662,0.21609226774266643
2023-10-06 20:00:00,-1.642260069573748,0.7371245675802585,-0.5718332791784481,-0.4167248052162736,0.27972988548429
2023-10-06 20:05:00,-1.6490419918504706,0.3198022905640135,-0.1983497220918456,-0.40034636932472295,0.20218832895854602
2023-10-06 20:10:00,-1.6529378313448677,0.9877336781390064,-0.19785771695123297,-0.3252466055242233,0.201314658365491
2023-10-06 20:15:00,-2.2270025952647754,1.878048257246851,-0.19922723765665068,-0.3322468439517676,0.2813910952323201
2023-10-06 20:20:00,-2.228950315016208,1.6028869588457086,-0.19788784272844703,-0.3690324112875643,0.3056744690723788
2023-10-06 20:25:00,-2.2300471703744824,1.900983801710057,-0.1979354724551164,-0.33921772147655777,0.26582035065425563
2023-10-06 20:30:00,-2.4727295726386713,1.2039273140129396,-1.0958714136060388,-0.3250732677148576,0.41230065224076373
2023-10-06 20:35:00,-2.4800190855324105,3.252336492789416,-0.20675187219464522,-0.2770370873335623,0.5698726463181754
2023-10-06 20:40:00,-2.5039195477259577,4.3480475866955315,-0.1978734862573654,-0.05285466412579015,0.7834153756644924
2023-10-06 20:45:00,-2.681930634197923,3.957201873158997,-0.20751349890499102,-0.26544984054566734,0.6059819953010608
2023-10-06 20:50:00,-2.6710487162527925,3.0779432610277793,-0.20973223698934682,-0.32241605028046394,0.8909533964945106
2023-10-06 20:55:00,-2.6829957220491414,3.976934221798509,-0.20599558718516672,-0.1663073146391161,1.1383193010233088
2023-10-06 21:00:00,-2.608654170855601,2.943220987203883,-1.1204931608183133,0.19483647200841847,1.6350256132196979
2023-10-06 21:05:00,-2.598834992172726,0.7410941350275488,-0.19489005859181716,-0.1672031363691839,1.4902025877596983
2023-10-06 21:10:00,-2.5783536004810705,-0.20732973180960998,-0.20133575201733672,-0.29462076992426695,1.2892215254480877
2023-10-06 21:15:00,-2.8826045550003454,-0.16104446783901416,-0.20832641825583667,-0.2817871791496995,1.090003791832246
2023-10-06 21:20:00,-2.8793290859572407,-0.19830515886875744,-0.21066582978200246,-0.4056851442979642,1.103560195306742
2023-10-06 21:25:00,-2.8868580778117803,1.2553937758785718,-0.20703444550453198,-0.49037399088251893,1.2975359596856952
2023-10-06 21:30:00,-2.927800974703784,0.803106387149771,-1.4262826396945776,-0.378540553056163,1.3890398531830306
2023-10-06 21:35:00,-2.929787414604518,-0.48308203029157626,-0.19055831946904012,-0.3058540047786546,1.1288561828324364
2023-10-06 21:40:00,-2.921780612309303,0.03554437308707122,-0.19428087393676916,-0.3096649507683735,1.2014921362708424
2023-10-06 21:45:00,-2.638441074128793,0.9729197740688581,-0.19659142102823957,-0.3972998720430012,1.170516349643577
2023-10-06 21:50:00,-2.634473416043056,0.5902816084334472,-0.19773477433134912,-0.44012408153314775,1.132397179604609
2023-10-06 21:55:00,-2.6249480194427206,0.36199999461543253,-0.20121842546311688,-0.44577836696169837,1.1388923502389052
2023-10-06 22:00:00,-2.7118049715678816,0.2107371957025231,-1.642330674291311,-0.437564625435925,1.0124411354060834
2023-10-06 22:05:00,-2.7138869963514263,-0.40314147910241055,-0.1953792550492345,-0.5711268000979891,0.8428645451713412
2023-10-06 22:10:00,-2.7181923456659725,-1.1410305384662418,-0.1935689208851185,-0.5601481279272678,0.7594809757393175
2023-10-06 22:15:00,-2.606755073938042,-1.0647796610547418,-0.19678651593725566,-0.4199281337110245,0.7293293219063964
2023-10-06 22:25:00,-2.6031718706228255,-0.778937779054459,-0.19646190506123504,-0.5844420306221892,0.7028899717226317
2023-10-06 22:30:00,-2.546175927789389,-0.9216554907987298,-1.3003300684908767,-0.5001241529164865,0.5717333826210842
2023-10-06 22:35:00,-2.541317363117283,-0.8154452900512397,-0.1952909220354052,-0.4571764026180563,0.511286155975578
2023-10-06 22:40:00,-2.540494693328578,-0.7684145442921624,-0.1943350451095987,-0.5653511989913557,0.5234170262115861
2023-10-06 22:45:00,-2.2852122419358922,-1.115752824537433,-0.19235989263726236,-0.5592061376384443,0.38359581057766645
2023-10-06 22:50:00,-2.287005722367138,-1.2236044783485827,-0.19192742857518308,-0.5552230601281354,0.2626934842803672
2023-10-06 22:55:00,-2.2854015145491746,-1.4174640357489063,-0.1924565506705134,-0.5615861418522644,0.23696547591126213
2023-10-06 23:00:00,-2.1894607900288166,-1.4327606915911382,-1.089446878236331,-0.46100252896004223,0.31590422614868613
2023-10-06 23:05:00,-2.1788409731935574,-1.1795310668040624,-0.1902913579039903,-0.5446524802140967,0.14040230245048368
2023-10-06 23:10:00,-2.1836026915970193,-1.2818277979210138,-0.18944622950060652,-0.4305163755798712,0.24504466644733616
2023-10-06 23:15:00,-2.1773572086045303,-1.2545232357259009,-0.18765949345654812,-0.5226871762256832,0.12331251542500854
2023-10-06 23:20:00,-2.1769785568786384,-1.102661793012679,-0.18928915555738285,-0.43114979823708555,0.045540013677242384
2023-10-06 23:25:00,-2.175020322764841,-1.1481633015520323,-0.18880360578113456,-0.5337683133540918,0.03191352033950759
2023-10-06 23:30:00,-1.9820717635046896,-1.4149710241266955,-1.3615465691204922,-0.4638351397176515,0.12689401912968326
2023-10-06 23:35:00,-1.9709102203458122,-1.3444243464632886,-0.19243024687342858,-0.4322344696120807,0.03717075709364397
2023-10-06 23:40:00,-1.9719863137562492,-1.0755451964670544,-0.1907828043930396,-0.5426781719516625,0.034846012774817324
2023-10-06 23:45:00,-2.028381758730007,-1.0100385868917026,-0.19366068316683957,-0.45166950382450943,-0.08702662089164764
2023-10-06 23:50:00,-2.029813993402342,-1.0103381945931769,-0.19180260644181815,-0.5561151839533519,-0.08978289719553308
2023-10-06 23:55:00,-2.0327418115220346,-1.221328950484914,-0.19063591572547997,-0.5453933789387144,-0.10520907254879382
2023-10-07 00:15:00,-2.0263125932757666,-1.4686139956949307,-0.19233073073512977,-0.45428088957937834,-0.14332177820296194
2023-10-07 00:20:00,-2.028161831887151,-1.4387560810752136,-0.19054308064668457,-0.5439652355750578,-0.1726705259678641
2023-10-07 00:25:00,-2.0283512316497547,-1.513563870872467,-0.1919696879660438,-0.4294786394241416,-0.22412998869987938
2023-10-07 00:30:00,-2.077459643792849,-1.4678550841347389,-0.19036161316181477,-0.4271034023772266,-0.09984536171194176
2023-10-07 00:35:00,-2.0779250872275363,-1.3054432707957007,-0.19017948614483288,-0.4183711710032619,-0.020167121117881288
2023-10-07 00:40:00,-2.072764228318295,-1.2103062162725386,-0.19229886348883624,-0.43723261228674376,-0.09638684043867586
2023-10-07 00:45:00,-2.036434241655878,-0.9321226644418974,-0.19291586846764744,-0.44626918452699393,-0.11204665952748362
2023-10-07 00:50:00,-2.0395590413358646,-1.0964586751538754,-0.19186084393825734,-0.43556797105713685,-0.1939851906535172
2023-10-07 00:55:00,-2.0363226665175236,-1.1296732086307433,-0.1930527494684409,-0.4478412335915211,-0.20518718175734327
2023-10-07 01:00:00,-1.9347722052613399,-1.2173789417612928,-0.52188225121577,-0.4262113055261247,-0.1976992812155369
2023-10-07 01:05:00,-1.9296885694893513,-0.8889472278370618,-0.19112628918914726,-0.4381508504203237,-0.12296256807878204
2023-10-07 01:10:00,-1.929755677438153,-0.9930056827846053,-0.19093208725282937,-0.44384026627414763,-0.10993049757008708
2023-10-07 01:15:00,-1.537405557498709,-0.9997659741702523,-0.1919065230064576,-0.5608999686867051,-0.08514358569912751
2023-10-07 01:20:00,-1.542835933376428,-1.1332582023714637,-0.19124527838436084,-0.43274105699877624,-0.11362713197955225
2023-10-07 01:25:00,-1.5456834508927466,-1.0569262678175249,-0.19026515265299868,-0.4157424266225897,-0.08874598524920588
2023-10-07 01:30:00,-1.5372420403476517,-0.8785572902933375,-1.2047580421315307,-0.34613457885620524,-0.026550757952934625
2023-10-07 01:35:00,-1.5187801154510527,-0.7978106556185086,-0.19307393074927356,-0.45635759002922166,-0.13772940407758222
2023-10-07 01:40:00,-1.5178791379944603,-0.8376419415225463,-0.1932851523270771,-0.4592981063595741,-0.09732548702221305
2023-10-07 01:45:00,-1.3974190331279626,-0.8682595605828541,-0.1925376858106075,-0.4667834708472087,-0.10688323593550456
2023-10-07 01:50:00,-1.397523963125831,-0.8501243338108297,-0.19229301859966486,-0.46533868568797204,-0.013936766841541517
2023-10-07 01:55:00,-1.3972816128641834,-0.9883558843062544,-0.1926550243693963,-0.45396323197184574,-0.10670172162010036
2023-10-07 02:00:00,-1.3243987443172807,-1.24756187404226,-1.1093701385806398,-0.45016280170726347,-0.13812608785996436
2023-10-07 02:05:00,-1.3204908738589725,-1.4636199753507682,-0.18440773564443486,-0.5023331474072728,-0.29330245984938047
2023-10-07 02:10:00,-1.3227539339725316,-1.3949071215252213,-0.18366834802413642,-0.49151524258011514,-0.32124461767062507
2023-10-07 02:15:00,-1.218012895920466,-1.371002545685165,-0.18079932810207852,-0.4712082065261364,-0.2804592625103661
2023-10-07 02:20:00,-1.2200457559174254,-1.6522676468266977,-0.17995609302027316,-0.46532615184551623,-0.3086761785086046
2023-10-07 02:25:00,-1.2177250619880426,-1.5112537191301836,-0.18102231801295915,-0.4758804068783782,-0.3601746638087797
2023-10-07 02:30:00,-1.0047261536977623,-1.4131443576568572,-1.2729838495915378,-0.4192316950893822,-0.2570450239776292
2023-10-07 02:35:00,-0.9930587882060401,-1.301341548623342,-0.18464329588888906,-0.500621474797532,-0.3580423918599731
2023-10-07 02:40:00,-0.9969159510013075,-1.460295214735282,-0.18321766656721056,-0.489201111990749,-0.3873499059400648
2023-10-07 02:45:00,-1.083176739546291,-1.3093251434780264,-0.1827961813989286,-0.48882115837173845,-0.4048922019305258
2023-10-07 02:50:00,-1.0793074457244702,-1.262426162204829,-0.1841751597795461,-0.5029647382887816,-0.37573939624045044
2023-10-07 02:55:00,-1.0812740420719291,-1.4071829090748162,-0.18346191207706578,-0.4961167361694072,-0.41703419513085593
2023-10-07 03:00:00,-0.8945849602108872,-1.4992970544222894,-1.363949481635559,-0.45624545778421666,-0.330322495712676
2023-10-07 03:05:00,-0.881164437161798,-1.4269855870080042,-0.1889814215315152,-0.5342010421492656,-0.3218406409096661
2023-10-07 03:10:00,-0.8846249194490224,-1.6018512441398425,-0.18792173931904183,-0.5228403066869288,-0.4571385911923063
2023-10-07 03:15:00,-0.9480173114562916,-1.499992162737597,-0.18681486827478846,-0.5161344862502387,-0.44696999921501623
2023-10-07 03:20:00,-0.9445951078925383,-1.592072117603057,-0.18803877746586595,-0.5291072731599835,-0.45810782918676657
2023-10-07 03:25:00,-0.9430671147241902,-1.6048192891019968,-0.188478183707922,-0.5317276121016822,-0.4172235495268104
2023-10-07 03:30:00,-0.7575218189296085,-1.7252950226348986,-1.4283339732776354,-0.46108399822310325,-0.6093108080796664
2023-10-07 03:35:00,-0.7481014315699905,-1.464823043633757,-0.18785843038577102,-0.520628060171463,-0.5247953911761358
2023-10-07 03:40:00,-0.746919859293172,-1.2163453210484827,-0.1901427194034614,-0.41125398850107114,-0.649992248371537
2023-10-07 03:45:00,-1.00812149641855,-1.368355653478771,-0.18457347806621618,-0.49646972751746427,-0.675149118620077
2023-10-07 03:50:00,-1.0109834836772498,-1.609746638125561,-0.18339860828333784,-0.4884927316324052,-0.6773170911445768
2023-10-07 03:55:00,-1.0120686887303725,-1.6164096679122275,-0.18392832661989897,-0.3810889987845346,-0.5349434132004341
2023-10-07 04:00:00,-0.9887315034971637,-1.7050952594149942,-1.435707110175226,-0.28892912249843844,-0.4955521876446777
2023-10-07 04:05:00,-0.9758066965767687,-1.377820576582597,-0.18393967411448384,-0.36349457676843594,-0.48299864057449365
2023-10-07 04:10:00,-0.9740115824021122,-0.6956585456768009,-0.1851273618425131,-0.36928066107546154,-0.5342354894259804
2023-10-07 04:15:00,-0.9665858694003373,-0.7355069619918609,-0.18350072201489945,-0.33719986140579344,-0.5453277992045856
2023-10-07 04:20:00,-0.9742338388001495,-0.6624840973913092,-0.1803867617108669,-0.31961398808889235,-0.4574783720889549
2023-10-07 04:25:00,-0.979070148046271,-0.5007882911465414,-0.17880451090654334,-0.3006342755306866,-0.5003136238824207
2023-10-07 04:30:00,-0.20657428996842186,-0.6709795135805428,-1.4353270124840836,-0.28802814045346,-0.3501670768112114
2023-10-07 04:35:00,-0.2003751143041658,-0.8560728697856818,-0.18089308118325476,-0.33939905256529473,-0.38242478525801277
2023-10-07 04:40:00,-0.19618827278019232,-0.8625734976855383,-0.1807693893008932,-0.46885094261791976,-0.2753196856797504
2023-10-07 04:45:00,-0.07671269314867951,-0.9750084760615273,-0.1767957797632909,-0.4429872657846543,-0.35509416375753955
2023-10-07 04:50:00,-0.07950735099127317,-0.7796181151967433,-0.17760771014364318,-0.3075205861978142,-0.42106721919993967
2023-10-07 04:55:00,-0.07328399563332663,-0.4816793183548268,-0.17996039943447584,-0.34555464094768945,-0.43020935918089254
2023-10-07 05:00:00,0.0402485097511075,-0.5621213538294559,-1.0731796747233582,-0.2911437302403356,-0.3667500134033351
2023-10-07 05:05:00,0.04037469717718169,-0.4623847253762566,-0.17772262772875058,-0.289599169267526,-0.33127063276884716
2023-10-07 05:10:00,0.05030341807732031,0.08797022238885589,-0.18143277730854085,-0.353462812535741,-0.3379236360990725
2023-10-07 05:15:00,0.6409635036736924,-0.19728070876674972,-0.18214512701812297,-0.3614051856233212,-0.28726576095488593
2023-10-07 05:20:00,0.6373273654177797,-0.44553901968764426,-0.18110333732595496,-0.3385326543837894,-0.40927937049044816
2023-10-07 05:25:00,0.6331434525338824,-0.5173775407349159,-0.1795543264317029,-0.3217654174692961,-0.4253592872788466
2023-10-07 05:30:00,0.8290109516006414,-0.0788791887767419,-0.7962957650736356,-0.297491241610571,-0.27623852713245217
2023-10-07 05:35:00,0.845819512838385,0.4998207669643262,-0.18990782906093845,-0.3053470584142359,-0.42946802695768393
2023-10-07 05:40:00,0.8473622630918302,-0.054738809019228306,-0.18997738988075133,-0.3144017649175689,-0.4025203414354849
2023-10-07 05:45:00,1.1150377487586869,1.2545058868782428,-0.18567231266888815,-0.2267973073385414,-0.4168582412216204
2023-10-07 05:50:00,1.1186053049032787,0.8952438652886063,-0.18538576878296675,-0.3422875447720242,-0.3236141384525973
2023-10-07 05:55:00,1.1125444602724466,-0.160365274292552,-0.18281670627950178,-0.32652529623082804,-0.4881495661763039
2023-10-07 06:00:00,1.0209015039301217,-0.0349085504348592,-1.0917736834584593,-0.4264614908393752,-0.42775595170913916
2023-10-07 06:05:00,1.0251891763283374,-0.6141031237140014,-0.1809374533424554,-0.3682999245333139,-0.5818766293439399
2023-10-07 06:10:00,1.0196166459148033,-0.7627375952728196,-0.17911159393470907,-0.34899684275441706,-0.7137808226244811
2023-10-07 06:15:00,1.386114589287476,-0.9721568370370361,-0.1790011816569337,-0.34165348875812357,-0.7132590065019387
2023-10-07 06:20:00,1.3935163438545581,-0.8440296411701642,-0.18178115515744164,-0.36929061224977183,-0.7082757501559834
2023-10-07 06:25:00,1.3972833328258074,-1.0213672929416657,-0.18289820351604014,-0.3954991467760608,-0.7061888917892768
2023-10-07 06:30:00,1.5906775295161575,-0.7024084360365498,-0.9909778819394024,-0.40522142565375935,-0.6433889252479029
2023-10-07 06:35:00,1.5910214173176236,-0.6055399663431148,-0.18904353935889073,-0.3938650424941206,-0.5477466308075941
2023-10-07 06:40:00,1.593771342582122,-0.3087390081264243,-0.19149862339520896,-0.32716405115457425,-0.6724355952388504
2023-10-07 06:45:00,1.8600182943425556,1.536357022183321,-0.20294385091807862,-0.1890766620540127,-0.4792908513920593
2023-10-07 06:50:00,1.8823050644119321,3.2063885711602635,-0.21171582067773492,-0.2571907941503695,-0.1838455835954427
2023-10-07 06:55:00,1.8950064372092683,4.152371118863152,-0.21591701320407633,-0.40552756734959605,-0.24261849252590603
2023-10-07 07:00:00,2.2603676483468087,4.2540226750527665,-1.1623575920096678,-0.2930456357738577,0.029598338375725387
2023-10-07 07:05:00,2.253405895409591,2.9885264860609535,-0.20590158454560764,-0.40424557241165715,-0.0809156321782133
2023-10-07 07:10:00,2.250278837002433,2.1838494883013175,-0.20276503868170223,-0.5082053177590712,-0.04586520560785107
2023-10-07 07:15:00,1.8051888708521129,0.4953365272400055,-0.18782023186739802,-0.54928503354732,-0.1446343656241483
2023-10-07 07:20:00,1.801436092568395,-0.4428425208656248,-0.18746930883721,-0.41560592116274647,-0.1991990448669796
2023-10-07 07:25:00,1.807157645155875,-0.039152185958386106,-0.19047242713742366,-0.3902920070273542,-0.2208245591013998
2023-10-07 07:30:00,1.760463941895587,0.2159749751892039,-1.0805432522115934,-0.1946684168649358,-0.0455793992092718
2023-10-07 07:35:00,1.7503070825589928,2.9361008129319246,-0.1874967893247656,-0.2405797808279646,-0.04756260417750955
2023-10-07 07:40:00,1.78197794317193,2.1108133468367,-0.19897792059435176,-0.29870824195145207,0.013178967915885556
2023-10-07 07:45:00,1.8964082487579286,1.8116252683749603,-0.2154222624655757,-0.45368025321529565,-0.013505409728241137
2023-10-07 07:50:00,1.8731284918755062,2.095454033069267,-0.2065707154427255,-0.38702590029291883,0.011023460807226425
2023-10-07 07:55:00,1.880326909508977,2.359445017377948,-0.2083746952207084,-0.49082918666391223,0.06785489640804362
2023-10-07 08:00:00,2.0378068636790196,0.7104883003800525,-0.20645328766327428,-0.5147787199004118,0.22414398148105358
2023-10-07 08:05:00,2.014498159624066,-0.20479113380304265,-0.1974336674217895,-0.4307699970220739,0.19459407814584753
2023-10-07 08:10:00,2.0019410645926414,-0.6463840392280746,-0.19214466665764401,-0.4138129545392827,0.21196922648068672
2023-10-07 08:15:00,1.4615068510977431,-0.684500103645549,-0.18671012898920536,-0.25779754217853984,0.23881775775369782
2023-10-07 08:20:00,1.490271917621256,1.8368176521961794,-0.1993408591224446,-0.24218375286247432,0.30211830093512887
2023-10-07 08:25:00,1.5053906919740256,1.3809137589616212,-0.20319948426511109,-0.4671310464335013,0.3486126834443446
2023-10-07 08:30:00,1.716034852120969,0.028154190596751203,-0.4091738090616789,-0.3872431989921908,0.32393886406373573
2023-10-07 08:35:00,1.701041139044614,-0.649257730188535,-0.18590593876022443,-0.32672051603274244,0.25874408388877884
2023-10-07 08:40:00,1.7019910806026417,-0.3872670716479768,-0.18674980400176555,-0.30374889906310254,0.28662662776683834
2023-10-07 08:45:00,1.3763176216796762,1.489442484756816,-0.18805247781374204,-0.3442353594931336,0.3104444146652213
2023-10-07 08:50:00,1.3881556871210572,0.28826189881554976,-0.19146353220217055,-0.40974873684186797,0.30333818978269633
2023-10-07 08:55:00,1.3939255814762224,-0.03178630080653082,-0.1926256785131395,-0.471204305743096,0.3990766145022752
2023-10-07 09:00:00,1.5110378057966358,-0.19253990015072064,-1.1750620375899328,-0.5157467760641873,0.4048987906612551
2023-10-07 09:05:00,1.5148458387941408,-0.5734807769766952,-0.18973411193840095,-0.5624000982725652,0.285568233897353
2023-10-07 09:10:00,1.516173827125989,-0.6840829101765235,-0.1901599469656495,-0.5687203713020013,0.286298391333035
2023-10-07 09:15:00,1.4075967854007987,-0.8145193853861726,-0.18596497503259765,-0.5312683319998458,0.23857850431769625
2023-10-07 09:20:00,1.4085606891312084,-0.9146649790011643,-0.18777532744193523,-0.43410886863457543,0.1212655606970894
2023-10-07 09:25:00,1.4145231502536342,-0.7289968019023574,-0.19010867811081306,-0.45017571372445536,0.1387409929063989
2023-10-07 09:30:00,1.5858759730684024,-0.4573067616829064,-1.0128678910566093,-0.39888562015819495,0.31414559802453684
2023-10-07 09:35:00,1.5833605428798239,-0.6385708465298439,-0.18991861773757404,-0.5577672833471756,0.14288722837507833
2023-10-07 09:40:00,1.5837585061222619,-0.6300137277785031,-0.1900778422292691,-0.5605722561746683,0.1431313758819405
2023-10-07 09:45:00,1.8351873289191205,-0.5969575259640411,-0.1919918761297266,-0.45039539626866265,0.04227414361253538
2023-10-07 09:50:00,1.8309764692307755,-0.562999051463441,-0.19031380138186982,-0.45301996766620833,0.012686481790968459
2023-10-07 09:55:00,1.826307161039245,-0.8192973085051272,-0.18727907999673973,-0.5303895170356921,0.007792799647723378
2023-10-07 10:00:00,2.190113315481388,-0.8745669667421998,-1.1158918083609433,-0.4915939448906631,0.11857516199669316
2023-10-07 10:05:00,2.1983545413256738,-0.866429850833277,-0.19108102074162647,-0.5628550368953679,0.05779784574767515
2023-10-07 10:10:00,2.1965807375858044,-1.0028246108635366,-0.1904122019129644,-0.5565733684725798,0.029931065266827993
2023-10-07 10:15:00,1.925734994714172,-0.9390995526035648,-0.18735683939973202,-0.5343785647735929,-0.013931300564202647
2023-10-07 10:20:00,1.925926478236234,-0.8187919381584887,-0.18743825988532786,-0.5347519601188341,0.012874625818141777
2023-10-07 10:25:00,1.9222445713862184,-0.8798615282559761,-0.18608797969343815,-0.5211625340576336,-0.002884864192662816
2023-10-07 10:30:00,2.260300575668165,-1.0952644530988835,-1.140748099960623,-0.4781523506505854,0.14212178532873404
2023-10-07 10:35:00,2.2707421635779967,-0.8305271207307904,-0.1913991037440698,-0.5575183282900517,0.04459030621840594
2023-10-07 10:40:00,2.2759728656601714,-0.700693721337686,-0.19329474250470163,-0.5765715726577437,0.0879881568448085
2023-10-07 10:45:00,2.214246518953508,-0.9317437476549154,-0.18832408776028303,-0.533598362667076,0.1471595076888904
2023-10-07 10:50:00,2.2177259469491206,-0.8172732689833442,-0.19123302678316317,-0.44117111905163436,0.04507934816541637
2023-10-07 10:55:00,2.2237154131514125,-0.5997854653520222,-0.1922006515037105,-0.5699411707191738,0.06074339390523998
2023-10-07 11:00:00,2.139763154634513,-0.7160639691330033,-1.1418790808673307,-0.5032225344390321,-0.08141493437558407
2023-10-07 11:05:00,2.144918940709071,-0.6879007278506039,-0.1918603169867909,-0.46435254565933376,-0.18402242348006723
2023-10-07 11:10:00,2.1389878511925606,-0.7614264201711455,-0.18991725850585503,-0.41801048170607796,-0.17431153131990718
2023-10-07 11:15:00,2.304554837667296,-0.5966667633797275,-0.19061296735272315,-0.3980979071678051,-0.12305136914115321
2023-10-07 11:20:00,2.3105389354778163,-0.49056132598063873,-0.192762572990437,-0.4390947239101992,-0.17243801938832304
2023-10-07 11:25:00,2.309084681401101,-0.5553571887428183,-0.1922725695068161,-0.44046721829074104,-0.2399561656068835
2023-10-07 11:30:00,2.307593470006945,-0.6483116321415611,-1.0204829486644962,-0.3881922061927762,-0.10379611506856913
2023-10-07 11:35:00,2.3111451960091647,-0.6744190615438616,-0.19372486231939862,-0.4508963020992078,-0.10708242125615006
2023-10-07 11:40:00,2.312595318074313,-0.6146163476206605,-0.19308334271879474,-0.569700376043512,-0.1876062325375667
2023-10-07 11:45:00,2.112793280478841,-0.7134493931445277,-0.1903995219894582,-0.5549895506401715,-0.17717926786131513
2023-10-07 11:50:00,2.1080638170320465,-0.8727594765280793,-0.18968699851072293,-0.4350140950207367,-0.12564895523709707
2023-10-07 11:55:00,2.1014746082363347,-0.8908416460632365,-0.1860577102748276,-0.5109694176884686,-0.14492781878006614
2023-10-07 12:00:00,2.5095825813913897,-0.5947424972690817,-1.0559070206965917,-0.5063627233342325,-0.05400449802000991
2023-10-07 12:05:00,2.513327483715662,-0.5958451082906,-0.19478931262477334,-0.4494840459627614,-0.10604948830238062
2023-10-07 12:10:00,2.510539958873771,-0.6172733539496486,-0.1935723826455493,-0.4381780708473454,-0.028229644054128138
2023-10-07 12:15:00,2.758750434680684,-0.5898017685000989,-0.2012894845792611,-0.49617902112974455,-0.046151350864632644
2023-10-07 12:20:00,2.7572069907061305,-0.4875460973739184,-0.20121663707208629,-0.4797307158698976,-0.166368918027553
2023-10-07 12:25:00,2.760436841586234,-0.372242727524768,-0.2020253403014455,-0.5087547964465963,-0.07148433879842245
2023-10-07 12:30:00,2.721674042582476,-0.6523459955714789,-1.010647687491807,-0.4407921456353812,0.022204184906349216
2023-10-07 12:35:00,2.7188135496236177,-0.9652095606641319,-0.19965812606129682,-0.4508674230306645,-0.09469518805692452
2023-10-07 12:40:00,2.7218538653649036,-0.9535456015067219,-0.2015045710206148,-0.41990501707972083,-0.18492449444979522
2023-10-07 12:45:00,2.6585901244603334,-0.3913443552971425,-0.20214775869105575,-0.47750791657240715,-0.0886521940491094
2023-10-07 12:50:00,2.659850179379836,-0.5469521523758235,-0.2023014048550694,-0.49400191390828874,-0.06163186050081466
2023-10-07 12:55:00,2.654405611001026,-0.8643830622335572,-0.20037412736026022,-0.4558913779267049,-0.07851082939120153
2023-10-07 13:00:00,2.7870577159936647,-0.9290929484078381,-0.973434093265451,-0.378132616779138,-0.14435570625319002
2023-10-07 13:05:00,2.7886836516629185,-0.729744538615344,-0.2018579482840301,-0.4456488940589034,-0.08793391360080599
2023-10-07 13:10:00,2.7820179853411684,-0.8025823151368557,-0.198648035040781,-0.47455929921154194,-0.06671881135156012
2023-10-07 13:15:00,2.758609296234449,-0.6718338615275299,-0.19758067398554838,-0.5716617061104328,-0.06699583691225694
2023-10-07 13:20:00,2.7671985225776687,-0.46837236299719537,-0.20236056640831016,-0.5048834101743271,-0.1790046154219584
2023-10-07 13:25:00,2.7610074685977604,-0.5607200392145181,-0.19993860254985765,-0.4876457987907421,-0.16998164708540234
2023-10-07 13:30:00,2.494846367892539,-0.8187353308511005,-1.1179426615864394,-0.4873016799630761,-0.14684831513732566
2023-10-07 13:35:00,2.5029933013993317,-0.7120960525112038,-0.19667656808374875,-0.4508648369604207,-0.1392853017527387
2023-10-07 13:40:00,2.496526449876032,-0.9316946758655511,-0.1930529621002728,-0.5338207534630254,-0.22517304751740605
2023-10-07 13:45:00,3.115305466291331,-0.9731325859023219,-0.202484245765515,-0.5978575874410222,-0.1928860022268707
2023-10-07 13:50:00,3.1159183524081313,-0.9861177691576106,-0.20393495618653526,-0.49110671625553876,-0.16414779912072924
2023-10-07 13:55:00,3.116084852374674,-1.0743672206592856,-0.20252558118930428,-0.5960869883146017,-0.1260312341955828
2023-10-07 14:00:00,2.9894614518827134,-1.2966478976828157,-0.994877537319361,-0.5108785114813236,-0.19068399900240435
2023-10-07 14:05:00,2.996607062111277,-1.1178691158849303,-0.20132040242593569,-0.4671988801350672,-0.19050077567057477
2023-10-07 14:10:00,2.9926410580829286,-0.49294960716125125,-0.20018031009625975,-0.45819185438326976,-0.1925581468029206
2023-10-07 14:15:00,3.160446637446447,-0.5279610510272643,-0.20111730364530755,-0.4440207367651669,-0.21760486188295847
2023-10-07 14:20:00,3.1565299543007734,-0.5941202247527797,-0.19817122825818417,-0.5499393655419338,-0.20895940575552266
2023-10-07 14:25:00,3.1539052522640683,-0.8189462760090017,-0.19733256420329948,-0.5427349745300954,-0.3171524537709885
2023-10-07 14:30:00,3.6177548496246787,-0.9897958221617322,-1.3587673983334476,-0.5310580907234546,-0.20629223074502365
2023-10-07 14:35:00,3.6339675287998157,-0.9815862367955652,-0.21021455158643157,-0.5175008294235831,-0.2076391756265366
2023-10-07 14:40:00,3.6343264088875564,-0.7104044022852849,-0.21035611340082289,-0.5180102917642729,-0.1407419497134405
2023-10-07 14:45:00,3.802335121868997,-0.6039979107751531,-0.21086424902507536,-0.5097101041483774,-0.21755874321800855
2023-10-07 14:50:00,3.8029385389399497,-0.8681475245975502,-0.21104688569162364,-0.5126724279489274,-0.2705449936141859
2023-10-07 14:55:00,3.80313408561408,-1.3140474336758035,-0.2108713446012382,-0.5047676644710348,-0.2574587285573523
2023-10-07 15:00:00,3.213458470512261,-1.4354442092080844,-1.2278674324417889,-0.3930303341883063,-0.2534423406582886
2023-10-07 15:05:00,3.223104107791401,-1.437294838711651,-0.20360495248823815,-0.46998136193267587,-0.3209571907505606
2023-10-07 15:10:00,3.2169857754168905,-1.575123514295785,-0.19977707419744675,-0.5584517834267544,-0.2738538938010075
2023-10-07 15:15:00,3.6568878332584283,-1.577389051389513,-0.2037826965897148,-0.5827609837946567,-0.3043013101853703
2023-10-07 15:20:00,3.662917970984169,-1.3930576307176776,-0.20745607435519398,-0.48942281687853195,-0.29824692001931774
2023-10-07 15:25:00,3.665596252368511,-1.2424224204804653,-0.2069986469038644,-0.6079939076927176,-0.24503739792087958
2023-10-07 15:30:00,3.5562412533489325,-1.310070188041717,-0.20798538769782324,-0.5048428647085841,-0.2974387320569505
2023-10-07 15:35:00,3.556803105831473,-1.2645621076940479,-0.2086201365315793,-0.5050935681628684,-0.42973318644176395
2023-10-07 15:40:00,3.558076089088565,-0.9239685792723233,-0.20780617682850722,-0.6197789993804681,-0.3905463904635932
2023-10-07 15:45:00,4.323264167376771,-0.9289760600596673,-0.20679724531893484,-0.4629233278906019,-0.3969086891017231
2023-10-07 15:50:00,4.321242941316817,-0.4303283911363331,-0.20606400382119172,-0.4588429508609146,-0.3048654828509252
2023-10-07 15:55:00,4.326306359045408,-0.18477322038935973,-0.20753688899897701,-0.523526331875067,-0.28877876134972646
2023-10-07 16:00:00,3.6919976183627763,-0.8203521901779719,-0.3447837425158957,-0.5850923761173665,-0.1706817184434714
2023-10-07 16:05:00,3.68240359063224,-1.0630172616346854,-0.20011021462655246,-0.5465797464773707,-0.05017648476746134
2023-10-07 16:10:00,3.691278459138718,-1.3201593144366295,-0.20372852153459228,-0.583729285677125,-0.2703402805473483
2023-10-07 16:15:00,3.9660889238067294,-1.0855811424867656,-0.21114464436613858,-0.6232912127325174,-0.13928841249241772
2023-10-07 16:20:00,3.983005809139349,-1.0489941405972085,-0.21731102031326296,-0.6863560256885386,-0.114888815356444
2023-10-07 16:25:00,3.9897171662314754,-1.0308430820643761,-0.2211704337223027,-0.6138416260108471,-0.17522687818951085
2023-10-07 16:30:00,4.028213838877895,-0.2692515826901444,-0.5384286734212035,-0.5617113488485115,-0.07854909748994157
2023-10-07 16:35:00,4.042502832359159,-1.3044147891815845,-0.21222741299328135,-0.6387388896554548,-0.11278961027853972
2023-10-07 16:40:00,4.045758744087312,-1.1624226550186108,-0.21351144522586663,-0.6521818300922962,-0.11053314593693797
2023-10-07 16:45:00,4.498754108012816,-0.7574483023677844,-0.21790085967428513,-0.6625816892519245,-0.0700878097013979
2023-10-07 16:50:00,4.491960278070937,-0.6324252317358928,-0.215723276542275,-0.6395285745369157,-0.16736449346130905
2023-10-07 16:55:00,4.495549867421607,-0.6510572496858941,-0.21682733998849404,-0.6507226964172671,-0.0853584943307447
2023-10-07 17:00:00,4.571188370989243,-0.2940816581240572,-1.4511400009967315,-0.5507245588039775,-0.2065237002209034
2023-10-07 17:05:00,4.591565161391203,-0.7517479141224274,-0.21780525823531613,-0.6595846859543613,-0.30847288139890333
2023-10-07 17:10:00,4.589948451156706,-0.8889144198707667,-0.21916443545678468,-0.4854147568684069,-0.3068963419295812
2023-10-07 17:15:00,5.3261486956959425,-0.5644657518850413,-0.2327400454697497,-0.5494072119366858,-0.29432229816258265
2023-10-07 17:20:00,5.326402983937763,-0.12449635158623826,-0.23279285642650807,-0.5525290989786757,-0.2008332361614532
2023-10-07 17:25:00,5.336521948438792,0.19845691616729982,-0.23750467408976672,-0.5166614673868165,-0.16610844447659368
2023-10-07 17:30:00,5.2882856034330805,0.3354862430342835,-0.8157256760485949,-0.558466015232397,-0.08930084788388828
2023-10-07 17:35:00,5.26550832878111,0.031532598602438996,-0.23538242663061465,-0.37120265257553153,-0.12744580711981768
2023-10-07 17:40:00,5.233729486231907,4.236814566529168,-0.2250839587853823,-0.32121885263669486,0.06725594578324967
2023-10-07 17:45:00,4.911826963368741,0.510911509372782,-0.23179500504678915,-0.5984848563166496,0.056704383056328043
2023-10-07 17:50:00,4.8912424624751925,0.11391025624905884,-0.2243917007132299,-0.5170612839671872,-0.07657423940020996
2023-10-07 17:55:00,4.88262709055754,0.10218660874256322,-0.22068498671649128,-0.5343259288841263,-0.09632520760322998
2023-10-07 18:00:00,4.6563928871919344,-0.14136652752167253,-1.2477096542554462,-0.4128957291445342,-0.12213687582384551
2023-10-07 18:05:00,4.670195599326305,-0.17690870675914366,-0.21908864780087636,-0.5336876195257334,-0.22909810791896332
2023-10-07 18:10:00,4.681238289774418,-0.3113010985969037,-0.22366587639015686,-0.5195837772255898,-0.20781245173297844
2023-10-07 18:15:00,4.532031423510723,-0.17090458029687666,-0.2253390268223885,-0.5261380044811439,-0.1266707578115269
2023-10-07 18:20:00,4.531994597471502,0.4296662606968691,-0.22767377826120794,-0.3356603684749485,-0.29547623177899135
2023-10-07 18:25:00,4.540633723489411,3.144569662247843,-0.2328506496327459,-0.3677247275149449,-0.1941217980719796
2023-10-07 18:30:00,4.665337353583729,1.9057578168102718,-0.6549217674299256,-0.26509395271211283,0.022156505176509037
2023-10-07 18:35:00,4.658213636795181,6.954788851801531,-0.23055438130569375,-0.46212263834582357,0.17180230154343817
2023-10-07 18:40:00,4.673493391558519,3.003249751132879,-0.23234517863103826,-0.6397265720917104,0.12268557572094861
2023-10-07 18:45:00,5.17591097604134,0.3674706920465092,-0.23768941612211827,-0.8053216871253592,0.10232975061647294
2023-10-07 18:50:00,5.171643841698473,-0.41108431110474986,-0.23568672880340763,-0.7897802744597953,0.08545374081122749
2023-10-07 18:55:00,5.1707922677139715,-0.8003471832814877,-0.23630544079759752,-0.6871629341555543,0.11268050422997672
2023-10-07 19:00:00,4.518839381999074,-1.0342091522539993,-1.3879404673008275,-0.71756605414234,0.18409109453243705
2023-10-07 19:05:00,4.523816894763949,-0.7790370676299752,-0.2316751551838853,-0.7794133609050233,0.08361991164973379
2023-10-07 19:10:00,4.514098477502647,-0.5660521428258963,-0.23104623824614362,-0.5179431795523972,0.08118649520837666
2023-10-07 19:15:00,4.310334260169433,0.16649455341829142,-0.24053664150369955,-0.08602948182631671,0.028412455192667843
2023-10-07 19:20:00,4.360865825176099,1.4510387795147959,-0.2594391073831203,-0.3991123091522802,0.16697349457363014
2023-10-07 19:25:00,4.3734153958244635,0.5453005658993217,-0.2620552638229757,-0.5602005211804044,0.17238095592110822
2023-10-07 19:30:00,4.693780893329853,0.17455274885747682,-1.5229202427839676,-0.4765734004775733,0.16868113484934996
2023-10-07 19:35:00,4.745101895621113,1.222543424811993,-0.26900409441106243,-0.49812857016702444,0.14889590947527032
2023-10-07 19:40:00,4.74759371152738,1.1695778999398272,-0.27055337674268254,-0.7888510071181313,0.06621713300327461
2023-10-07 19:45:00,6.474203293522739,1.128378038680729,-0.2432375323710886,-0.6154776086113106,-0.0886823259068086
2023-10-07 19:50:00,6.4778582331974786,0.8021749137680535,-0.24436284132978653,-0.6152037172708533,-0.0731227430278756
2023-10-07 19:55:00,6.475879242660742,0.8386142162608571,-0.24345727443839993,-0.6284299561076949,-0.07472531125392742
2023-10-07 20:00:00,6.749433711282781,0.7132402606657507,1.4833640006118511,-0.6513874863721226,-0.22669216414546764
2023-10-07 20:05:00,6.745161722787337,0.7116482149921454,-0.23466947584339648,-0.639717934616915,-0.2491965142985923
2023-10-07 20:10:00,6.739982432504273,0.7222123731400604,-0.232552418589627,-0.6332223463404306,-0.21298235866626694
2023-10-07 20:15:00,7.5044688938599196,0.31015246594634854,-0.2135863682003433,-0.5787559779745871,-0.2589916178574333
2023-10-07 20:20:00,7.47050217070846,-0.528913451682719,-0.20111072800664437,-0.44279734188177966,-0.4014039060755349
2023-10-07 20:25:00,7.453826893458612,-0.9727862618813264,-0.19511723983362061,-0.31627112463070034,-0.35864837288089774
2023-10-07 20:30:00,5.581117313852545,-0.38283616903957646,5.2303469506848925,-0.7754999172991661,-0.4358854667615206
2023-10-07 20:35:00,5.574597424672451,-0.039582458282235104,-0.23249446843108718,-0.5675718062083566,-0.11531733223487636
2023-10-07 20:40:00,5.572846229635898,-0.09126300787997929,-0.23082016200265262,-0.628515423032082,-0.13090714361902073
2023-10-07 20:45:00,6.592022252375677,-0.21269615280632082,-0.18739685560309435,-0.37535809532549386,-0.47426915169041245
2023-10-07 20:50:00,6.583959103182547,-0.29277061659874054,-0.18434244542627207,-0.3449617176042188,-0.45309289503617023
2023-10-07 20:55:00,6.575334417402715,-0.44464513391236454,-0.18078275187758955,-0.3226990207058904,-0.3396353546175842
2023-10-07 21:00:00,6.260841592882524,-0.23895522906806313,4.282676209362384,-0.6433028956031266,-0.5235729719355104
2023-10-07 21:05:00,6.230103270225215,-0.3709006339093256,-0.19463501361340912,-0.36438119597754254,-0.30181535295837103
2023-10-07 21:10:00,6.228249279590441,-0.2892537873838816,-0.1944408929027735,-0.32780670694913633,-0.3289991387864398
2023-10-07 21:15:00,8.373125450229532,-0.05893360126419808,-0.18539072389237735,-0.2711388753471458,-0.3115113215380263
2023-10-07 21:20:00,8.377316463071539,-0.21717112851660636,-0.18750608490603216,-0.23430138306169013,-0.36114142357722
2023-10-07 21:25:00,8.359007867287445,0.16465034339081028,-0.18217370472755326,-0.07215209895755481,-0.3844737741754066
2023-10-07 21:30:00,8.19116861021767,1.184912729129567,5.638022609311484,-0.22284642340461883,-0.4827445437106733
2023-10-07 21:35:00,8.179009210114387,0.7522191349086321,-0.1673075676467051,-0.05694000023259964,-0.3822765524042621
2023-10-07 21:40:00,8.196103437020883,0.04524898530541811,-0.17251945913582595,-0.18038580254777956,-0.43913199168006695
2023-10-07 21:45:00,7.182937315209764,-0.083827824327936,-0.1906070187044006,-0.29049477064786255,-0.3239946349715326
2023-10-07 21:50:00,7.191616210008376,-0.02682860902444675,-0.19401110253727757,-0.2283851383737365,-0.32996234253441004
2023-10-07 21:55:00,7.194323251797256,0.2808727291777244,-0.19547860149549307,-0.28710988983500896,-0.3154030795383777
2023-10-07 22:00:00,4.732158929996951,1.0645975487730182,5.842162549776051,-0.5645325697336993,-0.42118644334273303
2023-10-07 22:05:00,4.7098189489217015,1.1372383624332891,-0.21004161514753353,-0.35264055260900984,-0.18605263569681602
2023-10-07 22:10:00,4.722459690175675,1.4729850036066552,-0.21472408688500857,-0.42715264074050663,-0.13806617911195146
2023-10-07 22:15:00,3.871239703179057,1.4452412849766485,-0.22949971006578399,-0.6145926564118952,-0.05732469003581333
2023-10-07 22:20:00,3.865278229654832,0.8115245817567907,-0.22667610359222407,-0.6382908324519844,-0.11572019709884401
2023-10-07 22:25:00,3.84940242799961,0.1120124173861871,-0.21966808863503157,-0.6668531342874144,-0.12829617456940393
2023-10-07 22:30:00,2.962213789015641,-0.6609622640321414,3.6259024636418067,-0.7379425120977187,-0.22263542011095172
2023-10-07 22:35:00,2.9443313312001824,-1.0344786205599745,-0.2002973424057826,-0.5335402404330669,-0.17254438270054825
2023-10-07 22:40:00,2.9447393371353754,-1.1331416081487504,-0.20063485762171301,-0.5249168269975519,-0.2120197053214329
2023-10-07 22:45:00,2.1366603748600492,-1.4164473159613575,-0.1930289149913041,-0.48005595632965764,-0.2605359978653291
2023-10-07 22:50:00,2.1317330136169885,-1.441085468437119,-0.191375649973758,-0.458610849319158,-0.3433570889069651
2023-10-07 22:55:00,2.1378125355147137,-1.3122549820336908,-0.19379936606860743,-0.47050778367175444,-0.32579403975663324
2023-10-07 23:00:00,1.8556534276128693,-1.3385641840840696,-0.18351287167350552,-0.39765164393118396,-0.3756696804493277
2023-10-07 23:05:00,1.8545014317385755,-1.3744756204941264,-0.1828618978940006,-0.39363233602967296,-0.28358657493530337
2023-10-07 23:10:00,1.8559647585038752,-1.350191723396408,-0.18389504123888317,-0.33675335837689535,-0.1754247906621335
2023-10-07 23:15:00,2.364897815434945,-1.312914362055498,-0.19182165059436407,-0.38462715088942107,-0.17455649801543607
2023-10-07 23:20:00,2.359954242488326,-1.3286108968811288,-0.19007422849670277,-0.3626665323168422,-0.2175639712793719
2023-10-07 23:25:00,2.361690234406045,-1.226647380999288,-0.19107566246345226,-0.35926387579619445,-0.22942813779948548
2023-10-07 23:30:00,2.588729080121416,-1.0120677484720646,-0.12566248643066114,-0.21830457776714038,-0.2262162867914489
2023-10-07 23:35:00,2.5935690081976004,-0.5497736106823599,-0.1832681080625154,-0.24235824517531118,-0.10569235734183617
2023-10-07 23:40:00,2.6063950385914145,-0.018436197115378923,-0.19001934462015768,-0.08278612091014056,-0.01370776401950015
2023-10-07 23:45:00,3.0972464612845116,4.70161601179542,-0.19121348779757805,-0.02973398635811456,0.030421423243940968
2023-10-07 23:50:00,3.1362297050074415,4.8695604936600345,-0.20440158108048068,-0.23324840971072508,0.22767339607856119
2023-10-07 23:55:00,3.1054018690020064,3.641667633760513,-0.19296793285754216,-0.10618199105354512,0.21967074434383352
2023-10-08 00:00:00,3.0233853163159727,-0.5906486422862081,0.3426118450368016,-0.17243199120938907,-0.4346017940061798
2023-10-08 00:15:00,1.933932839255853,0.2145307568296004,-0.18323229584335318,-0.3683339489558555,0.2912561992629432
2023-10-08 00:20:00,1.9097339577310126,-0.9177953798681305,-0.17325675537183563,-0.30523067334799153,0.3003134193954409
2023-10-08 00:25:00,1.894774181780176,-1.2740712942744556,-0.16780383263598175,-0.25182955172659127,0.19722151903542634
2023-10-08 00:30:00,1.0514093270432383,-1.1471299711100098,-0.18324174537635685,-0.22345649415759897,0.22419888276698888
2023-10-08 00:35:00,1.0698887079846524,-0.8012468832673726,-0.17484216769697905,-0.28050552920676913,0.20655736084229592
2023-10-08 00:40:00,1.1029502796695367,0.2971057036960185,-0.18805637860740293,-0.29297399996024365,0.35059091507823437
2023-10-08 00:45:00,0.9326978088335227,1.844075149290257,-0.20307284090335628,-0.24784590930923836,0.497811463362137
2023-10-08 00:50:00,0.8629455551106481,6.540830745760364,-0.180537107827548,0.06719341162179741,0.8823639197751234
2023-10-08 00:55:00,0.9523504662542862,4.487708523548205,-0.20985898530525282,-0.31954896360567353,1.2962048210729198
2023-10-08 01:00:00,0.8960340633174702,4.602437240387894,-0.4771826041480761,-0.44726665136712995,1.364368173078344
2023-10-08 01:05:00,0.891321572181278,2.5262851733995686,-0.20540766393232346,-0.5281700336131423,1.0169065238964343
2023-10-08 01:10:00,0.8806870051362846,0.805369840946396,-0.2003202743463368,-0.513467488278093,0.7954707420769251
2023-10-08 01:15:00,0.7238657532066916,-0.3471196423923493,-0.19128538322181643,-0.44669925574195113,0.6443848105622408
2023-10-08 01:20:00,0.7329051440085269,0.059377188648511436,-0.19429975851199746,-0.5360816950716647,0.5967319690838571
2023-10-08 01:25:00,0.7033710691686876,-0.5864039872067351,-0.1816322753390954,-0.5430649720443339,0.6013003483065288
2023-10-08 01:30:00,0.719769289996132,-1.4155180646883754,-1.1875009020498475,-0.2542300574603747,0.3872456591129564
2023-10-08 01:35:00,0.7295881396022389,-1.3196033521864101,-0.1736515491125758,-0.3100450174533001,0.20879594525172301
2023-10-08 01:40:00,0.7428497519807565,-0.7899734387250068,-0.179007110426803,-0.34137390082344654,0.2315950143123077
2023-10-08 01:45:00,1.2740838280116238,-0.8052144087675898,-0.18130414339472717,-0.3309758918136353,0.21954065232559108
2023-10-08 01:50:00,1.2659912237441397,-0.6774979628433481,-0.17829262862279377,-0.31910151766321654,0.22732670742803399
2023-10-08 01:55:00,1.272907578232866,-0.7231013547062053,-0.1808738695989128,-0.37201820462017887,0.07215920499534169
2023-10-08 02:00:00,0.6860235162533042,-0.9740192631161144,-0.9308291087658151,-0.30248582700946985,0.1259295168070604
2023-10-08 02:05:00,0.6897209325654109,-0.7905324675392391,-0.1773517818606242,-0.3647123210051656,0.059506344768101814
2023-10-08 02:10:00,0.6972954879519633,-0.625382567725938,-0.18048794233253423,-0.37785134110540214,0.05162079500901766
2023-10-08 02:15:00,1.157876142371667,-0.7769386384472476,-0.18657216329322626,-0.3297245609640015,0.17101669531591648
2023-10-08 02:20:00,1.150823250846847,-0.8700645836073809,-0.18417828697435285,-0.2995153618959753,0.10002505356116323
2023-10-08 02:25:00,1.1487736359413827,-0.8720253668835073,-0.18420130811538923,-0.23607731533279133,0.04653115755309567
2023-10-08 02:30:00,0.9604498563820599,-1.085952244469276,0.06181714043032435,-0.21605243235866814,-0.0019511643087236226
2023-10-08 02:35:00,0.9611090128194408,-1.1651179966396814,-0.17979500817951805,-0.29156448236160576,-0.03770475205961067
2023-10-08 02:40:00,0.955977901355279,-1.3052166040707567,-0.17768818885505241,-0.28439535290840223,-0.04141343085551983
2023-10-08 02:45:00,0.6809291329073325,-1.3784652618505406,-0.1768032273998359,-0.2590863322502971,-0.11020311626952425
2023-10-08 02:50:00,0.6811705234824148,-1.355700900336282,-0.17754312220193325,-0.21366812410771244,-0.1755909588831972
2023-10-08 02:55:00,0.6957481935516654,-1.0753853128821276,-0.1831964294540426,-0.24092407495705215,-0.16530234542706504
2023-10-08 03:00:00,0.7660333544259045,-0.9345345510755914,-0.26976122644477096,-0.04021846685218037,-0.14050936526266816
2023-10-08 03:05:00,0.7628993119276781,-1.1547476635201976,-0.18422937391767022,0.6273514619604376,-0.2298108948009098
2023-10-08 03:10:00,0.7625231506676622,-1.222021926779214,-0.18378907315653986,0.5778762386487943,-0.2177016084426158
2023-10-08 03:15:00,0.7142572430009145,-1.2745870753951751,-0.18841879969949293,2.2833678158214363,-0.19688371718157266
2023-10-08 03:20:00,0.7193016583530838,-1.1476600635240155,-0.1994224743315962,2.8589222422599714,-0.17035059972748204
2023-10-08 03:25:00,0.7227697974205117,-1.14426950437824,-0.19979636187644192,2.2598493744899883,-0.17772710427792918
2023-10-08 03:30:00,0.7333509456808138,-1.2116814008306669,0.07631818189217654,3.5022598639468407,-0.10410975472689539
2023-10-08 03:35:00,0.7484454527283528,-1.1124156369067626,-0.20250190501574522,2.6190053357574516,-0.10687356472758798
2023-10-08 03:40:00,0.7385847604073654,-1.1590506882822078,-0.20039581014401772,4.039233794675384,-0.09061255251004657
2023-10-08 03:45:00,0.8585052151907051,-1.1999949582679617,-0.20101565437639604,3.5852887029517966,-0.0993283124184968
2023-10-08 03:50:00,0.8538827424826222,-1.202019931628734,-0.19551780756459394,2.8525787337987385,-0.10146112517598013
2023-10-08 03:55:00,0.8467541860831483,-1.1686004195855235,-0.1932961245366046,2.9855698075314625,-0.2237411835124718
2023-10-08 04:00:00,0.9926624876030254,-1.0884047785266864,1.896631319252353,3.0492738110287827,-0.14258553895926782
2023-10-08 04:05:00,1.0062243165358935,-1.0608931658650667,-0.187948271958474,2.1747830842530482,-0.26040728286183634
2023-10-08 04:10:00,1.0003337226956572,-1.2136226555857417,-0.182856462311527,1.2202164103960043,-0.28051468878356267
2023-10-08 04:15:00,0.9535799680667605,-1.262725172146273,-0.1851804736030807,1.7250635288415819,-0.2567501361521357
2023-10-08 04:20:00,0.9517384163042222,-0.9082376940641318,-0.18561558102396367,1.3223924119637591,-0.2643311607657423
2023-10-08 04:25:00,0.9544625655819385,-0.9883249722568319,-0.18581470689560106,1.5669514652164696,-0.271707309905327
2023-10-08 04:30:00,0.8918266804122611,-1.1461406476913498,3.1073083598367957,1.9109891304023816,-0.12971861395955533
2023-10-08 04:35:00,0.9139201075746339,-1.0483994520230373,-0.18485404038545972,1.8299410455590905,-0.27793825374682807
2023-10-08 04:40:00,0.9129633392273846,-1.0016645735752494,-0.18465002971125102,1.5527155336592062,-0.21681422012234963
2023-10-08 04:45:00,0.933596707461155,-0.7964895367184782,-0.18505655889247258,1.513535608162239,-0.24965267252961645
2023-10-08 04:50:00,0.9373813983795479,-0.8458462248225287,-0.18724732352575563,1.5891575543772114,-0.3783937860707586
2023-10-08 04:55:00,0.9443867216990383,-0.821816021979545,-0.18774916094427918,1.8399905216105996,-0.2631119258911228
2023-10-08 05:00:00,1.319630193533427,-0.8530944885872545,3.4652117866449403,1.841780781161863,-0.1894161149669054
2023-10-08 05:05:00,1.323726462009213,-0.9066734366822456,-0.19043995996732033,1.3212086973612585,-0.3883593389718739
2023-10-08 05:10:00,1.3202008627721074,-0.7583497988640368,-0.18762331643896396,1.1966608219620456,-0.32647107778823165
2023-10-08 05:15:00,0.9624554034186855,-0.5492211237160673,-0.1759345544445078,1.2656361922703592,-0.4238398503828067
2023-10-08 05:20:00,0.9661899414849948,-0.7522319154703191,-0.17829913298461167,1.3384207333854445,-0.4201680215851336
2023-10-08 05:25:00,0.9024961075131839,0.5903711614257866,-0.15600095751787943,1.4969914729704943,-0.23634957764599432
2023-10-08 05:30:00,1.1479211761735677,-0.6973766218532289,4.437562758233043,1.6449981750634737,-0.1986542165060814
2023-10-08 05:35:00,1.1451838749612544,-0.28054178736438734,-0.18470253953777355,3.1967295537033844,-0.3189240539584498
2023-10-08 05:40:00,1.159495613388739,-0.3679972995078851,-0.19502207735218435,4.5510303282373314,-0.31296707259100837
2023-10-08 05:45:00,1.2598039791491435,-0.8304746469883632,-0.2036847438380138,3.950244934611872,-0.3518629877005977
2023-10-08 05:50:00,1.2207130999201257,-0.34063692292141723,-0.1849208568194436,3.244122434305934,-0.3910367266373631
2023-10-08 05:55:00,1.2336511863697723,-0.19930405462637923,-0.20070179575569538,3.9126632625982065,-0.3042321186915161
2023-10-08 06:00:00,1.2881302719173913,0.1067723258104066,4.72901225689803,6.26378178278929,-0.066154491067753
2023-10-08 06:05:00,1.3252205493466696,-0.37312462981873523,-0.19693451749150023,2.9251995843211835,-0.2737404385498087
2023-10-08 06:10:00,1.3241066810551707,-0.44021989048486654,-0.19391615810886076,3.55402525354664,-0.2510114076712036
2023-10-08 06:15:00,1.1571155740287284,-0.08208983219984836,-0.18396953404828975,3.5635404775054855,-0.16997485144238353
2023-10-08 06:20:00,1.1683752419974325,-0.42855640137259654,-0.18530545927607972,2.4256860878398596,-0.4064889607278946
2023-10-08 06:25:00,1.1345975811923592,-0.012723720553077257,-0.17214173783172565,2.672334349149928,-0.3466445793785192
2023-10-08 06:30:00,1.2715660745989554,0.2148324468559256,-0.17097811461137452,2.5501241984620098,-0.37451369861900863
2023-10-08 06:35:00,1.311412686960064,-0.3294976831680781,-0.18437251691618164,2.338069909299227,-0.4561106130816063
2023-10-08 06:40:00,1.3234807167028348,-0.5009245128023782,-0.19588019766397616,3.572118381899178,-0.44055009945902845
2023-10-08 06:45:00,1.2143012665023722,-0.5076017914904204,-0.19200640137258299,4.051886764092851,-0.3694696401748291
2023-10-08 06:50:00,1.2215011463098984,-0.6532779772246223,-0.1926237129401575,3.2183010738175524,-0.3781877770366599
2023-10-08 06:55:00,1.2087305398351944,-0.6065604562436665,-0.18603453148841304,3.3059173007905365,-0.4389212469891575
2023-10-08 07:00:00,1.6614662263985682,-0.8587489061585386,9.165135523413996,3.6907652780518627,0.08279716509905652
2023-10-08 07:05:00,1.7093400521767101,-0.7718546586714207,-0.1891302243652575,3.3275470925578143,-0.3576591745432803
2023-10-08 07:10:00,1.7029164748801349,-0.6869149521036082,-0.18179057997357223,1.8698215166518024,-0.38619739267424524
2023-10-08 07:15:00,1.8182089333855591,-0.2897124282322438,-0.17636176076645227,1.4006354911106316,-0.34190650722363497
2023-10-08 07:20:00,1.7850970155254209,0.40139047925059695,-0.16444896120252173,1.637797312651116,-0.28145805752952835
2023-10-08 07:25:00,1.760596090202339,0.6458286156903691,-0.1561612003686839,1.5281404100762037,-0.2873145054028177
2023-10-08 07:30:00,1.7797888097833965,1.0172246813611978,8.4002455624979,1.5835436401787621,-0.08615411168430341
2023-10-08 07:35:00,1.8172815646731235,1.193377836863945,-0.15401725210612088,1.2749462330222257,-0.32822111694507183
2023-10-08 07:40:00,1.835050288499956,0.8907530933220816,-0.15914885400771722,1.0849553553592677,-0.29240102715020344
2023-10-08 07:45:00,2.054346960452885,1.2227782911553107,-0.14918241069584562,0.8558763864195702,-0.3705136402881656
2023-10-08 07:50:00,2.053192321589045,1.2866937847997337,-0.14872414237553475,0.8579989402037382,-0.33145443978347955
2023-10-08 07:55:00,2.046580650163743,1.4576538087699347,-0.14644631316907722,0.9626494903029041,-0.28124752565006367
2023-10-08 08:00:00,2.40942704238937,2.1030537333244363,11.41889387629309,0.8203392767829489,-0.09464138420452226
2023-10-08 08:05:00,2.4047141742420526,2.014162088064398,-0.143481188717881,0.7287201714978775,-0.25069040261349057
2023-10-08 08:10:00,2.418878810913652,1.4963530112888133,-0.14829718936033273,0.6389302203399255,-0.26907185577164383
2023-10-08 08:15:00,2.8288973191799314,1.5685475599465784,-0.1514859733294933,0.5304980073208422,-0.3379358577093363
2023-10-08 08:20:00,2.8410504318891143,1.2850674022577546,-0.15578419456518236,0.07635790061840593,-0.31046361411479845
2023-10-08 08:25:00,2.890090328896939,-0.03715022259167234,-0.1732695212262687,-0.17296190263020234,-0.41338900091081887
2023-10-08 08:30:00,4.074553710933962,-0.6172612040089567,15.648534995386493,-0.3199935128932501,-0.32803248436512816
2023-10-08 08:35:00,4.0517949117535474,-0.7607097723833657,-0.18063059803544076,-0.20970587843221639,-0.4259344592787876
2023-10-08 08:40:00,4.06618134803012,-1.0554617048584964,-0.18448276084960533,-0.22515290527708773,-0.38965972201847976
2023-10-08 08:45:00,5.14241058584403,-1.0519941074736678,-0.1903303924494492,-0.29831903236352836,-0.3815048273818892
2023-10-08 08:50:00,5.142519778555658,-1.109215911064369,-0.1898344875425626,-0.2184058472848647,-0.3934370011629883
2023-10-08 08:55:00,5.139265032778271,-1.0766735616306933,-0.1884016755081866,-0.23263469572303178,-0.502072874427507
2023-10-08 09:00:00,4.709804602918455,-0.8479963650471776,4.489982811811054,-0.008085980001192018,-0.3682310458241367
2023-10-08 09:05:00,4.696340467870274,-0.4569214322304427,-0.1755490769858232,-0.19965506879692688,-0.4117161153270446
2023-10-08 09:10:00,4.706632564160292,-0.7481877392832492,-0.17877092299231517,-0.218468325529782,-0.4049488374635793
2023-10-08 09:15:00,5.014050684621832,-0.8781631760957391,-0.1826417432959909,-0.2793364826624993,-0.35930153306540086
2023-10-08 09:20:00,5.015092729880332,-0.9480072997168402,-0.18284943071335327,-0.295407218146911,-0.2660588727355109
2023-10-08 09:25:00,5.026258614463975,-1.0743091694548894,-0.1869979154990798,-0.34176079815473837,-0.3119948156598204
2023-10-08 09:30:00,4.388449040569723,-1.1829683593159048,1.3518761431180675,-0.2708564865793099,-0.33553701196908475
2023-10-08 09:35:00,4.394676682921198,-1.034978379436323,-0.1850183696858017,-0.24756928283560156,-0.34351839418896807
2023-10-08 09:40:00,4.393290456526575,-1.1532650940357008,-0.1835631272730915,-0.2784574359987292,-0.25231597485000457
2023-10-08 09:45:00,3.466224594694867,-1.0698129509213534,-0.17747592914664126,-0.26022505054451184,-0.29912495496724884
2023-10-08 09:50:00,3.4586103516790376,-0.8548299355449266,-0.17447895907782615,-0.22219828037431982,-0.27721883178971585
2023-10-08 09:55:00,3.439326122370201,-0.4602962476205579,-0.16749012815199127,-0.15290696629832543,-0.19667201016624067
2023-10-08 10:00:00,3.484720779778754,-0.41838515184048264,1.9651579138869333,-0.20461587671879258,-0.09763015035880157
2023-10-08 10:05:00,3.511578531143097,-0.9121659610553661,-0.18548685904578477,-0.2994766975623151,-0.2316280377320024
2023-10-08 10:10:00,3.515694970921881,-1.047099464858803,-0.18620091034439193,-0.3289163376184292,-0.1762599751282319
2023-10-08 10:15:00,3.0440085368000074,-1.0143733119691023,-0.1878779533830489,-0.36880950634837545,-0.022058169371917742
2023-10-08 10:20:00,3.044381981984644,-0.9207706091416934,-0.1869587385355677,-0.49147584188731286,-0.09002944824504192
2023-10-08 10:25:00,3.0394114873523717,-0.9853268180304443,-0.18484829833222244,-0.4703895943921911,0.01277382640769776
2023-10-08 10:30:00,1.260186859047149,-0.8436929095400544,0.8616623677055467,-0.26798235962848227,0.05621094011678877
2023-10-08 10:35:00,1.2660610525259057,-0.754299883893301,-0.18178945967779678,-0.30269948575624167,0.06379893946187228
2023-10-08 10:40:00,1.268371436609184,-0.978905136857812,-0.18294180518866196,-0.33922245328149697,-0.0016826052134466466
2023-10-08 10:45:00,0.5712343933377981,-0.8181085036162248,-0.18016946664733727,-0.3285281130650066,-0.11297058505100198
2023-10-08 10:50:00,0.5669835993568136,-0.8067231363403015,-0.17881760654723255,-0.2894765748473199,-0.1684098654436403
2023-10-08 10:55:00,0.5695618051475216,-0.8937141602706743,-0.17945622326593794,-0.30928351251118363,-0.12719778308968174
2023-10-08 11:00:00,1.2055566253867565,-0.9581494847931927,0.3922333230043655,-0.31058174508680475,-0.08952325827452025
2023-10-08 11:05:00,1.209538104287735,-0.8888911405584693,-0.18625077099904677,-0.32181127049606506,-0.09680307285912865
2023-10-08 11:10:00,1.2120051436380583,-0.957130806164836,-0.18706922028618175,-0.3752712135354924,-0.1490304009393878
2023-10-08 11:15:00,0.7462813942533985,0.03992087376403343,-0.17246855323799615,-0.13930301880999532,-0.2533798468081526
2023-10-08 11:20:00,0.7844718480497422,-0.391687833443131,-0.18446598864242933,-0.36744499596941377,0.061527323663083
2023-10-08 11:25:00,0.7723741996698891,-0.6451314680490461,-0.18047231692271665,-0.3074185207596566,-0.14532799096309634
2023-10-08 11:30:00,0.8428072544068902,0.5399243168070043,0.23816364570536183,-0.20979522049690133,-0.03631407184032108
2023-10-08 11:35:00,0.8734926754642889,-0.20999577107461542,-0.18938912648718503,-0.39829878978469263,0.12125620491679646
2023-10-08 11:40:00,0.8729056319093588,-0.694878735837973,-0.18984225578710415,-0.3669666285508765,-0.09131181840321334
2023-10-08 11:45:00,0.858846025616916,-0.6670658819013139,-0.19103856135245306,-0.3667931998462722,-0.196627969252233
2023-10-08 11:50:00,0.820117460757235,2.483679932288277,-0.18196664162094878,0.08535630819753694,0.05149775915100786
2023-10-08 11:55:00,0.7066434948760424,8.716423762017582,-0.14387584999812614,0.7827529379276112,1.4068513206311355
2023-10-08 12:00:00,0.2182179322371433,9.339267844983357,0.2319638201877928,0.9590557850635116,3.787488638963951
2023-10-08 12:05:00,0.29258020525771616,7.422957950214007,-0.14733015732396834,0.2135017891890662,6.306627645186286
2023-10-08 12:10:00,0.3974592429701229,0.4448070874931308,-0.1880075280572348,-0.4141088889917882,2.6515135401091157
2023-10-08 12:15:00,-0.08304919031814158,-0.44082409929426986,-0.18848636355009077,-0.406867497357992,1.025294645143947
2023-10-08 12:20:00,-0.09499752431169547,-0.7571670759390412,-0.1851063442345393,-0.32759225534552566,0.6464275242213509
2023-10-08 12:25:00,-0.08839435484432624,-0.8314736039621153,-0.1892293448638901,-0.1763407253118078,0.5607593475262366
2023-10-08 12:30:00,-0.17617724332235787,2.4522604597131292,0.1733413355087631,-0.19292005300132026,1.2030809519561405
2023-10-08 12:35:00,-0.22301602762691555,0.2744184562874506,-0.17482452427832876,0.009863007784072186,0.6804781325026351
2023-10-08 12:40:00,-0.23526276041583993,9.138362177392954,-0.17304202796604445,0.0807230806946173,1.8753076008505702
2023-10-08 12:45:00,0.23800830634019188,-0.7026821011252414,-0.19238647961642721,-0.4657600761925558,2.507719279386153
2023-10-08 12:50:00,0.22694689476379032,-1.0501901759688288,-0.19220412018054167,-0.44568281521337777,0.7627552854104864
2023-10-08 12:55:00,0.22211405524420727,-1.458695931156116,-0.1911645449173856,-0.3819249247161837,0.4947278167328048
2023-10-08 13:00:00,0.08909262591503037,-1.11359661368705,-0.26037285794526244,-0.2783194431833197,0.43541100904452945
2023-10-08 13:05:00,0.09392621361008886,-0.09121888615184084,-0.1897401903958811,-0.3715820782531872,0.5225499571838129
2023-10-08 13:10:00,0.09387015586909993,-0.35834703596506823,-0.18962958647312192,-0.39194207322099245,0.3495228337550765
2023-10-08 13:15:00,-0.16426458565208416,0.8325340077745911,-0.19273177934096486,-0.3132132104825295,0.38409954231329413
2023-10-08 13:20:00,-0.12616520658869954,2.8281941346877586,-0.20500337791822246,-0.30968934188586017,2.15046969909938
2023-10-08 13:25:00,-0.09329930902823436,4.006918242177671,-0.2098926903321341,-0.4380704153010369,5.302261986444276
2023-10-08 13:30:00,-0.6299569837053263,3.4188599525137264,-0.9029752199511959,-0.06854592817786241,3.7468630446596984
2023-10-08 13:35:00,-0.6154760654262593,2.752503212465374,-0.1981553404748076,-0.2926278487712286,3.862693768323036
2023-10-08 13:40:00,-0.6756409165737646,3.5048675001493637,-0.17988351173437428,-0.004003378666880592,2.9101991032906307
2023-10-08 13:45:00,-0.4379101849956823,5.709350092736266,-0.21083969818932508,-0.38461410434526144,2.469185852836461
2023-10-08 13:50:00,-0.4630345077804774,6.042937402508139,-0.2034115161931348,-0.21867839321576946,2.162543392339062
2023-10-08 13:55:00,-0.44080492789864434,3.0814350659544023,-0.20710269661995342,-0.36316196913012516,2.955317787191347
2023-10-08 14:00:00,-0.11325535205316811,3.617210816119094,-0.20842640926154848,-0.15498391209272555,2.8202552047405822
2023-10-08 14:05:00,-0.13062147733851107,5.55438718422729,-0.20108901855894074,-0.09806490416807448,3.1023934260695354
2023-10-08 14:10:00,-0.10657714916592476,3.092182741280143,-0.2100256463047027,-0.34582828862105885,1.7871482132870251
2023-10-08 14:15:00,-0.18440120491185252,-0.20413483115577558,-0.19868632759032182,-0.25191249053004067,0.8956700421642522
2023-10-08 14:20:00,-0.25133744190272306,3.525741924622446,-0.1772111042169067,0.14354981182922485,1.3353187229816526
2023-10-08 14:25:00,-0.23310757374032987,4.223245376480227,-0.17784186620993644,-0.004685452492698907,3.335408868251243
2023-10-08 14:30:00,-0.5460584929635731,2.9007021696481505,0.0100569718421621,0.3078428194766994,7.255031759338399
2023-10-08 14:35:00,-0.47365260382690494,0.9449517000180796,-0.19864070005603382,-0.3422710978967372,4.725608229289382
2023-10-08 14:40:00,-0.4975197527724272,2.0028315362405675,-0.19626857993827246,-0.3903568889584201,1.844977184489656
2023-10-08 14:45:00,-0.6709481409708373,1.4733852772202347,-0.1967514573270707,-0.3548409580640869,1.2816963799088659
2023-10-08 14:50:00,-0.6966767651637372,0.6331070355615425,-0.18743942736143457,-0.30605201857470066,0.8389208570159822
2023-10-08 14:55:00,-0.6873188566920801,0.3311367288996746,-0.18929749109269908,-0.4188839099104721,1.0290641336437343
2023-10-08 15:00:00,0.00465215141702039,-0.16540733310531286,0.0832377483972402,-0.3803315312723287,0.2906555181591581
2023-10-08 15:05:00,0.004686165738616487,-0.07463770346294347,-0.19273376661554384,-0.4446082036207775,0.08737256481361895
2023-10-08 15:10:00,0.0048676049743896,-0.2951201083179456,-0.19173757090271445,-0.5400625606697862,-0.03362582395317722
2023-10-08 15:15:00,-0.5054231010388216,-0.7965465201501771,-0.18843934829316808,-0.5223444022930442,-0.10162607319876815
2023-10-08 15:20:00,-0.49765404070919633,-0.9346805647870517,-0.191185910391116,-0.5552355837899844,-0.0834837234735958
2023-10-08 15:25:00,-0.5006080651269672,-1.1864132660819358,-0.1899672481485002,-0.5417893324997298,-0.09889913542968978
2023-10-08 15:30:00,-0.7119171117990146,-1.1223024140506817,0.2804112813616058,-0.37985029953319005,-0.1274158164641064
2023-10-08 15:35:00,-0.7097883612190126,-0.7366403915458949,-0.1886912434405064,-0.4061348262364889,-0.18242951325245643
2023-10-08 15:40:00,-0.7105813560966183,-0.7130544150289712,-0.18877131902052116,-0.39104069261980484,-0.275530324802424
2023-10-08 15:45:00,-0.7313639609691538,-0.8217454531041042,-0.19388859737652925,-0.4475984210487567,-0.227413564976601
2023-10-08 15:50:00,-0.7264828706972689,-1.1138143461047887,-0.1952436659841596,-0.4647418837510942,-0.11843795797245814
2023-10-08 15:55:00,-0.7253689431863689,-1.1827418302271993,-0.1944642323815686,-0.5737635031401616,-0.21231631821334784
2023-10-08 16:00:00,-0.6624083021354815,-1.2632262723370027,0.781798904631268,-0.5224839982219199,-0.17727234384974275
2023-10-08 16:05:00,-0.659705992050773,-1.3341649948870422,-0.19418508261638337,-0.41024072091968217,-0.2946520568132985
2023-10-08 16:10:00,-0.6570401434520069,-1.2481887543878603,-0.19479147137347466,-0.4306465016711275,-0.22670576978103008
2023-10-08 16:15:00,-0.34569921908813583,-1.111158540940969,-0.1959639116216238,-0.43924323320835934,-0.23524414002031452
2023-10-08 16:20:00,-0.3440753367040124,-1.0400857144116484,-0.19667436388013979,-0.4280599784627033,-0.16753834508462528
2023-10-08 16:25:00,-0.3453340094410657,-1.0354185079257299,-0.19639761900395536,-0.41539972723440916,-0.22125807799932928
2023-10-08 16:30:00,-0.26864863827567165,-0.8538768893065741,-0.6035184912537711,-0.4373980309461094,-0.16019725541709534
2023-10-08 16:35:00,-0.25861319204056904,-0.7079207330651476,-0.2022265769831783,-0.530951506880783,-0.1850011660156375
2023-10-08 16:40:00,-0.26973163124776306,-1.0274261256860744,-0.19808276432615946,-0.46861627252469135,-0.15250474882914794
2023-10-08 16:45:00,-0.17940304566098528,-1.1750373204799327,-0.19808700362600368,-0.4381765867333745,-0.20051780635229532
2023-10-08 16:50:00,-0.17794124470565545,-1.010940181876915,-0.19838613610425476,-0.47717598790779375,-0.2529753824257276
2023-10-08 16:55:00,-0.1622242974805163,-0.7492330189487366,-0.20451416181170282,-0.5207428212344499,-0.18912891177520913
2023-10-08 17:00:00,-0.45012568197796765,-0.7552521453504755,-0.3288664397568037,-0.4959281564862092,-0.2950128071469476
2023-10-08 17:05:00,-0.4415228041405974,-0.43528864075909623,-0.20504014359387482,-0.42884760427555657,-0.3408829387105934
2023-10-08 17:10:00,-0.4362723032884772,0.4747710771001582,-0.2079441627114298,-0.3962168966645886,-0.22959413346519172
2023-10-08 17:15:00,-0.40842364585921814,0.44901180840944677,-0.2112920896814573,-0.4316030626530592,-0.22557448957250392
2023-10-08 17:20:00,-0.3981632570486643,0.2562883232523385,-0.21459424983931003,-0.4936183413939743,-0.20618366270006838
2023-10-08 17:25:00,-0.3910214309131914,0.3695595312825159,-0.21698103907982336,-0.5402188594004641,-0.21497454711337682
2023-10-08 17:30:00,0.41538711129782246,0.773451587999772,0.6649869048151563,-0.6149623842141679,-0.15475186433383348
2023-10-08 17:35:00,0.4208394132352528,1.2899979713007614,-0.2403460274047253,-0.3441578150328584,-0.10229376435881213
2023-10-08 17:40:00,0.36112838803292086,1.2753386886736795,-0.21983881332267433,-0.044572318879669934,-0.14018384807222908
2023-10-08 17:45:00,-0.05152081313820618,0.11655913263551516,-0.2207899855100714,-0.29645662399382455,-0.2609635509186791
2023-10-08 17:50:00,-0.06120498951786816,0.6263109497747679,-0.21676645647468493,-0.4244595469042072,-0.28275358359966685
2023-10-08 17:55:00,-0.09435484997411023,2.280516039314215,-0.20353164971204743,-0.5003705311529976,-0.06747595304262878
2023-10-08 18:00:00,-0.3700955031851738,1.2255992274160605,6.724959148740067,-0.8955359334804102,-0.5598735275768932
2023-10-08 18:05:00,-0.39997533976013316,-0.7781461076714837,-0.1978737420443006,-0.4771364664989396,-0.23584951453466316
2023-10-08 18:10:00,-0.406194451497014,-0.23957150786498219,-0.19591945770395905,-0.4585823414848543,-0.31898979076637557
2023-10-08 18:15:00,-0.46482183050170756,-0.23790985612823012,-0.19065431418164624,-0.3631785627679783,-0.3747746608424582
2023-10-08 18:20:00,-0.42535254280665924,-0.13589105733601062,-0.20607408013973638,-0.4397522805304683,-0.42716448896925313
2023-10-08 18:25:00,-0.40166038981098073,0.4740331471552867,-0.21453489905100964,-0.556930141395503,-0.2789270746005941
2023-10-08 18:30:00,-0.057065842744099204,-0.1757433147695996,0.01481327726480685,-0.3388487208510437,-0.3025931843284865
2023-10-08 18:35:00,-0.04644952051416119,3.8341584573128955,-0.218649317527872,0.18487921210072034,-0.038458247768445454
2023-10-08 18:40:00,-0.048918791795524844,2.0072354056391255,-0.2181582792933091,0.5500381074081923,0.1892613139534567
2023-10-08 18:45:00,-0.050455698013595146,3.777904258405255,-0.2316646447626784,1.5903186703943046,0.39572836752664026
2023-10-08 18:50:00,-0.032365208283201254,2.3077582647914427,-0.2342756276100842,4.56923985973248,0.6947952327968225
2023-10-08 18:55:00,-0.07297178186716004,0.09162945698842878,-0.216622979853443,2.678520769767772,0.27438088215318734
2023-10-08 19:00:00,0.10055419362792258,2.1910479351751797,-0.2493298155415117,0.38518983134303114,0.8638687084946074
2023-10-08 19:05:00,0.09526177022040952,2.1659744998131014,-0.21773355009174114,0.3382267757963513,1.3833967005972734
2023-10-08 19:10:00,0.08631139147164518,0.20944145648835202,-0.21463126695044035,0.8985725497383352,0.33701845182086937
2023-10-08 19:15:00,0.7109273904866589,0.21051160495750143,-0.21249892031423925,0.6632425519722264,0.36325293495957406
2023-10-08 19:20:00,0.7246382006591453,3.4730979621159,-0.218908295851155,-0.07959525745927003,0.4569811101821695
2023-10-08 19:25:00,0.7364625771735879,3.330457319301607,-0.22356248701478382,-0.03488668335495409,0.46604562971813457
2023-10-08 19:30:00,1.2554239392793702,4.889988194591184,2.61781153907644,0.03966305701257813,0.6179036923048402
2023-10-08 19:35:00,1.2528414917963284,4.7608225957836625,-0.2155929161517701,0.8435661510741451,0.7946770525236487
2023-10-08 19:40:00,1.2822275733326762,4.188673830017185,-0.2264528662559155,0.34900544886109086,1.2179231755969466
2023-10-08 19:45:00,0.7793339683977312,3.9647131666803412,-0.23326846904118945,0.11866532067138388,1.3719681904934353
2023-10-08 19:50:00,0.7730010670840055,2.269601909965792,-0.2359280979308043,0.6134716221720303,0.9231901638264722
2023-10-08 19:55:00,0.7444910423490675,1.2000939722084998,-0.23110475837909136,5.875952696468676,0.6436592941849033
2023-10-08 20:00:00,0.9453619215210167,-0.04428270415452541,0.5314557555917975,4.567835744272947,0.4441624113554343
2023-10-08 20:05:00,0.9325917928750509,-0.5813508129104662,-0.2119820676361078,3.9848052317587896,0.3518459376185752
2023-10-08 20:10:00,0.9371709850236872,-0.3459343320515861,-0.21159829140354125,2.905197582252701,0.23154869591541055
2023-10-08 20:15:00,1.215868583631431,-0.7403663938554678,-0.2053611221429927,2.219703353911376,0.16417486211574506
2023-10-08 20:20:00,1.2042641217779677,-0.9589825146091558,-0.19844988821561516,1.2138838501330442,0.04627772810310536
2023-10-08 20:25:00,1.186683817906533,1.5668388745009754,-0.19552380492089597,0.8832398473330773,0.030828430818614076
2023-10-08 20:30:00,1.5695643343800922,9.304374685709304,3.868550440149762,0.3061702539206077,0.5874379521839298
2023-10-08 20:35:00,1.5769741472080891,-0.23624708161267224,-0.19781946828815694,-0.18831737585863947,0.6262047353965932
2023-10-08 20:40:00,1.5768010073069365,-1.0663376570687275,-0.1964216717368524,-0.22749757807036447,0.5583023431859144
2023-10-08 20:45:00,1.577540398260003,-0.8274249795794921,-0.1980868096434513,0.01913007287741531,0.43276826828897
2023-10-08 20:50:00,1.5901936200048237,-0.7651899965194408,-0.2120221009989824,2.6466620322453145,0.3128870135775518
2023-10-08 20:55:00,1.5876112230295154,-1.0479365213933072,-0.21321490217142078,1.9587835129005073,0.21990845449799246
2023-10-08 21:00:00,1.6919771881277483,-1.1472485728240214,1.1599219835228949,1.0769689777396376,0.13366321816958343
2023-10-08 21:05:00,1.6906963074686812,-1.1238119211466695,-0.19284113800502362,0.07103381045652532,0.07748486435498726
2023-10-08 21:10:00,1.6986032358642578,-0.9181673124521289,-0.19486961103446868,-0.07195823319458032,0.0014778433899260205
2023-10-08 21:15:00,1.5879605318359422,-0.7123697180874847,-0.2025474883375214,0.3440746888078043,0.028626062761709425
2023-10-08 21:20:00,1.5990828456419426,-0.3037572174771899,-0.20777662535856742,2.939971057804536,0.07974179178962228
2023-10-08 21:25:00,1.6032270321969073,-0.4558883770693094,-0.21067339792666553,1.807898910847541,-0.015591936123088835
2023-10-08 21:30:00,1.5139722437748857,-0.7703454272846622,-0.19958291479836562,0.16257741820562258,-0.09890273617713784
2023-10-08 21:35:00,1.5172448458501826,-0.7710342304411577,-0.20304112161898544,1.4142244283727032,-0.14221791352787633
2023-10-08 21:40:00,1.509873604646342,-0.9214577096799764,-0.19912971624455714,1.4342925245153695,-0.17384310475300505
2023-10-08 21:45:00,1.4718995516872593,-0.9611520928738582,-0.19086882621437906,0.2185533404826366,-0.352422413936853
2023-10-08 21:50:00,1.4821949383193427,-0.7488245310483327,-0.19608399307596164,-0.056133656590004924,-0.29632411376043427
2023-10-08 21:55:00,1.4814885433019318,-0.7761713100741613,-0.19646824457476453,0.01243226361187119,-0.2824750886977863
2023-10-08 22:00:00,1.5087458452958713,-1.0334131175349957,1.2798246209031068,1.7623216993323099,-0.18229911681728747
2023-10-08 22:05:00,1.5192187991193171,-1.1084363141320281,-0.20110417780407666,4.046133514691015,-0.27611515399032893
2023-10-08 22:10:00,1.5555688342209006,0.5421816245738442,-0.21634657087816597,2.724732254748249,-0.21709142241304538
2023-10-08 22:15:00,2.4038223042030245,1.946260802260125,-0.23063094826369754,1.2997343603615203,-0.17547459339435884
2023-10-08 22:20:00,2.370756451082116,0.43435517455167794,-0.21549320973837846,1.4237723096318464,-0.198704067334209
2023-10-08 22:25:00,2.3575463826787786,-0.05898530908211147,-0.20944242580505862,1.2727164609652626,-0.2111741796899843
2023-10-08 22:30:00,1.9410136342743847,0.6190645017111335,1.9523334224529978,1.0472723522985048,-0.2235250572682827
2023-10-08 22:35:00,1.9167795877343723,-0.13519592301831862,-0.1950361154926846,0.9647720452618066,-0.2782388027845338
2023-10-08 22:40:00,1.9003764176690041,-0.5338505310620906,-0.19090997676111704,0.7751073361118263,-0.293519610198487
2023-10-08 22:45:00,2.0159591463466966,-0.5680972555773812,-0.1895560429284806,-0.013983608318768555,-0.32992270439758625
2023-10-08 22:50:00,2.009892463483207,-0.7234832120002536,-0.18718915842024683,0.23629339205783528,-0.4230854925986877
2023-10-08 22:55:00,2.0182686745752405,-0.6526977525663644,-0.19012115390433232,-0.003390654083984028,-0.43420751174398586
2023-10-08 23:00:00,3.6742425668537337,-0.6439557740831735,2.8088680038650677,0.03149677829878208,-0.4731585795896873
2023-10-08 23:05:00,3.693682261893812,-0.16698583605117862,-0.17300050687463348,-0.10125384544332267,-0.5165355848112353
2023-10-08 23:10:00,3.7025699019549876,-0.14410707467612086,-0.17610254289488544,-0.10179767560263632,-0.5366570178277209
2023-10-08 23:15:00,3.1999772572981677,-0.29353680338081184,-0.19506373918072117,-0.18552248120049147,-0.4381889199962599
2023-10-08 23:20:00,3.196943854197458,-0.3955451264930221,-0.19704600301741118,0.2605571440337231,-0.5126265072413323
2023-10-08 23:25:00,3.1873088623024315,-0.6452573686120997,-0.19509790645043532,0.8673152300314645,-0.40377625719971194
2023-10-08 23:30:00,2.9819828336025136,-1.0567072617760944,2.394106322128019,0.7017723325039483,-0.3905744665440355
2023-10-08 23:35:00,2.9670149283149687,-1.08510979978906,-0.17272038367805748,0.30212108232573526,-0.4381628791910039
2023-10-08 23:40:00,2.9629536700783743,-1.1470793960552095,-0.1713038912035437,0.2492802608627313,-0.38899964916441576
2023-10-08 23:45:00,2.677249780712606,-1.1758719863387768,-0.16921673476616564,0.3074481642039966,-0.4727987920162001
2023-10-08 23:50:00,2.6735076422664705,-1.0884872329050497,-0.1669476717061633,0.0998521417595379,-0.452311185712969
2023-10-08 23:55:00,2.6731227354923326,-1.2829438918840737,-0.16683144688635926,0.02049677369489619,-0.48059795825917284
2023-10-09 00:00:00,2.663849450621908,-0.6075198800545747,2.615810253429673,-0.18723779419051115,-0.33969533884230835
2023-10-09 00:15:00,1.5549374223105732,-1.4117995253924445,-0.17172314766758925,0.019352403016233765,-0.4820234717804142
2023-10-09 00:20:00,1.5490618825201603,-1.62124454247431,-0.1689775381741953,-0.044847612466882555,-0.47425959694148484
2023-10-09 00:25:00,1.5536868549858625,-1.6516663371227145,-0.17103830416785348,-0.12154287754697957,-0.4722364793994995
2023-10-09 00:30:00,1.380792953443681,-1.4903180480286184,1.9921422657195107,-0.13053416991397251,-0.24398589976295756
2023-10-09 00:35:00,1.391617134620708,-1.1219375951420842,-0.17938331318032363,-0.21619146969110195,-0.4189728164642701
2023-10-09 00:40:00,1.3875682678326782,-1.2099671802755427,-0.17772448174135214,-0.21929956151232136,-0.4617746463852209
2023-10-09 00:45:00,1.3629445234056279,-1.3543941088122307,-0.17272238388974848,-0.25465765153953723,-0.41492622122507383
2023-10-09 00:50:00,1.361330564287464,-1.4500788690335056,-0.17249112095428948,-0.20402591838856451,-0.4816056321010144
2023-10-09 00:55:00,1.3582684849589242,-1.4149877603088434,-0.17110336283947572,-0.18477860866488563,-0.37743949968370566
2023-10-09 01:00:00,1.5660233879073704,-1.4905312081410123,0.58097219078687,-0.17321808691804436,-0.42471320210650826
2023-10-09 01:05:00,1.566787313884935,-1.5105146256725925,-0.17325292856306115,-0.09349271613059487,-0.4588929894137078
2023-10-09 01:10:00,1.5672694061276173,-1.4746570325917268,-0.17404302060589194,-0.07845165122126495,-0.47151278928666907
2023-10-09 01:15:00,1.2245068726292605,-1.4970626340551763,-0.1719921917494176,-0.06927565500535414,-0.4749537874730222
2023-10-09 01:20:00,1.2266961833962344,-1.5076685258386495,-0.1722741875174453,-0.08973654928846783,-0.4604851261479176
2023-10-09 01:25:00,1.2231052955557298,-1.5156636046331142,-0.17055427612978075,0.3838672442665008,-0.4287753191002399
2023-10-09 01:30:00,1.5115456415039916,-1.5691758787754209,0.3384738582086929,-0.18373206059532995,-0.318869897788927
2023-10-09 01:35:00,1.5140758457671455,-1.511930903647042,-0.17784540550774683,-0.28348273546364183,-0.4163448302886313
2023-10-09 01:40:00,1.508639564182922,-1.4877282951046644,-0.17705594890564696,1.0009864707637317,-0.49183126633982693
2023-10-09 01:45:00,1.4898975840726763,-1.404563704988071,-0.17868862942416167,1.745088507042205,-0.4490420614767192
2023-10-09 01:50:00,1.5013002156888489,-1.0204154416958091,-0.1817720105670202,0.8666319519591836,-0.36218251696017884
2023-10-09 01:55:00,1.4975479851730698,-1.0962481363083005,-0.1810506547291374,1.1073946338251826,-0.38748800425487695
2023-10-09 02:00:00,1.4894380752554683,-1.4562474130357101,0.9029613201940601,1.3160568192216953,-0.3883596137504678
2023-10-09 02:05:00,1.4846747818111439,-1.454852074044863,-0.17679139815116965,2.7772576872544854,-0.41311573687871095
2023-10-09 02:10:00,1.4913452565172531,-1.4062069550813054,-0.19003238303127432,4.300956403341425,-0.48915450936567867
2023-10-09 02:15:00,1.5572276766571451,-1.5335422657029811,-0.2105150240924585,5.3474221052073885,-0.3647836926762268
2023-10-09 02:20:00,1.5629704933344974,-1.5352165033447724,-0.2246912675628181,8.582354163801572,-0.32061495234057574
2023-10-09 02:25:00,1.5494390314615316,-1.5372457700363393,-0.20395933210057712,6.782920763092828,-0.33352081347087414
2023-10-09 02:30:00,1.3203402936260478,-1.5714820550301554,1.3057961429065241,3.9410726923780492,-0.32212417479879385
2023-10-09 02:35:00,1.326988533782746,-1.6064846971876434,-0.18571121808850935,3.8221693335949314,-0.5101989587414938
2023-10-09 02:40:00,1.325189309447658,-1.7010430660417535,-0.18343433384142413,4.471924785983634,-0.447901268788062
2023-10-09 02:45:00,1.3996848248182276,-1.72085736127834,-0.17214077798463773,2.8783830730221887,-0.5511353312550015
2023-10-09 02:50:00,1.3924473067415541,-1.637272329852427,-0.16512084019475812,1.551621193780045,-0.4720974037148977
2023-10-09 02:55:00,1.3883272967479214,-1.612517989139457,-0.16466626131033202,1.6357188395907167,-0.4868881045736459
2023-10-09 03:00:00,1.5181173565219361,-1.8281697661977858,5.7779532918926275,1.83434363423334,-0.2581498132243697
2023-10-09 03:05:00,1.5466020652237396,-1.6925522693259742,-0.1741183739567007,1.2547928299129596,-0.43212632940200735
2023-10-09 03:10:00,1.5538261147967598,-1.6128111732321018,-0.17789945130918117,1.4355885205076724,-0.423885339784358
2023-10-09 03:15:00,1.7036763738841667,-1.6366104007103468,-0.1884723979172841,2.992743585079279,-0.4451386554340744
2023-10-09 03:20:00,1.7000090471034492,-1.6510756988883097,-0.19268930628570652,5.0628855350104125,-0.34743521123774357
2023-10-09 03:25:00,1.6985698581796402,-1.5854974622610392,-0.19565707983459962,3.7125525303997042,-0.37060474716549435
2023-10-09 03:30:00,1.8352084966989999,-1.5961009084821096,1.688039442687146,9.888470723770517,-0.16227297339139016
2023-10-09 03:35:00,1.8461078371186825,-1.5920301203485407,-0.21224031754948372,6.836773501994785,-0.30379337384451255
2023-10-09 03:40:00,1.8407563143566716,-1.6753427296236512,-0.2110695546190128,5.448120943669011,-0.3570651210170249
2023-10-09 03:45:00,1.7400794789290668,-1.7565082710426416,-0.21212400379529858,12.58451717739536,-0.376802432151143
2023-10-09 03:50:00,1.7361495255503496,-1.652574203885399,-0.21424457079529352,7.864136223292125,-0.3776814305308707
2023-10-09 03:55:00,1.723625486221324,-1.6973148392371387,-0.19548002328260836,5.157520629806883,-0.5108271139817508
2023-10-09 04:00:00,1.6869670679113482,-1.7428971597783953,3.648110230296593,4.0315944421427305,-0.40031057098359624
2023-10-09 04:05:00,1.7157056024451112,-1.487658030530852,-0.19768400774489475,3.947298128382823,-0.5173788930806761
2023-10-09 04:10:00,1.7076315261995416,-1.3468481879654632,-0.18327341653418927,1.5939190577108857,-0.49557218108477713
2023-10-09 04:15:00,1.9216520145788538,-1.3083970596768237,-0.16968198260569345,0.7507595409618343,-0.44061558476003915
2023-10-09 04:20:00,1.9206106303505415,-1.6039077743278767,-0.17510537318754038,1.0670327409028353,-0.7229009204290283
2023-10-09 04:25:00,1.9234186628155,-1.7542701534586447,-0.1742759807759832,2.6477868955645496,-0.6950370857798562
2023-10-09 04:30:00,1.6241631562819032,-1.8979818735710299,4.510193114081067,1.1370635068023691,-0.42993820187043585
2023-10-09 04:35:00,1.6544753389015103,-1.6406558693864666,-0.16510316714744946,0.4352536150159395,-0.6194979491812125
2023-10-09 04:40:00,1.6528918416510703,-1.4826073868644085,-0.16472524365086613,0.26814507743295407,-0.6099727781519408
2023-10-09 04:45:00,1.8801019118899793,-1.5460997225777247,-0.1645859601684243,0.048203949724784007,-0.6214503313436158
2023-10-09 04:50:00,1.8822359115376164,-1.5360642278732008,-0.16526660543246025,0.18274349146724292,-0.5911998226900763
2023-10-09 04:55:00,1.8886314296627555,-1.3779494854301926,-0.16811668989115053,0.05236261724056834,-0.5620994816909505
2023-10-09 05:00:00,2.113737297627415,-1.32325335435264,-0.16560477880733307,0.053362114176810166,-0.6214422735563219
2023-10-09 05:05:00,2.1236336202088713,-1.0539835374211437,-0.17081811875098651,0.05351491514281398,-0.6140616579656495
2023-10-09 05:10:00,2.128063374529631,-0.8466392887977304,-0.17309919136946658,0.1592897076329205,-0.6089304910127955
2023-10-09 05:15:00,2.277794737067388,-0.148507620677947,-0.17762976713324047,0.40974634553300693,-0.5589172573478337
2023-10-09 05:20:00,2.2900577829967896,-0.5019274633006553,-0.18061679347454154,-0.1884990768073575,-0.7143072568425014
2023-10-09 05:25:00,2.2848671551135395,-0.777522962870446,-0.17761961497244302,-0.07871067743399585,-0.716509635055855
2023-10-09 05:30:00,2.0583452340015596,-0.5518244962714266,1.4923865999525514,0.44663927499151246,-0.4116255388707246
2023-10-09 05:35:00,2.0645475394096655,-0.8405100125027981,-0.17625979863606686,0.17786723054196718,-0.4698510229401691
2023-10-09 05:40:00,2.0689961780513135,-0.8231393859583995,-0.17774836091905466,0.4853933419175402,-0.5013302549107143
2023-10-09 05:45:00,2.367756184601168,-0.6566244158396618,-0.18692912479328377,0.5776401964712156,-0.47082375662748105
2023-10-09 05:50:00,2.375509625006393,-0.363469688129994,-0.19344006922316415,0.9449671632591842,-0.5383905310775469
2023-10-09 05:55:00,2.3775708909369855,-0.15337129301793465,-0.19446266065592596,1.807206784688893,-0.5490041020480063
2023-10-09 06:00:00,2.3093183732634257,-0.3477940595555728,1.265855931705097,0.21236788715792457,-0.37834172276045935
2023-10-09 06:05:00,2.3311018724068764,0.5787781658120669,-0.1977897626125271,-0.2453668494943259,-0.41944167350683265
2023-10-09 06:10:00,2.3524935385997736,0.9483492209120037,-0.20547407309816212,-0.3752242680156378,-0.35287474255267287
2023-10-09 06:15:00,2.7587014320642456,0.9955290420429039,-0.21398433739805972,-0.36117170542605453,-0.4803749931761851
2023-10-09 06:20:00,2.7442504785760446,1.1518374892492655,-0.20994200281415726,-0.09486985238599228,-0.4199485257860008
2023-10-09 06:25:00,2.7325226311609376,0.7741474312443278,-0.2055778821295952,-0.14818332778148846,-0.5091088145511042
2023-10-09 06:30:00,3.0509462283901274,0.23307306471618344,4.442443505845733,-0.04944943088999131,-0.4051505808607673
2023-10-09 06:35:00,3.0427692675461895,0.9564675514931934,-0.2036165352880313,-0.0019774168176749838,-0.44775985258412565
2023-10-09 06:40:00,3.0446214746582454,1.3597036919788776,-0.20230934947446283,-0.28182010470250546,-0.4506377753320374
2023-10-09 06:45:00,2.5366361281125855,1.7507342562602954,-0.19535222126640228,-0.1711759463219061,-0.5536296822592427
2023-10-09 06:50:00,2.527768543515217,2.6889756603273476,-0.1930306291584395,-0.13764545288793958,-0.4127502942775061
2023-10-09 06:55:00,2.513257211910655,3.0857072669885492,-0.18880923760756735,-0.0692619254732461,-0.4348668387056716
2023-10-09 07:00:00,3.347340711985539,3.714690318238605,6.1419634279367905,-0.10285116248480403,-0.22413145268249973
2023-10-09 07:05:00,3.3469178299187794,3.8292674993058253,-0.19234914811878617,-0.012186338402882057,-0.20195404435740352
2023-10-09 07:10:00,3.375311276149803,3.654731510130749,-0.20275049680113208,-0.14692657264072764,-0.2634787268924698
2023-10-09 07:15:00,3.0447925717175526,4.240211828956099,-0.18385779491003587,-0.030083246062308253,-0.4107249311744978
2023-10-09 07:20:00,3.023186400501575,4.073765771420723,-0.17601790737294945,0.11164486657422343,-0.3710659818384878
2023-10-09 07:25:00,2.9828661262944345,4.462396381706995,-0.1619666698650383,0.257401265848205,-0.4236708081414191
2023-10-09 07:30:00,4.185743336120519,4.036551716712086,6.116671309473316,-0.04202219357131069,-0.09847799785020589
2023-10-09 07:35:00,4.193861398186569,3.8150285212396224,-0.1840757588820645,-0.03230478783763751,-0.20827827861457246
2023-10-09 07:40:00,4.215321199629365,3.3107319394974244,-0.194017237603206,0.051428838656213754,-0.20526717497568123
2023-10-09 07:45:00,3.7451964123497157,7.905262449026305,-0.1278219512613411,0.7696324175725215,0.07510893774066103
2023-10-09 07:50:00,3.870635097550858,5.9156168099958295,-0.17228292386684643,0.23672437745622663,-0.05772039528351651
2023-10-09 07:55:00,3.897586118930117,4.9182428148914745,-0.18065303532779825,0.027168921475189477,-0.18859121442444515
2023-10-09 08:00:00,4.403665983530316,3.812490399413747,10.992808269404817,-0.3932906088936916,-0.26197113022191476
2023-10-09 08:05:00,4.397651023150773,2.404310584299062,-0.20476221056008279,-0.3410536046149659,-0.20668096190925603
2023-10-09 08:10:00,4.409425380019157,2.103555365794239,-0.2090703769573093,-0.38740681294654916,-0.278791254144677
2023-10-09 08:15:00,4.073365410843554,1.2900122427157443,-0.2033995742594943,-0.3993997628158504,-0.3875937145761753
2023-10-09 08:20:00,4.061279861207598,0.7309665906251308,-0.1988866688966724,-0.31400752593920805,-0.4219196256307354
2023-10-09 08:25:00,4.043873202088499,0.5352941685434424,-0.19287898412237753,-0.09472296115885162,-0.44423667834692265
2023-10-09 08:30:00,4.0736296731020705,0.30147945757450095,12.055986440582581,-0.10289873488686249,-0.4312078926056842
2023-10-09 08:35:00,4.049514943390202,0.5747073111322835,-0.19005550481458203,0.01410825716305398,-0.4962122387846804
2023-10-09 08:40:00,4.060612672128933,0.3233892520450881,-0.19305966069042824,-0.22216351191891204,-0.5189003333535803
2023-10-09 08:45:00,3.113381104346361,-0.18695762317340808,-0.18240090668106987,-0.1826104719099301,-0.5347638194198776
2023-10-09 08:50:00,3.1210690594269876,0.11930265148297971,-0.19327876613321682,0.43489298075050853,-0.3995173998812179
2023-10-09 08:55:00,3.133692504033043,0.17562258068135972,-0.20500047940543012,0.9592070852350053,-0.3817426171531399
2023-10-09 09:00:00,3.292575298798069,-0.031152252145591634,3.1297289152433216,-0.11573864521659581,-0.37691966151552087
2023-10-09 09:05:00,3.3134070478378077,0.23698485967860025,-0.19083441341864807,-0.30167870404186364,-0.44955396742392556
2023-10-09 09:10:00,3.319490065067948,0.4936160496788353,-0.192335567860675,-0.3726088268329506,-0.3136440498177599
2023-10-09 09:15:00,3.663615155849087,0.7184961682754196,-0.19370975784997582,-0.2317687054564592,-0.43357225078620026
2023-10-09 09:20:00,3.654458919371389,0.7969653425976977,-0.19142481909570674,-0.11898084175546902,-0.37196715085563015
2023-10-09 09:25:00,3.6481344040948906,0.70527294177712,-0.1903599447238712,-0.003072800805717094,-0.42766595907196797
2023-10-09 09:30:00,4.966632094526732,0.4535530188023804,4.16867878432063,-0.07137499333814332,-0.42974875864489687
2023-10-09 09:35:00,4.968892843388534,0.46728405439359066,-0.19899117227631652,-0.22921524044076924,-0.43465957806173633
2023-10-09 09:40:00,4.963538363751835,0.3631647182004751,-0.19609546451866802,-0.2560854023004447,-0.3595799984602255
2023-10-09 09:45:00,4.752133396885535,0.20063859851665053,-0.195853249199165,-0.2817305336778606,-0.372158841705934
2023-10-09 09:50:00,4.746424665610042,0.23672340622433088,-0.19293316755354187,-0.3337164252123796,-0.37707670700488166
2023-10-09 09:55:00,4.744917797305576,0.4898552140978446,-0.19297063708609805,-0.2964908702433243,-0.3640387874472741
2023-10-09 10:00:00,4.412040490466423,0.259829512696486,5.104943446453501,-0.14843908403076625,-0.3900404098927107
2023-10-09 10:05:00,4.416390810031598,-0.20625348362933385,-0.185973530345013,-0.317160768317537,-0.5359656152909974
2023-10-09 10:10:00,4.400640214968464,-0.39667110740076295,-0.18011550677300223,-0.2269058143719473,-0.49298778704845514
2023-10-09 10:15:00,4.0918457671509385,-0.1358365277182648,-0.17416398779916867,-0.17722701188597956,-0.5173334421959106
2023-10-09 10:20:00,4.0970473469548,-0.08737232661417167,-0.17560249432752048,-0.22322749846435205,-0.3686185798361971
2023-10-09 10:25:00,4.10308322075956,-0.20513830362603672,-0.17744389508294234,-0.25067222694622204,-0.27215119964929707
2023-10-09 10:30:00,4.330352900695339,-0.11619369184267513,3.2822405115838826,-0.3036430603298669,-0.09811600704946155
2023-10-09 10:35:00,4.340501488522313,-0.4627606217829989,-0.1910336919504632,-0.346123205294339,-0.06850706441405244
2023-10-09 10:40:00,4.332101138767901,-0.5127377527715237,-0.187540843570017,-0.3328333763863809,0.005102434524084758
2023-10-09 10:45:00,4.235884886164442,-0.4949404788072469,-0.2046519871994218,-0.4335880215373232,0.096986778428018
2023-10-09 10:50:00,4.244399387076325,-0.5164419102194873,-0.20753015345265252,-0.475586688643433,0.12886341360015963
2023-10-09 10:55:00,4.236723291156186,-0.5373371259684686,-0.204550403626879,-0.4434185547274695,0.13710842321391803
2023-10-09 11:00:00,3.0079471474674837,-0.15737514472657393,1.190106965952292,-0.07161577271687199,0.040025779855176205
2023-10-09 11:05:00,3.022527829589003,-0.07991615070918316,-0.1739296474474961,-0.18552411462912718,-0.014765697011807868
2023-10-09 11:10:00,3.0442711382652106,-0.2577334033359213,-0.1822412612438885,-0.2530554034991887,-0.10642787325618405
2023-10-09 11:15:00,3.7382320950557935,-0.036915237078762944,-0.19115587707481146,-0.37364482518984365,0.04969422134500251
2023-10-09 11:20:00,3.7416663603978426,-0.3589304591844855,-0.19209037722454336,-0.4098379942560164,0.024737746925189086
2023-10-09 11:25:00,3.7519098545722747,-0.6610786900714596,-0.19640708060942805,-0.39323409536193554,-0.020931217600902184
2023-10-09 11:30:00,3.9818846017422334,-0.31732641753347135,1.1446487260607956,-0.36969394579801235,0.09329580567098
2023-10-09 11:35:00,3.9889110529306264,-0.2007834781137725,-0.20134333121993706,-0.4367373398205975,0.007867694870652645
2023-10-09 11:40:00,3.9956847995540943,-0.19734752930153038,-0.20400074618248623,-0.44807092437886914,0.039027674773053224
2023-10-09 11:45:00,4.228934062345989,-0.20399369019849756,-0.20812578054970104,-0.45485489418426067,0.0382142348283208
2023-10-09 11:50:00,4.223627078272859,-0.27498659859943564,-0.2059747016061043,-0.4555026279107101,0.021077610245774744
2023-10-09 11:55:00,4.219446526370713,-0.45884966076146727,-0.20402684124300022,-0.44964722223906534,0.08420410074149395
2023-10-09 12:00:00,4.387242720079538,-0.5703617881621901,-0.029811325831224103,-0.3493512334270275,0.021679237709877855
2023-10-09 12:05:00,4.3823491007545785,-0.5359640912041197,-0.19132281022234207,-0.3482192052336371,-0.1481857504678048
2023-10-09 12:10:00,4.375195773738183,-0.3081056304858513,-0.18799405395692137,-0.36332450496538266,-0.04738527617994856
2023-10-09 12:15:00,4.256853164040637,-0.1318221220406863,-0.1992910856265764,-0.3724708695257425,-0.09280614161617116
2023-10-09 12:20:00,4.2501884673004335,0.3028913318349248,-0.19702795846234447,-0.3634195542068843,-0.05726162566523076
2023-10-09 12:25:00,4.256599377620373,-0.03450258352104779,-0.19875752165761293,-0.41545090281559477,-0.04062862215364756
2023-10-09 12:30:00,2.8085348465199034,-0.5370722086167048,-0.1937490451527858,-0.4241296712296404,0.002761967755606784
2023-10-09 12:35:00,2.803593004710607,-0.6867716392219883,-0.19256051117568737,-0.37046899383368276,-0.11924355873044817
2023-10-09 12:40:00,2.806782242183475,-0.83395571513801,-0.19359676041435953,-0.36227830475564315,-0.011027239411023973
2023-10-09 12:45:00,2.9639216846280707,-0.7647927573393241,-0.2012022290815991,-0.4205488044223714,0.0917984261005785
2023-10-09 12:50:00,2.961595377036511,-0.5878596978229748,-0.20118325555496056,-0.34417280155895424,0.11805647721879184
2023-10-09 12:55:00,2.955495967517655,-0.12199805746255167,-0.19940885322313165,-0.2859121741932906,0.23430812856245256
2023-10-09 13:00:00,2.8992569852699885,-0.14053247407434055,0.270922973614047,-0.32474843308771917,0.2055301149718223
2023-10-09 13:05:00,2.8974306966352037,-0.7255480868632455,-0.1903082832963934,-0.31043378176885655,0.1278056479409667
2023-10-09 13:10:00,2.8996525219332767,-0.8536367388409895,-0.19087540204299716,-0.3354220185013624,0.10236494623613288
2023-10-09 13:15:00,2.0833492543915493,-0.8418296598551206,-0.19240887557838837,-0.3050096517033809,0.06139456578555798
2023-10-09 13:20:00,2.0875137452221093,-0.6726789327390017,-0.19352198097601406,-0.35050288144294495,0.13001448124715329
2023-10-09 13:25:00,2.089791023628145,-0.603185458052012,-0.19415477480144608,-0.37781700430175796,0.14450685693721038
2023-10-09 13:30:00,3.6966160964325967,-0.6881517233386133,-0.2089554483802385,-0.37259040697055956,0.18706859498573228
2023-10-09 13:40:00,3.7051210258134226,-0.8306036662100416,-0.19901271160282788,-0.427855432702017,0.098912707971148
2023-10-09 13:45:00,3.702173949399746,-0.6711759714049316,-0.1976810682733215,-0.4400180578143167,0.12324345820634243
2023-10-09 14:00:00,2.5374345132263367,-0.305178906275979,-0.22492090514649102,-0.2291949105383988,0.19065831064712094
2023-10-09 14:05:00,2.5459395058781475,-0.3023802229127688,-0.18302836761316782,-0.2791691185703897,0.03151700625265768
2023-10-09 14:10:00,2.5513526342718955,-0.20488368161922102,-0.1852712402137248,-0.28793094894849014,0.008866269909506824
2023-10-09 14:15:00,3.5135147882493496,-0.39293050508524907,-0.19852302522248402,-0.39608964770728405,0.17402982710792492
2023-10-09 14:20:00,3.517721186568703,-0.5492513742621452,-0.19993171983216756,-0.4117277007662218,0.18986677995744392
2023-10-09 14:25:00,3.5204561869084348,-0.5586794356720741,-0.20046901968522993,-0.4322135080999874,0.3238987082108361
2023-10-09 14:30:00,3.2917192742657857,-0.3536928451061721,0.9944464765840462,-0.3046492854655627,0.46551021897218775
2023-10-09 14:35:00,3.304242988886308,-0.2640283785744729,-0.1942298083191732,-0.36870064814969083,0.24326644866708574
2023-10-09 14:40:00,3.3078315577138957,-0.4413977145073489,-0.1955151839102285,-0.3813213122584317,0.20571958554331646
2023-10-09 14:45:00,3.525908052746724,-0.1471165550398585,-0.20034485594715126,-0.41316608697217183,0.22483819232467572
2023-10-09 14:50:00,3.5351881003989236,0.17435366977311892,-0.2039749122677869,-0.4267384723634719,0.2978046293228192
2023-10-09 14:55:00,3.532193346440955,0.4867517117341121,-0.2031536934782693,-0.3997145141012256,0.3626291306606033
2023-10-09 15:00:00,3.5152228744474012,0.3957775063182575,1.1873768798412547,-0.35291994756902983,-0.18086104474358705
2023-10-09 15:15:00,4.1195524177493885,0.16157852237409087,-0.20548605597179295,-0.5095776688427524,0.2387838681656502
2023-10-09 15:20:00,4.117603467497651,0.15558594855648902,-0.20517437521724638,-0.4744050184142857,0.22471573631725594
2023-10-09 15:25:00,4.114287182126032,0.11116162133561083,-0.20407599047220656,-0.4526607799450839,0.18292208152879955
2023-10-09 15:30:00,3.799252436165374,0.5451317858497561,1.2175898947328894,-0.40977829757525797,0.12738219184057117
2023-10-09 15:35:00,3.8108056273554873,0.94245520960475,-0.20648170401255728,-0.3867954151305545,0.18983740329415863
2023-10-09 15:40:00,3.8027869452780467,1.2574551722478113,-0.20336015280800865,-0.39621278019260575,0.2239749629637512
2023-10-09 15:45:00,4.074663768132369,0.8893496260797239,-0.21012684224534653,-0.4578806134227785,0.23584392966490558
2023-10-09 15:50:00,4.0954419937213045,0.6657083849388673,-0.2177943453729283,-0.49933081327565537,0.34251731832348287
2023-10-09 15:55:00,4.106626969359296,1.2108527978516481,-0.22172916563440634,-0.5472532899085758,0.4827135761102413
2023-10-09 16:00:00,4.05992394650182,1.0428566992740076,1.6259573928559552,-0.5335072205763368,0.47955257763885806
2023-10-09 16:05:00,4.043813193433346,0.9353775416823462,-0.20966022973911236,-0.4298336251337139,0.5429245231467429
2023-10-09 16:10:00,4.031594283399046,1.9911339770136576,-0.2064693420465805,-0.33082886900092917,0.5501151214748137
2023-10-09 16:15:00,4.404186229428288,0.8725391889010818,-0.22500231030743664,-0.42089119854322593,0.4384876646088853
2023-10-09 16:20:00,4.403941219236919,1.4597224189569262,-0.22591461555541142,-0.41254766859822634,0.4787734178621129
2023-10-09 16:25:00,4.389437107426793,2.5281130033097043,-0.21986674347935573,-0.44695058679498695,0.5615781542306468
2023-10-09 16:30:00,4.6267662030302645,1.5109322531629277,2.205603104134759,-0.5800385321826542,0.5479020459709484
2023-10-09 16:35:00,4.6275301292977655,1.587403943733272,-0.23184642502246613,-0.5161787286713353,0.5343936170801343
2023-10-09 16:40:00,4.624107128397391,1.7396463074266892,-0.23025894871574518,-0.0035493433315315352,0.5537654554538703
2023-10-09 16:45:00,4.5329417650192045,1.1721727235572217,-0.22919580562246722,-0.5214481846091459,0.38992945525692535
2023-10-09 16:50:00,4.518245891917823,1.0276561143924763,-0.22244542346694773,-0.5876499115132311,0.41786637360521534
2023-10-09 16:55:00,4.5158996730227186,0.7810762658008058,-0.22227877867153276,-0.5382239814584069,0.2710970588152043
2023-10-09 17:00:00,4.450895625943109,0.5697555655464749,5.802517288398258,-0.41749464355026566,0.15253472117121183
2023-10-09 17:05:00,4.431010169882379,0.6559026211454824,-0.2097722560182254,-0.22185744394230897,0.1664336621157758
2023-10-09 17:10:00,4.449691696938055,1.3739892511876246,-0.22442214989264808,0.8111600842825403,0.11815826112941695
2023-10-09 17:15:00,5.207661982571559,2.148140914093563,-0.2316236143035282,1.0305922135016778,0.02823572811459243
2023-10-09 17:20:00,5.2047499114283475,1.7320700439790837,-0.2304548685910224,2.0283614192835904,0.0024182647257984754
2023-10-09 17:25:00,5.075359438343292,4.337820572126968,-0.18829859641522578,3.5933608136710316,0.12345904832169219
2023-10-09 17:30:00,5.048299050968356,5.512562210412541,3.068748247121888,2.7947921424532294,0.19940015623683446
2023-10-09 17:35:00,5.206214980033553,2.427397029332211,-0.20839678796685485,1.7526209658126601,0.010545600110480344
2023-10-09 17:40:00,5.208021435284681,2.379102824592241,-0.21570737399074122,1.5602447281169443,-0.13698258412342998
2023-10-09 17:45:00,3.3620408964719353,1.7747516666353615,-0.20983433750884656,5.399515211273857,-0.18479647645180006
2023-10-09 17:50:00,3.363908534048688,2.180604583490857,-0.23361209751834444,7.247613411526913,-0.09954114846962916
2023-10-09 17:55:00,3.3839304667553787,2.043008658952937,-0.23222291880187132,5.523496034370752,-0.31235272577632006
2023-10-09 18:00:00,4.190629621548766,2.630917446605297,11.074750625850347,6.455348475140271,-0.40135509583364315
2023-10-09 18:05:00,4.125073392259473,2.950264840533184,-0.21007354406077783,6.760217351005313,-0.23904548005226922
2023-10-09 18:10:00,4.118204399194617,2.9023155749285348,-0.2026740805172159,7.205767204070698,-0.24995611468542273
2023-10-09 18:15:00,3.9333212913263553,4.234330139622267,-0.18128193340987073,8.468095082058978,-0.11930632742021403
2023-10-09 18:20:00,3.976347298048792,3.7676925819398757,-0.18042526023983266,6.9020062093107155,-0.2472011856674774
2023-10-09 18:25:00,4.006709215094735,2.911176734217802,-0.187667213691856,4.494804517791169,-0.3321454097212553
2023-10-09 18:30:00,3.8168479679083887,2.504666480445333,12.631500689259848,6.686138209493452,-0.20211966751638794
2023-10-09 18:35:00,3.832199759644885,2.460997366256644,-0.21643950173232118,7.510609457933361,-0.0658358970018131
2023-10-09 18:40:00,3.837239781049093,2.4375420731053175,-0.2265956692610443,11.374505601270464,0.05434437665077039
2023-10-09 18:45:00,3.696594006313945,2.817940860537341,-0.19391958812415155,11.028450321925806,-0.13489310957634557
2023-10-09 18:50:00,3.609420331024568,3.788600309015619,-0.15794701002061382,9.076878190245642,-0.0034736889857451495
2023-10-09 18:55:00,3.5406531447285245,4.548392354597575,-0.13124213445309754,8.712420378670947,-0.13744709937238975
2023-10-09 19:00:00,2.1494135949168003,4.248101153489714,13.35725185157789,7.9766378310872845,-0.09987156644231815
2023-10-09 19:05:00,2.185896719500561,4.128761693758894,-0.13684021543167252,5.310685181412726,-0.11244053835658407
2023-10-09 19:10:00,2.1854190226174266,3.5316723528223153,-0.1299941818397891,4.6995560375465875,-0.17644763937323923
2023-10-09 19:15:00,2.268593945024916,4.624627047760621,-0.11857839309388091,3.7086774359305466,-0.1638855712220028
2023-10-09 19:20:00,2.349998123790588,2.6944623073139917,-0.14898939396888863,3.285984096827723,-0.20712286940291294
2023-10-09 19:25:00,2.351895216736891,2.59068546806377,-0.14843515780473526,5.121208224724911,-0.2551102491035519
2023-10-09 19:30:00,2.3016645415281043,2.1716441079071838,22.25162241978234,5.618187825485936,-0.18560869354707643
2023-10-09 19:35:00,2.308327534944562,3.1404388300595927,-0.15598843325412232,4.5134155551659365,-0.10007648828639738
2023-10-09 19:40:00,2.254697058434297,3.916955363018168,-0.13478008744141765,4.73588185515965,-0.054651771810353196
2023-10-09 19:45:00,2.467757747307841,5.7507175768467444,-0.10419200744046192,5.683517916834232,-0.07007642563943513
2023-10-09 19:50:00,2.4908545321643505,5.4468926969705755,-0.11282753784598404,4.492776683889816,0.07220062396653569
2023-10-09 19:55:00,2.5318580953608016,4.258670795617213,-0.12588031436567337,6.8542708081692485,-0.03287010810841219
2023-10-09 20:00:00,2.5912221205577644,4.275546534242824,-0.12193259201760404,7.014609474148445,0.026479937786568146
2023-10-09 20:05:00,2.5826922693241423,4.331414099425398,-0.11696613398871447,6.940837615726994,-0.02052243520069373
2023-10-09 20:10:00,2.611704424318292,3.451945194634183,-0.1324105987343223,8.507333002514983,-0.014532446755520591
2023-10-09 20:15:00,2.288162840542708,3.411119832613515,-0.13918669311325216,7.711790883495231,-0.1369665508045357
2023-10-09 20:20:00,2.303449852265009,3.45156358310577,-0.14928637950860205,8.319001662004647,-0.15566527536192903
2023-10-09 20:25:00,2.295880021293154,3.5274467344719085,-0.14548074261811242,11.326014246113482,-0.05858357807518089
2023-10-09 20:30:00,3.0866916088761167,3.33176808018597,18.879195802738554,8.30930123121358,0.8488700910712333
2023-10-09 20:35:00,3.1680510590197013,3.886299332290479,-0.11850192852186076,5.614952850795164,-0.15430245786471944
2023-10-09 20:40:00,3.1218517807220976,4.174435136144161,-0.10012339752348645,7.987385942654067,-0.015717426532878383
2023-10-09 20:45:00,2.6468744038626073,4.290616790048932,-0.08933818573249867,8.506717531538548,-0.009284637560211037
2023-10-09 20:50:00,2.637615357952489,4.509527180034132,-0.08580398560444703,6.822490946654034,-0.016945419214342037
2023-10-09 20:55:00,2.6178885873654356,4.963772597732866,-0.0827405557687769,6.50143823447001,-0.04912704127960841
2023-10-09 21:00:00,3.5835666994081308,5.020257534413688,18.33088128745263,7.510727857957426,0.0740562677973248
2023-10-09 21:05:00,3.6487144576747794,4.0876944981909995,-0.09522695234710589,6.910255830516016,0.08195052663700426
2023-10-09 21:10:00,3.6610949041162777,3.6218612965402244,-0.09810656893073183,6.121580453770962,0.03764487122583264
2023-10-09 21:15:00,3.196611238432095,3.4598363220725212,-0.09446156831003887,5.944974748521002,0.006591564126044122
2023-10-09 21:20:00,3.194422056285332,3.66664600890369,-0.09203393901203119,6.151327893880717,0.00861616563184917
2023-10-09 21:25:00,3.1947797949455286,3.672001351184678,-0.09618413371692043,7.934433504558698,0.03824132397877884
2023-10-09 21:30:00,3.6443846715330754,3.121965293298991,19.883969557645827,6.314359331554411,-0.0005001454638460214
2023-10-09 21:35:00,3.6672829100763704,2.7753660008930066,-0.09224653492045835,7.571783445665541,-0.0447819191902197
2023-10-09 21:40:00,3.6661828453227217,2.8197848399168057,-0.08823547987115529,6.574135156619957,-0.15463036381896805
2023-10-09 21:45:00,3.5659837978069313,2.862346190403397,-0.09085346425312112,6.921223626649144,-0.08876315293605636
2023-10-09 21:50:00,3.53850840719885,3.32671998955901,-0.07962518879702267,8.006585420193847,-0.09013591642496045
2023-10-09 21:55:00,3.5666586956393065,2.965397592829407,-0.09298634327391152,7.321672096157251,-0.1477673122883043
2023-10-09 22:00:00,3.3597111146443637,2.6661046749007644,20.41958393662956,7.049310812595885,-0.002972681626363824
2023-10-09 22:05:00,3.336028186548259,3.043889036035742,-0.08444752163479417,6.508384865303196,-0.05569662052599804
2023-10-09 22:10:00,3.3455276608657756,3.0219351723886008,-0.08983062307915808,7.051906816903547,-0.026719611963820368
2023-10-09 22:15:00,3.4612965608421282,2.7741870153883,-0.09560260551410937,7.692265601744761,-0.0319543582101317
2023-10-09 22:20:00,3.4790149843023124,2.7072943795081144,-0.1163183140864919,8.561045479829952,-0.00494598775855929
2023-10-09 22:25:00,3.498412692766535,2.6606375225487637,-0.13806679248382175,11.842326272486021,0.049755017226559936
2023-10-09 22:30:00,4.720892330478933,2.7066507770487425,21.322965775859473,10.488482916809739,-0.05073429033733731
2023-10-09 22:35:00,4.708802741945586,3.03591143316086,-0.10076849893390162,7.001083029206195,-0.14704304833018994
2023-10-09 22:40:00,4.688165922884453,2.9845116413171526,-0.09150926855257477,7.559952274911895,-0.07328600271774072
2023-10-09 22:45:00,4.555872387345675,2.823402992507956,-0.08790760083784334,8.162010213302633,-0.21536156642452967
2023-10-09 22:50:00,4.550517803937936,2.940804738290822,-0.08407585852598488,5.401309112530674,-0.18510682467350814
2023-10-09 22:55:00,4.532193239646912,3.2316173500570646,-0.07694172468849676,4.5813767048934935,-0.14526408954199405
2023-10-09 23:00:00,5.560176184857134,3.1540147463082846,24.859251178191823,5.979116246715883,-0.1348981090441262
2023-10-09 23:05:00,5.59007775409791,3.0804327939363123,-0.07736952253651641,5.006253197261707,-0.26398833115623077
2023-10-09 23:10:00,5.60689779056188,3.064071080050714,-0.08142176348248228,5.080300588021064,-0.22426912210389147
2023-10-09 23:15:00,5.72691755375695,3.12243912917787,-0.0591659630280542,4.833830810118312,-0.32954556742120567
2023-10-09 23:20:00,5.7107895567425615,3.2671259742953227,-0.050166097780863866,4.558255953845744,-0.3587532647282226
2023-10-09 23:25:00,5.7159323528535575,3.1051619976210763,-0.052349250517047224,3.4963542203026603,-0.3594725399943804
2023-10-09 23:30:00,6.40605549280946,3.4219496242675156,23.884991430801243,4.393774356117858,-0.32916893640556494
2023-10-09 23:35:00,6.400621631695283,3.2403936807577804,-0.053452197815165046,4.402051006895925,-0.23129561866408113
2023-10-09 23:40:00,6.424576484017601,2.6497366482698843,-0.06271063977895536,4.23393067679709,-0.37632600328888793
2023-10-09 23:45:00,5.210657430824729,2.6125715568446517,-0.05598551049712095,4.2771879073135475,-0.38235342702670844
2023-10-09 23:50:00,5.227815179463195,2.5647173779996884,-0.06287360424269672,4.12150235969853,-0.34619060847295324
2023-10-09 23:55:00,5.240169625183579,2.3810493057659623,-0.06961795888599445,4.688182939983713,-0.3546574745676419
2023-10-10 00:00:00,5.457209809904178,-0.49258137995573725,23.90658402086497,-0.3414834860664293,-0.73483736911304
