datetime,CH4,NOX,NO,NO2,SO2,H2S,Benzene,Toluene,Ethylbenzene,PM1 FIDAS,PM2.5 FIDAS,PM4 FIDAS,PM10 FIDAS,TSP FIDAS
2023-10-01 00:15:00,28526.334821102155,1.2340502176477406,0.39281889543375903,0.8316007551128409,0.2626485240461122,0.7851652344003655,3.0,7.800000000000001,1.2000000000000002,0.687592902813867,0.8027353237524807,1.1550266490432157,1.585212919452778,2.1832544515012446
2023-10-01 00:20:00,28526.321628544654,1.2762593980411752,0.39283102469854037,0.8687942283139795,0.4166666666666667,0.795815683506961,3.0,7.800000000000001,1.2000000000000002,0.687592902813867,0.8027353237524807,1.1550266490432157,1.585212919452778,2.1832544515012446
2023-10-01 00:25:00,28526.295243430246,1.3574438174063865,0.3802969893488867,0.9633329974083066,0.4166666666666667,1.25,3.0,7.800000000000001,1.2000000000000002,0.687592902813867,0.8027353237524807,1.1550266490432157,1.585212919452778,2.1832544515012446
2023-10-01 00:30:00,28526.255665760084,1.3653041750158779,0.37211352633363326,0.9849707953193355,0.26950259418585776,1.25,0.08532877591996735,0.14709180806557515,1.2000000000000002,0.6841703004369599,0.8043009387039157,1.1595962055819258,1.66080582850615,2.4061662452956156
2023-10-01 00:35:00,28526.22928064761,1.1850055432116766,0.3660737012384498,0.8320743067766675,0.2695026090880469,1.25,3.0,7.800000000000001,1.2000000000000002,0.6841703004369599,0.8043009387039157,1.1595962055819258,1.66080582850615,2.4061662452956156
2023-10-01 00:40:00,28526.216088091667,1.0691626439433375,0.3263978664052198,0.7995201046367243,0.2626485485118267,1.25,3.0,7.800000000000001,1.2000000000000002,0.6841703004369599,0.8043009387039157,1.1595962055819258,1.66080582850615,2.4061662452956156
2023-10-01 00:45:00,28526.17651042498,1.0106933451014393,0.3317564186406207,0.7393012432463345,0.2626485485118267,1.25,3.0,7.800000000000001,1.2000000000000002,0.6640549676043392,0.7589736490814422,1.0907630356773188,1.471869559437928,1.9757024067404485
2023-10-01 00:50:00,28526.150125314824,1.1288135519186524,0.35232937476845944,0.8059305926899368,0.27261249847430025,1.25,3.0,7.800000000000001,1.2000000000000002,0.6640549676043392,0.7589736490814422,1.0907630356773188,1.471869559437928,1.9757024067404485
2023-10-01 00:55:00,28526.123740205436,1.2081264941535683,0.38036827985208027,0.8288626068764615,0.2726125143850766,1.25,3.0,7.800000000000001,1.2000000000000002,0.6640549676043392,0.7589736490814422,1.0907630356773188,1.471869559437928,1.9757024067404485
2023-10-01 01:00:00,28526.097355096834,1.1892476508354217,0.3783177435357615,0.8156846865043846,0.2626485729775631,1.25,0.07942921376924236,0.11208925015361643,1.2000000000000002,0.6568683277491768,0.7492422839108855,1.0846791968135094,1.4587131314963886,1.9571755158901822
2023-10-01 01:05:00,28526.070969989003,1.0918092918963316,0.35820691918450487,0.7642325479635533,0.2614422560114452,1.25,3.0,7.800000000000001,1.2000000000000002,0.6568683277491768,0.7492422839108855,1.0846791968135094,1.4587131314963886,1.9571755158901822
2023-10-01 01:10:00,28526.031392328696,1.1742992852829082,0.39084198856309105,0.7831343580159852,0.4166666666666667,1.25,3.0,7.800000000000001,1.2000000000000002,0.6568683277491768,0.7492422839108855,1.0846791968135094,1.4587131314963886,1.9571755158901822
2023-10-01 01:15:00,28656.1061296707,1.3856034172468739,0.41668062733155076,0.9282409237885989,0.26264858521043954,1.25,3.0,7.800000000000001,1.2000000000000002,0.6555730317821197,0.7447845325998653,1.0717478061559071,1.4851276039451964,2.0382835916525455
2023-10-01 01:20:00,28656.092935224016,1.242889016139279,0.38876244427280926,0.8458421668547321,0.26522817408869714,0.7936809318883369,3.0,7.800000000000001,1.2000000000000002,0.6555730317821197,0.7447845325998653,1.0717478061559071,1.4851276039451964,2.0382835916525455
2023-10-01 01:25:00,28656.053351885123,1.2353414912553127,0.40582054965426917,0.8124650698012544,0.2626485974433215,1.25,3.0,7.800000000000001,1.2000000000000002,0.6555730317821197,0.7447845325998653,1.0717478061559071,1.4851276039451964,2.0382835916525455
2023-10-01 01:30:00,28656.02696299348,0.9682383250225254,0.3466675434619017,0.6804889413211451,0.2626485974433215,1.25,0.07648529270389179,0.11208925015361643,1.2000000000000002,0.6310507111159926,0.701472736462366,1.0166833135249145,1.3872570958549826,1.876832437912346
2023-10-01 01:35:00,28656.000574102596,1.0079291791332714,0.352427669605601,0.7035783405445778,0.2726125780282311,1.25,3.0,7.800000000000001,1.2000000000000002,0.6310507111159926,0.701472736462366,1.0166833135249145,1.3872570958549826,1.876832437912346
2023-10-01 01:40:00,28655.97418521247,1.0298408730605324,0.3804755168941656,0.6803367386275826,0.2759224993983306,1.25,3.0,7.800000000000001,1.2000000000000002,0.6310507111159926,0.701472736462366,1.0166833135249145,1.3872570958549826,1.876832437912346
2023-10-01 01:45:00,28655.94779632312,1.1448003686042394,0.45262969150698806,0.6742644415544605,0.27261260984983776,1.25,3.0,7.800000000000001,1.2000000000000002,0.6155331022780173,0.6814462561347007,1.0006366773209945,1.3831052924488432,1.8993156662334991
2023-10-01 01:50:00,28655.90821299051,1.243443705368927,0.434523555578957,0.7768551389824727,0.2742430105515517,1.25,3.0,7.800000000000001,1.2000000000000002,0.6155331022780173,0.6814462561347007,1.0006366773209945,1.3831052924488432,1.8993156662334991
2023-10-01 01:55:00,28655.895018546693,1.3165513629737389,0.42339532423850723,0.8561252012739854,0.2742430105515517,1.25,3.0,7.800000000000001,1.2000000000000002,0.6155331022780173,0.6814462561347007,1.0006366773209945,1.3831052924488432,1.8993156662334991
2023-10-01 02:00:00,28655.86862965963,1.3631251073567996,0.4503870371862094,0.8559732462899895,0.2794253752122053,1.25,0.07648529270389179,0.09486832980505137,1.2000000000000002,0.5963430220938282,0.6504275516919621,0.9530183628870956,1.312764354330205,1.7494787795226328
2023-10-01 02:05:00,28655.82904633045,1.3360741089514852,0.4618690370793537,0.815807201871251,0.2695027432079782,1.25,3.0,7.800000000000001,1.2000000000000002,0.5963430220938282,0.6504275516919621,0.9530183628870956,1.312764354330205,1.7494787795226328
2023-10-01 02:10:00,28655.802657445285,1.2019037219357052,0.4146313336034215,0.7708657406194999,0.2639108840401899,1.25,3.0,7.800000000000001,1.2000000000000002,0.5963430220938282,0.6504275516919621,0.9530183628870956,1.312764354330205,1.7494787795226328
2023-10-01 02:15:00,28655.789463003002,1.0231558144909743,0.40594659147894935,0.6423016218743682,0.2776503209898762,1.25,3.0,7.800000000000001,1.2000000000000002,0.5800310336525106,0.630441115410472,0.9276939150387912,1.2925792045364184,1.7848181980246616
2023-10-01 02:20:00,28655.76307411899,1.1831349864455942,0.4168483806733099,0.7520721525975703,0.2710322791889715,1.25,3.0,7.800000000000001,1.2000000000000002,0.5800310336525106,0.630441115410472,0.9276939150387912,1.2925792045364184,1.7848181980246616
2023-10-01 02:25:00,28785.82991296002,1.1455217210458564,0.40813614938643883,0.7336686572706805,0.2680250261564716,1.25,3.0,7.800000000000001,1.2000000000000002,0.5800310336525106,0.630441115410472,0.9276939150387912,1.2925792045364184,1.7848181980246616
2023-10-01 02:30:00,28785.81671665059,1.1795341951946654,0.4059845463549688,0.7648261097253553,0.27765035570574353,1.25,0.07061161377563893,0.10172433337210915,1.2000000000000002,0.5691959240894123,0.6137882370981054,0.9009443046048962,1.3166595041999278,2.0604717906343684
2023-10-01 02:35:00,28655.683907471517,1.2404536367356085,0.4212890415614512,0.79358063132074,0.2776503730636841,1.25,3.0,7.800000000000001,1.2000000000000002,0.5691959240894123,0.6137882370981054,0.9009443046048962,1.3166595041999278,2.0604717906343684
2023-10-01 02:40:00,28655.64432415036,1.2558480554069171,0.4436755373742064,0.7741772058638652,0.2639109096064408,0.7938107873900746,3.0,7.800000000000001,1.2000000000000002,0.5691959240894123,0.6137882370981054,0.9009443046048962,1.3166595041999278,2.0604717906343684
2023-10-01 02:45:00,28525.530075448863,1.3290871951167165,0.4573774565500431,0.8163243709874786,0.2776503904216294,0.7834092771348442,3.0,7.800000000000001,1.2000000000000002,0.557681808919746,0.5947133763419149,0.8936979355464574,1.213247295484313,1.746682569902156
2023-10-01 02:50:00,28525.503690357662,1.2140387722132386,0.4017270925528595,0.8004153589720041,0.2742431253657016,1.25,3.0,7.800000000000001,1.2000000000000002,0.557681808919746,0.5947133763419149,0.8936979355464574,1.213247295484313,1.746682569902156
2023-10-01 02:55:00,28395.4082554363,1.4971505399620038,0.4369431919564624,0.9971601503597306,0.2776504251375339,1.25,3.0,7.800000000000001,1.2000000000000002,0.557681808919746,0.5947133763419149,0.8936979355464574,1.213247295484313,1.746682569902156
2023-10-01 03:00:00,28395.3818741867,1.195229320816874,0.39960903161415745,0.7875777782312499,0.29522312239829746,1.25,3.0,7.800000000000001,1.2000000000000002,0.5442655601817922,0.578013840664737,0.8625404338348435,1.2563280821505187,1.8948023643641572
2023-10-01 03:05:00,28525.411342544543,1.0976563787867388,0.39323586458926607,0.7160838597526994,0.2759226851267862,1.25,3.0,7.800000000000001,1.2000000000000002,0.5442655601817922,0.578013840664737,0.8625404338348435,1.2563280821505187,1.8948023643641572
2023-10-01 03:10:00,28395.31592106611,1.3102372736123429,0.44829933542583617,0.8133988015265944,0.26950284752376497,0.7960977825789941,3.0,7.800000000000001,1.2000000000000002,0.5442655601817922,0.578013840664737,0.8625404338348435,1.2563280821505187,1.8948023643641572
2023-10-01 03:15:00,28395.302730442585,1.2068928096284097,0.43924909532627926,0.7401312753383139,0.28124708648687813,1.25,3.0,7.800000000000001,1.2000000000000002,0.537776905417107,0.5663532466579494,0.8492482322619224,1.1739782791857778,1.5858991140674743
2023-10-01 03:20:00,28525.332187283697,1.0061144034778349,0.38695660771322565,0.6536694373205219,0.2869813865854391,1.25,3.0,7.800000000000001,1.2000000000000002,0.537776905417107,0.5663532466579494,0.8492482322619224,1.1739782791857778,1.5858991140674743
2023-10-01 03:25:00,28525.318994740905,1.0831691370612457,0.42141943784101643,0.6671232682302455,0.27765047721142555,1.25,3.0,7.800000000000001,1.2000000000000002,0.537776905417107,0.5663532466579494,0.8492482322619224,1.1739782791857778,1.5858991140674743
2023-10-01 03:30:00,28525.292609655895,1.1844109261423166,0.45750182731897376,0.6981838954041477,0.2776504945693987,1.25,3.0,0.09486832980505137,1.2000000000000002,0.5297405025104273,0.5554853733447893,0.8387939913947882,1.1948707043023525,1.6247904480270678
2023-10-01 03:35:00,28655.354046514327,1.0944738843773096,0.4393028668991141,0.6534718954286377,0.27765051192737655,1.25,3.0,7.800000000000001,1.2000000000000002,0.5297405025104273,0.5554853733447893,0.8387939913947882,1.1948707043023525,1.6247904480270678
2023-10-01 03:40:00,28785.434023758906,1.0908504058191497,0.4529449706941008,0.635011510641681,0.2695029071328978,1.25,3.0,7.800000000000001,1.2000000000000002,0.5297405025104273,0.5554853733447893,0.8387939913947882,1.1948707043023525,1.6247904480270678
2023-10-01 03:45:00,28915.5322911712,1.2993225660468481,0.4996205727724479,0.7339068661175694,0.2680251556219804,1.25,3.0,7.800000000000001,1.2000000000000002,0.5220153254455275,0.5454576060520194,0.8247946653561721,1.183507076446947,1.6571795316138804
2023-10-01 03:50:00,28915.505894878163,1.5021521992278721,0.538079710641653,0.8499086812257853,0.2776505466433461,1.25,3.0,7.800000000000001,1.2000000000000002,0.5220153254455275,0.5454576060520194,0.8247946653561721,1.183507076446947,1.6571795316138804
2023-10-01 03:55:00,29045.622203051647,1.6606804176898484,0.6021564163301947,0.8974244162970808,0.27103243329799426,0.7875220407617931,3.0,7.800000000000001,1.2000000000000002,0.5220153254455275,0.5454576060520194,0.8247946653561721,1.183507076446947,1.6571795316138804
2023-10-01 04:00:00,28785.3152570316,1.7926614967833272,0.6146754247675492,0.996615226367827,0.271032448708924,0.7835171457202772,0.05894064811316551,0.0914601552589979,1.2000000000000002,0.5158769233063251,0.533475397745763,0.806886460414351,1.1429620509885707,1.5628000511901707
2023-10-01 04:05:00,28525.09472154295,1.4945702174537032,0.5115995184169467,0.8809653605555255,0.26660005177172863,1.25,3.0,7.800000000000001,1.2000000000000002,0.5158769233063251,0.533475397745763,0.806886460414351,1.1429620509885707,1.5628000511901707
2023-10-01 04:10:00,28394.99934615554,1.4162411516230378,0.48551406264607583,0.8505509829587442,0.2614424428097311,0.7961975425558723,3.0,7.800000000000001,1.2000000000000002,0.5158769233063251,0.533475397745763,0.806886460414351,1.1429620509885707,1.5628000511901707
2023-10-01 04:15:00,28394.959774299656,1.688973532711682,0.511628917510292,1.0559676946076935,0.2614424428097311,0.793965226099391,3.0,7.800000000000001,1.2000000000000002,0.5104987757086201,0.5234739726099092,0.7963100903542538,1.1301337310247845,1.5473344822629655
2023-10-01 04:20:00,28264.896663967647,1.6015552895874565,0.5140388208554324,0.972486500091886,0.26660006563113703,0.7917837663379004,3.0,7.800000000000001,1.2000000000000002,0.5104987757086201,0.5234739726099092,0.7963100903542538,1.1301337310247845,1.5473344822629655
2023-10-01 04:25:00,28264.870286625126,1.6612745601600925,0.5068793193399229,1.037800453386415,0.2614424544846713,1.25,3.0,7.800000000000001,1.2000000000000002,0.5104987757086201,0.5234739726099092,0.7963100903542538,1.1301337310247845,1.5473344822629655
2023-10-01 04:30:00,28134.800138030412,1.4361773606804706,0.4668964123701581,0.8954358751127761,0.2710324949417433,1.25,0.053160135440008055,0.12602285507002292,1.2000000000000002,0.8333333333333334,0.5156316514722501,0.7782016191193643,1.0535142381572258,1.3500370365289984
2023-10-01 04:35:00,28134.7737646374,1.377726636727387,0.43946399525197427,0.8853542223651121,0.2626487931701794,1.25,3.0,7.800000000000001,1.2000000000000002,0.8333333333333334,0.5156316514722501,0.7782016191193643,1.0535142381572258,1.3500370365289984
2023-10-01 04:40:00,28134.734204549386,1.3661562585747065,0.4599953929811329,0.8443760044816512,0.27103251035269305,1.25,3.0,7.800000000000001,1.2000000000000002,0.8333333333333334,0.5156316514722501,0.7782016191193643,1.0535142381572258,1.3500370365289984
2023-10-01 04:45:00,28134.721017853786,1.5150382366259023,0.47390887318451497,0.9552904727904328,0.4166666666666667,1.25,3.0,7.800000000000001,1.2000000000000002,0.8333333333333334,0.5153882032022076,0.7763118960830112,1.0728151052254997,1.404314779527724
2023-10-01 04:50:00,28134.69464446319,1.7056314208255734,0.5045683816989713,1.0823461461207111,0.2680252419325522,1.25,3.0,7.800000000000001,1.2000000000000002,0.8333333333333334,0.5153882032022076,0.7763118960830112,1.0728151052254997,1.404314779527724
2023-10-01 04:55:00,28134.655084378806,1.5231185975806818,0.48094815211383146,0.9518090553853467,0.263911063004401,1.25,3.0,7.800000000000001,1.2000000000000002,0.8333333333333334,0.5153882032022076,0.7763118960830112,1.0728151052254997,1.404314779527724
2023-10-01 05:00:00,28134.64189768441,1.4956351131751016,0.5141574672896514,0.8782062602973555,0.26522845392114924,1.25,0.05028916384272063,0.1155619314480335,1.2000000000000002,0.8333333333333334,0.5135065724993206,0.7747847184863677,1.0598117757413341,1.3697079980784226
2023-10-01 05:05:00,28134.615524296238,1.527258362264247,0.5334552319369088,0.8781230402436007,0.2726129757997268,1.25,3.0,7.800000000000001,1.2000000000000002,0.8333333333333334,0.5135065724993206,0.7747847184863677,1.0598117757413341,1.3697079980784226
2023-10-01 05:10:00,28134.57596421548,1.4840268991340333,0.47165162390140897,0.9308522944448948,0.269503041253744,1.25,3.0,7.800000000000001,1.2000000000000002,0.8333333333333334,0.5135065724993206,0.7747847184863677,1.0598117757413341,1.3697079980784226
2023-10-01 05:15:00,28134.562777522297,1.519563836480383,0.4418305800995879,1.0098715012171648,0.27592295527829014,1.25,3.0,7.800000000000001,1.2000000000000002,0.8333333333333334,0.5102979521808804,1.25,1.0881364804104308,1.4938621087637238
2023-10-01 05:20:00,28134.536404136536,1.3785813268996723,0.45551008345616967,0.8618252007184132,0.2726130076215791,1.25,3.0,7.800000000000001,1.2000000000000002,0.8333333333333334,0.5102979521808804,1.25,1.0881364804104308,1.4938621087637238
2023-10-01 05:25:00,28264.540569910827,1.2359524673017297,0.45094775778936796,0.747690789789959,0.2666001487876977,1.25,3.0,7.800000000000001,1.2000000000000002,0.8333333333333334,0.5102979521808804,1.25,1.0881364804104308,1.4938621087637238
2023-10-01 05:30:00,28394.564055837902,1.1263551861728953,0.42395734813271485,0.6967651489663897,0.27592298904731344,1.25,0.04743416490252569,0.11904217739944106,0.032897568299191965,0.8333333333333334,0.8333333333333334,1.25,1.044896645606636,1.3485310526643426
2023-10-01 05:35:00,28264.487815248067,1.0157032722992272,0.42618918774685144,0.6137057990299372,0.4166666666666667,1.25,3.0,7.800000000000001,1.2000000000000002,0.8333333333333334,0.8333333333333334,1.25,1.044896645606636,1.3485310526643426
2023-10-01 05:40:00,28394.511293389667,0.8640095525738022,0.38104708175154156,0.5656616724407427,0.4166666666666667,1.25,3.0,7.800000000000001,1.2000000000000002,0.8333333333333334,0.8333333333333334,1.25,1.044896645606636,1.3485310526643426
2023-10-01 05:45:00,28524.553827589596,1.1830868632250975,0.45557914828655593,0.6996203671450045,0.4166666666666667,1.25,3.0,7.800000000000001,1.2000000000000002,0.8333333333333334,0.8333333333333334,1.25,1.0643590794464057,1.390898989862312
2023-10-01 05:50:00,28394.458530944576,1.3908351687797273,0.5360168827116102,0.7598749301166984,0.26391112692044777,1.25,3.0,7.800000000000001,1.2000000000000002,0.8333333333333334,0.8333333333333334,1.25,1.0643590794464057,1.390898989862312
2023-10-01 05:55:00,28394.4321497232,1.3559239428816914,0.5215283397749095,0.7506422221869846,0.2639111397036734,1.25,3.0,7.800000000000001,1.2000000000000002,0.8333333333333334,0.8333333333333334,1.25,1.0643590794464057,1.390898989862312
2023-10-01 06:00:00,28264.35592860509,1.5401734575300814,0.5555550649383303,0.8581657992586059,0.2639111397036734,1.25,0.04178516483155236,0.07800000000000001,1.2000000000000002,0.8333333333333334,0.8333333333333334,1.25,1.0750024418576918,1.4365806625456157
2023-10-01 06:05:00,28264.32955127889,1.4028195229336757,0.4929190927499396,0.8284302894292919,0.26802535701360397,1.25,3.0,7.800000000000001,1.2000000000000002,0.8333333333333334,0.8333333333333334,1.25,1.0750024418576918,1.4365806625456157
2023-10-01 06:10:00,28134.25948363475,1.2750929852542936,0.45564800895307456,0.7733407992358335,0.2680253713987587,1.25,3.0,7.800000000000001,1.2000000000000002,0.8333333333333334,0.8333333333333334,1.25,1.0750024418576918,1.4365806625456157
2023-10-01 06:15:00,28134.233110258265,1.5721047771360832,0.5507070735474986,0.8926668897852034,0.2626489032671548,1.25,3.0,7.800000000000001,1.2000000000000002,0.8333333333333334,0.5100990099970789,1.25,1.0648737014313012,1.3856781733144243
2023-10-01 06:20:00,28004.209025666303,1.7194075073357564,0.5802484117962915,0.9807410469514275,0.2695031604726197,1.25,3.0,7.800000000000001,1.2000000000000002,0.8333333333333334,0.5100990099970789,1.25,1.0648737014313012,1.3856781733144243
2023-10-01 06:25:00,28004.169471608,1.635791681042206,0.5802641789899268,0.9064589934963901,0.26264891550017955,1.25,3.0,7.800000000000001,1.2000000000000002,0.8333333333333334,0.5100990099970789,1.25,1.0648737014313012,1.3856781733144243
2023-10-01 06:30:00,28004.143102236805,1.7596089705396611,0.6176712606341019,0.9626824282544021,0.26660024580392405,1.25,0.04178516483155236,0.1086248590332802,1.2000000000000002,0.8333333333333334,0.8333333333333334,1.25,1.0750024418576918,1.4797851195359413
2023-10-01 06:35:00,28134.12761676038,1.8399481459670268,0.5927044171621866,1.0719936061752768,0.2639111908366299,1.25,3.0,7.800000000000001,1.2000000000000002,0.8333333333333334,0.8333333333333334,1.25,1.0750024418576918,1.4797851195359413
2023-10-01 06:40:00,28004.090363496893,1.8199614195688714,0.5778369614608914,1.075877370492523,0.2639111908366299,1.25,3.0,7.800000000000001,1.2000000000000002,0.8333333333333334,0.8333333333333334,1.25,1.0750024418576918,1.4797851195359413
2023-10-01 06:45:00,28004.06399412816,1.9085766731696074,0.6077013124587121,1.1128575312324513,0.27103272610651435,1.25,3.0,7.800000000000001,1.2000000000000002,0.8333333333333334,0.8333333333333334,1.25,1.0466522822790767,1.3780058055030102
2023-10-01 06:50:00,28004.037624760247,1.6920544612957582,0.5557099858359309,0.9921345336415138,0.26264893996624544,1.25,3.0,7.800000000000001,1.2000000000000002,0.8333333333333334,0.8333333333333334,1.25,1.0466522822790767,1.3780058055030102
2023-10-01 06:55:00,28004.011255393147,1.7601096452475156,0.5704750471286691,1.0320260785140922,0.26264893996624544,1.25,3.0,7.800000000000001,1.2000000000000002,0.8333333333333334,0.8333333333333334,1.25,1.0466522822790767,1.3780058055030102
2023-10-01 07:00:00,28003.984886026865,1.712214565196559,0.565563365021202,0.995801178822422,0.27424361742902154,1.25,0.03900000000000001,0.14356935606180032,1.2000000000000002,0.8333333333333334,0.8333333333333334,1.25,1.6666666666666667,2.0833333333333335
2023-10-01 07:05:00,28133.956189853838,1.549344175059394,0.5533073884958196,0.8692112990618688,0.26802544332460987,1.25,3.0,7.800000000000001,1.2000000000000002,0.8333333333333334,0.8333333333333334,1.25,1.6666666666666667,2.0833333333333335
2023-10-01 07:10:00,28003.932147296764,1.589030544990316,0.5582234565187758,0.8967752342003257,0.27261319855310523,1.25,3.0,7.800000000000001,1.2000000000000002,0.8333333333333334,0.8333333333333334,1.25,1.6666666666666667,2.0833333333333335
2023-10-01 07:15:00,28003.905777932938,1.6010272697412862,0.5533383397607747,0.9142870681531008,0.2776509979526428,1.25,3.0,7.800000000000001,1.2000000000000002,0.8333333333333334,0.8333333333333334,1.25,1.6666666666666667,1.3962034235740866
2023-10-01 07:20:00,28003.866223888734,1.7086195131672648,0.5804383003483669,0.9707794230465188,0.26660031510138615,1.25,3.0,7.800000000000001,1.2000000000000002,0.8333333333333334,0.8333333333333334,1.25,1.6666666666666667,1.3962034235740866
2023-10-01 07:25:00,28133.86388307211,1.5142027605762294,0.5363054758180493,0.8627685660244593,0.272613230375095,1.25,3.0,7.800000000000001,1.2000000000000002,0.8333333333333334,0.8333333333333334,1.25,1.6666666666666667,1.3962034235740866
2023-10-01 07:30:00,28133.837509707722,1.5577408103950665,0.5582854985371588,0.869487861340285,0.27103280316168793,1.25,0.03624913792078372,0.1155619314480335,1.2000000000000002,0.8333333333333334,0.8333333333333334,1.25,1.0823104914949315,1.4862422413590592
2023-10-01 07:35:00,28003.78711580584,1.5262304224893937,0.5290672511971378,0.883493234298716,0.26950327969182064,1.25,3.0,7.800000000000001,1.2000000000000002,0.8333333333333334,0.8333333333333334,1.25,1.0823104914949315,1.4862422413590592
2023-10-01 07:40:00,28003.773931126067,1.3501476786337043,0.4513173796042335,0.843303282728773,0.27103281857273764,0.7838344100321513,3.0,7.800000000000001,1.2000000000000002,0.8333333333333334,0.8333333333333334,1.25,1.0823104914949315,1.4862422413590592
2023-10-01 07:45:00,28133.758389619372,1.518534359804448,0.4744180977516717,0.957665350529169,0.2726132781081165,1.25,3.0,7.800000000000001,1.2000000000000002,0.8333333333333334,0.8333333333333334,0.7715785378041564,1.087545976039634,1.4830050573076277
2023-10-01 07:50:00,28393.81219124678,1.424358881958713,0.4445149451673899,0.9191012238679244,0.2639112675362271,1.25,3.0,7.800000000000001,1.2000000000000002,0.8333333333333334,0.8333333333333334,0.7715785378041564,1.087545976039634,1.4830050573076277
2023-10-01 07:55:00,28653.942242964906,1.3737429435302047,0.481462136227818,0.819893598086358,0.26264901336457497,1.25,3.0,7.800000000000001,1.2000000000000002,0.8333333333333334,0.8333333333333334,0.7715785378041564,1.087545976039634,1.4830050573076277
2023-10-01 08:00:00,28914.14648679088,1.475518557228857,0.536411915073281,0.829509816992961,0.26264901336457497,0.7858522842194683,0.03624913792078372,0.10172433337210915,1.2000000000000002,0.8333333333333334,0.8333333333333334,0.7753903790994573,1.0750024418576918,1.4061422403156802
2023-10-01 08:05:00,29304.60084288429,1.5268136814834918,0.5195104941806573,0.8977740867800459,0.26522868045390446,0.7943401158182495,3.0,7.800000000000001,1.2000000000000002,0.8333333333333334,0.8333333333333334,0.7753903790994573,1.0750024418576918,1.4061422403156802
2023-10-01 08:10:00,29825.457194247963,1.4286542199692018,0.4838519289433554,0.8637319846220675,0.27424376504886416,0.7879092395409537,3.0,7.800000000000001,1.2000000000000002,0.8333333333333334,0.8333333333333334,0.7753903790994573,1.0750024418576918,1.4061422403156802
2023-10-01 08:15:00,29304.56123235317,1.2620635047293753,0.44458264142169013,0.7780723634036764,0.4166666666666667,0.8036562430801323,3.0,7.800000000000001,1.2000000000000002,0.8333333333333334,0.8333333333333334,1.25,1.125280409498006,1.5834405577728519
2023-10-01 08:20:00,28783.903253775035,2.2388079834250374,0.8707697555663824,1.0345473228288695,0.2726133258411822,0.8036651191010012,3.0,7.800000000000001,1.2000000000000002,0.8333333333333334,0.8333333333333334,1.25,1.125280409498006,1.5834405577728519
2023-10-01 08:25:00,28653.783909992784,1.81003329199521,0.7430008823822746,0.8350258848245816,0.2759233605078197,0.8036739957832741,3.0,7.800000000000001,1.2000000000000002,0.8333333333333334,0.8333333333333334,1.25,1.125280409498006,1.5834405577728519
2023-10-01 08:30:00,28653.75752116676,1.8664074437024551,0.6230858705264006,1.0512315966780277,0.2680255727914675,0.8036828731269294,0.04178516483155236,0.08469143994525066,1.2000000000000002,0.8333333333333334,0.5111125120753747,0.7788452991448301,1.0628264204469138,1.472339634731063
2023-10-01 08:35:00,28523.643543377733,1.8866391027322125,0.6584701502353931,1.0181146125996487,0.2831150240054752,0.8012909732311813,3.0,7.800000000000001,1.2000000000000002,0.8333333333333334,0.5111125120753747,0.7788452991448301,1.0628264204469138,1.472339634731063
2023-10-01 08:40:00,28653.704743517035,2.23108574241294,0.7404704531561751,1.2152534648234425,0.2759233942770703,0.8274761894257088,3.0,7.800000000000001,1.2000000000000002,0.8333333333333334,0.5111125120753747,0.7788452991448301,1.0628264204469138,1.472339634731063
2023-10-01 08:45:00,28523.59077330674,2.198636018106848,0.7172908849000009,1.2193171901267896,0.2680256015619371,0.7989570287489232,3.0,7.800000000000001,1.2000000000000002,0.8333333333333334,0.5115310352266028,0.7753903790994573,1.118481559973163,1.5748853926556052
2023-10-01 08:50:00,28523.551195755517,2.1052960929086275,0.7250300108884309,1.1211571891953953,0.2776512062503012,0.8037184133781048,3.0,7.800000000000001,1.2000000000000002,0.8333333333333334,0.5115310352266028,0.7753903790994573,1.118481559973163,1.5748853926556052
2023-10-01 08:55:00,28523.524810722334,2.3332918591361533,0.7897956958792948,1.2379661440339886,0.27942637328351777,0.7839428790141586,3.0,7.800000000000001,1.2000000000000002,0.8333333333333334,0.5115310352266028,0.7753903790994573,1.118481559973163,1.5748853926556052
2023-10-01 09:00:00,28523.511618206045,2.150166416398654,0.7122019659734198,1.1815977462509095,0.27103297268350957,1.25,0.04178516483155236,0.12602285507002292,1.2000000000000002,0.8333333333333334,0.8333333333333334,0.7715785378041564,1.060809125149289,1.3891493800164185
2023-10-01 09:05:00,28523.472040658304,2.061001337975712,0.6738322304584733,1.1555447274552426,0.27942639110634976,1.25,3.0,7.800000000000001,1.2000000000000002,0.8333333333333334,0.8333333333333334,0.7715785378041564,1.060809125149289,1.3891493800164185
2023-10-01 09:10:00,28523.445655627445,1.9639952462151458,0.625731254904446,1.1372039368290863,0.27103297268350957,0.7859562161923466,3.0,7.800000000000001,1.2000000000000002,0.8333333333333334,0.8333333333333334,0.7715785378041564,1.060809125149289,1.3891493800164185
2023-10-01 09:15:00,28523.432463112305,1.9277646371610069,0.623233110343472,1.1073767513457338,0.27424389626683005,1.25,3.0,7.800000000000001,1.2000000000000002,0.8333333333333334,0.5123904761019666,0.7772489948530007,1.1171409937872658,1.6389325794552991
2023-10-01 09:20:00,28523.392885568053,1.6551687652134155,0.5586269837454662,0.9546893418342335,0.28311515508394813,0.7944626722208017,3.0,7.800000000000001,1.2000000000000002,0.8333333333333334,0.5123904761019666,0.7772489948530007,1.1171409937872658,1.6389325794552991
2023-10-01 09:25:00,28393.297757946253,1.6871554431391613,0.5808341159019442,0.9510266891525945,0.2652287870580873,1.25,3.0,7.800000000000001,1.2000000000000002,0.8333333333333334,0.5123904761019666,0.7772489948530007,1.1171409937872658,1.6389325794552991
2023-10-01 09:30:00,28393.2713767594,1.6832659568621453,0.595754048696818,0.9262323060554507,0.2680256591029384,1.25,0.04459820624195552,0.1718389944104655,0.037500000000000006,0.8333333333333334,0.5115310352266028,0.7760029896849625,1.1294356998076518,1.6045360700214877
2023-10-01 09:35:00,28393.244995573332,1.7432976229666677,0.5808658829296224,1.001381403731475,0.26660049527540197,1.25,3.0,7.800000000000001,1.2000000000000002,0.8333333333333334,0.5115310352266028,0.7760029896849625,1.1294356998076518,1.6045360700214877
2023-10-01 09:40:00,28393.218614388043,1.7754387778451195,0.5611446434348838,1.0600444471338624,0.2776513277575777,1.25,3.0,7.800000000000001,1.2000000000000002,0.8333333333333334,0.5115310352266028,0.7760029896849625,1.1294356998076518,1.6045360700214877
2023-10-01 09:45:00,28393.17904261158,1.9889621915606077,0.6057834180515528,1.1906720724899547,0.2726134849517204,0.7840152949970628,3.0,7.800000000000001,1.2000000000000002,0.8333333333333334,0.8333333333333334,1.25,1.1144792505919525,1.7411042473097353
2023-10-01 09:50:00,28393.165852019818,1.9567357279092383,0.6334186040677359,1.1189829113966905,0.27765134511577866,1.25,3.0,7.800000000000001,1.2000000000000002,0.8333333333333334,0.8333333333333334,1.25,1.1144792505919525,1.7411042473097353
2023-10-01 09:55:00,28393.139470836875,1.9205125115714679,0.6334351163524508,1.0855470162075493,0.27261350086280123,1.25,3.0,7.800000000000001,1.2000000000000002,0.8333333333333334,0.8333333333333334,1.25,1.1144792505919525,1.7411042473097353
2023-10-01 10:00:00,28393.099899063945,2.253126541965824,0.707273885895845,1.2855934132085243,0.27424397827821556,0.7967812369819627,0.04178516483155236,0.13302691456994709,1.2000000000000002,0.8333333333333334,0.8333333333333334,1.25,1.0701219556667363,1.5628000511901707
2023-10-01 10:05:00,28393.08670847336,2.2287981209615406,0.6970333891812328,1.2780560431270507,0.26660053685414703,1.25,3.0,7.800000000000001,1.2000000000000002,0.8333333333333334,0.8333333333333334,1.25,1.0701219556667363,1.5628000511901707
2023-10-01 10:10:00,28393.060327292784,2.1882115829960913,0.6613294026636949,1.2938144173268078,0.27765139719040943,1.25,3.0,7.800000000000001,1.2000000000000002,0.8333333333333334,0.8333333333333334,1.25,1.0701219556667363,1.5628000511901707
2023-10-01 10:15:00,28393.020755523372,2.2371510514108355,0.6537315268597259,1.351963927564532,0.27765139719040943,1.25,3.0,7.800000000000001,1.2000000000000002,0.8333333333333334,0.8333333333333334,1.25,1.6666666666666667,1.3515531806037082
2023-10-01 10:20:00,28523.076265276704,2.2657694357856633,0.663904679152292,1.3636070031139498,0.2759235968929718,1.25,3.0,7.800000000000001,1.2000000000000002,0.8333333333333334,0.8333333333333334,1.25,1.6666666666666667,1.3515531806037082
2023-10-01 10:25:00,28523.04988025745,2.306639406521222,0.6588400866033878,1.4104833140993314,0.27765143190685315,0.7945689998244434,3.0,7.800000000000001,1.2000000000000002,0.8333333333333334,0.8333333333333334,1.25,1.6666666666666667,1.3515531806037082
2023-10-01 10:30:00,28523.010302730025,1.9777577363308898,0.5662201280114751,1.2411500652298255,0.2794265871578026,0.790222329927824,3.0,7.800000000000001,1.2000000000000002,0.8333333333333334,0.5123904761019666,0.7763118960830112,1.0598117757413341,1.4755188917801088
2023-10-01 10:35:00,28653.084606361277,1.9051985075258704,0.5711657141873521,1.1651929613688423,0.2680257597998897,1.25,3.0,7.800000000000001,1.2000000000000002,0.8333333333333334,0.5123904761019666,0.7763118960830112,1.0598117757413341,1.4755188917801088
2023-10-01 10:40:00,28653.058217555492,1.7445982559348563,0.5687151731478516,1.0205103515404335,0.28124821975557457,1.25,3.0,7.800000000000001,1.2000000000000002,0.8333333333333334,0.5123904761019666,0.7763118960830112,1.0598117757413341,1.4755188917801088
2023-10-01 10:45:00,28653.01863434824,1.8369635929363315,0.5885306198383516,1.0754883678402516,0.2759236475470538,1.25,3.0,7.800000000000001,1.2000000000000002,0.8333333333333334,0.5166236541235796,0.7863745672387936,1.076661971093992,1.4277955035648489
2023-10-01 10:50:00,28652.992245544367,1.929703421082342,0.5662823878886442,1.1957235088471203,0.2680257885704937,1.25,3.0,7.800000000000001,1.2000000000000002,0.8333333333333334,0.5166236541235796,0.7863745672387936,1.076661971093992,1.4277955035648489
2023-10-01 10:55:00,28652.979051142705,2.0957171066141362,0.6311124838048822,1.2524582773568589,0.27765150133979644,1.25,3.0,7.800000000000001,1.2000000000000002,0.8333333333333334,0.5166236541235796,0.7863745672387936,1.076661971093992,1.4277955035648489
2023-10-01 11:00:00,28652.939467938893,1.853352670850016,0.5910643880745539,1.0867880980092388,0.27592368131646544,1.25,3.0,0.12952219886953742,0.034985711369071804,0.8333333333333334,0.5161240161046567,0.7782016191193643,1.058329934377744,1.3600720569146327
2023-10-01 11:05:00,28783.01910330037,1.982517718502649,0.6564361274487336,1.108652046038101,0.2666006200117789,0.7881759783900608,3.0,7.800000000000001,1.2000000000000002,0.8333333333333334,0.5161240161046567,0.7782016191193643,1.058329934377744,1.3600720569146327
2023-10-01 11:10:00,28913.117033433697,2.3524765487626187,0.7746832999133907,1.27838360725277,0.26264920909442036,0.8015612055832603,3.0,7.800000000000001,1.2000000000000002,0.8333333333333334,0.5161240161046567,0.7782016191193643,1.058329934377744,1.3600720569146327
2023-10-01 11:15:00,28782.966318224135,2.1977067954897818,0.6640905903558708,1.298601870428266,0.26950363735137545,0.8015699234607322,3.0,7.800000000000001,1.2000000000000002,0.8333333333333334,0.5189614629237898,0.7831956077507074,1.061310628421293,1.3608614918499238
2023-10-01 11:20:00,28913.064240984295,2.1002936781098,0.6717427391996212,1.1952941510261916,0.27103320385060453,0.7841530329641162,3.0,7.800000000000001,1.2000000000000002,0.8333333333333334,0.5189614629237898,0.7831956077507074,1.061310628421293,1.3608614918499238
2023-10-01 11:25:00,29043.16701283275,2.0274341743160464,0.7050018769602687,1.078823803890621,0.26391152320295846,0.7841602843547424,3.0,7.800000000000001,1.2000000000000002,0.8333333333333334,0.5189614629237898,0.7831956077507074,1.061310628421293,1.3608614918499238
2023-10-01 11:30:00,29043.153812902467,2.0315866253372596,0.6717765631932303,1.1313123407525134,0.2680258461117637,0.7903161618795735,0.04743416490252569,0.14005084790889344,0.034985711369071804,0.5104987757086201,0.5197730273879168,0.7856564134531074,1.0733592129385203,1.3839566467198314
2023-10-01 11:35:00,29303.46534162877,2.1818545647081713,0.7617969821642018,1.1381753347485937,0.2666006615906657,0.7969402412382821,3.0,7.800000000000001,1.2000000000000002,0.5104987757086201,0.5197730273879168,0.7856564134531074,1.0733592129385203,1.3839566467198314
2023-10-01 11:40:00,29303.425731143678,2.039892795639042,0.6565536013077393,1.1616526169630352,0.2742441751060327,1.25,3.0,7.800000000000001,1.2000000000000002,0.5104987757086201,0.5197730273879168,0.7856564134531074,1.0733592129385203,1.3839566467198314
2023-10-01 11:45:00,29173.221579989888,2.0805278001923804,0.6794771649528284,1.1653129864618952,0.2776516054893508,0.7903396196860037,3.0,7.800000000000001,1.2000000000000002,0.5111125120753747,0.520322976621252,0.784240167295708,1.056865175885742,1.3492827724387502
2023-10-01 11:50:00,29173.20837826639,2.239146079937599,0.892625452541995,1.0044531241217753,0.2626492580271013,0.7969653504521355,3.0,7.800000000000001,1.2000000000000002,0.5111125120753747,0.520322976621252,0.784240167295708,1.056865175885742,1.3492827724387502
2023-10-01 11:55:00,29043.008613681457,2.0564096997514114,0.7411614643830117,1.0531287236115927,0.26660068930994985,0.8016397858157369,3.0,7.800000000000001,1.2000000000000002,0.5111125120753747,0.520322976621252,0.784240167295708,1.056865175885742,1.3492827724387502
2023-10-01 12:00:00,28912.839873107514,2.3372076034672356,0.853217298438221,1.1490901689908675,0.2812484208211713,0.8168268890041139,0.05028916384272063,0.1365365885028625,0.034985711369071804,0.8333333333333334,0.5184293587365592,0.7835421111848424,1.074452884029821,1.4024963458062913
2023-10-01 12:05:00,28652.59641357776,2.2598290050953547,0.8584864274828153,1.0707996152918977,0.27261375544076244,0.861967781483072,3.0,7.800000000000001,1.2000000000000002,0.8333333333333334,0.5184293587365592,0.7835421111848424,1.074452884029821,1.4024963458062913
2023-10-01 12:10:00,28522.46941002972,2.296622056622035,0.8375228031710851,1.1343280526015223,0.2626492824934748,0.8687120015663647,3.0,7.800000000000001,1.2000000000000002,0.8333333333333334,0.5184293587365592,0.7835421111848424,1.074452884029821,1.4024963458062913
2023-10-01 12:15:00,28522.456217528907,2.7019550410120057,0.9587892322287835,1.335779707442497,0.27424424071545955,0.8554193743360835,3.0,7.800000000000001,1.2000000000000002,0.8333333333333334,0.5149067876810326,0.7778823561439094,1.06747470696031,1.4475496537252184
2023-10-01 12:20:00,28392.361226293197,2.599482955932719,0.9588092323995024,1.2396059504163668,0.2652290002674768,0.8620038805129836,3.0,7.800000000000001,1.2000000000000002,0.8333333333333334,0.5149067876810326,0.7778823561439094,1.06747470696031,1.4475496537252184
2023-10-01 12:25:00,28262.272122284794,2.317333657816296,0.8218748673413114,1.1760931776547736,0.27765169228077397,0.8458914473799093,3.0,7.800000000000001,1.2000000000000002,0.8333333333333334,0.5149067876810326,0.7778823561439094,1.06747470696031,1.4475496537252184
2023-10-01 12:30:00,28262.258933653004,2.2644303939917756,0.8140528999455449,1.138543362630754,0.28124849393606793,0.830835777783528,0.04743416490252569,0.16829545448407096,0.034985711369071804,0.8333333333333334,0.8333333333333334,1.25,1.6666666666666667,2.0833333333333335
2023-10-01 12:35:00,28132.189176033422,2.1505836448332003,0.7801886625038204,1.0829146832362797,0.2726138031742702,0.8251285922103355,3.0,7.800000000000001,1.2000000000000002,0.8333333333333334,0.8333333333333334,1.25,1.6666666666666667,2.0833333333333335
2023-10-01 12:40:00,28132.162802720246,2.085723540863304,0.7750083818654311,1.0314872917481661,0.26950377147446336,0.8223480176268361,3.0,7.800000000000001,1.2000000000000002,0.8333333333333334,0.8333333333333334,1.25,1.6666666666666667,2.0833333333333335
2023-10-01 12:45:00,28132.14961606395,2.0574431421598325,0.8010577279826299,0.9698417723902139,0.26522904024438937,0.7993672515583659,3.0,7.800000000000001,1.2000000000000002,0.8333333333333334,0.8333333333333334,1.25,1.6666666666666667,2.0833333333333335
2023-10-01 12:50:00,28132.110056096288,2.268926813653369,0.8167396796171322,1.1388037321175852,0.2726138349966332,1.25,3.0,7.800000000000001,1.2000000000000002,0.8333333333333334,0.8333333333333334,1.25,1.6666666666666667,2.0833333333333335
2023-10-01 12:55:00,28132.083682785516,2.2038695252923226,0.8037029455811292,1.0978638865561035,0.2776517617139962,1.25,3.0,7.800000000000001,1.2000000000000002,0.8333333333333334,0.8333333333333334,1.25,1.6666666666666667,2.0833333333333335
2023-10-01 13:00:00,28132.070496130444,2.5347710706461153,0.9324937198943721,1.2174872679206477,0.27765177907231336,1.25,0.04178516483155236,0.1365365885028625,0.034985711369071804,0.8333333333333334,0.8333333333333334,1.25,1.074452884029821,1.456709991727935
2023-10-01 13:05:00,28132.030936166415,2.5922547830879665,0.9325134378381765,1.2711252868034528,0.27765179643063514,1.25,3.0,7.800000000000001,1.2000000000000002,0.8333333333333334,0.8333333333333334,1.25,1.074452884029821,1.456709991727935
2023-10-01 13:10:00,28001.994001234154,2.387697715771217,0.8771328655021411,1.1611948229925058,0.26950381618225083,1.25,3.0,7.800000000000001,1.2000000000000002,0.8333333333333334,0.8333333333333334,1.25,1.074452884029821,1.456709991727935
2023-10-01 13:15:00,28001.980816582192,2.477769628094982,0.9140548102779451,1.1912360662626922,0.26522908022134983,1.25,3.0,7.800000000000001,1.2000000000000002,0.8333333333333334,0.8333333333333334,1.25,1.056865175885742,1.4061422403156802
2023-10-01 13:20:00,28001.941262627526,2.2573323636946045,0.824694625958114,1.116691114297024,0.2726138827302146,0.7971162029552167,3.0,7.800000000000001,1.2000000000000002,0.8333333333333334,0.8333333333333334,1.25,1.056865175885742,1.4061422403156802
2023-10-01 13:25:00,28261.95559517674,2.15569070163122,0.8012045149648339,1.0575816579512123,0.27592400212682106,1.25,3.0,7.800000000000001,1.2000000000000002,0.8333333333333334,0.8333333333333334,1.25,1.056865175885742,1.4061422403156802
2023-10-01 13:30:00,28001.9017086747,2.8844780509018664,1.0308238053067387,1.402446447378442,0.2776518485056285,0.797132962721032,0.03624913792078372,0.1506179272198366,0.032897568299191965,0.8333333333333334,0.8333333333333334,1.25,1.6666666666666667,2.0833333333333335
2023-10-01 13:35:00,28001.86215472371,3.0452216500128566,1.0681698784332898,1.5002878649627192,0.2931036111651348,1.25,3.0,7.800000000000001,1.2000000000000002,0.8333333333333334,0.8333333333333334,1.25,1.6666666666666667,2.0833333333333335
2023-10-01 13:40:00,28001.848970073792,2.8517804278138135,0.9936230881792542,1.4263452851500182,0.2776518658639689,1.25,3.0,7.800000000000001,1.2000000000000002,0.8333333333333334,0.8333333333333334,1.25,1.6666666666666667,2.0833333333333335
2023-10-01 13:45:00,28001.82260077456,2.5972187972685488,0.8772663662365707,1.3571582838982457,0.277651883222314,1.25,3.0,7.800000000000001,1.2000000000000002,0.8333333333333334,0.8333333333333334,1.25,1.6666666666666667,2.0833333333333335
2023-10-01 13:50:00,28001.783046827262,2.3272923618871197,0.8065142591972514,1.2077730911189148,0.2695038757927053,1.25,3.0,7.800000000000001,1.2000000000000002,0.8333333333333334,0.8333333333333334,1.25,1.6666666666666667,2.0833333333333335
2023-10-01 13:55:00,28001.756677530073,2.2458456334072827,0.8039230865537086,1.1360661472695692,0.2710334812526028,1.25,3.0,7.800000000000001,1.2000000000000002,0.8333333333333334,0.8333333333333334,1.25,1.6666666666666667,2.0833333333333335
2023-10-01 14:00:00,28001.73030823371,2.303022620219528,0.7909073971827155,1.2080399680985845,0.27765191793901806,1.25,0.04178516483155236,0.154147461866876,1.2000000000000002,0.8333333333333334,0.8333333333333334,1.25,1.6666666666666667,2.0833333333333335
2023-10-01 14:05:00,28001.703938938164,2.262354475119876,0.7935302300711943,1.166401154658495,0.26802607627767067,1.25,3.0,7.800000000000001,1.2000000000000002,0.8333333333333334,0.8333333333333334,1.25,1.6666666666666667,2.0833333333333335
2023-10-01 14:10:00,28131.688083220837,2.413496693475624,0.8747303994798087,1.1885354004410562,0.2710334966638724,1.25,3.0,7.800000000000001,1.2000000000000002,0.8333333333333334,0.8333333333333334,1.25,1.6666666666666667,2.0833333333333335
2023-10-01 14:15:00,28261.69182267418,2.667615436054754,0.8800126198659411,1.419957637094911,0.2776519352973771,1.25,3.0,7.800000000000001,1.2000000000000002,0.8333333333333334,0.8333333333333334,1.25,1.6666666666666667,1.356162232183156
2023-10-01 14:20:00,28131.63533662592,2.589773850631294,0.8092352190215851,1.4519456253139238,0.2759241034357096,1.25,3.0,7.800000000000001,1.2000000000000002,0.8333333333333334,0.8333333333333334,1.25,1.6666666666666667,1.356162232183156
2023-10-01 14:25:00,28131.608963329676,2.803413251217383,0.8616422296035714,1.5778106534665994,0.27424450315393845,1.25,3.0,7.800000000000001,1.2000000000000002,0.8333333333333334,0.8333333333333334,1.25,1.6666666666666667,1.356162232183156
2023-10-01 14:30:00,28131.569403386813,2.721324496143615,0.8590344486217198,1.5028109677787183,0.277651987372482,1.25,0.03624913792078372,0.1365365885028625,1.2000000000000002,0.8333333333333334,0.8333333333333334,1.25,1.6666666666666667,2.0833333333333335
2023-10-01 14:35:00,28261.586313695436,3.3685271659506695,1.0871128400621,1.783552371912474,0.27261402593122386,1.25,3.0,7.800000000000001,1.2000000000000002,0.8333333333333334,0.8333333333333334,1.25,1.6666666666666667,2.0833333333333335
2023-10-01 14:40:00,28131.529843445776,4.284172738850745,1.3072507558579376,2.345064915566279,0.27592415409021787,0.7885048188978316,3.0,7.800000000000001,1.2000000000000002,0.8333333333333334,0.8333333333333334,1.25,1.6666666666666667,2.0833333333333335
2023-10-01 14:45:00,28261.52037059018,2.9273001372576233,0.9249722574670742,1.6014039917560292,0.27592415409021787,1.25,3.0,7.800000000000001,1.2000000000000002,0.8333333333333334,0.8333333333333334,1.25,1.6666666666666667,2.0833333333333335
2023-10-01 14:50:00,28131.477096860537,2.2347800753451246,0.8224127264280389,1.0993186735914764,0.27103357372029535,0.790629614588931,3.0,7.800000000000001,1.2000000000000002,0.8333333333333334,0.8333333333333334,1.25,1.6666666666666667,2.0833333333333335
2023-10-01 14:55:00,28131.450723569127,2.672589277417106,1.0072168927745442,1.2376410494666275,0.2759241878599137,0.8043687545140897,3.0,7.800000000000001,1.2000000000000002,0.8333333333333334,0.8333333333333334,1.25,1.6666666666666667,2.0833333333333335
2023-10-01 15:00:00,28131.411163633522,2.8453127893622487,1.0072372030776366,1.400074145113954,0.27424456876375114,0.7885354737482575,0.03624913792078372,0.12952219886953742,0.034985711369071804,0.8333333333333334,0.8333333333333334,1.25,1.6666666666666667,2.0833333333333335
2023-10-01 15:05:00,28131.384790344135,2.7056569741994174,0.938274615358972,1.3695216121924507,0.2812488777904492,0.7996072172624671,3.0,7.800000000000001,1.2000000000000002,0.8333333333333334,0.8333333333333334,1.25,1.6666666666666667,2.0833333333333335
2023-10-01 15:10:00,28131.371603699743,2.4352223368846575,0.8303377752620604,1.273755284699672,0.27424460156868646,0.7906610193857879,3.0,7.800000000000001,1.2000000000000002,0.8333333333333334,0.8333333333333334,1.25,1.6666666666666667,2.0833333333333335
2023-10-01 15:15:00,28391.424695628826,2.251601654764752,0.7212287986771149,1.2631834984894448,0.2639117916553568,0.7865003109179444,3.0,7.800000000000001,1.2000000000000002,0.8333333333333334,0.8333333333333334,1.25,1.0685280763742242,1.455684031649726
2023-10-01 15:20:00,56443.43263578751,3.0104655880494655,0.9409799589975929,1.6575013041344444,0.27765209152281733,0.8068776753036313,3.0,7.800000000000001,1.2000000000000002,0.8333333333333334,0.8333333333333334,1.25,1.0685280763742242,1.455684031649726
2023-10-01 15:25:00,29302.211010380302,3.7751899764683112,1.1944708572107827,2.0172908530486513,0.2776521088812228,0.8726221320373577,3.0,7.800000000000001,1.2000000000000002,0.8333333333333334,0.8333333333333334,1.25,1.0685280763742242,1.455684031649726
2023-10-01 15:30:00,29562.565162328036,4.609289399473632,1.410028283966336,2.5086364764747415,0.2776521088812228,0.8172373640653733,0.033541019662496854,0.12602285507002292,1.2000000000000002,0.8333333333333334,0.8333333333333334,1.25,1.6666666666666667,2.0833333333333335
2023-10-01 15:35:00,29302.144992990776,4.260590789628379,1.4235647015194572,2.1453948531161595,0.28311614754221437,0.797342883879452,3.0,7.800000000000001,1.2000000000000002,0.8333333333333334,0.8333333333333334,1.25,1.6666666666666667,2.0833333333333335
2023-10-01 15:40:00,28911.65204406588,3.262586421819533,1.0873846586202862,1.6805431792433234,0.27765214359804774,0.8020334026724126,3.0,7.800000000000001,1.2000000000000002,0.8333333333333334,0.8333333333333334,1.25,1.6666666666666667,2.0833333333333335
2023-10-01 15:45:00,28911.612449790402,2.694207129857916,0.9278500863221087,1.3740923194280756,0.27765214359804774,0.7865452002141964,3.0,7.800000000000001,1.2000000000000002,0.8333333333333334,0.8333333333333334,1.25,1.6666666666666667,1.370526905974487
2023-10-01 15:50:00,28781.47514106504,2.538427740911311,0.8724803690756489,1.3086834568073453,0.2812489874634919,1.25,3.0,7.800000000000001,1.2000000000000002,0.8333333333333334,0.8333333333333334,1.25,1.6666666666666667,1.370526905974487
2023-10-01 15:55:00,28521.2688932471,2.7355041646124705,0.864610809355922,1.5080046510091978,0.28124900574234796,1.25,3.0,7.800000000000001,1.2000000000000002,0.8333333333333334,0.8333333333333334,1.25,1.6666666666666667,1.370526905974487
2023-10-01 16:00:00,28781.422356076917,2.452654109108014,0.8043821297004754,1.3287148250350014,0.27942738919221966,0.7951187216598572,0.03900000000000001,0.1506179272198366,0.034985711369071804,0.8333333333333334,0.5111125120753747,0.7730095989054728,1.0772187567991935,1.440540176461594
2023-10-01 16:05:00,28521.202930832947,2.1712274962717433,0.7575798830521265,1.1345076622691834,0.27765219567332,0.7951269481636942,3.0,7.800000000000001,1.2000000000000002,0.8333333333333334,0.5111125120753747,0.7730095989054728,1.0772187567991935,1.440540176461594
2023-10-01 16:10:00,28521.1897383507,2.4160540697065245,0.864667676825309,1.2055196742009118,0.28698367893950805,0.7997188228483114,3.0,7.800000000000001,1.2000000000000002,0.8333333333333334,0.5111125120753747,0.7730095989054728,1.0772187567991935,1.440540176461594
2023-10-01 16:15:00,28521.15016090511,2.666116783010686,0.922679920308251,1.3551352543775017,0.2710337124221715,0.7974101319677409,3.0,7.800000000000001,1.2000000000000002,0.8333333333333334,0.5151465810815403,0.7808174178385111,1.0811664996659858,1.4268300529495446
2023-10-01 16:20:00,28521.123775942353,2.711398496858487,0.8831230135591654,1.4570842587760071,0.27765223039019143,1.25,3.0,7.800000000000001,1.2000000000000002,0.8333333333333334,0.5151465810815403,0.7808174178385111,1.0811664996659858,1.4268300529495446
2023-10-01 16:25:00,28391.042169303848,2.904805763901367,0.928006567627447,1.5751548325341311,0.27765223039019143,1.25,3.0,7.800000000000001,1.2000000000000002,0.8333333333333334,0.5151465810815403,0.7808174178385111,1.0811664996659858,1.4268300529495446
2023-10-01 16:30:00,28391.00259762447,3.164627549521263,1.0076013423579258,1.7059349954947625,0.26522932008412087,1.25,0.04178516483155236,0.12952219886953742,1.2000000000000002,0.8333333333333334,0.5168761940735905,0.7798236723772881,1.0984399164269296,1.4733974345029925
2023-10-01 16:35:00,28390.989407065073,2.937970897504729,0.8963568521125445,1.655053309867377,0.2695041440407568,1.25,3.0,7.800000000000001,1.2000000000000002,0.8333333333333334,0.5168761940735905,0.7798236723772881,1.0984399164269296,1.4733974345029925
2023-10-01 16:40:00,28260.90050564381,2.6051028197454444,0.8542726478791133,1.3988957418618344,0.2626495638583483,1.25,3.0,7.800000000000001,1.2000000000000002,0.8333333333333334,0.5168761940735905,0.7798236723772881,1.0984399164269296,1.4733974345029925
2023-10-01 16:45:00,28651.07905929695,2.5273187018241785,0.7706973808690588,1.4505327428242059,0.27592440736339846,1.25,3.0,7.800000000000001,1.2000000000000002,0.8333333333333334,0.5197730273879168,0.791971817680402,1.1259690271050975,1.5426328143793648
2023-10-01 16:50:00,29301.735685275282,5.022803440421574,1.532172714079094,2.7305374788574275,0.26802632083039635,0.7997875381458043,3.0,7.800000000000001,1.2000000000000002,0.8333333333333334,0.5197730273879168,0.791971817680402,1.1259690271050975,1.5426328143793648
2023-10-01 16:55:00,35697.74659866503,7.026260023119324,1.7357106769750832,4.408177697021496,0.2776522998239901,0.8433958502379384,3.0,7.800000000000001,1.2000000000000002,0.8333333333333334,0.5197730273879168,0.791971817680402,1.1259690271050975,1.5426328143793648
2023-10-01 17:00:00,70535.07797499797,4.507629907395839,0.991770118603147,3.052207103339245,0.2680263352158973,0.9490090848872907,0.04459820624195552,0.14356935606180032,0.032897568299191965,0.8333333333333334,0.5234739726099092,0.7991720715840863,1.1111886653489587,1.462908062729849
2023-10-01 17:05:00,32169.497913742634,3.305820439523304,0.688238045991022,2.340457305296492,0.27765233454091726,1.0512998894462084,3.0,7.800000000000001,1.2000000000000002,0.8333333333333334,0.5234739726099092,0.7991720715840863,1.1111886653489587,1.462908062729849
2023-10-01 17:10:00,29562.023677532794,3.4340746248954455,0.7604055817645032,2.3521688323234557,0.2726143123344359,0.8593877916284359,3.0,7.800000000000001,1.2000000000000002,0.8333333333333334,0.5234739726099092,0.7991720715840863,1.1111886653489587,1.462908062729849
2023-10-01 17:15:00,30213.292913534922,2.601757686991006,0.7500586290679179,1.5536307669404459,0.27765235189938786,0.8021999838544104,3.0,7.800000000000001,1.2000000000000002,0.5100990099970789,0.5246722786654542,0.7971198153351853,1.0959709165849247,1.4365806625456157
2023-10-01 17:20:00,29822.445236033614,2.7784659631132893,0.8570495483729286,1.560738462601857,0.28124922508897,0.8046280089298523,3.0,7.800000000000001,1.2000000000000002,0.5100990099970789,0.5246722786654542,0.7971198153351853,1.0959709165849247,1.4365806625456157
2023-10-01 17:25:00,29431.732475324152,3.1947598157487596,0.9759347959307031,1.7831456801661578,0.28898237642241037,0.8046369569434444,3.0,7.800000000000001,1.2000000000000002,0.5100990099970789,0.5246722786654542,0.7971198153351853,1.0959709165849247,1.4365806625456157
2023-10-01 17:30:00,28780.934095079578,3.2981239190804756,1.029140718742426,1.8028568446018503,0.2812492433678842,0.7887657142142835,0.053160135440008055,0.14005084790889344,0.04036087214122113,0.5121728223949412,0.528432587942871,0.7983463909857675,1.148821243710265,1.6260688792299052
2023-10-01 17:35:00,29301.498022809483,2.828150141784518,0.7734759579117252,1.7368973065524516,0.27765238661634295,0.7975447586681015,3.0,7.800000000000001,1.2000000000000002,0.5121728223949412,0.528432587942871,0.7983463909857675,1.148821243710265,1.6260688792299052
2023-10-01 17:40:00,28780.86811388349,2.97236836865121,0.8099721143849639,1.8209086834136605,0.2910228858996141,0.7847064864595128,3.0,7.800000000000001,1.2000000000000002,0.5121728223949412,0.528432587942871,0.7983463909857675,1.148821243710265,1.6260688792299052
2023-10-01 17:45:00,29041.107825924264,3.186953494646051,0.9071804663525311,1.8805428001314253,0.2869839532421459,1.25,3.0,7.800000000000001,1.2000000000000002,0.5132796508726992,0.5274694303938381,0.7947099093379923,1.0834615821523161,1.3988867002012708
2023-10-01 17:50:00,29041.081426121065,3.06328013142997,0.8571629529365508,1.836755716760268,0.27765242133331663,1.25,3.0,7.800000000000001,1.2000000000000002,0.5132796508726992,0.5274694303938381,0.7947099093379923,1.0834615821523161,1.3988867002012708
2023-10-01 17:55:00,28520.60926932328,2.968580656593026,0.7943707623600551,1.841385840547817,0.2726144078025268,1.25,3.0,7.800000000000001,1.2000000000000002,0.5132796508726992,0.5274694303938381,0.7947099093379923,1.0834615821523161,1.3988867002012708
2023-10-01 18:00:00,28520.582884376374,2.7135780074334392,0.6476833211119223,1.8226127849582618,0.2759245762127776,1.25,3.0,7.800000000000001,1.2000000000000002,0.5184293587365592,0.5348831648126533,0.8042587643289938,1.1191542565705588,1.5822136391777186
2023-10-01 18:05:00,28520.569691903223,2.545431583811135,0.6300096116574362,1.686623892104349,0.2626496494917125,1.25,3.0,7.800000000000001,1.2000000000000002,0.5184293587365592,0.5348831648126533,0.8042587643289938,1.1191542565705588,1.5822136391777186
2023-10-01 18:10:00,28390.461784849947,2.492278755578386,0.6731348454315741,1.5670067963316567,0.2626496617250722,1.25,3.0,7.800000000000001,1.2000000000000002,0.5184293587365592,0.5348831648126533,0.8042587643289938,1.1191542565705588,1.5822136391777186
2023-10-01 18:15:00,28390.435403747433,2.6153634234549354,0.6757026892828433,1.6823960408316632,0.2626496617250722,1.25,3.0,7.800000000000001,1.2000000000000002,0.5225935322982863,0.5438713083073973,0.8179467953357358,1.1615855543178901,1.709402234700774
2023-10-01 18:20:00,28520.49053706836,2.6154714103362346,0.6325809393330638,1.7508277799375753,0.268026450300091,1.25,3.0,7.800000000000001,1.2000000000000002,0.5225935322982863,0.5438713083073973,0.8179467953357358,1.1615855543178901,1.709402234700774
2023-10-01 18:25:00,28650.538090120244,2.779889744206761,0.6325972182984152,1.9117510594869607,0.2710339435928647,1.25,3.0,7.800000000000001,1.2000000000000002,0.5225935322982863,0.5438713083073973,0.8179467953357358,1.1615855543178901,1.709402234700774
2023-10-01 18:30:00,28650.511701388124,3.0188164776810575,0.737392810955711,1.9796024397965937,0.2626496861918081,0.8047533655545218,3.0,0.1506179272198366,1.2000000000000002,0.5271517807994203,0.5482928049865328,0.8160432341487797,1.1400685286420287,1.5161345586721517
2023-10-01 18:35:00,28780.59099291134,2.755439374691482,0.6911065317349987,1.7946770223919422,0.2626496861918081,0.8047623227940595,3.0,7.800000000000001,1.2000000000000002,0.5271517807994203,0.5482928049865328,0.8160432341487797,1.1400685286420287,1.5161345586721517
2023-10-01 18:40:00,28910.675385758776,2.259990684475882,0.567753814349521,1.5090808103670597,0.2666012437000435,0.795382265320008,3.0,7.800000000000001,1.2000000000000002,0.5271517807994203,0.5482928049865328,0.8160432341487797,1.1400685286420287,1.5161345586721517
2023-10-01 18:45:00,29561.508606901072,2.0041062323132794,0.4531418868828115,1.4511743095840095,0.277652542842871,0.8047802392492203,3.0,7.800000000000001,1.2000000000000002,0.5374095272694744,0.564485606548121,0.8420426592518933,1.137199300914312,1.472339634731063
2023-10-01 18:50:00,36089.56391565622,2.788661809207529,0.686040280541777,1.8351455413033977,0.27765256020139734,0.8375598587468418,3.0,7.800000000000001,1.2000000000000002,0.5374095272694744,0.564485606548121,0.8420426592518933,1.137199300914312,1.472339634731063
2023-10-01 18:55:00,41854.45379885811,4.410735579063429,1.0614892464450256,2.8476868957742565,0.27765257755992834,0.9833673525217443,3.0,7.800000000000001,1.2000000000000002,0.5374095272694744,0.564485606548121,0.8420426592518933,1.137199300914312,1.472339634731063
2023-10-01 19:00:00,44741.5805431143,4.9012845189016,0.9736593086146907,3.4717303447351084,0.27765257755992834,0.9576958038258978,0.07354590403278757,0.12952219886953742,0.032897568299191965,0.5442655601817922,0.5795248053362341,0.8566773021389092,1.2925792045364184,1.9296113598338915
2023-10-01 19:05:00,49602.315192847826,4.473281480846024,0.8128983121001284,3.2995504244861715,0.27592471129262197,0.9251085499243183,3.0,7.800000000000001,1.2000000000000002,0.5442655601817922,0.5795248053362341,0.8566773021389092,1.2925792045364184,1.9296113598338915
2023-10-01 19:10:00,44610.220029647884,2.8425826672445043,0.6682413610580489,1.9162042186089863,0.27765261227700433,1.1050160589343305,3.0,7.800000000000001,1.2000000000000002,0.5442655601817922,0.5795248053362341,0.8566773021389092,1.2925792045364184,1.9296113598338915
2023-10-01 19:15:00,46185.966437661205,2.2240501684221745,0.7272260117522503,1.2283374850515583,0.26660129913951497,1.366396314557755,3.0,7.800000000000001,1.2000000000000002,0.5462600113499065,0.5846443363276514,0.8697425826070607,1.300215751327448,1.9265658566475221
2023-10-01 19:20:00,57889.383875717314,1.7750605131935755,0.49997632418489174,1.1544214443475433,0.26660129913951497,1.394738776345155,3.0,7.800000000000001,1.2000000000000002,0.5462600113499065,0.5846443363276514,0.8697425826070607,1.300215751327448,1.9265658566475221
2023-10-01 19:25:00,68425.4401047244,1.7350874265543013,0.5215447688644254,1.0832603041530382,0.27765264699409886,1.634782977632395,3.0,7.800000000000001,1.2000000000000002,0.5462600113499065,0.5846443363276514,0.8697425826070607,1.300215751327448,1.9265658566475221
2023-10-01 19:30:00,46448.56364021705,2.9377269728504944,0.8970306572777715,1.6537937685144977,0.27765264699409886,1.3161136219225547,0.0912414379544733,0.154147461866876,0.061773780845922,0.5520470994398938,0.5941725338653748,0.886588878793322,1.3314056481778949,1.9296113598338915
2023-10-01 19:35:00,32821.36296118693,3.984171088172376,1.0030291949864083,2.5162125451852178,0.27942788824051784,0.94125108818045,3.0,7.800000000000001,1.2000000000000002,0.5520470994398938,0.5941725338653748,0.886588878793322,1.3314056481778949,1.9296113598338915
2023-10-01 19:40:00,32821.33647399205,4.536461113548947,1.1097861341808708,2.897474919570338,0.2710340668843609,0.831746527238024,3.0,7.800000000000001,1.2000000000000002,0.5520470994398938,0.5941725338653748,0.886588878793322,1.3314056481778949,1.9296113598338915
2023-10-01 19:45:00,31646.64458046982,4.482566770712505,1.2736068070013127,2.592006835467653,0.28698430591817836,0.8098833648120305,3.0,7.800000000000001,1.2000000000000002,0.55162396612185,0.5872512239237991,0.8821379483958277,1.218366119029908,1.6222379603498371
2023-10-01 19:50:00,32951.858266490286,3.590845323558835,1.0084108940631653,2.1205135261131915,0.2776526990697755,0.8073704321637523,3.0,7.800000000000001,1.2000000000000002,0.55162396612185,0.5872512239237991,0.8821379483958277,1.218366119029908,1.6222379603498371
2023-10-01 19:55:00,39493.995501745005,4.163058014005839,1.0510630973424282,2.6186676134117035,0.2850287039491285,0.8565025706720604,3.0,7.800000000000001,1.2000000000000002,0.55162396612185,0.5872512239237991,0.8821379483958277,1.218366119029908,1.6222379603498371
2023-10-01 20:00:00,42378.78636786711,7.381718374236478,1.6470302193875852,4.8988596641200175,0.28311684039773843,0.9748924380016667,0.1030970416646375,0.24663138486413283,0.06574382100243337,0.5474751135896498,0.5883026432033092,0.8783688519067602,1.3605169054443975,2.017809703614293
2023-10-01 20:05:00,32037.966984530096,6.818857743311729,1.351893426767194,4.793332717809372,0.26802660854139737,0.9495542882939046,3.0,7.800000000000001,1.2000000000000002,0.5474751135896498,0.5883026432033092,0.8783688519067602,1.3605169054443975,2.017809703614293
2023-10-01 20:10:00,35434.98192659537,6.30208521656512,1.3411201303430302,4.294884673554528,0.2626497840589713,0.8664961270445422,3.0,7.800000000000001,1.2000000000000002,0.5474751135896498,0.5883026432033092,0.8783688519067602,1.3605169054443975,2.017809703614293
2023-10-01 20:15:00,39624.94028099621,6.635684997189816,1.592828798217197,4.238883363683104,0.2759248632578092,0.9021929450077462,3.0,7.800000000000001,1.2000000000000002,0.5458580401532984,0.5830951894845301,0.8734104189898355,1.2392836640575877,1.6863937855672975
2023-10-01 20:20:00,39362.77867356835,8.717559826842574,2.088051463303586,5.553096642605151,0.28502878060493536,0.9174820165561425,3.0,7.800000000000001,1.2000000000000002,0.5458580401532984,0.5830951894845301,0.8734104189898355,1.2392836640575877,1.6863937855672975
2023-10-01 20:25:00,38445.59516212289,6.861100584362174,1.6960438370182196,4.304640390312695,0.2973880878955386,0.9059877290913613,3.0,7.800000000000001,1.2000000000000002,0.5458580401532984,0.5830951894845301,0.8734104189898355,1.2392836640575877,1.6863937855672975
2023-10-01 20:30:00,59073.58463736711,9.281408768497023,1.9164147790361503,6.379643820750388,0.3111353925794388,0.9537815290267757,0.09716480844420988,0.14709180806557515,0.04036087214122113,0.5550504481576427,0.596888599321515,0.8943510720069607,1.246409242584473,1.6703784002434898
2023-10-01 20:35:00,46710.83185083358,5.602843715680509,1.0378928905095721,4.069648016040588,0.3286949370149891,0.9373629118259481,3.0,7.800000000000001,1.2000000000000002,0.5550504481576427,0.596888599321515,0.8943510720069607,1.246409242584473,1.6703784002434898
2023-10-01 20:40:00,33474.02611313163,5.511368193855685,1.3412579470243595,3.5077062235021805,0.3339794199287494,0.9136675858070058,3.0,7.800000000000001,1.2000000000000002,0.5550504481576427,0.596888599321515,0.8943510720069607,1.246409242584473,1.6703784002434898
2023-10-01 20:45:00,35434.78293764197,8.242500457923953,1.954631398822598,5.284136508856547,0.356155451383862,0.8804117113384736,3.0,7.800000000000001,1.2000000000000002,0.5815573918367817,0.6359630492410703,0.9442017581004603,1.4391751109576625,2.2476485490396403
2023-10-01 20:50:00,32298.7386629981,9.298718802939879,2.2410214766337213,5.898137494626666,0.37374710045361903,0.8839770637030692,3.0,7.800000000000001,1.2000000000000002,0.5815573918367817,0.6359630492410703,0.9442017581004603,1.4391751109576625,2.2476485490396403
2023-10-01 20:55:00,32690.337046128538,5.924088504187817,1.416966600702847,3.80140134071035,0.35046553748983134,0.8178745824995479,3.0,7.800000000000001,1.2000000000000002,0.5815573918367817,0.6359630492410703,0.9442017581004603,1.4391751109576625,2.2476485490396403
2023-10-01 21:00:00,32690.31056146115,3.820317777499498,1.1315460229170087,2.1572235464579137,0.34765562302145075,0.815216584110654,0.11200892821556681,0.1931440912893791,0.046861498055439925,0.6007403765354881,0.6575173001526271,0.9582238569353196,1.3534193732912203,1.8604795080838703
2023-10-01 21:05:00,31646.194702900986,4.276824051678352,1.2255201508698381,2.4626332414785432,0.3476556784748028,0.8261772389294896,3.0,7.800000000000001,1.2000000000000002,0.6007403765354881,0.6575173001526271,0.9582238569353196,1.3534193732912203,1.8604795080838703
2023-10-01 21:10:00,30863.662023937297,5.7953368932405,1.3683947553219813,3.7482158857753025,0.3421087276873235,0.8179040661867402,3.0,7.800000000000001,1.2000000000000002,0.6007403765354881,0.6575173001526271,0.9582238569353196,1.3534193732912203,1.8604795080838703
2023-10-01 21:15:00,31124.4091482698,5.39152643315514,1.4143570180671723,3.2761536760865146,0.3476557339281642,0.8179138953305702,3.0,7.800000000000001,1.2000000000000002,0.596888599321515,0.6653728278191108,0.9935202866574995,1.3997929311151702,1.918967430677238
2023-10-01 21:20:00,31646.102081068915,5.908079068908406,1.5524719391107633,3.5770315164254276,0.33132352293638395,0.8179237250984124,3.0,7.800000000000001,1.2000000000000002,0.596888599321515,0.6653728278191108,0.9935202866574995,1.3997929311151702,1.918967430677238
2023-10-01 21:25:00,30342.215227808247,3.920412224153018,0.9662750189048805,2.510216375192013,0.3111356538537313,0.7850360500725448,3.0,7.800000000000001,1.2000000000000002,0.596888599321515,0.6653728278191108,0.9935202866574995,1.3997929311151702,1.918967430677238
2023-10-01 21:30:00,29821.07136327861,2.9815966795320046,0.7899432023582944,1.8609747289979397,0.30875569610443115,0.783076573761864,0.10903669107231748,0.1753848340079609,0.034985711369071804,0.6310507111159926,0.7271753571182126,1.0794892125445257,1.669201081355988,2.667065053574809
2023-10-01 21:35:00,29821.031732360927,2.660749050769635,0.7509858906991755,1.6092058924829877,0.2973883472019728,1.25,3.0,7.800000000000001,1.2000000000000002,0.6310507111159926,0.7271753571182126,1.0794892125445257,1.669201081355988,2.667065053574809
2023-10-01 21:40:00,29430.345928514318,2.5418625231726293,0.6764007286652874,1.609918883453957,0.3159958227625393,1.25,3.0,7.800000000000001,1.2000000000000002,0.6310507111159926,0.7271753571182126,1.0794892125445257,1.669201081355988,2.667065053574809
2023-10-01 21:45:00,29169.947558100204,2.325097956298142,0.6687666102481785,1.4128257037296046,0.29958813123427425,0.7830980258696865,3.0,7.800000000000001,1.2000000000000002,0.6713449188010586,0.7703220105903764,1.117176798899798,1.5368438437264862,2.250974011400398
2023-10-01 21:50:00,29560.504880275555,2.304790145472003,0.6764345899555776,1.381600551695207,0.29102370291151664,0.7831051909661297,3.0,7.800000000000001,1.2000000000000002,0.6713449188010586,0.7703220105903764,1.117176798899798,1.5368438437264862,2.250974011400398
2023-10-01 21:55:00,29300.072049228824,10.5994682322715,2.4490055133915356,6.8773709908701255,0.3018256230638268,0.8471854457583138,3.0,7.800000000000001,1.2000000000000002,0.6713449188010586,0.7703220105903764,1.117176798899798,1.5368438437264862,2.250974011400398
2023-10-01 22:00:00,30081.426237838677,8.061064240773664,1.4849263712066472,5.826870757774161,0.30409994650921673,0.834987461142961,0.10903669107231748,0.17893283656165515,1.2000000000000002,0.7163581506481238,0.8408186486989927,1.2229701549915273,1.7667462324850167,2.6812094285974752
2023-10-01 22:05:00,28909.566747832137,5.534372874939909,1.0569368619897728,3.9716531673051363,0.31847455745285974,0.7934924092134096,3.0,7.800000000000001,1.2000000000000002,0.7163581506481238,0.8408186486989927,1.2229701549915273,1.7667462324850167,2.6812094285974752
2023-10-01 22:10:00,28909.540351707,2.632766102301549,0.5882298823493062,1.839215803367693,0.3184746068894303,1.25,3.0,7.800000000000001,1.2000000000000002,0.7163581506481238,0.8408186486989927,1.2229701549915273,1.7667462324850167,2.6812094285974752
2023-10-01 22:15:00,28779.39013632494,2.3911156321840608,0.6057088469873871,1.5753450973139504,0.2952272607963253,1.25,3.0,7.800000000000001,1.2000000000000002,0.7279017790883603,0.8408186486989927,1.1844923976117363,1.7139614931497147,2.516417294488337
2023-10-01 22:20:00,29039.616238192724,2.158719963101488,0.5244825637090299,1.4813146348738182,0.29738852007323163,1.25,3.0,7.800000000000001,1.2000000000000002,0.7279017790883603,0.8408186486989927,1.1844923976117363,1.7139614931497147,2.516417294488337
2023-10-01 22:25:00,29039.589838430937,2.0816172417496475,0.5005174614622876,1.4462384653369538,0.2952272820192582,1.25,3.0,7.800000000000001,1.2000000000000002,0.7279017790883603,0.8408186486989927,1.1844923976117363,1.7139614931497147,2.516417294488337
2023-10-01 22:30:00,28909.421569153103,2.2159205313956414,0.5076892010526708,1.5645614453131298,0.3041000828106672,0.7831624018549683,0.11498260738042082,0.14356935606180032,0.034985711369071804,0.7330047748821286,0.8496875896469244,1.2324706893066464,1.6488544508233587,2.2194720092850915
2023-10-01 22:35:00,28909.395173032055,2.4815777639072163,0.5293646829797264,1.7878963879870169,0.3209847157255766,0.7831695540404493,3.0,7.800000000000001,1.2000000000000002,0.7330047748821286,0.8496875896469244,1.2324706893066464,1.6488544508233587,2.2194720092850915
2023-10-01 22:40:00,29169.670322886468,2.12254429199577,0.47228632333470794,1.5333825799720286,0.30641046441259173,1.25,3.0,7.800000000000001,1.2000000000000002,0.7330047748821286,0.8496875896469244,1.2324706893066464,1.6488544508233587,2.2194720092850915
2023-10-01 22:45:00,29169.63071786245,1.8153302355827252,0.4653282524304104,1.2489184254094339,0.2973886065089518,0.7831838994593943,3.0,7.800000000000001,1.2000000000000002,0.7447845325998653,0.8790500554575946,1.2544844997049585,1.7042300314218148,2.311197957769953
2023-10-01 22:50:00,29429.962977832816,1.8274941947976298,0.5101411199964251,1.1875838944892585,0.2931055065396685,0.7851609000473908,3.0,7.800000000000001,1.2000000000000002,0.7447845325998653,0.8790500554575946,1.2544844997049585,1.7042300314218148,2.311197957769953
2023-10-01 22:55:00,29299.741963048502,1.98900840817984,0.5415729962011476,1.2906667683458883,0.2869848741213218,0.8052290064266499,3.0,7.800000000000001,1.2000000000000002,0.7447845325998653,0.8790500554575946,1.2544844997049585,1.7042300314218148,2.311197957769953
2023-10-01 23:00:00,29169.551507819277,1.8035763231890483,0.5221891298096828,1.1460623624705806,0.285029221377159,0.7980934040970684,0.11498260738042082,0.1365365885028625,1.2000000000000002,0.7552191734854194,0.8955718843286674,1.2796305091705182,1.8669098130332917,2.7202124916998676
2023-10-01 23:05:00,29039.378640363095,1.707475133801667,0.47937015202034317,1.1239822400778732,0.2952274305798971,1.25,3.0,7.800000000000001,1.2000000000000002,0.7552191734854194,0.8955718843286674,1.2796305091705182,1.8669098130332917,2.7202124916998676
2023-10-01 23:10:00,28909.1972021479,1.6756157489650376,0.4470145880084145,1.1468703047627113,0.2776531503940594,0.7832196979187169,3.0,7.800000000000001,1.2000000000000002,0.7552191734854194,0.8955718843286674,1.2796305091705182,1.8669098130332917,2.7202124916998676
2023-10-01 23:15:00,28779.06023094239,1.367859605461476,0.4004987652806283,0.938603949310724,0.28502927886935575,1.25,3.0,7.800000000000001,1.2000000000000002,0.7522260298607062,0.8864671454712804,1.2602634010396396,1.8190327787041112,2.630037262093448
2023-10-01 23:20:00,28909.15760797609,1.294323201701675,0.4157104025099006,0.8484985383842378,0.27942842293909076,1.25,3.0,7.800000000000001,1.2000000000000002,0.7522260298607062,0.8864671454712804,1.2602634010396396,1.8190327787041112,2.630037262093448
2023-10-01 23:25:00,28779.007446092113,1.5843712085741732,0.4747469466791393,1.0171154484929974,0.27765318511144216,0.7832411934550059,3.0,7.800000000000001,1.2000000000000002,0.7522260298607062,0.8864671454712804,1.2602634010396396,1.8190327787041112,2.630037262093448
2023-10-01 23:30:00,29169.393087752484,1.5132278093686902,0.4562218131740814,0.9811397250274585,0.2695048146680908,0.7832483535951238,0.11498260738042082,0.12252934342434063,1.2000000000000002,0.7665252768174055,0.9172573248549178,1.3277196089536376,1.9127284830837856,2.836303227794941
2023-10-01 23:35:00,29039.207041967522,1.800264155482403,0.48650830537491047,1.1998322644041006,0.2812501755984409,0.7832555144575576,3.0,7.800000000000001,1.2000000000000002,0.7665252768174055,0.9172573248549178,1.3277196089536376,1.9127284830837856,2.836303227794941
2023-10-01 23:40:00,29559.89736201617,1.6124700659730837,0.4425511598676208,1.0949397033171504,0.2794284764091738,0.7958782736600581,3.0,7.800000000000001,1.2000000000000002,0.7665252768174055,0.9172573248549178,1.3277196089536376,1.9127284830837856,2.836303227794941
2023-10-01 23:45:00,29299.477894184547,2.4421298569729823,0.6311310475793037,1.5844538531958243,0.2831174583550268,0.8053189326318935,3.0,7.800000000000001,1.2000000000000002,0.7688016649305593,0.9155812361554818,1.311921095188274,1.9216870192619815,2.8884798770287463
2023-10-01 23:50:00,29039.127842718477,1.9335245820237719,0.4936414164510745,1.3150747694555986,0.2776532371875512,0.805327931324912,3.0,7.800000000000001,1.2000000000000002,0.7688016649305593,0.9155812361554818,1.311921095188274,1.9216870192619815,2.8884798770287463
2023-10-01 23:55:00,29039.101442970263,1.5690951496098404,0.5127307845733488,0.9452560502077179,0.26802695379732716,0.795903167033542,3.0,7.800000000000001,1.2000000000000002,0.7688016649305593,0.9155812361554818,1.311921095188274,1.9216870192619815,2.8884798770287463
2023-10-02 00:15:00,28778.743521885895,1.7569219495512909,0.4819169998312988,1.1663372207130887,0.2812502669942197,0.78731195588539,3.0,7.800000000000001,1.2000000000000002,0.7733692520394123,0.9256570639281051,1.3267295730479514,1.8555239152325684,2.6441255643406953
2023-10-02 00:20:00,28778.717129469413,1.6809987675243143,0.4403945755549761,1.1630083187950053,0.2695048891828744,0.7833200336754426,3.0,7.800000000000001,1.2000000000000002,0.7733692520394123,0.9256570639281051,1.3267295730479514,1.8555239152325684,2.6441255643406953
2023-10-02 00:25:00,28778.677540846104,1.8535656488853913,0.5128201340396485,1.207929949301845,0.2759253866963906,0.7833272212433561,3.0,7.800000000000001,1.2000000000000002,0.7733692520394123,0.9256570639281051,1.3267295730479514,1.8555239152325684,2.6441255643406953
2023-10-02 00:30:00,28908.774864401432,1.857694638016052,0.5589993291499359,1.1395040672612462,0.2680270113402715,0.7982458031940126,0.1268897158953396,0.1365365885028625,1.2000000000000002,0.7642538845174424,0.9097252332435327,1.3217846118032999,1.868176651176221,2.6247597985339532
2023-10-02 00:35:00,28908.748468298592,1.7934395800273126,0.5297272978415403,1.1248150456541242,0.2759254035815819,0.798254285233575,3.0,7.800000000000001,1.2000000000000002,0.7642538845174424,0.9097252332435327,1.3217846118032999,1.868176651176221,2.6247597985339532
2023-10-02 00:40:00,29038.850645398797,1.4594476602978363,0.44725981345763777,0.9463980666750422,0.275925420466778,0.7937435392207095,3.0,7.800000000000001,1.2000000000000002,0.7642538845174424,0.9097252332435327,1.3217846118032999,1.868176651176221,2.6247597985339532
2023-10-02 00:45:00,29038.82424565827,1.498905276734879,0.4359482500649984,1.0003797254695832,0.2680270257260205,0.7959860463251052,3.0,7.800000000000001,1.2000000000000002,0.7703220105903764,0.9231337931199356,1.3237615495246868,1.851734929734815,2.6194854456553105
2023-10-02 00:50:00,28908.682478044757,2.6033918067008766,0.6212678734861672,1.757127825780219,0.26391245640490285,0.8295012428419721,3.0,7.800000000000001,1.2000000000000002,0.7703220105903764,0.9231337931199356,1.3237615495246868,1.851734929734815,2.6194854456553105
2023-10-02 00:55:00,28908.64288389468,1.9227351550063196,0.5297880339885152,1.2464088051033466,0.27103462170005155,0.783370244949062,3.0,7.800000000000001,1.2000000000000002,0.7703220105903764,0.9231337931199356,1.3237615495246868,1.851734929734815,2.6194854456553105
2023-10-02 01:00:00,28778.49279395976,1.7097694438316984,0.48439719222655125,1.1180749308588307,0.2626500898961217,1.25,0.1268897158953396,0.14709180806557515,1.2000000000000002,0.7612332099954653,0.9139064503547396,1.3060201529838655,1.935796024895185,2.8094049191955226
2023-10-02 01:05:00,28778.46640155044,1.7298777490831703,0.47971243853210815,1.1444484363521021,0.26660178423847397,0.7833846114555261,3.0,7.800000000000001,1.2000000000000002,0.7612332099954653,0.9139064503547396,1.3060201529838655,1.935796024895185,2.8094049191955226
2023-10-02 01:10:00,28778.440009141865,2.1297309165162246,0.5542131746295592,1.4051768111313263,0.27765341077488337,0.8030362770287316,3.0,7.800000000000001,1.2000000000000002,0.7612332099954653,0.9139064503547396,1.3060201529838655,1.935796024895185,2.8094049191955226
2023-10-02 01:15:00,29168.825416060354,2.6203531186073175,0.6745802685987415,1.68901675299986,0.2776534281336422,1.25,3.0,7.800000000000001,1.2000000000000002,0.7552191734854194,0.9047187408250147,1.3129058458244447,1.878323720768068,2.656470590840411
2023-10-02 01:20:00,28908.497705358714,3.548775077564019,0.8957398940292753,2.253145215511969,0.2776534454924056,0.7834061373928226,3.0,7.800000000000001,1.2000000000000002,0.7552191734854194,0.9047187408250147,1.3129058458244447,1.878323720768068,2.656470590840411
2023-10-02 01:25:00,29168.75940774576,3.5074873855124484,0.8904828334300572,2.22066038044563,0.26265011436324204,0.783413333652079,3.0,7.800000000000001,1.2000000000000002,0.7552191734854194,0.9047187408250147,1.3129058458244447,1.878323720768068,2.656470590840411
2023-10-02 01:30:00,28908.458111216434,4.013320127932503,0.9725600582938546,2.5922919114923606,0.2695050084067925,0.7983475167887674,3.0,7.800000000000001,1.2000000000000002,0.7688016649305593,0.9231337931199356,1.313890954379396,1.999090042994562,3.1175689246590843
2023-10-02 01:35:00,28908.418517075843,3.77700553804907,0.9116424764848001,2.453517029718474,0.2726152511116753,0.7834276893339973,3.0,7.800000000000001,1.2000000000000002,0.7688016649305593,0.9231337931199356,1.313890954379396,1.999090042994562,3.1175689246590843
2023-10-02 01:40:00,28908.392120983037,2.3668548137585965,0.5641389635415467,1.618622742237801,0.274245848170526,1.25,3.0,7.800000000000001,1.2000000000000002,0.7688016649305593,0.9231337931199356,1.313890954379396,1.999090042994562,3.1175689246590843
2023-10-02 01:45:00,29038.507448829285,1.8551878761664544,0.486882646606108,1.251354451959617,0.26950502330980514,1.25,3.0,7.800000000000001,1.2000000000000002,0.746268048357961,0.8997244022477106,1.311921095188274,1.901233546937356,2.9155541497286586
2023-10-02 01:50:00,29038.467849233093,1.9359782181664582,0.5348066762759291,1.2510011332955828,0.2626501388303843,0.7983814352682668,3.0,7.800000000000001,1.2000000000000002,0.746268048357961,0.8997244022477106,1.311921095188274,1.901233546937356,2.9155541497286586
2023-10-02 01:55:00,29168.6009878092,1.93203974045242,0.49875273054461006,1.3052832972199842,0.271034714169963,1.25,3.0,7.800000000000001,1.2000000000000002,0.746268048357961,0.8997244022477106,1.311921095188274,1.901233546937356,2.9155541497286586
2023-10-02 02:00:00,29168.574584488975,1.811227251088252,0.4452014158132045,1.278853354625883,0.26391253310771545,0.783463610687071,3.0,0.1753848340079609,1.2000000000000002,0.7366688536920778,0.8914280677654255,1.3070027390942989,1.8707113620224791,2.6511778514464095
2023-10-02 02:05:00,29298.71209488281,1.9929137887866977,0.479883722484892,1.3949577865028278,0.2831178328769193,0.7854481034356298,3.0,7.800000000000001,1.2000000000000002,0.7366688536920778,0.8914280677654255,1.3070027390942989,1.8707113620224791,2.6511778514464095
2023-10-02 02:10:00,29168.521777850692,2.086283174993422,0.5275929037316484,1.4063200599856753,0.2812505594614631,0.7854554819554657,3.0,7.800000000000001,1.2000000000000002,0.7366688536920778,0.8914280677654255,1.3070027390942989,1.8707113620224791,2.6511778514464095
2023-10-02 02:15:00,29168.49537453264,1.831640223734853,0.4775686421160094,1.244212889521017,0.2759256230895,0.7834851799782057,3.0,7.800000000000001,1.2000000000000002,0.7388748202503588,0.9022200396798998,1.3525809994229552,1.9063391618492236,2.6812094285974752
2023-10-02 02:20:00,29168.45576955691,3.686865427775252,0.9435761429785314,2.314959113486275,0.27592563997475766,0.8212394093494355,3.0,7.800000000000001,1.2000000000000002,0.7388748202503588,0.9022200396798998,1.3525809994229552,1.9063391618492236,2.6812094285974752
2023-10-02 02:25:00,30079.972742989794,4.542190418085835,1.0446651563707867,3.0041383060908924,0.2850297963008668,0.8158455703379663,3.0,7.800000000000001,1.2000000000000002,0.7388748202503588,0.9022200396798998,1.3525809994229552,1.9063391618492236,2.6812094285974752
2023-10-02 02:30:00,33080.16690606247,5.97456630243573,1.361776406137753,3.936781140710539,0.2776536017214857,0.8240310917395945,0.1537335357038275,0.16121588011111063,1.2000000000000002,0.7344685153224746,0.9038855015985157,1.3277196089536376,2.0120924432043372,2.9771301617497343
2023-10-02 02:35:00,29689.1617233774,7.551437282740731,1.7441789237564256,4.91853229792073,0.2812506142991987,0.8326293852424476,3.0,7.800000000000001,1.2000000000000002,0.7344685153224746,0.9038855015985157,1.3277196089536376,2.0120924432043372,2.9771301617497343
2023-10-02 02:40:00,29168.35015629625,6.546051813018788,1.5133785259055985,4.2719630889239415,0.2759256737452871,0.8081220028826948,3.0,7.800000000000001,1.2000000000000002,0.7344685153224746,0.9038855015985157,1.3277196089536376,2.0120924432043372,2.9771301617497343
2023-10-02 02:45:00,29298.487636580565,4.093966172344667,0.9967841340278483,2.6344355012513097,0.27592569063055894,0.7875387797998252,3.0,7.800000000000001,1.2000000000000002,0.7366688536920778,0.9072204803684715,1.3555783415206957,1.9473677105261862,2.775425012498086
2023-10-02 02:50:00,29168.29734967026,1.8565059716786725,0.5204671294919312,1.1985431892383,0.2680272127412278,1.25,3.0,7.800000000000001,1.2000000000000002,0.7366688536920778,0.9072204803684715,1.3555783415206957,1.9473677105261862,2.775425012498086
2023-10-02 02:55:00,29298.448026297297,1.6043862315229793,0.4918099634767163,1.0089071430498444,0.27424599579627323,1.25,3.0,7.800000000000001,1.2000000000000002,0.7366688536920778,0.9072204803684715,1.3555783415206957,1.9473677105261862,2.775425012498086
2023-10-02 03:00:00,29298.408416015616,1.748204543853546,0.5350196154991929,1.0746497733931135,0.2695051574371476,0.7985002815048938,0.1537335357038275,0.16121588011111063,1.2000000000000002,0.7293565657481943,0.8831670283700588,1.2952358858524575,1.7544008236432174,2.383988255004626
2023-10-02 03:05:00,29558.774774895806,1.909237686266953,0.5619418657641635,1.1832134797861984,0.27765367115675327,0.8008492492169134,3.0,7.800000000000001,1.2000000000000002,0.7293565657481943,0.8831670283700588,1.2952358858524575,1.7544008236432174,2.383988255004626
2023-10-02 03:10:00,29428.550023151394,2.3197254074465916,0.624244306519081,1.476992214353899,0.27765368851558175,0.7985172405771876,3.0,7.800000000000001,1.2000000000000002,0.7293565657481943,0.8831670283700588,1.2952358858524575,1.7544008236432174,2.383988255004626
2023-10-02 03:15:00,29558.70874039841,1.8368786827577124,0.5350650750226831,1.1571147237673574,0.2710348528751675,0.8056973694511869,3.0,7.800000000000001,1.2000000000000002,0.7344685153224746,0.8914280677654255,1.3237615495246868,1.8719792333249854,2.7932962606927325
2023-10-02 03:20:00,29428.483997281022,3.294972632313818,0.793828479893685,2.1623243454209433,0.27765370587441496,0.808195571891197,3.0,7.800000000000001,1.2000000000000002,0.7344685153224746,0.8914280677654255,1.3237615495246868,1.8719792333249854,2.7932962606927325
2023-10-02 03:25:00,29428.47079210747,3.605503075454078,0.8435721557628936,2.3904947548060735,0.2726154579631959,0.8107425940777692,3.0,7.800000000000001,1.2000000000000002,0.7344685153224746,0.8914280677654255,1.3237615495246868,1.8719792333249854,2.7932962606927325
2023-10-02 03:30:00,29558.629499007293,1.857317907863601,0.5497456391505515,1.1534308789721537,0.26802727028454426,0.8032838301708042,0.15671949463930773,0.14709180806557515,1.2000000000000002,0.7425638019725982,0.9022200396798998,1.3188218378537715,1.894858899760085,2.6882894189428344
2023-10-02 03:35:00,29558.60308521164,1.6409915072315386,0.5254302715470776,0.991050188170547,0.27424607781074606,0.7876145502925866,3.0,7.800000000000001,1.2000000000000002,0.7425638019725982,0.9022200396798998,1.3188218378537715,1.894858899760085,2.6882894189428344
2023-10-02 03:40:00,29558.58987831408,1.4472062509947148,0.46152405696133303,0.9133649457733624,0.27942904675928004,0.7897082411538765,3.0,7.800000000000001,1.2000000000000002,0.7425638019725982,0.9022200396798998,1.3188218378537715,1.894858899760085,2.6882894189428344
2023-10-02 03:45:00,29558.55025762243,1.2569396982027106,0.39475894147998325,0.8485954134767798,0.26523017294352247,0.7897159979491868,3.0,7.800000000000001,1.2000000000000002,0.7366688536920778,0.8964016956699714,1.3297007182069205,1.8190327787041112,2.5251011860913617
2023-10-02 03:50:00,29558.523843828858,2.283821362814801,0.6118068622295535,1.461976602470892,0.27261550569828014,0.8082507381838901,3.0,7.800000000000001,1.2000000000000002,0.7366688536920778,0.8964016956699714,1.3297007182069205,1.8190327787041112,2.5251011860913617
2023-10-02 03:55:00,29688.725839521045,8.19663477422266,1.6657489464204334,5.682940924215772,0.28898433776489213,0.8576372341605232,3.0,7.800000000000001,1.2000000000000002,0.7366688536920778,0.8964016956699714,1.3297007182069205,1.8190327787041112,2.5251011860913617
2023-10-02 04:00:00,29818.918085624937,4.440576132623017,0.7887589753587138,3.305456491636347,0.26660201986028925,0.818711612035404,0.15074813431681336,0.14356935606180032,1.2000000000000002,0.7396113844445609,0.8889460051094217,1.2971933394833632,1.7778920102188434,2.4524681445433703
2023-10-02 04:05:00,30209.69837604111,2.842006945560819,0.6370424189909264,1.9655881282216254,0.27592585948353776,0.8057876123872545,3.0,7.800000000000001,1.2000000000000002,0.7396113844445609,0.8889460051094217,1.2971933394833632,1.7778920102188434,2.4524681445433703
2023-10-02 04:10:00,29558.41818866155,3.395380957446615,0.809681526070796,2.2363470973474513,0.2794291180533717,0.8187313459973464,3.0,7.800000000000001,1.2000000000000002,0.7396113844445609,0.8889460051094217,1.2971933394833632,1.7778920102188434,2.4524681445433703
2023-10-02 04:15:00,29949.087142802175,3.9466738752520696,1.0958986861927238,2.336018272741394,0.29522853417914624,0.800970713182908,3.0,7.800000000000001,1.2000000000000002,0.746268048357961,0.9206133824793121,1.3665934874716767,1.8732474476160377,2.6107018213499606
2023-10-02 04:20:00,29949.06071893077,5.464870518988794,1.4136580929179416,3.350041656357639,0.2726155534334085,0.8270762476040017,3.0,7.800000000000001,1.2000000000000002,0.746268048357961,0.9206133824793121,1.3665934874716767,1.8732474476160377,2.6107018213499606
2023-10-02 04:25:00,29949.04750699531,3.0444540791736214,0.9149462727713267,1.7299549322433874,0.27592589325419037,0.8242655211398232,3.0,7.800000000000001,1.2000000000000002,0.746268048357961,0.9206133824793121,1.3665934874716767,1.8732474476160377,2.6107018213499606
2023-10-02 04:30:00,29558.29932661162,2.809617671652293,0.7966941050645138,1.68304234546006,0.2759259101395238,0.8033900765455849,0.15074813431681336,0.1506179272198366,1.2000000000000002,0.741824777154282,0.9113967302991601,1.3446025435049571,1.9063391618492236,2.7255428817026526
2023-10-02 04:35:00,29818.73314174174,3.5408446247243917,0.9123412294902202,2.2195680390166665,0.2710349915807768,0.8187807323797207,3.0,7.800000000000001,1.2000000000000002,0.741824777154282,0.9113967302991601,1.3446025435049571,1.9063391618492236,2.7255428817026526
2023-10-02 04:40:00,29688.461667577798,2.2155349873286974,0.5280457461384221,1.5305182463583495,0.2794291893475363,0.8108831716645937,3.0,7.800000000000001,1.2000000000000002,0.741824777154282,0.9113967302991601,1.3446025435049571,1.9063391618492236,2.7255428817026526
2023-10-02 04:45:00,29558.220085252822,2.280900722859063,0.609477937508229,1.462834957014538,0.28898447786229886,0.7963849403348456,3.0,7.800000000000001,1.2000000000000002,0.7388748202503588,0.9164191180895344,1.3726179949279407,1.8593160704947396,2.565170559631464
2023-10-02 04:50:00,29558.206878360306,2.1831522876306195,0.5696677258348275,1.431854463325655,0.2889844978762306,0.7919577274958287,3.0,7.800000000000001,1.2000000000000002,0.7388748202503588,0.9164191180895344,1.3726179949279407,1.8593160704947396,2.565170559631464
2023-10-02 04:55:00,29558.167257683777,1.4565059364808373,0.4525277406372768,0.9355300955038606,0.2680273997573085,1.25,3.0,7.800000000000001,1.2000000000000002,0.7388748202503588,0.9164191180895344,1.3726179949279407,1.8593160704947396,2.565170559631464
2023-10-02 05:00:00,29558.1408439003,1.492023568069621,0.4733610720555214,0.935417711796438,0.27261563299205394,1.25,0.15074813431681336,0.154147461866876,0.032897568299191965,0.7257244656203896,0.8947424210352385,1.3465951730197165,1.9101717854685216,2.679440240050149
2023-10-02 05:05:00,29818.574618439703,1.83910593275127,0.5184614541183977,1.1853148072687605,0.2776539488985673,0.8034521077356248,3.0,7.800000000000001,1.2000000000000002,0.7257244656203896,0.8947424210352385,1.3465951730197165,1.9101717854685216,2.679440240050149
2023-10-02 05:10:00,29558.07480944462,2.625445550096493,0.6473867624720172,1.7369798174345854,0.29310681874120637,0.7877586642820742,3.0,7.800000000000001,1.2000000000000002,0.7257244656203896,0.8947424210352385,1.3465951730197165,1.9101717854685216,2.679440240050149
2023-10-02 05:15:00,29558.061602554015,2.3591566993244997,0.5920778363109446,1.5661176060793578,0.2812510347231756,0.7837443816894474,3.0,7.800000000000001,1.2000000000000002,0.7228305472238981,0.9113967302991601,1.3786537781473636,2.0303420894026702,2.940874699812966
2023-10-02 05:20:00,29427.836943984363,2.14714378494253,0.5451934998795116,1.4364487921850944,0.2812510347231756,0.7987383021602011,3.0,7.800000000000001,1.2000000000000002,0.7228305472238981,0.9113967302991601,1.3786537781473636,2.0303420894026702,2.940874699812966
2023-10-02 05:25:00,29427.797328490135,2.0416164375760424,0.5089151256501366,1.3938010156540457,0.2776539836163777,1.25,3.0,7.800000000000001,1.2000000000000002,0.7228305472238981,0.9113967302991601,1.3786537781473636,2.0303420894026702,2.940874699812966
2023-10-02 05:30:00,29427.770918161543,1.9809338050701184,0.4664628699689686,1.405994461666108,0.27261569663905877,0.783766035484839,0.1417956275771577,0.14709180806557515,1.2000000000000002,0.7071067811865476,0.8823429038644782,1.345598692032658,1.9447940765027025,2.7950849718747373
2023-10-02 05:35:00,29688.171078519485,2.17187766294876,0.5089449107559223,1.5196842512837647,0.2742463074519117,1.25,3.0,7.800000000000001,1.2000000000000002,0.7071067811865476,0.8823429038644782,1.345598692032658,1.9447940765027025,2.7950849718747373
2023-10-02 05:40:00,29818.3632540749,2.2045678485743414,0.5550500321705533,1.4759591655843722,0.27424632385488823,0.7987723450484379,3.0,7.800000000000001,1.2000000000000002,0.7071067811865476,0.8823429038644782,1.345598692032658,1.9447940765027025,2.7950849718747373
2023-10-02 05:45:00,29688.118244154168,2.009594868433768,0.5018069849171194,1.3746605446797528,0.2710351148749916,0.8059682948796651,3.0,7.800000000000001,1.2000000000000002,0.7035801304755558,0.8914280677654255,1.3257398839893142,2.126323646578761,3.6356424466660635
2023-10-02 05:50:00,29688.091826972537,2.1030382020630847,0.4899512601546077,1.484583670991047,0.27424634025786965,0.8011357246103639,3.0,7.800000000000001,1.2000000000000002,0.7035801304755558,0.8914280677654255,1.3257398839893142,2.126323646578761,3.6356424466660635
2023-10-02 05:55:00,29427.638866529116,2.1641533191270477,0.48289083617090534,1.555845521476528,0.27103513028679094,0.7838021069058458,3.0,7.800000000000001,1.2000000000000002,0.7035801304755558,0.8914280677654255,1.3257398839893142,2.126323646578761,3.6356424466660635
2023-10-02 06:00:00,29427.61245620474,1.9491790223238155,0.38663987459298244,1.5173149467231997,0.26144392557168517,0.7965098904246958,0.1417956275771577,0.14356935606180032,1.2000000000000002,0.6938018449096255,0.8545460783363295,1.2825490867799174,1.7977864166802462,2.532055291655378
2023-10-02 06:05:00,29427.58604588108,1.8443482989250473,0.4167567107510103,1.3601913441325506,0.26523034618325747,0.7838165405198909,3.0,7.800000000000001,1.2000000000000002,0.6938018449096255,0.8545460783363295,1.2825490867799174,1.7977864166802462,2.532055291655378
2023-10-02 06:10:00,30078.71745359,2.9931567690979386,0.7192117280175857,1.9830891450141883,0.27765408776992057,0.7965265741577962,3.0,7.800000000000001,1.2000000000000002,0.6938018449096255,0.8545460783363295,1.2825490867799174,1.7977864166802462,2.532055291655378
2023-10-02 06:15:00,29557.731430345204,3.76281504052713,0.7140762549718687,2.7515656360283964,0.2742463894668428,0.8060225556731444,3.0,7.800000000000001,1.2000000000000002,0.6903448413655309,0.876584280032445,1.3515825390999987,1.9486549848549384,2.8470799075544053
2023-10-02 06:20:00,29557.718223459113,2.680382240693098,0.44136599651253067,2.135999867366394,0.2710351765222189,0.7942966531595879,3.0,7.800000000000001,1.2000000000000002,0.6903448413655309,0.876584280032445,1.3515825390999987,1.9486549848549384,2.8470799075544053
2023-10-02 06:25:00,29427.48040459346,2.2340473633022495,0.4596744566039513,1.663911872808374,0.2742464058698435,0.7858326551582453,3.0,7.800000000000001,1.2000000000000002,0.6903448413655309,0.876584280032445,1.3515825390999987,1.9486549848549384,2.8470799075544053
2023-10-02 06:30:00,29427.45399427331,2.1608144266425207,0.39516666559516034,1.7085976312042968,0.274246422272849,0.7838526567903579,0.1537335357038275,0.14005084790889344,0.037500000000000006,0.6903448413655309,0.8741218450536516,1.347591985728618,1.9216870192619815,2.713109654990008
2023-10-02 06:35:00,29427.414378794412,2.495972556220502,0.47129737038795555,1.9008628792066018,0.27765413984675474,1.25,3.0,7.800000000000001,1.2000000000000002,0.6903448413655309,0.8741218450536516,1.347591985728618,1.9216870192619815,2.713109654990008
2023-10-02 06:40:00,29818.04620760898,2.833063621017904,0.557692376287916,2.08643226766019,0.2776541572057088,1.25,3.0,7.800000000000001,1.2000000000000002,0.6903448413655309,0.8741218450536516,1.347591985728618,1.9216870192619815,2.713109654990008
2023-10-02 06:45:00,29557.572947723565,3.1797365383783274,0.5923661044985427,2.37159331779944,0.27765417456466746,0.8111177627948094,3.0,7.800000000000001,1.2000000000000002,0.697974927916469,0.8922561291467825,1.369604322423086,2.046026637167757,3.077311163987159
2023-10-02 06:50:00,29557.53332707207,3.1385343641456607,0.5923821705749591,2.330793448906454,0.2742464550788745,0.8012400629820007,3.0,7.800000000000001,1.2000000000000002,0.697974927916469,0.8922561291467825,1.369604322423086,2.046026637167757,3.077311163987159
2023-10-02 06:55:00,29557.506913305282,3.539928693890376,0.6910911737609065,2.567545078064808,0.275926214076335,0.8060949483247447,3.0,7.800000000000001,1.2000000000000002,0.697974927916469,0.8922561291467825,1.369604322423086,2.046026637167757,3.077311163987159
2023-10-02 07:00:00,29557.493706422138,3.7389842624209657,0.7090849099976632,2.7359452778106164,0.275926214076335,0.806103978704942,0.15671949463930773,0.18958860725265114,0.04036087214122113,0.6931089380465383,0.8806957476904269,1.3515825390999987,1.9293781381574737,2.7540181553504692
2023-10-02 07:05:00,29687.669152159793,3.287671254123981,0.5116080114339259,2.6145422697069396,0.2680276011602182,0.7879334451312386,3.0,7.800000000000001,1.2000000000000002,0.6931089380465383,0.8806957476904269,1.3515825390999987,1.9293781381574737,2.7540181553504692
2023-10-02 07:10:00,29948.135883852352,3.382937454881959,0.5164277682355229,2.700885417467285,0.4166666666666667,0.7839104685534497,3.0,7.800000000000001,1.2000000000000002,0.6931089380465383,0.8806957476904269,1.3515825390999987,1.9293781381574737,2.7540181553504692
2023-10-02 07:15:00,30208.654376599778,3.2961699316901947,0.5602603610639353,2.540366645371471,0.2726158875805446,0.8061311479975763,3.0,7.800000000000001,1.2000000000000002,0.6938018449096255,0.8733017806004979,1.3297007182069205,1.9887083748000862,2.949929490682786
2023-10-02 07:20:00,30990.636183654595,3.843147848808895,0.5974682739085627,3.0216419592717934,0.27765424400054867,0.8061402057391894,3.0,7.800000000000001,1.2000000000000002,0.6938018449096255,0.8733017806004979,1.3297007182069205,1.9887083748000862,2.949929490682786
2023-10-02 07:25:00,30990.60973476071,4.503765165593249,0.6758406647552461,3.550337551746962,0.27765426135953053,0.8061492393855221,3.0,7.800000000000001,1.2000000000000002,0.6938018449096255,0.8733017806004979,1.3297007182069205,1.9887083748000862,2.949929490682786
2023-10-02 07:30:00,30469.18329909237,5.690632542486897,1.2202074764567632,3.873183559228982,0.2776542787185171,0.8086561049229326,0.16568041525780894,0.22520710468366664,0.05788134414472422,0.6986730279608624,0.8955718843286674,1.3796608278848828,2.021210590215676,3.119401224594233
2023-10-02 07:35:00,30078.254978923247,4.391744050640388,0.9474685399154966,3.006395144390419,0.27261591940419433,0.8013183977466154,3.0,7.800000000000001,1.2000000000000002,0.6986730279608624,0.8955718843286674,1.3796608278848828,2.021210590215676,3.119401224594233
2023-10-02 07:40:00,30078.22855180554,3.280193195321567,0.6377557862447343,2.396663332055662,0.27592629850349937,0.7839538429198065,3.0,7.800000000000001,1.2000000000000002,0.6986730279608624,0.8955718843286674,1.3796608278848828,2.021210590215676,3.119401224594233
2023-10-02 07:45:00,30078.215338246933,3.5866555576198076,0.7661469012297513,2.4939022679451024,0.2776543134365042,0.7879943010869788,3.0,7.800000000000001,1.2000000000000002,0.7000714249274855,0.8716627788313551,1.3277196089536376,1.9538071168874371,2.8488769717206117
2023-10-02 07:50:00,30208.456148972557,3.5867709299783996,0.7247212224453066,2.559986936209388,0.2759263322743983,0.8061945164309183,3.0,7.800000000000001,1.2000000000000002,0.7000714249274855,0.8716627788313551,1.3277196089536376,1.9538071168874371,2.8488769717206117
2023-10-02 07:55:00,30078.149270456368,4.263379101360086,0.8105117735947,3.094653132276708,0.2794296527613848,0.806203578755802,3.0,7.800000000000001,1.2000000000000002,0.7000714249274855,0.8716627788313551,1.3277196089536376,1.9538071168874371,2.8488769717206117
2023-10-02 08:00:00,30208.40328827815,3.798451161424907,0.7922435624588103,2.6622367481882656,0.2776543307955047,0.8062126417358617,0.18062391868188443,0.2752398227001318,0.07386643351347078,0.7113620737711562,0.8798727180677897,1.3089689988689572,1.845427050847581,2.7932962606927325
2023-10-02 08:05:00,30208.376857931922,3.127825350156268,0.7688187415056631,2.037221707046209,0.28125145514951844,0.7922687029860933,3.0,7.800000000000001,1.2000000000000002,0.7113620737711562,0.8798727180677897,1.3089689988689572,1.845427050847581,2.7932962606927325
2023-10-02 08:10:00,30078.06998911313,2.9092183417845265,0.7610404201299574,1.8352564815138586,0.26950564924092585,0.8062307448947084,3.0,7.800000000000001,1.2000000000000002,0.7113620737711562,0.8798727180677897,1.3089689988689572,1.845427050847581,2.7932962606927325
2023-10-02 08:15:00,29947.77916196952,2.9505620660278975,0.7792640135624341,1.8472599313892886,0.26950564924092585,0.8062398098383741,3.0,7.800000000000001,1.2000000000000002,0.7056939846704094,0.8914280677654255,1.356578106855628,1.9525186298727086,2.7807833428730113
2023-10-02 08:20:00,29817.4913765283,3.202542090315929,0.878888615158517,1.9393050667864675,0.2794297240560966,0.7922926780094012,3.0,7.800000000000001,1.2000000000000002,0.7056939846704094,0.8914280677654255,1.356578106855628,1.9525186298727086,2.7807833428730113
2023-10-02 08:25:00,29817.46495600809,3.086972355725972,0.8158557848197147,1.9237638511031556,0.27765440023155324,0.799053599483059,3.0,7.800000000000001,1.2000000000000002,0.7056939846704094,0.8914280677654255,1.356578106855628,1.9525186298727086,2.7807833428730113
2023-10-02 08:30:00,29687.20685178451,2.506642819722709,0.6480554345193076,1.6203006952598584,0.27103540770003354,0.8062669838259426,0.1537335357038275,0.20025983121934365,0.04036087214122113,0.6910347313992257,0.8757630958198684,1.3555783415206957,1.874516004199484,2.621243216490984
2023-10-02 08:35:00,29687.180434626556,2.367495909523573,0.5629721640897111,1.6211417330189677,0.2680277306340521,0.7901676218111051,3.0,7.800000000000001,1.2000000000000002,0.6910347313992257,0.8757630958198684,1.3555783415206957,1.874516004199484,2.621243216490984
2023-10-02 08:40:00,29687.154017469293,2.7286703105122725,0.6455529118434562,1.8407845415485071,0.2626505792427013,0.7990791939267079,3.0,7.800000000000001,1.2000000000000002,0.6910347313992257,0.8757630958198684,1.3555783415206957,1.874516004199484,2.621243216490984
2023-10-02 08:45:00,29687.12760031271,3.9655032401696517,1.0302160243687346,2.4557304962770554,0.26950570885388114,0.8247965908861492,3.0,7.800000000000001,1.2000000000000002,0.6821260880511755,0.8757630958198684,1.3786537781473636,1.9370805352385325,2.752236181725689
2023-10-02 08:50:00,29556.886189985755,4.239764617558987,1.0569339517831273,2.6854545782468207,0.27765445230863844,0.8113527031093496,3.0,7.800000000000001,1.2000000000000002,0.6821260880511755,0.8757630958198684,1.3786537781473636,1.9370805352385325,2.752236181725689
2023-10-02 08:55:00,29556.859776235997,3.054611919553591,0.6992023552068416,2.075194620842082,0.2710354539357314,0.8063123034033803,3.0,7.800000000000001,1.2000000000000002,0.6821260880511755,0.8757630958198684,1.3786537781473636,1.9370805352385325,2.752236181725689
2023-10-02 09:00:00,29687.035140270076,2.951560483275347,0.7275492419545209,1.9291473907321224,0.2666024356671946,0.8063213742384625,3.0,7.800000000000001,1.2000000000000002,0.6746917814824782,0.8651219567205539,1.3376388750331683,2.107814092845951,3.7297045459392626
2023-10-02 09:05:00,30338.342709037108,3.6216606025965494,0.9292702718024566,2.2728908463368334,0.2759264842436777,0.8113809527196671,3.0,7.800000000000001,1.2000000000000002,0.6746917814824782,0.8651219567205539,1.3376388750331683,2.107814092845951,3.7297045459392626
2023-10-02 09:10:00,33469.70672664209,3.0755914939543088,0.7977203557664914,1.9408212935867852,0.27942983099830127,0.8014838933877806,3.0,7.800000000000001,1.2000000000000002,0.6746917814824782,0.8651219567205539,1.3376388750331683,2.107814092845951,3.7297045459392626
2023-10-02 09:15:00,29426.54283865985,4.040956243574211,0.9637890119422357,2.633266963897607,0.29739096190562553,0.819334654157567,3.0,7.800000000000001,1.2000000000000002,0.6601219584288951,0.8733017806004979,1.3826838250301476,2.1197077628767604,3.511982915675986
2023-10-02 09:20:00,29166.171885377214,3.2741886154539994,0.8685777711774774,2.025411565634861,0.29739096190562553,0.7902378942317756,3.0,7.800000000000001,1.2000000000000002,0.6601219584288951,0.8733017806004979,1.3826838250301476,2.1197077628767604,3.511982915675986
2023-10-02 09:25:00,33992.23136913952,6.932643787877415,1.8879642317361698,4.08134493132244,0.3018284175656268,0.7923965694733899,3.0,7.800000000000001,1.2000000000000002,0.6601219584288951,0.8733017806004979,1.3826838250301476,2.1197077628767604,3.511982915675986
2023-10-02 09:30:00,32424.946970548524,5.547848117910012,1.2530555497652065,3.680212745137392,0.37077040358461083,0.8753339539889882,3.0,0.16121588011111063,0.037500000000000006,0.6536367492728664,0.8782277608912167,1.4008790954254402,2.1210304688994923,3.381518002317894
2023-10-02 09:35:00,33730.84029934152,4.116192287966833,1.065138240245666,2.550597929748255,0.3619413860312766,0.8487835085218893,3.0,7.800000000000001,1.2000000000000002,0.6536367492728664,0.8782277608912167,1.4008790954254402,2.1210304688994923,3.381518002317894
2023-10-02 09:40:00,36476.81877310723,4.67763060324293,1.2477109321513755,2.824603436810406,0.5297807238144953,0.8519738940687422,3.0,7.800000000000001,1.2000000000000002,0.6536367492728664,0.8782277608912167,1.4008790954254402,2.1210304688994923,3.381518002317894
2023-10-02 09:45:00,41848.78628328343,5.431533322282426,1.4774919197720724,3.218920112721831,0.5226941999787046,0.8617691381971178,3.0,7.800000000000001,1.2000000000000002,0.6478765314471577,0.8586058467073236,1.3635855088699058,2.072251191337575,3.461572475046565
2023-10-02 09:50:00,31120.190073708443,7.572145923489905,2.0108323651721074,4.529701702592509,0.624040931374372,0.9276145502289974,3.0,7.800000000000001,1.2000000000000002,0.6478765314471577,0.8586058467073236,1.3635855088699058,2.072251191337575,3.461572475046565
2023-10-02 09:55:00,30338.065157027155,8.792080793564272,2.8395711680496794,4.476918277977419,0.5333342786418088,0.8552294102606506,3.0,7.800000000000001,1.2000000000000002,0.6478765314471577,0.8586058467073236,1.3635855088699058,2.072251191337575,3.461572475046565
2023-10-02 10:00:00,29556.489983812382,3.2420100192094554,0.6789252866404052,2.2923641560617156,0.5016107973139299,0.8277818157003765,0.159705979850474,0.21807338214463495,0.046861498055439925,0.6440776350720463,0.8376061126806561,1.3129058458244447,1.845427050847581,2.6317971046416173
2023-10-02 10:05:00,29947.17141385717,2.6976188910845345,0.7045843785302168,1.7171167302355288,0.4402599148573152,0.7946643323458593,3.0,7.800000000000001,1.2000000000000002,0.6440776350720463,0.8376061126806561,1.3129058458244447,1.845427050847581,2.6317971046416173
2023-10-02 10:10:00,29816.896914987603,2.6155179047399906,0.7510896869957351,1.5653256518201766,0.42059720215071184,0.8064483354443746,3.0,7.800000000000001,1.2000000000000002,0.6440776350720463,0.8376061126806561,1.3129058458244447,1.845427050847581,2.6317971046416173
2023-10-02 10:15:00,35691.59030033727,2.4269295921035483,0.6611156609215908,1.5226297589902718,0.40775734329044233,0.8064574160933173,3.0,7.800000000000001,1.2000000000000002,0.6409375944661071,0.8464567325032037,1.3356522900815166,1.9861158072982552,3.090109383177237
2023-10-02 10:20:00,29816.844073978355,2.3983743080810997,0.6611327598368121,1.4950633476562254,0.4077574063322656,0.8278233841058054,3.0,7.800000000000001,1.2000000000000002,0.6409375944661071,0.8464567325032037,1.3356522900815166,1.9861158072982552,3.090109383177237
2023-10-02 10:25:00,29556.35791512269,1.9991522961916175,0.5930712903602902,1.2197263056338166,0.3920468277070717,0.8064755545398692,3.0,7.800000000000001,1.2000000000000002,0.6409375944661071,0.8464567325032037,1.3356522900815166,1.9861158072982552,3.090109383177237
2023-10-02 10:30:00,29426.13347916455,2.5584600348883844,0.7123912803324086,1.5699381969818917,0.3982833471044549,0.8064846371506305,0.14477914214416382,0.20025983121934365,0.043500000000000004,0.6415637146846757,0.8288069739088831,1.286445894703699,1.8177799646821942,2.791507836277735
2023-10-02 10:35:00,29556.305087651686,2.743528884493069,0.7330524729881451,1.717340828051347,0.38281935509487114,0.7862041553897199,3.0,7.800000000000001,1.2000000000000002,0.6415637146846757,0.8288069739088831,1.286445894703699,1.8177799646821942,2.791507836277735
2023-10-02 10:40:00,29165.736231784467,2.068430242669736,0.5856477884367781,1.2968181988283194,0.3737544264592647,0.7862116068389663,3.0,7.800000000000001,1.2000000000000002,0.6415637146846757,0.8288069739088831,1.286445894703699,1.8177799646821942,2.791507836277735
2023-10-02 10:45:00,29556.252260183464,2.096975084441969,0.6232198493411886,1.2657349988647584,0.350471661391693,0.784221930512464,3.0,7.800000000000001,1.2000000000000002,0.6396882053000509,0.8456500458227387,1.340621288806052,2.0055877567436435,3.132233069233514
2023-10-02 10:50:00,29165.683425301766,2.4686502709724416,0.6996007395860858,1.5030786812570949,0.33666825829528185,1.25,3.0,7.800000000000001,1.2000000000000002,0.6396882053000509,0.8456500458227387,1.340621288806052,2.0055877567436435,3.132233069233514
2023-10-02 10:55:00,29295.82054776106,2.321400300556904,0.6714482966904249,1.4051500850130139,0.34487562273471717,1.25,3.0,7.800000000000001,1.2000000000000002,0.6396882053000509,0.8456500458227387,1.340621288806052,2.0055877567436435,3.132233069233514
2023-10-02 11:00:00,29295.79414097749,2.068844285096513,0.6257893739356674,1.2352411815015705,0.3448756502200388,1.25,0.1417956275771577,0.20738138778588588,0.046861498055439925,0.6647134721065913,0.8553572353116562,1.3148764200486676,1.9037857022259623,2.7932962606927325
2023-10-02 11:05:00,29035.458284750195,1.9918713914632427,0.5857274672560733,1.2241884955674232,0.31599989823110575,1.25,3.0,7.800000000000001,1.2000000000000002,0.6647134721065913,0.8553572353116562,1.3148764200486676,1.9037857022259623,2.7932962606927325
2023-10-02 11:10:00,29295.741327412474,2.1463082947328447,0.6132398975093718,1.3279791363847522,0.2995912753396916,1.25,3.0,7.800000000000001,1.2000000000000002,0.6647134721065913,0.8553572353116562,1.3148764200486676,1.9037857022259623,2.7932962606927325
2023-10-02 11:15:00,29165.551409107677,2.1138625479784743,0.6132560796583056,1.297092827659451,0.3018288646911619,1.25,3.0,7.800000000000001,1.2000000000000002,0.6232046212922366,0.8035178902799862,1.2583354719628626,1.9152864668242189,2.877666415691715
2023-10-02 11:20:00,29165.52500587103,2.268822483206381,0.6740869704535832,1.3508978013840043,0.3339849494720566,1.25,3.0,7.800000000000001,1.2000000000000002,0.6232046212922366,0.8035178902799862,1.2583354719628626,1.9152864668242189,2.877666415691715
2023-10-02 11:25:00,29165.485401017417,2.5022016370506357,0.7306442203199691,1.4875658428456187,0.417366846533587,1.25,3.0,7.800000000000001,1.2000000000000002,0.6232046212922366,0.8035178902799862,1.2583354719628626,1.9152864668242189,2.877666415691715
2023-10-02 11:30:00,29165.472199399916,1.8872365583811357,0.5833205672546121,1.129857199416696,0.3235296719237967,1.25,0.1328495389529072,0.18603483544755803,0.034985711369071804,0.6126303942835354,0.7848726011270875,1.2381918429710317,1.8961331704287017,3.0736564544529044
2023-10-02 11:35:00,29035.299886883553,2.0452088291929615,0.5883116723628627,1.270619300246199,0.33132873362662707,0.7842945451520176,3.0,7.800000000000001,1.2000000000000002,0.6126303942835354,0.7848726011270875,1.2381918429710317,1.8961331704287017,3.0736564544529044
2023-10-02 11:40:00,29035.260287421028,2.2121206979478294,0.6033074435350079,1.4064257008956427,0.2995913852748166,1.25,3.0,7.800000000000001,1.2000000000000002,0.6126303942835354,0.7848726011270875,1.2381918429710317,1.8961331704287017,3.0736564544529044
2023-10-02 11:45:00,31641.23282881427,2.232618090061261,0.625937421925153,1.3906643529152503,0.36486477924316857,1.25,3.0,7.800000000000001,1.2000000000000002,0.6069069121372733,0.7544700126578923,1.1623441831058474,1.671604094874142,2.3805831218422098
2023-10-02 11:50:00,29165.366586466353,2.992469793779367,0.6665327414166409,2.0661914349543293,0.49464723566781843,0.7994039696375481,3.0,7.800000000000001,1.2000000000000002,0.6069069121372733,0.7544700126578923,1.1623441831058474,1.671604094874142,2.3805831218422098
2023-10-02 11:55:00,29165.326981619262,2.9306940724544877,0.8691672558154907,1.6894103171083994,0.3421147471332421,0.784323611152979,3.0,7.800000000000001,1.2000000000000002,0.6069069121372733,0.7544700126578923,1.1623441831058474,1.671604094874142,2.3805831218422098
2023-10-02 12:00:00,40798.8296532883,3.091788068233133,0.8586545316129254,1.8622740023394906,0.3448760625001541,0.8066481117962491,0.12093386622447827,0.1753848340079609,0.037500000000000006,0.6310507111159926,0.8184766337532184,1.2786584219407464,1.9140073145105796,2.8309185788362052
2023-10-02 12:05:00,46179.23921426106,3.899650487393998,0.9140893822518922,2.5709244265730335,0.3737551679642915,0.8654513152020884,3.0,7.800000000000001,1.2000000000000002,0.6310507111159926,0.8184766337532184,1.2786584219407464,1.9140073145105796,2.8309185788362052
2023-10-02 12:10:00,51830.1682117085,4.9186245637955945,1.1595889900097303,3.1994987488890194,0.34766216658236504,0.8688486525174124,3.0,7.800000000000001,1.2000000000000002,0.6310507111159926,0.8184766337532184,1.2786584219407464,1.9140073145105796,2.8309185788362052
2023-10-02 12:15:00,51041.23220507384,4.802162829992236,1.060455648021956,3.2376745368973316,0.5440366266836318,0.9201466132568153,3.0,7.800000000000001,1.2000000000000002,0.6347290760631658,0.8312015399408257,1.3060201529838655,2.1104554603213024,3.671349070845757
2023-10-02 12:20:00,42372.51905607584,3.696674879221999,0.7308384180790674,2.659101232069195,0.9127078623196729,0.9124121657699091,3.0,7.800000000000001,1.2000000000000002,0.6347290760631658,0.8312015399408257,1.3060201529838655,2.1104554603213024,3.671349070845757
2023-10-02 12:25:00,30728.213761513944,3.4439615615039916,0.6794207671003121,2.4912967272733115,0.4739582076902922,0.8792745931656398,3.0,7.800000000000001,1.2000000000000002,0.6347290760631658,0.8312015399408257,1.3060201529838655,2.1104554603213024,3.671349070845757
2023-10-02 12:30:00,30728.187318683307,2.5118027117369386,0.5222064416491525,1.8295117849209028,0.39828462058899994,0.8197215042646804,0.1298691649314802,0.19670119470913236,0.06977822009767803,0.6353455752580638,0.8232350818569384,1.3030745796001089,1.939650483979008,2.8398943642325856
2023-10-02 12:35:00,30467.47813388466,1.7637568528175298,0.40683073411261744,1.3001829316399378,0.3561627833509306,0.8042521540780383,3.0,7.800000000000001,1.2000000000000002,0.6353455752580638,0.8232350818569384,1.3030745796001089,1.939650483979008,2.8398943642325856
2023-10-02 12:40:00,30858.478623601142,1.99382679475099,0.5078069496431145,1.3496810577276657,0.3339854521635969,0.7971787286639392,3.0,7.800000000000001,1.2000000000000002,0.6353455752580638,0.8232350818569384,1.3030745796001089,1.939650483979008,2.8398943642325856
2023-10-02 12:45:00,30206.830683811393,2.6517584444916213,0.6794890016322185,1.711862014806507,0.33398547862107303,0.8197512820791926,3.0,7.800000000000001,1.2000000000000002,0.6286183261725671,0.8090092706514557,1.2477611309862158,2.0055877567436435,3.5887318094279492
2023-10-02 12:50:00,30728.068325953114,2.9442883042980825,0.7257767524465872,1.924811132084164,0.3209893204732194,0.8067389920934801,3.0,7.800000000000001,1.2000000000000002,0.6286183261725671,0.8090092706514557,1.2477611309862158,2.0055877567436435,3.5887318094279492
2023-10-02 12:55:00,30337.06068367896,3.3535543132875634,0.8299605251190937,2.1634255765341077,0.30875991085652377,0.817071836291842,3.0,7.800000000000001,1.2000000000000002,0.6286183261725671,0.8090092706514557,1.2477611309862158,2.0055877567436435,3.5887318094279492
2023-10-02 13:00:00,29555.512675920414,3.010539043487644,0.6846593523235655,2.0549996323961426,0.30641422486152736,0.8067571958792368,0.1268897158953396,0.17893283656165515,0.043500000000000004,0.6178745827431324,0.7802570089400032,1.2097440390429703,1.723721555240289,2.4990790303629855
2023-10-02 13:05:00,29164.94413484794,2.2139050242306997,0.5271483044013492,1.5304109065361018,0.2931084433934104,0.8067662987528684,3.0,7.800000000000001,1.2000000000000002,0.6178745827431324,0.7802570089400032,1.2097440390429703,1.723721555240289,2.4990790303629855
2023-10-02 13:10:00,29685.67465775766,1.7845434041988402,0.48649717094706596,1.184988558100653,0.2952304442794784,0.8067753774063897,3.0,7.800000000000001,1.2000000000000002,0.6178745827431324,0.7802570089400032,1.2097440390429703,1.723721555240289,2.4990790303629855
2023-10-02 13:15:00,29555.433434781706,1.4425696456290003,0.5151104351873932,0.8310972008014894,0.2794304191833612,0.7995495623395781,3.0,7.800000000000001,1.2000000000000002,0.5640221626851201,0.65816715202143,1.0126421677967,1.4359422864446885,2.027243448626731
2023-10-02 13:20:00,28904.591091379934,2.5128778691692712,0.7233002753427994,1.5091197374204584,0.27765505987772365,0.799558147811569,3.0,7.800000000000001,1.2000000000000002,0.5640221626851201,0.65816715202143,1.0126421677967,1.4359422864446885,2.027243448626731
2023-10-02 13:25:00,28904.56469539493,2.295968477870081,0.6136800366752857,1.470726296539398,0.2742472424292757,1.25,3.0,7.800000000000001,1.2000000000000002,0.5640221626851201,0.65816715202143,1.0126421677967,1.4359422864446885,2.027243448626731
2023-10-02 13:30:00,28774.441567947797,1.720747448044127,0.4678110275364584,1.1551681918352572,0.268028176602684,1.25,0.10903669107231748,0.16829545448407096,0.04036087214122113,0.5327813810560575,0.5672953375447396,0.8509430063171093,1.1631147836735634,1.5367940655793801
2023-10-02 13:35:00,28774.4019795076,1.901897445865354,0.549163521672732,1.1961828503392307,0.2850316935765402,1.25,3.0,7.800000000000001,1.2000000000000002,0.5327813810560575,0.5672953375447396,0.8509430063171093,1.1631147836735634,1.5367940655793801
2023-10-02 13:40:00,28774.375587215076,2.1412972319113464,0.6011926585394045,1.3419604914685288,0.28311968678611416,1.25,3.0,7.800000000000001,1.2000000000000002,0.5327813810560575,0.5672953375447396,0.8509430063171093,1.1631147836735634,1.5367940655793801
2023-10-02 13:45:00,29034.58709681052,2.133261257792784,0.5224315110848906,1.4600548973845489,0.2776551119553388,0.7844836798578463,3.0,7.800000000000001,1.2000000000000002,0.5381458909998291,0.5867273642842986,0.8878710717215648,1.2775073385307811,1.9571755158901822
2023-10-02 13:50:00,28904.432715481027,2.1700126914773876,0.536998540154298,1.4718029828447694,0.2931085891967068,0.7844909441823571,3.0,7.800000000000001,1.2000000000000002,0.5381458909998291,0.5867273642842986,0.8878710717215648,1.2775073385307811,1.9571755158901822
2023-10-02 13:55:00,28904.406319500482,2.5341490384839074,0.613777828586357,1.7015514156096136,0.2973919991587823,1.25,3.0,7.800000000000001,1.2000000000000002,0.5381458909998291,0.5867273642842986,0.8878710717215648,1.2775073385307811,1.9571755158901822
2023-10-02 14:00:00,29034.507897946525,2.793310327289634,0.6163078132014354,1.9512063996449982,0.2869875584392121,1.25,0.11498260738042082,0.22163970763380825,0.050400892849234324,0.562640204749003,0.6208252572181644,0.9234746558514749,1.2527051728160143,1.6637620022106527
2023-10-02 14:05:00,29164.614094649973,3.686674678557143,0.7883582013487025,2.5576906908704604,0.29523065651478203,0.8019992545558332,3.0,7.800000000000001,1.2000000000000002,0.562640204749003,0.6208252572181644,0.9234746558514749,1.2527051728160143,1.6637620022106527
2023-10-02 14:10:00,29164.60089304441,4.056270900248815,0.7935965593851312,2.9158070513376466,0.297392063987394,0.8068845711216939,3.0,7.800000000000001,1.2000000000000002,0.562640204749003,0.6208252572181644,0.9234746558514749,1.2527051728160143,1.6637620022106527
2023-10-02 14:15:00,28904.300735585723,3.4671956129897086,0.6138430249156094,2.621074490454877,0.31114040436511725,0.7950744179474973,3.0,7.800000000000001,1.2000000000000002,0.5888301962365721,0.6910347313992257,1.0429933077445894,1.5391231269784753,2.741550656106868
2023-10-02 14:20:00,29034.402299471476,3.2023968238953686,0.5009337701362432,2.5483029138028375,0.2973920855969388,0.7865399333377788,3.0,7.800000000000001,1.2000000000000002,0.5888301962365721,0.6910347313992257,1.0429933077445894,1.5391231269784753,2.741550656106868
2023-10-02 14:25:00,29164.521683414812,3.6041971574493163,0.5938414081686902,2.7901315744690085,0.2973921072064874,0.7865474168817207,3.0,7.800000000000001,1.2000000000000002,0.5888301962365721,0.6910347313992257,1.0429933077445894,1.5391231269784753,2.741550656106868
2023-10-02 14:30:00,30336.532013868702,5.23459385643175,1.1628795746238205,3.5083581597762312,0.3018296471643312,0.8312291896413168,3.0,7.800000000000001,1.2000000000000002,0.5909526207742885,0.6896557112066861,1.0429933077445894,1.4784860499849162,2.274313083108832
2023-10-02 14:35:00,63937.17882341641,7.262778285958496,1.582033238848302,4.880428309853025,0.3087603557534131,0.8976824747129557,3.0,7.800000000000001,1.2000000000000002,0.5909526207742885,0.6896557112066861,1.0429933077445894,1.4784860499849162,2.274313083108832
2023-10-02 14:40:00,54459.5325685756,9.043090887918673,1.9578827655357858,6.07794787673441,0.3160009964262998,1.2818683836262452,3.0,7.800000000000001,1.2000000000000002,0.5909526207742885,0.6896557112066861,1.0429933077445894,1.4784860499849162,2.274313083108832
2023-10-02 14:45:00,43946.19663337462,7.964919210780359,1.2787370558456044,6.050628459723302,0.29959211084896153,1.3149141211907376,3.0,7.800000000000001,1.2000000000000002,0.5963430220938282,0.7021744797413246,1.0666164071492619,1.6620036853148068,2.6071908253904237
2023-10-02 14:50:00,42371.54769045164,7.956710988737243,1.1066089299650974,6.311000184306163,0.3184798225168431,1.1443165206239148,3.0,7.800000000000001,1.2000000000000002,0.5963430220938282,0.7021744797413246,1.0666164071492619,1.6620036853148068,2.6071908253904237
2023-10-02 14:55:00,33206.50009720646,6.991864735426681,0.8540540263272681,5.745927674316533,0.3111405943883211,1.03684847620011,3.0,7.800000000000001,1.2000000000000002,0.5963430220938282,0.7021744797413246,1.0666164071492619,1.6620036853148068,2.6071908253904237
2023-10-02 15:00:00,32031.534398306292,7.292721108832086,1.0531198081525626,5.731737570432699,0.3160010940439594,0.901473031262571,3.0,0.49051825654097736,0.15150000000000002,0.5920211144883263,0.697974927916469,1.0898920313498948,1.6015620499999366,2.572159404080548
2023-10-02 15:05:00,48017.09249019021,7.831788570768775,1.24916010153271,5.963711017875314,0.30410426278365854,0.8832237933996705,3.0,7.800000000000001,1.2000000000000002,0.5920211144883263,0.697974927916469,1.0898920313498948,1.6015620499999366,2.572159404080548
2023-10-02 15:10:00,44864.91606059357,7.376546547808972,1.3004433174893095,5.429514373616431,0.2973922800830122,1.1856624368385296,3.0,7.800000000000001,1.2000000000000002,0.5920211144883263,0.697974927916469,1.0898920313498948,1.6015620499999366,2.572159404080548
2023-10-02 15:15:00,36082.26500453772,7.4184590200415865,1.0612020355008573,5.844613162512319,0.2952308899740626,1.217288662236283,3.0,7.800000000000001,1.2000000000000002,0.5990826320300063,0.7771904528492357,1.2670238513934928,2.662434271489157,5.702683228095349
2023-10-02 15:20:00,34643.667098422244,7.397714172875105,1.0612226543776508,5.823864729781711,0.30182984837243404,0.9052861634392599,3.0,7.800000000000001,1.2000000000000002,0.5990826320300063,0.7771904528492357,1.2670238513934928,2.662434271489157,5.702683228095349
2023-10-02 15:25:00,31900.930784304688,9.521083442175957,1.9199345591279406,6.613528715463989,0.31847999554948664,0.9325578657102217,3.0,7.800000000000001,1.2000000000000002,0.5990826320300063,0.7771904528492357,1.2670238513934928,2.662434271489157,5.702683228095349
2023-10-02 15:30:00,32553.43145345221,8.843941581641847,1.7346256246563585,6.22287719248075,0.29739234491177147,0.8693408909639928,0.2075427666771357,0.8033603425611697,0.18692311253560911,0.6074742792909014,0.7170746125752884,1.0907630356773188,1.8152754611903945,2.8866769822756413
2023-10-02 15:35:00,31900.864612382487,6.896921225296387,1.1282531224800996,5.218969285789503,0.2995923087335186,0.8659625009436429,3.0,7.800000000000001,1.2000000000000002,0.6074742792909014,0.7170746125752884,1.0907630356773188,1.8152754611903945,2.8866769822756413
2023-10-02 15:40:00,31770.367101286753,6.746726652977045,1.0212406935471432,5.23669698927035,0.31600128927942994,0.8659746822953673,3.0,7.800000000000001,1.2000000000000002,0.6074742792909014,0.7170746125752884,1.0907630356773188,1.8152754611903945,2.8866769822756413
2023-10-02 15:45:00,31639.883202509583,5.674293084319153,0.8964328358317311,4.363449864510024,0.30410444452433194,0.8343201194790679,3.0,7.800000000000001,1.2000000000000002,0.6069069121372733,0.723553038829912,1.1189567283858657,1.7704578503878594,2.7593658691808165
2023-10-02 15:50:00,32161.767437951858,5.33249836023881,1.0372964792058648,3.8012998607967807,0.29959235270790535,0.8313985567681317,3.0,7.800000000000001,1.2000000000000002,0.6069069121372733,0.723553038829912,1.1189567283858657,1.7704578503878594,2.7593658691808165
2023-10-02 15:55:00,58143.397050865155,6.8849428025376715,1.5688485970197164,4.524117063388683,0.2931090266077577,1.1293420078731247,3.0,7.800000000000001,1.2000000000000002,0.6069069121372733,0.723553038829912,1.1189567283858657,1.7704578503878594,2.7593658691808165
2023-10-02 16:00:00,35558.744171749764,5.524546237448148,0.9282455000550602,4.16386380743511,0.31355472047329047,1.711977586417241,0.18062391868188443,2.0342212269072406,0.379188607423799,0.5925571702376067,0.685537015776683,1.0371735438199337,1.7261659827490519,2.8506743061949398
2023-10-02 16:05:00,31509.333703861965,5.066136990523735,0.807087611666589,3.8991401318023535,0.2973924961790088,0.9742688578100127,3.0,7.800000000000001,1.2000000000000002,0.5925571702376067,0.685537015776683,1.0371735438199337,1.7261659827490519,2.8506743061949398
2023-10-02 16:10:00,31378.864319597953,5.5915284553859825,1.034708319036298,4.063357593645195,0.2889866193763756,0.8660478149581801,3.0,7.800000000000001,1.2000000000000002,0.5925571702376067,0.685537015776683,1.0371735438199337,1.7261659827490519,2.8506743061949398
2023-10-02 16:15:00,31509.280782998667,5.9796138683157185,1.303439118894466,4.031985100575861,0.29739251778862924,0.8593949760476443,3.0,7.800000000000001,1.2000000000000002,0.629832517420306,0.7756603638191139,1.2031644276656455,2.1581603856062226,4.192672655955865
2023-10-02 16:20:00,31118.02102560066,6.551578454092439,1.4929606073042327,4.308941946353942,0.3018300942938468,0.8594069065621491,3.0,7.800000000000001,1.2000000000000002,0.629832517420306,0.7756603638191139,1.2031644276656455,2.1581603856062226,4.192672655955865
2023-10-02 16:25:00,31117.98134792869,7.186496692783005,1.2953836365339306,5.247708635221853,0.29739256100788153,0.8660843376024421,3.0,7.800000000000001,1.2000000000000002,0.629832517420306,0.7756603638191139,1.2031644276656455,2.1581603856062226,4.192672655955865
2023-10-02 16:30:00,30857.196000099753,7.403865565915837,1.2846082286377194,5.481378185393379,0.30876087089870424,0.8906429462738834,0.18062391868188443,0.8357386194259542,0.43752971327670986,0.7192280584070674,0.8618607776201445,1.2699271790146078,2.2061555362213245,4.169770257460236
2023-10-02 16:35:00,30987.554891576172,7.7549817771918415,1.4442251945521547,5.584330684569356,0.3041046489828601,0.8729322379137506,3.0,7.800000000000001,1.2000000000000002,0.7192280584070674,0.8618607776201445,1.2699271790146078,2.2061555362213245,4.169770257460236
2023-10-02 16:40:00,31117.90199258877,7.253750203520089,1.3467904062507148,5.235058587671198,0.2973926042271489,0.8695133476819592,3.0,7.800000000000001,1.2000000000000002,0.7192280584070674,0.8618607776201445,1.2699271790146078,2.2061555362213245,4.169770257460236
2023-10-02 16:45:00,31509.108790208804,8.645535060053586,1.3116788009081006,6.679147848968251,0.29959257258006095,0.8695256429900415,3.0,7.800000000000001,1.2000000000000002,0.6497884271053156,0.8058684756211775,1.2468023099112384,2.1674706457066497,4.5529533272371685
2023-10-02 16:50:00,30596.403971887765,6.126596152839766,0.9019700737670766,4.8059045459311065,0.3135549612984163,0.9017686973525127,3.0,7.800000000000001,1.2000000000000002,0.6497884271053156,0.8058684756211775,1.2468023099112384,2.1674706457066497,4.5529533272371685
2023-10-02 16:55:00,30596.364312299585,5.901391434901517,0.9390661388060987,4.522569209388751,0.28698806788072456,0.8835061070081545,3.0,7.800000000000001,1.2000000000000002,0.6497884271053156,0.8058684756211775,1.2468023099112384,2.1674706457066497,4.5529533272371685
2023-10-02 17:00:00,30596.337872574913,5.009184549880064,0.721491961984603,3.9799016550305053,0.29959263854177975,0.8466546338140751,0.18660385848100783,0.6127348529339587,0.27166155414412246,0.6440776350720463,0.8168941179859236,1.2796305091705182,2.095939884634099,4.101138378548084
2023-10-02 17:05:00,30596.324652712814,4.334840499296042,0.6906276663755476,3.3580517948804514,0.2952312932230129,0.8344920575312043,3.0,7.800000000000001,1.2000000000000002,0.6440776350720463,0.8168941179859236,1.2796305091705182,2.095939884634099,4.101138378548084
2023-10-02 17:10:00,30335.65970924421,4.110425153695637,0.7034888772967485,3.113930603303649,0.29310927655771196,0.8374815702877982,3.0,7.800000000000001,1.2000000000000002,0.6440776350720463,0.8168941179859236,1.2796305091705182,2.095939884634099,4.101138378548084
2023-10-02 17:15:00,30465.94480928665,4.505674752889942,0.8414350380286196,3.2864820519368116,0.2910275021017086,0.846688680565777,3.0,7.800000000000001,1.2000000000000002,0.7794895765820092,1.0225771364547518,1.5885906206446014,2.63743061520109,4.7089383092157835
2023-10-02 17:20:00,30465.918372674383,5.126369058657428,0.9524348262621786,3.7290581421622937,0.29523133567035204,0.8662184510796197,3.0,7.800000000000001,1.2000000000000002,0.7794895765820092,1.0225771364547518,1.5885906206446014,2.63743061520109,4.7089383092157835
2023-10-02 17:25:00,30205.271296785588,5.572611761849743,0.9021055733766562,4.253077364742733,0.2776556153744419,0.8662306094548415,3.0,7.800000000000001,1.2000000000000002,0.7794895765820092,1.0225771364547518,1.5885906206446014,2.63743061520109,4.7089383092157835
2023-10-02 17:30:00,30205.258081650994,5.164133531407766,0.6984161740661264,4.171877025895812,0.2776556153744419,0.8907999966244097,0.16568041525780894,0.4941115663491395,0.2091626161626403,0.6746917814824782,0.8408186486989927,1.2429712144695868,2.1781241929697215,4.1468802731692165
2023-10-02 17:35:00,30465.839062841387,5.2934829088449815,0.77348091817139,4.1795960549665265,0.2889868795635447,0.8662549952919454,3.0,7.800000000000001,1.2000000000000002,0.6746917814824782,0.8408186486989927,1.2429712144695868,2.1781241929697215,4.1468802731692165
2023-10-02 17:40:00,30465.786189622566,4.8643683034499965,0.5894786950634401,4.05255117215792,0.26802853625842377,0.8662671889812316,3.0,7.800000000000001,1.2000000000000002,0.6746917814824782,0.8408186486989927,1.2429712144695868,2.1781241929697215,4.1468802731692165
2023-10-02 17:45:00,30596.09991508109,4.843667648224214,0.45694989834750577,4.261832502513761,0.2742477509323166,0.8662793831843116,3.0,7.800000000000001,1.2000000000000002,0.685537015776683,0.8692071099571149,1.356578106855628,2.1157410640246126,3.331402707569291
2023-10-02 17:50:00,33205.49330843675,4.985436956329537,0.559777927689656,4.2234753021737355,0.2812529358002591,0.8982020378468992,3.0,7.800000000000001,1.2000000000000002,0.685537015776683,0.8692071099571149,1.356578106855628,2.1157410640246126,3.331402707569291
2023-10-02 17:55:00,30856.73319815836,6.015636692559006,1.2041151726076904,4.2218539803789685,0.2910276246585561,0.9618124455174116,3.0,7.800000000000001,1.2000000000000002,0.685537015776683,0.8692071099571149,1.356578106855628,2.1157410640246126,3.331402707569291
2023-10-02 18:00:00,30596.007376069436,6.742204790460201,1.6945695224740573,4.188516851226301,0.2910276450847114,0.9370284940852003,0.1895943037118995,0.6307138812488591,0.20025983121934365,0.6821260880511755,0.8384086115969946,1.262192948799826,1.9538071168874371,3.170787914698806
2023-10-02 18:05:00,32422.03423387059,5.723818668417909,1.2931371750517417,3.7932924879079084,0.28312037967229914,0.9019703785998402,3.0,7.800000000000001,1.2000000000000002,0.6821260880511755,0.8384086115969946,1.262192948799826,1.9538071168874371,3.170787914698806
2023-10-02 18:10:00,32552.517824975712,4.590268400659114,0.8023165382418924,3.4327924851607734,0.27424780014253436,1.1501260806125604,3.0,7.800000000000001,1.2000000000000002,0.6821260880511755,0.8384086115969946,1.262192948799826,1.9538071168874371,3.170787914698806
2023-10-02 18:15:00,32030.44906800855,3.9291380019660282,0.45473169554162535,3.35334962226585,0.26802859380364186,1.0145001009740757,3.0,7.800000000000001,1.2000000000000002,0.6620845867409995,0.8328000960614739,1.2835227150307857,2.027731737681294,3.4522491219493414
2023-10-02 18:20:00,31117.333279476265,4.261785777253221,0.7037319896587215,3.2641030861157203,0.2776557368899835,0.9020107269825446,3.0,7.800000000000001,1.2000000000000002,0.6620845867409995,0.8328000960614739,1.2835227150307857,2.027731737681294,3.4522491219493414
2023-10-02 18:25:00,31117.320053593205,5.440696694194787,1.4230700680312869,3.3115727599099865,0.2742478329493702,0.9020241898424928,3.0,7.800000000000001,1.2000000000000002,0.6620845867409995,0.8328000960614739,1.2835227150307857,2.027731737681294,3.4522491219493414
2023-10-02 18:30:00,30856.534854526497,4.037521941599662,0.5648333730487193,3.2697340268603696,0.2639136836732887,0.9095996206917116,0.14776332427229702,0.4617755298843801,0.15150000000000002,0.6841703004369599,0.8368040391871924,1.244885922484466,1.901233546937356,2.949929490682786
2023-10-02 18:35:00,31117.253924180142,4.374461330445287,0.7893439615805374,3.2387608197497597,0.26660322571333434,0.8946282497987272,3.0,7.800000000000001,1.2000000000000002,0.6841703004369599,0.8368040391871924,1.244885922484466,1.901233546937356,2.949929490682786
2023-10-02 18:40:00,30986.85399795487,5.0075273505000215,1.2555129635245457,3.1395528445733927,0.2710364557202292,0.9020645436171915,3.0,7.800000000000001,1.2000000000000002,0.6841703004369599,0.8368040391871924,1.244885922484466,1.901233546937356,2.949929490682786
2023-10-02 18:45:00,31378.017677198466,4.428794458763896,1.0513768132179848,2.8812677670442635,0.27592771689756496,0.9020779707693423,3.0,7.800000000000001,1.2000000000000002,0.6666940827696013,0.8027353237524807,1.198478635604323,1.8127724622798087,2.6600007518795934
2023-10-02 18:50:00,30986.787875937007,4.483018514230008,1.2259035408086085,2.6656067824165373,0.2776558063275381,0.8983620028895551,3.0,7.800000000000001,1.2000000000000002,0.6666940827696013,0.8027353237524807,1.198478635604323,1.8127724622798087,2.6600007518795934
2023-10-02 18:55:00,30595.716539225636,3.6063013091615908,0.8129508004511758,2.4393762222005053,0.2776558063275381,0.8767543570603586,3.0,7.800000000000001,1.2000000000000002,0.6666940827696013,0.8027353237524807,1.198478635604323,1.8127724622798087,2.6600007518795934
2023-10-02 19:00:00,30595.676879661896,3.378443158528141,0.6782126833275819,2.4283932111311133,0.2931096514837102,0.8597884342046014,0.1328495389529072,0.4043145310275158,0.10344563789740001,0.654926713457315,0.7710830046110472,1.1404931564897705,1.6836478996512303,2.4215647833580665
2023-10-02 19:05:00,30465.323549066215,3.0889155797960313,0.59974025417237,2.2696161452679275,0.2812531185986818,0.8347502439095587,3.0,7.800000000000001,1.2000000000000002,0.654926713457315,0.7710830046110472,1.1404931564897705,1.6836478996512303,2.4215647833580665
2023-10-02 19:10:00,30204.703046145107,3.179988540116219,0.7478302580072085,2.1215278407061793,0.28125313687854864,0.8598122645985724,3.0,7.800000000000001,1.2000000000000002,0.654926713457315,0.7710830046110472,1.1404931564897705,1.6836478996512303,2.4215647833580665
2023-10-02 19:15:00,30074.409840233853,3.1056735231693833,0.6910755831427976,2.1384124573191556,0.2776558584057529,0.8347717893805278,3.0,7.800000000000001,1.2000000000000002,0.6178745827431324,0.7106511098985212,1.0413269227288806,1.59103936154955,2.353409441639937
2023-10-02 19:20:00,30074.37019970158,3.0644563708161137,0.7194024703554077,2.0528242697289714,0.2776558584057529,0.8347825481695809,3.0,7.800000000000001,1.2000000000000002,0.6178745827431324,0.7106511098985212,1.0413269227288806,1.59103936154955,2.353409441639937
2023-10-02 19:25:00,30074.34377268088,2.8499158287511817,0.6911100221908223,1.8870768633569666,0.26802869450797245,0.834793307539162,3.0,7.800000000000001,1.2000000000000002,0.6178745827431324,0.7106511098985212,1.0413269227288806,1.59103936154955,2.353409441639937
2023-10-02 19:30:00,29813.818930717345,2.6194400453640463,0.5162290324127978,1.9453940668329945,0.26265126434267383,0.8318649846869589,0.11200892821556681,0.28955828428832764,0.08217207554881403,0.619641832028794,0.7120737321373399,1.052209104693549,1.6262860295778232,2.7629325000803044
2023-10-02 19:35:00,29944.026983620693,2.4840132597050237,0.4100767165806853,1.9992198751474317,0.2666033088770783,0.8074775601743417,3.0,7.800000000000001,1.2000000000000002,0.619641832028794,0.7120737321373399,1.052209104693549,1.6262860295778232,2.7629325000803044
2023-10-02 19:40:00,30074.264491622762,2.6402168212566792,0.4526692261897679,2.0760030708547688,0.2776559104840095,0.8318862727619197,3.0,7.800000000000001,1.2000000000000002,0.619641832028794,0.7120737321373399,1.052209104693549,1.6262860295778232,2.7629325000803044
2023-10-02 19:45:00,29943.987348005885,3.131152440793609,0.6023723694358516,2.307052816928794,0.27592783509857893,0.8261515066724863,3.0,7.800000000000001,1.2000000000000002,0.599634055070257,0.6794115100585211,1.0070173782015879,1.6286528942656873,2.8848743473503315
2023-10-02 19:50:00,29813.700038805524,2.8628386908927226,0.5973841699464474,2.050380892307167,0.27261728783971584,0.8205975863825077,3.0,7.800000000000001,1.2000000000000002,0.599634055070257,0.6794115100585211,1.0070173782015879,1.6286528942656873,2.8848743473503315
2023-10-02 19:55:00,29813.686828593945,2.3942532146540603,0.4688948548096027,1.8049850274466055,0.2850327668016299,0.807514106635252,3.0,7.800000000000001,1.2000000000000002,0.599634055070257,0.6794115100585211,1.0070173782015879,1.6286528942656873,2.8848743473503315
2023-10-02 20:00:00,29683.429205165805,2.5255925129355425,0.48768007100346356,1.9016737443443776,0.2850327668016299,0.7956429734120835,0.11498260738042082,0.3110500924288562,0.08217207554881403,0.5716021343557073,0.6359630492410703,0.9434732428638344,1.4316425007661655,2.1084838154465406
2023-10-02 20:05:00,29422.99066029231,1.9584113749826177,0.41233905583828456,1.4787579115273755,0.2931098597764847,0.7979276753338996,3.0,7.800000000000001,1.2000000000000002,0.5716021343557073,0.6359630492410703,0.9434732428638344,1.4316425007661655,2.1084838154465406
2023-10-02 20:10:00,29422.964250091973,1.8171579871470143,0.43681689599954787,1.2988969910332908,0.2812532831176446,0.7850464795581527,3.0,7.800000000000001,1.2000000000000002,0.5716021343557073,0.6359630492410703,0.9434732428638344,1.4316425007661655,2.1084838154465406
2023-10-02 20:15:00,29292.757365630103,1.9383745011832318,0.4527655723144474,1.3882221855188663,0.2889873799254435,0.7891437216302808,3.0,7.800000000000001,1.2000000000000002,0.573551218288306,0.6316613016482805,0.9362415073046056,1.4241474642746799,2.2426644867210968
2023-10-02 20:20:00,29162.58104952485,1.9384774726483414,0.3929623451158826,1.4949720231083123,0.29310992226439403,0.7956760354131907,3.0,7.800000000000001,1.2000000000000002,0.573551218288306,0.6316613016482805,0.9362415073046056,1.4241474642746799,2.2426644867210968
2023-10-02 20:25:00,29032.409130456694,2.1538276327346253,0.39723780178024437,1.6978258457839066,0.2726173514887636,0.7850684999027031,3.0,7.800000000000001,1.2000000000000002,0.573551218288306,0.6316613016482805,0.9362415073046056,1.4241474642746799,2.2426644867210968
2023-10-02 20:30:00,29032.38273089516,2.2314196822421426,0.5115977762650844,1.5731319496723386,0.2726173514887636,0.8002975622292612,0.10903669107231748,0.19670119470913236,0.06574382100243337,0.5820687244647319,0.6396882053000509,0.9582238569353196,1.476277751644317,2.2112159550799193
2023-10-02 20:35:00,28902.228653666505,2.125527407592756,0.5285083767512282,1.44265932811949,0.2776560320001043,0.7850831637661715,3.0,7.800000000000001,1.2000000000000002,0.5820687244647319,0.6396882053000509,0.9582238569353196,1.476277751644317,2.2112159550799193
2023-10-02 20:40:00,29162.475436908357,2.3256209932049923,0.45513228907317127,1.761618723749732,0.26660339204101124,0.7850905067482539,3.0,7.800000000000001,1.2000000000000002,0.5820687244647319,0.6396882053000509,0.9582238569353196,1.476277751644317,2.2112159550799193
2023-10-02 20:45:00,29032.303532214955,2.7033504246250724,0.5164526664617918,2.0276960965528157,0.26802882398534095,0.7850978504475794,3.0,7.800000000000001,1.2000000000000002,0.5720874059092719,0.6220128616033594,0.9276939150387912,1.389338061812171,2.0700241544484452
2023-10-02 20:50:00,29032.277132656356,2.5389887687663557,0.4831050402058471,1.9227480948491393,0.2710366869042656,1.25,3.0,7.800000000000001,1.2000000000000002,0.5720874059092719,0.6220128616033594,0.9276939150387912,1.389338061812171,2.0700241544484452
2023-10-02 20:55:00,29032.25073309849,2.4734226406275766,0.47373140462228586,1.8744312575005424,0.2869887732659781,0.7831451462958894,3.0,7.800000000000001,1.2000000000000002,0.5720874059092719,0.6220128616033594,0.9276939150387912,1.389338061812171,2.0700241544484452
2023-10-02 21:00:00,28902.096674081666,2.5843947528514017,0.44830907316004875,2.0286232308444614,0.28698879286009077,0.7851198658862918,0.11200892821556681,0.17893283656165515,0.054083269131959835,0.6001866376386599,0.6497884271053156,0.9493281835066312,1.4124469016568375,2.1980363964229523
2023-10-02 21:05:00,29032.197933984957,2.494153321422579,0.43470976095589664,1.963962042337814,0.27765610143797503,0.7851272124524407,3.0,7.800000000000001,1.2000000000000002,0.6001866376386599,0.6497884271053156,0.9493281835066312,1.4124469016568375,2.1980363964229523
2023-10-02 21:10:00,29032.171534429297,2.4901568887514256,0.4168987140744521,1.9926013478100004,0.26802885275814636,0.7851345597357324,3.0,7.800000000000001,1.2000000000000002,0.6001866376386599,0.6497884271053156,0.9493281835066312,1.4124469016568375,2.1980363964229523
2023-10-02 21:15:00,28902.017486339686,2.383670839092622,0.3973623436172308,1.9240435206882962,0.28312088529573576,0.7851418877677828,3.0,7.800000000000001,1.2000000000000002,0.5672953375447396,0.6097548687792497,0.9009443046048962,1.2935301504023784,1.9464233866248113
2023-10-02 21:20:00,29032.118735320164,2.163127537565688,0.37024202903740794,1.7591477756758056,0.297393663103927,0.7851492364833509,3.0,7.800000000000001,1.2000000000000002,0.5672953375447396,0.6097548687792497,0.9009443046048962,1.2935301504023784,1.9464233866248113
2023-10-02 21:25:00,28901.964694515424,2.0736797314085385,0.3602203946562206,1.6911892948349598,0.2850330159450957,0.7851566058882629,3.0,7.800000000000001,1.2000000000000002,0.5672953375447396,0.6097548687792497,0.9009443046048962,1.2935301504023784,1.9464233866248113
2023-10-02 21:30:00,29032.05273643788,1.9399113631011422,0.37026522698449804,1.5398067397998714,0.2973937063235803,0.8004011228613868,0.10012991560967183,0.1753848340079609,0.050400892849234324,0.5388886712485242,0.5716021343557073,0.855520052365811,1.2339890599190901,1.7189822570346678
2023-10-02 21:35:00,29032.03953666197,1.847088521184606,0.3562992694250626,1.4768116490170797,0.27261747878709486,1.25,3.0,7.800000000000001,1.2000000000000002,0.5388886712485242,0.5716021343557073,0.855520052365811,1.2339890599190901,1.7189822570346678
2023-10-02 21:40:00,28901.8855067846,1.8915900901881966,0.34096783085426935,1.5521977782195229,0.27103676396586096,1.25,3.0,7.800000000000001,1.2000000000000002,0.5388886712485242,0.5716021343557073,0.855520052365811,1.2339890599190901,1.7189822570346678
2023-10-02 21:45:00,29031.9735377852,1.9726182923894013,0.37438039053322725,1.5637872710388878,0.277656188235418,0.7832166832286286,3.0,7.800000000000001,1.2000000000000002,0.5370437598557496,0.5750269558898956,0.8765004050198721,1.3373645725829588,2.111706418989155
2023-10-02 21:50:00,29422.422841140524,2.1393089669068353,0.3995930646448217,1.6791443601391112,0.27592810527319667,0.7851933238527881,3.0,7.800000000000001,1.2000000000000002,0.5370437598557496,0.5750269558898956,0.8765004050198721,1.3373645725829588,2.111706418989155
2023-10-02 21:55:00,29162.066188128854,2.3231207642197838,0.3744038011871793,1.908777904511795,0.2759281221591506,0.785200677585562,3.0,7.800000000000001,1.2000000000000002,0.5370437598557496,0.5750269558898956,0.8765004050198721,1.3373645725829588,2.111706418989155
2023-10-02 22:00:00,29162.026583417493,2.3846296264890494,0.3662916428140164,1.9858772929306285,0.2776562229544277,0.7852080520211717,3.0,7.800000000000001,1.2000000000000002,0.5640221626851201,0.6063406633238447,0.9110410748149612,1.3021351696348578,1.7833911517106955
2023-10-02 22:05:00,29031.867939591888,2.5077571904581055,0.4259066363431132,1.9934119201851042,0.2695069905520918,0.7852153872019141,3.0,7.800000000000001,1.2000000000000002,0.5640221626851201,0.6063406633238447,0.9110410748149612,1.3021351696348578,1.7833911517106955
2023-10-02 22:10:00,29031.8415400454,2.078679760137006,0.4061198642691505,1.6075611902767046,0.2695070054557805,0.7981389691802094,3.0,7.800000000000001,1.2000000000000002,0.5640221626851201,0.6063406633238447,0.9110410748149612,1.3021351696348578,1.7833911517106955
2023-10-02 22:15:00,29161.947373999654,1.8076059227829118,0.39751155590213993,1.359377845438667,0.2759281559310725,0.7852300796941378,3.0,7.800000000000001,1.2000000000000002,0.5581254339304024,0.5952554073672913,0.8821379483958277,1.249100576414886,1.8354389120861527
2023-10-02 22:20:00,29292.083994984874,1.7835654394110518,0.41049886351866854,1.3127005126622546,0.2666035306479863,0.7852374370094697,3.0,7.800000000000001,1.2000000000000002,0.5581254339304024,0.5952554073672913,0.8821379483958277,1.249100576414886,1.8354389120861527
2023-10-02 22:25:00,30073.339546383715,1.67938973912489,0.38693012680444766,1.2551458853016804,0.26144487131715827,0.8004960969626747,3.0,7.800000000000001,1.2000000000000002,0.5581254339304024,0.5952554073672913,0.8821379483958277,1.249100576414886,1.8354389120861527
2023-10-02 22:30:00,33203.877148997846,1.6036766307502188,0.4462718360032059,1.080606464487253,0.26265144785451927,0.8264917640115812,3.0,0.1753848340079609,0.050400892849234324,0.5745337239884183,0.6114769006266713,0.8898030343845766,1.303096408559244,2.00996915399217
2023-10-02 22:35:00,30464.16033938374,1.8241196544236717,0.5532862350090727,1.117005306430521,0.4166666666666667,0.8989624738599199,3.0,7.800000000000001,1.2000000000000002,0.5745337239884183,0.6114769006266713,0.8898030343845766,1.303096408559244,2.00996915399217
2023-10-02 22:40:00,29943.009669983447,1.840342610830542,0.49050906312382747,1.2313281881832612,3.8641953000000004,0.8005220302171434,3.0,7.800000000000001,1.2000000000000002,0.5745337239884183,0.6114769006266713,0.8898030343845766,1.303096408559244,2.00996915399217
2023-10-02 22:45:00,29812.73569380552,1.9657470588613568,0.4394949926112851,1.4376427350726848,3.8641953000000004,0.8078253840413472,3.0,7.800000000000001,1.2000000000000002,0.6155331022780173,0.6627405223765934,0.9574774357654596,1.4188172010516364,2.216167863678201
2023-10-02 22:50:00,29942.95682254886,1.9213173038096423,0.417157825255497,1.4340196611497116,0.4166666666666667,0.7852815559436932,3.0,7.800000000000001,1.2000000000000002,0.6155331022780173,0.6627405223765934,0.9574774357654596,1.4188172010516364,2.216167863678201
2023-10-02 22:55:00,29942.930398832574,1.8325843292269088,0.39122257546670475,1.3951791925599348,0.4166666666666667,0.8053626783479171,3.0,7.800000000000001,1.2000000000000002,0.6155331022780173,0.6627405223765934,0.9574774357654596,1.4188172010516364,2.216167863678201
2023-10-02 23:00:00,29552.224173925202,1.7642737496522898,0.37867493615949105,1.3524679301096252,3.8641953000000004,0.8078528732105155,0.10012991560967183,0.1506179272198366,0.046861498055439925,0.6347290760631658,0.6958850479784718,1.0305659804204679,1.420946955378701,1.9803524938757746
2023-10-02 23:05:00,29682.412148859232,1.676187081498497,0.36644071067944933,1.2906319233416597,3.8641953000000004,0.78530366509167,3.0,7.800000000000001,1.2000000000000002,0.6347290760631658,0.6958850479784718,1.0305659804204679,1.420946955378701,1.9803524938757746
2023-10-02 23:10:00,29682.38573182587,1.7043006160508176,0.3664522077031227,1.3177915244675829,0.4166666666666667,0.8005738912166462,3.0,7.800000000000001,1.2000000000000002,0.6347290760631658,0.6958850479784718,1.0305659804204679,1.420946955378701,1.9803524938757746
2023-10-02 23:15:00,29812.577171426165,1.8047926857941368,0.364455388686925,1.41927452440626,3.8641953000000004,0.8078803933082498,3.0,7.800000000000001,1.2000000000000002,0.601295268566118,0.6341135544995076,0.9110410748149612,1.2737821634800826,1.7564896811538633
2023-10-02 23:20:00,29682.332897761204,1.9502634369584158,0.3891699273881284,1.513593389607438,3.8641953000000004,0.8078895512466093,3.0,7.800000000000001,1.2000000000000002,0.601295268566118,0.6341135544995076,0.9110410748149612,1.2737821634800826,1.7564896811538633
2023-10-02 23:25:00,29682.2932722145,1.986835935764769,0.38288833643761155,1.5612814069166847,0.4166666666666667,0.8078987098324988,3.0,7.800000000000001,1.2000000000000002,0.601295268566118,0.6341135544995076,0.9110410748149612,1.2737821634800826,1.7564896811538633
2023-10-02 23:30:00,29682.280063699283,1.9221357679613118,0.3955605501411362,1.474199299556282,0.4166666666666667,0.8006084628652526,0.09716480844420988,0.1753848340079609,0.046861498055439925,0.6274081606099813,0.6693466964137494,0.9582238569353196,1.3383610312617444,1.8135865019347712
2023-10-02 23:35:00,29682.253646669356,1.9627226454942466,0.3934430162757571,1.5177340635695091,0.4166666666666667,0.7873740935989504,3.0,7.800000000000001,1.2000000000000002,0.6274081606099813,0.6693466964137494,0.9582238569353196,1.3383610312617444,1.8135865019347712
2023-10-02 23:40:00,29682.214021125747,2.272186145428529,0.4788878683910606,1.6680746897041994,0.28898802039243393,0.7937736646047493,3.0,7.800000000000001,1.2000000000000002,0.6274081606099813,0.6693466964137494,0.9582238569353196,1.3383610312617444,1.8135865019347712
2023-10-02 23:45:00,29682.187604097526,2.47296846858808,0.48125289247713093,1.8609661317454786,0.2869892827142763,0.7960154445379342,3.0,7.800000000000001,1.2000000000000002,0.7056939846704094,0.7567192345910073,1.0606601717798212,1.4521738876594634,1.9648806579535563
2023-10-02 23:50:00,29812.39222868108,2.4197589856723445,0.46722889749719176,1.8329547138986881,0.274248489090141,0.8030276892655124,3.0,7.800000000000001,1.2000000000000002,0.7056939846704094,0.7567192345910073,1.0606601717798212,1.4521738876594634,1.9648806579535563
2023-10-02 23:55:00,29812.36580829164,2.551195165829084,0.48363674934966844,1.9338531572409225,0.2794319520526107,0.8079537753589534,3.0,7.800000000000001,1.2000000000000002,0.7056939846704094,0.7567192345910073,1.0606601717798212,1.4521738876594634,1.9648806579535563
2023-10-03 00:00:00,1158528.0880000002,63.239320719999995,15.339260352,38.895371761322025,3.8641953000000004,8.0085699,0.10012991560967183,0.20738138778588588,0.05788134414472422,0.7056939846704094,0.7567192345910073,1.0606601717798212,1.4521738876594634,1.9648806579535563
2023-10-03 00:15:00,29942.49440761033,3.4312288431804,0.4813388468528831,2.809936553686055,0.27765653542635205,0.8079904819646213,3.0,7.800000000000001,1.2000000000000002,0.8757630958198684,0.9307120929696788,1.2564091690209842,1.671604094874142,2.6054358560517277
2023-10-03 00:20:00,30072.718512176998,3.7840399920478425,0.5413631059574322,3.057133444109448,0.2794320055254026,0.8157405103890643,3.0,7.800000000000001,1.2000000000000002,0.8757630958198684,0.9307120929696788,1.2564091690209842,1.671604094874142,2.6054358560517277
2023-10-03 00:25:00,30202.95865071173,4.274733672333085,0.575848486583065,3.4874996156896887,0.27765655278594753,0.8354402583362934,3.0,7.800000000000001,1.2000000000000002,0.8757630958198684,0.9307120929696788,1.2564091690209842,1.671604094874142,2.6054358560517277
2023-10-03 00:30:00,30202.94543560564,4.291498836187917,0.5123111250322254,3.612666191428064,0.27592844299317393,0.8354510530931899,0.11498260738042082,0.2967204745210549,0.07386643351347078,0.9030526009042884,0.9518928511129812,1.253522780008405,1.6848548898940823,2.328045532200777
2023-10-03 00:35:00,30202.905790288365,3.9505843821926367,0.46968444872017245,3.3478237794639227,0.2710370722134916,0.8296092648131954,3.0,7.800000000000001,1.2000000000000002,0.9030526009042884,0.9518928511129812,1.253522780008405,1.6848548898940823,2.328045532200777
2023-10-03 00:40:00,30202.879360077663,3.53131986104733,0.4196516232369065,3.0215512407516734,0.2695072439154906,0.8184550262135258,3.0,7.800000000000001,1.2000000000000002,0.9030526009042884,0.9518928511129812,1.253522780008405,1.6848548898940823,2.328045532200777
2023-10-03 00:45:00,30593.760002430132,3.444353498951678,0.48613984723891274,2.8145447048391437,0.2759284767652758,0.8354834408386036,3.0,7.800000000000001,1.2000000000000002,0.8955718843286674,0.9510420600583341,1.2747739564330611,1.671604094874142,2.2343688146767535
2023-10-03 00:50:00,30463.406897404628,3.303579369320265,0.4767409972868144,2.6911189095672055,0.2666037385594334,0.8354942974015191,3.0,7.800000000000001,1.2000000000000002,0.8955718843286674,0.9510420600583341,1.2747739564330611,1.671604094874142,2.2343688146767535
2023-10-03 00:55:00,32289.167288350916,3.1588067062463883,0.45353728935036297,2.5885904858421767,0.2742486039155694,0.8355050653106568,3.0,7.800000000000001,1.2000000000000002,0.8955718843286674,0.9510420600583341,1.2747739564330611,1.671604094874142,2.2343688146767535
2023-10-03 01:00:00,30724.02258058418,3.237552649934258,0.4791167441585535,2.621311409916555,0.26265160689911804,0.874192135093438,0.10903669107231748,0.33614139881900895,0.0863770802933278,0.9827085020493107,1.0797448772742568,1.4416495551971011,2.0643730283066573,3.004384129900836
2023-10-03 01:05:00,30463.327587752632,3.2956364129160014,0.4956775830546884,2.6500296461224324,0.26950727372304584,0.8212274752624629,3.0,7.800000000000001,1.2000000000000002,0.9827085020493107,1.0797448772742568,1.4416495551971011,2.0643730283066573,3.004384129900836
2023-10-03 01:10:00,30463.31436947786,3.237779100309383,0.4862119894830504,2.60907634212764,0.2695072886268311,0.8240070178408972,3.0,7.800000000000001,1.2000000000000002,0.9827085020493107,1.0797448772742568,1.4416495551971011,2.0643730283066573,3.004384129900836
2023-10-03 01:15:00,34378.773193976485,2.907158410922701,0.4605082060060523,2.3263209672859633,0.27765667430324625,0.8325986055924093,3.0,7.800000000000001,1.2000000000000002,0.9973810706044105,1.098400655498712,1.4942549180109799,2.118385293094719,3.029867983922732
2023-10-03 01:20:00,38173.04565942126,2.614696383240408,0.43764991680255483,2.0777386608607746,0.27765667430324625,0.8640237436705162,3.0,7.800000000000001,1.2000000000000002,0.9973810706044105,1.098400655498712,1.4942549180109799,2.118385293094719,3.029867983922732
2023-10-03 01:25:00,38565.94472696606,2.487427763284291,0.44903428406255314,1.9316280817913123,0.27765669166287893,1.13133881179307,3.0,7.800000000000001,1.2000000000000002,0.9973810706044105,1.098400655498712,1.4942549180109799,2.118385293094719,3.029867983922732
2023-10-03 01:30:00,31375.729099941247,2.4095975173576076,0.4219975436545264,1.9036746559435447,0.27765670902251627,1.0769567148335164,0.10012991560967183,0.34689963966542253,0.10776015033397085,0.9038855015985157,0.9852923424040197,1.3316832055710548,1.7915586091445626,2.752236181725689
2023-10-03 01:35:00,33202.8173733074,2.569793709863909,0.41318731833603495,2.0782481990725308,0.2759285780816953,0.8416230881930077,3.0,7.800000000000001,1.2000000000000002,0.9038855015985157,0.9852923424040197,1.3316832055710548,1.7915586091445626,2.752236181725689
2023-10-03 01:40:00,41187.01519819111,2.9531292834699796,0.4422363015974106,2.404753280113404,0.2710371801006346,0.8848564336812914,3.0,7.800000000000001,1.2000000000000002,0.9038855015985157,0.9852923424040197,1.3316832055710548,1.7915586091445626,2.752236181725689
2023-10-03 01:45:00,53797.04054967571,3.4913422092670374,0.5343080720501221,2.778022618676009,0.27765672638215827,1.3790090426267663,3.0,7.800000000000001,1.2000000000000002,1.0629412025131024,1.159360168368743,1.5401503303249329,2.0107909513422824,2.6882894189428344
2023-10-03 01:50:00,49458.16116338575,3.7446147962196186,0.682176527739493,2.784934665036014,0.28312163437336885,1.430326599337475,3.0,7.800000000000001,1.2000000000000002,1.0629412025131024,1.159360168368743,1.5401503303249329,2.0107909513422824,2.6882894189428344
2023-10-03 01:55:00,55770.23928059365,3.595284099410825,0.5711755887077108,2.819068130764015,0.2776567611014562,1.4765412813854004,3.0,7.800000000000001,1.2000000000000002,1.0629412025131024,1.159360168368743,1.5401503303249329,2.0107909513422824,2.6882894189428344
2023-10-03 02:00:00,51692.83366352311,3.6202997113485718,0.5343539558465561,2.906163872757561,0.27592862873996893,1.641965236443744,0.11795761950802502,0.3504862907447308,0.14709180806557515,1.2320211037153546,1.3435062337034391,1.7449972378201635,2.2746096368388136,3.0736564544529044
2023-10-03 02:05:00,66170.81564770271,3.7075923340959798,0.6439686265646657,2.8102988083862055,0.29523322459260115,1.6300016636546433,3.0,7.800000000000001,1.2000000000000002,1.2320211037153546,1.3435062337034391,1.7449972378201635,2.2746096368388136,3.0736564544529044
2023-10-03 02:10:00,59191.749937686065,3.6080812693032884,0.6439854183044084,2.7114788519073176,0.2812541971184789,1.5527314781076353,3.0,7.800000000000001,1.2000000000000002,1.2320211037153546,1.3435062337034391,1.7449972378201635,2.2746096368388136,3.0736564544529044
2023-10-03 02:15:00,62614.7541223428,3.612347190574655,0.6720244597185924,2.6701262285046585,0.29311113037096514,1.4304225858154784,3.0,7.800000000000001,1.2000000000000002,1.3286688827544657,1.4349303118967136,1.861750788908118,2.5364465300888956,3.637520584134198
2023-10-03 02:20:00,53796.78705170877,3.8408575396583626,0.707976965995802,2.8388324117040606,0.2812542153986096,1.2303764080444144,3.0,7.800000000000001,1.2000000000000002,1.3286688827544657,1.4349303118967136,1.861750788908118,2.5364465300888956,3.637520584134198
2023-10-03 02:25:00,54717.545800973574,3.757892378576261,0.7157306792772371,2.7440243550491714,0.2889885407749722,1.3175450594834055,3.0,7.800000000000001,1.2000000000000002,1.3286688827544657,1.4349303118967136,1.861750788908118,2.5364465300888956,3.637520584134198
2023-10-03 02:30:00,53270.627978931916,3.3265668388859875,0.7234960840512998,2.304600709400806,0.2759286962844001,1.2790470281283837,0.21652020690919355,0.537238271160944,0.19136614120580475,1.1919412737211512,1.290774961021479,1.6910184386930853,2.2208757281757125,2.9735002942660023
2023-10-03 02:35:00,47618.269059399725,2.665701788370755,0.5961883980508569,1.8585691980947436,0.2776568478997824,1.1777036289086489,3.0,7.800000000000001,1.2000000000000002,1.1919412737211512,1.290774961021479,1.6910184386930853,2.2208757281757125,2.9735002942660023
2023-10-03 02:40:00,44991.6649917332,2.4767250344880662,0.549136186782779,1.750383339649146,0.27592871317051976,1.0869118004652565,3.0,7.800000000000001,1.2000000000000002,1.1919412737211512,1.290774961021479,1.6910184386930853,2.2208757281757125,2.9735002942660023
2023-10-03 02:45:00,43416.5818191289,2.2556568402989225,0.5491512987104923,1.5349561168241408,0.2776568652594616,1.1165547609133533,3.0,7.800000000000001,1.2000000000000002,0.9621247320384193,1.054127127058212,1.425287339451242,1.878323720768068,2.5060095769968638
2023-10-03 02:50:00,46173.337916968754,2.0804280538861253,0.5031374585777006,1.440750972638912,0.2776568826191454,1.1316364990014462,3.0,7.800000000000001,1.2000000000000002,0.9621247320384193,1.054127127058212,1.425287339451242,1.878323720768068,2.5060095769968638
2023-10-03 02:55:00,47749.51810899656,1.9708852719945786,0.4959985396023342,1.3470195852923925,0.27424884997085475,1.1674115898372885,3.0,7.800000000000001,1.2000000000000002,0.9621247320384193,1.054127127058212,1.425287339451242,1.878323720768068,2.5060095769968638
2023-10-03 03:00:00,46829.941324285355,1.80531353299486,0.48416867173000144,1.208413815338322,0.2626517414760419,1.3736419043038555,0.15074813431681336,0.31821728425715656,0.11208925015361643,0.8408186486989927,0.9273408219203985,1.2592992337010294,1.7433255576627102,2.4800532252352974
2023-10-03 03:05:00,48931.97540933518,1.5812455307920876,0.47478195832979597,1.0141930515333293,0.2639142845416265,1.2791771645883072,3.0,7.800000000000001,1.2000000000000002,0.8408186486989927,0.9273408219203985,1.2592992337010294,1.7433255576627102,2.4800532252352974
2023-10-03 03:10:00,69859.12107756308,1.4076161777995568,0.4267110947917632,0.9320457998515216,0.26265175371034066,1.4710276102430115,3.0,7.800000000000001,1.2000000000000002,0.8408186486989927,0.9273408219203985,1.2592992337010294,1.7433255576627102,2.4800532252352974
2023-10-03 03:15:00,103090.80971213778,1.5933751010935928,0.46084301498489544,1.0474400294828705,0.26391429732618915,1.362422692696639,3.0,7.800000000000001,1.2000000000000002,0.746268048357961,0.8248248298881405,1.1586812503876982,1.6464701637138768,2.3551042439773235
2023-10-03 03:20:00,72230.95979445666,1.6173678522562098,0.43571415100259775,1.1108755020335068,0.2626517659446449,1.1067244298977092,3.0,7.800000000000001,1.2000000000000002,0.746268048357961,0.8248248298881405,1.1586812503876982,1.6464701637138768,2.3551042439773235
2023-10-03 03:25:00,65775.02248121845,1.8299939210117506,0.4678338124352566,1.2587372914323116,0.4166666666666667,1.058153943057012,3.0,7.800000000000001,1.2000000000000002,0.746268048357961,0.8248248298881405,1.1586812503876982,1.6464701637138768,2.3551042439773235
2023-10-03 03:30:00,71703.740855272,2.449073009728114,0.6139237243769493,1.6185108274727866,0.4166666666666667,0.9850511454320618,0.12093386622447827,0.26808386747434093,0.10344563789740001,0.723553038829912,0.7933826315215126,1.1198475610546286,1.6015620499999366,2.2393445469601145
2023-10-03 03:35:00,66038.37533111953,2.252624820607933,0.5008812115880927,1.6116925037094074,0.2652319853422768,0.9593377129315416,3.0,7.800000000000001,1.2000000000000002,0.723553038829912,0.7933826315215126,1.1198475610546286,1.6015620499999366,2.2393445469601145
2023-10-03 03:40:00,70385.92433640362,2.0855347730324207,0.44483716417345787,1.544754557793918,0.26265177817895463,0.9072959437035436,3.0,7.800000000000001,1.2000000000000002,0.723553038829912,0.7933826315215126,1.1198475610546286,1.6015620499999366,2.2393445469601145
2023-10-03 03:45:00,61429.01465558395,2.572605141398062,0.5889217873517338,1.779176918032099,0.26144517489752417,0.9764101132648013,3.0,7.800000000000001,1.2000000000000002,0.6760362416320592,0.7440436815133907,1.0572715072298127,1.6476620557626493,2.704238155192697
2023-10-03 03:50:00,55769.39848022821,4.171473358929219,0.9735536494085096,2.7472719051052326,0.26950754199195803,0.9510333219649101,3.0,7.800000000000001,1.2000000000000002,0.6760362416320592,0.7440436815133907,1.0572715072298127,1.6476620557626493,2.704238155192697
2023-10-03 03:55:00,72889.6084261083,4.675454289804934,1.0697135512019373,3.0974599168035,0.27943252243117395,0.9469177879431263,3.0,7.800000000000001,1.2000000000000002,0.6760362416320592,0.7440436815133907,1.0572715072298127,1.6476620557626493,2.704238155192697
2023-10-03 04:00:00,77239.20680683356,3.656294190250069,0.7471269331058706,2.5930811941275818,0.2652320119959356,1.0255237357908302,0.10012991560967183,0.20025983121934365,0.07386643351347078,0.6256005115087423,0.6834881125520765,0.9841360881504142,1.475174650676997,2.106873513051982
2023-10-03 04:05:00,43547.296943638656,4.196800521172513,0.7523386775727163,3.1212320326560334,0.27261821075859893,1.0582872774328351,3.0,7.800000000000001,1.2000000000000002,0.6256005115087423,0.6834881125520765,0.9841360881504142,1.475174650676997,2.106873513051982
2023-10-03 04:10:00,54322.137013853804,6.608453773877164,1.2661645259428371,4.71643800273028,0.29102964686751986,0.9594423975694866,3.0,7.800000000000001,1.2000000000000002,0.6256005115087423,0.6834881125520765,0.9841360881504142,1.475174650676997,2.106873513051982
2023-10-03 04:15:00,46172.76510529267,6.22417367212909,1.2257087907755668,4.396133940779533,0.2952336915219232,0.9150479880542361,3.0,7.800000000000001,1.2000000000000002,0.604648658313239,0.6740207711932918,1.0038206214259597,1.5040785385078799,2.1832544515012446
2023-10-03 04:20:00,38826.86137932331,4.484426894758307,0.8834837806678868,3.198919427712223,0.2850341850125945,0.8852688770684348,3.0,7.800000000000001,1.2000000000000002,0.604648658313239,0.6740207711932918,1.0038206214259597,1.5040785385078799,2.1832544515012446
2023-10-03 04:25:00,39350.882849940914,4.7887175356610125,0.8967214350949775,3.480670406309025,0.28125454444172754,0.8712550201172653,3.0,7.800000000000001,1.2000000000000002,0.604648658313239,0.6740207711932918,1.0038206214259597,1.5040785385078799,2.1832544515012446
2023-10-03 04:30:00,39350.856267160874,4.46384459636218,0.8229496701152349,3.27419617503921,0.2776571082954582,0.8450976819854288,0.0823771813064759,0.1365365885028625,0.046861498055439925,0.596888599321515,0.6466065264130884,0.9515394684404846,1.3147099490001588,1.764940792208056
2023-10-03 04:35:00,39612.89694930436,3.8939034486351196,0.8098564950063968,2.728954678168437,0.27424904681586454,0.8301134567565099,3.0,7.800000000000001,1.2000000000000002,0.596888599321515,0.6466065264130884,0.9515394684404846,1.3147099490001588,1.764940792208056
2023-10-03 04:40:00,35946.656512742105,5.339629347275318,1.21503406586405,3.5319784696499443,0.28503424250812986,0.8853204489709973,3.0,7.800000000000001,1.2000000000000002,0.596888599321515,0.6466065264130884,0.9515394684404846,1.3147099490001588,1.764940792208056
2023-10-03 04:45:00,36339.12431341187,9.165020516241192,2.205987062541656,5.818495140242097,0.30876421938297555,0.9308441777120631,3.0,7.800000000000001,1.2000000000000002,0.6097548687792497,0.6647134721065913,0.9818090241997168,1.3966477723463422,1.9326603426365432
2023-10-03 04:50:00,37778.90224687086,8.930811912766035,2.3675704624042875,5.337089285471007,0.29739534868161693,0.9074864822648969,3.0,7.800000000000001,1.2000000000000002,0.6097548687792497,0.6647134721065913,0.9818090241997168,1.3966477723463422,1.9326603426365432
2023-10-03 04:55:00,35815.75525559774,7.893349074708959,2.301867883051245,4.403920799837629,0.29102978985348965,0.9229506720388856,3.0,7.800000000000001,1.2000000000000002,0.6097548687792497,0.6647134721065913,0.9818090241997168,1.3966477723463422,1.9326603426365432
2023-10-03 05:00:00,34638.8670927997,13.088740899559868,4.053545445521666,6.905378957006285,0.30641842375358364,0.9638114924648375,0.08828363381737295,0.16475436261295176,0.04036087214122113,0.5941725338653748,0.6447084612443054,0.9508014303733456,1.4220130097857755,2.2977562969122727
2023-10-03 05:05:00,33854.73800789327,12.758043025960209,3.7291964256981935,7.071436061533579,0.2973953919018603,0.9596068901382425,3.0,7.800000000000001,1.2000000000000002,0.5941725338653748,0.6447084612443054,0.9508014303733456,1.4220130097857755,2.2977562969122727
2023-10-03 05:10:00,34116.01772785657,8.086208782825762,2.373173755418912,4.486870468794617,0.29739541351198767,0.9037624055068076,3.0,7.800000000000001,1.2000000000000002,0.5941725338653748,0.6447084612443054,0.9508014303733456,1.4220130097857755,2.2977562969122727
2023-10-03 05:15:00,33854.671742634826,7.450569652848787,2.022888690115875,4.390145703402717,0.2850343383341081,0.867966387814995,3.0,7.800000000000001,1.2000000000000002,0.5795248053362341,0.62680459475023,0.9227750321719806,1.4467447079564522,2.474872926030749
2023-10-03 05:20:00,33593.37074008425,8.333342368048303,2.3348859881252157,4.791606646889345,0.28898908117517336,0.9113811354096015,3.0,7.800000000000001,1.2000000000000002,0.5795248053362341,0.62680459475023,0.9227750321719806,1.4467447079564522,2.474872926030749
2023-10-03 05:25:00,33201.492654798094,9.116018454984392,2.644638651710937,5.097517589055421,0.2973954783423925,0.8963494557435041,3.0,7.800000000000001,1.2000000000000002,0.5795248053362341,0.62680459475023,0.9227750321719806,1.4467447079564522,2.474872926030749
2023-10-03 05:30:00,32418.12852878527,7.162454910820939,1.869979401210123,4.337678617312722,0.2973954783423925,0.8783573163019571,3.0,7.800000000000001,1.2000000000000002,0.5701543650626557,0.619641832028794,0.9276939150387912,1.3393584285022437,1.838369930128319
2023-10-03 05:35:00,31243.951457719828,6.619122973675535,1.7499532798042876,3.9809924145802573,0.28503439582974655,0.9152693920727204,3.0,7.800000000000001,1.2000000000000002,0.5701543650626557,0.619641832028794,0.9276939150387912,1.3393584285022437,1.838369930128319
2023-10-03 05:40:00,32157.05504720282,6.773919131662603,1.864573257965051,3.959272099527041,0.27943277197326377,0.9639318617639081,3.0,7.800000000000001,1.2000000000000002,0.5701543650626557,0.619641832028794,0.9276939150387912,1.3393584285022437,1.838369930128319
2023-10-03 05:45:00,32157.028573145806,9.585419442325975,2.7819332787167173,5.35538240593026,0.2910299532662687,0.9854693556145113,3.0,7.800000000000001,1.2000000000000002,0.5590169943749475,0.6040869142764144,0.9036127489140467,1.3205704259902233,1.9617961158081643
2023-10-03 05:50:00,31113.484553793114,7.597943450488921,2.0558977742657203,4.486327055341499,0.29959562884134167,0.9811254743071214,3.0,7.800000000000001,1.2000000000000002,0.5590169943749475,0.6040869142764144,0.9036127489140467,1.3205704259902233,1.9617961158081643
2023-10-03 05:55:00,30852.71344059853,7.798866633953106,2.159876878229196,4.527155221116568,0.29739558639314284,0.8819486695431484,3.0,7.800000000000001,1.2000000000000002,0.5590169943749475,0.6040869142764144,0.9036127489140467,1.3205704259902233,1.9617961158081643
2023-10-03 06:00:00,30461.7017411464,5.00790744161305,1.282867549963267,3.09778097386366,0.2831222898220523,0.824598268107269,3.0,7.800000000000001,1.2000000000000002,0.5546169849544819,0.6040869142764144,0.9179066619215703,1.3050219346815592,1.9023290987628825
2023-10-03 06:05:00,30591.988546401506,5.362673468441782,1.304515271135105,3.4166087230316475,0.27765731661275184,0.8303028191011959,3.0,7.800000000000001,1.2000000000000002,0.5546169849544819,0.6040869142764144,0.9179066619215703,1.3050219346815592,1.9023290987628825
2023-10-03 06:10:00,30201.05567711308,5.0373539779319305,1.1185557435067641,3.3810658711939543,0.2726184335345976,0.8111878530822196,3.0,7.800000000000001,1.2000000000000002,0.5546169849544819,0.6040869142764144,0.9179066619215703,1.3050219346815592,1.9023290987628825
2023-10-03 06:15:00,29680.06103557886,4.670566173050168,1.0355056768036408,3.145807029075862,0.28125481864543267,0.8164294667299621,3.0,7.800000000000001,1.2000000000000002,0.5487039274508613,0.5952554073672913,0.8943510720069607,1.2906804406978516,1.7691817317618899
2023-10-03 06:20:00,29549.82053671815,3.634635535179307,0.7606233950509037,2.55015621000894,0.28699045837505566,0.7900818245550083,3.0,7.800000000000001,1.2000000000000002,0.5487039274508613,0.5952554073672913,0.8943510720069607,1.2906804406978516,1.7691817317618899
2023-10-03 06:25:00,29549.794123154483,2.868611697822394,0.6019375276453011,2.0486317230582363,0.27592920287004946,0.7966808119142554,3.0,7.800000000000001,1.2000000000000002,0.5487039274508613,0.5952554073672913,0.8943510720069607,1.2906804406978516,1.7691817317618899
2023-10-03 06:30:00,29549.7677095915,2.8027028501249336,0.5794885490109617,2.0204863251625307,0.27765736869217983,0.8013371044051598,0.07942921376924236,0.16475436261295176,0.037500000000000006,0.5462600113499065,0.596888599321515,0.8996167183862247,1.345362404707371,1.9311354173128308
2023-10-03 06:35:00,29549.741296029224,2.9390312992009813,0.520632203072665,2.2534317016237675,0.27261848127243676,0.8086896265515813,3.0,7.800000000000001,1.2000000000000002,0.5462600113499065,0.596888599321515,0.8996167183862247,1.345362404707371,1.9311354173128308
2023-10-03 06:40:00,29549.7016756871,3.456648423664571,0.6095148146923036,2.6177362472177514,0.2710377041273837,0.806201795951599,3.0,7.800000000000001,1.2000000000000002,0.5462600113499065,0.596888599321515,0.8996167183862247,1.345362404707371,1.9311354173128308
2023-10-03 06:45:00,29419.491314890347,3.73904710488442,0.6780632627093214,2.7860669871761385,0.27943293239365063,0.7944652994904813,3.0,7.800000000000001,1.2000000000000002,0.5454576060520194,0.6001866376386599,0.9124056992369128,1.3697065379124098,2.175063217472081
2023-10-03 06:50:00,29289.29809391928,4.017682729309931,0.8708543944407247,2.7554941739893675,0.2776574207716497,0.808717273178632,3.0,7.800000000000001,1.2000000000000002,0.5454576060520194,0.6001866376386599,0.9124056992369128,1.3697065379124098,2.175063217472081
2023-10-03 06:55:00,29549.635641787052,4.375744031063627,0.9956135211941245,2.915363622223099,0.2726185130976875,0.8138661306138003,3.0,7.800000000000001,1.2000000000000002,0.5454576060520194,0.6001866376386599,0.9124056992369128,1.3697065379124098,2.175063217472081
2023-10-03 07:00:00,29289.23207740282,6.099058677285399,1.4863693996240654,3.8685725433281166,0.28503462581268724,0.8615108797135005,0.09420191080864548,0.27166155414412246,0.054083269131959835,0.5434786104346702,0.5979832773581549,0.9110410748149612,1.2983004274820216,1.8020277467342172
2023-10-03 07:05:00,29028.92439467903,5.472733388538017,1.1914172095032673,3.7009670669605814,0.2652322518798245,0.8423572600635321,3.0,7.800000000000001,1.2000000000000002,0.5434786104346702,0.5979832773581549,0.9110410748149612,1.2983004274820216,1.8020277467342172
2023-10-03 07:10:00,29549.55640111273,4.471907308992114,0.8498391932080072,3.2395998335687497,0.26265199839746894,0.8363166873241343,3.0,7.800000000000001,1.2000000000000002,0.5434786104346702,0.5979832773581549,0.9110410748149612,1.2983004274820216,1.8020277467342172
2023-10-03 07:15:00,29419.346059311058,5.990832057573217,1.2805044402839958,4.078660004290562,0.26265201063188304,0.8517771005864785,3.0,7.800000000000001,1.2000000000000002,0.5466635162510848,0.6109017924347578,0.932662511308351,1.3727855804895386,1.9525624189766635
2023-10-03 07:20:00,32548.029137548325,13.047644892751075,3.323547334316131,7.9816289795595505,0.2759293041876909,0.9233584033139709,3.0,7.800000000000001,1.2000000000000002,0.5466635162510848,0.6109017924347578,0.932662511308351,1.3727855804895386,1.9525624189766635
2023-10-03 07:25:00,35030.21955857774,13.169311147553264,3.532435931959913,7.783236200462951,0.28312251454855153,0.9990210642219306,3.0,7.800000000000001,1.2000000000000002,0.5466635162510848,0.6109017924347578,0.932662511308351,1.3727855804895386,1.9525624189766635
2023-10-03 07:30:00,37516.078738204254,14.300639420835731,4.34365592035921,7.671485420580225,0.29311221351229483,1.0308168767202788,0.0912414379544733,0.22877552316626884,0.046861498055439925,0.5546169849544819,0.6280127387243033,0.9559873639332268,1.3748426273577643,1.9788016575695504
2023-10-03 07:35:00,36468.94759435653,15.545224635364466,4.8279304095850195,8.17350182506073,0.33133606543453614,1.0401273944404745,3.0,7.800000000000001,1.2000000000000002,0.5546169849544819,0.6280127387243033,0.9559873639332268,1.3748426273577643,1.9788016575695504
2023-10-03 07:40:00,47878.95872238895,16.341558440322864,4.971076456654845,8.749853973436013,0.34212283680600675,1.0262366628768558,3.0,7.800000000000001,1.2000000000000002,0.5546169849544819,0.6280127387243033,0.9559873639332268,1.3748426273577643,1.9788016575695504
2023-10-03 07:45:00,36207.19979379361,14.338903933779612,4.096238819168381,8.088256133356365,0.3533148363615026,1.0495470177701547,3.0,7.800000000000001,1.2000000000000002,0.5691959240894123,0.6485129142892992,0.9825838590166236,1.4008429605062802,1.9819041349167221
2023-10-03 07:50:00,38825.5591139201,15.927115725486255,4.594193028053376,8.912542651185051,0.3767687322891174,1.0830959789644683,3.0,7.800000000000001,1.2000000000000002,0.5691959240894123,0.6485129142892992,0.9825838590166236,1.4008429605062802,1.9819041349167221
2023-10-03 07:55:00,35945.502045799876,14.65770707907239,4.22010044127882,8.217098272415875,0.4109601632510868,1.02169580858876,3.0,7.800000000000001,1.2000000000000002,0.5691959240894123,0.6485129142892992,0.9825838590166236,1.4008429605062802,1.9819041349167221
2023-10-03 08:00:00,38694.49918333634,13.325567607448367,3.8873628460458463,7.396010499815257,0.4402766978175509,0.9858877664246972,0.11795761950802502,0.27166155414412246,0.07800000000000001,0.567768438714235,0.6478765314471577,0.9919479018577538,1.4166905978370858,2.0068383093812017
2023-10-03 08:05:00,41971.42528011829,17.641635614287292,5.7034878177933335,8.928053589556978,0.5404853522929494,1.0929129419761163,3.0,7.800000000000001,1.2000000000000002,0.567768438714235,0.6478765314471577,0.9919479018577538,1.4166905978370858,2.0068383093812017
2023-10-03 08:10:00,41709.0975226323,14.980905040138687,4.005699619475618,8.86809812467383,0.6314584998147509,1.0449250865226702,3.0,7.800000000000001,1.2000000000000002,0.567768438714235,0.6478765314471577,0.9919479018577538,1.4166905978370858,2.0068383093812017
2023-10-03 08:15:00,40397.90870822418,11.080848092947447,3.008065298882535,6.501054911345868,0.6314584998147509,0.9395006115706601,3.0,7.800000000000001,1.2000000000000002,0.5550504481576427,0.626202044072039,0.9559873639332268,1.4188172010516364,2.0716186907826453
2023-10-03 08:20:00,41577.889424930116,8.895307530000595,2.459317725551645,5.161158525783423,0.6167007298729315,0.9118756321411503,3.0,7.800000000000001,1.2000000000000002,0.5550504481576427,0.626202044072039,0.9559873639332268,1.4188172010516364,2.0716186907826453
2023-10-03 08:25:00,43414.372219786215,7.393209264233967,2.141600852945344,4.151302287058119,0.642570088569295,0.9005407469535678,3.0,7.800000000000001,1.2000000000000002,0.5550504481576427,0.626202044072039,0.9559873639332268,1.4188172010516364,2.0716186907826453
2023-10-03 08:30:00,54714.890357917015,63.239320719999995,15.339260352,38.895371761322025,3.8641953000000004,8.0085699,0.09420191080864548,0.2537794317906792,0.06977822009767803,0.5550504481576427,0.626202044072039,0.9559873639332268,1.4188172010516364,2.0716186907826453
2023-10-03 08:45:00,41446.59428781593,10.08929722264698,2.7337624600689976,5.931659422449413,0.6240716404397184,0.9860272763427618,3.0,7.800000000000001,1.2000000000000002,0.5450587124338074,0.601295268566118,0.9062987586883257,1.3503911470385164,2.0461915843830463
2023-10-03 08:50:00,41315.425006463076,7.699303787683791,2.0651341193509363,4.573129635860312,0.6686272811047979,0.9436776307145787,3.0,7.800000000000001,1.2000000000000002,0.5450587124338074,0.601295268566118,0.9062987586883257,1.3503911470385164,2.0461915843830463
2023-10-03 08:55:00,49718.07614004775,7.235103515238156,2.0296066169955207,4.165369433358115,0.6425708236959965,0.9687714780867076,3.0,7.800000000000001,1.2000000000000002,0.5450587124338074,0.601295268566118,0.9062987586883257,1.3503911470385164,2.0461915843830463
2023-10-03 09:00:00,52873.29755157122,8.134763950033722,2.385563081134459,4.516268153572422,0.6130226290675482,0.9860737710644558,0.10903669107231748,0.3325559201096862,0.15150000000000002,0.5403933752369656,0.5877763179986073,0.8872293953651446,1.2375140403243916,1.6677277955349905
2023-10-03 09:05:00,55503.95095331583,8.725042339564196,2.7805511205872655,4.500310891969642,0.5873978863796542,1.045106053076505,3.0,7.800000000000001,1.2000000000000002,0.5403933752369656,0.5877763179986073,0.8872293953651446,1.2375140403243916,1.6677277955349905
2023-10-03 09:10:00,49586.543761264016,7.7124283319974785,2.4596345655228427,3.9828627639207266,0.5873978863796542,1.4148299965975615,3.0,7.800000000000001,1.2000000000000002,0.5403933752369656,0.5877763179986073,0.8872293953651446,1.2375140403243916,1.6677277955349905
2023-10-03 09:15:00,42626.84131371831,6.445354498748941,1.9340378044640685,3.5264453395984976,0.6462825401820833,1.1791395610605242,3.0,7.800000000000001,1.2000000000000002,0.5400148146115993,0.5963430220938282,0.9124056992369128,1.3137366554983536,1.9083668410449812
2023-10-03 09:20:00,42626.814698721995,7.378029110933722,2.33088163552152,3.8469817806922064,0.8163981450492732,0.9905254618937165,3.0,7.800000000000001,1.2000000000000002,0.5400148146115993,0.5963430220938282,0.9124056992369128,1.3137366554983536,1.9083668410449812
2023-10-03 09:25:00,36730.0278023815,7.185753598064858,2.204916236530015,3.848207742471914,0.9398954527744418,0.9688624042684917,3.0,7.800000000000001,1.2000000000000002,0.5400148146115993,0.5963430220938282,0.9124056992369128,1.3137366554983536,1.9083668410449812
2023-10-03 09:30:00,47878.19909873154,4.325354380565268,1.2757092283066525,2.4337229342840594,0.885677730233749,8.0085699,0.07942921376924236,0.2537794317906792,0.11208925015361643,0.533475397745763,0.5925571702376067,0.9227750321719806,1.3686819389471025,2.324672019877213
2023-10-03 09:35:00,43938.86118561455,5.43484261947262,1.6830517495786501,2.907854171535295,0.8394318567207946,8.0085699,3.0,7.800000000000001,1.2000000000000002,0.533475397745763,0.5925571702376067,0.9227750321719806,1.3686819389471025,2.324672019877213
2023-10-03 09:40:00,49060.690316433844,5.393219009800012,1.6422089740138446,2.9289620831737686,0.8394318567207946,8.0085699,3.0,7.800000000000001,1.2000000000000002,0.533475397745763,0.5925571702376067,0.9227750321719806,1.3686819389471025,2.324672019877213
2023-10-03 09:45:00,40528.435021055644,4.225778887571937,1.2325671421357889,2.4015496846461923,0.7212234031064607,8.0085699,3.0,7.800000000000001,1.2000000000000002,0.5324368507156506,0.5856833615529812,0.8982935822992392,1.2916293005347936,1.8106904760339355
2023-10-03 09:50:00,47483.97250104571,3.6145951996966166,1.047091224123391,2.084526295436605,0.6648958183125502,8.0085699,3.0,7.800000000000001,1.2000000000000002,0.5324368507156506,0.5856833615529812,0.8982935822992392,1.2916293005347936,1.8106904760339355
2023-10-03 09:55:00,41839.579920176315,4.001275037151274,1.1786908404708558,2.262957501696142,0.653717911542214,8.0085699,3.0,7.800000000000001,1.2000000000000002,0.5324368507156506,0.5856833615529812,0.8982935822992392,1.2916293005347936,1.8106904760339355
2023-10-03 10:00:00,50374.817438684775,3.448796405627547,0.993693626906723,2.0038607002649793,0.6351607530185855,8.0085699,0.07354590403278757,0.22877552316626884,0.16475436261295176,0.5430874699346322,0.6069069121372733,0.932662511308351,1.3779346864057092,2.044608519986161
2023-10-03 10:05:00,45776.50637685984,4.780473522878546,1.4248193701455214,2.654976211435398,0.7023728007265455,8.0085699,3.0,7.800000000000001,1.2000000000000002,0.5430874699346322,0.6069069121372733,0.932662511308351,1.3779346864057092,2.044608519986161
2023-10-03 10:10:00,40528.27544945655,4.872351682591743,1.4085664722928968,2.770605553902255,0.6873443395125783,8.0085699,3.0,7.800000000000001,1.2000000000000002,0.5430874699346322,0.6069069121372733,0.932662511308351,1.3779346864057092,2.044608519986161
2023-10-03 10:15:00,50506.17069698774,5.31061911977877,1.6587327946840877,2.8220692387053217,0.6167029183414496,8.0085699,3.0,7.800000000000001,1.2000000000000002,0.5396378415196621,0.6069069121372733,0.9179066619215703,1.5164432069813891,2.530316185775999
2023-10-03 10:20:00,44594.81395344559,5.590504992709744,1.6478608897893534,3.1157076443923613,3.8641953000000004,8.0085699,3.0,7.800000000000001,1.2000000000000002,0.5396378415196621,0.6069069121372733,0.9179066619215703,1.5164432069813891,2.530316185775999
2023-10-03 10:25:00,44988.6020839053,4.089371030444127,1.2138592032192599,2.295873748815146,3.8641953000000004,8.0085699,3.0,7.800000000000001,1.2000000000000002,0.5396378415196621,0.6069069121372733,0.9179066619215703,1.5164432069813891,2.530316185775999
2023-10-03 10:30:00,43282.35806602425,3.39555816236573,1.041904315183613,1.8783174041612507,3.8641953000000004,8.0085699,0.07648529270389179,0.17893283656165515,0.12078493283518438,0.5307391072834184,0.5893589738011971,0.9158358804938798,1.3862178760930766,2.2128660149227293
2023-10-03 10:35:00,46170.23407796589,3.898237392203437,1.1734780601362076,2.1697170573360864,3.8641953000000004,8.0085699,3.0,7.800000000000001,1.2000000000000002,0.5307391072834184,0.5893589738011971,0.9158358804938798,1.3862178760930766,2.2128660149227293
2023-10-03 10:40:00,44594.680798371766,5.236118674481954,1.4983049078716555,2.9933133402589225,3.8641953000000004,8.0085699,3.0,7.800000000000001,1.2000000000000002,0.5307391072834184,0.5893589738011971,0.9158358804938798,1.3862178760930766,2.2128660149227293
2023-10-03 12:25:00,41314.054951205006,4.75864854535266,0.6510198536009846,3.8449961992077717,3.8641953000000004,8.0085699,3.0,7.800000000000001,1.2000000000000002,0.5338248776518382,0.6103277807866851,0.9612187264093432,1.4316425007661655,2.1133187170893084
2023-10-03 12:30:00,45775.48075035578,6.253371208755962,1.3141435894806548,4.288100139440553,3.8641953000000004,8.0085699,3.0,7.800000000000001,1.2000000000000002,0.533475397745763,0.6149504045042983,0.9672521077774915,1.5414048786739973,2.881269858933731
2023-10-03 12:35:00,43019.10476966394,7.1522613753119,1.5964892785844333,4.747961521401132,3.8641953000000004,8.0085699,3.0,7.800000000000001,1.2000000000000002,0.533475397745763,0.6149504045042983,0.9672521077774915,1.5414048786739973,2.881269858933731
2023-10-03 12:40:00,44200.0848559961,6.696274747234617,1.5176155374236784,4.415082736283455,3.8641953000000004,8.0085699,3.0,7.800000000000001,1.2000000000000002,0.533475397745763,0.6149504045042983,0.9672521077774915,1.5414048786739973,2.881269858933731
2023-10-03 12:45:00,38168.861028675245,6.336601145531881,1.7682193911607196,3.672058882038991,3.8641953000000004,8.0085699,3.0,7.800000000000001,1.2000000000000002,0.528432587942871,0.6001866376386599,0.9369602766393034,1.491793886567444,2.7433308221940718
2023-10-03 12:50:00,43412.61519006255,5.287923064646712,1.5040553715611857,3.035830736225937,0.5619739335667994,0.8973063940787027,3.0,7.800000000000001,1.2000000000000002,0.528432587942871,0.6001866376386599,0.9369602766393034,1.491793886567444,2.7433308221940718
2023-10-03 12:55:00,37383.18546942413,4.645347931280154,1.3033994344384372,2.707186236340896,0.4705249190692915,0.8645176393028218,3.0,7.800000000000001,1.2000000000000002,0.528432587942871,0.6001866376386599,0.9369602766393034,1.491793886567444,2.7433308221940718
2023-10-03 13:00:00,38692.63891192226,4.653562674548079,1.2034928133802136,2.8688253464517066,0.3590316490694771,0.8846100904239198,0.11200892821556681,0.27166155414412246,0.10776015033397085,0.5294109934634905,0.5957986236976384,0.9376800307141024,1.4424147288488147,2.6582355049919864
2023-10-03 13:05:00,38954.593263552706,4.8619364594189465,1.2872052194934842,2.9464035174000465,0.3648536777417605,0.8972602618463612,3.0,7.800000000000001,1.2000000000000002,0.5294109934634905,0.5957986236976384,0.9376800307141024,1.4424147288488147,2.6582355049919864
2023-10-03 13:10:00,37906.78636893561,4.840962346388912,1.125464232936139,3.17525300203604,0.3561512739333025,0.8644794360301133,3.0,7.800000000000001,1.2000000000000002,0.5294109934634905,0.5957986236976384,0.9376800307141024,1.4424147288488147,2.6582355049919864
2023-10-03 13:15:00,37121.262144703265,3.372037808789373,0.6792689839294834,2.42035406243991,0.3209806616299073,0.8421127847710739,3.0,7.800000000000001,1.2000000000000002,0.525281829116523,0.5836103151932803,0.9117228526257307,1.3333881655392026,2.178337898490498
2023-10-03 13:20:00,37513.927305165555,4.1906297129319405,0.9996118641681967,2.725709132248453,0.5191359846412188,0.8845526116832694,3.0,7.800000000000001,1.2000000000000002,0.525281829116523,0.5836103151932803,0.9117228526257307,1.3333881655392026,2.178337898490498
2023-10-03 13:25:00,42493.96884215654,6.5153758363829555,1.6729012707416964,3.996027167203269,1.2216667407428525,0.876345344016895,3.0,7.800000000000001,1.2000000000000002,0.525281829116523,0.5836103151932803,0.9117228526257307,1.3333881655392026,2.178337898490498
2023-10-03 13:30:00,39085.42870955784,5.541635472471984,1.3359815519334972,3.5459280218575078,0.8201327725320615,0.8763316924659967,0.1030970416646375,0.19670119470913236,0.09914761721796445,0.5197730273879168,0.5706356105256664,0.8982935822992392,1.2278665440511034,1.6286300991937979
2023-10-03 13:35:00,38299.47840971259,4.894573642091057,1.141671929752351,3.2033662347356557,0.6685484590633652,0.8644159319428089,3.0,7.800000000000001,1.2000000000000002,0.5197730273879168,0.5706356105256664,0.8982935822992392,1.2278665440511034,1.6286300991937979
2023-10-03 13:40:00,42625.031494496485,4.273421027576445,0.9703514511654735,2.8532815598902483,0.45022962298141816,0.9058301964008812,3.0,7.800000000000001,1.2000000000000002,0.5197730273879168,0.5706356105256664,0.8982935822992392,1.2278665440511034,1.6286300991937979
2023-10-03 13:45:00,42887.37324501496,4.8859894853330825,1.2036332030728087,3.0990145171610903,0.41092308105914116,0.9014521345814783,3.0,7.800000000000001,1.2000000000000002,0.5200471132503285,0.5706356105256664,0.8834037808386378,1.380000362318793,2.1359597374482506
2023-10-03 13:50:00,40657.903968170234,4.877527084187062,1.1417189334472257,3.1863678765921537,0.45022693511503836,0.8682919160141094,3.0,7.800000000000001,1.2000000000000002,0.5200471132503285,0.5706356105256664,0.8834037808386378,1.380000362318793,2.1359597374482506
2023-10-03 13:55:00,39085.24265091382,4.618878099924294,0.9890520823471257,3.166915875908815,0.4077328519862949,0.8456099867476303,3.0,7.800000000000001,1.2000000000000002,0.5200471132503285,0.5706356105256664,0.8834037808386378,1.380000362318793,2.1359597374482506
2023-10-03 14:00:00,39478.27090502218,3.57428201690755,0.7051094661670165,2.579041006509512,0.40773178031497326,0.8350234834862813,3.0,7.800000000000001,1.2000000000000002,0.5192301994298868,0.5630994583552714,0.8655194971807394,1.2392836640575877,1.8150360877955016
2023-10-03 14:05:00,42362.48606190494,3.2547798290606154,0.6360941665715047,2.374221515218243,0.4238131718526225,0.8529230793476115,3.0,7.800000000000001,1.2000000000000002,0.5192301994298868,0.5630994583552714,0.8655194971807394,1.2392836640575877,1.8150360877955016
2023-10-03 14:10:00,40788.84212956511,4.251873212252295,0.8749521300258265,2.981354776907119,0.5475667836611462,0.8844089923936236,3.0,7.800000000000001,1.2000000000000002,0.5192301994298868,0.5630994583552714,0.8655194971807394,1.2392836640575877,1.8150360877955016
2023-10-03 14:15:00,46825.19819551545,4.847721831856182,1.0184757773905522,3.348373112426372,0.515592446196249,0.8721916835850825,3.0,7.800000000000001,1.2000000000000002,0.5211612034677946,0.5785162054774265,0.8963172652582343,1.4784860499849162,2.7736394863067555
2023-10-03 14:20:00,41444.34622784472,4.709988020490849,1.0158202073882214,3.2156401912387214,0.44354476813152544,0.9421887378422056,3.0,7.800000000000001,1.2000000000000002,0.5211612034677946,0.5785162054774265,0.8963172652582343,1.4784860499849162,2.7736394863067555
2023-10-03 14:25:00,34243.459448928814,4.468115077948965,0.9199957684533786,3.1252826233287596,0.4045534191209496,0.9100910497789292,3.0,7.800000000000001,1.2000000000000002,0.5211612034677946,0.5785162054774265,0.8963172652582343,1.4784860499849162,2.7736394863067555
2023-10-03 14:30:00,40002.23466938422,4.047426955599739,0.81184909445957,2.8780732780561213,0.379751700323009,0.9235611395309387,3.0,0.3110500924288562,0.07800000000000001,0.5228852646613786,0.5846443363276514,0.9220764393476281,1.4906811362595287,2.5094772363980513
2023-10-03 14:35:00,41444.22650872515,3.5568367488507335,0.7284653605566199,2.5243616008372736,0.38279052900186605,0.905653540085575,3.0,7.800000000000001,1.2000000000000002,0.5228852646613786,0.5846443363276514,0.9220764393476281,1.4906811362595287,2.5094772363980513
2023-10-03 14:40:00,39871.11037332195,4.142906192969179,0.8592135475140359,2.8979943396053662,0.4045502194303391,0.8642509951293591,3.0,7.800000000000001,1.2000000000000002,0.5228852646613786,0.5846443363276514,0.9220764393476281,1.4906811362595287,2.5094772363980513
2023-10-03 14:45:00,37513.36952659384,4.255192538839576,0.9227118753746871,2.909654318817465,0.3889217941729231,0.8603811195585058,3.0,7.800000000000001,1.2000000000000002,0.5200471132503285,0.562640204749003,0.8549433665454104,1.3635721469727957,2.2726425147831764
2023-10-03 14:50:00,33851.33197735587,3.3697666291809742,0.7311018155795506,2.335159410135165,0.347637296207532,0.8528176997500493,3.0,7.800000000000001,1.2000000000000002,0.5200471132503285,0.562640204749003,0.8549433665454104,1.3635721469727957,2.2726425147831764
2023-10-03 14:55:00,30719.421554444976,2.4037380765540077,0.5220543662634459,1.7238575734511836,0.3648354858753544,0.7981609508510679,3.0,7.800000000000001,1.2000000000000002,0.5200471132503285,0.562640204749003,0.8549433665454104,1.3635721469727957,2.2726425147831764
2023-10-03 15:00:00,30458.76729237818,2.129631030677276,0.4791090788192469,1.5286733662394358,0.3532783263781952,0.7929431561354718,0.0912414379544733,0.2788186507391498,0.07800000000000001,0.5290831692654757,0.578013840664737,0.8834037808386378,1.30985342691463,1.9357127886130214
2023-10-03 15:05:00,37906.00267679269,2.4117062660606328,0.5293574226087113,1.7194941172547378,0.33130598020285357,0.8064687802317887,3.0,7.800000000000001,1.2000000000000002,0.5290831692654757,0.578013840664737,0.8834037808386378,1.30985342691463,1.9357127886130214
2023-10-03 15:10:00,35942.86137129179,3.0090168311870413,0.5760596304497181,2.229690196359913,0.3476344405339451,0.9467494027174059,3.0,7.800000000000001,1.2000000000000002,0.5290831692654757,0.578013840664737,0.8834037808386378,1.30985342691463,1.9357127886130214
2023-10-03 15:15:00,38822.68881726522,3.4853182721463285,0.62619005702213,2.6187809731016785,0.33935254030191575,0.927984811046076,3.0,7.800000000000001,1.2000000000000002,0.5320939766620179,0.5904201893566987,0.91036036820591,1.4166905978370858,2.1197745163106383
2023-10-03 15:20:00,41181.62834168927,3.559910083953087,0.7130981163274417,2.5519891972121345,0.31845774973318247,0.9710476809513886,3.0,7.800000000000001,1.2000000000000002,0.5320939766620179,0.5904201893566987,0.91036036820591,1.4166905978370858,2.1197745163106383
2023-10-03 15:25:00,44198.76677154954,3.9046702646478355,0.8488153705460664,2.6781672311044,0.32096664808031006,0.9660824046879335,3.0,7.800000000000001,1.2000000000000002,0.5320939766620179,0.5904201893566987,0.91036036820591,1.4166905978370858,2.1197745163106383
2023-10-03 15:30:00,46036.624821842146,3.2859012807656374,0.7493861009755302,2.2233928681016644,0.32096609756726835,0.9466727458550261,0.10012991560967183,0.23591523901605,0.06574382100243337,0.5255891931917931,0.5635601121442149,0.8520794329169082,1.178717947602394,1.5761027885261798
2023-10-03 15:35:00,43017.72061491754,3.2982156722016174,0.8251760589528284,2.1164689434806245,0.31353227698851316,0.9054610748760217,3.0,7.800000000000001,1.2000000000000002,0.5255891931917931,0.5635601121442149,0.8520794329169082,1.178717947602394,1.5761027885261798
2023-10-03 15:40:00,42099.44471478532,3.808683988142053,1.040131195452389,2.285873131013306,0.3135317953993998,0.9054450779590894,3.0,7.800000000000001,1.2000000000000002,0.5255891931917931,0.5635601121442149,0.8520794329169082,1.178717947602394,1.5761027885261798
2023-10-03 15:45:00,47612.52558943854,2.8388042562263203,0.7754683904320914,1.7441791589808715,0.31597715482415883,0.8925093438735001,3.0,7.800000000000001,1.2000000000000002,0.5249761899362675,0.564485606548121,0.8572578608563469,1.2654644404328397,1.9912307751739877
2023-10-03 15:50:00,49977.6050173925,3.289568110685667,1.0615768175818299,1.745498650245536,0.3209639455757163,0.9371448806966636,3.0,7.800000000000001,1.2000000000000002,0.5249761899362675,0.564485606548121,0.8572578608563469,1.2654644404328397,1.9912307751739877
2023-10-03 15:55:00,44198.54043386756,3.60059042058837,1.2661114290650803,1.7395428896618614,0.3235033343858473,0.9465769909665538,3.0,7.800000000000001,1.2000000000000002,0.5249761899362675,0.564485606548121,0.8572578608563469,1.2654644404328397,1.9912307751739877
2023-10-03 16:00:00,48532.01702915123,3.2727529160753273,0.885870384568212,1.9972605449286664,0.3339547368354693,0.905380983035776,0.10606601717798213,0.3038844517246645,0.0863770802933278,0.5246722786654542,0.5701543650626557,0.8815068008813092,1.2700744072691175,1.7934034682692013
2023-10-03 16:05:00,47086.95785996501,3.417740612173702,0.957501333597662,2.0289657055094024,0.3235022454983775,0.9232302608886502,3.0,7.800000000000001,1.2000000000000002,0.5246722786654542,0.5701543650626557,0.8815068008813092,1.2700744072691175,1.7934034682692013
2023-10-03 16:10:00,43804.72251767105,3.1648191682635343,0.8410599166552626,1.9608714858787637,0.32350166307242667,0.905348958198664,3.0,7.800000000000001,1.2000000000000002,0.5246722786654542,0.5701543650626557,0.8815068008813092,1.2700744072691175,1.7934034682692013
2023-10-03 16:15:00,47743.62787378313,3.413353370495612,1.0055017365048353,1.9511416060484275,0.32096124310622226,0.8840506342109427,3.0,7.800000000000001,1.2000000000000002,0.5287570330501524,0.57601736084948,0.8898030343845766,1.2455144519434531,1.7189822570346678
2023-10-03 16:20:00,44460.83588566487,4.1821227844500415,1.3365065094659767,2.200337284052316,0.3366348022308029,0.9186457617931396,3.0,7.800000000000001,1.2000000000000002,0.5287570330501524,0.57601736084948,0.8898030343845766,1.2455144519434531,1.7189822570346678
2023-10-03 16:25:00,43673.37145623703,4.932157310876659,1.2338026706933154,3.0982573479613316,0.3366341876608293,0.9512463223786911,3.0,7.800000000000001,1.2000000000000002,0.5287570330501524,0.57601736084948,0.8898030343845766,1.2455144519434531,1.7189822570346678
2023-10-03 16:30:00,43935.785893782835,5.528883179334175,1.290544369456996,3.6033881540618724,0.3476229626430966,0.9009342605499062,0.1030970416646375,0.30746707140765495,0.07800000000000001,0.533475397745763,0.5893589738011971,0.9179066619215703,1.2636282087702855,1.694472189208191
2023-10-03 16:35:00,44198.22089834209,6.343482386234143,1.4857210774559462,4.112853784001366,0.38276804939575554,0.905268888045927,3.0,7.800000000000001,1.2000000000000002,0.533475397745763,0.5893589738011971,0.9179066619215703,1.2636282087702855,1.694472189208191
2023-10-03 16:40:00,51817.470924063506,5.203007092034205,1.2635499180948448,3.3212097296775056,0.40769701495705046,0.8718052626790549,3.0,7.800000000000001,1.2000000000000002,0.533475397745763,0.5893589738011971,0.9179066619215703,1.2636282087702855,1.694472189208191
2023-10-03 16:45:00,40918.81583391505,4.7731870102097735,1.2338649984646333,2.9405482577349003,0.4270325141450774,0.8881226756833225,3.0,7.800000000000001,1.2000000000000002,0.5366796064692602,0.5898889726041673,0.8996167183862247,1.2737821634800826,1.806354339546923
2023-10-03 16:50:00,46429.8993709424,4.447939882831777,1.1154085865527124,2.801089124005423,0.4140841641729464,0.8881080342821739,3.0,7.800000000000001,1.2000000000000002,0.5366796064692602,0.5898889726041673,0.8996167183862247,1.2737821634800826,1.806354339546923
2023-10-03 16:55:00,51291.45305634805,4.49782007387058,1.0724978746415237,2.916928464149633,0.40769373708254125,0.9369052559716163,3.0,7.800000000000001,1.2000000000000002,0.5366796064692602,0.5898889726041673,0.8996167183862247,1.2737821634800826,1.806354339546923
2023-10-03 17:00:00,67743.07030693373,5.795451065934366,1.5591945178087916,3.4548213446040177,0.4237718684085715,0.9907491299410374,0.09716480844420988,0.3038844517246645,0.06574382100243337,0.5355968633216591,0.5909526207742885,0.9137745892724309,1.3088851171894345,1.8369039169210786
2023-10-03 17:05:00,50371.230639698464,5.82874834486937,1.5891391977477611,3.4419617966591316,0.44350215414025873,0.9559116415641695,3.0,7.800000000000001,1.2000000000000002,0.5355968633216591,0.5909526207742885,0.9137745892724309,1.3088851171894345,1.8369039169210786
2023-10-03 17:10:00,51554.248898915874,4.7767466728096375,1.2204525155431878,2.9647397982600494,0.427026529844825,0.9051568990076213,3.0,7.800000000000001,1.2000000000000002,0.5355968633216591,0.5909526207742885,0.9137745892724309,1.3088851171894345,1.8369039169210786
2023-10-03 17:15:00,36203.669547243895,6.890204303540975,1.3691768499783126,4.837718691081898,0.4602643855703899,0.9229869050292675,3.0,7.800000000000001,1.2000000000000002,0.5374095272694744,0.5930944275577035,0.9096807352032911,1.2897326273301766,1.7862463435931786
2023-10-03 17:20:00,37119.615687068006,6.371636170315423,1.8318057380200294,3.60953305177322,0.44017915727771245,0.8716989120131143,3.0,7.800000000000001,1.2000000000000002,0.5374095272694744,0.5930944275577035,0.9096807352032911,1.2897326273301766,1.7862463435931786
2023-10-03 17:25:00,35941.98557054152,5.364704465965506,1.3963119077156776,3.277266911492354,0.4172923426641493,0.8246031216944545,3.0,7.800000000000001,1.2000000000000002,0.5374095272694744,0.5930944275577035,0.9096807352032911,1.2897326273301766,1.7862463435931786
2023-10-03 17:30:00,35549.57679029557,3.826824183181791,1.0244347581831525,2.327907102975282,0.37071421645457564,0.8213802368363416,0.10012991560967183,0.33614139881900895,0.0863770802933278,0.5363170703977266,0.5888301962365721,0.8956607393427491,1.2868954891520912,1.8150360877955016
2023-10-03 17:35:00,35026.53250456841,4.2594147746305575,1.2988578299016735,2.3334974197758225,0.3589882083279673,0.8278593606368437,3.0,7.800000000000001,1.2000000000000002,0.5363170703977266,0.5888301962365721,0.8956607393427491,1.2868954891520912,1.8150360877955016
2023-10-03 17:40:00,32152.978048785622,3.610530492293055,1.0405089189043994,2.0906157689826217,0.3393333302638244,0.8151224366228496,3.0,7.800000000000001,1.2000000000000002,0.5363170703977266,0.5888301962365721,0.8956607393427491,1.2868954891520912,1.8150360877955016
2023-10-03 17:45:00,32152.951574811785,3.2163895625761003,0.9445225320180812,1.8520687631955413,0.32095155954544824,0.8120890420390197,3.0,7.800000000000001,1.2000000000000002,0.5396378415196621,0.601295268566118,0.9179066619215703,1.3635721469727957,2.3415593095200475
2023-10-03 17:50:00,35287.922041278776,3.7141323431666162,1.1263423088267732,2.061079330312121,0.3260600019103984,0.8033931253107864,3.0,7.800000000000001,1.2000000000000002,0.5396378415196621,0.601295268566118,0.9179066619215703,1.3635721469727957,2.3415593095200475
2023-10-03 17:55:00,33980.84601498393,5.205353128692461,1.4913985424641145,2.973412259833393,0.3393313337889757,0.8561220024313615,3.0,7.800000000000001,1.2000000000000002,0.5396378415196621,0.601295268566118,0.9179066619215703,1.3635721469727957,2.3415593095200475
2023-10-03 18:00:00,33850.16571184672,6.007056248317798,1.72824206499026,3.405945402383927,0.3589842568119549,0.8637450419068013,0.08828363381737295,0.26093033553038636,0.046861498055439925,0.5458580401532984,0.6149504045042983,0.9362415073046056,1.3882971583922514,2.324672019877213
2023-10-03 18:05:00,33980.7929983983,6.01529027545656,1.6464965922616843,3.5393078046712914,0.3420646886473003,0.871579427759734,3.0,7.800000000000001,1.2000000000000002,0.5458580401532984,0.6149504045042983,0.9362415073046056,1.3882971583922514,2.324672019877213
2023-10-03 18:10:00,33719.47015692293,8.863865415692745,2.425736131889594,5.181237679307017,0.344823982100476,0.9460607318207985,3.0,7.800000000000001,1.2000000000000002,0.5458580401532984,0.6149504045042983,0.9362415073046056,1.3882971583922514,2.324672019877213
2023-10-03 18:15:00,32283.262989646995,7.809026017472733,2.4284907140356,4.126472394978754,0.3589819088290868,0.9604899349615638,3.0,7.800000000000001,1.2000000000000002,0.5559217570845739,0.6372009102316161,0.9741080843520394,1.465278471827113,2.2559663118052096
2023-10-03 18:20:00,31891.812326016174,9.382756562337002,2.7000230169412562,5.278663133505442,0.3589811357159416,0.9273288795412902,3.0,7.800000000000001,1.2000000000000002,0.5559217570845739,0.6372009102316161,0.9741080843520394,1.465278471827113,2.2559663118052096
2023-10-03 18:25:00,32152.71330907156,4.741569237127974,1.3179475795630904,2.7800358777286207,0.3420619653579133,0.8755264465856625,3.0,7.800000000000001,1.2000000000000002,0.5559217570845739,0.6372009102316161,0.9741080843520394,1.465278471827113,2.2559663118052096
2023-10-03 18:30:00,31370.05397626306,4.624718778579475,1.2774010559501272,2.726655653859099,0.32605541694491114,0.8277553940243894,0.09420191080864548,0.25020503592054255,0.04036087214122113,0.5567988864931395,0.6372009102316161,0.9710521304234906,1.3945551261961644,2.0084033459442354
2023-10-03 18:35:00,32152.66036113523,4.8080478882177475,1.4019497594752304,2.7171567573372273,0.3209461549633358,0.8277459688486694,3.0,7.800000000000001,1.2000000000000002,0.5567988864931395,0.6372009102316161,0.9710521304234906,1.3945551261961644,2.0084033459442354
2023-10-03 18:40:00,31369.9878327882,6.348764255670821,1.8456923641738054,3.5655712249121145,0.32865276792043036,0.8522809840658477,3.0,7.800000000000001,1.2000000000000002,0.5567988864931395,0.6372009102316161,0.9710521304234906,1.3945551261961644,2.0084033459442354
2023-10-03 18:45:00,30457.524780394117,6.336102285959991,1.8839390775980571,3.494525247677717,0.33393405033220525,0.8378974445156332,3.0,7.800000000000001,1.2000000000000002,0.5640221626851201,0.6517085238049292,1.0054174058568908,1.5096890408292696,2.612457846549873
2023-10-03 18:50:00,30978.800363934308,5.792756594859503,1.6030650646310538,3.384879313842902,0.3209445286119455,0.8597777739193921,3.0,7.800000000000001,1.2000000000000002,0.5640221626851201,0.6517085238049292,1.0054174058568908,1.5096890408292696,2.612457846549873
2023-10-03 18:55:00,30978.773915310547,4.753349175746537,1.3369853772948648,2.762507155817754,0.3111004329348139,0.8277081588494348,3.0,7.800000000000001,1.2000000000000002,0.5640221626851201,0.6517085238049292,1.0054174058568908,1.5096890408292696,2.612457846549873
2023-10-03 19:00:00,30978.747466687382,5.863531406207397,1.6957068553780241,3.3132855351787622,0.30406789648890764,0.8449369091339878,0.0912414379544733,0.2537794317906792,0.037500000000000006,0.5612708793443679,0.654926713457315,1.001431455467622,1.4940214188558343,2.216167863678201
2023-10-03 19:05:00,31500.257809382732,9.134605350865792,2.3354518054104894,5.58956721685778,0.3209429272937702,0.931777254286485,3.0,7.800000000000001,1.2000000000000002,0.5612708793443679,0.654926713457315,1.001431455467622,1.4940214188558343,2.216167863678201
2023-10-03 19:10:00,30978.694569442876,11.743618466890288,2.9444507495310877,7.260149015165133,0.3420558652799012,0.9700871737189821,3.0,7.800000000000001,1.2000000000000002,0.5612708793443679,0.654926713457315,1.001431455467622,1.4940214188558343,2.216167863678201
2023-10-03 19:15:00,33327.25363036326,11.563362202314783,2.8868065712288633,7.16849476718852,0.32094185141504533,0.970066324603625,3.0,7.800000000000001,1.2000000000000002,0.5617259118110896,0.6504275516919621,1.0078185550980892,1.4273549838775217,1.9741539960195609
2023-10-03 19:20:00,31239.37482048564,10.553778692589335,2.71390359907233,6.425580946878482,0.3087194303484774,0.9317231843007509,3.0,7.800000000000001,1.2000000000000002,0.5617259118110896,0.6504275516919621,1.0078185550980892,1.4273549838775217,1.9741539960195609
2023-10-03 19:25:00,30848.257344286754,9.711905181013027,2.9170326539133566,5.27483339703918,0.34205382287094294,0.960208146159756,3.0,7.800000000000001,1.2000000000000002,0.5617259118110896,0.6504275516919621,1.0078185550980892,1.4273549838775217,1.9741539960195609
2023-10-03 19:30:00,31108.94809952,14.43714843729513,3.840376965151346,8.578038717577266,0.33661032738043134,0.9700038668659768,0.08532877591996735,0.2573545414404028,0.046861498055439925,0.564485606548121,0.6653728278191108,1.0256413408204643,1.466375207782783,2.2592972358678263
2023-10-03 19:35:00,29936.20558478722,12.145141566050961,3.252146922855613,7.189735878674122,0.32093969967429126,0.9553179893450173,3.0,7.800000000000001,1.2000000000000002,0.564485606548121,0.6653728278191108,1.0256413408204643,1.466375207782783,2.2592972358678263
2023-10-03 19:40:00,31500.046127518992,9.920900753418305,3.0626116124892753,5.260581269206106,0.3087176278079183,0.92248413936652,3.0,7.800000000000001,1.2000000000000002,0.564485606548121,0.6653728278191108,1.0256413408204643,1.466375207782783,2.2592972358678263
2023-10-03 19:45:00,31630.44909119541,9.263389343707068,2.639890193964864,5.251682526112178,0.3286450757111081,0.9134747596482217,3.0,7.800000000000001,1.2000000000000002,0.5635601121442149,0.6660330322138686,1.0371735438199337,1.5153158911593319,2.2977562969122727
2023-10-03 19:50:00,30587.467380345668,13.824850107996317,3.8706719232313356,7.920107909674781,0.3589669049873862,1.0534572042121881,3.0,7.800000000000001,1.2000000000000002,0.5635601121442149,0.6660330322138686,1.0371735438199337,1.5153158911593319,2.2977562969122727
2023-10-03 19:55:00,32543.686114986518,16.196566284826005,4.470338204846957,9.37127853915984,0.3532338992569727,1.064439838958332,3.0,7.800000000000001,1.2000000000000002,0.5635601121442149,0.6660330322138686,1.0371735438199337,1.5153158911593319,2.2977562969122727
2023-10-03 20:00:00,38427.77844866523,16.271872401999026,4.844576412482991,8.873788957491524,0.37667107002740635,1.0867652435320383,0.07942921376924236,0.23948645055618492,0.034985711369071804,0.5745337239884183,0.6834881125520765,1.050527181942476,1.531156507349918,2.173426787356777
2023-10-03 20:05:00,33326.96216698476,14.712805354839288,4.319041536256674,8.120725745547716,0.3677256795331788,1.081107851852026,3.0,7.800000000000001,1.2000000000000002,0.5745337239884183,0.6834881125520765,1.050527181942476,1.531156507349918,2.173426787356777
2023-10-03 20:10:00,32543.60666958234,18.99587027779097,5.507936332474039,10.580183010263397,0.39194986681125,1.1385158838919738,3.0,7.800000000000001,1.2000000000000002,0.5745337239884183,0.6834881125520765,1.050527181942476,1.531156507349918,2.173426787356777
2023-10-03 20:15:00,30847.966442460693,9.57246822199881,2.524776589407831,5.7361825643746345,0.3766683541551905,0.8752277135945045,3.0,7.800000000000001,1.2000000000000002,0.577012998120493,0.6848532689562049,1.0488480538190457,1.5096890408292696,2.184894505462449
2023-10-03 20:20:00,30847.95321965218,5.001533352108394,1.4864070443900534,2.7793592911019576,0.35896218061751856,0.8118423099605427,3.0,7.800000000000001,1.2000000000000002,0.577012998120493,0.6848532689562049,1.0488480538190457,1.5096890408292696,2.184894505462449
2023-10-03 20:25:00,30847.926774035608,4.67194866471131,1.4429788431344883,2.5202050815716017,0.3448051033900616,0.8148502759077967,3.0,7.800000000000001,1.2000000000000002,0.577012998120493,0.6848532689562049,1.0488480538190457,1.5096890408292696,2.184894505462449
2023-10-03 20:30:00,30326.65915243921,4.938712908478559,1.5462319272712803,2.626083407921527,0.3475885868484598,0.8179207895681466,0.07942921376924236,0.22163970763380825,0.037500000000000006,0.5810473302580436,0.6965809357138624,1.0674699808425527,1.5933738575739216,2.467971636790018
2023-10-03 20:35:00,30717.530908335022,4.725903682608577,1.5000365028413045,2.486547767620825,0.336601938033741,0.8342271717549051,3.0,7.800000000000001,1.2000000000000002,0.5810473302580436,0.6965809357138624,1.0674699808425527,1.5933738575739216,2.467971636790018
2023-10-03 20:40:00,30587.1897654839,4.379888174728369,1.4484532032261233,2.2246569437956936,0.34758714536246194,0.8275101571599726,3.0,7.800000000000001,1.2000000000000002,0.5810473302580436,0.6965809357138624,1.0674699808425527,1.5933738575739216,2.467971636790018
2023-10-03 20:45:00,30196.311472925754,4.4547533886342805,1.407772334483268,2.359902870714454,0.33391899941502273,0.8308241321063914,3.0,7.800000000000001,1.2000000000000002,0.5846443363276514,0.6869068350220429,1.0248231847494473,1.5517030160439849,2.3381779230845545
2023-10-03 20:50:00,30066.032507431977,5.827416274239274,1.7396563079753091,3.210283236488269,0.34758570388287086,0.8411383386127531,3.0,7.800000000000001,1.2000000000000002,0.5846443363276514,0.6869068350220429,1.0248231847494473,1.5517030160439849,2.3381779230845545
2023-10-03 20:55:00,29935.769596374656,6.048725872219868,1.8215208260805913,3.3047060209835184,0.3234699865075328,0.8274818930470285,3.0,7.800000000000001,1.2000000000000002,0.5846443363276514,0.6869068350220429,1.0248231847494473,1.5517030160439849,2.3381779230845545
2023-10-03 21:00:00,29935.743172840364,4.337750896720767,1.3644516338848423,2.310710056425244,0.3365987319819243,0.8274725106859457,0.07061161377563893,0.22520710468366664,0.034985711369071804,0.5930944275577035,0.7064000283125702,1.0777643527228018,1.507442867905779,2.132717515284197
2023-10-03 21:05:00,29545.105726628564,3.5474915072822597,1.10815321489013,1.9258672495883746,0.3286356226612101,0.827463100298905,3.0,7.800000000000001,1.2000000000000002,0.5930944275577035,0.7064000283125702,1.0777643527228018,1.507442867905779,2.132717515284197
2023-10-03 21:10:00,29805.456899716417,2.7939665297355316,0.8314898624258084,1.6145633239210937,0.3184212472852783,0.8209915026471278,3.0,7.800000000000001,1.2000000000000002,0.5930944275577035,0.7064000283125702,1.0777643527228018,1.507442867905779,2.132717515284197
2023-10-03 21:15:00,29414.869556919002,3.107880977702522,0.8420249217218384,1.9036663953817292,0.31842072834159785,0.8274442524901102,3.0,7.800000000000001,1.2000000000000002,0.5985323717226998,0.7185095684818679,1.1109654180036388,1.6476620557626493,2.584403993186824
2023-10-03 21:20:00,29545.026486312385,3.3148439854809624,0.9584962211695419,1.9267707171057384,0.3159433620109082,0.8030949607728108,3.0,7.800000000000001,1.2000000000000002,0.5985323717226998,0.7185095684818679,1.1109654180036388,1.6476620557626493,2.584403993186824
2023-10-03 21:25:00,29414.82994194405,3.1076434528389534,1.0198315572792975,1.6324376070017226,0.29954735266914495,0.8209650635740724,3.0,7.800000000000001,1.2000000000000002,0.5985323717226998,0.7185095684818679,1.1109654180036388,1.6476620557626493,2.584403993186824
2023-10-03 21:30:00,29414.80353196164,3.7296247363352393,1.2671518506889783,1.8631099258969748,0.30636387015702676,0.8274160842614531,3.0,7.800000000000001,1.2000000000000002,0.5985323717226998,0.7213875518748574,1.1012633472516915,1.6015620499999366,2.399334074279778
2023-10-03 21:35:00,29675.134282136416,3.4720719768300996,1.0358997677215158,1.9621276772265686,0.3184186525804675,0.8241465594035111,3.0,7.800000000000001,1.2000000000000002,0.5985323717226998,0.7213875518748574,1.1012633472516915,1.6015620499999366,2.399334074279778
2023-10-03 21:40:00,29675.09465687047,3.9871423085073463,1.261780546161377,2.122591219977545,0.3209262392897095,0.8178016109828716,3.0,7.800000000000001,1.2000000000000002,0.5985323717226998,0.7213875518748574,1.1012633472516915,1.6015620499999366,2.399334074279778
2023-10-03 21:45:00,29414.711097028736,3.708490919764266,1.2294021831927617,1.8993974471876185,0.30178149978942065,0.8147187079277415,3.0,7.800000000000001,1.2000000000000002,0.6040869142764144,0.7177917525299382,1.0777643527228018,1.5357051312019505,2.161988899138939
2023-10-03 21:50:00,29544.868005698805,3.695907303705287,1.153979960377992,2.0012334805614,0.3087058298557673,0.824119279842478,3.0,7.800000000000001,1.2000000000000002,0.6040869142764144,0.7177917525299382,1.0777643527228018,1.5357051312019505,2.161988899138939
2023-10-03 21:55:00,29544.841592265646,3.7830452793079647,1.0788015082632056,2.2012889742132473,0.30870538510850165,0.8273690520260206,3.0,7.800000000000001,1.2000000000000002,0.6040869142764144,0.7177917525299382,1.0777643527228018,1.5357051312019505,2.161988899138939
2023-10-03 22:00:00,29284.49210319592,4.32381006705631,1.1836209696281952,2.5732440107226764,0.30178027061951657,0.8409894140771453,3.0,0.1931440912893791,0.034985711369071804,0.602966831591921,0.726449585312016,1.0942532796386766,1.6933169372565786,2.584403993186824
2023-10-03 22:05:00,29414.60545711601,4.715381804211881,1.3511094719380676,2.7033417405587903,0.29954425357939807,0.8374837929588802,3.0,7.800000000000001,1.2000000000000002,0.602966831591921,0.726449585312016,1.0942532796386766,1.6933169372565786,2.584403993186824
2023-10-03 22:10:00,29414.579047139592,3.4919807578669237,1.1379075679590354,1.8267976576819644,0.2973459362365322,0.7975901092748182,3.0,7.800000000000001,1.2000000000000002,0.602966831591921,0.726449585312016,1.0942532796386766,1.6933169372565786,2.584403993186824
2023-10-03 22:15:00,29284.39968052946,3.670383715475665,1.2591883254574456,1.8175357204005391,0.2995434843132036,0.8208770741068276,3.0,7.800000000000001,1.2000000000000002,0.6052115332675014,0.7271753571182126,1.111850997211407,1.563202562050101,2.2343688146767535
2023-10-03 22:20:00,29154.25088998531,4.040262556401645,1.3755352820979063,2.002506052827265,0.2973451801876,0.8058257472595192,3.0,7.800000000000001,1.2000000000000002,0.6052115332675014,0.7271753571182126,1.111850997211407,1.563202562050101,2.2343688146767535
2023-10-03 22:25:00,29154.224487058615,4.273231339490455,1.4080791308142553,2.1812045048519098,0.29734481296550574,0.8146530735644225,3.0,7.800000000000001,1.2000000000000002,0.6052115332675014,0.7271753571182126,1.111850997211407,1.563202562050101,2.2343688146767535
2023-10-03 22:30:00,29154.198084132644,4.36889795882062,1.2511341757416994,2.514230120111316,0.2973444457445053,0.8116362072160286,0.07061161377563893,0.1931440912893791,1.2000000000000002,0.6052115332675014,0.7344685153224746,1.117176798899798,1.5957105783944654,2.344942643221791
2023-10-03 22:35:00,29154.1716812074,3.7239086862777255,1.170267233972341,2.0038816907234933,0.28694951512222966,0.7975575237321947,3.0,7.800000000000001,1.2000000000000002,0.6052115332675014,0.7344685153224746,1.117176798899798,1.5957105783944654,2.344942643221791
2023-10-03 22:40:00,29154.1320768209,3.6739372896048885,1.181052839804431,1.9387566763363633,0.28121965566431834,0.7975510032525333,3.0,7.800000000000001,1.2000000000000002,0.6052115332675014,0.7344685153224746,1.117176798899798,1.5957105783944654,2.344942643221791
2023-10-03 22:45:00,29154.118875359087,3.4496528746000807,0.9960585606277381,2.001078447370294,0.2973433224870588,0.7874960228724543,3.0,7.800000000000001,1.2000000000000002,0.6086123561019773,0.741824777154282,1.135078851886511,1.577079658736362,2.189818257298993
2023-10-03 22:50:00,29023.974507891682,3.1718462736514246,0.9428293356752411,1.811267880720101,0.297342955270498,0.7975379864714696,3.0,7.800000000000001,1.2000000000000002,0.6086123561019773,0.741824777154282,1.135078851886511,1.577079658736362,2.189818257298993
2023-10-03 22:55:00,29154.066069513676,2.7873551292128216,0.8160686708515413,1.631734843671128,0.2951832951850391,0.7975314672128012,3.0,7.800000000000001,1.2000000000000002,0.6086123561019773,0.741824777154282,1.135078851886511,1.577079658736362,2.189818257298993
2023-10-03 23:00:00,29154.039666592053,3.6942264448225655,0.9934387711158148,2.2451399998283637,0.295182934532007,0.8272469682815682,0.07648529270389179,0.2645067863023556,0.034985711369071804,0.6097548687792497,0.7381388758221585,1.1386861903088137,1.557445344145341,2.3027930866667115
2023-10-03 23:05:00,29284.14881905035,3.5819775542154857,1.0388578036845975,2.065156650308038,0.2869477328434224,0.8057597035925779,3.0,7.800000000000001,1.2000000000000002,0.6097548687792497,0.7381388758221585,1.1386861903088137,1.557445344145341,2.3027930866667115
2023-10-03 23:10:00,29153.986860750985,3.096867873686143,1.0201625951270383,1.621550139761761,0.28308359010421685,0.8029394839251154,3.0,7.800000000000001,1.2000000000000002,0.6097548687792497,0.7381388758221585,1.1386861903088137,1.557445344145341,2.3027930866667115
2023-10-03 23:15:00,29023.842511264058,2.815759008168978,0.9243246387072508,1.4951832551077213,0.29734109760348326,0.7975054401505557,3.0,7.800000000000001,1.2000000000000002,0.6137882370981054,0.7597262664933996,1.1780027843770149,1.7507052864488644,2.6476510344076694
2023-10-03 23:20:00,29023.816111940738,3.104905165353177,1.0576367804696818,1.5731656274535415,0.2951815131456491,0.7974989229265967,3.0,7.800000000000001,1.2000000000000002,0.6137882370981054,0.7597262664933996,1.1780027843770149,1.7507052864488644,2.6476510344076694
2023-10-03 23:25:00,29023.789712618152,3.5814982992931186,1.202746929231661,1.8160722599470673,0.29518115249814136,0.7898592333832513,3.0,7.800000000000001,1.2000000000000002,0.6137882370981054,0.7597262664933996,1.1780027843770149,1.7507052864488644,2.6476510344076694
2023-10-03 23:30:00,29023.763313296302,3.5149636968896973,1.1086079389700925,1.8934655854826492,0.29733997437654314,0.8057230196028301,0.07061161377563893,0.18603483544755803,0.034985711369071804,0.6114769006266713,0.7447845325998653,1.1413974592577294,1.6536290394160353,2.38569151400595
2023-10-03 23:35:00,29153.841644702992,3.10868554963332,1.0042204514481095,1.6569323827187303,0.3063529386985597,0.7974794195859435,3.0,7.800000000000001,1.2000000000000002,0.6114769006266713,0.7447845325998653,1.1413974592577294,1.6536290394160353,2.38569151400595
2023-10-03 23:40:00,29153.81524178753,2.97209197651101,0.9642600449608466,1.5853550062681898,0.2973392399644621,0.7974729039893578,3.0,7.800000000000001,1.2000000000000002,0.6114769006266713,0.7447845325998653,1.1413974592577294,1.6536290394160353,2.38569151400595
2023-10-03 23:45:00,29283.924364097442,2.9347837383155424,0.9032164941232859,1.6415578018087391,0.28499168723150303,0.7974663888003576,3.0,7.800000000000001,1.2000000000000002,0.6137882370981054,0.7522260298607062,1.1441136307203057,1.6896875450804505,2.485237212018201
2023-10-03 23:50:00,29414.05084775937,2.284691329472567,0.6812590635270496,1.355038754130753,0.2869450888676773,0.7850892097019804,3.0,7.800000000000001,1.2000000000000002,0.6137882370981054,0.7522260298607062,1.1441136307203057,1.6896875450804505,2.485237212018201
2023-10-03 23:55:00,29283.87155117485,2.3050343973731953,0.7172997749753155,1.3195899574718963,0.30869450088497513,0.7898249841186136,3.0,7.800000000000001,1.2000000000000002,0.6137882370981054,0.7522260298607062,1.1441136307203057,1.6896875450804505,2.485237212018201
2023-10-04 00:00:00,1158528.0880000002,63.239320719999995,15.339260352,38.895371761322025,3.8641953000000004,8.0085699,0.06768308503607087,0.23591523901605,0.032897568299191965,0.6137882370981054,0.7522260298607062,1.1441136307203057,1.6896875450804505,2.485237212018201
2023-10-04 00:15:00,28893.425656110237,3.0704968048949324,1.0497796845873013,1.5518579842808409,0.2869436004410249,1.25,3.0,7.800000000000001,1.2000000000000002,0.5985323717226998,0.7374035530155791,1.143207697664777,1.6227396587253298,2.2776558124527946
2023-10-04 00:20:00,29023.499320118175,2.9298212059399256,0.9990258309709366,1.4927585622087054,0.2776215652840175,1.25,3.0,7.800000000000001,1.2000000000000002,0.5985323717226998,0.7374035530155791,1.143207697664777,1.6227396587253298,2.2776558124527946
2023-10-04 00:25:00,28893.386062605055,3.2275582718715854,1.135642387541899,1.574678620495393,0.2869430129108847,0.7922636999140172,3.0,7.800000000000001,1.2000000000000002,0.5985323717226998,0.7374035530155791,1.143207697664777,1.6227396587253298,2.2776558124527946
2023-10-04 00:30:00,28893.34646910155,3.870768989980884,1.2704123231375084,1.9957063989379111,0.2951765066096348,0.792257740088355,0.07061161377563893,0.1824828759089466,0.034985711369071804,0.5745337239884183,0.6686822862914794,1.0191172650877818,1.380000362318793,1.8457150375938318
2023-10-04 00:35:00,28893.32007343348,3.181765393078519,1.0471666049107837,1.6628919158937887,0.2973351359774967,1.25,3.0,7.800000000000001,1.2000000000000002,0.5745337239884183,0.6686822862914794,1.0191172650877818,1.380000362318793,1.8457150375938318
2023-10-04 00:40:00,28893.29367776615,2.74775602740239,0.9405206054940478,1.4061440227287425,0.2889384967397338,1.25,3.0,7.800000000000001,1.2000000000000002,0.5745337239884183,0.6686822862914794,1.0191172650877818,1.380000362318793,1.8457150375938318
2023-10-04 00:45:00,28893.267282099565,2.809501141987635,0.9644654340491965,1.4293427960122946,0.27939369388468077,1.25,3.0,7.800000000000001,1.2000000000000002,0.567768438714235,0.6588178807530956,1.001431455467622,1.4018938083892087,1.9633379739616919
2023-10-04 00:50:00,28763.17212713204,3.322261953031513,1.1008072907085082,1.718079533569827,0.2849880477375317,1.25,3.0,7.800000000000001,1.2000000000000002,0.567768438714235,0.6588178807530956,1.001431455467622,1.4018938083892087,1.9633379739616919
2023-10-04 00:55:00,28763.145735160397,3.2061341850242484,1.0766870337928467,1.6421008555487688,0.28893757653925983,1.25,3.0,7.800000000000001,1.2000000000000002,0.567768438714235,0.6588178807530956,1.001431455467622,1.4018938083892087,1.9633379739616919
2023-10-04 01:00:00,28763.119343189504,3.1149383248928353,1.052597546178427,1.5903411905744724,0.29305484256605924,1.25,0.06768308503607087,0.22877552316626884,1.2000000000000002,0.5805385430787521,0.6882797396407947,1.0598119833253443,1.4851276039451964,2.0908074995082644
2023-10-04 01:05:00,28763.079755234587,3.3882373899023106,1.0258685049365532,1.8955688129504733,0.2742159046294585,0.7873433371282059,3.0,7.800000000000001,1.2000000000000002,0.5805385430787521,0.6882797396407947,1.0598119833253443,1.4851276039451964,2.0908074995082644
2023-10-04 01:10:00,28763.066559249994,3.404705841052854,1.0526288232702745,1.8709410107972377,0.27761932714369475,1.25,3.0,7.800000000000001,1.2000000000000002,0.5805385430787521,0.6882797396407947,1.0598119833253443,1.4851276039451964,2.0908074995082644
2023-10-04 01:15:00,28763.040167281368,3.193233676340714,1.0045356859209467,1.7382887001706901,0.28893633628286597,1.25,3.0,7.800000000000001,1.2000000000000002,0.5836103151932803,0.6910347313992257,1.0480095419412936,1.4619925615405847,2.028818375311107
2023-10-04 01:20:00,28763.01377531349,2.9614510738354505,0.9752249929157345,1.5586539402410893,0.29097420365629756,1.25,3.0,7.800000000000001,1.2000000000000002,0.5836103151932803,0.6910347313992257,1.0480095419412936,1.4619925615405847,2.028818375311107
2023-10-04 01:25:00,28893.069314623903,2.4504809649849864,0.8718069913118086,1.2271864216941102,0.27258652272950623,1.25,3.0,7.800000000000001,1.2000000000000002,0.5836103151932803,0.6910347313992257,1.0480095419412936,1.4619925615405847,2.028818375311107
2023-10-04 01:30:00,28762.960991380016,2.384731594403886,0.842831279881685,1.2081834848041335,0.2793915561818411,1.25,0.06476109943476871,0.25020503592054255,1.2000000000000002,0.5795248053362341,0.6924167820034405,1.064059697573402,1.453261934408247,1.9741539960195609
2023-10-04 01:35:00,28762.93459941441,2.220915437957027,0.7956184743962414,1.1251247454854822,0.2776181994278906,1.25,3.0,7.800000000000001,1.2000000000000002,0.5795248053362341,0.6924167820034405,1.064059697573402,1.453261934408247,1.9741539960195609
2023-10-04 01:40:00,28892.97692981626,1.9359778491263915,0.6841679269203053,1.0257374998507651,0.2725859661361696,1.25,3.0,7.800000000000001,1.2000000000000002,0.5795248053362341,0.6924167820034405,1.064059697573402,1.453261934408247,1.9741539960195609
2023-10-04 01:45:00,28892.963731987344,2.0698325217209494,0.7253997369340841,1.0880503490941509,0.26389409169395617,1.25,3.0,7.800000000000001,1.2000000000000002,0.574041810323952,0.6753636057709951,1.0338638981993713,1.4198816852118348,1.9296113598338915
2023-10-04 01:50:00,28892.937336330066,2.0697164969255812,0.7073408972042496,1.1142201300874635,0.275891727046884,1.25,3.0,7.800000000000001,1.2000000000000002,0.574041810323952,0.6753636057709951,1.0338638981993713,1.4198816852118348,1.9296113598338915
2023-10-04 01:55:00,28892.910940673533,2.758350026808595,0.9540459594100075,1.3961601074437096,0.27761729726939355,0.7849594188971645,3.0,7.800000000000001,1.2000000000000002,0.574041810323952,0.6753636057709951,1.0338638981993713,1.4198816852118348,1.9296113598338915
2023-10-04 02:00:00,29022.958134332628,3.295722878311681,1.189757769358047,1.559680331146807,0.2793901310831131,1.25,0.06476109943476871,0.14709180806557515,1.2000000000000002,0.5750269558898956,0.6733505773369471,1.0191172650877818,1.5334295712552304,2.260963511426047
2023-10-04 02:05:00,29022.944934683183,3.2417416670066115,1.135955744513688,1.5878317182218455,0.26657940708648953,0.7972846557274966,3.0,7.800000000000001,1.2000000000000002,0.5750269558898956,0.6733505773369471,1.0191172650877818,1.5334295712552304,2.260963511426047
2023-10-04 02:10:00,29022.918535384826,3.2996286023282684,1.1574837418775001,1.6114038411865357,0.27100633435855065,0.792138624841896,3.0,7.800000000000001,1.2000000000000002,0.5750269558898956,0.6733505773369471,1.0191172650877818,1.5334295712552304,2.260963511426047
2023-10-04 02:15:00,29022.892136087215,2.589015983270581,0.895750440019953,1.3220483397052505,0.2626327115596767,0.7872672259647332,3.0,7.800000000000001,1.2000000000000002,0.5706356105256664,0.6693466964137494,1.0150645299684153,1.4641824510627082,2.0908074995082644
2023-10-04 02:20:00,29022.86573679034,2.761881793195169,0.9249092963002566,1.4428157533980166,0.268002376139191,0.7972652383408805,3.0,7.800000000000001,1.2000000000000002,0.5706356105256664,0.6693466964137494,1.0150645299684153,1.4641824510627082,2.0908074995082644
2023-10-04 02:25:00,29022.83933749419,2.4121442444639563,0.7566504406132372,1.3618796492492427,0.26947817633014415,1.25,3.0,7.800000000000001,1.2000000000000002,0.5706356105256664,0.6693466964137494,1.0150645299684153,1.4641824510627082,2.0908074995082644
2023-10-04 02:30:00,29022.812938198775,2.1992118641704512,0.6971673622885741,1.249960740120266,0.26947801249805625,0.7896483873564994,0.06184658438426492,0.1931440912893791,1.2000000000000002,0.5649504403042802,0.6491502137410108,0.9802619241814914,1.328439027580867,1.8106904760339355
2023-10-04 02:35:00,29022.786538904104,2.9968666646093705,1.0314974755242172,1.50854701523405,0.26263229588733705,0.7972458016995868,3.0,7.800000000000001,1.2000000000000002,0.5649504403042802,0.6491502137410108,0.9802619241814914,1.328439027580867,1.8106904760339355
2023-10-04 02:40:00,28892.673379798223,3.514564029373708,1.3005457043788495,1.6053672650674053,0.26389281412038545,0.7972393236292753,3.0,7.800000000000001,1.2000000000000002,0.5649504403042802,0.6491502137410108,0.9802619241814914,1.328439027580867,1.8106904760339355
2023-10-04 02:45:00,28892.646984149134,3.5102940357602583,1.2978570490792647,1.6052528518811437,0.26947753589911705,0.7972328688526034,3.0,7.800000000000001,1.2000000000000002,0.5537544582213312,0.6220128616033594,0.9420191080864548,1.269150207816238,1.6770283241495954
2023-10-04 02:50:00,29022.707341024478,2.9510488496604337,1.119976094281851,1.3347538981074698,0.27761483374678286,0.7972263915910227,3.0,7.800000000000001,1.2000000000000002,0.5537544582213312,0.6220128616033594,0.9420191080864548,1.269150207816238,1.6770283241495954
2023-10-04 02:55:00,29152.78552864978,3.4685613582200903,1.289777929118027,1.5771849167795071,0.2652081388712555,0.8142117171598217,3.0,7.800000000000001,1.2000000000000002,0.5537544582213312,0.6220128616033594,0.9420191080864548,1.269150207816238,1.6770283241495954
2023-10-04 03:00:00,29413.03406474703,8.938485708318522,3.08845176766001,4.242848283132708,0.2849807500619663,0.8203777897520164,0.06768308503607087,0.16829545448407096,1.2000000000000002,0.5438713083073973,0.609183059514954,0.9333763228194724,1.2992575764643437,1.7805403674165885
2023-10-04 03:05:00,36592.28857767616,8.77929309262941,2.4491400899058315,5.06109812949249,0.2951654760195689,0.9300570291818269,3.0,7.800000000000001,1.2000000000000002,0.5438713083073973,0.609183059514954,0.9333763228194724,1.2992575764643437,1.7805403674165885
2023-10-04 03:10:00,33846.812703500655,11.974290126461359,3.242292099638295,7.034250674176002,0.3017552202885675,0.9880452123642114,3.0,7.800000000000001,1.2000000000000002,0.5438713083073973,0.609183059514954,0.9333763228194724,1.2992575764643437,1.7805403674165885
2023-10-04 03:15:00,30975.970364617126,12.845507717000874,3.0994753795340078,8.123044139476963,0.29732323518804593,0.9730093767165042,3.0,7.800000000000001,1.2000000000000002,0.54230987451825,0.6120531022713633,0.9369602766393034,1.3205704259902233,1.8049110781420785
2023-10-04 03:20:00,30194.157426149486,11.990789603436808,2.95121292335462,7.496607596334865,0.2869326925828988,0.9300036226753872,3.0,7.800000000000001,1.2000000000000002,0.54230987451825,0.6120531022713633,0.9369602766393034,1.3205704259902233,1.8049110781420785
2023-10-04 03:25:00,29803.435755495742,8.004550180553148,2.2930209936506585,4.528177359929793,0.27761327240776357,0.8334092370917559,3.0,7.800000000000001,1.2000000000000002,0.54230987451825,0.6120531022713633,0.9369602766393034,1.3205704259902233,1.8049110781420785
2023-10-04 03:30:00,29673.205854320644,4.840920551123189,1.5366301059822163,2.544243390763586,0.27761304688412985,0.7895802602761439,0.07061161377563893,0.22520710468366664,1.2000000000000002,0.5396378415196621,0.5985323717226998,0.9179066619215703,1.2482023073204118,1.6532465030962564
2023-10-04 03:35:00,29673.19264592358,3.2437367710068963,1.1523698291899003,1.565332469889561,0.28306949660514646,1.25,3.0,7.800000000000001,1.2000000000000002,0.5396378415196621,0.5985323717226998,0.9179066619215703,1.2482023073204118,1.6532465030962564
2023-10-04 03:40:00,29673.166229129954,3.795534618211889,1.3656836789499376,1.7793611695962661,0.27258152950733494,1.25,3.0,7.800000000000001,1.2000000000000002,0.5396378415196621,0.5985323717226998,0.9179066619215703,1.2482023073204118,1.6532465030962564
2023-10-04 03:45:00,29673.13981233702,4.019949340518059,1.395505965278464,1.952635594654992,0.26520687375399066,0.7971552828091397,3.0,7.800000000000001,1.2000000000000002,0.5366796064692602,0.5898889726041673,0.8969749160372323,1.25,1.6958231039822522
2023-10-04 03:50:00,29412.76996543442,3.5668443834704613,1.1470380401806342,1.8858370402335185,0.26263070661047244,1.25,3.0,7.800000000000001,1.2000000000000002,0.5366796064692602,0.5898889726041673,0.8969749160372323,1.25,1.6958231039822522
2023-10-04 03:55:00,29412.74355550704,3.052853185223004,0.9943695596657485,1.6178805858886371,0.2626306088118512,0.7871587995366216,3.0,7.800000000000001,1.2000000000000002,0.5366796064692602,0.5898889726041673,0.8969749160372323,1.25,1.6958231039822522
2023-10-04 04:00:00,29282.577635464833,3.0237867118665824,0.9438091232630494,1.6661007071077887,0.26799941460889487,0.797135912538226,0.06768308503607087,0.21807338214463495,1.2000000000000002,0.533475397745763,0.5851632250919396,0.8878710717215648,1.2446208257939444,1.6890814071559725
2023-10-04 04:05:00,29152.42908974354,2.1725070227719008,0.623531039874716,1.3369799836863925,0.2758860401906262,0.7971294870754972,3.0,7.800000000000001,1.2000000000000002,0.533475397745763,0.5851632250919396,0.8878710717215648,1.2446208257939444,1.6890814071559725
2023-10-04 04:10:00,29673.007728382647,2.3195295718965925,0.7673930090525138,1.2582261212544108,0.26263029096876,0.7971230162837494,3.0,7.800000000000001,1.2000000000000002,0.533475397745763,0.5851632250919396,0.8878710717215648,1.2446208257939444,1.6890814071559725
2023-10-04 04:15:00,29282.498416191425,3.7282085794278945,1.160565149471256,2.0228110896968183,0.2742083966702763,0.8171332083132488,3.0,7.800000000000001,1.2000000000000002,0.5262090839200707,0.5720874059092719,0.8808768358856985,1.223529729920773,1.6637620022106527
2023-10-04 04:20:00,29412.611505880723,3.669931859908822,1.2198427313418467,1.876280414243861,0.26520599485875784,0.7971101216388514,3.0,7.800000000000001,1.2000000000000002,0.5262090839200707,0.5720874059092719,0.8808768358856985,1.223529729920773,1.6637620022106527
2023-10-04 04:25:00,29412.58509595758,3.7528978998697125,1.3766586902446882,1.7217667034785602,0.2679986670728153,0.7971036520600296,3.0,7.800000000000001,1.2000000000000002,0.5262090839200707,0.5720874059092719,0.8808768358856985,1.223529729920773,1.6637620022106527
2023-10-04 04:30:00,29282.405993713917,5.052186225828737,1.7682964841123225,2.4009202483533785,0.2742078065679244,0.7945010418778361,0.07354590403278757,0.16475436261295176,1.2000000000000002,0.5217288567829079,0.5594649229397675,0.8537938861341184,1.1965153571935465,1.6677277955349905
2023-10-04 04:35:00,29152.257471057997,4.597547837271046,1.60755088005584,2.1975744053767023,0.27761013249557154,0.7970907598325006,3.0,7.800000000000001,1.2000000000000002,0.5217288567829079,0.5594649229397675,0.8537938861341184,1.1965153571935465,1.6677277955349905
2023-10-04 04:40:00,29412.50586619238,4.268333633623871,1.4553496663683492,2.1049630651188793,0.27760990698288085,0.8024758246686476,3.0,7.800000000000001,1.2000000000000002,0.5217288567829079,0.5594649229397675,0.8537938861341184,1.1965153571935465,1.6677277955349905
2023-10-04 04:45:00,29022.113357138023,4.572300140930075,1.5939738310988347,2.193326867295156,0.27760968147097603,0.79707784636047,3.0,7.800000000000001,1.2000000000000002,0.5208800245737976,0.5585704968936329,0.8520794329169082,1.1851143404752134,1.654556133831669
2023-10-04 04:50:00,29152.178262444242,3.7149049095187285,1.2604156643531912,1.8589325298208066,0.2725789535757617,0.8110379712231002,3.0,7.800000000000001,1.2000000000000002,0.5208800245737976,0.5585704968936329,0.8520794329169082,1.1851143404752134,1.654556133831669
2023-10-04 04:55:00,29022.047358951368,2.9232928338322965,0.9466396498321485,1.5648949120260176,0.26520510267069747,0.7894839363392571,3.0,7.800000000000001,1.2000000000000002,0.5208800245737976,0.5585704968936329,0.8520794329169082,1.1851143404752134,1.654556133831669
2023-10-04 05:00:00,29022.02095967799,3.7312827994298114,1.2226640722956559,1.9317691889770319,0.27588372847709636,0.7970585134566165,3.0,7.800000000000001,1.2000000000000002,0.5192301994298868,0.5590169943749475,0.8549433665454104,1.2590571869458511,1.9174503904925415
2023-10-04 05:05:00,29021.994560405357,6.421159447750535,2.0059797398776205,3.39259620732638,0.28306472447002945,0.80523404291584,3.0,7.800000000000001,1.2000000000000002,0.5192301994298868,0.5590169943749475,0.8549433665454104,1.2590571869458511,1.9174503904925415
2023-10-04 05:10:00,29542.504006188654,3.5151209929717386,1.0426816578803368,1.9938656176253486,0.2830644437650826,0.8024338894990366,3.0,7.800000000000001,1.2000000000000002,0.5192301994298868,0.5590169943749475,0.8549433665454104,1.2590571869458511,1.9174503904925415
2023-10-04 05:15:00,30454.06161610388,5.83175122093658,1.5804605732269816,3.4582523169160373,0.2793808686531345,0.8265468776089233,3.0,7.800000000000001,1.2000000000000002,0.5192301994298868,0.5612708793443679,0.8667198855454973,1.2446208257939444,1.7383221795743158
2023-10-04 05:20:00,34107.282505480296,8.918229526480529,2.255005392224641,5.497093122625571,0.2930371479675405,0.894292692671969,3.0,7.800000000000001,1.2000000000000002,0.5192301994298868,0.5612708793443679,0.8667198855454973,1.2446208257939444,1.7383221795743158
2023-10-04 05:25:00,30714.582564428252,11.443065784903409,2.9982079848539556,6.87771180339409,0.2951555069633458,0.9626577317114133,3.0,7.800000000000001,1.2000000000000002,0.5192301994298868,0.5612708793443679,0.8667198855454973,1.2446208257939444,1.7383221795743158
2023-10-04 05:30:00,30193.430601527696,10.965469272377074,2.924100249396549,6.514481224803586,0.2951551463964791,0.9028111031099264,3.0,0.26808386747434093,0.04036087214122113,0.5228852646613786,0.5711182014259395,0.8834037808386378,1.272853585452781,1.8092440410292914
2023-10-04 05:35:00,34368.49864793897,8.13102743144831,2.0470782405075227,5.031049975528027,0.2889202143927458,0.8737190939965205,3.0,7.800000000000001,1.2000000000000002,0.5228852646613786,0.5711182014259395,0.8834037808386378,1.272853585452781,1.8092440410292914
2023-10-04 05:40:00,29151.92743521036,5.48034908869443,1.1339417663464446,3.797813097748263,0.27760721823827506,0.8400175340825997,3.0,7.800000000000001,1.2000000000000002,0.5228852646613786,0.5711182014259395,0.8834037808386378,1.272853585452781,1.8092440410292914
2023-10-04 05:45:00,29542.305905924342,3.1453981672926026,0.7235691628271959,2.125852185043243,0.2679962951758751,0.7918837446540671,3.0,7.800000000000001,1.2000000000000002,0.5246722786654542,0.5730619512757761,0.8827702758928848,1.2383982598501986,1.7107670794120398
2023-10-04 05:50:00,29542.27949255873,3.029440995031021,0.8568205947811492,1.8042971955060112,0.28891929436571484,0.7918778528846429,3.0,7.800000000000001,1.2000000000000002,0.5246722786654542,0.5730619512757761,0.8827702758928848,1.2383982598501986,1.7107670794120398
2023-10-04 05:55:00,29412.096512506672,3.3522825008269876,0.9494871849756031,1.977184623051428,0.28497094419468383,0.7969876571364053,3.0,7.800000000000001,1.2000000000000002,0.5246722786654542,0.5730619512757761,0.8827702758928848,1.2383982598501986,1.7107670794120398
2023-10-04 06:00:00,29542.22666582959,3.8462032721792467,1.2201542179973517,2.047778900436962,0.29095601496844414,0.7969812409010171,0.0912414379544733,0.20025983121934365,0.034985711369071804,0.5228852646613786,0.5765145271370011,0.8878710717215648,1.3841419724869266,2.079601884977026
2023-10-04 06:05:00,29802.57710065564,4.262115822278687,1.4339009088952004,2.131266351888666,0.2951526648783781,0.7943836870066654,3.0,7.800000000000001,1.2000000000000002,0.5228852646613786,0.5765145271370011,0.8878710717215648,1.3841419724869266,2.079601884977026
2023-10-04 06:10:00,29542.187045784565,4.1079871446264535,1.2498644143947917,2.2592696433090476,0.2889180543430946,0.7969683639694956,3.0,7.800000000000001,1.2000000000000002,0.5228852646613786,0.5765145271370011,0.8878710717215648,1.3841419724869266,2.079601884977026
2023-10-04 06:15:00,29542.160632422077,3.854155446420926,1.1152482855362948,2.2153538762437974,0.29730986706947027,0.7846910031474708,3.0,7.800000000000001,1.2000000000000002,0.5240696518593688,0.5810473302580436,0.9110410748149612,1.3205704259902233,2.0068383093812017
2023-10-04 06:20:00,29542.121012379663,4.178497081031374,1.306634848568081,2.2421418895573253,0.29730949995259354,0.7969554886484899,3.0,7.800000000000001,1.2000000000000002,0.5240696518593688,0.5810473302580436,0.9110410748149612,1.3205704259902233,2.0068383093812017
2023-10-04 06:25:00,29411.938053060952,4.557374072465411,1.3824468099907146,2.499502754513748,0.29730911124179904,0.810889330524456,3.0,7.800000000000001,1.2000000000000002,0.5240696518593688,0.5810473302580436,0.9110410748149612,1.3205704259902233,2.0068383093812017
2023-10-04 06:30:00,29542.081392338816,4.161609340677917,1.1798282704218652,2.41903665640925,0.28119601586369974,0.7969426377623806,0.0912414379544733,0.21094416322809217,0.034985711369071804,0.5240696518593688,0.577012998120493,0.8950053407661878,1.317635761506191,1.8708725237172095
2023-10-04 06:35:00,30062.84808130227,3.6002522217155746,0.9124590928359956,2.2778820727556863,0.2694701641724921,0.7969362015097439,3.0,7.800000000000001,1.2000000000000002,0.5240696518593688,0.577012998120493,0.8950053407661878,1.317635761506191,1.8708725237172095
2023-10-04 06:40:00,30062.821654569558,3.313902558442544,0.7470608389658773,2.254686010812853,0.2694700003704961,0.8199949711739472,3.0,7.800000000000001,1.2000000000000002,0.5240696518593688,0.577012998120493,0.8950053407661878,1.317635761506191,1.8708725237172095
2023-10-04 06:45:00,29802.36573957411,3.6456879936612125,0.7992142458242558,2.4999744528464722,0.2793765941015762,0.8050889273848382,3.0,7.800000000000001,1.2000000000000002,0.5265216044950103,0.5856833615529812,0.9137745892724309,1.405051244617078,2.4559104218191674
2023-10-04 06:50:00,29541.96253222567,4.206912281372284,1.059052465091274,2.6496783262738566,0.27760409596540825,0.813830173406402,3.0,7.800000000000001,1.2000000000000002,0.5265216044950103,0.5856833615529812,0.9137745892724309,1.405051244617078,2.4559104218191674
2023-10-04 06:55:00,29281.640207808727,4.369178781604731,1.1476170833620376,2.673459227545848,0.2776038704737581,0.8263613240408652,3.0,7.800000000000001,1.2000000000000002,0.5265216044950103,0.5856833615529812,0.9137745892724309,1.405051244617078,2.4559104218191674
2023-10-04 07:00:00,29151.491788064857,4.452365799570729,1.277025576067003,2.556959711010328,0.2776036449828939,0.8108346803190294,0.09716480844420988,0.23948645055618492,0.037500000000000006,0.5271517807994203,0.5872512239237991,0.9042826106920335,1.5414048786739973,2.741550656106868
2023-10-04 07:05:00,29151.478586639292,3.840483335603956,0.9843060424220998,2.4033512713117307,0.2694691962605312,0.796897638079126,3.0,7.800000000000001,1.2000000000000002,0.5271517807994203,0.5872512239237991,0.9042826106920335,1.5414048786739973,2.741550656106868
2023-10-04 07:10:00,29281.574191810592,3.744780235464441,0.9470664865305136,2.36664533851044,0.2776031940035237,0.7968912274554754,3.0,7.800000000000001,1.2000000000000002,0.5271517807994203,0.5872512239237991,0.9042826106920335,1.5414048786739973,2.741550656106868
2023-10-04 07:15:00,29151.41257951416,3.2716286792118057,0.9046396071778405,1.967211664629056,0.2776029685150176,0.7942974088649056,3.0,7.800000000000001,1.2000000000000002,0.5258982791377055,0.5785162054774265,0.8904493247793498,1.30985342691463,2.0319704722264054
2023-10-04 07:20:00,29281.5081758169,3.0273006361741484,0.8281644783070103,1.8463791528539093,0.27420108639905566,0.7968783845978205,3.0,7.800000000000001,1.2000000000000002,0.5258982791377055,0.5785162054774265,0.8904493247793498,1.30985342691463,2.0319704722264054
2023-10-04 07:25:00,29281.481769420687,4.343465521440553,1.3636684060422781,2.317517410719135,0.2830572767664799,0.8263057582190482,3.0,7.800000000000001,1.2000000000000002,0.5258982791377055,0.5785162054774265,0.8904493247793498,1.30985342691463,2.0319704722264054
2023-10-04 07:30:00,29411.594724349055,4.868453070677611,1.4640121588119464,2.6820421190679755,0.28691794848947544,0.8262965225549348,0.10903669107231748,0.24663138486413283,0.043500000000000004,0.5268358378090845,0.5862047423895512,0.9130896122506268,1.366635375658043,2.184894505462449
2023-10-04 07:35:00,29281.42895663039,4.818290888629098,1.466742347151118,2.6283481961555477,0.2909498303204528,0.8262872307175466,3.0,7.800000000000001,1.2000000000000002,0.5268358378090845,0.5862047423895512,0.9130896122506268,1.366635375658043,2.184894505462449
2023-10-04 07:40:00,29281.402550236322,4.6555831551883635,1.3718405535565492,2.6125736417970806,0.28691736112486965,0.8198909277334747,3.0,7.800000000000001,1.2000000000000002,0.5268358378090845,0.5862047423895512,0.9130896122506268,1.366635375658043,2.184894505462449
2023-10-04 07:45:00,29151.254162432313,4.488769752767513,1.2501595948793132,2.6340674474504358,0.290949177177962,0.7968462958787343,3.0,7.800000000000001,1.2000000000000002,0.5341760009584856,0.6074742792909014,0.95450100052331,1.4818037150716015,2.3635854120382445
2023-10-04 07:50:00,29281.349737450313,4.222110918821545,1.1477895567580556,2.527883639945852,0.2930269280364972,0.7968398884587811,3.0,7.800000000000001,1.2000000000000002,0.5341760009584856,0.6074742792909014,0.95450100052331,1.4818037150716015,2.3635854120382445
2023-10-04 07:55:00,29151.20135674416,4.392715613568546,1.169326037055933,2.6633073559044202,0.28305568626658545,0.7942482114554933,3.0,7.800000000000001,1.2000000000000002,0.5341760009584856,0.6074742792909014,0.95450100052331,1.4818037150716015,2.3635854120382445
2023-10-04 08:00:00,29021.070586325714,3.9056780215899582,1.0699846354798546,2.335460286110718,0.2776009564985322,0.7968270748187998,0.11498260738042082,0.34689963966542253,0.050400892849234324,0.5388886712485242,0.6143687817589693,0.9582238569353196,1.4124469016568375,2.0541178155110775
2023-10-04 08:05:00,29021.044187079515,3.287008644132608,0.9578740762831824,1.9005405788764465,0.27937278284810046,0.7968206458015696,3.0,7.800000000000001,1.2000000000000002,0.5388886712485242,0.6143687817589693,0.9582238569353196,1.4124469016568375,2.0541178155110775
2023-10-04 08:10:00,28890.944466355522,3.237175610918332,0.9366313448207904,1.884412171607813,0.2793725513300896,0.7868837297047715,3.0,7.800000000000001,1.2000000000000002,0.5388886712485242,0.6143687817589693,0.9582238569353196,1.4124469016568375,2.0541178155110775
2023-10-04 08:15:00,28890.918070755197,3.514840809426754,1.0593197526858047,1.9682243077770503,0.27760028005877196,0.7942236221530934,3.0,7.800000000000001,1.2000000000000002,0.5546169849544819,0.626202044072039,0.9420191080864548,1.4467447079564522,2.1587264764207625
2023-10-04 08:20:00,28890.878477356102,3.622646942831452,1.0941718707525354,2.020539800554178,0.2869149921261112,0.791700974747988,3.0,7.800000000000001,1.2000000000000002,0.5546169849544819,0.626202044072039,0.9420191080864548,1.4467447079564522,2.1587264764207625
2023-10-04 08:25:00,28890.852081757646,3.8053094724206935,1.164037724209646,2.09298991764486,0.2793718389718162,0.794211340956173,3.0,7.800000000000001,1.2000000000000002,0.5546169849544819,0.626202044072039,0.9420191080864548,1.4467447079564522,2.1587264764207625
2023-10-04 08:30:00,28760.77046080273,3.8010333689059563,1.0861582258835902,2.207692043486889,0.27937160745694944,1.25,0.12391125856838031,0.2823980169902048,0.04036087214122113,0.562640204749003,0.6359630492410703,0.9710521304234906,1.3483768946403671,1.8560398702614123
2023-10-04 08:35:00,28760.74406889976,3.477018799219463,1.0166013960999627,1.9964290588176306,0.27937135813410924,1.25,3.0,7.800000000000001,1.2000000000000002,0.562640204749003,0.6359630492410703,0.9710521304234906,1.3483768946403671,1.8560398702614123
2023-10-04 08:40:00,28630.667591153742,3.518392103782687,1.046017750089001,1.9919741700745448,0.2741979396720669,0.7967757906847883,3.0,7.800000000000001,1.2000000000000002,0.562640204749003,0.6359630492410703,0.9710521304234906,1.3483768946403671,1.8560398702614123
2023-10-04 08:45:00,28760.678089145636,3.211491195710094,0.9766299168896769,1.7983542236664811,0.27759894454463313,0.7967693876679043,3.0,7.800000000000001,1.2000000000000002,0.5682429058070149,0.6653728278191108,1.0272799034343074,1.5666639716288875,2.518153291600811
2023-10-04 08:50:00,28760.66489319538,3.372974699289449,0.9553566434489351,1.988424880320014,0.2909449726722136,0.7845319703482427,3.0,7.800000000000001,1.2000000000000002,0.5682429058070149,0.6653728278191108,1.0272799034343074,1.5666639716288875,2.518153291600811
2023-10-04 08:55:00,28760.638501295427,3.850309051183176,1.0835559871948692,2.260121766917361,0.2849608713719732,0.7941744845542194,3.0,7.800000000000001,1.2000000000000002,0.5682429058070149,0.6653728278191108,1.0272799034343074,1.5666639716288875,2.518153291600811
2023-10-04 09:00:00,28760.612109396232,3.771223435714891,1.067494789705976,2.207002955103172,0.2972976016392626,0.7868300135646219,0.1268897158953396,0.3038844517246645,0.04036087214122113,0.5711182014259395,0.6601219584288951,1.0223732390863915,1.4565304665539955,2.0844001535213916
2023-10-04 09:05:00,28760.585717497794,3.4928968090603267,0.9740300871614795,2.0772339038282057,0.2930218288347784,1.25,3.0,7.800000000000001,1.2000000000000002,0.5711182014259395,0.6601219584288951,1.0223732390863915,1.4565304665539955,2.0844001535213916
2023-10-04 09:10:00,28630.509262225605,3.5135234614004314,0.9235528296599171,2.175327401847011,0.27936970194080407,1.25,3.0,7.800000000000001,1.2000000000000002,0.5711182014259395,0.6601219584288951,1.0223732390863915,1.4565304665539955,2.0844001535213916
2023-10-04 09:15:00,28630.48287407359,3.8830840968918836,0.971399150496845,2.4653942875239276,0.2909433399006657,0.7941499362475859,3.0,7.800000000000001,1.2000000000000002,0.5846443363276514,0.687592902813867,1.0429933077445894,1.6381410958766647,3.0937679292409768
2023-10-04 09:20:00,28630.45648592235,3.5796913646172377,0.9900625316388144,2.1377573605972384,0.2869114681098507,0.8135879318671002,3.0,7.800000000000001,1.2000000000000002,0.5846443363276514,0.687592902813867,1.0429933077445894,1.6381410958766647,3.0937679292409768
2023-10-04 09:25:00,28500.39862693953,3.231245030557409,0.9050507685637301,1.9270796199506286,0.29513843428912956,0.7967181779364547,3.0,7.800000000000001,1.2000000000000002,0.5846443363276514,0.687592902813867,1.0429933077445894,1.6381410958766647,3.0937679292409768
2023-10-04 09:30:00,28760.453758016913,3.3139871468989153,0.9289214596824015,1.971302096555181,0.297295377581182,0.796711778520621,0.1298691649314802,0.3289707585789351,0.037500000000000006,0.5957986236976384,0.7156423687848561,1.0898920313498948,1.7568665999443442,2.949929490682786
2023-10-04 09:35:00,28630.377321473195,4.486108607102809,1.134677752947025,2.8091220687352423,0.32084924663327086,0.8076862220698386,3.0,7.800000000000001,1.2000000000000002,0.5957986236976384,0.7156423687848561,1.0898920313498948,1.7568665999443442,2.949929490682786
2023-10-04 09:40:00,28630.350933325015,4.194483134074353,1.1239471534975618,2.5372773140848808,0.3311703142749256,0.7966990036596222,3.0,7.800000000000001,1.2000000000000002,0.5957986236976384,0.7156423687848561,1.0898920313498948,1.7568665999443442,2.949929490682786
2023-10-04 09:45:00,28630.32454517759,5.1822011837369395,1.4183006873019013,3.0624666807787047,0.33920561096422475,0.8260470592762921,3.0,7.800000000000001,1.2000000000000002,0.6080427616541455,0.7286288492778749,1.115399193114286,1.6440878930276204,2.3517151188015952
2023-10-04 09:50:00,28760.348190445795,4.231707664758662,1.1481652024342708,2.5367805064942015,0.347474064131982,0.8105699747350606,3.0,7.800000000000001,1.2000000000000002,0.6080427616541455,0.7286288492778749,1.115399193114286,1.6440878930276204,2.3517151188015952
2023-10-04 09:55:00,28760.321798554905,4.906635049394135,1.2748670193704816,3.009680174034578,0.3446921024128008,0.8165635422783095,3.0,7.800000000000001,1.2000000000000002,0.6080427616541455,0.7286288492778749,1.115399193114286,1.6440878930276204,2.3517151188015952
2023-10-04 10:00:00,28760.295406664773,6.326128954334091,1.5786018185469968,3.9526107451106895,0.3795369430577893,0.8465452293881328,0.1268897158953396,0.33972718466440094,0.04036087214122113,0.6126303942835354,0.7680423165425198,1.2012887080131902,2.0003890246649525,3.392670924212957
2023-10-04 10:05:00,29931.488992548133,6.317648463330228,1.5514217906856935,3.9859742612478812,0.41065368466553326,0.8326195645366261,3.0,7.800000000000001,1.2000000000000002,0.6126303942835354,0.7680423165425198,1.2012887080131902,2.0003890246649525,3.392670924212957
2023-10-04 10:10:00,28760.242622886755,5.874645254842517,1.4210891318120056,3.745864034421596,0.4333273918036326,0.8394523794490911,3.0,7.800000000000001,1.2000000000000002,0.6126303942835354,0.7680423165425198,1.2012887080131902,2.0003890246649525,3.392670924212957
2023-10-04 10:15:00,28630.166216309142,5.043789341418121,1.2047739271916547,3.253880075379706,0.41384955859659756,0.8165301523559485,3.0,7.800000000000001,1.2000000000000002,0.6040869142764144,0.7619875327064085,1.2078618464046291,2.0972582697417117,4.326507136247438
2023-10-04 10:20:00,28760.189839111765,4.25595883424528,1.0169323666179997,2.763495495820596,0.3765164391040479,0.8259825145494313,3.0,7.800000000000001,1.2000000000000002,0.6040869142764144,0.7619875327064085,1.2078618464046291,2.0972582697417117,4.326507136247438
2023-10-04 10:25:00,28760.163447225405,4.359938320049137,1.1106630758304101,2.7213095508487615,0.37651557388459983,0.825973295807396,3.0,7.800000000000001,1.2000000000000002,0.6040869142764144,0.7619875327064085,1.2078618464046291,2.0972582697417117,4.326507136247438
2023-10-04 10:30:00,28760.137055339794,5.435698474994934,1.4699911766579838,3.2345600715403187,0.39488432537043716,0.846478935497154,0.1298691649314802,0.31463350107704674,0.037500000000000006,0.5974353521511763,0.741086364737606,1.1844923976117363,1.6957388507668274,2.3942146937983653
2023-10-04 10:35:00,28760.123859397278,5.65268020789489,1.4754358859833827,3.441609287424015,0.39488330614987305,0.8227414068697786,3.0,7.800000000000001,1.2000000000000002,0.5974353521511763,0.741086364737606,1.1844923976117363,1.6957388507668274,2.3942146937983653
2023-10-04 10:40:00,28630.047469675872,3.5653208870085527,0.7894969040355292,2.4358496908864575,0.37351504199028596,0.789095383705182,3.0,7.800000000000001,1.2000000000000002,0.5974353521511763,0.741086364737606,1.1844923976117363,1.6957388507668274,2.3942146937983653
2023-10-04 10:45:00,28630.00788746823,3.5485984631810474,0.721928176982399,2.5266525282880985,0.34746619426069436,1.25,3.0,7.800000000000001,1.2000000000000002,0.5862047423895512,0.7092312739861378,1.107429022556299,1.6668000029997603,2.4714214533340932
2023-10-04 10:50:00,28629.994693399396,3.428159764677123,0.7038848160195478,2.436336021900523,0.3285381873807855,0.7940335391932289,3.0,7.800000000000001,1.2000000000000002,0.5862047423895512,0.7092312739861378,1.107429022556299,1.6668000029997603,2.4714214533340932
2023-10-04 10:55:00,28499.936900867255,3.1794072015410504,0.673099620006242,2.2399097795916374,0.33381260962503867,0.7844042544549796,3.0,7.800000000000001,1.2000000000000002,0.5862047423895512,0.7092312739861378,1.107429022556299,1.6668000029997603,2.4714214533340932
2023-10-04 11:00:00,28629.94191712598,3.113065549100375,0.6501603263856186,2.2113819864588673,0.320840118467399,1.25,0.1268897158953396,0.3038844517246645,0.037500000000000006,0.5888301962365721,0.7163581506481238,1.1109654180036388,1.868176651176221,3.2149562983032913
2023-10-04 11:05:00,28499.89732435782,3.46513170747773,0.7478961254745284,2.402694198203508,0.34192605036091694,1.25,3.0,7.800000000000001,1.2000000000000002,0.5888301962365721,0.7163581506481238,1.1109654180036388,1.868176651176221,3.2149562983032913
2023-10-04 11:10:00,28629.889140855623,4.363012120262359,0.9930754582761612,2.9066915944559244,0.33919436577195233,0.7890617964373946,3.0,7.800000000000001,1.2000000000000002,0.5888301962365721,0.7163581506481238,1.1109654180036388,1.868176651176221,3.2149562983032913
2023-10-04 11:15:00,1158528.0880000002,5.488866452972145,1.2751149559316368,3.58743734914756,0.385611528632006,0.7965776424428535,3.0,7.800000000000001,1.2000000000000002,0.5947133763419149,0.7322738558763381,1.1550266490432157,1.8795936395934094,3.6018584092104455
2023-10-04 11:20:00,28629.836364588322,4.208717718630948,0.8974738913921694,2.9031214105627856,0.37350798658736684,1.25,3.0,7.800000000000001,1.2000000000000002,0.5947133763419149,0.7322738558763381,1.1550266490432157,1.8795936395934094,3.6018584092104455
2023-10-04 11:25:00,28499.79178700788,3.1538547555320693,0.6911356189479548,2.18580113591555,0.3474604582426484,1.25,3.0,7.800000000000001,1.2000000000000002,0.5947133763419149,0.7322738558763381,1.1550266490432157,1.8795936395934094,3.6018584092104455
2023-10-04 11:30:00,28499.76540267233,3.095801001757989,0.6783280006047895,2.1490635170232486,0.3285334758655966,0.7991990957211461,0.12391125856838031,0.33614139881900895,0.037500000000000006,0.5856833615529812,0.702876945133357,1.0933797876309952,1.8631113761662237,3.426164035769449
2023-10-04 11:35:00,28499.73901833757,3.6719542434218746,0.7948988694591314,2.5327776167808596,0.34745904503641595,0.7965521505776628,3.0,7.800000000000001,1.2000000000000002,0.5856833615529812,0.702876945133357,1.0933797876309952,1.8631113761662237,3.426164035769449
2023-10-04 11:40:00,28499.699441836863,3.8380286786529902,0.8605631088389959,2.5937228505706247,0.34745832458071113,0.8133626826692426,3.0,7.800000000000001,1.2000000000000002,0.5856833615529812,0.702876945133357,1.0933797876309952,1.8631113761662237,3.426164035769449
2023-10-04 11:45:00,28759.741177146243,4.545455667770738,1.0760499942252082,2.9586506119190026,0.34745763183635314,0.8103915905970563,3.0,7.800000000000001,1.2000000000000002,0.596888599321515,0.7206670521121387,1.0977534149343375,1.9332279353454418,3.594356687920664
2023-10-04 11:50:00,28499.64667317197,5.316867533032157,1.2860309535573857,3.3996180291362474,0.37052455267941126,0.8258168206739469,3.0,7.800000000000001,1.2000000000000002,0.596888599321515,0.7206670521121387,1.0977534149343375,1.9332279353454418,3.594356687920664
2023-10-04 11:55:00,28629.65164767689,4.411904556979662,0.9532826392354249,3.017310190735748,0.3285305247440845,0.793954063099038,3.0,7.800000000000001,1.2000000000000002,0.596888599321515,0.7206670521121387,1.0977534149343375,1.9332279353454418,3.594356687920664
2023-10-04 12:00:00,29149.907618290228,4.070422587938027,0.871176220180907,2.807270148005911,0.32336941670855557,0.8074694818321935,0.12391125856838031,0.3325559201096862,0.037500000000000006,0.6103277807866851,0.741086364737606,1.1404931564897705,1.8040239050522582,3.1175689246590843
2023-10-04 12:05:00,28499.56752018046,5.821707425707818,1.35640712101567,3.7929494194687012,0.34467397333192495,0.8257892767246915,3.0,7.800000000000001,1.2000000000000002,0.6103277807866851,0.741086364737606,1.1404931564897705,1.8040239050522582,3.1175689246590843
2023-10-04 12:10:00,28499.54113585151,4.149242826093048,0.9559885459263817,2.7526213715175962,0.33648157657885136,0.7914312394326941,3.0,7.800000000000001,1.2000000000000002,0.6103277807866851,0.741086364737606,1.1404931564897705,1.8040239050522582,3.1175689246590843
2023-10-04 12:15:00,28629.546095172907,4.328128092616027,0.9586634487202349,2.9257724509359333,0.34745333685442414,0.7991393729050917,3.0,7.800000000000001,1.2000000000000002,0.6069069121372733,0.731543573548425,1.1100804295185103,1.8656433206805636,3.172626041625455
2023-10-04 12:20:00,29670.36605290363,4.848895918088999,1.0681235289912836,3.272173177293676,0.3530857742253051,0.7991327313035141,3.0,7.800000000000001,1.2000000000000002,0.6069069121372733,0.731543573548425,1.1100804295185103,1.8656433206805636,3.172626041625455
2023-10-04 12:25:00,31885.5525225782,5.888046781077437,1.264528596399977,4.001046180816396,0.45657571141394276,0.8257525299470575,3.0,7.800000000000001,1.2000000000000002,0.6069069121372733,0.731543573548425,1.1100804295185103,1.8656433206805636,3.172626041625455
2023-10-04 12:30:00,32276.86890237417,8.062101280359538,1.862490376300846,5.2458141745799765,0.6013595848627306,0.8765940367152916,3.0,7.800000000000001,1.2000000000000002,0.6097548687792497,0.7300849265667659,1.1377835294993508,1.6286528942656873,2.281000657606218
2023-10-04 12:35:00,29409.957312133236,10.506586222898926,2.576801105050733,6.5886245410052515,0.9232510182852856,0.9235037124776705,3.0,7.800000000000001,1.2000000000000002,0.6097548687792497,0.7300849265667659,1.1377835294993508,1.6286528942656873,2.281000657606218
2023-10-04 12:40:00,29019.592229670172,10.870779243607025,2.735882633598694,6.708324060441857,0.973676711542014,0.9280211845811801,3.0,7.800000000000001,1.2000000000000002,0.6097548687792497,0.7300849265667659,1.1377835294993508,1.6286528942656873,2.281000657606218
2023-10-04 12:45:00,29019.56583046512,9.442863321803241,2.261734428938778,6.0101931292097985,0.8460989160649328,0.9014510860312013,3.0,7.800000000000001,1.2000000000000002,0.5909526207742885,0.7021744797413246,1.0488480538190457,1.7890702194156607,3.2740152718031115
2023-10-04 12:50:00,29670.207552593478,8.810677032932974,2.198788504492703,5.476041642945682,0.784855155254449,0.8686337051791223,3.0,7.800000000000001,1.2000000000000002,0.5909526207742885,0.7021744797413246,1.0488480538190457,1.7890702194156607,3.2740152718031115
2023-10-04 12:55:00,29149.617187447955,8.35856627990443,2.103040201709744,5.17205083863517,0.8691730597283903,0.8887573502591094,3.0,7.800000000000001,1.2000000000000002,0.5909526207742885,0.7021744797413246,1.0488480538190457,1.7890702194156607,3.2740152718031115
2023-10-04 13:00:00,30060.733944773456,6.484696906739719,1.5601085600553803,4.138893213058009,0.8039344773230905,0.8534201078913115,3.0,0.32538592471094996,0.037500000000000006,0.5872512239237991,0.6903448413655309,1.0363450390675877,1.6776200404143962,2.9807609766635097
2023-10-04 13:05:00,31363.704219256255,8.065414472781026,2.097598448949728,4.888155908187225,0.9892124520135219,0.9057018973888519,3.0,7.800000000000001,1.2000000000000002,0.5872512239237991,0.6903448413655309,1.0363450390675877,1.6776200404143962,2.9807609766635097
2023-10-04 13:10:00,30060.681091414433,11.900285329648405,3.224563824347185,6.987513261507821,1.4849897175364515,0.9754588466491291,3.0,7.800000000000001,1.2000000000000002,0.5872512239237991,0.6903448413655309,1.0363450390675877,1.6776200404143962,2.9807609766635097
2023-10-04 13:15:00,30972.59817820071,10.97039576522834,2.834745277166191,6.6562744218573515,1.3188020023447147,0.9324725469838419,3.0,7.800000000000001,1.2000000000000002,0.5711182014259395,0.6910347313992257,1.0898920313498948,1.6680002997601648,2.617728022541685
2023-10-04 13:20:00,31494.01320986109,10.719001823988833,2.914341927731147,6.283449187282604,1.7193160685948765,0.9370701733946551,3.0,7.800000000000001,1.2000000000000002,0.5711182014259395,0.6910347313992257,1.0898920313498948,1.6680002997601648,2.617728022541685
2023-10-04 13:25:00,30190.840466887323,13.634102791335026,3.680680189510978,8.020447467056682,2.2817848372041194,1.0212948249982619,3.0,7.800000000000001,1.2000000000000002,0.5711182014259395,0.6910347313992257,1.0898920313498948,1.6680002997601648,2.617728022541685
2023-10-04 13:30:00,29669.983010529795,11.46418932853377,3.076328830960042,6.779153196725836,1.8785919358598109,0.9607094183498897,0.10903669107231748,0.3325559201096862,0.046861498055439925,0.5520470994398938,0.6647134721065913,1.0589644753248335,1.6203780423098801,2.594913486033783
2023-10-04 13:35:00,33451.19710722082,10.262202858072188,2.634545476080559,6.256185839235748,1.5127137274201374,0.9232968670234534,3.0,7.800000000000001,1.2000000000000002,0.5520470994398938,0.6647134721065913,1.0589644753248335,1.6203780423098801,2.594913486033783
2023-10-04 13:40:00,30711.83254656258,9.12752988250321,2.1715638694918233,5.833920559169158,1.651681873196706,0.9232796241155262,3.0,7.800000000000001,1.2000000000000002,0.5520470994398938,0.6647134721065913,1.0589644753248335,1.6203780423098801,2.594913486033783
2023-10-04 13:45:00,38551.35575248099,11.371669906890016,2.725083066940705,7.2249823748589215,1.691435228447201,0.9143306880264115,3.0,7.800000000000001,1.2000000000000002,0.5454576060520194,0.6497884271053156,1.0371735438199337,1.6860623505671433,2.991659071485252
2023-10-04 13:50:00,34365.42292578121,9.771960364774804,2.3385918720244887,6.220702071835379,1.8028640649145684,0.9099142845160302,3.0,7.800000000000001,1.2000000000000002,0.5454576060520194,0.6497884271053156,1.0371735438199337,1.6860623505671433,2.991659071485252
2023-10-04 13:55:00,33581.657129068786,10.157019464709293,2.5413784016874246,6.2940125033922465,1.6794910998718162,0.9055431869763375,3.0,7.800000000000001,1.2000000000000002,0.5454576060520194,0.6497884271053156,1.0371735438199337,1.6860623505671433,2.991659071485252
2023-10-04 14:00:00,33189.92791432025,12.225706217126382,3.2219434538589056,7.316429971459566,2.1818196268758707,0.9323113749491055,0.08828363381737295,0.33972718466440094,0.043500000000000004,0.5446613626832731,0.6607753022018907,1.0463346309857091,1.851734929734815,3.55875315243977
2023-10-04 14:05:00,34757.3464917452,14.915062185642249,3.9446562249267183,8.895784211796471,2.689778737106661,1.0369789870556154,3.0,7.800000000000001,1.2000000000000002,0.5446613626832731,0.6607753022018907,1.0463346309857091,1.851734929734815,3.55875315243977
2023-10-04 14:10:00,35410.87789665717,13.980651089161524,3.697275293391694,8.341166666329887,2.5096527956806876,0.9605496904549584,3.0,7.800000000000001,1.2000000000000002,0.5446613626832731,0.6607753022018907,1.0463346309857091,1.851734929734815,3.55875315243977
2023-10-04 14:15:00,34234.63071983163,13.611862466321293,3.774246212928651,7.8550010912686306,2.6857524031007576,0.9751856133220904,3.0,7.800000000000001,1.2000000000000002,0.5426978901746348,0.6504275516919621,1.0471717337667208,1.6620036853148068,2.640601446640519
2023-10-04 14:20:00,32406.702752303983,13.674571451596554,3.6450830746154543,8.115368287157441,2.6176855464282087,0.9461962336286265,3.0,7.800000000000001,1.2000000000000002,0.5426978901746348,0.6504275516919621,1.0471717337667208,1.6620036853148068,2.640601446640519
2023-10-04 14:25:00,32406.676273214147,13.297414988333959,3.4170313006738446,8.087905616396235,2.1058929614947175,0.9461772622232518,3.0,7.800000000000001,1.2000000000000002,0.5426978901746348,0.6504275516919621,1.0471717337667208,1.6620036853148068,2.640601446640519
2023-10-04 14:30:00,36849.429161972446,11.609243459988708,2.958437804329319,7.104545074575098,2.253683639119901,0.9231075048678947,0.0823771813064759,0.3433132680220792,0.043500000000000004,0.5388886712485242,0.6588178807530956,1.0708909188147968,1.9576743855912302,4.160231243572886
2023-10-04 14:35:00,35410.71870769473,10.336051775953488,2.6456773094539554,6.312827599270264,2.0659541859208126,0.9321861299564564,3.0,7.800000000000001,1.2000000000000002,0.5388886712485242,0.6588178807530956,1.0708909188147968,1.9576743855912302,4.160231243572886
2023-10-04 14:40:00,39467.770174544006,11.315822356571326,2.983167499845921,6.7737246103696105,1.7948247933520212,0.9414293087383528,3.0,7.800000000000001,1.2000000000000002,0.5388886712485242,0.6588178807530956,1.0708909188147968,1.9576743855912302,4.160231243572886
2023-10-04 14:45:00,36195.25537757334,9.607297385302115,2.3935297810665213,5.972106645086215,1.6198013598363512,0.8683371226485952,3.0,7.800000000000001,1.2000000000000002,0.537776905417107,0.6453402203489258,1.0371735438199337,1.8656433206805636,5.128662203733056
2023-10-04 14:50:00,38158.11387086587,8.497975678002527,2.1279876389891705,5.272790881228337,1.687366829674271,0.8925894121934008,3.0,7.800000000000001,1.2000000000000002,0.537776905417107,0.6453402203489258,1.0371735438199337,1.8656433206805636,5.128662203733056
2023-10-04 14:55:00,37372.69461030718,9.322383884323827,2.3442507161226547,5.763399652168932,1.4808971496805348,0.8802213198330608,3.0,7.800000000000001,1.2000000000000002,0.537776905417107,0.6453402203489258,1.0371735438199337,1.8656433206805636,5.128662203733056
2023-10-04 15:00:00,45237.41186932507,9.029253160594946,2.2402136055893784,5.6305265141706045,1.591977397921445,0.9010318111900144,0.07942921376924236,0.36124783736376886,0.050400892849234324,0.5419234263251589,0.6614295124954737,1.0691791243753312,1.7816145065642006,3.3555172477577884
2023-10-04 15:05:00,36980.04349363968,9.20073793212532,2.215592559019507,5.839392247385241,1.8266473340567508,0.9010163615901218,3.0,7.800000000000001,1.2000000000000002,0.5419234263251589,0.6614295124954737,1.0691791243753312,1.7816145065642006,3.3555172477577884
2023-10-04 15:10:00,42875.63506210088,9.21316894054125,2.147194918477437,5.956791504058867,1.6952923196775713,0.9053054431763995,3.0,7.800000000000001,1.2000000000000002,0.5419234263251589,0.6614295124954737,1.0691791243753312,1.7816145065642006,3.3555172477577884
2023-10-04 15:15:00,36064.26999446726,11.888705694106346,2.900920901369504,7.4717419938502045,1.6793790463996585,0.960290300128166,3.0,7.800000000000001,1.2000000000000002,0.5381458909998291,0.6594694837519018,1.0769028925580988,1.882134493068973,3.1928582806006283
2023-10-04 15:20:00,37634.29144978411,13.354640284901231,3.5105788364707338,8.001793674385498,1.8863893357271209,0.9848564814900715,3.0,7.800000000000001,1.2000000000000002,0.5381458909998291,0.6594694837519018,1.0769028925580988,1.882134493068973,3.1928582806006283
2023-10-04 15:25:00,38681.596903586564,11.553393702514535,3.043678349849757,6.918207361044759,2.165686498658624,0.9229184148086469,3.0,7.800000000000001,1.2000000000000002,0.5381458909998291,0.6594694837519018,1.0769028925580988,1.882134493068973,3.1928582806006283
2023-10-04 15:30:00,36979.87089328599,12.964804535126145,3.389716686367656,7.797547080265435,2.0299409167179663,0.9898372885487685,0.07942921376924236,0.36124783736376886,0.07386643351347078,0.5400148146115993,0.6459729096486941,1.0363450390675877,1.563202562050101,2.361888227668701
2023-10-04 15:35:00,35933.36028262482,13.400333734856217,3.554577547614545,7.980055370975317,2.185639508689163,0.9459126349966602,3.0,7.800000000000001,1.2000000000000002,0.5400148146115993,0.6459729096486941,1.0363450390675877,1.563202562050101,2.361888227668701
2023-10-04 15:40:00,34234.10046741117,12.570795218697413,3.2194475194234897,7.664852482860276,2.409460648575665,0.9748289629866598,3.0,7.800000000000001,1.2000000000000002,0.5400148146115993,0.6459729096486941,1.0363450390675877,1.563202562050101,2.361888227668701
2023-10-04 15:45:00,32406.199649687187,12.495269053944249,3.0327481184532408,7.875480077529043,1.9262112968487115,0.9273717949775189,3.0,7.800000000000001,1.2000000000000002,0.535956154923143,0.6384426364208455,1.0183051801891219,1.6333928645613705,2.9011073747795
2023-10-04 15:50:00,33058.70846886602,12.268958367750713,2.9504121010275224,7.775643814713578,1.802683483727666,0.9095259548821782,3.0,7.800000000000001,1.2000000000000002,0.535956154923143,0.6384426364208455,1.0183051801891219,1.6333928645613705,2.9011073747795
2023-10-04 15:55:00,32536.62873321084,9.132511315654373,2.1254380538701296,5.909709768499547,2.049851005587785,0.9008614123567489,3.0,7.800000000000001,1.2000000000000002,0.535956154923143,0.6384426364208455,1.0183051801891219,1.6333928645613705,2.9011073747795
2023-10-04 16:00:00,35279.44585142399,9.793797467284788,2.432094189984341,6.099076914340756,1.3581235281160213,0.8642800098070798,0.07648529270389179,0.3648355245860797,0.061773780845922,0.535956154923143,0.6316613016482805,1.0022270401460938,1.4873469669179413,2.1424518664371432
2023-10-04 16:05:00,32667.05722197641,11.82460204981983,2.9477087155345836,7.336021605214231,1.358118037571485,0.9227810314359731,3.0,7.800000000000001,1.2000000000000002,0.535956154923143,0.6316613016482805,1.0022270401460938,1.4873469669179413,2.1424518664371432
2023-10-04 16:10:00,30580.69888534213,12.867429379854036,3.1893155823312,8.007273008378611,1.5482200585598151,0.9318467527094615,3.0,7.800000000000001,1.2000000000000002,0.535956154923143,0.6316613016482805,1.0022270401460938,1.4873469669179413,2.1424518664371432
2023-10-04 16:15:00,31232.271808592617,9.391530090145492,2.25411237356918,5.970662534631727,1.0358167864366417,0.8221378872408225,3.0,7.800000000000001,1.2000000000000002,0.5331275644721439,0.6220128616033594,0.996674952027992,1.5562956820604494,2.9608032693848476
2023-10-04 16:20:00,30971.553463617733,9.743054250650383,2.391053901623744,6.11137588006653,1.0085224092001726,0.860419061395139,3.0,7.800000000000001,1.2000000000000002,0.5331275644721439,0.6220128616033594,0.996674952027992,1.5562956820604494,2.9608032693848476
2023-10-04 16:25:00,30580.619567285175,8.53326115620517,1.9150571829820608,5.635010805937029,0.880589248494425,0.8456982375440711,3.0,7.800000000000001,1.2000000000000002,0.5331275644721439,0.6220128616033594,0.996674952027992,1.5562956820604494,2.9608032693848476
2023-10-04 16:30:00,29799.195328561585,8.181642557318916,1.8113458018367166,5.443720040414165,0.8574814561938493,0.8603946483419804,0.07354590403278757,0.30746707140765495,0.04036087214122113,0.5355968633216591,0.6256005115087423,0.9990495483208027,1.3976953351857477,1.9896743452133065
2023-10-04 16:35:00,33188.987372529875,9.160805705394704,2.1118753628233504,5.958774310496527,0.8613248607163025,0.8881188797068826,3.0,7.800000000000001,1.2000000000000002,0.5355968633216591,0.6256005115087423,0.9990495483208027,1.3976953351857477,1.9896743452133065
2023-10-04 16:40:00,29799.142488460824,7.390747195973752,1.6124571797383789,4.9611329868349126,0.7467147964845148,0.8456654279842961,3.0,7.800000000000001,1.2000000000000002,0.5355968633216591,0.6256005115087423,0.9990495483208027,1.3976953351857477,1.9896743452133065
2023-10-04 16:45:00,29538.779727775007,5.919265847888868,1.2167708050846615,4.106190634364197,0.6714792075671767,0.8014720404766954,3.0,7.800000000000001,1.2000000000000002,0.5345287644271354,0.629224920040521,1.0183051801891219,1.4685708188575721,2.1181595785020546
2023-10-04 16:50:00,29799.089648362762,6.629502779015015,1.2977703455315766,4.688389162144865,0.6306440956341811,0.8351965047847731,3.0,7.800000000000001,1.2000000000000002,0.5345287644271354,0.629224920040521,1.0183051801891219,1.4685708188575721,2.1181595785020546
2023-10-04 16:55:00,29538.713694594746,7.750094733100549,1.6560558673627523,5.252339645965556,0.5902987615168178,0.8798893943039274,3.0,7.800000000000001,1.2000000000000002,0.5345287644271354,0.629224920040521,1.0183051801891219,1.4685708188575721,2.1181595785020546
2023-10-04 17:00:00,29408.54438603109,6.065103422476456,1.3546089390022489,4.037987015124607,0.54339849372771,0.8070237125127021,0.07354590403278757,0.26808386747434093,0.034985711369071804,0.5366796064692602,0.6334990134167535,1.0289214547282022,1.4873469669179413,2.11654529835768
2023-10-04 17:05:00,29408.531181123784,5.213208810896292,1.1387744502423214,3.5245030342405106,0.5398303131596129,0.8041982565584349,3.0,7.800000000000001,1.2000000000000002,0.5366796064692602,0.6334990134167535,1.0289214547282022,1.4873469669179413,2.11654529835768
2023-10-04 17:10:00,28758.052098762066,5.567867451422088,1.1872117129062005,3.802165872410552,0.536268207645802,0.8189109875834304,3.0,7.800000000000001,1.2000000000000002,0.5366796064692602,0.6334990134167535,1.0289214547282022,1.4873469669179413,2.11654529835768
2023-10-04 17:15:00,28888.08054806335,4.325039446245708,0.888018756126794,3.0334338613425817,0.48717630382933874,0.8041840064988117,3.0,7.800000000000001,1.2000000000000002,0.5403933752369656,0.6523503659844149,1.0691791243753312,1.5539981499345488,2.2343688146767535
2023-10-04 17:20:00,28888.054152543828,3.696901594649493,0.7335196532484782,2.6550381082628216,0.44645208721355856,0.8014241178029045,3.0,7.800000000000001,1.2000000000000002,0.5403933752369656,0.6523503659844149,1.0691791243753312,1.5539981499345488,2.2343688146767535
2023-10-04 17:25:00,28757.97292328869,3.414565990239167,0.7180199216201697,2.4002820898993993,0.4365098073202796,0.8188853777392782,3.0,7.800000000000001,1.2000000000000002,0.5403933752369656,0.6523503659844149,1.0691791243753312,1.5539981499345488,2.2343688146767535
2023-10-04 17:30:00,28497.89211683133,3.3646924882308573,0.7699178144816795,2.2686485287320526,0.38248825454476604,0.8128033060341613,0.07648529270389179,0.2645067863023556,0.034985711369071804,0.5430874699346322,0.6607753022018907,1.0743224097076258,1.6097770808406984,2.404457527177388
2023-10-04 17:35:00,28627.883644850164,2.8268312044424766,0.6845970788654089,1.8747835924680247,0.37643836682162035,0.7910531506866465,3.0,7.800000000000001,1.2000000000000002,0.5430874699346322,0.6607753022018907,1.0743224097076258,1.6097770808406984,2.404457527177388
2023-10-04 17:40:00,28757.893747822094,3.335439108542236,0.7232337582311569,2.3137792557450623,0.39791737675340066,0.8098444476682942,3.0,7.800000000000001,1.2000000000000002,0.5430874699346322,0.6607753022018907,1.0743224097076258,1.6097770808406984,2.404457527177388
2023-10-04 17:45:00,28627.83086869918,3.8832886597664364,0.8749064440353446,2.6160212359876143,0.3947965553115208,0.8041412907880368,3.0,7.800000000000001,1.2000000000000002,0.5411552457474658,0.6575173001526271,1.0726053514690292,1.6239212573274604,2.38569151400595
2023-10-04 17:50:00,28627.804480624836,3.837445791559739,0.9996701062461628,2.376595199803532,0.3794508200789324,0.7960766429571388,3.0,7.800000000000001,1.2000000000000002,0.5411552457474658,0.6575173001526271,1.0726053514690292,1.6239212573274604,2.38569151400595
2023-10-04 17:55:00,28627.791286587955,4.057707642932446,0.9491038489013323,2.672711987069619,0.35588554961522995,1.25,3.0,7.800000000000001,1.2000000000000002,0.5411552457474658,0.6575173001526271,1.0726053514690292,1.6239212573274604,2.38569151400595
2023-10-04 18:00:00,28627.751704478447,4.099190776726059,0.9677335197538073,2.6847603696191116,0.35020762348863416,0.7960639929906617,0.07354590403278757,0.18603483544755803,1.2000000000000002,0.5466635162510848,0.6767096866456102,1.1047829832143505,1.9114499731878938,3.157926534927626
2023-10-04 18:05:00,28497.707426889785,4.294685799209318,1.053146479327933,2.7456753377252796,0.3502068970125618,0.7960577251697314,3.0,7.800000000000001,1.2000000000000002,0.5466635162510848,0.6767096866456102,1.1047829832143505,1.9114499731878938,3.157926534927626
2023-10-04 18:10:00,28497.694234752555,4.423655285577866,0.9944002406950064,2.9647751681756778,0.3474026049620619,0.7862444989383491,3.0,7.800000000000001,1.2000000000000002,0.5466635162510848,0.6767096866456102,1.1047829832143505,1.9114499731878938,3.157926534927626
2023-10-04 18:15:00,28627.68573429977,3.5834732008934647,0.8144909326716825,2.414394624048809,0.3446224211108963,1.25,3.0,7.800000000000001,1.2000000000000002,0.5438713083073973,0.6517085238049292,1.0700346910264171,1.537983176110844,2.1931037367165285
2023-10-04 18:20:00,28497.64146620559,3.828412184391511,0.8512899676559184,2.5987665904305146,0.34186701527384444,0.7960388109329828,3.0,7.800000000000001,1.2000000000000002,0.5438713083073973,0.6517085238049292,1.0700346910264171,1.537983176110844,2.1931037367165285
2023-10-04 18:25:00,28497.601889797403,3.7161097555609,0.827640754327173,2.5248290281392154,0.32079228344000577,0.7934803979432657,3.0,7.800000000000001,1.2000000000000002,0.5438713083073973,0.6517085238049292,1.0700346910264171,1.537983176110844,2.1931037367165285
2023-10-04 18:30:00,28497.575505526238,3.578962846369441,0.7831459669947788,2.459372239442577,0.33110592293325203,1.25,0.07942921376924236,0.28955828428832764,0.037500000000000006,0.5392624592904646,0.6421907816217857,1.052209104693549,1.5898729508989073,2.6388398966212403
2023-10-04 18:35:00,28497.562313390954,3.4958465053460315,0.7857727757557365,2.3730811885634995,0.3207912083413476,1.25,3.0,7.800000000000001,1.2000000000000002,0.5392624592904646,0.6421907816217857,1.052209104693549,1.5898729508989073,2.6388398966212403
2023-10-04 18:40:00,28367.536902940476,3.8985935065381208,0.8618913670064928,2.6515945071366067,0.31828691099576356,0.796013612552269,3.0,7.800000000000001,1.2000000000000002,0.5392624592904646,0.6421907816217857,1.052209104693549,1.5898729508989073,2.6388398966212403
2023-10-04 18:45:00,28367.51052252067,4.093943423924864,0.93332887520445,2.7332033674896454,0.3158139561793084,0.7934562477821703,3.0,7.800000000000001,1.2000000000000002,0.5426978901746348,0.6536367492728664,1.0581176494133344,1.7408690358553685,3.3110203865273924
2023-10-04 18:50:00,28367.48414210166,3.536980503386101,0.8172234875930633,2.364180431478262,0.34461756020852036,0.7909663987057242,3.0,7.800000000000001,1.2000000000000002,0.5426978901746348,0.6536367492728664,1.0581176494133344,1.7408690358553685,3.3110203865273924
2023-10-04 18:55:00,28367.457761683425,3.6821622267485856,0.8408749834944628,2.4704604738672216,0.3446168736465267,0.7909606311156353,3.0,7.800000000000001,1.2000000000000002,0.5426978901746348,0.6536367492728664,1.0581176494133344,1.7408690358553685,3.3110203865273924
2023-10-04 19:00:00,28497.417199915595,4.530754677996954,1.0559956774383306,2.975192233731338,0.32588701528655434,0.7986050445475681,0.07648529270389179,0.26808386747434093,0.034985711369071804,0.5446613626832731,0.6562202374203344,1.0555812806221982,1.6812353345085274,2.691831346871494
2023-10-04 19:05:00,28367.40500084933,5.03089208863974,1.1176624162415039,3.376030429530257,0.336428224218845,0.7985984822513321,3.0,7.800000000000001,1.2000000000000002,0.5446613626832731,0.6562202374203344,1.0555812806221982,1.6812353345085274,2.691831346871494
2023-10-04 19:10:00,28367.378620433454,3.598759084946185,0.8068042524296528,2.4416019688602684,0.32847922247847205,1.25,3.0,7.800000000000001,1.2000000000000002,0.5446613626832731,0.6562202374203344,1.0555812806221982,1.6812353345085274,2.691831346871494
2023-10-04 19:15:00,28367.352240018376,3.1550741486999465,0.6977503642572159,2.1764412356566076,0.30394568960496143,0.7934200561196383,3.0,7.800000000000001,1.2000000000000002,0.5442655601817922,0.651067584817429,1.052209104693549,1.5436890878671132,2.20132778113574
2023-10-04 19:20:00,28367.32585960408,2.977119493153073,0.6466364926289386,2.0830407436033713,0.31828273760744985,1.25,3.0,7.800000000000001,1.2000000000000002,0.5442655601817922,0.651067584817429,1.052209104693549,1.5436890878671132,2.20132778113574
2023-10-04 19:25:00,28367.29947919057,3.3287859881959436,0.7572674617289914,2.2532164372395775,0.3016765681613748,1.25,3.0,7.800000000000001,1.2000000000000002,0.5442655601817922,0.651067584817429,1.052209104693549,1.5436890878671132,2.20132778113574
2023-10-04 19:30:00,28367.273098777838,3.266516123017705,0.7833356751963876,2.1507869031760865,0.310961852381763,1.25,0.07648529270389179,0.23591523901605,1.2000000000000002,0.5520470994398938,0.6633973168471516,1.0632088035752902,1.5063207659725069,2.148954164238968
2023-10-04 19:35:00,28367.246718365903,2.4782185995741446,0.6264193675655575,1.6269470759901854,0.31828118186986104,1.25,3.0,7.800000000000001,1.2000000000000002,0.5520470994398938,0.6633973168471516,1.0632088035752902,1.5063207659725069,2.148954164238968
2023-10-04 19:40:00,28627.237137211607,2.6672447098120573,0.623909950504792,1.8153227926879576,0.32078423283661,1.25,3.0,7.800000000000001,1.2000000000000002,0.5520470994398938,0.6633973168471516,1.0632088035752902,1.5063207659725069,2.148954164238968
2023-10-04 19:45:00,28627.21074915448,1.9554612395669049,0.48891054060130257,1.343901252957228,0.31096045243426834,1.25,3.0,7.800000000000001,1.2000000000000002,0.5537544582213312,0.6700119401921133,1.0666164071492619,1.6584115894433444,2.598419519631116
2023-10-04 19:50:00,28497.16654942252,2.056832855088479,0.5541423372699674,1.3353982335742425,0.3109599778784098,1.25,3.0,7.800000000000001,1.2000000000000002,0.5537544582213312,0.6700119401921133,1.0666164071492619,1.6584115894433444,2.598419519631116
2023-10-04 19:55:00,28627.15797304254,2.354716977974085,0.6391326474693989,1.4873556909896795,0.3207826077527182,1.25,3.0,7.800000000000001,1.2000000000000002,0.5537544582213312,0.6700119401921133,1.0666164071492619,1.6584115894433444,2.598419519631116
2023-10-04 20:00:00,29147.37295207929,3.497960322498765,0.8595087100216933,2.2594966614904872,0.3233161763038046,1.25,3.0,7.800000000000001,1.2000000000000002,0.5470685514631599,0.6472410679182834,1.0264602476472238,1.5436890878671132,2.2327113561766105
2023-10-04 20:05:00,29798.03284697178,6.641417767402052,1.4798897483713935,4.418606796388196,0.36454679036620063,0.8217327115066613,3.0,7.800000000000001,1.2000000000000002,0.5470685514631599,0.6472410679182834,1.0264602476472238,1.5436890878671132,2.2327113561766105
2023-10-04 20:10:00,29017.229503728042,7.996250297283038,1.7656316281660074,5.329126592167461,0.39788655284677776,0.8314406234950913,3.0,7.800000000000001,1.2000000000000002,0.5470685514631599,0.6472410679182834,1.0264602476472238,1.5436890878671132,2.2327113561766105
2023-10-04 20:15:00,28887.130309829838,7.009060366222899,1.5668633000134098,4.650875159342945,0.3794242567613666,0.8011850448401159,3.0,7.800000000000001,1.2000000000000002,0.5470685514631599,0.6403124237432849,1.0215581040743595,1.4327163012962476,1.983456578803781
2023-10-04 20:20:00,28757.049209934576,5.901463753929286,1.4229590035395345,3.769659252576286,0.3764087462529327,0.8011782555044129,3.0,7.800000000000001,1.2000000000000002,0.5470685514631599,0.6403124237432849,1.0215581040743595,1.4327163012962476,1.983456578803781
2023-10-04 20:25:00,28757.02281813805,3.713228811465437,1.0428876305445594,2.1877655590070746,0.3704359195215027,0.7933356994503208,3.0,7.800000000000001,1.2000000000000002,0.5470685514631599,0.6403124237432849,1.0215581040743595,1.4327163012962476,1.983456578803781
2023-10-04 20:30:00,28757.009622240064,3.4350228522257242,0.9071531137865679,2.1235521296484894,0.3233128618616138,1.25,3.0,0.21450818166214541,0.037500000000000006,0.5470685514631599,0.6453402203489258,1.0297433466645949,1.4685708188575721,2.262630327738051
2023-10-04 20:35:00,28626.946868625368,3.5676658969071577,0.9389850594425222,2.204702470703906,0.3337401211824517,1.25,3.0,7.800000000000001,1.2000000000000002,0.5470685514631599,0.6453402203489258,1.0297433466645949,1.4685708188575721,2.262630327738051
2023-10-04 20:40:00,28626.93367460092,3.451373007664194,0.933692485208643,2.098604295534809,0.33641602246702573,1.25,3.0,7.800000000000001,1.2000000000000002,0.5470685514631599,0.6453402203489258,1.0297433466645949,1.4685708188575721,2.262630327738051
2023-10-04 20:45:00,28626.907286552607,3.032967159954424,0.7966362790625506,1.9007906512439392,0.3233111920091153,1.25,3.0,7.800000000000001,1.2000000000000002,0.5462600113499065,0.6372009102316161,1.0199301152530011,1.469669690780891,2.052531120348727
2023-10-04 20:50:00,28626.86770448156,2.96671716455844,0.7940374279454833,1.8400836885845915,0.33108891864535894,1.25,3.0,7.800000000000001,1.2000000000000002,0.5462600113499065,0.6372009102316161,1.0199301152530011,1.469669690780891,2.052531120348727
2023-10-04 20:55:00,28626.841316435144,3.13613815907657,0.8966466478232034,1.8471303463193662,0.32846685153401595,1.25,3.0,7.800000000000001,1.2000000000000002,0.5462600113499065,0.6372009102316161,1.0199301152530011,1.469669690780891,2.052531120348727
2023-10-04 21:00:00,28496.810362000208,3.7580839520824862,0.9976027722193456,2.3015794065334623,0.3207756325372834,1.25,0.07648529270389179,0.2537794317906792,1.2000000000000002,0.5407735200617723,0.629224920040521,1.0054174058568908,1.453261934408247,2.0940152817016404
2023-10-04 21:05:00,28626.80173436697,3.293248629846559,0.8597143263341572,2.057848511214542,0.31827182300856566,0.793287567179962,3.0,7.800000000000001,1.2000000000000002,0.5407735200617723,0.629224920040521,1.0054174058568908,1.453261934408247,2.0940152817016404
2023-10-04 21:10:00,28496.757593505215,3.2682718792279757,0.888761726153374,1.9884068978215232,0.29089693918461035,0.7958250740541315,3.0,7.800000000000001,1.2000000000000002,0.5407735200617723,0.629224920040521,1.0054174058568908,1.453261934408247,2.0940152817016404
2023-10-04 21:15:00,28496.744401381948,3.342736892969849,0.9630282587913187,1.9470873777527145,0.3016677027899833,0.7932755819321406,3.0,7.800000000000001,1.2000000000000002,0.5446613626832731,0.6396882053000509,1.0102268260148313,1.479591244229297,2.3483279157732637
2023-10-04 21:20:00,28496.691632890845,3.5790396319023188,0.9391272494211841,2.215671516201004,0.3039352058904877,0.7958125234245707,3.0,7.800000000000001,1.2000000000000002,0.5446613626832731,0.6396882053000509,1.0102268260148313,1.479591244229297,2.3483279157732637
2023-10-04 21:25:00,28496.678440768555,3.8530570107391675,0.9179224822957825,2.5188750403773774,0.32077295751691404,0.7932635322480259,3.0,7.800000000000001,1.2000000000000002,0.5446613626832731,0.6396882053000509,1.0102268260148313,1.479591244229297,2.3483279157732637
2023-10-04 21:30:00,28496.652056524552,3.4999550704717177,0.8387354322514994,2.29391785824608,0.3062382053438559,1.25,0.06768308503607087,0.27166155414412246,1.2000000000000002,0.5482928049865328,0.6434477445760456,1.0297433466645949,1.4784860499849162,2.0940152817016404
2023-10-04 21:35:00,28496.625672281327,3.657560358671033,0.8756338571508706,2.3917377104133832,0.2994350192751384,0.7883683537525509,3.0,7.800000000000001,1.2000000000000002,0.5482928049865328,0.6434477445760456,1.0297433466645949,1.4784860499849162,2.0940152817016404
2023-10-04 21:40:00,28496.599288038884,3.694815368311232,0.9206203253660763,2.3584216178218784,0.2972411920809307,0.7837526701120354,3.0,7.800000000000001,1.2000000000000002,0.5482928049865328,0.6434477445760456,1.0297433466645949,1.4784860499849162,2.0940152817016404
2023-10-04 21:45:00,28496.57290379721,3.408348816177724,0.8256477671318937,2.224112048291481,0.29943422869297986,1.25,3.0,7.800000000000001,1.2000000000000002,0.5474751135896498,0.6485129142892992,1.0496872677135796,1.5288859506189465,2.306153507466491
2023-10-04 21:50:00,28886.6287955958,3.031422023239941,0.7317806556243065,2.0008152984378635,0.2972404366749382,0.79577492609444,3.0,7.800000000000001,1.2000000000000002,0.5474751135896498,0.6485129142892992,1.0496872677135796,1.5288859506189465,2.306153507466491
2023-10-04 21:55:00,28496.52013531619,3.296197872573773,0.7421601816029121,2.244986573327605,0.30393227875465195,0.793227524318842,3.0,7.800000000000001,1.2000000000000002,0.5474751135896498,0.6485129142892992,1.0496872677135796,1.5288859506189465,2.306153507466491
2023-10-04 22:00:00,28496.493751076843,3.5241313511913384,0.7916446017500789,2.391756948135541,0.2972397028564184,1.25,0.07061161377563893,0.32538592471094996,1.2000000000000002,0.5520470994398938,0.6517085238049292,1.0446625483858412,1.491793886567444,2.0844001535213916
2023-10-04 22:05:00,28496.467366838282,3.0724160023603138,0.7085815870241149,2.07780566770271,0.2888589516715972,1.25,3.0,7.800000000000001,1.2000000000000002,0.5520470994398938,0.6517085238049292,1.0446625483858412,1.491793886567444,2.0844001535213916
2023-10-04 22:10:00,28496.45417471928,2.9317694517044344,0.7137540843902874,1.9314922536284895,0.28114877699823093,0.7859919480508755,3.0,7.800000000000001,1.2000000000000002,0.5520470994398938,0.6517085238049292,1.0446625483858412,1.491793886567444,2.0844001535213916
2023-10-04 22:15:00,28496.414598363473,3.221162449944082,0.7812465711589811,2.109447147967614,0.2849161134137908,0.7837176810298369,3.0,7.800000000000001,1.2000000000000002,0.5507821710985206,0.6491502137410108,1.0248231847494473,1.4884576749105094,2.1554665388263397
2023-10-04 22:20:00,28496.388214127233,3.034843130913174,0.7682279720763989,1.9469338682004895,0.27756249739645167,1.25,3.0,7.800000000000001,1.2000000000000002,0.5507821710985206,0.6491502137410108,1.0248231847494473,1.4884576749105094,2.1554665388263397
2023-10-04 22:25:00,28496.36182989176,3.034723691748913,0.8152810688144603,1.8735649247886914,0.28300951945869984,1.25,3.0,7.800000000000001,1.2000000000000002,0.5507821710985206,0.6491502137410108,1.0248231847494473,1.4884576749105094,2.1554665388263397
2023-10-04 22:30:00,28496.335445657074,3.9180063452753577,1.0459552196760038,2.384597086670421,0.27933174497958685,0.8037374129559822,0.06768308503607087,0.26093033553038636,1.2000000000000002,0.55162396612185,0.6491502137410108,1.0207437288565626,1.466375207782783,2.0876024525756813
2023-10-04 22:35:00,29406.761725140426,4.342289196000883,1.3069479456457254,2.402724842430168,0.29723711294371036,0.8093937513274916,3.0,7.800000000000001,1.2000000000000002,0.55162396612185,0.6491502137410108,1.0207437288565626,1.466375207782783,2.0876024525756813
2023-10-04 22:40:00,28496.295869306494,4.1423677184726415,1.1801653869570377,2.3995598506153057,0.2972367460438222,0.8065229600678367,3.0,7.800000000000001,1.2000000000000002,0.55162396612185,0.6491502137410108,1.0207437288565626,1.466375207782783,2.0876024525756813
2023-10-04 22:45:00,28496.256292957663,3.22458825904542,0.8679395621318902,1.9777926270875095,0.28686406379027896,1.25,3.0,7.800000000000001,1.2000000000000002,0.5567988864931395,0.677383938398306,1.0803526091050089,1.6908968773996835,2.603681240090653
2023-10-04 22:50:00,28496.229908726076,2.8730131644295502,0.7839670483468424,1.764321430725492,0.277561162662872,1.25,3.0,7.800000000000001,1.2000000000000002,0.5567988864931395,0.677383938398306,1.0803526091050089,1.6908968773996835,2.603681240090653
2023-10-04 22:55:00,28496.216716610576,2.9844087187146973,0.7996625668250381,1.8486314027853286,0.28885585357537363,1.25,3.0,7.800000000000001,1.2000000000000002,0.5567988864931395,0.677383938398306,1.0803526091050089,1.6908968773996835,2.603681240090653
2023-10-04 23:00:00,28496.190332380156,3.236654400592617,0.8574430084968361,2.0058620914212657,0.2972352568731652,1.25,0.07061161377563893,0.2323449160192665,1.2000000000000002,0.5550504481576427,0.6686822862914794,1.0649112639088762,1.6310218422817029,2.5564428411368794
2023-10-04 23:05:00,28496.16394815051,3.352543510448932,0.8653658842151449,2.107298730385894,0.29723488997881653,1.25,3.0,7.800000000000001,1.2000000000000002,0.5550504481576427,0.6686822862914794,1.0649112639088762,1.6310218422817029,2.5564428411368794
2023-10-04 23:10:00,28496.13756392164,2.8477759877008646,0.78925281323659,1.7315852606695514,0.2972345230855629,1.25,3.0,7.800000000000001,1.2000000000000002,0.5550504481576427,0.6686822862914794,1.0649112639088762,1.6310218422817029,2.5564428411368794
2023-10-04 23:15:00,28496.111179693544,2.7321906271706293,0.8023423901919721,1.5993998263493265,0.2972341346115468,1.25,3.0,7.800000000000001,1.2000000000000002,0.5572396252959763,0.687592902813867,1.111850997211407,1.6908968773996835,2.6054358560517277
2023-10-04 23:20:00,28496.08479546623,3.116133945873542,0.8786057792945793,1.8553245462978774,0.2888543145579953,1.25,3.0,7.800000000000001,1.2000000000000002,0.5572396252959763,0.687592902813867,1.111850997211407,1.6908968773996835,2.6054358560517277
2023-10-04 23:25:00,28496.058411239686,3.3396310786017716,0.8759816757399628,2.0781483063475563,0.29723340083064353,1.25,3.0,7.800000000000001,1.2000000000000002,0.5572396252959763,0.687592902813867,1.111850997211407,1.6908968773996835,2.6054358560517277
2023-10-04 23:30:00,28496.032027013924,3.1903915971209678,0.8549034815645573,1.9644712961302686,0.28686142224551564,1.25,0.06476109943476871,0.23591523901605,1.2000000000000002,0.5567988864931395,0.6720126486904842,1.0700346910264171,1.564355777948226,2.2260871501358612
2023-10-04 23:35:00,28496.00564278893,3.041328459549525,0.820747191876693,1.8715507980948607,0.2775591519474892,0.7956435818162584,3.0,7.800000000000001,1.2000000000000002,0.5567988864931395,0.6720126486904842,1.0700346910264171,1.564355777948226,2.2260871501358612
2023-10-04 23:40:00,28495.979258564716,2.9461547682215476,0.7867356903954689,1.8313439301818373,0.2811442683216103,0.7906327118428683,3.0,7.800000000000001,1.2000000000000002,0.5567988864931395,0.6720126486904842,1.0700346910264171,1.564355777948226,2.2260871501358612
2023-10-04 23:45:00,28495.95287434128,3.086581076182377,0.8260269612577359,1.9076046990848985,0.29088688233130605,0.7906269873486484,3.0,7.800000000000001,1.2000000000000002,0.5572396252959763,0.6740207711932918,1.0760420809615208,1.5322927266028512,2.132717515284197
2023-10-04 23:50:00,28495.926490118625,2.91700613881041,0.7841563059212188,1.8069051213714553,0.2758362146413069,0.7956248356582946,3.0,7.800000000000001,1.2000000000000002,0.5572396252959763,0.6740207711932918,1.0760420809615208,1.5322927266028512,2.132717515284197
2023-10-04 23:55:00,28495.900105896733,2.850836088921261,0.7659237079890509,1.770700676724394,0.2929613433675343,1.25,3.0,7.800000000000001,1.2000000000000002,0.5572396252959763,0.6740207711932918,1.0760420809615208,1.5322927266028512,2.132717515284197
2023-10-05 00:15:00,28495.794569016954,3.276284997601067,0.8340007232870023,2.0811627210994925,0.2849093960069022,0.7955936374267196,3.0,7.800000000000001,1.2000000000000002,0.5599142791535148,0.6787348525013284,1.0968774589716028,1.514189221993077,2.0812006150297
2023-10-05 00:20:00,28495.768184798948,2.8956486067750786,0.7478060283725022,1.8426587877310292,0.2775571412947209,0.7930537680020884,3.0,7.800000000000001,1.2000000000000002,0.5599142791535148,0.6787348525013284,1.0968774589716028,1.514189221993077,2.0812006150297
2023-10-05 00:25:00,28495.74180058172,2.5864474690901305,0.7634157963042341,1.5183991416607612,0.2811420049594155,0.7955811608674919,3.0,7.800000000000001,1.2000000000000002,0.5599142791535148,0.6787348525013284,1.0968774589716028,1.514189221993077,2.0812006150297
2023-10-05 00:30:00,28495.715416365267,2.4671771521999877,0.7530310767628157,1.4198232100686436,0.2908839654156945,1.25,0.06184658438426492,0.21807338214463495,1.2000000000000002,0.5572396252959763,0.6686822862914794,1.068324220449953,1.486236942751727,2.0398637209382398
2023-10-05 00:35:00,28495.689032149592,2.899421461927681,0.8025952222401672,1.761227138185934,0.2811415121396781,1.25,3.0,7.800000000000001,1.2000000000000002,0.5572396252959763,0.6686822862914794,1.068324220449953,1.486236942751727,2.0398637209382398
2023-10-05 00:40:00,28495.662647934692,2.376713347135641,0.7090685599619767,1.4003260409320248,0.29295828565100424,1.25,3.0,7.800000000000001,1.2000000000000002,0.5572396252959763,0.6686822862914794,1.068324220449953,1.486236942751727,2.0398637209382398
2023-10-05 00:45:00,28495.63626372057,2.6188843327549693,0.8157234467390714,1.4700106183717943,0.29722746599903477,0.7858297535455601,3.0,7.800000000000001,1.2000000000000002,0.5590169943749475,0.6780589944835184,1.0829466468852469,1.555146616882151,2.2260871501358612
2023-10-05 00:50:00,28495.609879507214,2.734065389529207,0.8577908813286773,1.5169175124662007,0.28685670678991804,1.25,3.0,7.800000000000001,1.2000000000000002,0.5590169943749475,0.6780589944835184,1.0829466468852469,1.555146616882151,2.2260871501358612
2023-10-05 00:55:00,28625.601079117478,2.515864974592983,0.7583079847585622,1.4584008022392647,0.2950723517073387,1.25,3.0,7.800000000000001,1.2000000000000002,0.5590169943749475,0.6780589944835184,1.0829466468852469,1.555146616882151,2.2260871501358612
2023-10-05 01:00:00,28625.574691107817,2.2493788570492432,0.7065545638114755,1.2831369977459484,0.27583326418856685,1.25,0.06476109943476871,0.18603483544755803,1.2000000000000002,0.5590169943749475,0.6814462561347007,1.096002116786277,1.7042300314218148,2.736211980092186
2023-10-05 01:05:00,28625.53510909475,1.907581314393598,0.6223961729631698,1.0900061681692417,0.27755513070456855,1.25,3.0,7.800000000000001,1.2000000000000002,0.5590169943749475,0.6814462561347007,1.096002116786277,1.7042300314218148,2.736211980092186
2023-10-05 01:10:00,28625.508721087004,1.582320811397641,0.5600410197352318,0.8883422973315543,0.2725339274211975,1.25,3.0,7.800000000000001,1.2000000000000002,0.5590169943749475,0.6814462561347007,1.096002116786277,1.7042300314218148,2.736211980092186
2023-10-05 01:15:00,28755.518486984187,1.8144904092092693,0.624950179834739,1.0014064973037164,0.4166666666666667,0.7857984472768391,3.0,7.800000000000001,1.2000000000000002,0.5594649229397675,0.6713449188010586,1.0589644753248335,1.5539981499345488,2.2526375651666646
2023-10-05 01:20:00,28755.49209523146,1.6578447816862727,0.5749056420532287,0.9335227834502344,0.2651742769813673,1.25,3.0,7.800000000000001,1.2000000000000002,0.5594649229397675,0.6713449188010586,1.0589644753248335,1.5539981499345488,2.2526375651666646
2023-10-05 01:25:00,28755.46570347948,1.2759859642402653,0.4946604325984615,0.7218862433633129,0.2741583094340191,1.25,3.0,7.800000000000001,1.2000000000000002,0.5594649229397675,0.6713449188010586,1.0589644753248335,1.5539981499345488,2.2526375651666646
2023-10-05 01:30:00,28625.416363065902,1.4788751202241985,0.5650363867320982,0.7935974993471605,0.2775540041081503,1.25,0.06476109943476871,0.14005084790889344,1.2000000000000002,0.57601736084948,0.6931089380465383,1.0829466468852469,1.645278775770234,2.526839132196587
2023-10-05 01:35:00,28495.38561372508,1.4629947090630329,0.5873825319344326,0.7518005348040914,0.27755379612326914,1.25,3.0,7.800000000000001,1.2000000000000002,0.57601736084948,0.6931089380465383,1.0829466468852469,1.645278775770234,2.526839132196587
2023-10-05 01:40:00,28495.3592295191,1.874434560447199,0.7532516911102078,0.8758038777929074,0.27932273947910485,0.7880999334556267,3.0,7.800000000000001,1.2000000000000002,0.57601736084948,0.6931089380465383,1.0829466468852469,1.645278775770234,2.526839132196587
2023-10-05 01:45:00,28495.332845313897,2.0526563813593675,0.7636679110243157,1.0177619028000318,0.2775533454916589,1.25,3.0,7.800000000000001,1.2000000000000002,0.5499463610207818,0.6497884271053156,1.0371735438199337,1.499602030540103,2.1570961962786916
2023-10-05 01:50:00,28495.306461109474,2.1665580666359645,0.771495458261223,1.1100361860935468,0.2811377522150681,1.25,3.0,7.800000000000001,1.2000000000000002,0.5499463610207818,0.6497884271053156,1.0371735438199337,1.499602030540103,2.1570961962786916
2023-10-05 01:55:00,28495.28007690583,2.724287222397951,1.025219272820522,1.2598012116934667,0.2950680916578404,1.25,3.0,7.800000000000001,1.2000000000000002,0.5499463610207818,0.6497884271053156,1.0371735438199337,1.499602030540103,2.1570961962786916
2023-10-05 02:00:00,28495.25369270296,2.65415455456761,0.9852229663452756,1.2522985368842166,0.27755266955014185,1.25,0.06768308503607087,0.10172433337210915,1.2000000000000002,0.5503635162326805,0.6466065264130884,1.0272799034343074,1.4348661958524216,2.022523176628639
2023-10-05 02:05:00,28495.227308500853,2.5553101881429625,0.9029181268799501,1.279784810520284,0.2679601304166211,0.7834885574789573,3.0,7.800000000000001,1.2000000000000002,0.5503635162326805,0.6466065264130884,1.0272799034343074,1.4348661958524216,2.022523176628639
2023-10-05 02:10:00,28495.200924299537,2.860017016748268,0.9746030404002353,1.4624293507195463,0.2725317192462701,0.7834835596153842,3.0,7.800000000000001,1.2000000000000002,0.5503635162326805,0.6466065264130884,1.0272799034343074,1.4348661958524216,2.022523176628639
2023-10-05 02:15:00,28625.178871054715,2.44008723543026,0.8633299482027649,1.2298631944322709,0.28490269826571535,0.7929164710317249,3.0,7.800000000000001,1.2000000000000002,0.5491165632176833,0.6440776350720463,1.0134488442935836,1.5096890408292696,2.4147165465122407
2023-10-05 02:20:00,28625.152483057296,2.8020202692544296,0.908259507109188,1.50611558673379,0.2972204308971403,1.25,3.0,7.800000000000001,1.2000000000000002,0.5491165632176833,0.6440776350720463,1.0134488442935836,1.5096890408292696,2.4147165465122407
2023-10-05 02:25:00,28625.13928905887,2.9215871360058854,0.9719886372151381,1.525235306286642,0.29722006404704676,1.25,3.0,7.800000000000001,1.2000000000000002,0.5491165632176833,0.6440776350720463,1.0134488442935836,1.5096890408292696,2.4147165465122407
2023-10-05 02:30:00,28625.112901062606,2.9751696112966233,1.0039767777465642,1.528794290085753,0.2793203726146855,0.7834637277878236,0.07061161377563893,0.16475436261295176,1.2000000000000002,0.5520470994398938,0.6459729096486941,1.0256413408204643,1.3841419724869266,1.8649278806431095
2023-10-05 02:35:00,28625.07331906964,3.16942489695023,1.0146653093733375,1.6999134623428818,0.29506525171177295,0.7928926624411692,3.0,7.800000000000001,1.2000000000000002,0.5520470994398938,0.6459729096486941,1.0256413408204643,1.3841419724869266,1.8649278806431095
2023-10-05 02:40:00,28625.046931075285,3.758227443025543,1.0360480083775017,2.242506964516214,0.29295013215833876,0.8119348739265491,3.0,7.800000000000001,1.2000000000000002,0.5520470994398938,0.6459729096486941,1.0256413408204643,1.3841419724869266,1.8649278806431095
2023-10-05 02:45:00,28755.04343555058,5.8962035129575066,1.5191256881352266,3.616450996751072,0.2929497993756374,0.858905030729125,3.0,7.800000000000001,1.2000000000000002,0.5520470994398938,0.6523503659844149,1.0388327295575548,1.4619925615405847,2.028818375311107
2023-10-05 02:50:00,28624.99415508887,5.804204355940602,1.5245742959634059,3.516656142846985,0.2929494665939492,0.8119192053363291,3.0,7.800000000000001,1.2000000000000002,0.5520470994398938,0.6523503659844149,1.0388327295575548,1.4619925615405847,2.028818375311107
2023-10-05 02:55:00,28755.003847942164,4.419290465030321,1.3266794559790656,2.448471070679635,0.2793191981104459,0.7953944472156529,3.0,7.800000000000001,1.2000000000000002,0.5520470994398938,0.6523503659844149,1.0388327295575548,1.4619925615405847,2.028818375311107
2023-10-05 03:00:00,28624.941379105523,4.619124940880301,1.3483385319967878,2.612494976518127,0.28299493421206273,0.8061431261343831,0.07061161377563893,0.21094416322809217,1.2000000000000002,0.547883199231369,0.6359630492410703,0.9919479018577538,1.3820694627984513,1.896305882498918
2023-10-05 03:05:00,28624.914991114998,4.594001135701433,1.372717450124907,2.5504623591512257,0.2868487634640145,0.8089844185192548,3.0,7.800000000000001,1.2000000000000002,0.547883199231369,0.6359630492410703,0.9919479018577538,1.3820694627984513,1.896305882498918
2023-10-05 03:10:00,28624.888603125237,3.3922865165606777,1.105764983798412,1.7784705189946204,0.27582781887711705,1.25,3.0,7.800000000000001,1.2000000000000002,0.547883199231369,0.6359630492410703,0.9919479018577538,1.3820694627984513,1.896305882498918
2023-10-05 03:15:00,28624.862215136243,3.388021278300802,1.097734290006936,1.7864440275713627,0.28883978504209196,0.7953696130164178,3.0,7.800000000000001,1.2000000000000002,0.547883199231369,0.6372009102316161,0.9880314974736383,1.3914223837498088,1.9144189719076647
2023-10-05 03:20:00,28624.849021142036,3.69080913355331,1.1406994865935824,2.016419995598022,0.27754909930982036,0.7903813995515634,3.0,7.800000000000001,1.2000000000000002,0.547883199231369,0.6372009102316161,0.9880314974736383,1.3914223837498088,1.9144189719076647
2023-10-05 03:25:00,29145.0231112491,3.470716786718887,1.0308451143677273,1.9685137668364618,0.2775488740100169,0.7903757127377473,3.0,7.800000000000001,1.2000000000000002,0.547883199231369,0.6372009102316161,0.9880314974736383,1.3914223837498088,1.9144189719076647
2023-10-05 03:30:00,29144.98350723939,6.8645294476742285,1.9170002876885492,3.969099853041168,0.295061331004999,0.8209557024814209,3.0,7.800000000000001,1.2000000000000002,0.5434786104346702,0.629224920040521,0.9903788366074873,1.4262850346266696,2.019380102902869
2023-10-05 03:35:00,29405.163935520584,4.497455626997727,1.3538592715873936,2.484037828845805,0.28883854603718534,0.820947028166716,3.0,7.800000000000001,1.2000000000000002,0.5434786104346702,0.629224920040521,0.9903788366074873,1.4262850346266696,2.019380102902869
2023-10-05 03:40:00,28754.766322327312,7.19456786869633,1.9634563913441057,4.226342118826593,0.2972144966918303,0.8587729187031301,3.0,7.800000000000001,1.2000000000000002,0.5434786104346702,0.629224920040521,0.9903788366074873,1.4262850346266696,2.019380102902869
2023-10-05 03:45:00,28754.739930596104,6.1996641154606875,1.6008577754885984,3.7926016569688232,0.2950602713772753,0.8442222746619055,3.0,7.800000000000001,1.2000000000000002,0.5430874699346322,0.6322728841252011,0.9911629533028361,1.4230798466705936,2.0162400650716177
2023-10-05 03:50:00,28624.690693226443,3.818868443197755,1.0603384895819277,2.264832103743271,0.28489739785561435,0.800568956656421,3.0,7.800000000000001,1.2000000000000002,0.5430874699346322,0.6322728841252011,0.9911629533028361,1.4230798466705936,2.0162400650716177
2023-10-05 03:55:00,28624.66430524318,3.428526342767272,1.0229265927802944,1.9393714164442333,0.29294505733223297,0.7927974888343734,3.0,7.800000000000001,1.2000000000000002,0.5430874699346322,0.6322728841252011,0.9911629533028361,1.4230798466705936,2.0162400650716177
2023-10-05 04:00:00,28494.633664158864,3.461583816737265,1.041645774197916,1.9431238665031199,0.28113123667922174,0.7856267922905751,3.0,0.25020503592054255,1.2000000000000002,0.5407735200617723,0.6161168720299746,0.9582238569353196,1.3021351696348578,1.7411042473097353
2023-10-05 04:05:00,28624.611529278973,3.0225061754945357,0.9669826699144213,1.6298493458536247,0.29721264096281613,1.25,3.0,7.800000000000001,1.2000000000000002,0.5407735200617723,0.6161168720299746,0.9582238569353196,1.3021351696348578,1.7411042473097353
2023-10-05 04:10:00,28624.58514129802,3.266534620438846,1.0122957849594791,1.797695822109522,0.2811307256809391,1.25,3.0,7.800000000000001,1.2000000000000002,0.5407735200617723,0.6161168720299746,0.9582238569353196,1.3021351696348578,1.7411042473097353
2023-10-05 04:15:00,28624.558753317826,3.764253773021799,1.1006043216296009,2.149473274683973,0.28489600105160334,1.25,3.0,7.800000000000001,1.2000000000000002,0.5419234263251589,0.629832517420306,0.9943077189683283,1.389338061812171,1.9129045977256682
2023-10-05 04:20:00,28624.5323653384,3.3864677018391713,1.0096589153807358,1.9185389702189064,0.28883578830905315,1.25,3.0,7.800000000000001,1.2000000000000002,0.5419234263251589,0.629832517420306,0.9943077189683283,1.389338061812171,1.9129045977256682
2023-10-05 04:25:00,28624.519171348977,3.050970876764035,0.8505703962722765,1.8349029819583849,0.2972111520842222,1.25,3.0,7.800000000000001,1.2000000000000002,0.5419234263251589,0.629832517420306,0.9943077189683283,1.389338061812171,1.9129045977256682
2023-10-05 04:30:00,28624.479589381845,2.6464971867416547,0.7641884451331519,1.5751063814967825,0.2775459798440272,1.25,0.0823771813064759,0.21807338214463495,1.2000000000000002,0.5403933752369656,0.6184626100258609,0.9552437175925315,1.3413560302917342,1.9943460080938815
2023-10-05 04:35:00,28624.453201404718,2.6463786487719294,0.7850562963376412,1.5430313808101714,0.27754575455511377,1.25,3.0,7.800000000000001,1.2000000000000002,0.5403933752369656,0.6184626100258609,0.9552437175925315,1.3413560302917342,1.9943460080938815
2023-10-05 04:40:00,28494.422590709724,3.054748715357849,0.8954719335136092,1.7696732371767148,0.28684318789911156,1.25,3.0,7.800000000000001,1.2000000000000002,0.5403933752369656,0.6184626100258609,0.9552437175925315,1.3413560302917342,1.9943460080938815
2023-10-05 04:45:00,28624.40042545276,2.971962818042743,0.8480013100790329,1.7618950389380748,0.28489431726355163,1.25,3.0,7.800000000000001,1.2000000000000002,0.5426978901746348,0.6220128616033594,0.9627216420128926,1.3574697050026567,1.915934236867226
2023-10-05 04:50:00,28624.38723146525,2.604877506409925,0.7746691251889327,1.5189373184499635,0.27931375294157385,1.25,3.0,7.800000000000001,1.2000000000000002,0.5426978901746348,0.6220128616033594,0.9627216420128926,1.3574697050026567,1.915934236867226
2023-10-05 04:55:00,28624.3608434908,2.3625391102599487,0.6918607644886549,1.4131240998710257,0.27931350382642856,1.25,3.0,7.800000000000001,1.2000000000000002,0.5426978901746348,0.6220128616033594,0.9627216420128926,1.3574697050026567,1.915934236867226
2023-10-05 05:00:00,28624.321261530553,2.5799649698386666,0.7773077953094698,1.4909669675176995,0.2848934753820218,1.25,0.07942921376924236,0.23591523901605,1.2000000000000002,0.5430874699346322,0.6137882370981054,0.9312378858272465,1.3503911470385164,1.9311354173128308
2023-10-05 05:05:00,28624.294873558018,2.9343094563072993,0.8401738938713842,1.7373023633711187,0.27754442016767567,1.25,3.0,7.800000000000001,1.2000000000000002,0.5430874699346322,0.6137882370981054,0.9312378858272465,1.3503911470385164,1.9311354173128308
2023-10-05 05:10:00,28754.291271281123,3.5138346480302927,0.9379575391181548,2.1533655748598193,0.27414945015019254,0.7952270885484392,3.0,7.800000000000001,1.2000000000000002,0.5430874699346322,0.6137882370981054,0.9312378858272465,1.3503911470385164,1.9311354173128308
2023-10-05 05:15:00,28754.26487956352,3.3934441852840957,0.8929383887944287,2.1047162368114334,0.2758225763357053,0.795220895513223,3.0,7.800000000000001,1.2000000000000002,0.5442655601817922,0.6172876152977638,0.9537592148965062,1.3554427320989995,1.9494912156765416
2023-10-05 05:20:00,28754.238487846662,3.057932374385906,0.8402213145267053,1.857656770431291,0.27931232943851264,0.792696577225649,3.0,7.800000000000001,1.2000000000000002,0.5442655601817922,0.6172876152977638,0.9537592148965062,1.3554427320989995,1.9494912156765416
2023-10-05 05:25:00,28754.212096130566,3.024738364835716,0.8982587653690493,1.7362557223942972,0.27754351903852187,0.7952085106074778,3.0,7.800000000000001,1.2000000000000002,0.5442655601817922,0.6172876152977638,0.9537592148965062,1.3554427320989995,1.9494912156765416
2023-10-05 05:30:00,28754.185704415217,3.2273525953719786,0.9115078197086549,1.9133506421043491,0.27754329375819975,0.7855334813762053,0.07354590403278757,0.20381992051808873,1.2000000000000002,0.5442655601817922,0.6220128616033594,0.9649828184998943,1.3393584285022437,1.8077986613558492
2023-10-05 05:35:00,28754.15931270062,3.363949060989452,0.9539720100437649,1.9817171149704793,0.2829867265107473,1.25,3.0,7.800000000000001,1.2000000000000002,0.5442655601817922,0.6220128616033594,0.9649828184998943,1.3393584285022437,1.8077986613558492
2023-10-05 05:40:00,28754.13292098679,3.322386954915231,0.8956615184726722,2.0307794712307183,0.27582151439764724,1.25,3.0,7.800000000000001,1.2000000000000002,0.5442655601817922,0.6220128616033594,0.9649828184998943,1.3393584285022437,1.8077986613558492
2023-10-05 05:45:00,28754.10652927371,2.962274894332183,0.7696319338148696,1.8737088725755433,0.26795361074119917,1.25,3.0,7.800000000000001,1.2000000000000002,0.5430874699346322,0.6149504045042983,0.9420191080864548,1.3697065379124098,1.9990247622278219
2023-10-05 05:50:00,28754.093333417448,2.6610739700503294,0.7410634818942704,1.6248484585000673,0.2725236181230074,1.25,3.0,7.800000000000001,1.2000000000000002,0.5430874699346322,0.6149504045042983,0.9420191080864548,1.3697065379124098,1.9990247622278219
2023-10-05 05:55:00,28754.053745849815,2.7598226732292206,0.7800895954118666,1.6603107700686035,0.27582089072851246,1.25,3.0,7.800000000000001,1.2000000000000002,0.5430874699346322,0.6149504045042983,0.9420191080864548,1.3697065379124098,1.9990247622278219
2023-10-05 06:00:00,28754.027354138987,3.1107486571825858,0.8403478503112842,1.9090644461276134,0.2811252144226136,0.7901996263454971,0.07648529270389179,0.23591523901605,1.2000000000000002,0.5403933752369656,0.609183059514954,0.9391224840243151,1.2868954891520912,1.7508786365707933
2023-10-05 06:05:00,28754.000962428934,3.4585931554625335,0.9833322072135559,2.029331663238188,0.2775417341467722,0.795159076210088,3.0,7.800000000000001,1.2000000000000002,0.5403933752369656,0.609183059514954,0.9391224840243151,1.2868954891520912,1.7508786365707933
2023-10-05 06:10:00,28753.974570719634,3.3631130875342716,0.8878261962187467,2.0828508324659953,0.2848895722219622,0.7926373495806325,3.0,7.800000000000001,1.2000000000000002,0.5403933752369656,0.609183059514954,0.9391224840243151,1.2868954891520912,1.7508786365707933
2023-10-05 06:15:00,28753.96137486526,2.7593493196836265,0.7489246934600492,1.708047585977048,0.29086161194037435,0.8003742043059889,3.0,7.800000000000001,1.2000000000000002,0.5388886712485242,0.6057755359867217,0.932662511308351,1.312764354330205,1.9479568783728247
2023-10-05 06:20:00,28753.93498315709,2.7303827555269944,0.733386135658651,1.704034048356673,0.27930948252006177,1.25,3.0,7.800000000000001,1.2000000000000002,0.5388886712485242,0.6057755359867217,0.932662511308351,1.312764354330205,1.9479568783728247
2023-10-05 06:25:00,28883.936460620924,2.754990840028851,0.7153101828273748,1.756211258220249,0.2758196265542359,1.25,3.0,7.800000000000001,1.2000000000000002,0.5388886712485242,0.6057755359867217,0.932662511308351,1.312764354330205,1.9479568783728247
2023-10-05 06:30:00,28753.86900388997,2.924032405431771,0.7723786508660174,1.8320632663119905,0.27930901990685486,0.7951281810776585,0.09420191080864548,0.22877552316626884,0.037500000000000006,0.5403933752369656,0.603526304314899,0.919986869471516,1.2636282087702855,1.694472189208191
2023-10-05 06:35:00,28753.84261218444,3.374950121841514,0.8483492981245427,2.1557931063852904,0.2775403998424748,0.7877792522324035,3.0,7.800000000000001,1.2000000000000002,0.5403933752369656,0.603526304314899,0.919986869471516,1.2636282087702855,1.694472189208191
2023-10-05 06:40:00,28753.829416331955,3.756618002776756,0.9648118544725752,2.3508200509229007,0.2888271359479264,0.7951158526320244,3.0,7.800000000000001,1.2000000000000002,0.5403933752369656,0.603526304314899,0.919986869471516,1.2636282087702855,1.694472189208191
2023-10-05 06:45:00,28753.803024627563,3.4908185936785996,0.8562789118280978,2.25749883526385,0.2775399493043985,0.7951096665750104,3.0,7.800000000000001,1.2000000000000002,0.5430874699346322,0.6172876152977638,0.9552437175925315,1.2992575764643437,1.897810317181356
2023-10-05 06:50:00,28753.776632923917,3.4865507154728164,0.8247457649715568,2.3026094226100824,0.27753972403654026,0.7925900121605876,3.0,7.800000000000001,1.2000000000000002,0.5430874699346322,0.6172876152977638,0.9552437175925315,1.2992575764643437,1.897810317181356
2023-10-05 06:55:00,28753.73704536988,3.4947270361706875,0.9064813176707701,2.1832791638964957,0.2758183624066325,0.7950973180358931,3.0,7.800000000000001,1.2000000000000002,0.5430874699346322,0.6172876152977638,0.9552437175925315,1.2992575764643437,1.897810317181356
2023-10-05 07:00:00,28753.710653668135,3.2583367347701135,0.9648750162944049,1.8618746503223835,0.2829822397424879,0.7925781815856776,0.07942921376924236,0.1824828759089466,1.2000000000000002,0.5426978901746348,0.6155331022780173,0.9530183628870956,1.312764354330205,1.7677669529663689
2023-10-05 07:05:00,28623.674756423854,3.4986363261688442,1.0261955515244015,2.0029156155934706,0.28683465892563587,1.25,3.0,7.800000000000001,1.2000000000000002,0.5426978901746348,0.6155331022780173,0.9530183628870956,1.312764354330205,1.7677669529663689
2023-10-05 07:10:00,28623.648368470076,3.8099075518023415,1.0609672245413022,2.2550513693448724,0.27930711610807235,1.25,3.0,7.800000000000001,1.2000000000000002,0.5426978901746348,0.6155331022780173,0.9530183628870956,1.312764354330205,1.7677669529663689
2023-10-05 07:15:00,28623.635174493484,3.6768649687460107,1.0476070194728455,2.1448173946125886,0.29293147709205203,1.25,3.0,7.800000000000001,1.2000000000000002,0.5450587124338074,0.6190516941257814,0.9500643346637111,1.3137366554983536,1.7677669529663689
2023-10-05 07:20:00,28623.608786540848,3.4485046175940113,0.9888963190602477,2.0109234874514996,0.27753838977381445,1.25,3.0,7.800000000000001,1.2000000000000002,0.5450587124338074,0.6190516941257814,0.9500643346637111,1.3137366554983536,1.7677669529663689
2023-10-05 07:25:00,28623.56920461333,3.199769228049337,0.8774993987026763,1.9387355575412555,0.27753816451140173,0.7925486554028476,3.0,7.800000000000001,1.2000000000000002,0.5450587124338074,0.6190516941257814,0.9500643346637111,1.3137366554983536,1.7677669529663689
2023-10-05 07:30:00,28623.542816662626,3.0879237963363053,0.8248720678165556,1.9107078146338945,0.2829806507393773,0.7950541663397709,0.07942921376924236,0.22163970763380825,0.034985711369071804,0.5438713083073973,0.6137882370981054,0.9434732428638344,1.240170250409193,1.6196913286178944
2023-10-05 07:35:00,28753.539107625154,3.2202314816631827,0.8013052993059505,2.0771122682349397,0.2758166937726383,0.797625002462302,3.0,7.800000000000001,1.2000000000000002,0.5438713083073973,0.6137882370981054,0.9434732428638344,1.240170250409193,1.6196913286178944
2023-10-05 07:40:00,28883.553727356753,3.294662264990635,0.8065553132124319,2.142075828696695,0.2725195839229156,0.7950418695544421,3.0,7.800000000000001,1.2000000000000002,0.5438713083073973,0.6137882370981054,0.9434732428638344,1.240170250409193,1.6196913286178944
2023-10-05 07:45:00,29143.65017319818,4.116742086843553,1.01297327360238,2.6318491503130192,0.2651645932985658,0.7976121602303092,3.0,7.800000000000001,1.2000000000000002,0.5470685514631599,0.625,0.9718147971707366,1.3373645725829588,1.8092440410292914
2023-10-05 07:50:00,29403.8038356495,4.19151720894031,1.0450432224012831,2.656127930455385,0.2811197035727395,0.7950295519119089,3.0,7.800000000000001,1.2000000000000002,0.5470685514631599,0.625,0.9718147971707366,1.3373645725829588,1.8092440410292914
2023-10-05 07:55:00,29143.584166610533,3.9709298828317423,1.0557572971870286,2.4216764907931574,0.28488369868627766,0.7831428536441511,3.0,7.800000000000001,1.2000000000000002,0.5470685514631599,0.625,0.9718147971707366,1.3373645725829588,1.8092440410292914
2023-10-05 08:00:00,29403.751016274815,3.6176615704753123,0.9757075199074524,2.1971687521199006,0.2741427697767539,0.7950172358121614,0.08532877591996735,0.22520710468366664,0.043500000000000004,0.55162396612185,0.6286183261725671,0.9771780595162788,1.3924657985027855,1.9204853553203682
2023-10-05 08:05:00,29273.625898310172,3.405963358710411,0.8802658195171627,2.1366616624758454,0.2651641012088946,0.7950110783408548,3.0,7.800000000000001,1.2000000000000002,0.55162396612185,0.6286183261725671,0.9771780595162788,1.3924657985027855,1.9204853553203682
2023-10-05 08:10:00,29273.599492127534,3.8458639048839665,0.9917186707009995,2.3971899275729793,0.2741423768386456,0.820471419926887,3.0,7.800000000000001,1.2000000000000002,0.55162396612185,0.6286183261725671,0.9771780595162788,1.3924657985027855,1.9204853553203682
2023-10-05 08:15:00,29403.67178721809,3.8457434599185816,1.0103991670893675,2.368203570606785,0.2758150083309385,0.8029182020743337,3.0,7.800000000000001,1.2000000000000002,0.547883199231369,0.62680459475023,0.9718147971707366,1.3914223837498088,2.0414445865611928
2023-10-05 08:20:00,29143.452153448845,3.629635465752861,0.9731088282073882,2.212951426223163,0.2758148060811212,0.8002070170768727,3.0,7.800000000000001,1.2000000000000002,0.547883199231369,0.62680459475023,0.9718147971707366,1.3914223837498088,2.0414445865611928
2023-10-05 08:25:00,29403.618967850474,3.4884247273459996,0.9864374135721177,2.0537954179253997,0.2775354960780551,0.8002003103567604,3.0,7.800000000000001,1.2000000000000002,0.547883199231369,0.62680459475023,0.9718147971707366,1.3914223837498088,2.0414445865611928
2023-10-05 08:30:00,29403.59255816772,3.3266144240978743,1.0211223532690432,1.8427399599896954,0.2758143847295284,0.7949802967703512,0.08828363381737295,0.26808386747434093,0.043500000000000004,0.5446613626832731,0.6238020519363494,0.9779477286644722,1.4402542310300637,2.1020466217474816
2023-10-05 08:35:00,29403.56614848568,2.640713813799189,0.8041114450524519,1.5085542331712296,0.2758141824818166,0.7924660409513232,3.0,7.800000000000001,1.2000000000000002,0.5446613626832731,0.6238020519363494,0.9779477286644722,1.4402542310300637,2.1020466217474816
2023-10-05 08:40:00,29273.441055046686,2.3040454647431403,0.702849657089651,1.3405461167970656,0.2775348203234908,0.7830986666210822,3.0,7.800000000000001,1.2000000000000002,0.5446613626832731,0.6238020519363494,0.9779477286644722,1.4402542310300637,2.1020466217474816
2023-10-05 08:45:00,29533.62915279316,2.706355259761405,0.8408692639750269,1.5158864094909068,0.2709432262989512,0.7924542480322823,3.0,7.800000000000001,1.2000000000000002,0.5438713083073973,0.6214185385068585,0.9695294528790758,1.3872570958549826,1.9265658566475221
2023-10-05 08:50:00,29403.473714604082,2.5498792387045968,0.7728205276985906,1.4689251117244488,0.2651629707602944,0.7949557008352022,3.0,7.800000000000001,1.2000000000000002,0.5438713083073973,0.6214185385068585,0.9695294528790758,1.3872570958549826,1.9265658566475221
2023-10-05 08:55:00,29273.3486334281,3.08176558255273,0.9254045839096758,1.7502485781172963,0.27753416190277613,0.7949495472201291,3.0,7.800000000000001,1.2000000000000002,0.5438713083073973,0.6214185385068585,0.9695294528790758,1.3872570958549826,1.9265658566475221
2023-10-05 09:00:00,29403.434100086048,2.8833151708199893,0.843546171602965,1.6826318801008773,0.2775339193284176,0.8001536099091779,0.0823771813064759,0.17893283656165515,0.037500000000000006,0.5363170703977266,0.6052115332675014,0.935523724979757,1.3524090542435747,1.9265658566475221
2023-10-05 09:05:00,29533.52350025039,2.7553278042792537,0.7989736194098764,1.6269318223818665,0.2679477094874101,0.7949372411474311,3.0,7.800000000000001,1.2000000000000002,0.5363170703977266,0.6052115332675014,0.935523724979757,1.3524090542435747,1.9265658566475221
2023-10-05 09:10:00,29403.381280731144,2.7923128792796246,0.8646421103157625,1.5625690122822027,0.4166666666666667,0.7924248050143248,3.0,7.800000000000001,1.2000000000000002,0.5363170703977266,0.6052115332675014,0.935523724979757,1.3524090542435747,1.9265658566475221
2023-10-05 09:15:00,29533.470673983196,2.689171788668575,0.8383354124876854,1.503219969716458,0.27581249711077466,0.7899792130210073,3.0,7.800000000000001,1.2000000000000002,0.5310753242243514,0.5893589738011971,0.9069729874698584,1.2897326273301766,1.7748521065147935
2023-10-05 09:20:00,29273.21660255961,2.249953540636641,0.7236066395106618,1.2580710895962903,0.27753303567239795,1.25,3.0,7.800000000000001,1.2000000000000002,0.5310753242243514,0.5893589738011971,0.9069729874698584,1.2897326273301766,1.7748521065147935
2023-10-05 09:25:00,29273.190196388055,2.6313034308800303,0.8805187862301611,1.3846571263274308,0.2725157088482897,0.8028210487784118,3.0,7.800000000000001,1.2000000000000002,0.5310753242243514,0.5893589738011971,0.9069729874698584,1.2897326273301766,1.7748521065147935
2023-10-05 09:30:00,29143.082516692586,3.014781463700299,0.9043246497757089,1.7173434419609819,0.2694185374847917,0.8055784122508807,0.07942921376924236,0.18958860725265114,0.037500000000000006,0.5331275644721439,0.5909526207742885,0.9083246996531582,1.3503911470385164,2.173426787356777
2023-10-05 09:35:00,28882.94663353495,2.9939977927414723,0.9228800613797181,1.6689978142736377,0.2625932388340761,0.7949003769192855,3.0,7.800000000000001,1.2000000000000002,0.5331275644721439,0.5909526207742885,0.9083246996531582,1.3503911470385164,2.173426787356777
2023-10-05 09:40:00,28882.920238160328,3.213110756955972,1.00533202048232,1.75636526795871,0.26652755592310323,0.8055640002074214,3.0,7.800000000000001,1.2000000000000002,0.5331275644721439,0.5909526207742885,0.9083246996531582,1.3503911470385164,2.173426787356777
2023-10-05 09:45:00,28882.893842786463,3.130214978476187,0.9467913160429053,1.7647483633289793,0.2625930190909703,0.8331888419352487,3.0,7.800000000000001,1.2000000000000002,0.5355968633216591,0.5941725338653748,0.9192924235519403,1.2963892162464172,1.8034688796871434
2023-10-05 09:50:00,29012.913254219377,2.3965970913469197,0.7237010350729064,1.3969996967063736,0.4166666666666667,0.8541965536953782,3.0,7.800000000000001,1.2000000000000002,0.5355968633216591,0.5941725338653748,0.9192924235519403,1.2963892162464172,1.8034688796871434
2023-10-05 09:55:00,29012.886855200282,2.7170593446419695,0.8253304375025092,1.5497480234522893,0.27251461308109587,0.8298624179813159,3.0,7.800000000000001,1.2000000000000002,0.5355968633216591,0.5941725338653748,0.9192924235519403,1.2963892162464172,1.8034688796871434
2023-10-05 10:00:00,29012.860456181916,3.212634169144213,0.9734245918874269,1.804341650142917,0.2651612153165501,0.8399433090903737,0.0823771813064759,0.22163970763380825,0.037500000000000006,0.5438713083073973,0.6069069121372733,0.9262834123528284,1.249100576414886,1.648021844515418
2023-10-05 10:05:00,29012.834057164288,3.4113865206072993,0.9974118814812273,1.9615805965569308,0.2625926040255172,0.8202735526945036,3.0,7.800000000000001,1.2000000000000002,0.5438713083073973,0.6069069121372733,0.9262834123528284,1.249100576414886,1.648021844515418
2023-10-05 10:10:00,29663.326021329412,3.216535599464314,0.9468702794893626,1.8486242129162294,0.26259250636398085,0.7974263201773806,3.0,7.800000000000001,1.2000000000000002,0.5438713083073973,0.6069069121372733,0.9262834123528284,1.249100576414886,1.648021844515418
2023-10-05 10:15:00,29012.76805962344,2.004270107484686,0.5543198805528377,1.2849902423642647,0.4166666666666667,0.7974199454825194,3.0,7.800000000000001,1.2000000000000002,0.5495307088780389,0.6137882370981054,0.9276939150387912,1.2682271089990151,1.6958231039822522
2023-10-05 10:20:00,29012.74166060838,1.4355177574312379,0.38363808996841037,1.0298021801012063,0.4166666666666667,0.8364830484575818,3.0,7.800000000000001,1.2000000000000002,0.5495307088780389,0.6137882370981054,0.9276939150387912,1.2682271089990151,1.6958231039822522
2023-10-05 10:25:00,29012.728461101124,1.4354060372447166,0.3963295397490556,1.0076455997221399,0.4166666666666667,8.0085699,3.0,7.800000000000001,1.2000000000000002,0.5495307088780389,0.6137882370981054,0.9276939150387912,1.2682271089990151,1.6958231039822522
2023-10-05 10:30:00,29012.702062087174,1.3765381779874342,0.4269498152578399,0.9037435403241376,0.4166666666666667,8.0085699,0.07942921376924236,0.25020503592054255,0.037500000000000006,0.55162396612185,0.6220128616033594,0.9508014303733456,1.3195912245843409,1.8020277467342172
2023-10-05 10:35:00,29142.73928268908,1.4784850641513545,0.4657179866067567,0.9349458361794108,0.4166666666666667,8.0085699,3.0,7.800000000000001,1.2000000000000002,0.55162396612185,0.6220128616033594,0.9508014303733456,1.3195912245843409,1.8020277467342172
2023-10-05 10:40:00,29142.7128800785,1.4941605568619363,0.4821062884719518,0.9240877604389847,0.4166666666666667,8.0085699,3.0,7.800000000000001,1.2000000000000002,0.55162396612185,0.6220128616033594,0.9508014303733456,1.3195912245843409,1.8020277467342172
2023-10-05 10:45:00,28752.536223704887,1.5613725529712712,0.5034747533086733,0.952158747085863,0.4166666666666667,8.0085699,3.0,7.800000000000001,1.2000000000000002,0.5599142791535148,0.6378212915856604,0.9657383496579185,1.3195912245843409,1.7848181980246616
2023-10-05 10:50:00,28752.509832037496,1.5731761019328772,0.4844921177688146,0.991722360809907,3.8641953000000004,8.0085699,3.0,7.800000000000001,1.2000000000000002,0.5599142791535148,0.6378212915856604,0.9657383496579185,1.3195912245843409,1.7848181980246616
2023-10-05 10:55:00,28882.52430763055,1.5651178371544126,0.5082921572079273,0.94830849426469,3.8641953000000004,8.0085699,3.0,7.800000000000001,1.2000000000000002,0.5599142791535148,0.6378212915856604,0.9657383496579185,1.3195912245843409,1.7848181980246616
2023-10-05 11:00:00,28882.497912267856,1.541196005205097,0.48216497990615703,0.9662691056215172,3.8641953000000004,8.0085699,3.0,7.800000000000001,1.2000000000000002,0.5672953375447396,0.6478765314471577,0.9818090241997168,1.3403567622092263,1.7977107665027765
2023-10-05 11:05:00,28882.471516905913,1.5291957201790376,0.4774793247452151,0.9626000873288196,0.4166666666666667,8.0085699,3.0,7.800000000000001,1.2000000000000002,0.5672953375447396,0.6478765314471577,0.9818090241997168,1.3403567622092263,1.7977107665027765
2023-10-05 11:10:00,28752.40426537552,1.588627705951642,0.4798421776421186,1.0130519058173748,0.4166666666666667,8.0085699,3.0,7.800000000000001,1.2000000000000002,0.5672953375447396,0.6478765314471577,0.9818090241997168,1.3403567622092263,1.7977107665027765
2023-10-05 11:15:00,28752.377873711925,1.636329264554823,0.491660583461217,1.0384412172891109,0.4166666666666667,8.0085699,3.0,7.800000000000001,1.2000000000000002,0.5711182014259395,0.6428187925068775,0.95450100052331,1.2887858627405873,1.7162389111076581
2023-10-05 11:20:00,28622.35535967297,1.8449344116914894,0.49880607842622976,1.2222462363101967,0.4166666666666667,0.8539882890826562,3.0,7.800000000000001,1.2000000000000002,0.5711182014259395,0.6428187925068775,0.95450100052331,1.2887858627405873,1.7162389111076581
2023-10-05 11:25:00,28622.32897175748,1.9418344079160974,0.5180005695325496,1.2834272172172179,0.2651590743330158,0.8054130580169234,3.0,7.800000000000001,1.2000000000000002,0.5711182014259395,0.6428187925068775,0.95450100052331,1.2887858627405873,1.7162389111076581
2023-10-05 11:30:00,28622.302583842764,2.03095424449668,0.5422947171509599,1.329544506611575,0.2775272315661579,0.7947593562149866,3.0,0.12252934342434063,0.04036087214122113,0.5691959240894123,0.6428187925068775,0.9664947801204101,1.3314056481778949,1.826670194643795
2023-10-05 11:35:00,28622.276195928793,2.1244009602067666,0.5792748645328631,1.3602161610613368,0.28296767818330376,0.7922543470758007,3.0,7.800000000000001,1.2000000000000002,0.5691959240894123,0.6428187925068775,0.9664947801204101,1.3314056481778949,1.826670194643795
2023-10-05 11:40:00,28752.259111235042,2.3694297005614766,0.6243668970518005,1.5247670683055345,0.29502660145267573,0.8264209045554534,3.0,7.800000000000001,1.2000000000000002,0.5691959240894123,0.6428187925068775,0.9664947801204101,1.3314056481778949,1.826670194643795
2023-10-05 11:45:00,28752.219523746153,2.209806584999388,0.6193399180027858,1.3791124819508689,0.29502624128610616,0.8576155613323205,3.0,7.800000000000001,1.2000000000000002,0.5590169943749475,0.6238020519363494,0.9248769864149502,1.3544305999201287,2.1278590178862884
2023-10-05 11:50:00,28622.197032191507,2.2056081009135715,0.6143210973774383,1.3829265702135476,0.2929128460026392,0.857603710780526,3.0,7.800000000000001,1.2000000000000002,0.5590169943749475,0.6238020519363494,0.9248769864149502,1.3544305999201287,2.1278590178862884
2023-10-05 11:55:00,28622.170644280617,2.611308038778049,0.762990124837193,1.5429948482456974,0.29717784044829443,0.8431742516455981,3.0,7.800000000000001,1.2000000000000002,0.5590169943749475,0.6238020519363494,0.9248769864149502,1.3544305999201287,2.1278590178862884
2023-10-05 12:00:00,28492.15355426879,2.3894481092563624,0.6803710409897168,1.4566225779139639,0.297177452153498,0.8232007951555657,0.07354590403278757,0.16475436261295176,0.034985711369071804,0.5503635162326805,0.6097548687792497,0.9117228526257307,1.324496979989007,1.9296113598338915
2023-10-05 12:05:00,28362.155313590716,2.2910667466271875,0.6294946184444664,1.4411807923036857,0.2950248218170003,0.8170032070758851,3.0,7.800000000000001,1.2000000000000002,0.5503635162326805,0.6097548687792497,0.9117228526257307,1.324496979989007,1.9296113598338915
2023-10-05 12:10:00,28492.100786047773,1.9691571596616395,0.5818673096161259,1.2087482999409995,0.2950244616559639,0.8081671802908832,3.0,7.800000000000001,1.2000000000000002,0.5503635162326805,0.6097548687792497,0.9117228526257307,1.324496979989007,1.9296113598338915
2023-10-05 12:15:00,28362.08936294396,2.3440342278757322,0.6983798166224459,1.3854504983748976,0.29502410149604735,0.8231742514141098,3.0,7.800000000000001,1.2000000000000002,0.5446613626832731,0.5957986236976384,0.8956607393427491,1.249100576414886,1.7705976392167704
2023-10-05 12:20:00,28362.06298268663,2.3562030629536914,0.7474792908147652,1.3225957905789076,0.2908379788322027,0.8231653766095617,3.0,7.800000000000001,1.2000000000000002,0.5446613626832731,0.5957986236976384,0.8956607393427491,1.249100576414886,1.7705976392167704
2023-10-05 12:25:00,28362.049792558264,2.111019575203121,0.6371461891730663,1.2576919248440177,0.2950234023652884,0.823156557909607,3.0,7.800000000000001,1.2000000000000002,0.5446613626832731,0.5957986236976384,0.8956607393427491,1.249100576414886,1.7705976392167704
2023-10-05 12:30:00,28491.995249615058,2.0783434603199775,0.6069083506246234,1.2732108289783128,0.2725089122932727,0.8081374373621123,0.06768308503607087,0.18958860725265114,0.034985711369071804,0.5495307088780389,0.6074742792909014,0.9158358804938798,1.272853585452781,1.74808008969841
2023-10-05 12:35:00,28491.968865508818,2.3108196246040302,0.609433776536027,1.49175002196417,0.2775243383709998,0.7946798842996192,3.0,7.800000000000001,1.2000000000000002,0.5495307088780389,0.6074742792909014,0.9158358804938798,1.272853585452781,1.74808008969841
2023-10-05 12:40:00,28621.933153117,2.3557342004191852,0.6524210959605327,1.4675794007386704,0.27752411315766135,0.7998610117394964,3.0,7.800000000000001,1.2000000000000002,0.5495307088780389,0.6074742792909014,0.9158358804938798,1.272853585452781,1.74808008969841
2023-10-05 12:45:00,28491.916097298672,2.3515213547895475,0.711346166433481,1.3728118656887762,0.2775238879451096,0.7998543729410978,3.0,7.800000000000001,1.2000000000000002,0.5612708793443679,0.625,0.9333763228194724,1.2673051132225421,1.68505192798323
2023-10-05 12:50:00,28491.889713194767,2.269568823899225,0.6779672093327275,1.3456725908664062,0.28296371580692586,0.7946615435204014,3.0,7.800000000000001,1.2000000000000002,0.5612708793443679,0.625,0.9333763228194724,1.2673051132225421,1.68505192798323
2023-10-05 12:55:00,28361.891511033195,2.5112430533859995,0.7062247052661124,1.5338903959620223,0.2775234548462598,0.7946554306941747,3.0,7.800000000000001,1.2000000000000002,0.5612708793443679,0.625,0.9333763228194724,1.2673051132225421,1.68505192798323
2023-10-05 13:00:00,28491.836944989274,1.9436892961570629,0.5597439825718339,1.2190656705474832,0.27929055348599313,0.7946493405588734,0.07061161377563893,0.17893283656165515,0.043500000000000004,0.5672953375447396,0.6453402203489258,0.9718147971707366,1.402945472924732,2.092411049483347
2023-10-05 13:05:00,28491.8237529384,2.2365251574704033,0.6754557359401709,1.318096487445582,0.28486640567958765,0.8109634381709174,3.0,7.800000000000001,1.2000000000000002,0.5672953375447396,0.6453402203489258,0.9718147971707366,1.402945472924732,2.092411049483347
2023-10-05 13:10:00,28491.7841767869,2.081481893978549,0.6448925175484144,1.218090923740388,0.27752277921786356,0.7921430780080216,3.0,7.800000000000001,1.2000000000000002,0.5672953375447396,0.6453402203489258,0.9718147971707366,1.402945472924732,2.092411049483347
2023-10-05 13:15:00,28491.757792686873,2.1383696574538487,0.6322400160130702,1.2910892877318842,0.27413037719386235,0.7921372346295386,3.0,7.800000000000001,1.2000000000000002,0.5658842637854493,0.6359630492410703,0.95450100052331,1.3564557678007787,2.1310973699012443
2023-10-05 13:20:00,28491.731408587624,2.1097403116324998,0.6120854871001816,1.2949888319761023,0.26941119060974217,0.7921313916241625,3.0,7.800000000000001,1.2000000000000002,0.5658842637854493,0.6359630492410703,0.95450100052331,1.3564557678007787,2.1310973699012443
2023-10-05 13:25:00,28491.718216538287,1.8783914825603552,0.5573581733237105,1.1613796126007983,0.27093361355302614,0.8052410206368339,3.0,7.800000000000001,1.2000000000000002,0.5658842637854493,0.6359630492410703,0.95450100052331,1.3564557678007787,2.1310973699012443
2023-10-05 13:30:00,28491.691832440203,1.6212973127377803,0.4615884703094748,1.0721469999799973,0.2638446763458609,0.8024824751957595,0.07061161377563893,0.18958860725265114,0.043500000000000004,0.5815573918367817,0.6653728278191108,0.9958850536080959,1.366635375658043,1.9959048073492884
2023-10-05 13:35:00,28621.642886223486,2.2807825743427945,0.6297740978675196,1.4308641101473794,0.27093327521997523,0.794606608781943,3.0,7.800000000000001,1.2000000000000002,0.5815573918367817,0.6653728278191108,0.9958850536080959,1.366635375658043,1.9959048073492884
2023-10-05 13:40:00,28621.616498328673,2.662326010919455,0.7451371413688194,1.6197628987361943,0.27250634000041,0.7946004994027733,3.0,7.800000000000001,1.2000000000000002,0.5815573918367817,0.6653728278191108,0.9958850536080959,1.366635375658043,1.9959048073492884
2023-10-05 13:45:00,28621.59011043463,2.901324690636293,0.8339338112529787,1.7148356524766764,0.2625880021078444,1.25,3.0,7.800000000000001,1.2000000000000002,0.5930944275577035,0.6896557112066861,1.0281003063903833,1.5029584159250715,2.5042763425788297
2023-10-05 13:50:00,28751.572928334845,2.9714134256856437,0.8260731128079862,1.7951070287833377,0.2741290022297702,0.7945883040885016,3.0,7.800000000000001,1.2000000000000002,0.5930944275577035,0.6896557112066861,1.0281003063903833,1.5029584159250715,2.5042763425788297
2023-10-05 13:55:00,28621.550528595,3.0415507731305502,0.8708163785837199,1.7945949757780162,0.27250578427507594,0.8080110994614571,3.0,7.800000000000001,1.2000000000000002,0.5930944275577035,0.6896557112066861,1.0281003063903833,1.5029584159250715,2.5042763425788297
2023-10-05 14:00:00,28621.524140702855,2.8762020177358645,0.8550204400042937,1.6582077941990885,0.26384398758148914,0.8198710487868179,0.07061161377563893,0.16121588011111063,0.037500000000000006,0.5765145271370011,0.6660330322138686,1.0118362713403786,1.4773815519357212,2.1100947846009195
2023-10-05 14:05:00,28621.497752811483,2.880210717205278,0.8761244906336608,1.6299471261074814,0.263843872788963,0.7945700251277977,3.0,7.800000000000001,1.2000000000000002,0.5765145271370011,0.6660330322138686,1.0118362713403786,1.4773815519357212,2.1100947846009195
2023-10-05 14:10:00,28621.458170975864,2.5587822210532627,0.7842611095266105,1.460080739251004,0.27250522855576514,0.799741785652033,3.0,7.800000000000001,1.2000000000000002,0.5765145271370011,0.6660330322138686,1.0118362713403786,1.4773815519357212,2.1100947846009195
2023-10-05 14:15:00,28751.44097014335,3.198275854011264,0.8972893081534795,1.9067952289138388,0.27928701376125886,0.8229622187753822,3.0,7.800000000000001,1.2000000000000002,0.5663532466579494,0.6542812850754636,0.9958850536080959,1.5186997728320104,2.4800532252352974
2023-10-05 14:20:00,28621.41858914198,2.9707006132833,0.8524510416642467,1.753836655878815,0.2829589500024937,0.8198369140310209,3.0,7.800000000000001,1.2000000000000002,0.5663532466579494,0.6542812850754636,0.9958850536080959,1.5186997728320104,2.4800532252352974
2023-10-05 14:25:00,28621.392201253668,2.5789831122125695,0.7375024717268446,1.5509731464859051,0.277519435827712,0.810840246971261,3.0,7.800000000000001,1.2000000000000002,0.5663532466579494,0.6542812850754636,0.9958850536080959,1.5186997728320104,2.4800532252352974
2023-10-05 14:30:00,28751.374991054694,2.4392302764841545,0.6578543600548743,1.539607584170744,0.2775192106314999,0.8229357682213494,0.07354590403278757,0.21094416322809217,0.04036087214122113,0.567768438714235,0.6485129142892992,0.9725783464585257,1.4598055521198703,2.24598664288103
2023-10-05 14:35:00,28751.34859942055,2.7434008041228535,0.7713039580659541,1.657930613090236,0.27412723446887366,0.8229269615563441,3.0,7.800000000000001,1.2000000000000002,0.567768438714235,0.6485129142892992,0.9725783464585257,1.4598055521198703,2.24598664288103
2023-10-05 14:40:00,28621.313037593347,3.1231906561059732,0.8577806144754578,1.8942907972380423,0.267937804237685,0.8198028138211567,3.0,7.800000000000001,1.2000000000000002,0.567768438714235,0.6485129142892992,0.9725783464585257,1.4598055521198703,2.24598664288103
2023-10-05 14:45:00,28621.286649708098,2.9990301405531614,0.7687311730088312,1.9110733147677323,0.27751855237016015,0.7996955134966559,3.0,7.800000000000001,1.2000000000000002,0.5658842637854493,0.6472410679182834,0.9627216420128926,1.4018938083892087,2.2029743530054997
2023-10-05 14:50:00,28751.269424522656,2.5167511385912955,0.6630138585244748,1.606561732150736,0.28109866756181695,0.8051195076945208,3.0,7.800000000000001,1.2000000000000002,0.5658842637854493,0.6472410679182834,0.9627216420128926,1.4018938083892087,2.2029743530054997
2023-10-05 14:55:00,28621.233873939917,2.8625171013733013,0.750563427631773,1.8059991379800515,0.2775181019846956,0.7945091052201854,3.0,7.800000000000001,1.2000000000000002,0.5658842637854493,0.6472410679182834,0.9627216420128926,1.4018938083892087,2.2029743530054997
2023-10-05 15:00:00,28751.21664126118,3.1144413784619247,0.8184250560191799,1.946662059805431,0.2741262524038311,0.7945030242397021,0.07061161377563893,0.22163970763380825,0.037500000000000006,0.5668236057187456,0.6403124237432849,0.9604686356149273,1.3483768946403671,1.8887975010572204
2023-10-05 15:05:00,28751.17705381704,2.9861584204032234,0.8027266223883597,1.8455881813945234,0.2775176516023782,0.8137118294885375,3.0,7.800000000000001,1.2000000000000002,0.5668236057187456,0.6403124237432849,0.9604686356149273,1.3483768946403671,1.8887975010572204
2023-10-05 15:10:00,28621.154710293376,2.5450394230148645,0.6300694091210512,1.6861467160067138,0.2709300150437648,0.7944908634213331,3.0,7.800000000000001,1.2000000000000002,0.5668236057187456,0.6403124237432849,0.9604686356149273,1.3483768946403671,1.8887975010572204
2023-10-05 15:15:00,28491.13776655974,2.078577794569328,0.48291539419079843,1.472689677351922,0.2709298458898149,0.8197431355373905,3.0,7.800000000000001,1.2000000000000002,0.564485606548121,0.6504275516919621,1.0102268260148313,1.4380967457024578,1.9896743452133065
2023-10-05 15:20:00,28621.101934532846,2.249713684731629,0.5651044349836911,1.5034015428430036,0.2694073689410898,0.8228476390666958,3.0,7.800000000000001,1.2000000000000002,0.564485606548121,0.6504275516919621,1.0102268260148313,1.4380967457024578,1.9896743452133065
2023-10-05 15:25:00,28491.098190438523,2.4297346975019116,0.6402400373755626,1.5580729741948274,0.26384203616822205,0.8228388370280388,3.0,7.800000000000001,1.2000000000000002,0.564485606548121,0.6504275516919621,1.0102268260148313,1.4380967457024578,1.9896743452133065
2023-10-05 15:30:00,28491.071806358672,2.78744081252327,0.7299416006288894,1.764960260804511,0.2625858051812555,0.8228300354516611,0.07354590403278757,0.21807338214463495,0.04036087214122113,0.5649504403042802,0.6497884271053156,1.0070173782015879,1.3945551261961644,1.896305882498918
2023-10-05 15:35:00,28491.032230240366,2.935876477725037,0.7247861180870784,1.918128522851056,0.2613852558840729,0.8228212343375773,3.0,7.800000000000001,1.2000000000000002,0.5649504403042802,0.6497884271053156,1.0070173782015879,1.3945551261961644,1.896305882498918
2023-10-05 15:40:00,28491.005846162472,3.171415484692973,0.7976058730899152,2.0349532590382062,0.2638416918143392,0.8197005841116916,3.0,7.800000000000001,1.2000000000000002,0.5649504403042802,0.6497884271053156,1.0070173782015879,1.3945551261961644,1.896305882498918
2023-10-05 15:45:00,28620.96999514493,3.4074033952460887,0.8421967701059634,2.1973205833803804,0.2625854878621319,0.8292029165998865,3.0,7.800000000000001,1.2000000000000002,0.5682429058070149,0.6607753022018907,1.0062169944897572,1.4840189520353166,2.3229860094283823
2023-10-05 15:50:00,28620.94360726964,3.3865576214447293,0.871179806709172,2.1316937970177134,0.2679357373657395,0.8324795491314285,3.0,7.800000000000001,1.2000000000000002,0.5682429058070149,0.6607753022018907,1.0062169944897572,1.4840189520353166,2.3229860094283823
2023-10-05 15:55:00,28620.930413332288,3.5191354952440217,0.9214301376378149,2.1841307968538626,0.267935579484098,0.8392112916770991,3.0,7.800000000000001,1.2000000000000002,0.5682429058070149,0.6607753022018907,1.0062169944897572,1.4840189520353166,2.3229860094283823
2023-10-05 16:00:00,28620.89083152137,3.2537368955190824,0.8633024740686575,2.0135298432580986,0.26651718347613046,0.835802570209291,0.07061161377563893,0.22520710468366664,0.037500000000000006,0.5725740126830767,0.6700119401921133,1.0380027745627658,1.527751615937617,2.2559663118052096
2023-10-05 16:05:00,28620.864443648385,3.216352204328747,0.905572778640935,1.9117224022193042,0.26384111789997744,0.8570007577012722,3.0,7.800000000000001,1.2000000000000002,0.5725740126830767,0.6700119401921133,1.0380027745627658,1.527751615937617,2.2559663118052096
2023-10-05 16:10:00,28490.847541711377,3.709707082776886,1.054638432033431,2.1662835374464033,0.2725008306468396,0.832440914769103,3.0,7.800000000000001,1.2000000000000002,0.5725740126830767,0.6700119401921133,1.0380027745627658,1.527751615937617,2.2559663118052096
2023-10-05 16:15:00,28490.83434967505,3.639003089952162,0.9799308262783691,2.2116428162732342,0.2651518013417003,0.8227508420692683,3.0,7.800000000000001,1.2000000000000002,0.5765145271370011,0.6700119401921133,1.0264602476472238,1.4380967457024578,2.1197745163106383
2023-10-05 16:20:00,28490.807965602966,3.555877240839588,0.9533510447574836,2.1709177623898723,0.2625847556014099,0.8227420728664098,3.0,7.800000000000001,1.2000000000000002,0.5765145271370011,0.6700119401921133,1.0264602476472238,1.4380967457024578,2.1197745163106383
2023-10-05 16:25:00,28490.78158153166,3.6553689768276745,0.8528462130332055,2.425213342478532,0.262584645764008,0.8227333041230807,3.0,7.800000000000001,1.2000000000000002,0.5765145271370011,0.6700119401921133,1.0264602476472238,1.4380967457024578,2.1197745163106383
2023-10-05 16:30:00,28490.75519746114,3.489261366862165,0.776878146148533,2.380623057589085,0.2625845481311356,0.8227245080922914,0.07648529270389179,0.26093033553038636,0.037500000000000006,0.5836103151932803,0.685537015776683,1.0388327295575548,1.4784860499849162,2.1980363964229523
2023-10-05 16:35:00,28490.7288133914,3.2529023280304727,0.7586718319407293,2.176205985919461,0.2679344025679492,0.8077741584145257,3.0,7.800000000000001,1.2000000000000002,0.5836103151932803,0.685537015776683,1.0388327295575548,1.4784860499849162,2.1980363964229523
2023-10-05 16:40:00,28490.702429322424,2.7981534166754094,0.6633574009828921,1.8804341068098205,0.2613840212673278,0.7943814846228803,3.0,7.800000000000001,1.2000000000000002,0.5836103151932803,0.685537015776683,1.0388327295575548,1.4784860499849162,2.1980363964229523
2023-10-05 16:45:00,28490.67604525423,2.7609320594351763,0.6354231315356952,1.888615882204524,0.2625842308267292,0.794375433887009,3.0,7.800000000000001,1.2000000000000002,0.5765145271370011,0.7007717174658236,1.095127389850149,1.66080582850615,2.4783260479605986
2023-10-05 16:50:00,28490.649661186813,2.9506162784727525,0.6379707202856056,2.0709175667439976,0.2625841209914541,0.7969176253655079,3.0,7.800000000000001,1.2000000000000002,0.5765145271370011,0.7007717174658236,1.095127389850149,1.66080582850615,2.4783260479605986
2023-10-05 16:55:00,28490.623277120165,3.4513382344120225,0.6838566027931303,2.491451618217135,0.26258402336047215,0.7995240672354428,3.0,7.800000000000001,1.2000000000000002,0.5765145271370011,0.7007717174658236,1.095127389850149,1.66080582850615,2.4783260479605986
2023-10-05 17:00:00,28620.58737102824,3.1405436833106877,0.6608705075644301,2.221226173122248,0.26515067131273856,0.8077372123426159,0.07942921376924236,0.27166155414412246,0.037500000000000006,0.5755215026391282,0.6889673432028546,1.064059697573402,1.6860623505671433,2.6759028382958903
2023-10-05 17:05:00,28620.547789232263,2.657486056354915,0.545756534331747,1.933334261528613,0.2775123165436133,0.8226630043003939,3.0,7.800000000000001,1.2000000000000002,0.5755215026391282,0.6889673432028546,1.064059697573402,1.6860623505671433,2.6759028382958903
2023-10-05 17:10:00,28620.534595300644,2.719135004939344,0.5555840421142608,1.9776727876006892,0.27751209137227534,0.8258198437092484,3.0,7.800000000000001,1.2000000000000002,0.5755215026391282,0.6889673432028546,1.064059697573402,1.6860623505671433,2.6759028382958903
2023-10-05 17:15:00,28490.517740861367,2.5914237972918905,0.5384581402787796,1.8805420977497838,0.26940371116062956,0.8323153406254751,3.0,7.800000000000001,1.2000000000000002,0.5785162054774265,0.6862215385719105,1.053893808692318,1.499602030540103,2.1310973699012443
2023-10-05 17:20:00,28490.491356798604,2.222402004803578,0.48092917484600295,1.6159500045317334,0.28294943793703115,0.822636684152475,3.0,7.800000000000001,1.2000000000000002,0.5785162054774265,0.6862215385719105,1.053893808692318,1.499602030540103,2.1310973699012443
2023-10-05 17:25:00,28620.455431714992,2.340865418311997,0.5336175221509695,1.6432567709459496,0.2775114158629823,0.8195219757991318,3.0,7.800000000000001,1.2000000000000002,0.5785162054774265,0.6862215385719105,1.053893808692318,1.499602030540103,2.1310973699012443
2023-10-05 17:30:00,28490.43858867542,1.8485267885641115,0.4507664242098266,1.3051427189699016,0.2775111906947916,0.8076929110460995,0.07942921376924236,0.22877552316626884,0.04036087214122113,0.5730619512757761,0.6767096866456102,1.0480095419412936,1.4576214357644441,1.997464392673872
2023-10-05 17:35:00,28620.389462065556,1.961639594714478,0.514292263414175,1.3083142271580164,0.27249770312169685,0.7870716441574077,3.0,7.800000000000001,1.2000000000000002,0.5730619512757761,0.6767096866456102,1.0480095419412936,1.4576214357644441,1.997464392673872
2023-10-05 17:40:00,28750.372109488417,2.63608272854412,0.6712027507708103,1.7096507406161268,0.2867973834208787,0.79430874515411,3.0,7.800000000000001,1.2000000000000002,0.5730619512757761,0.6767096866456102,1.0480095419412936,1.4576214357644441,1.997464392673872
2023-10-05 17:45:00,28880.373088016164,3.5040576866248214,0.866269902411474,2.254961317152124,0.2810899119147874,0.7994582519377831,3.0,7.800000000000001,1.2000000000000002,0.5795248053362341,0.6924167820034405,1.0794892125445257,1.5620499351813308,2.2759841827218397
2023-10-05 17:50:00,28750.33252208055,3.1890122703431425,0.7719188564106917,2.0924789215542012,0.27751030735025684,0.8048631493696381,3.0,7.800000000000001,1.2000000000000002,0.5795248053362341,0.6924167820034405,1.0794892125445257,1.5620499351813308,2.2759841827218397
2023-10-05 17:55:00,28750.306130476245,3.2841260443504887,0.8216002449062217,2.1081995953113246,0.27092435640391993,0.7994451170178554,3.0,7.800000000000001,1.2000000000000002,0.5795248053362341,0.6924167820034405,1.0794892125445257,1.5620499351813308,2.2759841827218397
2023-10-05 18:00:00,28620.27071670862,3.7652116714496646,0.9536665819617979,2.376562612091761,0.2679318909729838,0.7968291723158268,0.07942921376924236,0.14709180806557515,0.04036087214122113,0.578013840664737,0.6746917814824782,1.0215581040743595,1.4641824510627082,2.292724143895205
2023-10-05 18:05:00,28620.244328853634,3.9313052876743324,1.0336155260627589,2.4167405398922432,0.2694021202709233,0.7942784513385435,3.0,7.800000000000001,1.2000000000000002,0.578013840664737,0.6746917814824782,1.0215581040743595,1.4641824510627082,2.292724143895205
2023-10-05 18:10:00,28620.217940999406,3.607190341300539,0.9404207482928251,2.2413728629441376,0.2625824491094512,0.8194455956241333,3.0,7.800000000000001,1.2000000000000002,0.578013840664737,0.6746917814824782,1.0215581040743595,1.4641824510627082,2.292724143895205
2023-10-05 18:15:00,28490.2143241865,3.569720075308474,0.869001115981388,2.315423310385525,0.2625823514844926,0.8225401754633271,3.0,7.800000000000001,1.2000000000000002,0.5711182014259395,0.6767096866456102,1.0471717337667208,1.5875418104730343,2.691831346871494
2023-10-05 18:20:00,28620.178359219506,3.07245934674903,0.7616027051548866,1.9941944776601626,0.2724960521194007,0.8225314173106884,3.0,7.800000000000001,1.2000000000000002,0.5711182014259395,0.6767096866456102,1.0471717337667208,1.5875418104730343,2.691831346871494
2023-10-05 18:25:00,28490.148364053384,3.0558016341605185,0.7955130289723047,1.9248825471033453,0.2665132288949893,0.8048134357087793,3.0,7.800000000000001,1.2000000000000002,0.5711182014259395,0.6767096866456102,1.0471717337667208,1.5875418104730343,2.691831346871494
2023-10-05 18:30:00,28490.135172027338,3.208755496460826,0.7720451963247954,2.111695684933658,0.2651484113705084,0.8020710060102609,3.0,7.800000000000001,1.2000000000000002,0.5765145271370011,0.6733505773369471,1.0297433466645949,1.5794005983283657,2.7861442891566117
2023-10-05 18:35:00,28490.108787975838,3.2251958419611952,0.7227683959006463,2.205739065272162,0.4166666666666667,0.8288847522131805,3.0,7.800000000000001,1.2000000000000002,0.5765145271370011,0.6733505773369471,1.0297433466645949,1.5794005983283657,2.7861442891566117
2023-10-05 18:40:00,28620.059613890153,2.7417271393523106,0.6206267679312747,1.8935876877165094,0.263837559875797,0.8163525704107593,3.0,7.800000000000001,1.2000000000000002,0.5765145271370011,0.6733505773369471,1.0297433466645949,1.5794005983283657,2.7861442891566117
2023-10-05 18:45:00,28490.05601987517,2.4660613028949316,0.5682020561861071,1.7087230396581379,0.262581716930835,0.8163443871528278,3.0,7.800000000000001,1.2000000000000002,0.5706356105256664,0.6536367492728664,0.9958850536080959,1.4707692715038616,2.1440764911728314
2023-10-05 18:50:00,28490.029635825987,2.053252881869414,0.4625162675000511,1.4827479718855987,0.4166666666666667,0.8075749904295657,3.0,7.800000000000001,1.2000000000000002,0.5706356105256664,0.6536367492728664,0.9958850536080959,1.4707692715038616,2.1440764911728314
2023-10-05 18:55:00,28619.993644269438,1.6938168494471453,0.3892032123811656,1.2648367077249476,0.2625815094838241,0.8224700954149907,3.0,7.800000000000001,1.2000000000000002,0.5706356105256664,0.6536367492728664,0.9958850536080959,1.4707692715038616,2.1440764911728314
2023-10-05 19:00:00,28619.954062499306,2.109974858390007,0.5339044305128193,1.4188937779162538,0.27411682546420546,0.8224613409432778,3.0,0.23948645055618492,0.037500000000000006,0.5795248053362341,0.6726812023536856,1.0231891320767632,1.4241474642746799,1.951026396541062
2023-10-05 19:05:00,28749.936648095405,2.346711323912448,0.6257479583005606,1.5006501527443081,0.4166666666666667,0.8075528907612157,3.0,7.800000000000001,1.2000000000000002,0.5795248053362341,0.6726812023536856,1.0231891320767632,1.4241474642746799,1.951026396541062
2023-10-05 19:10:00,28619.91448073089,2.379361557615507,0.7125558259595314,1.3975311432433946,0.4166666666666667,0.8075455333897272,3.0,7.800000000000001,1.2000000000000002,0.5795248053362341,0.6726812023536856,1.0231891320767632,1.4241474642746799,1.951026396541062
2023-10-05 19:15:00,28619.888092886238,2.0079936053594416,0.5290907887965607,1.3287576909494059,0.2613810747464311,0.7941937769002148,3.0,7.800000000000001,1.2000000000000002,0.5663532466579494,0.6421907816217857,0.9756413275379431,1.378967095328964,2.052531120348727
2023-10-05 19:20:00,28619.86170504236,2.0119366082336954,0.4789315113078224,1.4149127914935478,0.26514716182162357,0.7941877379139056,3.0,7.800000000000001,1.2000000000000002,0.5663532466579494,0.6421907816217857,0.9756413275379431,1.378967095328964,2.052531120348727
2023-10-05 19:25:00,28619.822123277965,2.129756537834939,0.5510827384736466,1.4102233195903469,0.27750608132043686,0.7941816993061246,3.0,7.800000000000001,1.2000000000000002,0.5663532466579494,0.6421907816217857,0.9756413275379431,1.378967095328964,2.052531120348727
2023-10-05 19:30:00,28619.79573543599,1.9589805342052473,0.5267110636910912,1.2857817833391392,0.27411564720944165,0.7941756610768806,0.07354590403278757,0.16829545448407096,0.037500000000000006,0.5617259118110896,0.6409375944661071,0.9725783464585257,1.4156284823356728,2.0382835916525455
2023-10-05 19:35:00,28619.769347594793,2.166204592777212,0.5832348731756275,1.3940147431839414,0.26138070208935377,0.801982303827518,3.0,7.800000000000001,1.2000000000000002,0.5617259118110896,0.6409375944661071,0.9725783464585257,1.4156284823356728,2.0382835916525455
2023-10-05 19:40:00,28619.75615367448,2.7774018069647037,0.7333155063806636,1.7499095836262748,0.2693990873342224,0.8223913217308051,3.0,7.800000000000001,1.2000000000000002,0.5617259118110896,0.6409375944661071,0.9725783464585257,1.4156284823356728,2.0382835916525455
2023-10-05 19:45:00,28749.72551537284,2.975376723289427,0.7126656818334921,1.9759836323371622,0.2665110582063085,0.8103502006843231,3.0,7.800000000000001,1.2000000000000002,0.5572396252959763,0.6316613016482805,0.9649828184998943,1.3738136700440857,1.9525624189766635
2023-10-05 19:50:00,28489.726219316326,2.60010636259752,0.5832808770131461,1.8152685098305295,0.2625803624525531,0.7941515119454466,3.0,7.800000000000001,1.2000000000000002,0.5572396252959763,0.6316613016482805,0.9649828184998943,1.3738136700440857,1.9525624189766635
2023-10-05 19:55:00,28489.686643257424,2.748195131183909,0.669070586303944,1.822448657287818,0.26258025263295753,0.8046858648317872,3.0,7.800000000000001,1.2000000000000002,0.5572396252959763,0.6316613016482805,0.9649828184998943,1.3738136700440857,1.9525624189766635
2023-10-05 20:00:00,28489.660259219123,2.748077185193097,0.6895647085405479,1.7899183172482782,0.2625801550159129,0.8019482186710479,0.07354590403278757,0.1753848340079609,0.034985711369071804,0.5554853733447893,0.6310507111159926,0.9710521304234906,1.3945551261961644,2.022523176628639
2023-10-05 20:05:00,28359.675572657467,2.6779353585508003,0.7256354564067452,1.6651290921813044,0.4166666666666667,0.8223476023607196,3.0,7.800000000000001,1.2000000000000002,0.5554853733447893,0.6310507111159926,0.9710521304234906,1.3945551261961644,2.022523176628639
2023-10-05 20:10:00,28359.649192472163,2.921091841910834,0.7906189774659802,1.8008678129374773,0.26257993537884855,0.8162053130812075,3.0,7.800000000000001,1.2000000000000002,0.5554853733447893,0.6310507111159926,0.9710521304234906,1.3945551261961644,2.022523176628639
2023-10-05 20:15:00,28359.636002379808,2.6653487070825492,0.7101825867204293,1.6769764494455965,0.26383537935974477,0.7916488687311222,3.0,7.800000000000001,1.2000000000000002,0.5546169849544819,0.6232046212922366,0.9412934930190476,1.390379804226169,1.9571755158901822
2023-10-05 20:20:00,28359.596432103917,2.846562807031306,0.7515872749997076,1.7888378088560268,0.2638352646001304,0.7941152996058711,3.0,7.800000000000001,1.2000000000000002,0.5546169849544819,0.6232046212922366,0.9412934930190476,1.390379804226169,1.9571755158901822
2023-10-05 20:25:00,28359.570051920975,2.8299428455613493,0.6896431016601049,1.8698403079581631,0.2679276144501455,0.8161807886268274,3.0,7.800000000000001,1.2000000000000002,0.5546169849544819,0.6232046212922366,0.9412934930190476,1.390379804226169,1.9571755158901822
2023-10-05 20:30:00,28359.543671738822,3.367432774924731,0.7386518061961085,2.3208535064485702,0.2638350350822183,0.7941032540369519,0.07354590403278757,0.2430585114740893,1.2000000000000002,0.557681808919746,0.62680459475023,0.9493281835066312,1.324496979989007,1.8575187751406446
2023-10-05 20:35:00,28489.488762989087,3.429491165253996,0.7257298876778696,2.4027358886092323,0.2757840046682898,0.7940972207280814,3.0,7.800000000000001,1.2000000000000002,0.557681808919746,0.62680459475023,0.9493281835066312,1.324496979989007,1.8575187751406446
2023-10-05 20:40:00,28619.4394996444,3.139442475719701,0.6412206638170102,2.251885444985015,0.27750272147814625,0.7940911877978688,3.0,7.800000000000001,1.2000000000000002,0.557681808919746,0.62680459475023,0.9493281835066312,1.324496979989007,1.8575187751406446
2023-10-05 20:45:00,28489.43599492492,2.8954905768406727,0.5710431837330723,2.1258805117579946,0.27411270168209684,0.7940851552463225,3.0,7.800000000000001,1.2000000000000002,0.560365059581698,0.6232046212922366,0.9369602766393034,1.2636282087702855,1.6717057157286985
2023-10-05 20:50:00,28489.396418878816,3.0234182594145564,0.6285988374959128,2.157834330481326,0.26792688260804853,0.7966150845067841,3.0,7.800000000000001,1.2000000000000002,0.560365059581698,0.6232046212922366,0.9369602766393034,1.2636282087702855,1.6717057157286985
2023-10-05 20:55:00,28489.38322686384,2.792117074179345,0.6009500104176971,1.9749633140849188,0.4166666666666667,0.7940731356293095,3.0,7.800000000000001,1.2000000000000002,0.560365059581698,0.6232046212922366,0.9369602766393034,1.2636282087702855,1.6717057157286985
2023-10-05 21:00:00,28619.33394832554,2.713698529969719,0.5785260981460408,1.9345042103901615,0.27249016291951034,0.7940670820373964,0.07354590403278757,0.27166155414412246,1.2000000000000002,0.5572396252959763,0.6190516941257814,0.9333763228194724,1.3333881655392026,1.9341861337523854
2023-10-05 21:05:00,28489.330458805875,2.2253153679474695,0.5197417802498778,1.553694577682993,0.26650887382238814,0.7940610509992095,3.0,7.800000000000001,1.2000000000000002,0.5572396252959763,0.6190516941257814,0.9333763228194724,1.3333881655392026,1.9341861337523854
2023-10-05 21:10:00,28489.30407477806,2.3110392930659143,0.5587763162619195,1.5730681348168358,0.26650873557465665,0.7940550425105809,3.0,7.800000000000001,1.2000000000000002,0.5572396252959763,0.6190516941257814,0.9333763228194724,1.3333881655392026,1.9341861337523854
2023-10-05 21:15:00,28489.277690751016,2.066148468269691,0.5785717921942649,1.3057183407200477,0.27750118016583486,0.7891759552795293,3.0,7.800000000000001,1.2000000000000002,0.5524717187331855,0.6114769006266713,0.9312378858272465,1.3088851171894345,1.8092440410292914
2023-10-05 21:20:00,28619.241590931597,2.3230812212112095,0.6438814487813252,1.4494867735474797,0.2741113271562352,0.7940430044930735,3.0,7.800000000000001,1.2000000000000002,0.5524717187331855,0.6114769006266713,0.9312378858272465,1.3088851171894345,1.8092440410292914
2023-10-05 21:25:00,28489.224922699264,1.9482194412693272,0.5810864606273978,1.1902673184221177,0.27578191586859646,0.7940369971336734,3.0,7.800000000000001,1.2000000000000002,0.5524717187331855,0.6114769006266713,0.9312378858272465,1.3088851171894345,1.8092440410292914
2023-10-05 21:30:00,28359.24029970062,2.200237842828977,0.5935572861168598,1.4103743080291447,0.2638336580116089,0.7940309458196537,0.07061161377563893,0.22877552316626884,1.2000000000000002,0.5585704968936329,0.6109017924347578,0.91036036820591,1.2175098562229383,1.5822136391777186
2023-10-05 21:35:00,28229.27478843162,2.081952832382854,0.5637818815643145,1.3441118391719942,0.4166666666666667,0.8130942687242726,3.0,7.800000000000001,1.2000000000000002,0.5585704968936329,0.6109017924347578,0.91036036820591,1.2175098562229383,1.5822136391777186
2023-10-05 21:40:00,28359.200729442447,1.7823550558985286,0.5102192307488168,1.1450199722116199,0.4166666666666667,0.7940189329862579,3.0,7.800000000000001,1.2000000000000002,0.5585704968936329,0.6109017924347578,0.91036036820591,1.2175098562229383,1.5822136391777186
2023-10-05 21:45:00,28229.208847766666,2.449521756588408,0.5986017684105973,1.643447985607476,0.26257795872540085,0.7991437309495052,3.0,7.800000000000001,1.2000000000000002,0.5450587124338074,0.5952554073672913,0.9022763213118251,1.2140972984073393,1.592072862654219
2023-10-05 21:50:00,28229.195659634268,2.877440046293554,0.6439746071753917,1.9892573762324344,0.4166666666666667,0.7940068994970868,3.0,7.800000000000001,1.2000000000000002,0.5450587124338074,0.5952554073672913,0.9022763213118251,1.2140972984073393,1.592072862654219
2023-10-05 21:55:00,28229.169283370084,2.2200649848136265,0.6237523896774751,1.3820524989684084,0.4166666666666667,0.7940008722394202,3.0,7.800000000000001,1.2000000000000002,0.5450587124338074,0.5952554073672913,0.9022763213118251,1.2140972984073393,1.592072862654219
2023-10-05 22:00:00,28229.1429071067,1.9352622898973673,0.6465437267035539,1.0797625791940284,0.4166666666666667,0.7939948675174984,0.06768308503607087,0.16829545448407096,1.2000000000000002,0.5462600113499065,0.603526304314899,0.916525089672945,1.2331108019963168,1.6184202173724844
2023-10-05 22:05:00,28229.116530844105,2.244337016149694,0.6797046205186345,1.319038163885327,0.4166666666666667,0.7939888631716006,3.0,7.800000000000001,1.2000000000000002,0.5462600113499065,0.603526304314899,0.916525089672945,1.2331108019963168,1.6184202173724844
2023-10-05 22:10:00,28229.103342713115,2.3014527859085407,0.677161280690326,1.3772987895968853,0.4166666666666667,0.7939828592017353,3.0,7.800000000000001,1.2000000000000002,0.5462600113499065,0.603526304314899,0.916525089672945,1.2331108019963168,1.6184202173724844
2023-10-05 22:15:00,28229.063778321324,2.0281819895925945,0.5565135209918047,1.3042899670928347,0.4166666666666667,0.7867754772220554,3.0,7.800000000000001,1.2000000000000002,0.5491165632176833,0.6040869142764144,0.909002178215212,1.242837077013717,1.648021844515418
2023-10-05 22:20:00,28229.037402061123,1.5100438904758673,0.47711297693923027,0.9458869845336327,0.2625772266681349,0.793970808087344,3.0,7.800000000000001,1.2000000000000002,0.5491165632176833,0.6040869142764144,0.909002178215212,1.242837077013717,1.648021844515418
2023-10-05 22:25:00,28358.950117848475,1.4507665186587702,0.46778423475079073,0.9070367299665612,0.4166666666666667,0.786764953772642,3.0,7.800000000000001,1.2000000000000002,0.5491165632176833,0.6040869142764144,0.909002178215212,1.242837077013717,1.648021844515418
2023-10-05 22:30:00,28228.997837672323,1.6449399768815347,0.49841432930328394,1.0358697869119065,0.26383228100419454,1.25,0.06768308503607087,0.19670119470913236,1.2000000000000002,0.5503635162326805,0.6143687817589693,0.9442017581004603,1.31861300236271,1.8208448588498694
2023-10-05 22:35:00,28228.97146141413,2.4770714843057897,0.6568220274474859,1.5778321625781586,0.2679237831907019,0.7990784485978257,3.0,7.800000000000001,1.2000000000000002,0.5503635162326805,0.6143687817589693,0.9442017581004603,1.31861300236271,1.8208448588498694
2023-10-05 22:40:00,28099.01218645501,2.411320982551757,0.6875009206676841,1.4666209319887216,0.2665062886768014,1.25,3.0,7.800000000000001,1.2000000000000002,0.5503635162326805,0.6143687817589693,0.9442017581004603,1.31861300236271,1.8208448588498694
2023-10-05 22:45:00,28098.98581415818,1.6007449410766297,0.5418982810261334,0.9305742164994415,0.27749716253633555,1.25,3.0,7.800000000000001,1.2000000000000002,0.5495307088780389,0.6172876152977638,0.9405688491545954,1.3353744793128255,2.0303940504246953
2023-10-05 22:50:00,28098.97262801008,1.5251953481468112,0.47954799330781167,0.955818471498588,0.2651418982825035,1.25,3.0,7.800000000000001,1.2000000000000002,0.5495307088780389,0.6172876152977638,0.9405688491545954,1.3353744793128255,2.0303940504246953
2023-10-05 22:55:00,28098.946255714465,1.9097140095543568,0.532182971325527,1.2302680221657645,0.26514177866634303,1.25,3.0,7.800000000000001,1.2000000000000002,0.5495307088780389,0.6172876152977638,0.9405688491545954,1.3353744793128255,2.0303940504246953
2023-10-05 23:00:00,28098.919883419665,1.8409370780638248,0.5443878181368113,1.146410503797574,0.2625763848267394,1.25,0.06768308503607087,0.14709180806557515,1.2000000000000002,0.5462600113499065,0.6109017924347578,0.9391224840243151,1.2906804406978516,1.7327723451163457
2023-10-05 23:05:00,28098.89351112568,1.8408220068366803,0.5370796126266538,1.157666942094384,0.26257628722363274,1.25,3.0,7.800000000000001,1.2000000000000002,0.5462600113499065,0.6109017924347578,0.9391224840243151,1.2906804406978516,1.7327723451163457
2023-10-05 23:10:00,28098.880324978996,1.556455803391147,0.47491649715805734,0.9913133920455373,0.2625761774205582,1.25,3.0,7.800000000000001,1.2000000000000002,0.5462600113499065,0.6109017924347578,0.9391224840243151,1.2906804406978516,1.7327723451163457
2023-10-05 23:15:00,28228.760451377268,1.3634819100111035,0.45635377563977747,0.8474220872485723,0.26257606761792884,1.25,3.0,7.800000000000001,1.2000000000000002,0.5434786104346702,0.6080427616541455,0.9305270764464622,1.301174949804983,1.8150360877955016
2023-10-05 23:20:00,28228.73407512625,2.0957879617189668,0.616458162691391,1.2750075260975822,0.4166666666666667,1.25,3.0,7.800000000000001,1.2000000000000002,0.5434786104346702,0.6080427616541455,0.9305270764464622,1.301174949804983,1.8150360877955016
2023-10-05 23:25:00,28228.70769887603,2.3037881667048,0.6902070135287954,1.3595574776972992,0.4166666666666667,1.25,3.0,7.800000000000001,1.2000000000000002,0.5434786104346702,0.6080427616541455,0.9305270764464622,1.301174949804983,1.8150360877955016
2023-10-05 23:30:00,28228.681322626613,2.5702512196765923,0.6799708514942623,1.631864019380732,0.4166666666666667,1.25,0.06476109943476871,0.13302691456994709,1.2000000000000002,0.5400148146115993,0.5974353521511763,0.9124056992369128,1.235749165486265,1.6350584087426356
2023-10-05 23:35:00,28098.748463523218,2.3240123558246637,0.6139893797317352,1.4972833335753528,0.2625756528120135,1.25,3.0,7.800000000000001,1.2000000000000002,0.5400148146115993,0.5974353521511763,0.9124056992369128,1.235749165486265,1.6350584087426356
2023-10-05 23:40:00,28098.708905090432,2.311619610606453,0.6240782677204136,1.4694442577014692,0.26257554301151115,1.25,3.0,7.800000000000001,1.2000000000000002,0.5400148146115993,0.5974353521511763,0.9124056992369128,1.235749165486265,1.6350584087426356
2023-10-05 23:45:00,28098.682532802915,2.4590105946659446,0.6544954416816366,1.5639992994957992,0.26257544541143835,1.25,3.0,7.800000000000001,1.2000000000000002,0.5392624592904646,0.5985323717226998,0.9179066619215703,1.2775073385307811,1.8193911069366038
2023-10-05 23:50:00,28228.575817636913,2.274577044747298,0.6140358864522809,1.4495688401966178,0.2724839252331234,1.25,3.0,7.800000000000001,1.2000000000000002,0.5392624592904646,0.5985323717226998,0.9179066619215703,1.2775073385307811,1.8193911069366038
2023-10-05 23:55:00,28228.5626295141,2.417759801994504,0.6342294050371088,1.5559540177444235,0.26514027685579056,1.25,3.0,7.800000000000001,1.2000000000000002,0.5392624592904646,0.5985323717226998,0.9179066619215703,1.2775073385307811,1.8193911069366038
2023-10-06 00:15:00,28098.537485236062,2.3435423417760735,0.5890761458877674,1.5557832529468563,0.2829275028563966,8.0085699,3.0,7.800000000000001,1.2000000000000002,0.5271517807994203,0.5599142791535148,0.8431364302412748,1.1364858116140297,1.472339634731063
2023-10-06 00:20:00,28098.51111295381,1.903709365112625,0.5082991115490609,1.2627522780002443,0.2792584179987126,8.0085699,3.0,7.800000000000001,1.2000000000000002,0.5271517807994203,0.5599142791535148,0.8431364302412748,1.1364858116140297,1.472339634731063
2023-10-06 00:25:00,28098.484740672364,1.495379140678241,0.47046336119480214,0.9428582646662007,0.29079111612219916,8.0085699,3.0,7.800000000000001,1.2000000000000002,0.5271517807994203,0.5599142791535148,0.8431364302412748,1.1364858116140297,1.472339634731063
2023-10-06 00:30:00,28098.458368391734,1.8873098600270166,0.5692577765202924,1.1513955359782366,0.277492487162397,8.0085699,0.06184658438426492,0.18958860725265114,1.2000000000000002,0.5240696518593688,0.5533254015495764,0.8340138128352552,1.1060091545733244,1.4116784336384827
2023-10-06 00:35:00,28228.338431456803,1.7301432457711956,0.5866463178853213,0.9810684164001425,0.26650315080589865,8.0085699,3.0,7.800000000000001,1.2000000000000002,0.5240696518593688,0.5533254015495764,0.8340138128352552,1.1060091545733244,1.4116784336384827
2023-10-06 00:40:00,28228.325243337575,1.5822273055159413,0.5891529894677225,0.8478153186437085,0.26938952902251745,8.0085699,3.0,7.800000000000001,1.2000000000000002,0.5240696518593688,0.5533254015495764,0.8340138128352552,1.1060091545733244,1.4116784336384827
2023-10-06 00:45:00,28228.298867099733,1.681836163322511,0.5668318246804934,0.9665885010650409,0.2741032770464652,8.0085699,3.0,7.800000000000001,1.2000000000000002,0.5195007218474291,0.5442655601817922,0.8189074673001828,1.0972020096591146,1.407978693020601
2023-10-06 00:50:00,28228.27249086269,1.911105424994984,0.5767500769597874,1.1621464622701767,0.27749160407432494,8.0085699,3.0,7.800000000000001,1.2000000000000002,0.5195007218474291,0.5442655601817922,0.8189074673001828,1.0972020096591146,1.407978693020601
2023-10-06 00:55:00,28228.24611462644,2.2485363988588856,0.6243108616296603,1.4084537007906948,0.27577312349555033,8.0085699,3.0,7.800000000000001,1.2000000000000002,0.5195007218474291,0.5442655601817922,0.8189074673001828,1.0972020096591146,1.407978693020601
2023-10-06 01:00:00,28228.21973839099,2.28929490040582,0.6547293518863391,1.4002340781991245,0.2625738838581133,8.0085699,0.05894064811316551,0.14005084790889344,1.2000000000000002,0.5168761940735905,0.5370437598557496,0.8064446416214817,1.0823104914949315,1.3865424623862048
2023-10-06 01:05:00,28228.193362156337,2.461234185806379,0.6547450386828018,1.5657596847622441,0.2625737740647836,8.0085699,3.0,7.800000000000001,1.2000000000000002,0.5168761940735905,0.5370437598557496,0.8064446416214817,1.0823104914949315,1.3865424623862048
2023-10-06 01:10:00,28228.166985922486,2.1298735049531072,0.6369935195070845,1.2757508674517168,0.2625736642718991,8.0085699,3.0,7.800000000000001,1.2000000000000002,0.5168761940735905,0.5370437598557496,0.8064446416214817,1.0823104914949315,1.3865424623862048
2023-10-06 01:15:00,28228.14060968943,2.3257631318946483,0.6854227376429656,1.38784028291218,0.4166666666666667,8.0085699,3.0,7.800000000000001,1.2000000000000002,0.5156316514722501,0.5355968633216591,0.8033952949824887,1.0905159329418346,1.4144765816371794
2023-10-06 01:20:00,28228.11423345717,2.8312046783043945,0.8099035022647831,1.6836740636208791,0.26257345688655415,8.0085699,3.0,7.800000000000001,1.2000000000000002,0.5156316514722501,0.5355968633216591,0.8033952949824887,1.0905159329418346,1.4144765816371794
2023-10-06 01:25:00,28228.101045341344,2.5716526210094957,0.7344013248782073,1.5486764455567177,0.2625733592940003,8.0085699,3.0,7.800000000000001,1.2000000000000002,0.5156316514722501,0.5355968633216591,0.8033952949824887,1.0905159329418346,1.4144765816371794
2023-10-06 01:30:00,28228.074669110283,2.2436328142696746,0.589306909256836,1.4588457885112907,0.4166666666666667,8.0085699,0.05894064811316551,0.16475436261295176,1.2000000000000002,0.5171305444469511,0.5374095272694744,0.8082211578522305,1.0905159329418346,1.404314779527724
2023-10-06 01:35:00,28228.035104765193,2.925767127532098,0.7215062443538859,1.91338844393527,0.4166666666666667,8.0085699,3.0,7.800000000000001,1.2000000000000002,0.5171305444469511,0.5374095272694744,0.8082211578522305,1.0905159329418346,1.404314779527724
2023-10-06 01:40:00,28228.008728536126,2.6700240765957766,0.6855010588360844,1.7201924736238634,0.4166666666666667,8.0085699,3.0,7.800000000000001,1.2000000000000002,0.5171305444469511,0.5374095272694744,0.8082211578522305,1.0905159329418346,1.404314779527724
2023-10-06 01:45:00,28227.9955404219,2.5013396401199275,0.6472447082635056,1.616432410491485,0.4166666666666667,8.0085699,3.0,7.800000000000001,1.2000000000000002,0.5184293587365592,0.5438713083073973,0.8184263925363111,1.0947466601912974,1.3997856978837868
2023-10-06 01:50:00,28227.96916419403,2.1737769257260644,0.5918624469910166,1.3876607643655388,0.4166666666666667,8.0085699,3.0,7.800000000000001,1.2000000000000002,0.5184293587365592,0.5438713083073973,0.8184263925363111,1.0947466601912974,1.3997856978837868
2023-10-06 01:55:00,28227.94278796696,1.9136502781098395,0.5522693315797553,1.202403584143714,0.4166666666666667,8.0085699,3.0,7.800000000000001,1.2000000000000002,0.5184293587365592,0.5438713083073973,0.8184263925363111,1.0947466601912974,1.3997856978837868
2023-10-06 02:00:00,28227.916411740694,2.459941537591848,0.6498315459446319,1.5722253569965108,0.4166666666666667,8.0085699,3.0,7.800000000000001,1.2000000000000002,0.5223035515866229,0.5520470994398938,0.8303739880318988,1.139348936893347,1.5252462096330548
2023-10-06 02:05:00,28097.970481346016,2.7229661855647227,0.6727823727309374,1.7919065059079669,0.2625725175728243,8.0085699,3.0,7.800000000000001,1.2000000000000002,0.5223035515866229,0.5520470994398938,0.8303739880318988,1.139348936893347,1.5252462096330548
2023-10-06 02:10:00,28097.94410908117,2.5664818241900558,0.6447843807391965,1.6836472777486697,0.26257241998365616,8.0085699,3.0,7.800000000000001,1.2000000000000002,0.5223035515866229,0.5520470994398938,0.8303739880318988,1.139348936893347,1.5252462096330548
2023-10-06 02:15:00,28227.837283066674,2.4021758920741867,0.6119713457932215,1.5761015181074824,0.26257231019626254,8.0085699,3.0,7.800000000000001,1.2000000000000002,0.5237709423020716,0.5599142791535148,0.8475653603115219,1.21922362591938,1.673034369043266
2023-10-06 02:20:00,28227.81090684361,2.611474133876056,0.6958906950751824,1.646968336300034,0.263827003061222,8.0085699,3.0,7.800000000000001,1.2000000000000002,0.5237709423020716,0.5599142791535148,0.8475653603115219,1.21922362591938,1.673034369043266
2023-10-06 02:25:00,28097.878178422587,2.767818255181449,0.7683358312808106,1.6862070798905933,0.26257210282128923,8.0085699,3.0,7.800000000000001,1.2000000000000002,0.5237709423020716,0.5599142791535148,0.8475653603115219,1.21922362591938,1.673034369043266
2023-10-06 02:30:00,28097.851806160576,2.512600093390915,0.6907870499237068,1.559144696914033,0.26257199303518175,8.0085699,3.0,0.18603483544755803,1.2000000000000002,0.5240696518593688,0.5572396252959763,0.8340138128352552,1.2140972984073393,1.7327723451163457
2023-10-06 02:35:00,28097.81224776906,2.3116143892085206,0.6677680230224797,1.4014586755518916,0.2651362635019359,8.0085699,3.0,7.800000000000001,1.2000000000000002,0.5240696518593688,0.5572396252959763,0.8340138128352552,1.2140972984073393,1.7327723451163457
2023-10-06 02:40:00,28097.799061638972,2.619228934043315,0.7761963885173152,1.5304177067066524,0.2693857092594715,8.0085699,3.0,7.800000000000001,1.2000000000000002,0.5240696518593688,0.5572396252959763,0.8340138128352552,1.2140972984073393,1.7327723451163457
2023-10-06 02:45:00,28097.772689379373,2.401471971309619,0.7579955267723631,1.3497112584748154,0.2651360110224431,8.0085699,3.0,7.800000000000001,1.2000000000000002,0.5249761899362675,0.5559217570845739,0.8303739880318988,1.1623494526174132,1.5724554047730575
2023-10-06 02:50:00,28097.746317120596,2.3276311195874144,0.7269088945218849,1.3265028996414492,0.2740983690169241,8.0085699,3.0,7.800000000000001,1.2000000000000002,0.5249761899362675,0.5559217570845739,0.8303739880318988,1.1623494526174132,1.5724554047730575
2023-10-06 02:55:00,28357.565160321043,2.857831050659346,0.8838371389858415,1.5966339800333031,0.27090586291565133,8.0085699,3.0,7.800000000000001,1.2000000000000002,0.5249761899362675,0.5559217570845739,0.8303739880318988,1.1623494526174132,1.5724554047730575
2023-10-06 03:00:00,28097.680386477197,4.263637068901584,1.2096987391935128,2.473858574358453,0.28106215604335993,8.0085699,0.05604462507680821,0.19670119470913236,1.2000000000000002,0.525281829116523,0.5599142791535148,0.8509430063171093,1.183507076446947,1.5761027885261798
2023-10-06 03:05:00,28097.667200349115,3.345566289561391,1.0006264203428692,1.8924002465845573,0.2810619007812901,8.0085699,3.0,7.800000000000001,1.2000000000000002,0.525281829116523,0.5599142791535148,0.8509430063171093,1.183507076446947,1.5761027885261798
2023-10-06 03:10:00,28097.64082809358,3.3205878446578665,0.9819966115723667,1.8964511979483192,0.27409758377255183,8.0085699,3.0,7.800000000000001,1.2000000000000002,0.525281829116523,0.5599142791535148,0.8509430063171093,1.183507076446947,1.5761027885261798
2023-10-06 03:15:00,28097.61445583885,3.092813435804679,0.9103363021100036,1.7839746333204498,0.2774851457788213,8.0085699,3.0,7.800000000000001,1.2000000000000002,0.5255891931917931,0.5594649229397675,0.8492482322619224,1.1429620509885707,1.4851612707042963
2023-10-06 03:20:00,28097.588083584924,2.8737436906162874,0.8102824197452064,1.7243971063000072,0.27409719115454045,8.0085699,3.0,7.800000000000001,1.2000000000000002,0.5255891931917931,0.5594649229397675,0.8492482322619224,1.1429620509885707,1.4851612707042963
2023-10-06 03:25:00,28227.481204122505,1.8751981337599577,0.5846794214955544,1.1166144834447742,0.26938428250815455,8.0085699,3.0,7.800000000000001,1.2000000000000002,0.5255891931917931,0.5594649229397675,0.8492482322619224,1.1429620509885707,1.4851612707042963
2023-10-06 03:30:00,28097.535339079514,1.4951732146275567,0.5112657125794022,0.8819745681034993,0.27576663952767005,8.0085699,0.05604462507680821,0.18958860725265114,1.2000000000000002,0.5341760009584856,0.5872512239237991,0.8982935822992392,1.2821880712282423,1.779116634737588
2023-10-06 03:35:00,28097.50896682802,1.7180099196456515,0.5354610156670705,1.046167070630938,0.26513476194172625,8.0085699,3.0,7.800000000000001,1.2000000000000002,0.5341760009584856,0.5872512239237991,0.8982935822992392,1.2821880712282423,1.779116634737588
2023-10-06 03:40:00,28097.482594577334,1.850632312360759,0.5847256765114589,1.0938025037847616,0.263825167472656,8.0085699,3.0,7.800000000000001,1.2000000000000002,0.5341760009584856,0.5872512239237991,0.8982935822992392,1.2821880712282423,1.779116634737588
2023-10-06 03:45:00,28097.4694084523,1.8828163885118874,0.6273621792811239,1.0599376389584159,0.2625704316809572,8.0085699,3.0,7.800000000000001,1.2000000000000002,0.5434786104346702,0.6214185385068585,0.9657383496579185,1.3503911470385164,1.876832437912346
2023-10-06 03:50:00,28097.44303620282,2.338505085091953,0.7452208491213702,1.3092338415012115,0.2638249380319853,8.0085699,3.0,7.800000000000001,1.2000000000000002,0.5434786104346702,0.6214185385068585,0.9657383496579185,1.3503911470385164,1.876832437912346
2023-10-06 03:55:00,28097.403477830136,2.0975345300735175,0.6731262707942983,1.1906439693563593,0.2625702243203737,8.0085699,3.0,7.800000000000001,1.2000000000000002,0.5434786104346702,0.6214185385068585,0.9657383496579185,1.3503911470385164,1.876832437912346
2023-10-06 04:00:00,28227.296570653187,2.2197102933063992,0.7064915318118536,1.2552534824263515,0.2651341374190572,8.0085699,0.053160135440008055,0.1506179272198366,1.2000000000000002,0.5466635162510848,0.62680459475023,0.9710521304234906,1.405051244617078,1.9772516278916046
2023-10-06 04:05:00,28227.270194446482,2.0322504907764594,0.650221155082966,1.164005447583273,0.2679140416869235,8.0085699,3.0,7.800000000000001,1.2000000000000002,0.5466635162510848,0.62680459475023,0.9710521304234906,1.405051244617078,1.9772516278916046
2023-10-06 04:10:00,28097.337547213043,1.817689043884112,0.5922936951853092,1.0521895715601977,0.2625699071837303,8.0085699,3.0,7.800000000000001,1.2000000000000002,0.5466635162510848,0.62680459475023,0.9710521304234906,1.405051244617078,1.9772516278916046
2023-10-06 04:15:00,28097.311174967614,1.6890559951790454,0.5331492115801576,1.0231559335413505,0.26256979740652714,8.0085699,3.0,7.800000000000001,1.2000000000000002,0.5458580401532984,0.622608223524232,0.9664947801204101,1.323513883569039,1.7776940119154367
2023-10-06 04:20:00,28097.284802723003,2.096952825518016,0.635053475101713,1.2476075882065545,0.2638242497205069,8.0085699,3.0,7.800000000000001,1.2000000000000002,0.5458580401532984,0.622608223524232,0.9664947801204101,1.323513883569039,1.7776940119154367
2023-10-06 04:25:00,28097.271616601,2.2027991830821123,0.691147486583776,1.262399861725563,0.2724738322660352,8.0085699,3.0,7.800000000000001,1.2000000000000002,0.5458580401532984,0.622608223524232,0.9664947801204101,1.323513883569039,1.7776940119154367
2023-10-06 04:30:00,28097.23205823621,2.596071752487489,0.818362549063944,1.4441933525393091,0.2709026046309121,8.0085699,0.053160135440008055,0.15768018264829603,1.2000000000000002,0.5407735200617723,0.6155331022780173,0.9508014303733456,1.3353744793128255,1.8664126017577143
2023-10-06 04:35:00,28097.205685994028,3.1364066644161603,0.9609855769426534,1.7491811667121138,0.27748159658936533,8.0085699,3.0,7.800000000000001,1.2000000000000002,0.5407735200617723,0.6155331022780173,0.9508014303733456,1.3353744793128255,1.8664126017577143
2023-10-06 04:40:00,28097.179313752655,3.0535801153138937,0.9132520019761082,1.7413956242509188,0.27748137152541363,8.0085699,3.0,7.800000000000001,1.2000000000000002,0.5407735200617723,0.6155331022780173,0.9508014303733456,1.3353744793128255,1.8664126017577143
2023-10-06 04:45:00,28097.152941512086,2.809853362779771,0.8868256132628338,1.5459062252637001,0.27576349042559073,8.0085699,3.0,7.800000000000001,1.2000000000000002,0.5317527620990793,0.5795248053362341,0.8771220211578318,1.2064928512013653,1.6235134739200658
2023-10-06 04:50:00,28097.1397553921,2.3739543641428846,0.7687927776773862,1.3074363788795778,0.27748092139987135,8.0085699,3.0,7.800000000000001,1.2000000000000002,0.5317527620990793,0.5795248053362341,0.8771220211578318,1.2064928512013653,1.6235134739200658
2023-10-06 04:55:00,28097.113383152755,2.0351527055752907,0.6427614355028873,1.1779073957152788,0.2774806963382809,8.0085699,3.0,7.800000000000001,1.2000000000000002,0.5317527620990793,0.5795248053362341,0.8771220211578318,1.2064928512013653,1.6235134739200658
2023-10-06 05:00:00,28097.07382479525,1.9620082410355,0.597442883768362,1.1781373087387552,0.2664959361128003,8.0085699,0.053160135440008055,0.1931440912893791,1.2000000000000002,0.5265216044950103,0.5654166605256693,0.8498118379970945,1.1948707043023525,1.6222379603498371
2023-10-06 05:05:00,28226.966868126692,2.104046721090384,0.6529500101983662,1.2271020842589362,0.2625687606437894,8.0085699,3.0,7.800000000000001,1.2000000000000002,0.5265216044950103,0.5654166605256693,0.8498118379970945,1.1948707043023525,1.6222379603498371
2023-10-06 05:10:00,28226.940491929963,2.640374358138813,0.781883428728994,1.5420939735462396,0.4166666666666667,8.0085699,3.0,7.800000000000001,1.2000000000000002,0.5265216044950103,0.5654166605256693,0.8498118379970945,1.1948707043023525,1.6222379603498371
2023-10-06 05:15:00,28097.007894203445,2.6896480953719912,0.6836119731268612,1.742289341112699,0.2625685532960075,8.0085699,3.0,7.800000000000001,1.2000000000000002,0.5228852646613786,0.5550504481576427,0.835066368619884,1.157032410954853,1.5298444365359505
2023-10-06 05:20:00,28096.981521968137,2.722476528927051,0.7067424973267082,1.7379453780568574,0.2625684435242954,8.0085699,3.0,7.800000000000001,1.2000000000000002,0.5228852646613786,0.5550504481576427,0.835066368619884,1.157032410954853,1.5298444365359505
2023-10-06 05:25:00,28226.861363344564,2.373134316115004,0.6555559948974355,1.4794416545350966,0.2757618233210731,8.0085699,3.0,7.800000000000001,1.2000000000000002,0.5228852646613786,0.5550504481576427,0.835066368619884,1.157032410954853,1.5298444365359505
2023-10-06 05:30:00,28226.83498715102,2.2666282471335704,0.6479458229727106,1.3890409287128451,0.262568236178943,8.0085699,0.053160135440008055,0.1718389944104655,1.2000000000000002,0.5225935322982863,0.5520470994398938,0.8308897399775736,1.1451480253661535,1.5321540392532338
2023-10-06 05:35:00,28226.80861095829,2.3155835642835156,0.6734391404908133,1.396519557876187,0.2625681264085172,8.0085699,3.0,7.800000000000001,1.2000000000000002,0.5225935322982863,0.5520470994398938,0.8308897399775736,1.1451480253661535,1.5321540392532338
2023-10-06 05:40:00,28226.782234766346,2.0138063549018224,0.6201534465499713,1.1920974179772477,0.2774787054431037,8.0085699,3.0,7.800000000000001,1.2000000000000002,0.5225935322982863,0.5520470994398938,0.8308897399775736,1.1451480253661535,1.5321540392532338
2023-10-06 05:45:00,28226.769046670677,2.3439991463065484,0.7326315515550909,1.333391502775826,0.26937982421263246,8.0085699,3.0,7.800000000000001,1.2000000000000002,0.5225935322982863,0.5491165632176833,0.8213349134183936,1.089918460252876,1.3839566467198314
2023-10-06 05:50:00,28486.61290802018,2.3602602512073068,0.7611778629445303,1.3058853481782347,0.27409130221835204,8.0085699,3.0,7.800000000000001,1.2000000000000002,0.5225935322982863,0.5491165632176833,0.8213349134183936,1.089918460252876,1.3839566467198314
2023-10-06 05:55:00,28746.545334590053,2.274218550765686,0.6786164232986063,1.3491063334736224,0.2774780302839426,8.0085699,3.0,7.800000000000001,1.2000000000000002,0.5225935322982863,0.5491165632176833,0.8213349134183936,1.089918460252876,1.3839566467198314
2023-10-06 06:00:00,28746.50574734656,2.2250752785992725,0.6101559123417826,1.4081022334549367,0.2664943054036725,8.0085699,0.05604462507680821,0.16829545448407096,1.2000000000000002,0.5200471132503285,0.54230987451825,0.8086691288778125,1.1259690271050975,1.522957648787385
2023-10-06 06:05:00,28746.492551599105,2.560945405653959,0.7404619951846984,1.5290277925410254,0.270899361938787,8.0085699,3.0,7.800000000000001,1.2000000000000002,0.5200471132503285,0.54230987451825,0.8086691288778125,1.1259690271050975,1.522957648787385
2023-10-06 06:10:00,28616.470873477163,2.816088322760208,0.7872909233033522,1.703814989039012,0.2724699765161732,8.0085699,3.0,7.800000000000001,1.2000000000000002,0.5200471132503285,0.54230987451825,0.8086691288778125,1.1259690271050975,1.522957648787385
2023-10-06 06:15:00,28616.44448573249,2.754135851197149,0.7742689379178446,1.663768369750455,0.2724697861162985,8.0085699,3.0,7.800000000000001,1.2000000000000002,0.5163729272531626,0.5388886712485242,0.8113890312297795,1.0863702177434726,1.3891493800164185
2023-10-06 06:20:00,28746.41337711835,3.2001118236447983,0.9215127796285492,1.8714044056229682,0.2638215093777937,8.0085699,3.0,7.800000000000001,1.2000000000000002,0.5163729272531626,0.5388886712485242,0.8113890312297795,1.0863702177434726,1.3891493800164185
2023-10-06 06:25:00,28616.40490411691,3.315932695268596,0.9162313697167747,1.9927302409139946,0.2774766972981935,8.0085699,3.0,7.800000000000001,1.2000000000000002,0.5163729272531626,0.5388886712485242,0.8113890312297795,1.0863702177434726,1.3891493800164185
2023-10-06 06:30:00,28486.401836459343,3.046830664695172,0.8555166945835821,1.8232496887781915,0.26790976708206055,8.0085699,0.053160135440008055,0.1824828759089466,1.2000000000000002,0.5123904761019666,0.5320939766620179,0.8046928358075521,1.12390791437733,1.5263931341564663
2023-10-06 06:35:00,28486.375452517736,3.1500974566026074,0.8845324001473244,1.879358964222524,0.4166666666666667,8.0085699,3.0,7.800000000000001,1.2000000000000002,0.5123904761019666,0.5320939766620179,0.8046928358075521,1.12390791437733,1.5263931341564663
2023-10-06 06:40:00,28356.404435683988,3.0465925139657903,0.8634486851633871,1.8108193457481419,0.26382105055419297,8.0085699,3.0,7.800000000000001,1.2000000000000002,0.5123904761019666,0.5320939766620179,0.8046928358075521,1.12390791437733,1.5263931341564663
2023-10-06 06:45:00,28356.37805559632,2.7369448437095736,0.7302335662048526,1.7153263104817198,0.2679093224347868,8.0085699,3.0,7.800000000000001,1.2000000000000002,0.8333333333333334,0.5189614629237898,0.7835421111848424,1.0811664996659858,1.4249056109090175
2023-10-06 06:50:00,28356.36486555278,3.124919548200634,0.8292955592907161,1.940047769786429,0.265129885663309,8.0085699,3.0,7.800000000000001,1.2000000000000002,0.8333333333333334,0.5189614629237898,0.7835421111848424,1.0811664996659858,1.4249056109090175
2023-10-06 06:55:00,28356.33848546629,3.6843209846841143,0.8740401247580833,2.420650269335663,0.26382070644110106,8.0085699,3.0,7.800000000000001,1.2000000000000002,0.8333333333333334,0.5189614629237898,0.7835421111848424,1.0811664996659858,1.4249056109090175
2023-10-06 07:00:00,28356.31210538059,3.2695380309340374,0.7822306154862914,2.1554972088781916,0.2625663579463606,8.0085699,0.05604462507680821,0.23591523901605,1.2000000000000002,0.8333333333333334,0.5153882032022076,0.7804844649318781,1.0923187492668978,1.602031210682239
2023-10-06 07:05:00,28226.34702771461,2.6664676166633523,0.6457031854647238,1.779708350137695,0.2613676277687957,8.0085699,3.0,7.800000000000001,1.2000000000000002,0.8333333333333334,0.5153882032022076,0.7804844649318781,1.0923187492668978,1.602031210682239
2023-10-06 07:10:00,28226.333839625528,2.518331440040983,0.6431818022801102,1.639352463930562,0.4166666666666667,8.0085699,3.0,7.800000000000001,1.2000000000000002,0.8333333333333334,0.5153882032022076,0.7804844649318781,1.0923187492668978,1.602031210682239
2023-10-06 07:15:00,28226.307463447967,2.8640475767468168,0.7640459839043968,1.7864961394317285,0.26136742990342576,8.0085699,3.0,7.800000000000001,1.2000000000000002,0.8333333333333334,0.5117430996115141,0.7721456857355353,1.6666666666666667,1.3865424623862048
2023-10-06 07:20:00,28226.281087271196,2.694930459934459,0.7148492665595428,1.698450434032327,0.4166666666666667,8.0085699,3.0,7.800000000000001,1.2000000000000002,0.8333333333333334,0.5117430996115141,0.7721456857355353,1.6666666666666667,1.3865424623862048
2023-10-06 07:25:00,28096.33540245609,3.198562604619731,0.8267823092394216,2.016110304509181,0.4166666666666667,8.0085699,3.0,7.800000000000001,1.2000000000000002,0.8333333333333334,0.5117430996115141,0.7721456857355353,1.6666666666666667,1.3865424623862048
2023-10-06 07:30:00,28096.309030241428,3.161199585728879,0.8478128917915138,1.9468680283562494,0.4166666666666667,8.0085699,0.05604462507680821,0.21094416322809217,1.2000000000000002,0.8333333333333334,0.512609988197655,0.7772489948530007,1.0893227253665463,1.4649901023556438
2023-10-06 07:35:00,28096.2958441344,2.7357629290782643,0.6943100192703372,1.7704233677939898,0.2638197888255017,8.0085699,3.0,7.800000000000001,1.2000000000000002,0.8333333333333334,0.512609988197655,0.7772489948530007,1.0893227253665463,1.4649901023556438
2023-10-06 07:40:00,28226.1755825721,2.768609139668312,0.6943258536535492,1.8024655337409325,0.2638196741255269,8.0085699,3.0,7.800000000000001,1.2000000000000002,0.8333333333333334,0.512609988197655,0.7772489948530007,1.0893227253665463,1.4649901023556438
2023-10-06 07:45:00,28096.243099708325,3.2643232526870642,0.805884475753442,2.1132874080580804,0.2625654188789548,8.0085699,3.0,7.800000000000001,1.2000000000000002,0.8333333333333334,0.5128313562956149,0.7801532157211172,1.0488909619212095,2.0833333333333335
2023-10-06 07:50:00,28096.20354139089,3.251782030294489,0.7459766241627654,2.19515633260536,0.26381944472689417,8.0085699,3.0,7.800000000000001,1.2000000000000002,0.8333333333333334,0.5128313562956149,0.7801532157211172,1.0488909619212095,2.0833333333333335
2023-10-06 07:55:00,28096.17716918027,2.521379840745605,0.6509380402657916,1.6300605103562535,0.26512825154014674,8.0085699,3.0,7.800000000000001,1.2000000000000002,0.8333333333333334,0.5128313562956149,0.7801532157211172,1.0488909619212095,2.0833333333333335
2023-10-06 08:00:00,28096.163983075276,2.4309750603179934,0.6662317300528033,1.5185512701407866,0.26256510179861964,8.0085699,0.05894064811316551,0.21807338214463495,0.034985711369071804,0.8333333333333334,0.5234739726099092,0.8046928358075521,1.156278621267383,1.6664045127159253
2023-10-06 08:05:00,28096.137610865873,3.803071058767321,1.0656657199412085,2.241115044137764,0.2724657561517901,8.0085699,3.0,7.800000000000001,1.2000000000000002,0.8333333333333334,0.5234739726099092,0.8046928358075521,1.156278621267383,1.6664045127159253
2023-10-06 08:10:00,28096.11123865729,3.7572623831488414,1.0069187696347066,2.2864015576864087,0.2651278795559167,8.0085699,3.0,7.800000000000001,1.2000000000000002,0.8333333333333334,0.5234739726099092,0.8046928358075521,1.156278621267383,1.6664045127159253
2023-10-06 08:15:00,28485.86096581163,2.9782202249892973,0.8532168211482174,1.759974185551752,0.4166666666666667,8.0085699,3.0,7.800000000000001,1.2000000000000002,0.5107014783608914,0.5411552457474658,0.8442356069249863,1.2166548401251687,1.7258621034138273
2023-10-06 08:20:00,28355.903214152942,4.176854910307994,1.2457273031692295,2.3332872952976738,0.2724652167318059,8.0085699,3.0,7.800000000000001,1.2000000000000002,0.5107014783608914,0.5411552457474658,0.8442356069249863,1.2166548401251687,1.7258621034138273
2023-10-06 08:25:00,28096.032122036384,5.197429115803176,1.5815765430710287,2.8277874232077345,0.27246502634963976,8.0085699,3.0,7.800000000000001,1.2000000000000002,0.5107014783608914,0.5411552457474658,0.8442356069249863,1.2166548401251687,1.7258621034138273
2023-10-06 08:30:00,28225.911820880254,4.592903715416305,1.345678649788682,2.590675305200291,0.26937457887156596,8.0085699,0.05894064811316551,0.22520710468366664,0.037500000000000006,0.5132796508726992,0.5462600113499065,0.8537938861341184,1.181905241548577,1.5724554047730575
2023-10-06 08:35:00,33696.66387244492,5.58937119567253,1.7094633242486887,3.020516336488652,0.2774709155757902,8.0085699,3.0,7.800000000000001,1.2000000000000002,0.5132796508726992,0.5462600113499065,0.8537938861341184,1.181905241548577,1.5724554047730575
2023-10-06 08:40:00,28615.692435331395,8.389235721692094,2.6634294788981743,4.344941535400483,0.29075914597687713,8.0085699,3.0,7.800000000000001,1.2000000000000002,0.5132796508726992,0.5462600113499065,0.8537938861341184,1.181905241548577,1.5724554047730575
2023-10-06 08:45:00,32261.367010581915,9.581482571470355,3.3985185681708834,4.409699710938148,0.29282790277582715,8.0085699,3.0,7.800000000000001,1.2000000000000002,0.5171305444469511,0.557681808919746,0.8727960586528791,1.255420646636019,1.851609030006065
2023-10-06 08:50:00,28615.652853748572,9.242425298498476,3.2887456938187047,4.239783786514746,0.2848004032468996,8.0085699,3.0,7.800000000000001,1.2000000000000002,0.5171305444469511,0.557681808919746,0.8727960586528791,1.255420646636019,1.851609030006065
2023-10-06 08:55:00,29395.775323129317,11.297252420972772,3.618170303521017,5.783645248824688,0.2792341173340774,8.0085699,3.0,7.800000000000001,1.2000000000000002,0.5171305444469511,0.557681808919746,0.8727960586528791,1.255420646636019,1.851609030006065
2023-10-06 09:00:00,29135.623805393083,5.922710599510825,1.614303116880488,3.4966986889330505,0.27746980776015834,8.0085699,0.04459820624195552,0.21094416322809217,0.032897568299191965,0.5186945151049893,0.562640204749003,0.8878710717215648,1.2226660418936972,1.6637620022106527
2023-10-06 09:05:00,29005.56115581922,6.762197111018132,2.02865991390948,3.696563359187315,0.28479956229565,8.0085699,3.0,7.800000000000001,1.2000000000000002,0.5186945151049893,0.562640204749003,0.8878710717215648,1.2226660418936972,1.6637620022106527
2023-10-06 09:10:00,28355.63941346132,9.166607270059497,2.762170941803354,4.968174328859991,0.30375542146371565,8.0085699,3.0,7.800000000000001,1.2000000000000002,0.5186945151049893,0.562640204749003,0.8878710717215648,1.2226660418936972,1.6637620022106527
2023-10-06 09:15:00,28615.52091515164,4.600145228362391,1.178570343733797,2.854331203423394,0.2907568846040185,8.0085699,3.0,7.800000000000001,1.2000000000000002,0.5217288567829079,0.5805385430787521,0.9269881552641328,1.3851795010033898,2.0005859141761446
2023-10-06 09:20:00,28355.599843364376,5.550712878090603,1.5898961792071356,3.164907854382175,0.28872853780407504,8.0085699,3.0,7.800000000000001,1.2000000000000002,0.5217288567829079,0.5805385430787521,0.9269881552641328,1.3851795010033898,2.0005859141761446
2023-10-06 09:25:00,28615.454945860358,5.79685158568463,1.6987222149622196,3.242531204442712,0.28872821842755203,8.0085699,3.0,7.800000000000001,1.2000000000000002,0.5217288567829079,0.5805385430787521,0.9269881552641328,1.3851795010033898,2.0005859141761446
2023-10-06 09:30:00,28485.47839896524,5.796729801257813,1.736859222856053,3.184134317346864,0.3014928793575163,8.0085699,3.0,7.800000000000001,1.2000000000000002,0.5231787457456581,0.5883026432033092,0.9449312355933631,1.4521738876594634,2.1522090976482744
2023-10-06 09:35:00,30176.330542843833,5.087291935402493,1.5138841630930615,2.8221945485523605,0.3083819334269169,8.0085699,3.0,7.800000000000001,1.2000000000000002,0.5231787457456581,0.5883026432033092,0.9449312355933631,1.4521738876594634,2.1522090976482744
2023-10-06 09:40:00,28485.425631137172,6.0428213489481895,1.889542668397599,3.1950405623741536,0.3308213454730801,8.0085699,3.0,7.800000000000001,1.2000000000000002,0.5231787457456581,0.5883026432033092,0.9449312355933631,1.4521738876594634,2.1522090976482744
2023-10-06 09:45:00,29005.363164730254,8.646961349199202,2.858211490629453,4.304053490096903,0.35267759872728194,8.0085699,3.0,7.800000000000001,1.2000000000000002,0.5258982791377055,0.5825813247950882,0.9185990202476814,1.3554427320989995,1.9235238496051978
2023-10-06 09:50:00,30306.43790947504,12.878395958157238,4.272019363323979,6.361464493403749,0.4100237058856309,8.0085699,3.0,7.800000000000001,1.2000000000000002,0.5258982791377055,0.5825813247950882,0.9185990202476814,1.3554427320989995,1.9235238496051978
2023-10-06 09:55:00,30046.054025975973,13.65290747090162,4.618268849195269,6.605041517693105,0.4326226907137301,8.0085699,3.0,7.800000000000001,1.2000000000000002,0.5258982791377055,0.5825813247950882,0.9185990202476814,1.3554427320989995,1.9235238496051978
2023-10-06 10:00:00,30436.58734292414,14.44841450002695,4.79967393700736,7.121650427673219,0.5002647561497365,8.0085699,3.0,0.2859779012441346,0.043500000000000004,0.5300716932642225,0.5936328831862332,0.9412934930190476,1.4380967457024578,2.326358527828417
2023-10-06 10:05:00,36439.78602367851,14.037891676967877,4.434168418175137,7.270724388909404,0.5532101055844023,8.0085699,3.0,7.800000000000001,1.2000000000000002,0.5300716932642225,0.5936328831862332,0.9412934930190476,1.4380967457024578,2.326358527828417
2023-10-06 10:10:00,30306.33217847714,10.018741375532095,3.2422945882074714,5.083512953749822,0.5820218125357941,8.0085699,3.0,7.800000000000001,1.2000000000000002,0.5300716932642225,0.5936328831862332,0.9412934930190476,1.4380967457024578,2.326358527828417
2023-10-06 10:15:00,30696.945547047555,12.258088053895328,4.077013263520596,6.040697438392072,0.6665325361801019,8.0085699,3.0,7.800000000000001,1.2000000000000002,0.5287570330501524,0.5877763179986073,0.9220764393476281,1.46308714709685,2.279327971135352
2023-10-06 10:20:00,29915.767172563646,13.183278460422066,4.3270377957817105,6.581565829590657,0.7038831574957816,8.0085699,3.0,7.800000000000001,1.2000000000000002,0.5287570330501524,0.5877763179986073,0.9220764393476281,1.46308714709685,2.279327971135352
2023-10-06 10:25:00,29785.602302144132,11.39542645769159,3.6650615849158985,5.809882967663666,0.7642292154257044,8.0085699,3.0,7.800000000000001,1.2000000000000002,0.5287570330501524,0.5877763179986073,0.9220764393476281,1.46308714709685,2.279327971135352
2023-10-06 10:30:00,29525.361875039278,7.625368987396436,2.4363896852468616,3.9317927092057183,0.8328061042908789,8.0085699,0.05028916384272063,0.33614139881900895,0.05788134414472422,0.5265216044950103,0.5830951894845301,0.9284006893577793,1.3945551261961644,2.0860009587725505
2023-10-06 10:45:00,30566.54070173751,10.319183359756424,3.42351598816415,5.106075577389171,0.8098662442178565,8.0085699,3.0,7.800000000000001,1.2000000000000002,0.5265216044950103,0.5830951894845301,0.9284006893577793,1.3945551261961644,2.0860009587725505
2023-10-06 12:15:00,29264.634634504215,11.936837262859637,4.360251829206555,5.2878890573300925,1.3118124278673575,8.0085699,3.0,7.800000000000001,1.2000000000000002,0.5121728223949412,0.537776905417107,0.8233032005282137,1.2518023006848964,2.214516651551756
2023-10-06 12:20:00,29524.767584542427,8.534325105297022,2.918940046723701,4.099399285223969,1.0999193627724406,8.0085699,3.0,7.800000000000001,1.2000000000000002,0.5121728223949412,0.537776905417107,0.8233032005282137,1.2518023006848964,2.214516651551756
2023-10-06 12:25:00,29394.65292115506,9.630342806860304,3.2398856585952123,4.700328304483565,1.111638110107692,8.0085699,3.0,7.800000000000001,1.2000000000000002,0.5121728223949412,0.537776905417107,0.8233032005282137,1.2518023006848964,2.214516651551756
2023-10-06 12:30:00,30565.972263021587,13.14642678805366,4.505918268821768,6.271424692099668,1.2213449242761938,8.0085699,0.04178516483155236,0.3289707585789351,0.043500000000000004,0.5163729272531626,0.5454576060520194,0.835594734306051,1.1555262870224978,1.5402921800749363
2023-10-06 12:35:00,33434.15839458047,13.887438218938314,4.766998593266306,6.6117596359393325,1.3393685126082768,8.0085699,3.0,7.800000000000001,1.2000000000000002,0.5163729272531626,0.5454576060520194,0.835594734306051,1.1555262870224978,1.5402921800749363
2023-10-06 12:40:00,33173.11747908012,9.822448365906766,3.1795614609224487,4.983768435369064,1.1781755641976845,8.0085699,3.0,7.800000000000001,1.2000000000000002,0.5163729272531626,0.5454576060520194,0.835594734306051,1.1555262870224978,1.5402921800749363
2023-10-06 12:45:00,37092.582108052484,11.349997147034832,3.728546435479412,5.667569031571365,1.2566920394519596,8.0085699,3.0,7.800000000000001,1.2000000000000002,0.5163729272531626,0.5454576060520194,0.835594734306051,1.1555262870224978,1.5402921800749363
2023-10-06 13:00:00,34870.31761966374,15.080254064324771,4.827514136850434,7.709843225555154,1.667609647456304,8.0085699,0.03900000000000001,0.3038844517246645,0.046861498055439925,0.5189614629237898,0.5815573918367817,0.9158358804938798,2.0081887983952105,4.293968327782588
2023-10-06 13:05:00,32129.45613616926,17.417076643809747,6.276388122705748,7.827816089113088,1.7747656993447372,8.0085699,3.0,7.800000000000001,1.2000000000000002,0.5189614629237898,0.5815573918367817,0.9158358804938798,2.0081887983952105,4.293968327782588
2023-10-06 13:10:00,35392.87637046082,14.06240436050531,4.959462342171269,6.492241667206501,1.501227125847787,8.0085699,3.0,7.800000000000001,1.2000000000000002,0.5189614629237898,0.5815573918367817,0.9158358804938798,2.0081887983952105,4.293968327782588
2023-10-06 13:15:00,34086.617736536384,14.2507082949846,4.907248300323927,6.759911650572195,1.8144749499365191,8.0085699,3.0,7.800000000000001,1.2000000000000002,0.5132796508726992,0.537776905417107,0.819874039106008,1.2383982598501986,1.8020277467342172
2023-10-06 13:20:00,35000.829453229504,12.40406379941635,4.349402167771052,5.77015453656572,2.005359507964946,8.0085699,3.0,7.800000000000001,1.2000000000000002,0.5132796508726992,0.537776905417107,0.819874039106008,1.2383982598501986,1.8020277467342172
2023-10-06 13:25:00,34347.71112443017,16.20196900943877,5.6577430626453555,7.560375540813915,2.284233845471052,8.0085699,3.0,7.800000000000001,1.2000000000000002,0.5132796508726992,0.537776905417107,0.819874039106008,1.2383982598501986,1.8020277467342172
2023-10-06 13:30:00,31607.863089758295,14.886836829002036,5.18489616482033,6.970406649792431,2.0929357265044035,8.0085699,0.04743416490252569,0.3504862907447308,0.050400892849234324,0.5102979521808804,0.5281098370604357,0.796714152001833,1.2226660418936972,2.092411049483347
2023-10-06 13:35:00,31086.596729802517,10.285584079764362,3.525492078169043,4.916910487584542,1.647733221800074,8.0085699,3.0,7.800000000000001,1.2000000000000002,0.5102979521808804,0.5281098370604357,0.796714152001833,1.2226660418936972,2.092411049483347
2023-10-06 13:40:00,30565.588897540067,13.320479134610121,4.445611865840854,6.537226857334493,1.4300423914154388,8.0085699,3.0,7.800000000000001,1.2000000000000002,0.5102979521808804,0.5281098370604357,0.796714152001833,1.2226660418936972,2.092411049483347
2023-10-06 13:45:00,30956.26635560313,9.01745605371117,2.9356120944612965,4.554628675830945,1.2880961620913094,8.0085699,3.0,7.800000000000001,1.2000000000000002,0.5109060579010588,0.5297405025104273,0.80211181265457,1.2366310080213903,2.0620620747203513
2023-10-06 13:50:00,30956.253131548743,8.854174267929086,3.006926087301268,4.283315125516772,1.146768415816652,8.0085699,3.0,7.800000000000001,1.2000000000000002,0.5109060579010588,0.5297405025104273,0.80211181265457,1.2366310080213903,2.0620620747203513
2023-10-06 13:55:00,30825.96390082519,14.387858105669856,5.03650964040309,6.699234572549495,1.158511501384791,8.0085699,3.0,7.800000000000001,1.2000000000000002,0.5109060579010588,0.5297405025104273,0.80211181265457,1.2366310080213903,2.0620620747203513
2023-10-06 14:00:00,30565.469922072687,8.828827176381376,2.8177569651880887,4.546807359694987,1.1741792671261169,8.0085699,0.04743416490252569,0.3576603975840769,0.050400892849234324,0.5115310352266028,0.5304045625746445,0.8073298210768632,1.1407896388028775,1.6324827717314507
2023-10-06 14:05:00,30044.70628488877,8.996039830453034,3.067303382503869,4.332351133932623,1.1154574342120542,8.0085699,3.0,7.800000000000001,1.2000000000000002,0.5115310352266028,0.5304045625746445,0.8073298210768632,1.1407896388028775,1.6324827717314507
2023-10-06 14:10:00,31477.303771608,9.200909578113773,3.1605812720035735,4.393903676300804,1.1154531568651502,8.0085699,3.0,7.800000000000001,1.2000000000000002,0.5115310352266028,0.5304045625746445,0.8073298210768632,1.1407896388028775,1.6324827717314507
2023-10-06 14:15:00,34869.84020461818,15.75253327128001,5.523111375807751,7.317523962050416,1.2526686578206385,8.0085699,3.0,7.800000000000001,1.2000000000000002,0.8333333333333334,0.5195007218474291,0.7831956077507074,1.1266592208826944,1.5640012787718558
2023-10-06 14:20:00,32129.00608685593,24.125525110858593,8.284283014550569,11.458361817331669,1.7508299151843059,8.0085699,3.0,7.800000000000001,1.2000000000000002,0.8333333333333334,0.5195007218474291,0.7831956077507074,1.1266592208826944,1.5640012787718558
2023-10-06 14:25:00,31086.318993571505,20.401394452488343,6.8925169627000376,9.866241589884883,2.0928394637209444,8.0085699,3.0,7.800000000000001,1.2000000000000002,0.8333333333333334,0.5195007218474291,0.7831956077507074,1.1266592208826944,1.5640012787718558
2023-10-06 14:30:00,32650.610623604018,15.827524265761848,5.1492750839171935,7.963927407968519,1.7825827331711637,8.0085699,0.06184658438426492,0.4150855333542714,0.054083269131959835,0.8333333333333334,0.5195007218474291,0.7878308447883975,1.1118435141691478,1.5161345586721517
2023-10-06 14:35:00,29914.3931760433,14.717634864507836,4.893662813721978,7.246688761845844,1.6040522225662415,8.0085699,3.0,7.800000000000001,1.2000000000000002,0.8333333333333334,0.5195007218474291,0.7878308447883975,1.1118435141691478,1.5161345586721517
2023-10-06 14:40:00,30825.712672329537,13.130512744530225,4.209458794991479,6.708659014109569,1.5011153922752634,8.0085699,3.0,7.800000000000001,1.2000000000000002,0.8333333333333334,0.5195007218474291,0.7878308447883975,1.1118435141691478,1.5161345586721517
2023-10-06 14:45:00,29914.32711856397,11.02043942348238,3.575074029935411,5.573490913196184,1.3313450038123364,8.0085699,3.0,7.800000000000001,1.2000000000000002,0.8333333333333334,0.5176446657698697,0.7852998408251463,1.137199300914312,1.6890814071559725
2023-10-06 14:50:00,30825.659782126975,10.886371268411636,3.665684131786571,5.301435351181772,1.1506277245223397,8.0085699,3.0,7.800000000000001,1.2000000000000002,0.8333333333333334,0.5176446657698697,0.7852998408251463,1.137199300914312,1.6890814071559725
2023-10-06 14:55:00,31216.438990906896,10.036650151432328,3.654714928496848,4.471975231001225,1.0490678301858938,8.0085699,3.0,7.800000000000001,1.2000000000000002,0.8333333333333334,0.5176446657698697,0.7852998408251463,1.137199300914312,1.6890814071559725
2023-10-06 15:00:00,29914.261061088844,17.661136525961656,5.872356660643625,8.689262317395851,1.049063955138529,8.0085699,0.05028916384272063,0.3433132680220792,0.046861498055439925,0.8333333333333334,0.5146688255567846,0.784240167295708,1.0761069881754322,1.4495709710117681
2023-10-06 15:05:00,28613.700164470447,11.442703231507272,3.890889872284848,5.511995758451823,0.9597127408884539,8.0085699,3.0,7.800000000000001,1.2000000000000002,0.8333333333333334,0.5146688255567846,0.784240167295708,1.0761069881754322,1.4495709710117681
2023-10-06 15:10:00,28483.71067841682,6.2059466043897755,2.0734166309142954,3.0765661708846155,0.8326253222313716,8.0085699,3.0,7.800000000000001,1.2000000000000002,0.8333333333333334,0.5146688255567846,0.784240167295708,1.0761069881754322,1.4495709710117681
2023-10-06 15:15:00,28873.615915054357,5.704799536395705,1.975118176305977,2.7305104390036297,0.7602714553487318,8.0085699,3.0,7.800000000000001,1.2000000000000002,0.8333333333333334,0.5113208386130962,0.7753903790994573,1.0549388607876762,1.4546600977547985
2023-10-06 15:20:00,28743.589491753744,5.8215551903159,2.1882297899058902,2.5230377187853983,0.7413577410656004,8.0085699,3.0,7.800000000000001,1.2000000000000002,0.8333333333333334,0.5113208386130962,0.7753903790994573,1.0549388607876762,1.4546600977547985
2023-10-06 15:25:00,28743.563100342573,5.700381596809008,1.934206603636389,2.788235268214464,0.6515367474341351,8.0085699,3.0,7.800000000000001,1.2000000000000002,0.8333333333333334,0.5113208386130962,0.7753903790994573,1.0549388607876762,1.4546600977547985
2023-10-06 15:30:00,28483.618334901927,5.366435002880002,1.8551117152814776,2.578774035446859,0.6146865299430336,8.0085699,0.05028916384272063,0.3110500924288562,0.037500000000000006,0.8333333333333334,0.5128313562956149,0.7785226008280042,1.134354552157305,1.9098785301688692
2023-10-06 15:35:00,28743.52351322722,4.495158860941818,1.6671691383668321,2.0078502074507627,0.585515275009537,8.0085699,3.0,7.800000000000001,1.2000000000000002,0.8333333333333334,0.5128313562956149,0.7785226008280042,1.134354552157305,1.9098785301688692
2023-10-06 15:40:00,28483.56556718342,4.8241305688653,1.7243436632038234,2.243440796369121,0.5459408746714892,8.0085699,3.0,7.800000000000001,1.2000000000000002,0.8333333333333334,0.5128313562956149,0.7785226008280042,1.134354552157305,1.9098785301688692
2023-10-06 15:45:00,28223.683037772447,4.911533422543675,1.65087551416171,2.4403462759546346,0.514113170489415,8.0085699,3.0,7.800000000000001,1.2000000000000002,0.8333333333333334,0.512609988197655,0.7775648140187414,1.0628264204469138,1.3721720008803562
2023-10-06 15:50:00,28353.581770769808,4.778045937987491,1.6508905641702636,2.309130007214656,0.5071165088817127,8.0085699,3.0,7.800000000000001,1.2000000000000002,0.8333333333333334,0.512609988197655,0.7775648140187414,1.0628264204469138,1.3721720008803562
2023-10-06 15:55:00,28223.643473626777,4.6612686602737705,1.5394714460184569,2.3630697048050213,0.5071151203004952,8.0085699,3.0,7.800000000000001,1.2000000000000002,0.8333333333333334,0.512609988197655,0.7775648140187414,1.0628264204469138,1.3721720008803562
2023-10-06 16:00:00,28223.603909482903,4.373816187045409,1.4282719783967839,2.2492695798247766,0.4966796192281707,8.0085699,0.04459820624195552,0.3038844517246645,0.034985711369071804,0.8333333333333334,0.5197730273879168,0.7896884448945672,1.12186106537307,1.5344705927452635
2023-10-06 16:05:00,28223.577533387986,4.302941701982016,1.3606041041024872,2.2823523985944796,0.46246091649260257,8.0085699,3.0,7.800000000000001,1.2000000000000002,0.8333333333333334,0.5197730273879168,0.7896884448945672,1.12186106537307,1.5344705927452635
2023-10-06 16:10:00,28093.658626797696,3.9243715582652214,1.341688566130724,1.940487769259015,0.4457195734431821,8.0085699,3.0,7.800000000000001,1.2000000000000002,0.8333333333333334,0.5197730273879168,0.7896884448945672,1.12186106537307,1.5344705927452635
2023-10-06 16:15:00,28223.53796924711,3.6003373388227167,1.2175603125669123,1.812086191775643,0.41632552433584535,8.0085699,3.0,7.800000000000001,1.2000000000000002,0.8333333333333334,0.520322976621252,0.7927460122889298,1.073905140131101,1.3839566467198314
2023-10-06 16:20:00,28223.511593154195,3.6832230580181617,1.1798963275921426,1.9495638934711461,0.44240213626937697,8.0085699,3.0,7.800000000000001,1.2000000000000002,0.8333333333333334,0.520322976621252,0.7927460122889298,1.073905140131101,1.3839566467198314
2023-10-06 16:25:00,27963.71981894685,3.0492186064024644,0.9499439767446751,1.6814168899357913,0.41632325906458106,8.0085699,3.0,7.800000000000001,1.2000000000000002,0.8333333333333334,0.520322976621252,0.7927460122889298,1.073905140131101,1.3839566467198314
2023-10-06 16:30:00,27963.693450832598,2.8179022069764956,0.8495188185949871,1.6102132314734559,0.4036083418680363,8.0085699,0.04743416490252569,0.33614139881900895,0.04036087214122113,0.8333333333333334,0.5223035515866229,0.7896884448945672,1.1034592199080127,1.4733974345029925
2023-10-06 16:35:00,27963.653898662746,2.8961637109486444,1.0031785803766247,1.4544471157014311,0.3942313973931427,8.0085699,3.0,7.800000000000001,1.2000000000000002,0.8333333333333334,0.5223035515866229,0.7896884448945672,1.1034592199080127,1.4733974345029925
2023-10-06 16:40:00,27963.62753055054,3.235004355081016,1.1047751966001906,1.6278775742879117,0.3612020086713334,8.0085699,3.0,7.800000000000001,1.2000000000000002,0.8333333333333334,0.5223035515866229,0.7896884448945672,1.1034592199080127,1.4733974345029925
2023-10-06 16:45:00,27963.614346494745,5.097677750449723,1.7490466486526641,2.474792288561682,0.3880602699490977,8.0085699,3.0,7.800000000000001,1.2000000000000002,0.5100990099970789,0.5265216044950103,0.8016871210141772,1.0840397824803294,1.395313584826006
2023-10-06 16:50:00,27963.587978383766,3.019695754973587,0.965962314097557,1.6286756836627132,0.39422837398004024,8.0085699,3.0,7.800000000000001,1.2000000000000002,0.5100990099970789,0.5265216044950103,0.8016871210141772,1.0840397824803294,1.395313584826006
2023-10-06 16:55:00,27963.561610273617,3.3920390395609172,1.021908400771993,1.9053069598750418,0.3699779015841266,8.0085699,3.0,7.800000000000001,1.2000000000000002,0.5100990099970789,0.5265216044950103,0.8016871210141772,1.0840397824803294,1.395313584826006
2023-10-06 17:00:00,27963.53524216428,3.2510863784181874,1.003257382972089,1.7963951754215712,0.37294346120858707,8.0085699,3.0,7.800000000000001,1.2000000000000002,0.5121728223949412,0.5370437598557496,0.8233032005282137,1.1883450677307497,1.6350584087426356
2023-10-06 17:05:00,27963.508874055766,3.259247208984451,0.9926164987969534,1.820497959903223,0.36410339447612305,8.0085699,3.0,7.800000000000001,1.2000000000000002,0.5121728223949412,0.5370437598557496,0.8233032005282137,1.1883450677307497,1.6350584087426356
2023-10-06 17:10:00,27963.482505948075,3.6197670104491873,1.1692970214576894,1.9037331829788606,0.3759274988257649,8.0085699,3.0,7.800000000000001,1.2000000000000002,0.5121728223949412,0.5370437598557496,0.8233032005282137,1.1883450677307497,1.6350584087426356
2023-10-06 17:15:00,27963.45613784121,2.944751340681974,0.981999266707379,1.53247401985043,0.3699744603041198,8.0085699,3.0,7.800000000000001,1.2000000000000002,0.5141984052872977,0.5419234263251589,0.835594734306051,1.1859200015178089,1.6083046974998239
2023-10-06 17:20:00,28093.315789138676,2.266379730380592,0.721894692754141,1.2761141882265672,0.34423025161900256,8.0085699,3.0,7.800000000000001,1.2000000000000002,0.5141984052872977,0.5419234263251589,0.835594734306051,1.1859200015178089,1.6083046974998239
2023-10-06 17:25:00,28093.289417016724,1.675057925105316,0.4804723116170368,1.0919376612149103,0.3204902753377877,8.0085699,3.0,7.800000000000001,1.2000000000000002,0.5141984052872977,0.5419234263251589,0.835594734306051,1.1859200015178089,1.6083046974998239
2023-10-06 17:30:00,28482.998314405664,2.164103516055363,0.6097793420377551,1.3503339084628212,0.3469981156777851,8.0085699,3.0,0.20025983121934365,0.04036087214122113,0.5206006146750117,0.547883199231369,0.833489628009851,1.1859200015178089,1.6783622970026464
2023-10-06 17:35:00,28482.95873864388,2.021593316691181,0.5186086222756576,1.35873302926526,0.32301385957103407,8.0085699,3.0,7.800000000000001,1.2000000000000002,0.5206006146750117,0.547883199231369,0.833489628009851,1.1859200015178089,1.6783622970026464
2023-10-06 17:40:00,28223.102763816063,2.049907803975243,0.5186237115533847,1.3859097696682203,0.3230133037191557,8.0085699,3.0,7.800000000000001,1.2000000000000002,0.5206006146750117,0.547883199231369,0.833489628009851,1.1859200015178089,1.6783622970026464
2023-10-06 17:45:00,28223.07638773632,2.7790247257061083,0.8550173370059637,1.5643576928453427,0.32301274786870626,8.0085699,3.0,7.800000000000001,1.2000000000000002,0.5179044313384469,0.5450587124338074,0.8268034833018061,1.2840678525685472,2.097225786604771
2023-10-06 17:50:00,28093.157556419133,3.349289799840365,1.0942751449749955,1.7540896422743109,0.34699526564925215,8.0085699,3.0,7.800000000000001,1.2000000000000002,0.5179044313384469,0.5450587124338074,0.8268034833018061,1.2840678525685472,2.097225786604771
2023-10-06 17:55:00,28093.131184302045,3.5398621359335176,1.0648436928916853,1.9842629305005766,0.3307615900096953,8.0085699,3.0,7.800000000000001,1.2000000000000002,0.5179044313384469,0.5450587124338074,0.8268034833018061,1.2840678525685472,2.097225786604771
2023-10-06 18:00:00,28093.09162612793,2.285882994648654,0.5552069230498587,1.5544398060837674,0.30600632710086995,8.0085699,0.04459820624195552,0.14709180806557515,0.034985711369071804,0.5195007218474291,0.5482928049865328,0.8303739880318988,1.2313578886741254,1.8106904760339355
2023-10-06 18:05:00,28222.95769538737,2.2449000880390573,0.5235276834705397,1.5664750188095273,0.3037108273924465,8.0085699,3.0,7.800000000000001,1.2000000000000002,0.5195007218474291,0.5482928049865328,0.8303739880318988,1.2313578886741254,1.8106904760339355
2023-10-06 18:10:00,28612.73701522346,2.351108525564581,0.5700283958949057,1.5937679939360987,0.3155287537492008,8.0085699,3.0,7.800000000000001,1.2000000000000002,0.5195007218474291,0.5482928049865328,0.8303739880318988,1.2313578886741254,1.8106904760339355
2023-10-06 18:15:00,28352.829940981814,2.2528367571345815,0.5725180012881705,1.4945129219075934,0.3083351717791983,8.0085699,3.0,7.800000000000001,1.2000000000000002,0.535956154923143,0.5720874059092719,0.8649211755992565,1.1932313271113861,1.5846690506222427
2023-10-06 18:20:00,28222.891755200493,2.6916926076708645,0.8078890960490736,1.5518568634320682,0.3155277556816141,8.0085699,3.0,7.800000000000001,1.2000000000000002,0.535956154923143,0.5720874059092719,0.8649211755992565,1.1932313271113861,1.5846690506222427
2023-10-06 18:25:00,28222.852191090773,3.9252770994506774,1.3177799532270693,1.9773916954560469,0.3106986753731209,8.0085699,3.0,7.800000000000001,1.2000000000000002,0.535956154923143,0.5720874059092719,0.8649211755992565,1.1932313271113861,1.5846690506222427
2023-10-06 18:30:00,28222.83900305458,7.97303215426014,2.5636623586033225,4.083214200213462,0.33606379587742213,8.0085699,0.05028916384272063,0.16475436261295176,0.034985711369071804,0.5208800245737976,0.5550504481576427,0.8578397053063003,1.179512717184516,1.5568185507630616
2023-10-06 18:35:00,28222.812626982835,6.526710689736952,2.054884242083829,3.4227144240987384,0.3230072399733055,8.0085699,3.0,7.800000000000001,1.2000000000000002,0.5208800245737976,0.5550504481576427,0.8578397053063003,1.179512717184516,1.5568185507630616
2023-10-06 18:40:00,29913.058815773973,7.517045407504441,2.63490327839155,3.521681213148948,0.32048226144812103,8.0085699,3.0,7.800000000000001,1.2000000000000002,0.5208800245737976,0.5550504481576427,0.8578397053063003,1.179512717184516,1.5568185507630616
2023-10-06 18:45:00,31084.864185819053,9.495242565775385,3.3258919097429986,4.434639629384599,0.33339516541499975,8.0085699,3.0,7.800000000000001,1.2000000000000002,0.525281829116523,0.5687187354044176,0.8758799917796958,1.2081738285528287,1.6133505508723143
2023-10-06 18:55:00,29262.522161663583,8.796337017593109,2.843206167853914,4.475604855802108,0.3360606228174298,0.8427238051538832,3.0,7.800000000000001,1.2000000000000002,0.525281829116523,0.5687187354044176,0.8758799917796958,1.2081738285528287,1.6133505508723143
2023-10-06 19:00:00,28482.52340537961,9.063939140956697,2.9227175571734465,4.62059451479382,0.3333933175853052,0.8532684849910264,0.04743416490252569,0.28955828428832764,0.034985711369071804,0.5246722786654542,0.5790198614900874,0.9049535678696449,1.3463663134526205,1.9912307751739877
2023-10-06 19:05:00,28612.44675126708,7.177834899132258,2.2380826990191163,3.78969354675676,0.346984612853704,0.8199780806591805,3.0,7.800000000000001,1.2000000000000002,0.5246722786654542,0.5790198614900874,0.9049535678696449,1.3463663134526205,1.9912307751739877
2023-10-06 19:10:00,28482.483829638797,5.9703904731526825,1.8175920490833213,3.233021762204103,0.33875181466522125,0.819969676995582,3.0,7.800000000000001,1.2000000000000002,0.5246722786654542,0.5790198614900874,0.9049535678696449,1.3463663134526205,1.9912307751739877
2023-10-06 19:15:00,28482.457445812564,7.018768963131575,2.221704277882577,3.656673513365237,0.35829360215608314,0.8532344958941536,3.0,7.800000000000001,1.2000000000000002,0.5265216044950103,0.5925571702376067,0.9434732428638344,1.3656134152826707,1.9494912156765416
2023-10-06 19:20:00,28612.380782199027,8.08469133263052,2.5555816916779843,4.206608853415754,0.37590431633566473,0.8642382161963267,3.0,7.800000000000001,1.2000000000000002,0.5265216044950103,0.5925571702376067,0.9434732428638344,1.3656134152826707,1.9494912156765416
2023-10-06 19:25:00,28352.473811305594,8.339672152300738,2.487139668761028,4.5649737042329654,0.37590342243201363,0.8496425964300531,3.0,7.800000000000001,1.2000000000000002,0.5265216044950103,0.5925571702376067,0.9434732428638344,1.3656134152826707,1.9494912156765416
2023-10-06 19:30:00,28352.447431335277,7.996627737268198,2.2217469364212574,4.629386878188837,0.37590252853004846,0.8199359303604841,0.04459820624195552,0.3289707585789351,0.034985711369071804,0.5262090839200707,0.5867273642842986,0.9284006893577793,1.2897326273301766,1.7522796580454845
2023-10-06 19:35:00,29392.368506963783,9.19275068262769,2.835088383205262,4.882755562988656,0.3759016346297692,0.8325725200081417,3.0,7.800000000000001,1.2000000000000002,0.5262090839200707,0.5867273642842986,0.9284006893577793,1.2897326273301766,1.7522796580454845
2023-10-06 19:40:00,28872.216975196643,10.427007258842314,3.0571860361399947,5.773506958704837,0.40042769931897915,0.8717791102695638,3.0,7.800000000000001,1.2000000000000002,0.5262090839200707,0.5867273642842986,0.9284006893577793,1.2897326273301766,1.7522796580454845
2023-10-06 19:45:00,29262.25810288095,10.724023474415016,3.529127073709621,5.348205459487538,0.37890396410282967,0.8835102814044118,3.0,7.800000000000001,1.2000000000000002,0.5246722786654542,0.5925571702376067,0.9485929791011527,1.4337908668979586,2.092411049483347
2023-10-06 19:50:00,28222.43017403216,8.309773607592458,2.3831947736612267,4.694188803333329,0.39109999106781085,0.9255607198189738,3.0,7.800000000000001,1.2000000000000002,0.5246722786654542,0.5925571702376067,0.9485929791011527,1.4337908668979586,2.092411049483347
2023-10-06 19:55:00,28222.403797972795,7.456656451350763,2.003229819389817,4.426332636536905,0.37589805904551177,0.8567629007453137,3.0,7.800000000000001,1.2000000000000002,0.5246722786654542,0.5925571702376067,0.9485929791011527,1.4337908668979586,2.092411049483347
2023-10-06 20:00:00,28222.37742191421,5.92741527799302,1.6761247591688064,3.4066531445228048,0.37291201874933455,0.8026792337246658,0.04743416490252569,0.31821728425715656,1.2000000000000002,0.520322976621252,0.5696744684466735,0.8878710717215648,1.347371144117314,2.0430261868121025
2023-10-06 20:05:00,28222.35104585644,5.030272511835044,1.5755377812564635,2.6718319851327745,0.37589627126349906,0.8168608257311893,3.0,7.800000000000001,1.2000000000000002,0.520322976621252,0.5696744684466735,0.8878710717215648,1.347371144117314,2.0430261868121025
2023-10-06 20:10:00,29392.18364130686,6.407407400393447,2.0360397704858078,3.3331096290234146,0.3758953773750217,0.8425673693097071,3.0,7.800000000000001,1.2000000000000002,0.520322976621252,0.5696744684466735,0.8878710717215648,1.347371144117314,2.0430261868121025
2023-10-06 20:15:00,29782.418733023467,8.221327163205467,2.4325274352186956,4.530638398004349,0.39729583017158476,0.8495324344071928,3.0,7.800000000000001,1.2000000000000002,0.5121728223949412,0.5396378415196621,0.8283251535478082,1.1503009388851249,1.5172672803431833
2023-10-06 20:20:00,29002.023721266967,7.660891312466108,2.287521916671654,4.194500492607037,0.40355963468274364,0.8292431397680764,3.0,7.800000000000001,1.2000000000000002,0.5121728223949412,0.5396378415196621,0.8283251535478082,1.1503009388851249,1.5172672803431833
2023-10-06 20:25:00,29782.379103594532,8.27544090589662,2.4845659295220357,4.504953102986135,0.39418527661378466,0.8391287800872066,3.0,7.800000000000001,1.2000000000000002,0.5121728223949412,0.5396378415196621,0.8283251535478082,1.1503009388851249,1.5172672803431833
2023-10-06 20:30:00,31214.5343052768,6.858117480722404,1.7333753500370406,4.24431560597572,0.40355753612743034,0.86783452479611,0.04178516483155236,0.21094416322809217,1.2000000000000002,0.8333333333333334,0.5255891931917931,0.8029659021403088,1.109883890323668,1.459799986299493
2023-10-06 20:35:00,30172.72291469429,11.024095216265613,3.188984635893982,6.167494145937506,0.46238572800551675,0.9123472826679994,3.0,7.800000000000001,1.2000000000000002,0.8333333333333334,0.5255891931917931,0.8029659021403088,1.109883890323668,1.459799986299493
2023-10-06 20:40:00,40230.43881261531,13.334748242415245,4.177280294713077,6.961696089170513,0.521036528626927,0.9343003638781715,3.0,7.800000000000001,1.2000000000000002,0.8333333333333334,0.5255891931917931,0.8029659021403088,1.109883890323668,1.459799986299493
2023-10-06 20:45:00,30693.44197451046,12.46380607741989,3.545741234614787,7.0584354172389885,0.47254784939976546,0.9253742972353507,3.0,7.800000000000001,1.2000000000000002,0.8333333333333334,0.5171305444469511,0.7831956077507074,1.058329934377744,1.3585006440925966
2023-10-06 20:50:00,32387.53202942628,10.634485475410509,2.8654346510390862,6.2740015647634975,0.5458270167691766,0.8996200359530072,3.0,7.800000000000001,1.2000000000000002,0.8333333333333334,0.5171305444469511,0.7831956077507074,1.058329934377744,1.3585006440925966
2023-10-06 20:55:00,35912.619949987224,12.509601678540399,3.58144817566079,7.049506992335323,0.6145447391346693,0.9525275504306256,3.0,7.800000000000001,1.2000000000000002,0.8333333333333334,0.5171305444469511,0.7831956077507074,1.058329934377744,1.3585006440925966
2023-10-06 21:00:00,48229.42583254009,10.51704499141027,3.3152493055182792,5.468686283080832,0.733622767967173,1.015826591994992,0.04178516483155236,0.20025983121934365,1.2000000000000002,0.8333333333333334,0.5144326972500873,0.7856564134531074,1.0990614177560778,1.4776481313222036
2023-10-06 21:05:00,37874.08406961862,5.917473060201677,1.932468380164595,3.0055033597028804,0.7148031331397993,0.8793332943260328,3.0,7.800000000000001,1.2000000000000002,0.8333333333333334,0.5144326972500873,0.7856564134531074,1.0990614177560778,1.4776481313222036
2023-10-06 21:10:00,39706.42706963942,3.933775714221346,1.0841893914243579,2.3413013133785823,0.6550781775387318,0.8390377368043469,3.0,7.800000000000001,1.2000000000000002,0.8333333333333334,0.5144326972500873,0.7856564134531074,1.0990614177560778,1.4776481313222036
2023-10-06 21:15:00,46129.43148063694,3.9835306129212045,0.8267808817446053,2.791065228021022,0.5962764480429376,0.856577264236935,3.0,7.800000000000001,1.2000000000000002,0.8333333333333334,0.8333333333333334,1.25,1.0498001000190464,1.375491184995382
2023-10-06 21:20:00,32648.20059127193,3.8919827494890717,0.7693113657701464,2.7913877978744392,0.5999171097797712,0.8715225567376805,3.0,7.800000000000001,1.2000000000000002,0.8333333333333334,0.8333333333333334,1.25,1.0498001000190464,1.375491184995382
2023-10-06 21:25:00,31996.168986652498,6.8860133886335095,1.728093139370517,4.280205720121081,0.6550711703237951,0.8108835822466374,3.0,7.800000000000001,1.2000000000000002,0.8333333333333334,0.8333333333333334,1.25,1.0498001000190464,1.375491184995382
2023-10-06 21:30:00,28741.662920724833,6.092213462302239,1.8016531560199418,3.3782044111312213,0.6736438871773545,0.7923319609635169,0.03900000000000001,0.18958860725265114,0.037500000000000006,0.8333333333333334,0.5104987757086201,0.7747847184863677,1.6666666666666667,2.0833333333333335
2023-10-06 21:35:00,33300.39950116464,3.4185024403472526,1.1325205024240317,1.7635945830044426,0.6218616940481896,0.8197256177946949,3.0,7.800000000000001,1.2000000000000002,0.8333333333333334,0.5104987757086201,0.7747847184863677,1.6666666666666667,2.0833333333333335
2023-10-06 21:40:00,31605.05806165335,4.457182748794852,1.345409115716404,2.457237814395965,0.6402680430559718,0.8423800322055923,3.0,7.800000000000001,1.2000000000000002,0.8333333333333334,0.5104987757086201,0.7747847184863677,1.6666666666666667,2.0833333333333335
2023-10-06 21:45:00,30302.525869427485,6.375832837424079,1.9707903370141235,3.4013210143509607,0.6255310187583829,0.8080202666352346,3.0,7.800000000000001,1.2000000000000002,0.8333333333333334,0.5141984052872977,0.7788452991448301,1.0857849695036306,1.4577379737113252
2023-10-06 21:50:00,29391.64224922523,5.582465726974669,1.68461667482712,3.0515986709701197,0.6145206827259377,0.7998802970255874,3.0,7.800000000000001,1.2000000000000002,0.8333333333333334,0.5141984052872977,0.7788452991448301,1.0857849695036306,1.4577379737113252
2023-10-06 21:55:00,30562.839245547588,5.094305759352914,1.4239401646693648,2.9667296894026394,0.6145184957889503,0.8080056496950611,3.0,7.800000000000001,1.2000000000000002,0.8333333333333334,0.5141984052872977,0.7788452991448301,1.0857849695036306,1.4577379737113252
2023-10-06 22:00:00,29391.58943050146,4.852414395444053,1.3184438464062307,2.8889785476471714,0.5636980554328807,0.7875704143114951,0.03624913792078372,0.16121588011111063,0.034985711369071804,0.8333333333333334,0.5135065724993206,0.7772489948530007,1.063846323488501,1.37632699602965
2023-10-06 22:05:00,29651.729227836575,3.5546159325779754,1.0522598056184251,2.0178836148816597,0.5386834568745854,1.25,3.0,7.800000000000001,1.2000000000000002,0.8333333333333334,0.5135065724993206,0.7772489948530007,1.063846323488501,1.37632699602965
2023-10-06 22:10:00,29261.49233281658,2.0720934175013346,0.6739949470451759,1.1656190260512236,0.5174914980278214,1.25,3.0,7.800000000000001,1.2000000000000002,0.8333333333333334,0.5135065724993206,0.7772489948530007,1.063846323488501,1.37632699602965
2023-10-06 22:15:00,29001.41655099356,2.21864698131329,0.7279880594734528,1.222141024385839,0.5069908472266189,8.0085699,3.0,7.800000000000001,1.2000000000000002,0.8333333333333334,0.5176446657698697,0.7825076613043479,1.0840397824803294,1.4660341060152728
2023-10-06 22:25:00,29001.350554248176,2.788885792060243,0.8348742001125498,1.604493264020783,0.5000266531279473,1.25,3.0,7.800000000000001,1.2000000000000002,0.8333333333333334,0.5176446657698697,0.7825076613043479,1.0840397824803294,1.4660341060152728
2023-10-06 22:30:00,28871.332740707112,2.582951105778335,0.790383372331846,1.473955378407364,0.44894570694577907,1.25,0.03900000000000001,0.16829545448407096,1.2000000000000002,0.8333333333333334,0.5243700983084371,0.796714152001833,1.076661971093992,1.4884098897817093
2023-10-06 22:35:00,28611.364859155954,2.7309640940216418,0.9166470403192626,1.4256594373838885,0.45228027943370047,0.7875333850447381,3.0,7.800000000000001,1.2000000000000002,0.8333333333333334,0.5243700983084371,0.796714152001833,1.076661971093992,1.4884098897817093
2023-10-06 22:40:00,28351.471372987846,2.82563522969481,0.9246074718878273,1.5042202876960202,0.45562573784555893,1.25,3.0,7.800000000000001,1.2000000000000002,0.8333333333333334,0.5243700983084371,0.796714152001833,1.076661971093992,1.4884098897817093
2023-10-06 22:45:00,28481.375709606113,2.1201037779539273,0.6869001479526569,1.191155633934511,0.42267627824469733,1.25,3.0,7.800000000000001,1.2000000000000002,0.5132796508726992,0.5317527620990793,0.806886460414351,1.1158068829327055,1.6299128811074535
2023-10-06 22:50:00,28351.418613107897,1.908963030144042,0.6461087018616758,1.0563330307353347,0.3941562177598715,1.25,3.0,7.800000000000001,1.2000000000000002,0.5132796508726992,0.5317527620990793,0.806886460414351,1.1158068829327055,1.6299128811074535
2023-10-06 22:55:00,28351.379043200013,1.5243285204119785,0.519569133314853,0.8955056134046875,0.38798883479761764,1.25,3.0,7.800000000000001,1.2000000000000002,0.5132796508726992,0.5317527620990793,0.806886460414351,1.1158068829327055,1.6299128811074535
2023-10-06 23:00:00,28351.365853231106,1.5797423761399896,0.5341159456509309,0.9232706677337503,0.391062619233211,1.25,0.03900000000000001,0.22520710468366664,1.2000000000000002,0.5200471132503285,0.5450587124338074,0.8268034833018061,1.1451480253661535,1.512747169886627
2023-10-06 23:05:00,28351.339473293898,1.9977161663882892,0.6436187780003297,1.1417553592110854,0.3699146392734813,1.25,3.0,7.800000000000001,1.2000000000000002,0.5200471132503285,0.5450587124338074,0.8268034833018061,1.1451480253661535,1.512747169886627
2023-10-06 23:10:00,28221.41469632293,1.8036012810600301,0.653790337340017,0.950497528342634,0.3941522076278536,0.7852339581895091,3.0,7.800000000000001,1.2000000000000002,0.5200471132503285,0.5450587124338074,0.8268034833018061,1.1451480253661535,1.512747169886627
2023-10-06 23:15:00,28351.286713421825,1.8599135671097362,0.6665389886216058,0.982548481667328,0.3669676861963433,1.25,3.0,7.800000000000001,1.2000000000000002,0.5225935322982863,0.5458580401532984,0.8213349134183936,1.1245933709568094,1.5652041400405252
2023-10-06 23:20:00,28091.46974255824,2.1600265737751405,0.7566911965035161,1.125476324273512,0.3497404882051984,0.7852238625218803,3.0,7.800000000000001,1.2000000000000002,0.5225935322982863,0.5458580401532984,0.8213349134183936,1.1245933709568094,1.5652041400405252
2023-10-06 23:25:00,28221.335568239476,2.0662863488280037,0.6972885238485018,1.1257883536898095,0.34694773200588397,1.25,3.0,7.800000000000001,1.2000000000000002,0.5225935322982863,0.5458580401532984,0.8213349134183936,1.1245933709568094,1.5652041400405252
2023-10-06 23:30:00,28091.416998428544,1.6148744483147992,0.5784403396328056,0.8907642952188506,0.34694701269159967,1.25,0.03624913792078372,0.16829545448407096,1.2000000000000002,0.5231787457456581,0.5503635162326805,0.8329668420771621,1.1940503548845836,1.833974918040048
2023-10-06 23:35:00,28221.282816187824,1.670632074376457,0.6109080548291302,0.8938833068514016,0.3441783619379255,0.7921876650540234,3.0,7.800000000000001,1.2000000000000002,0.5231787457456581,0.5503635162326805,0.8329668420771621,1.1940503548845836,1.833974918040048
2023-10-06 23:40:00,28221.243252151187,2.2085009307689565,0.7671508946533737,1.154999145903321,0.3441776763505052,1.25,3.0,7.800000000000001,1.2000000000000002,0.5231787457456581,0.5503635162326805,0.8329668420771621,1.1940503548845836,1.833974918040048
2023-10-06 23:45:00,28351.141623789896,2.3268909296398714,0.7256872410924532,1.3276453606306988,0.3204497097846211,0.7897854598765517,3.0,7.800000000000001,1.2000000000000002,0.5234739726099092,0.5520470994398938,0.8314069039886546,1.1669628314560836,1.713500510650639
2023-10-06 23:50:00,28221.20368811635,2.3308658532748714,0.7334579390972079,1.3196924485209267,0.3204491856051101,1.25,3.0,7.800000000000001,1.2000000000000002,0.5234739726099092,0.5520470994398938,0.8314069039886546,1.1669628314560836,1.713500510650639
2023-10-06 23:55:00,28221.17731209413,1.9155511524607256,0.6488492937549531,1.0583408632991944,0.3179558580133895,1.25,3.0,7.800000000000001,1.2000000000000002,0.5234739726099092,0.5520470994398938,0.8314069039886546,1.1669628314560836,1.713500510650639
2023-10-07 00:15:00,28091.179649885016,1.4279353420974776,0.5125873997273332,0.8221842830628757,0.31066605567562805,0.7851684303963505,3.0,7.800000000000001,1.2000000000000002,0.5228852646613786,0.551202322201204,0.8314069039886546,1.1981652640600127,1.6703784002434898
2023-10-07 00:20:00,28091.166463856727,1.4907981326075197,0.5416666568687643,0.8352278065136234,0.30597345054655584,1.25,3.0,7.800000000000001,1.2000000000000002,0.5228852646613786,0.551202322201204,0.8314069039886546,1.1981652640600127,1.6703784002434898
2023-10-07 00:25:00,28091.1400918008,1.3456551784485067,0.5126172523796311,0.7540242544815307,0.29701613583587416,0.7921300884024802,3.0,7.800000000000001,1.2000000000000002,0.5228852646613786,0.551202322201204,0.8314069039886546,1.1981652640600127,1.6703784002434898
2023-10-07 00:30:00,28091.11371974567,1.4354522290993315,0.5295303592109804,0.8051965788221902,0.3204449173358734,0.7897358475453518,3.0,7.800000000000001,1.2000000000000002,0.5246722786654542,0.5520470994398938,0.8314069039886546,1.1700667715989546,1.5785423656018864
2023-10-07 00:35:00,28091.087347691348,1.753406333695311,0.6261944050780118,0.9450407258329597,0.33601721695215486,0.7921185774171569,3.0,7.800000000000001,1.2000000000000002,0.5246722786654542,0.5520470994398938,0.8314069039886546,1.1700667715989546,1.5785423656018864
2023-10-07 00:40:00,28220.95311593745,1.9306944502501273,0.6161346578690393,1.1206972915025981,0.320443869002569,0.7921128658998942,3.0,7.800000000000001,1.2000000000000002,0.5246722786654542,0.5520470994398938,0.8314069039886546,1.1700667715989546,1.5785423656018864
2023-10-07 00:45:00,28091.034603585143,2.4812032251242657,0.7284597339743674,1.4707424846167265,0.31795068086783057,0.7921070895950522,3.0,7.800000000000001,1.2000000000000002,0.5277887835109799,0.5567988864931395,0.8377220541444519,1.1685119811110196,1.5640012787718558
2023-10-07 00:50:00,28091.008231533262,2.157930667106665,0.6719405902772588,1.2491000339785854,0.3036770964053335,0.7921013353684598,3.0,7.800000000000001,1.2000000000000002,0.5277887835109799,0.5567988864931395,0.8377220541444519,1.1685119811110196,1.5640012787718558
2023-10-07 00:55:00,28090.981859482177,2.084526792711374,0.6136674994750025,1.2686417606756104,0.3014187906186129,0.7920956032160253,3.0,7.800000000000001,1.2000000000000002,0.5277887835109799,0.5567988864931395,0.8377220541444519,1.1685119811110196,1.5640012787718558
2023-10-07 01:00:00,28090.955487431915,1.910007844921434,0.5811991225617703,1.1543111164390218,0.3082987902595885,0.7920898280017107,3.0,0.14356935606180032,1.2000000000000002,0.5388886712485242,0.5696744684466735,0.8520794329169082,1.169288672655303,1.5568185507630616
2023-10-07 01:05:00,28090.942301407085,2.566969660109796,0.7259386733573574,1.5572071351054815,0.31794861004783126,0.792084118280139,3.0,7.800000000000001,1.2000000000000002,0.5388886712485242,0.5696744684466735,0.8520794329169082,1.169288672655303,1.5568185507630616
2023-10-07 01:10:00,28090.902743333798,2.357644394827605,0.6668983347196341,1.4469259261414447,0.3204406491550581,0.7896917999111202,3.0,7.800000000000001,1.2000000000000002,0.5388886712485242,0.5696744684466735,0.8520794329169082,1.169288672655303,1.5568185507630616
2023-10-07 01:15:00,28220.755295847128,2.3411523978149633,0.7079192867946388,1.3681483044348732,0.3204401249985982,1.25,3.0,7.800000000000001,1.2000000000000002,0.5450587124338074,0.5846443363276514,0.8685297922351312,1.3117930477022661,2.1084838154465406
2023-10-07 01:20:00,28220.742107842703,2.083946420186806,0.7079349325036787,1.126470584044327,0.3154857929764658,0.7896808126619934,3.0,7.800000000000001,1.2000000000000002,0.5450587124338074,0.5846443363276514,0.8685297922351312,1.3117930477022661,2.1084838154465406
2023-10-07 01:25:00,28220.71573183446,2.2427919579863014,0.7883255344175777,1.1558711195102491,0.3204390517300079,0.792061131034208,3.0,7.800000000000001,1.2000000000000002,0.5450587124338074,0.5846443363276514,0.8685297922351312,1.3117930477022661,2.1084838154465406
2023-10-07 01:30:00,28220.689355827017,2.6691910435048403,0.798786576329462,1.5440540752819645,0.3204385275776123,0.7920553579984183,0.03900000000000001,0.1931440912893791,1.2000000000000002,0.5559217570845739,0.599634055070257,0.886588878793322,1.25360918950046,1.9587148848160623
2023-10-07 01:35:00,28220.662979820372,2.7349483308849565,0.7234506445478326,1.7239609463956196,0.3130551042489535,0.7920496287297514,3.0,7.800000000000001,1.2000000000000002,0.5559217570845739,0.599634055070257,0.886588878793322,1.25360918950046,1.9587148848160623
2023-10-07 01:40:00,28220.636603814513,2.6524948637627612,0.690012055920432,1.696041154722536,0.32043745431734433,0.7920438998205694,3.0,7.800000000000001,1.2000000000000002,0.5559217570845739,0.599634055070257,0.886588878793322,1.25360918950046,1.9587148848160623
2023-10-07 01:45:00,28220.610227809466,2.5906880255050884,0.6491918087106487,1.7002327540182425,0.3204369301690131,0.7873330259696659,3.0,7.800000000000001,1.2000000000000002,0.5621823547568885,0.6184626100258609,0.9269881552641328,1.2793764106001018,1.8917980864775183
2023-10-07 01:50:00,28220.58385180521,2.627576756889703,0.6619249363143599,1.7160145778669913,0.3386993438741572,0.7873277681990983,3.0,7.800000000000001,1.2000000000000002,0.5621823547568885,0.6184626100258609,0.9269881552641328,1.2793764106001018,1.8917980864775183
2023-10-07 01:55:00,28350.455745852552,2.3484024516498656,0.581368124759274,1.572859508036959,0.32043585691706744,0.7920266935543665,3.0,7.800000000000001,1.2000000000000002,0.5621823547568885,0.6184626100258609,0.9269881552641328,1.2793764106001018,1.8917980864775183
2023-10-07 02:00:00,28610.296162116298,1.92480194538259,0.5225386866949643,1.2599334611738757,0.3059648012112385,1.25,0.04178516483155236,0.20025983121934365,1.2000000000000002,0.573551218288306,0.6365814951755981,0.9612187264093432,1.3079178108734508,1.7452862229445347
2023-10-07 02:05:00,28740.237788584313,1.4411876941233652,0.4540945227998223,0.9193633597115526,0.2927577036706798,1.25,3.0,7.800000000000001,1.2000000000000002,0.573551218288306,0.6365814951755981,0.9612187264093432,1.3079178108734508,1.7452862229445347
2023-10-07 02:10:00,29000.175812950187,1.5794195157993984,0.5153354481739347,0.9506303695770162,0.2886664788854589,1.25,3.0,7.800000000000001,1.2000000000000002,0.573551218288306,0.6365814951755981,0.9612187264093432,1.3079178108734508,1.7452862229445347
2023-10-07 02:15:00,29130.158520972112,1.6310600606235155,0.5371385966344498,0.9646348551674098,0.2970080357459638,1.25,3.0,7.800000000000001,1.2000000000000002,0.5888301962365721,0.6555730317821197,0.9802619241814914,1.312764354330205,1.735544871214801
2023-10-07 02:20:00,29000.12301562271,1.0988005199233684,0.41369166851483913,0.6889689715177398,0.292756686324412,1.25,3.0,7.800000000000001,1.2000000000000002,0.5888301962365721,0.6555730317821197,0.9802619241814914,1.312764354330205,1.735544871214801
2023-10-07 02:25:00,28870.092174327317,1.358572177454916,0.4587561610082273,0.839635022792856,0.2847417859946623,1.25,3.0,7.800000000000001,1.2000000000000002,0.5888301962365721,0.6555730317821197,0.9802619241814914,1.312764354330205,1.735544871214801
2023-10-07 02:30:00,29130.079314180297,1.6068114695992712,0.5081932784555555,0.9860619561507259,0.2886652421046819,1.25,0.04178516483155236,0.154147461866876,1.2000000000000002,0.5898889726041673,0.6706780151458671,1.0102268260148313,1.4198816852118348,1.9633379739616919
2023-10-07 02:35:00,28870.05258181042,1.7546765120342822,0.5347654151466863,1.081021974242608,0.28284420851878866,1.25,3.0,7.800000000000001,1.2000000000000002,0.5898889726041673,0.6706780151458671,1.0102268260148313,1.4198816852118348,1.9633379739616919
2023-10-07 02:40:00,28610.08506161524,1.4521992048731347,0.4939171447070694,0.8695969857618138,0.2791839431539749,1.25,3.0,7.800000000000001,1.2000000000000002,0.5898889726041673,0.6706780151458671,1.0102268260148313,1.4198816852118348,1.9633379739616919
2023-10-07 02:45:00,28610.058674056057,1.746417604192367,0.5592654557164499,1.036268389253193,0.27742251837620857,1.25,3.0,7.800000000000001,1.2000000000000002,0.5898889726041673,0.6660330322138686,0.9950959752707274,1.3727855804895386,1.8783247855469511
2023-10-07 02:50:00,28610.03228649763,1.830772592629671,0.5396810196978452,1.1442106166483061,0.2809908080588533,1.25,3.0,7.800000000000001,1.2000000000000002,0.5898889726041673,0.6660330322138686,0.9950959752707274,1.3727855804895386,1.8783247855469511
2023-10-07 02:55:00,28610.01909271872,1.5506140386384788,0.484501525172179,0.9712152262450044,0.27570796216445204,1.25,3.0,7.800000000000001,1.2000000000000002,0.5898889726041673,0.6660330322138686,0.9950959752707274,1.3727855804895386,1.8783247855469511
2023-10-07 03:00:00,28739.947484159416,1.4203338784209294,0.4519580420819098,0.9040309080672061,0.27742186110355804,1.25,0.04459820624195552,0.11208925015361643,1.2000000000000002,0.5820687244647319,0.6693466964137494,1.003023429437219,1.5063207659725069,2.2393445469601145
2023-10-07 03:05:00,28739.921092852604,1.494988892240253,0.4405776801311668,0.989330082690489,0.28473957049275916,1.25,3.0,7.800000000000001,1.2000000000000002,0.5820687244647319,0.6693466964137494,1.003023429437219,1.5063207659725069,2.2393445469601145
2023-10-07 03:10:00,28739.894701546542,1.1691693305434854,0.3901404094082966,0.7798492000447215,0.26787327953076256,1.25,3.0,7.800000000000001,1.2000000000000002,0.5820687244647319,0.6693466964137494,1.003023429437219,1.5063207659725069,2.2393445469601145
2023-10-07 03:15:00,28609.900348717063,1.365259031457975,0.45429603337162555,0.852012998798245,0.2693388442376051,1.25,3.0,7.800000000000001,1.2000000000000002,0.5825813247950882,0.6633973168471516,0.9958850536080959,1.4445782256423498,2.2260871501358612
2023-10-07 03:20:00,28609.873961163248,1.1841238569655967,0.37353486964681054,0.8189690621312747,0.2678729785941528,1.25,3.0,7.800000000000001,1.2000000000000002,0.5825813247950882,0.6633973168471516,0.9958850536080959,1.4445782256423498,2.2260871501358612
2023-10-07 03:25:00,28869.788631740703,1.1574990986998273,0.35358435530642335,0.829012504632525,0.27242328631348084,1.25,3.0,7.800000000000001,1.2000000000000002,0.5825813247950882,0.6633973168471516,0.9958850536080959,1.4445782256423498,2.2260871501358612
2023-10-07 03:30:00,28739.789136329862,0.9943380079773495,0.32927495427575154,0.7297315725418065,0.4166666666666667,1.25,0.04459820624195552,0.09486832980505137,1.2000000000000002,0.5925571702376067,0.6800889647685809,1.0313893542208006,1.5448321106191443,2.3331095130747723
2023-10-07 03:35:00,28869.735841735728,1.427398632008326,0.4497689435060773,0.9136936197142473,0.2613443721698024,1.25,3.0,7.800000000000001,1.2000000000000002,0.5925571702376067,0.6800889647685809,1.0313893542208006,1.5448321106191443,2.3331095130747723
2023-10-07 03:40:00,28999.700637108937,1.9103610416458134,0.5767266841067386,1.161485984741999,0.4166666666666667,0.7919063188627935,3.0,7.800000000000001,1.2000000000000002,0.5925571702376067,0.6800889647685809,1.0313893542208006,1.5448321106191443,2.3331095130747723
2023-10-07 03:45:00,29129.683280319277,1.625030409893847,0.5012463474093329,1.0132493030172356,0.4166666666666667,1.25,3.0,7.800000000000001,1.2000000000000002,0.5920211144883263,0.6700119401921133,1.0062169944897572,1.4124469016568375,1.9357127886130214
2023-10-07 03:50:00,28869.656656733838,1.168310279845142,0.4095680278598269,0.7502921401368546,0.4166666666666667,1.25,3.0,7.800000000000001,1.2000000000000002,0.5920211144883263,0.6700119401921133,1.0062169944897572,1.4124469016568375,1.9357127886130214
2023-10-07 03:55:00,28869.630261734703,1.1568562616646072,0.42722766835946874,0.7163647187524469,0.2625401860360347,0.7871965588237857,3.0,7.800000000000001,1.2000000000000002,0.5920211144883263,0.6700119401921133,1.0062169944897572,1.4124469016568375,1.9357127886130214
2023-10-07 04:00:00,28869.603866736317,1.0558795126236922,0.43621350045341367,0.6297754299877394,0.2625400885634997,0.7918834413919078,0.04459820624195552,0.0914601552589979,1.2000000000000002,0.5904201893566987,0.6753636057709951,1.0305659804204679,1.4198816852118348,1.9265658566475221
2023-10-07 04:05:00,28869.57747173867,1.616606420000849,0.5693764034034676,0.9050776080017862,0.2678716602321036,0.7918777229234455,3.0,7.800000000000001,1.2000000000000002,0.5904201893566987,0.6753636057709951,1.0305659804204679,1.4198816852118348,1.9265658566475221
2023-10-07 04:10:00,28999.529045891548,2.9787579799003234,0.9389018153104223,1.6300091926131266,0.26253986925158274,0.7918720048147021,3.0,7.800000000000001,1.2000000000000002,0.5904201893566987,0.6753636057709951,1.0305659804204679,1.4198816852118348,1.9265658566475221
2023-10-07 04:15:00,29129.524866820633,2.896073407602956,0.8833604911949188,1.6342835284926964,0.2625397717801914,0.8020096796571177,3.0,7.800000000000001,1.2000000000000002,0.604648658313239,0.6841703004369599,1.0272799034343074,1.3882971583922514,1.8560398702614123
2023-10-07 04:20:00,29129.498464573397,3.06115268083653,1.0240641784088584,1.5813140457416148,0.27242127312367936,0.7968063301468858,3.0,7.800000000000001,1.2000000000000002,0.604648658313239,0.6841703004369599,1.0272799034343074,1.3882971583922514,1.8560398702614123
2023-10-07 04:25:00,29259.498692890058,3.400415697165606,1.1821579306363876,1.6716696326699558,0.2678710727153044,0.7968001303560215,3.0,7.800000000000001,1.2000000000000002,0.604648658313239,0.6841703004369599,1.0272799034343074,1.3882971583922514,1.8560398702614123
2023-10-07 04:30:00,28999.43665063354,3.081582390484635,0.9548866512722908,1.7052676560523885,0.27917877501131594,0.7918491359770758,0.04459820624195552,0.0914601552589979,1.2000000000000002,0.651067584817429,0.7634978716407794,1.1477427586354008,1.6921066751242368,2.4886952404824503
2023-10-07 04:35:00,28869.41910176848,2.6565946394821043,0.8860626683735021,1.4004392728542177,0.28098558039942884,0.791843419667045,3.0,7.800000000000001,1.2000000000000002,0.651067584817429,0.7634978716407794,1.1477427586354008,1.6921066751242368,2.4886952404824503
2023-10-07 04:40:00,28739.419658166815,2.6359064479795187,0.820320937070563,1.4793705954782066,0.29699735134225935,1.25,3.0,7.800000000000001,1.2000000000000002,0.651067584817429,0.7634978716407794,1.1477427586354008,1.6921066751242368,2.4886952404824503
2023-10-07 04:45:00,28609.438566635992,2.418147747740649,0.7915662124239095,1.3151962390683452,0.2866741862047122,1.25,3.0,7.800000000000001,1.2000000000000002,0.677383938398306,0.7864152846937807,1.157766815900335,1.688478679166545,2.5529543670030614
2023-10-07 04:50:00,28609.41217909559,2.816874397244714,0.9522944126246673,1.4544681548881717,0.2774169836588962,0.7967690914526064,3.0,7.800000000000001,1.2000000000000002,0.677383938398306,0.7864152846937807,1.157766815900335,1.688478679166545,2.5529543670030614
2023-10-07 04:55:00,28349.545639411917,3.4079868197915992,1.0482035481604768,1.8808586982971667,0.2757029656408878,0.7918205796712182,3.0,7.800000000000001,1.2000000000000002,0.677383938398306,0.7864152846937807,1.157766815900335,1.688478679166545,2.5529543670030614
2023-10-07 05:00:00,28609.37259778643,3.283597102299852,0.8914219571120372,1.9993119368414303,0.27741653398407684,0.7967567195323364,0.04743416490252569,0.1718389944104655,1.2000000000000002,0.7064000283125702,0.8074379233105168,1.157766815900335,1.6476620557626493,2.6989190428762404
2023-10-07 05:05:00,28609.333016479006,3.445048935165758,1.0455635614680105,1.9210167379134464,0.29068021082513923,0.8101900521108243,3.0,7.800000000000001,1.2000000000000002,0.7064000283125702,0.8074379233105168,1.157766815900335,1.6476620557626493,2.6989190428762404
2023-10-07 05:10:00,28349.453309825418,4.546218829108872,1.2442174179989438,2.699964808986999,0.2886554282145421,0.7993090232530157,3.0,7.800000000000001,1.2000000000000002,0.7064000283125702,0.8074379233105168,1.157766815900335,1.6476620557626493,2.6989190428762404
2023-10-07 05:15:00,28479.34415977365,3.9553551344019686,1.0322430972537298,2.4425856117448395,0.29699478808599444,0.7967381075060299,3.0,7.800000000000001,1.2000000000000002,0.741824777154282,0.8848163651289458,1.316848419522915,1.9114499731878938,2.9862089679056285
2023-10-07 05:20:00,28349.41374000559,3.4571261942872558,0.931169325212551,2.1081452702586434,0.27917643082684307,0.8019224105505579,3.0,7.800000000000001,1.2000000000000002,0.741824777154282,0.8848163651289458,1.316848419522915,1.9114499731878938,2.9862089679056285
2023-10-07 05:25:00,28479.304584173333,3.320270623530891,0.94179042617953,1.957682998219403,0.2774154444004648,0.801915696610241,3.0,7.800000000000001,1.2000000000000002,0.741824777154282,0.8848163651289458,1.316848419522915,1.9114499731878938,2.9862089679056285
2023-10-07 05:30:00,28479.278200440756,4.246057839720981,1.0082844290267243,2.7671225570254236,0.288654211521515,0.8073442950050499,0.04743416490252569,0.25020503592054255,1.2000000000000002,0.7559689147048311,0.9214532001138203,1.3897481786280563,2.0042876540057812,2.9173611363696472
2023-10-07 05:35:00,28479.251816708962,5.341656464582499,1.2200491672063325,3.5262307689524404,0.27570130022610023,0.8554250228365814,3.0,7.800000000000001,1.2000000000000002,0.7559689147048311,0.9214532001138203,1.3897481786280563,2.0042876540057812,2.9173611363696472
2023-10-07 05:40:00,28739.102962716493,4.204219317859852,0.8704434007259793,2.941151736100084,0.27917548962367766,0.8518296125976854,3.0,7.800000000000001,1.2000000000000002,0.7559689147048311,0.9214532001138203,1.3897481786280563,2.0042876540057812,2.9173611363696472
2023-10-07 05:45:00,28999.040671058487,6.919632524707223,1.8903425340670144,4.06475348400719,0.27741454507554536,0.866454245742418,3.0,7.800000000000001,1.2000000000000002,0.7726066269454334,0.9476418099683025,1.4457510159083409,2.122353410721221,3.2684705903526194
2023-10-07 05:50:00,28349.255460744,6.175985219211126,1.6180637021334758,3.7426341637147478,0.2906773201354596,0.812989451486082,3.0,7.800000000000001,1.2000000000000002,0.7726066269454334,0.9476418099683025,1.4457510159083409,2.122353410721221,3.2684705903526194
2023-10-07 05:55:00,28479.14628178953,4.029209299895903,1.0590830259033002,2.4740499898994255,0.2693337819881398,0.8101151648748299,3.0,7.800000000000001,1.2000000000000002,0.7726066269454334,0.9476418099683025,1.4457510159083409,2.122353410721221,3.2684705903526194
2023-10-07 06:00:00,28349.21589093304,4.3493585967675115,1.0270469686217631,2.840314194323354,0.26933361869962935,1.25,0.04178516483155236,0.20381992051808873,1.2000000000000002,0.7787226720726705,0.954446960286427,1.4324371399820657,2.0630608934299537,3.022582339655944
2023-10-07 06:05:00,28349.189511060045,3.1041281413260293,0.7424036597203976,2.0554830267552457,0.2613415350926758,0.7917407173789436,3.0,7.800000000000001,1.2000000000000002,0.7787226720726705,0.954446960286427,1.4324371399820657,2.0630608934299537,3.022582339655944
2023-10-07 06:10:00,28349.14994125204,2.814980838262104,0.7243149982574137,1.80062842750269,0.4166666666666667,0.7917350295237613,3.0,7.800000000000001,1.2000000000000002,0.7787226720726705,0.954446960286427,1.4324371399820657,2.0630608934299537,3.022582339655944
2023-10-07 06:15:00,28219.225488666347,2.3955465554351427,0.6373569531228498,1.5295462813721434,0.4166666666666667,0.7917293420257709,3.0,7.800000000000001,1.2000000000000002,0.7933826315215126,1.0095191924871958,1.5370070136469773,2.246359777506711,3.2555392794435765
2023-10-07 06:20:00,28219.19911270403,2.6376610217862155,0.6197037191226951,1.7931342840422122,0.4166666666666667,0.7917236332615529,3.0,7.800000000000001,1.2000000000000002,0.7933826315215126,1.0095191924871958,1.5370070136469773,2.246359777506711,3.2555392794435765
2023-10-07 06:25:00,28219.185924723177,2.2725517032691145,0.478065531803616,1.6698403484107651,0.4166666666666667,0.7870397144385908,3.0,7.800000000000001,1.2000000000000002,0.7933826315215126,1.0095191924871958,1.5370070136469773,2.246359777506711,3.2555392794435765
2023-10-07 06:30:00,28219.146360781815,2.9176342630130963,0.5946645084547884,2.1088338066575405,0.4166666666666667,0.7917122384336133,0.05604462507680821,0.22163970763380825,0.032897568299191965,0.7879600243667187,1.0069140976270023,1.5506423959120943,2.3530618351416095,3.752325145826252
2023-10-07 06:35:00,28349.018041904816,3.091011509163736,0.6577216096309134,2.177429583673739,0.26134097701820796,0.8045057854697588,3.0,7.800000000000001,1.2000000000000002,0.7879600243667187,1.0069140976270023,1.5506423959120943,2.3530618351416095,3.752325145826252
2023-10-07 06:40:00,28348.99166203774,3.6875023952537984,0.7997647527371069,2.5404748702573245,0.4166666666666667,0.8446895038099183,3.0,7.800000000000001,1.2000000000000002,0.7879600243667187,1.0069140976270023,1.5506423959120943,2.3530618351416095,3.752325145826252
2023-10-07 06:45:00,29909.12180237664,7.415459519009975,1.6698926285542555,4.897292281942553,0.2650940332433721,0.9834337578526172,3.0,7.800000000000001,1.2000000000000002,0.7996099048911289,1.0330614696134977,1.5991790894080624,2.5047778843642003,3.9908144532162857
2023-10-07 06:50:00,29258.73292499778,10.79502542471411,2.398704792856875,7.149842906023957,0.30364713249983216,0.9981160014373582,3.0,7.800000000000001,1.2000000000000002,0.7996099048911289,1.0330614696134977,1.5991790894080624,2.5047778843642003,3.9908144532162857
2023-10-07 06:55:00,28868.69323974887,12.711856665588273,2.7985096659061246,8.45097362599153,0.29273814737576426,0.9233216695617914,3.0,7.800000000000001,1.2000000000000002,0.7996099048911289,1.0330614696134977,1.5991790894080624,2.5047778843642003,3.9908144532162857
2023-10-07 07:00:00,29388.724018977246,13.008946263384898,2.9931239578697793,8.449325494905475,0.32805770475033347,0.9276996402525035,0.04178516483155236,0.1931440912893791,1.2000000000000002,0.8176851472296657,1.084178952018531,1.683493938213025,2.702798734645256,4.362900411423575
2023-10-07 07:05:00,29128.627190822328,10.371994194182728,2.409691206929505,6.710581548247364,0.32292466363962957,0.8625280288320425,3.0,7.800000000000001,1.2000000000000002,0.8176851472296657,1.084178952018531,1.683493938213025,2.702798734645256,4.362900411423575
2023-10-07 07:10:00,28998.591894407044,8.727742456382689,1.9506006112928629,5.774423006894245,0.33066578137279756,0.801775080885191,3.0,7.800000000000001,1.2000000000000002,0.8176851472296657,1.084178952018531,1.683493938213025,2.702798734645256,4.362900411423575
2023-10-07 07:15:00,28478.724142236206,5.322534136098026,1.1719344117003494,3.581767203299939,0.32040174040370856,1.25,3.0,7.800000000000001,1.2000000000000002,0.8161035473516827,1.057650225736278,1.6034200447792837,2.3952353224683374,3.784400084557657
2023-10-07 07:20:00,28608.633746998858,3.4128099808546932,0.6782713857012427,2.4623100579596655,0.3106265035562618,0.7940877500842172,3.0,7.800000000000001,1.2000000000000002,0.8161035473516827,1.057650225736278,1.6034200447792837,2.3952353224683374,3.784400084557657
2023-10-07 07:25:00,28478.684566663287,4.222486437843631,0.8444592391752598,3.000267218013744,0.3059366942634661,0.8157629980503298,3.0,7.800000000000001,1.2000000000000002,0.8161035473516827,1.057650225736278,1.6034200447792837,2.3952353224683374,3.784400084557657
2023-10-07 07:30:00,30689.85908707775,4.826075879535403,1.0353370949551854,3.3005547372922774,0.3204001432804391,0.8737949693848419,0.03900000000000001,0.22877552316626884,1.2000000000000002,0.7980501237391046,1.0409462041815611,1.6257360671400507,2.348989197506025,3.871355834846495
2023-10-07 07:35:00,28868.46888251154,10.367049232738873,2.921939173204395,5.920655300734306,0.3386541228814931,0.8587782453332529,3.0,7.800000000000001,1.2000000000000002,0.7980501237391046,1.0409462041815611,1.6257360671400507,2.348989197506025,3.871355834846495
2023-10-07 07:40:00,30038.945371813843,8.60151879425876,2.007998136166258,5.56027406181243,0.34687752346169354,0.8895303139861003,3.0,7.800000000000001,1.2000000000000002,0.7980501237391046,1.0409462041815611,1.6257360671400507,2.348989197506025,3.871355834846495
2023-10-07 07:45:00,28738.456376510323,7.8863496523164365,1.2420039557295264,6.029333211993918,0.3359623829950753,0.9059951509927053,3.0,7.800000000000001,1.2000000000000002,0.8043009387039157,1.0558882516630255,1.6214788805285132,2.4676985229156334,3.7957286520508817
2023-10-07 07:50:00,29648.585700752614,8.521813245463617,1.7136210130042404,5.933686456143808,0.344109947834797,0.8854933673720897,3.0,7.800000000000001,1.2000000000000002,0.8043009387039157,1.0558882516630255,1.6214788805285132,2.4676985229156334,3.7957286520508817
2023-10-07 07:55:00,29128.363168629716,9.048678632504593,1.7735342701256658,6.367314558283633,0.3553158637698186,0.8411110204789574,3.0,7.800000000000001,1.2000000000000002,0.8043009387039157,1.0558882516630255,1.6214788805285132,2.4676985229156334,3.7957286520508817
2023-10-07 08:00:00,28868.35010517243,5.6843958034031274,0.9768079853930237,4.246736921332772,0.384828158698684,0.8186840590233477,3.0,7.800000000000001,1.2000000000000002,0.7933826315215126,1.0356876942399191,1.6108492666913312,2.6013846793582833,4.410827586746052
2023-10-07 08:05:00,28608.39625937338,3.864015092970929,0.7350146108641914,2.8184007340168153,0.3817892999508602,0.8186757778263632,3.0,7.800000000000001,1.2000000000000002,0.7933826315215126,1.0356876942399191,1.6108492666913312,2.6013846793582833,4.410827586746052
2023-10-07 08:10:00,28608.369871863277,2.9937104202636995,0.635184490965902,2.1178732558955353,0.3878818063513105,0.8043738775665306,3.0,7.800000000000001,1.2000000000000002,0.7933826315215126,1.0356876942399191,1.6108492666913312,2.6013846793582833,4.410827586746052
2023-10-07 08:15:00,28608.35667810851,2.9399098941225263,0.6580335225782791,2.0281049360930354,0.4034084621339234,0.8623597658756499,3.0,7.800000000000001,1.2000000000000002,0.7787226720726705,1.0034440691936946,1.5527434301905771,2.304295119987889,3.4485208423322606
2023-10-07 08:20:00,32905.144493336215,8.035996253608655,1.7981236647233563,5.31877169454659,0.4129105360426463,0.9143798389894553,3.0,7.800000000000001,1.2000000000000002,0.7787226720726705,1.0034440691936946,1.5527434301905771,2.304295119987889,3.4485208423322606
2023-10-07 08:25:00,28738.258442048187,7.066105064401189,1.3149713504870741,5.097184771142158,0.4225407794891349,0.8343724069551567,3.0,7.800000000000001,1.2000000000000002,0.7787226720726705,1.0034440691936946,1.5527434301905771,2.304295119987889,3.4485208423322606
2023-10-07 08:30:00,28608.277515583944,4.358219281406944,0.9264694868476463,3.0060017882830565,0.42253962148093116,0.8186344866216092,3.0,0.1753848340079609,1.2000000000000002,0.7856436851397712,1.0225771364547518,1.6044807758274948,2.4581029779079637,3.7297045459392626
2023-10-07 08:35:00,28738.1924639036,3.0179017958585317,0.7325224550442192,1.9863752988414454,0.406557055939199,0.8186262080432538,3.0,7.800000000000001,1.2000000000000002,0.7856436851397712,1.0225771364547518,1.6044807758274948,2.4581029779079637,3.7297045459392626
2023-10-07 08:40:00,28348.38492531243,3.547707830194373,0.8762840534329366,2.2823673276717353,0.41290605853096013,0.8343434223743539,3.0,7.800000000000001,1.2000000000000002,0.7856436851397712,1.0225771364547518,1.6044807758274948,2.4581029779079637,3.7297045459392626
2023-10-07 08:45:00,28608.19835306628,7.38323143199549,1.9345080667104246,4.458568098951014,0.41931199344782444,0.8186097063000859,3.0,7.800000000000001,1.2000000000000002,0.7688016649305593,0.9878785350436561,1.5265438611451687,2.286742716179501,3.407550439832109
2023-10-07 08:50:00,28348.332165616892,4.894972643948863,1.0542865885146915,3.3395004666064123,0.41610037124684496,0.8098538448211134,3.0,7.800000000000001,1.2000000000000002,0.7688016649305593,0.9878785350436561,1.5265438611451687,2.286742716179501,3.407550439832109
2023-10-07 08:55:00,28478.222851775132,4.228631361948484,0.789745028229894,3.093139754730123,0.4388478917361579,0.7915474228271329,3.0,7.800000000000001,1.2000000000000002,0.7688016649305593,0.9878785350436561,1.5265438611451687,2.286742716179501,3.407550439832109
2023-10-07 09:00:00,28478.18327622436,3.966564306130696,0.8763469702069859,2.6962201973011086,0.4225326413010203,1.25,0.04743416490252569,0.21450818166214541,0.034985711369071804,0.7634978716407794,0.9801270325830218,1.4963311932857644,2.3015927094079873,4.07067267168462
2023-10-07 09:05:00,28348.25302607949,3.1453329216174533,0.6480236560481204,2.2466895671038327,0.40655063716593354,1.25,3.0,7.800000000000001,1.2000000000000002,0.7634978716407794,0.9801270325830218,1.4963311932857644,2.3015927094079873,4.07067267168462
2023-10-07 09:10:00,28218.32870639625,2.9179669559800123,0.5703092537585367,2.1492789359711706,0.40654953591200765,1.25,3.0,7.800000000000001,1.2000000000000002,0.7634978716407794,0.9801270325830218,1.4963311932857644,2.3015927094079873,4.07067267168462
2023-10-07 09:15:00,28218.30233046112,2.6746753513671178,0.5678533166949329,1.9136836517439133,0.4002584163416726,1.25,3.0,7.800000000000001,1.2000000000000002,0.7604794540288383,0.9887411187970286,1.5119338080749434,2.2530781167105594,3.699570785915577
2023-10-07 09:20:00,28348.173886549182,2.4690999201027926,0.5094169807825212,1.8091166770827107,0.37277238946550545,0.7868575714594717,3.0,7.800000000000001,1.2000000000000002,0.7604794540288383,0.9887411187970286,1.5119338080749434,2.2530781167105594,3.699570785915577
2023-10-07 09:25:00,28348.147506707322,2.8309787051377833,0.5408769892705056,2.1124465856954937,0.37575374715884474,0.7891507552873105,3.0,7.800000000000001,1.2000000000000002,0.7604794540288383,0.9887411187970286,1.5119338080749434,2.2530781167105594,3.699570785915577
2023-10-07 09:30:00,28218.223202660498,3.426280026088843,0.6481014907581997,2.5244903304635993,0.39713366817863693,0.7989746187074069,0.04459820624195552,0.26808386747434093,0.037500000000000006,0.7627424204802038,0.9982464625532115,1.545393619761645,2.4457767682272236,3.778737355255059
2023-10-07 09:35:00,28348.094747025978,3.016476294155477,0.6052385016480802,2.1890436033844134,0.3757519301343859,1.25,3.0,7.800000000000001,1.2000000000000002,0.7627424204802038,0.9982464625532115,1.545393619761645,2.4457767682272236,3.778737355255059
2023-10-07 09:40:00,28218.18363876289,3.0328838930648416,0.6052539588800273,2.205218192272143,0.37575106630553334,1.25,3.0,7.800000000000001,1.2000000000000002,0.7627424204802038,0.9982464625532115,1.545393619761645,2.4457767682272236,3.778737355255059
2023-10-07 09:45:00,28218.15726283215,3.094760528373075,0.6279008854879919,2.2293788399902645,0.35246287497567186,0.7914907250535361,3.0,7.800000000000001,1.2000000000000002,0.7802570089400032,1.0313117860278724,1.6076641440300894,2.5047778843642003,4.083998530851842
2023-10-07 09:50:00,28218.117698937545,3.1732167356539116,0.6966797184486027,2.1960367759089885,0.3468591024861393,0.7845940280565584,3.0,7.800000000000001,1.2000000000000002,0.7802570089400032,1.0313117860278724,1.6076641440300894,2.5047778843642003,4.083998530851842
2023-10-07 09:55:00,28218.091323008797,2.6655010458776074,0.6002938964245498,1.8517122013776188,0.3468583833704038,1.25,3.0,7.800000000000001,1.2000000000000002,0.7802570089400032,1.0313117860278724,1.6076641440300894,2.5047778843642003,4.083998530851842
2023-10-07 10:00:00,28218.078135044725,2.603687219551751,0.5754127640981599,1.8316144890198895,0.3496474460279124,1.25,0.04178516483155236,0.26808386747434093,0.034985711369071804,0.7996099048911289,1.0629412025131024,1.6406598184876717,2.6763419531143624,4.724366200878166
2023-10-07 10:05:00,28218.051759117185,2.5501455684769367,0.5239961753747178,1.8641627677601382,0.35245989363272945,1.25,3.0,7.800000000000001,1.2000000000000002,0.7996099048911289,1.0629412025131024,1.6406598184876717,2.6763419531143624,4.724366200878166
2023-10-07 10:10:00,28218.025383190434,2.2795530281642375,0.4717066546915377,1.687618471176435,0.3468562536909502,1.25,3.0,7.800000000000001,1.2000000000000002,0.7996099048911289,1.0629412025131024,1.6406598184876717,2.6763419531143624,4.724366200878166
2023-10-07 10:15:00,28217.99900726449,2.418600728372368,0.48579717066814165,1.7997225317024719,0.3440899337568382,1.25,3.0,7.800000000000001,1.2000000000000002,0.79105562383438,1.058531529998044,1.6524108932102815,2.5585200800462755,3.960437349586533
2023-10-07 10:20:00,28217.985819301815,2.660796325309115,0.548375619694142,1.9322368537430565,0.3496445170842917,1.25,3.0,7.800000000000001,1.2000000000000002,0.79105562383438,1.058531529998044,1.6524108932102815,2.5585200800462755,3.960437349586533
2023-10-07 10:25:00,28217.946255414994,2.5455667993183924,0.5582071651963859,1.8028617447827313,0.34685415168353406,1.25,3.0,7.800000000000001,1.2000000000000002,0.79105562383438,1.058531529998044,1.6524108932102815,2.5585200800462755,3.960437349586533
2023-10-07 10:30:00,28217.91987949145,2.168875240523907,0.5096257709149095,1.5156419735928477,0.3552922182914654,1.25,0.04178516483155236,0.26093033553038636,0.034985711369071804,0.7933826315215126,1.0744305468479571,1.6673981648064746,2.8006170748604675,4.658824315210867
2023-10-07 10:35:00,28217.893503568688,2.627534004610076,0.5730432708434541,1.8588779683051868,0.3496423413142154,1.25,3.0,7.800000000000001,1.2000000000000002,0.7933826315215126,1.0744305468479571,1.6673981648064746,2.8006170748604675,4.658824315210867
2023-10-07 10:40:00,28217.880315607625,2.8786953963470636,0.582979837310259,2.089622859805927,0.3581490623320465,1.25,3.0,7.800000000000001,1.2000000000000002,0.7933826315215126,1.0744305468479571,1.6673981648064746,2.8006170748604675,4.658824315210867
2023-10-07 10:45:00,28217.85393968607,2.4342940467068153,0.54111914734201,1.7221029351742967,0.37573947923651557,1.25,3.0,7.800000000000001,1.2000000000000002,0.7988297690997752,1.0762011893693482,1.7017819366769646,2.7460528490908547,4.385899679655247
2023-10-07 10:50:00,28217.814375805243,2.655973730599582,0.5706152737363525,1.8907740401700255,0.35245319976707395,0.7890586083349389,3.0,7.800000000000001,1.2000000000000002,0.7988297690997752,1.0762011893693482,1.7017819366769646,2.7460528490908547,4.385899679655247
2023-10-07 10:55:00,28217.787999885695,3.0848278737612564,0.6105006496070339,2.2479413725856348,0.3552883909310781,1.25,3.0,7.800000000000001,1.2000000000000002,0.7988297690997752,1.0762011893693482,1.7017819366769646,2.7460528490908547,4.385899679655247
2023-10-07 11:00:00,28217.774811926218,2.911231276557735,0.5954964618717394,2.101157501552018,0.3154279271601134,1.25,0.04459820624195552,0.2537794317906792,0.032897568299191965,0.8027353237524807,1.0700074766093928,1.6888677390488576,2.654095373192154,4.3207633584819245
2023-10-07 11:05:00,28217.74843600786,2.9111123583146785,0.5880317440105306,2.113284576377164,0.3082445135256382,0.7845197908021679,3.0,7.800000000000001,1.2000000000000002,0.8027353237524807,1.0700074766093928,1.6888677390488576,2.654095373192154,4.3207633584819245
2023-10-07 11:10:00,28217.722060090306,2.7749083081526007,0.620602323462815,1.926190390509045,0.3106051208475227,0.7938157632503784,3.0,7.800000000000001,1.2000000000000002,0.8027353237524807,1.0700074766093928,1.6888677390488576,2.654095373192154,4.3207633584819245
2023-10-07 11:15:00,28217.695684173555,3.109157210820193,0.7149542610959588,2.1038427085323663,0.3203761879184254,0.8014485287171433,3.0,7.800000000000001,1.2000000000000002,0.8043009387039157,1.1037463476723264,1.7580102388780332,2.755834537848744,4.3207633584819245
2023-10-07 11:20:00,28217.656120299922,3.3117984367868574,0.6995303380564353,2.3282677088630663,0.3106041974028194,0.7938039764107522,3.0,7.800000000000001,1.2000000000000002,0.8043009387039157,1.1037463476723264,1.7580102388780332,2.755834537848744,4.3207633584819245
2023-10-07 11:25:00,28217.629744385165,3.183364582227571,0.6790378381174352,2.2342816382172312,0.2991492522366714,0.7913776089322777,3.0,7.800000000000001,1.2000000000000002,0.8043009387039157,1.1037463476723264,1.7580102388780332,2.755834537848744,4.3207633584819245
2023-10-07 11:30:00,28217.61655642808,3.0550633840325085,0.6611877541454678,2.1364119604903493,0.30591553697364465,0.7937921910267349,0.04178516483155236,0.30746707140765495,0.032897568299191965,0.7949364754494537,1.0832917427913868,1.7406644248676997,2.7894114074478145,4.504895559277706
2023-10-07 11:35:00,28087.72491740234,2.939293295839504,0.6307668953134564,2.071408618019835,0.32037404205333175,0.7913663223824511,3.0,7.800000000000001,1.2000000000000002,0.7949364754494537,1.0832917427913868,1.7406644248676997,2.7894114074478145,4.504895559277706
2023-10-07 11:40:00,28087.698545452127,3.058958189234489,0.6358373495589177,2.1811580518969436,0.3059146861441694,1.25,3.0,7.800000000000001,1.2000000000000002,0.7949364754494537,1.0832917427913868,1.7406644248676997,2.7894114074478145,4.504895559277706
2023-10-07 11:45:00,28087.658987528335,2.864779535966965,0.5732577678904099,2.0919245992760844,0.31060185329663964,1.25,3.0,7.800000000000001,1.2000000000000002,0.7949364754494537,1.0726607105697494,1.722277608285029,2.6124666983523444,4.204128447133841
2023-10-07 11:50:00,28217.51105277864,2.5517810299549666,0.5510994214047221,1.8206659265150098,0.32037244514499563,0.7867021481529766,3.0,7.800000000000001,1.2000000000000002,0.7949364754494537,1.0726607105697494,1.722277608285029,2.6124666983523444,4.204128447133841
2023-10-07 11:55:00,28217.484676868276,2.531126971528729,0.6106864687907864,1.703559016887377,0.31788156673161866,1.25,3.0,7.800000000000001,1.2000000000000002,0.7949364754494537,1.0726607105697494,1.722277608285029,2.6124666983523444,4.204128447133841
2023-10-07 12:00:00,28217.45830095872,3.1659843524010283,0.6817055806098488,2.212855075622478,0.3154219663935612,1.25,0.04178516483155236,0.2859779012441346,0.034985711369071804,0.7964923100695951,1.1082062082482664,1.8343325761704175,2.9144306905466113,4.5683406177735915
2023-10-07 12:05:00,28217.431925049954,3.0996987133200653,0.6842810777412912,2.1433794554994274,0.32037084824905376,0.7913324497229277,3.0,7.800000000000001,1.2000000000000002,0.7964923100695951,1.1082062082482664,1.8343325761704175,2.9144306905466113,4.5683406177735915
2023-10-07 12:10:00,28217.418737095875,3.0623775145865255,0.707400904615382,2.06980574582566,0.33592861378815125,0.791326809111851,3.0,7.800000000000001,1.2000000000000002,0.7964923100695951,1.1082062082482664,1.8343325761704175,2.9144306905466113,4.5683406177735915
2023-10-07 12:15:00,28217.37917323482,3.0870586786568452,0.6997026138342893,2.10632994135885,0.32036977534155403,0.7937392079601974,3.0,7.800000000000001,1.2000000000000002,0.7949364754494537,1.0877297458468258,1.720117437851265,2.997711794018898,5.878438227964975
2023-10-07 12:20:00,28217.352797328458,3.2979441888608143,0.7773555357974256,2.1911328607729796,0.2991450451371412,0.7987572728867269,3.0,7.800000000000001,1.2000000000000002,0.7949364754494537,1.0877297458468258,1.720117437851265,2.997711794018898,5.878438227964975
2023-10-07 12:25:00,28217.326421422888,3.5257342758863657,0.803467155195504,2.374710132671551,0.31541946049546726,0.7913098894088315,3.0,7.800000000000001,1.2000000000000002,0.7949364754494537,1.0877297458468258,1.720117437851265,2.997711794018898,5.878438227964975
2023-10-07 12:30:00,28217.313233470413,3.028844583788167,0.7255091600979001,2.0081801026574952,0.3203681784663342,0.7913042502179202,0.04459820624195552,0.2823980169902048,0.034985711369071804,0.7688016649305593,1.0824047302187847,1.7873672705966168,3.1025745760577617,5.542788107081129
2023-10-07 12:35:00,28217.28685756604,2.3538770851705406,0.6158337691154631,1.5232152612659111,0.3129914751428924,0.7987381628527175,3.0,7.800000000000001,1.2000000000000002,0.7688016649305593,1.0824047302187847,1.7873672705966168,3.1025745760577617,5.542788107081129
2023-10-07 12:40:00,28347.145073300784,2.370136547743201,0.5883238732979275,1.5827839271717556,0.29696205206539017,0.8182228747370199,3.0,7.800000000000001,1.2000000000000002,0.7688016649305593,1.0824047302187847,1.7873672705966168,3.1025745760577617,5.542788107081129
2023-10-07 12:45:00,28217.2341057597,3.5045231173663765,0.8428424831357809,2.291997248253728,0.31541748986137125,0.7961834728102533,3.0,7.800000000000001,1.2000000000000002,0.7597262664933996,1.0895063102157785,1.8157348264545679,3.138096596664927,5.140301158492565
2023-10-07 12:50:00,28217.194541907047,3.1854776255166075,0.7359110723077876,2.1457668403158228,0.32036605763559534,0.7912816970049549,3.0,7.800000000000001,1.2000000000000002,0.7597262664933996,1.0895063102157785,1.8157348264545679,3.138096596664927,5.140301158492565
2023-10-07 12:55:00,28217.181353956563,2.554358296483576,0.6234466656569773,1.7057895788848392,0.31787538116859926,0.7987126494192194,3.0,7.800000000000001,1.2000000000000002,0.7597262664933996,1.0895063102157785,1.8157348264545679,3.138096596664927,5.140301158492565
2023-10-07 13:00:00,28217.15497805619,2.4721349561715473,0.561141068075386,1.7261864788901193,0.29271357205659815,0.81819003907252,0.04459820624195552,0.2931391478462063,0.034985711369071804,0.7634978716407794,1.1064217098376188,1.8749396150276414,3.150895745657098,5.299528280894442
2023-10-07 13:05:00,28217.12860215662,2.8216470110367684,0.6819090012810088,1.873967454083001,0.3154154705912237,0.8066908591686502,3.0,7.800000000000001,1.2000000000000002,0.7634978716407794,1.1064217098376188,1.8749396150276414,3.150895745657098,5.299528280894442
2023-10-07 13:10:00,28217.115414207132,2.6897055226253297,0.7178933389107278,1.6886204139622687,0.3203639118761578,0.7843964253539967,3.0,7.800000000000001,1.2000000000000002,0.7634978716407794,1.1064217098376188,1.8749396150276414,3.150895745657098,5.299528280894442
2023-10-07 13:15:00,28217.075850359866,2.9534334837161915,0.7749249836035322,1.8568184064003692,0.3203633879150439,1.25,3.0,7.800000000000001,1.2000000000000002,0.7650104574448641,1.1046379497373788,1.8463866983922952,3.1466287118120557,5.31313429154581
2023-10-07 13:20:00,28217.049474462692,3.3462083975919135,0.793191012563802,2.213780618526105,0.299140421868083,0.7866092240382456,3.0,7.800000000000001,1.2000000000000002,0.7650104574448641,1.1046379497373788,1.8463866983922952,3.1466287118120557,5.31313429154581
2023-10-07 13:25:00,28217.02309856631,3.1722336832087423,0.8167392043782745,2.0059165996960893,0.3013588444659582,0.784381639324226,3.0,7.800000000000001,1.2000000000000002,0.7650104574448641,1.1046379497373788,1.8463866983922952,3.1466287118120557,5.31313429154581
2023-10-07 13:30:00,28216.99672267074,2.7345224447123546,0.7231159500320931,1.7240688523192635,0.2969583698123477,1.25,0.04178516483155236,0.2573545414404028,0.037500000000000006,0.7537214339528895,1.0966202624427475,1.8529682566088388,2.9426274398910914,4.818943452666777
2023-10-07 13:35:00,28216.98353472325,2.8786732009179796,0.74641099176165,1.8282548114408348,0.310591648526783,0.7888803507217129,3.0,7.800000000000001,1.2000000000000002,0.7537214339528895,1.0966202624427475,1.8529682566088388,2.9426274398910914,4.818943452666777
2023-10-07 13:40:00,28216.957158828875,2.4506866453230813,0.6897028860431812,1.5010885364221562,0.29695763768170935,1.25,3.0,7.800000000000001,1.2000000000000002,0.7537214339528895,1.0966202624427475,1.8529682566088388,2.9426274398910914,4.818943452666777
2023-10-07 13:45:00,28346.81532571847,2.3358664982864776,0.6336972595060589,1.4777079050618427,0.2927105420392246,1.25,3.0,7.800000000000001,1.2000000000000002,0.7597262664933996,1.1207180733797415,1.9135067703041972,3.313499811377692,6.099458992402524
2023-10-07 13:50:00,28606.601910433204,2.307114505762778,0.6286608999974226,1.4579181909660563,0.29695690555546345,0.7888641946551855,3.0,7.800000000000001,1.2000000000000002,0.7597262664933996,1.1207180733797415,1.9135067703041972,3.313499811377692,6.099458992402524
2023-10-07 13:55:00,28736.52981622104,2.131508484527923,0.5687091200071954,1.383753847248793,0.30361180890275746,1.25,3.0,7.800000000000001,1.2000000000000002,0.7597262664933996,1.1207180733797415,1.9135067703041972,3.313499811377692,6.099458992402524
2023-10-07 14:00:00,28606.56232924656,1.76711563597967,0.4653966726825645,1.2029619556090323,0.28470325217369474,1.25,0.04178516483155236,0.2931391478462063,0.037500000000000006,0.7642538845174424,1.1296765023669388,1.9300794180551224,3.326372836890056,5.466825770042429
2023-10-07 14:05:00,28606.535941789753,2.0499278089542297,0.5295613839035304,1.368182384451998,0.2969558073743304,0.7911972590495575,3.0,7.800000000000001,1.2000000000000002,0.7642538845174424,1.1296765023669388,1.9300794180551224,3.326372836890056,5.466825770042429
2023-10-07 14:10:00,28606.50955433372,3.3201645056679983,0.935492178798446,1.9672495412041595,0.2969554413161489,0.7888426650465471,3.0,7.800000000000001,1.2000000000000002,0.7642538845174424,1.1296765023669388,1.9300794180551224,3.326372836890056,5.466825770042429
2023-10-07 14:15:00,28996.348014342057,3.249662247221734,0.962043152824524,1.8577418540161,0.2906448563816259,0.793598240279239,3.0,7.800000000000001,1.2000000000000002,0.7680423165425198,1.135957745693034,1.9633001196964257,3.31922054103068,5.96445504635587
2023-10-07 14:20:00,28736.384664581743,3.125428982269884,0.9620588194636333,1.7368985276411488,0.2927081969468491,1.25,3.0,7.800000000000001,1.2000000000000002,0.7680423165425198,1.135957745693034,1.9633001196964257,3.31922054103068,5.96445504635587
2023-10-07 14:25:00,28606.430391970214,2.6755876285302866,0.8615662714821988,1.4551981372808331,0.27739151281802515,1.25,3.0,7.800000000000001,1.2000000000000002,0.7680423165425198,1.135957745693034,1.9633001196964257,3.31922054103068,5.96445504635587
2023-10-07 14:30:00,28606.404004517248,2.3716529603631584,0.785584184036279,1.28023276769914,0.27739128806947677,1.25,0.04178516483155236,0.1931440912893791,0.037500000000000006,0.7544700126578923,1.1548510726496297,2.0400656460025988,3.646786119311084,6.902133293410089
2023-10-07 14:35:00,28346.551527741303,2.3060617609601386,0.6668620053101751,1.397543390080879,0.2847013240344744,0.7911635147939534,3.0,7.800000000000001,1.2000000000000002,0.7544700126578923,1.1548510726496297,2.0400656460025988,3.646786119311084,6.902133293410089
2023-10-07 14:40:00,28346.525147947934,2.85238517095238,0.8195951912080611,1.6893393287669145,0.29481044912596227,0.7911579278044283,3.0,7.800000000000001,1.2000000000000002,0.7544700126578923,1.1548510726496297,2.0400656460025988,3.646786119311084,6.902133293410089
2023-10-07 14:45:00,28346.49876815534,3.0752247531037704,0.9382536851876802,1.7243507355012184,0.2828058303590546,0.7911522981919619,3.0,7.800000000000001,1.2000000000000002,0.7522260298607062,1.1738159992094161,2.084778894751192,3.859307742328927,6.931639344339838
2023-10-07 14:50:00,28346.47238836353,2.5393295825224174,0.7752243244171985,1.4551616156136498,0.2756781910926359,0.7911466689347606,3.0,7.800000000000001,1.2000000000000002,0.7522260298607062,1.1738159992094161,2.084778894751192,3.859307742328927,6.931639344339838
2023-10-07 14:55:00,28606.27206726391,1.6497059152621252,0.5224514553359334,1.0034527188726683,0.2773901989145949,0.7935513636501208,3.0,7.800000000000001,1.2000000000000002,0.7522260298607062,1.1738159992094161,2.084778894751192,3.859307742328927,6.931639344339838
2023-10-07 15:00:00,28606.24567981555,1.498676962730487,0.4517351574325544,0.9749521024350564,0.2773899741706523,0.7911354329685104,0.04178516483155236,0.22877552316626884,0.037500000000000006,0.7477539702335253,1.157556046159321,2.0959799235679712,3.468290789423517,5.482403122719088
2023-10-07 15:05:00,28346.40643888747,1.4277052689184846,0.3984421920379991,0.9969179320493753,0.2773897494274976,0.7911298477377509,3.0,7.800000000000001,1.2000000000000002,0.7477539702335253,1.157556046159321,2.0959799235679712,3.468290789423517,5.482403122719088
2023-10-07 15:10:00,28346.380059098432,1.1802223963968637,0.38784208148248045,0.7928196942323859,0.28469937684940666,1.25,3.0,7.800000000000001,1.2000000000000002,0.7477539702335253,1.157556046159321,2.0959799235679712,3.468290789423517,5.482403122719088
2023-10-07 15:15:00,28736.107556970324,1.1611764830428615,0.36125216604978716,0.8191984246770714,0.2773892999435517,1.25,3.0,7.800000000000001,1.2000000000000002,0.7627424204802038,1.2055741370815818,2.164491663185608,3.7088559219791755,6.117078060643006
2023-10-07 15:20:00,29126.0133743165,1.4982275497857136,0.3942136892845051,1.0698741108624459,0.2773890924904857,0.7911130082371065,3.0,7.800000000000001,1.2000000000000002,0.7627424204802038,1.2055741370815818,2.164491663185608,3.7088559219791755,6.117078060643006
2023-10-07 15:25:00,29386.03027564554,1.789288298479973,0.4314038107603483,1.2814985688736775,0.2846985369010703,1.25,3.0,7.800000000000001,1.2000000000000002,0.7627424204802038,1.2055741370815818,2.164491663185608,3.7088559219791755,6.117078060643006
2023-10-07 15:30:00,29386.003866433628,1.6529031583235316,0.39211756570134465,1.2202761008363605,0.27738864301114574,0.7887566018992697,3.0,7.800000000000001,1.2000000000000002,0.7634978716407794,1.187404311934229,2.13862288400737,3.5747201289051986,6.120993710174845
2023-10-07 15:35:00,29125.934167866893,1.7408513952474036,0.4071500050873986,1.2775849238908572,0.26252562997600587,0.7910961719180697,3.0,7.800000000000001,1.2000000000000002,0.7634978716407794,1.187404311934229,2.13862288400737,3.5747201289051986,6.120993710174845
2023-10-07 15:40:00,29255.907510749505,2.4191714445108192,0.5616291567728648,1.6736764229253642,0.266439456788224,1.25,3.0,7.800000000000001,1.2000000000000002,0.7634978716407794,1.187404311934229,2.13862288400737,3.5747201289051986,6.120993710174845
2023-10-07 15:45:00,28995.886039695073,2.4026631123417777,0.6038760846946365,1.5894700704358962,0.26508057872420604,0.8037468046694756,3.0,7.800000000000001,1.2000000000000002,0.8488792611437742,1.2815615474880635,2.206194696757292,3.9869462311398176,6.986728562066799
2023-10-07 15:50:00,29125.85496142383,3.4171983409098883,0.9172675727356889,2.0904134353281747,0.27567568561916433,0.8010845284048833,3.0,7.800000000000001,1.2000000000000002,0.8488792611437742,1.2815615474880635,2.206194696757292,3.9869462311398176,6.986728562066799
2023-10-07 15:55:00,28735.896427417607,3.9067236687112636,0.9942697863665745,2.453296080140369,0.27738753661388893,0.7842342580892832,3.0,7.800000000000001,1.2000000000000002,0.8488792611437742,1.2815615474880635,2.206194696757292,3.9869462311398176,6.986728562066799
2023-10-07 16:00:00,28605.942224214476,2.648659413788627,0.7858679017443622,1.5439891043771996,0.29694734525123434,1.25,3.0,0.19670119470913236,0.054083269131959835,0.7665252768174055,1.1964819263156463,2.135251891463862,3.7478719295087974,6.309069344998517
2023-10-07 16:05:00,28475.99343180863,2.185531433221628,0.7754608296860457,1.121731352659235,0.317855815373997,1.25,3.0,7.800000000000001,1.2000000000000002,0.7665252768174055,1.1964819263156463,2.135251891463862,3.7478719295087974,6.309069344998517
2023-10-07 16:10:00,28346.07669158108,1.6559866741683444,0.520262889092015,1.0124885364641971,0.2809509997263012,1.25,3.0,7.800000000000001,1.2000000000000002,0.7665252768174055,1.1964819263156463,2.135251891463862,3.7478719295087974,6.309069344998517
2023-10-07 16:15:00,28475.927472722593,2.107898505552195,0.6569863697351502,1.2246201372272256,0.2948037669660084,1.25,3.0,7.800000000000001,1.2000000000000002,0.7366688536920778,1.2019355223971042,2.215225351967605,3.970975824655698,6.876564840092763
2023-10-07 16:20:00,28475.91428090596,2.1444248881844925,0.4774648644309471,1.5458533966571375,0.2969458811266457,1.25,3.0,7.800000000000001,1.2000000000000002,0.7366688536920778,1.2019355223971042,2.215225351967605,3.970975824655698,6.876564840092763
2023-10-07 16:25:00,28345.984362357358,2.164681830331387,0.42043768665671805,1.6656181938950108,0.28663334643324806,0.7864189536207619,3.0,7.800000000000001,1.2000000000000002,0.7366688536920778,1.2019355223971042,2.215225351967605,3.970975824655698,6.876564840092763
2023-10-07 16:30:00,28345.957982580927,3.818654849928066,1.173666084582613,2.0914136189454435,0.2969451490709408,1.25,0.05604462507680821,0.23948645055618492,0.06574382100243337,0.7425638019725982,1.2247138441284968,2.2400840698509508,3.9535585236594133,6.933606565129002
2023-10-07 16:35:00,28475.835130010284,1.6634068715343064,0.4728306764166312,1.0932931862617776,0.2991254795426824,1.25,3.0,7.800000000000001,1.2000000000000002,0.7425638019725982,1.2247138441284968,2.2400840698509508,3.9535585236594133,6.933606565129002
2023-10-07 16:40:00,28345.905223030433,1.9368572858673203,0.5107308515752168,1.2904114380825376,0.299125107102113,1.25,3.0,7.800000000000001,1.2000000000000002,0.7425638019725982,1.2247138441284968,2.2400840698509508,3.9535585236594133,6.933606565129002
2023-10-07 16:45:00,28475.782362750397,2.750507132941652,0.8567451535513864,1.5342965426007313,0.29912471275444585,1.25,3.0,7.800000000000001,1.2000000000000002,0.7366688536920778,1.2429979887352998,2.2808366885860107,4.343676898665461,7.8106721861821855
2023-10-07 16:50:00,28345.8524634831,3.018535818711939,1.0157560979241282,1.552796857371705,0.28469384098008854,1.25,3.0,7.800000000000001,1.2000000000000002,0.7366688536920778,1.2429979887352998,2.2808366885860107,4.343676898665461,7.8106721861821855
2023-10-07 16:55:00,28475.729595493613,2.972985923276073,0.9598916966185889,1.5927876266826662,0.2969432974202369,1.25,3.0,7.800000000000001,1.2000000000000002,0.7366688536920778,1.2429979887352998,2.2808366885860107,4.343676898665461,7.8106721861821855
2023-10-07 17:00:00,28345.81289382466,3.780561357643337,1.2679870024898308,1.9114103389236266,0.2740087595569496,1.25,0.04178516483155236,0.14709180806557515,0.043500000000000004,0.74552598881595,1.2696019061107304,2.3535013575521897,4.403547689079795,7.593589401593953
2023-10-07 17:05:00,28475.690020053065,2.762392354802629,0.8279155803489393,1.5895185702888546,0.2678487678471021,1.25,3.0,7.800000000000001,1.2000000000000002,0.74552598881595,1.2696019061107304,2.3535013575521897,4.403547689079795,7.593589401593953
2023-10-07 17:10:00,28735.500559636806,2.4867740342566633,0.7834816263243212,1.3924589957037923,0.2678486103107958,0.8148339685856681,3.0,7.800000000000001,1.2000000000000002,0.74552598881595,1.2696019061107304,2.3535013575521897,4.403547689079795,7.593589401593953
2023-10-07 17:15:00,28605.546412713356,3.096458842119269,0.8621032464944736,1.8615195203775516,0.26252354770088343,0.8301282410737776,3.0,7.800000000000001,1.2000000000000002,0.7484978289881675,1.3083122715926807,2.473258223477686,4.8810353666,8.904176323501238
2023-10-07 17:20:00,28865.407071486094,3.9919365077115345,1.1201344845816605,2.3433963597658103,0.2723927799466505,0.8269467146137811,3.0,7.800000000000001,1.2000000000000002,0.7484978289881675,1.3083122715926807,2.473258223477686,4.8810353666,8.904176323501238
2023-10-07 17:25:00,28995.358068946167,4.628360702362978,1.1899676338332317,2.8647067052623307,0.2756717342477777,0.8684790803374725,3.0,7.800000000000001,1.2000000000000002,0.7484978289881675,1.3083122715926807,2.473258223477686,4.8810353666,8.904176323501238
2023-10-07 17:30:00,28735.408190512455,4.9156794090771925,0.9546920105976585,3.5157986321748096,0.2773833359356983,0.8610358022618283,0.05028916384272063,0.2430585114740893,0.054083269131959835,0.7522260298607062,1.315708554353889,2.465255069967406,4.879567193922018,8.603292625501007
2023-10-07 17:35:00,29385.33043176895,4.2992879828980906,1.147009539062472,2.6053083903858254,0.28279689616214365,0.947904719781304,3.0,7.800000000000001,1.2000000000000002,0.7522260298607062,1.315708554353889,2.465255069967406,4.879567193922018,8.603292625501007
2023-10-07 17:40:00,28735.35540815984,13.000819496461958,4.119632816237801,6.716571504243035,0.31784600856957623,0.9000250255244129,3.0,7.800000000000001,1.2000000000000002,0.7522260298607062,1.315708554353889,2.465255069967406,4.879567193922018,8.603292625501007
2023-10-07 17:45:00,28475.47895106638,5.277990013370756,1.3032005229222,3.334514703091121,0.31784551577828607,0.8118913630231958,3.0,7.800000000000001,1.2000000000000002,0.7440436815133907,1.285245501840018,2.4663982160227085,4.64052715216709,7.852133722753325
2023-10-07 17:50:00,28475.45256744653,4.511175787365577,1.3302209984214168,2.5336490306407073,0.2969392712534995,0.8147709728299757,3.0,7.800000000000001,1.2000000000000002,0.7440436815133907,1.285245501840018,2.4663982160227085,4.64052715216709,7.852133722753325
2023-10-07 17:55:00,28345.522716383646,4.506889604931687,1.4303205688625147,2.3769173384609936,0.2947967257424149,0.7933410025419546,3.0,7.800000000000001,1.2000000000000002,0.7440436815133907,1.285245501840018,2.4663982160227085,4.64052715216709,7.852133722753325
2023-10-07 18:00:00,28345.49633662101,4.086576828162189,1.370796549000691,2.054883025178729,0.28468996608734126,0.8062714184261133,0.04459820624195552,0.18603483544755803,0.043500000000000004,0.7366688536920778,1.2760391843513272,2.4355524712064813,4.485393656079697,7.518636578529382
2023-10-07 18:05:00,28345.483146739993,3.940990111629055,1.2439288980985561,2.1044784339720985,0.2773817801988224,0.7909282409484188,3.0,7.800000000000001,1.2000000000000002,0.7366688536920778,1.2760391843513272,2.4355524712064813,4.485393656079697,7.518636578529382
2023-10-07 18:10:00,28475.34703297497,3.641910939239413,1.026675118773564,2.142603827472955,0.2791402481522093,0.8147394850843948,3.0,7.800000000000001,1.2000000000000002,0.7366688536920778,1.2760391843513272,2.4355524712064813,4.485393656079697,7.518636578529382
2023-10-07 18:15:00,28475.320649359015,3.911664035466998,1.0053634492329282,2.441007013292584,0.2906294320798896,0.8237342781550523,3.0,7.800000000000001,1.2000000000000002,0.7374035530155791,1.2567453998324403,2.393349084442134,4.305733851505455,7.48116809061259
2023-10-07 18:20:00,32640.75865027371,5.139542411488254,1.3762671996926608,3.084691882294569,0.26784656239582916,0.9167384709000589,3.0,7.800000000000001,1.2000000000000002,0.7374035530155791,1.2567453998324403,2.393349084442134,4.305733851505455,7.48116809061259
2023-10-07 18:25:00,29515.113715067422,10.689509271120912,2.9181492360694876,6.248188115151743,0.2791395381818636,0.938672099075754,3.0,7.800000000000001,1.2000000000000002,0.7374035530155791,1.2567453998324403,2.393349084442134,4.305733851505455,7.48116809061259
2023-10-07 18:30:00,29645.138398654235,8.200584927792134,2.2420414283698507,4.801501575121007,0.2969363216862771,0.9853255327084565,0.05028916384272063,0.2967204745210549,0.050400892849234324,0.7344685153224746,1.244829305567635,2.3569139483655315,4.35681537937976,8.118804345468611
2023-10-07 18:35:00,28865.024345814207,18.546713683516664,5.457380078151492,10.208751454508516,0.3385677116870544,0.8536551444821687,3.0,7.800000000000001,1.2000000000000002,0.7344685153224746,1.244829305567635,2.3569139483655315,4.35681537937976,8.118804345468611
2023-10-07 18:40:00,28994.962091077832,10.392052631828673,2.8277663722472846,6.089772742384029,0.3279759238229792,0.7932886008415632,3.0,7.800000000000001,1.2000000000000002,0.7344685153224746,1.244829305567635,2.3569139483655315,4.35681537937976,8.118804345468611
2023-10-07 18:45:00,28475.162347679656,4.972202959662896,1.3249881102942964,2.997590246366004,0.3129558767985928,1.25,3.0,7.800000000000001,1.2000000000000002,0.723553038829912,1.2292798704932901,2.3069197125171046,5.041178532843287,9.1755435806278
2023-10-07 18:50:00,28475.13596406915,3.392180346989531,0.9151894983898052,2.069071858238,0.31056236355323474,1.25,3.0,7.800000000000001,1.2000000000000002,0.723553038829912,1.2292798704932901,2.3069197125171046,5.041178532843287,9.1755435806278
2023-10-07 18:55:00,28475.12277226419,2.6034105511329693,0.7086717376607763,1.6192200967664536,0.31538061121507244,0.7862654283045198,3.0,7.800000000000001,1.2000000000000002,0.723553038829912,1.2292798704932901,2.3069197125171046,5.041178532843287,9.1755435806278
2023-10-07 19:00:00,28864.892371480983,2.1977651967603586,0.48028006365739995,1.59302231387498,0.3203266640617164,1.25,0.03900000000000001,0.21094416322809217,0.037500000000000006,0.7106511098985212,1.1756257908024985,2.163366043923219,4.562927130691438,8.397554167732412
2023-10-07 19:05:00,28604.965889490602,2.6484084510546793,0.6271154063513737,1.7917539788044081,0.31537961393866615,1.25,3.0,7.800000000000001,1.2000000000000002,0.7106511098985212,1.1756257908024985,2.163366043923219,4.562927130691438,8.397554167732412
2023-10-07 19:10:00,28604.952695785316,3.0978574721665004,0.8914653217527995,1.8177647833776953,0.3153791274643053,0.8465552471103315,3.0,7.800000000000001,1.2000000000000002,0.7106511098985212,1.1756257908024985,2.163366043923219,4.562927130691438,8.397554167732412
2023-10-07 19:15:00,53601.91691579292,4.559075105510268,1.1044139155226667,2.928203611758755,0.3013309082972397,1.0350576435907144,3.0,7.800000000000001,1.2000000000000002,0.697974927916469,1.1386522735233968,2.0445302638992655,4.555609756113884,8.25716319325227
2023-10-07 19:20:00,45856.146454695736,7.0749833817042855,1.2199226181752243,5.253736209474979,0.32032454365907115,0.9948526020221454,3.0,7.800000000000001,1.2000000000000002,0.697974927916469,1.1386522735233968,2.0445302638992655,4.555609756113884,8.25716319325227
2023-10-07 19:25:00,45856.10649437914,5.19215917735995,0.5256805605711863,4.488242582395048,0.3203240197982576,0.9080370392242327,3.0,7.800000000000001,1.2000000000000002,0.697974927916469,1.1386522735233968,2.0445302638992655,4.555609756113884,8.25716319325227
2023-10-07 19:30:00,43233.6427821602,4.554552956593006,0.6856739745796019,3.5849128532781704,0.30819926194080544,0.8719485900013701,0.03900000000000001,0.17893283656165515,0.037500000000000006,0.7213875518748574,1.167486616625647,2.085898597727128,4.684479933781337,8.927939291908297
2023-10-07 19:35:00,55572.74744845356,6.544075026612658,0.734598000949186,5.490603867643894,0.310558197308739,0.9295356220901595,3.0,7.800000000000001,1.2000000000000002,0.7213875518748574,1.167486616625647,2.085898597727128,4.684479933781337,8.927939291908297
2023-10-07 19:40:00,34858.74034350266,6.418664947803081,0.6703654554319364,5.470113814969638,0.29693117626166704,0.8796234653742504,3.0,7.800000000000001,1.2000000000000002,0.7213875518748574,1.167486616625647,2.085898597727128,4.684479933781337,8.927939291908297
2023-10-07 19:45:00,34597.55050321728,6.360078287381394,0.5697794200741813,5.579247309462496,0.294788987236713,0.8835292273806054,3.0,7.800000000000001,1.2000000000000002,1.0479699423170497,1.5564947799462743,2.5924580150891545,5.001489803048687,9.02300371273336
2023-10-07 19:50:00,35381.123079592595,5.683726089623723,0.3639388245697526,5.280637125869812,0.29693044429421467,0.8874797078007559,3.0,7.800000000000001,1.2000000000000002,1.0479699423170497,1.5564947799462743,2.5924580150891545,5.001489803048687,9.02300371273336
2023-10-07 19:55:00,35119.85193092923,5.762885895507506,0.39922613230477655,5.2884791239191316,0.2969300783121361,0.8757109715779625,3.0,7.800000000000001,1.2000000000000002,1.0479699423170497,1.5564947799462743,2.5924580150891545,5.001489803048687,9.02300371273336
2023-10-07 20:00:00,33161.84439818961,5.512429579741872,0.35409554156613665,5.130345052295332,0.2809395674448131,0.8534642692697787,0.1030970416646375,0.3899556897905196,0.11208925015361643,1.1153515140976857,1.6353131198642052,2.6994788830439105,5.033827793041792,8.840814668343636
2023-10-07 20:05:00,31857.972700728096,5.5248239530603325,0.3886263648984865,5.0714891860291775,0.2773764736915959,0.8499201908248754,3.0,7.800000000000001,1.2000000000000002,1.1153515140976857,1.6353131198642052,2.6994788830439105,5.033827793041792,8.840814668343636
2023-10-07 20:10:00,31727.625203226802,5.558070763736574,0.44805053764473507,4.991590504249294,0.2827887462200291,0.8429974643477354,3.0,7.800000000000001,1.2000000000000002,1.1153515140976857,1.6353131198642052,2.6994788830439105,5.033827793041792,8.840814668343636
2023-10-07 20:15:00,29124.455648674888,4.75335677336179,0.3580496455703731,4.363444435950843,0.28661993893509746,0.8174804729245673,3.0,7.800000000000001,1.2000000000000002,1.2953860428459156,1.8123366133254608,2.868194303041549,5.188283049333372,8.999235745328601
2023-10-07 20:20:00,28994.447320096788,3.116863540792108,0.31420445362009347,2.829735879181935,0.2708210518736709,0.8235176667236436,3.0,7.800000000000001,1.2000000000000002,1.2953860428459156,1.8123366133254608,2.868194303041549,5.188283049333372,8.999235745328601
2023-10-07 20:25:00,30555.37027327605,2.257009025143653,0.2883011145914047,2.0432950637862373,0.27737559219712793,0.8498765009738547,3.0,7.800000000000001,1.2000000000000002,1.2953860428459156,1.8123366133254608,2.868194303041549,5.188283049333372,8.999235745328601
2023-10-07 20:30:00,31076.161828125663,3.1414352162646577,0.2968746957640333,2.8997840729918374,0.28093807482530375,0.8533970156397254,0.22549944567559366,0.5839710951750952,0.14709180806557515,1.0043112067481874,1.4068493167358047,2.251395087495751,4.615629534527224,8.551847753555952
2023-10-07 20:35:00,30815.69002275317,4.0246494009588965,0.284298483583256,3.8191610566507483,0.2926829644686738,0.8833930965413124,3.0,7.800000000000001,1.2000000000000002,1.0043112067481874,1.4068493167358047,2.251395087495751,4.615629534527224,8.551847753555952
2023-10-07 20:40:00,31857.77419171806,3.9247959118644102,0.27682890678026856,3.7443989247181486,0.29062011351173206,0.8362358564374983,3.0,7.800000000000001,1.2000000000000002,1.0043112067481874,1.4068493167358047,2.251395087495751,4.615629534527224,8.551847753555952
2023-10-07 20:45:00,30945.84584768603,3.766857146705853,0.28697581216730456,3.5532280071692735,0.2739999895015515,0.8204248169361976,3.0,7.800000000000001,1.2000000000000002,1.3639505122987419,1.7873600644525995,2.7144681689052828,4.448845355819867,7.108762480207087
2023-10-07 20:50:00,30945.832623750935,3.621481268569029,0.31933553130785614,3.3205837876750914,0.2773744860251497,0.8204164446015764,3.0,7.800000000000001,1.2000000000000002,1.3639505122987419,1.7873600644525995,2.7144681689052828,4.448845355819867,7.108762480207087
2023-10-07 20:55:00,30425.021694838688,3.331204960266023,0.33348205505109885,2.9976839975894167,0.29478408222384084,0.8174156330718316,3.0,7.800000000000001,1.2000000000000002,1.3639505122987419,1.7873600644525995,2.7144681689052828,4.448845355819867,7.108762480207087
2023-10-07 21:00:00,30685.350746771663,3.488535497722614,0.35619773475050137,3.104729038795953,0.2885972237213908,0.8234484875188279,0.21053503271427298,0.48333193563016297,0.11643131022195018,1.2503263573963401,1.642931830600406,2.566050662009618,4.383098932262424,7.8106721861821855
2023-10-07 21:05:00,31727.320854404876,3.4552551860640173,0.3661333275519796,3.0507521541245346,0.28859692471434767,0.8361870211274395,3.0,7.800000000000001,1.2000000000000002,1.2503263573963401,1.642931830600406,2.566050662009618,4.383098932262424,7.8106721861821855
2023-10-07 21:10:00,31727.294389293445,3.6251500836070423,0.4256708480411834,3.103767969942276,0.28467944941711587,0.853307404293072,3.0,7.800000000000001,1.2000000000000002,1.2503263573963401,1.642931830600406,2.566050662009618,4.383098932262424,7.8106721861821855
2023-10-07 21:15:00,31857.575682739287,4.073565403897044,0.45052199712791186,3.505007637928244,0.2926802880122028,0.8568753057683114,3.0,7.800000000000001,1.2000000000000002,1.5508139798183405,1.9966193928738645,2.99812405347077,5.311975997686736,9.363807986070624
2023-10-07 21:20:00,32378.926477317025,3.7411088026276302,0.33720642356149805,3.398202612695694,0.28467889594442586,0.8872292791663534,3.0,7.800000000000001,1.2000000000000002,1.5508139798183405,1.9966193928738645,2.99812405347077,5.311975997686736,9.363807986070624
2023-10-07 21:25:00,32770.071461553096,4.560092691472366,0.7530765174840812,3.4815057453288256,0.2827848300707738,0.9516291810819519,3.0,7.800000000000001,1.2000000000000002,1.5508139798183405,1.9966193928738645,2.99812405347077,5.311975997686736,9.363807986070624
2023-10-07 21:30:00,32770.03173223964,6.516187097214644,1.7133427239630452,3.934754318169635,0.3081885051923623,0.8912042020800535,0.22250617968946387,0.6882541391085126,0.15150000000000002,1.6067759644704673,2.0179259153893634,2.920349595510784,5.111767698164696,8.91209717182213
2023-10-07 21:35:00,32900.416251398005,5.810514397544067,1.276929136702704,3.9046532110782586,0.2906165938371508,0.8871876303646892,3.0,7.800000000000001,1.2000000000000002,1.6067759644704673,2.0179259153893634,2.920349595510784,5.111767698164696,8.91209717182213
2023-10-07 21:40:00,33030.81298809301,4.3266558594197075,0.6377018251689934,3.436393106919676,0.2809345982310015,0.8497128930806666,3.0,7.800000000000001,1.2000000000000002,1.6067759644704673,2.0179259153893634,2.920349595510784,5.111767698164696,8.91209717182213
2023-10-07 21:45:00,33030.786496920635,4.027120757596876,0.46907266815757875,3.4252170301706233,0.28661470918545534,0.860433352979663,3.0,7.800000000000001,1.2000000000000002,1.3937722195538267,1.8075311892191517,2.66030933539692,4.807650803667005,8.696305882384772
2023-10-07 21:50:00,38256.394540862464,4.126767577329682,0.40600617963748414,3.641255096978679,0.2846772355481183,0.8871459143526824,3.0,7.800000000000001,1.2000000000000002,1.3937722195538267,1.8075311892191517,2.66030933539692,4.807650803667005,8.696305882384772
2023-10-07 21:55:00,33422.07507332361,4.746765893266703,0.5358371686579035,4.026181779898297,0.28661412378460926,0.887132034141779,3.0,7.800000000000001,1.2000000000000002,1.3937722195538267,1.8075311892191517,2.66030933539692,4.807650803667005,8.696305882384772
2023-10-07 22:00:00,34857.865088794024,6.156346543728326,1.1478375474664608,4.449656721618843,0.2926772381771978,0.8911190020047818,0.2284928882919554,0.709834234170204,0.1559134375222354,1.0409462041815611,1.3732592617564974,2.0993419540417895,3.9172894008484995,7.030023044058961
2023-10-07 22:05:00,35119.02959401961,6.515326322830443,1.1371183932957845,4.824371270396603,0.2969205416369998,0.8871042753523273,3.0,7.800000000000001,1.2000000000000002,1.0409462041815611,1.3732592617564974,2.0993419540417895,3.9172894008484995,7.030023044058961
2023-10-07 22:10:00,33552.45300925624,7.175239800609724,1.1747267058223183,5.4242170760960535,0.3035706995113215,0.879224603250425,3.0,7.800000000000001,1.2000000000000002,1.0409462041815611,1.3732592617564974,2.0993419540417895,3.9172894008484995,7.030023044058961
2023-10-07 22:15:00,31987.55278633589,7.0790148421136125,1.030113599749307,5.554481905465506,0.30585987516314794,0.8461621888681494,3.0,7.800000000000001,1.2000000000000002,0.8980623586366372,1.1846839240911478,1.8080882279357942,3.755100564565481,6.937541062941538
2023-10-07 22:20:00,31075.553459036513,5.792722343169077,0.7299465252208306,4.747922033109559,0.29691944378322815,0.8264106140037855,3.0,7.800000000000001,1.2000000000000002,0.8980623586366372,1.1846839240911478,1.8080882279357942,3.755100564565481,6.937541062941538
2023-10-07 22:25:00,29513.819496153894,4.396309661870768,0.5238038067631692,3.697292490943147,0.29691907783416804,0.7930274241565958,3.0,7.800000000000001,1.2000000000000002,0.8980623586366372,1.1846839240911478,1.8080882279357942,3.755100564565481,6.937541062941538
2023-10-07 22:30:00,29383.759086007576,2.8412533612138398,0.33553020317914567,2.5048294307543495,0.2969186903598899,1.25,0.1417956275771577,0.6486940727338273,0.14709180806557515,0.8749422838107666,1.1153515140976857,1.673831819508758,3.1551634268291076,5.683171297787883
2023-10-07 22:35:00,29383.73267685653,2.156064887066505,0.27941661458774375,1.970777920576367,0.30131493779422264,0.7860413740723698,3.0,7.800000000000001,1.2000000000000002,0.8749422838107666,1.1153515140976857,1.673831819508758,3.1551634268291076,5.683171297787883
2023-10-07 22:40:00,29253.689434288215,2.001460307959173,0.4166666666666667,1.857627824538834,0.2947766828155591,0.7906221816243268,3.0,7.800000000000001,1.2000000000000002,0.8749422838107666,1.1153515140976857,1.673831819508758,3.1551634268291076,5.683171297787883
2023-10-07 22:45:00,29253.66302864653,1.4685304025715895,0.4166666666666667,1.3489672685796044,0.29061209778195213,0.786031231789027,3.0,7.800000000000001,1.2000000000000002,0.8336000239923221,1.0182185423571897,1.4766462000086547,2.7139508101658736,4.998809858356287
2023-10-07 22:50:00,29643.751556293024,1.401676402477019,0.27138612899277803,1.252027412790328,0.2791271148857087,0.786026181347169,3.0,7.800000000000001,1.2000000000000002,0.8336000239923221,1.0182185423571897,1.4766462000086547,2.7139508101658736,4.998809858356287
2023-10-07 22:55:00,29513.66102048381,1.6388013641061803,0.27139300548341966,1.485691164758823,0.2809308851906658,0.7906055451667999,3.0,7.800000000000001,1.2000000000000002,0.8336000239923221,1.0182185423571897,1.4766462000086547,2.7139508101658736,4.998809858356287
2023-10-07 23:00:00,29773.753134301984,1.614772744684025,0.2713998926651153,1.4619123291299798,0.2827798326002238,0.7905999932627259,3.0,7.800000000000001,1.2000000000000002,0.8634905905683049,1.0391924749535093,1.5046459251265725,2.4745569805522765,3.9756227185184465
2023-10-07 23:05:00,29643.65910020316,1.5471099140729583,0.26931329002270277,1.4029381162692545,0.29691612875536966,0.7905944630607048,3.0,7.800000000000001,1.2000000000000002,0.8634905905683049,1.0391924749535093,1.5046459251265725,2.4745569805522765,3.9756227185184465
2023-10-07 23:10:00,29773.70029550982,1.5906692110717187,0.2703548088792737,1.4419952085748313,0.31535521881327766,0.8171972586533246,3.0,7.800000000000001,1.2000000000000002,0.8634905905683049,1.0391924749535093,1.5046459251265725,2.4745569805522765,3.9756227185184465
2023-10-07 23:15:00,30033.8715661884,1.6423366654168488,0.28589167182928993,1.4416081522582729,0.3058546801811508,0.8171891905857785,3.0,7.800000000000001,1.2000000000000002,0.8634905905683049,1.0497280600231662,1.5370070136469773,2.809025631780529,5.09569426084415
2023-10-07 23:20:00,30424.22862629639,1.6222871935140026,0.31626448215896624,1.343368343890478,0.29909446111674104,0.8171810961416399,3.0,7.800000000000001,1.2000000000000002,0.8634905905683049,1.0497280600231662,1.5370070136469773,2.809025631780529,5.09569426084415
2023-10-07 23:25:00,29643.553436110797,1.8185234823347702,0.34309715993643186,1.4760742488374394,0.29691466500552627,0.8262950210968851,3.0,7.800000000000001,1.2000000000000002,0.8634905905683049,1.0497280600231662,1.5370070136469773,2.809025631780529,5.09569426084415
2023-10-07 23:30:00,30814.711563003624,2.260857206689008,0.3808065913668639,1.8346965281257612,0.3081777491663202,0.8638560541619629,3.0,0.22877552316626884,0.061773780845922,0.9535953020018503,1.1449454135459909,1.6706142104028685,2.772615371810522,4.430011286667337
2023-10-07 23:35:00,30684.49138776606,3.182525939097535,0.5803912210839385,2.39416528174209,0.33054724726290075,0.8601745998322897,3.0,7.800000000000001,1.2000000000000002,0.9535953020018503,1.1449454135459909,1.6706142104028685,2.772615371810522,4.430011286667337
2023-10-07 23:40:00,33943.390253929974,4.236396147675443,0.7405435211494373,3.179519092090146,0.3467416037789342,0.9840303752644909,3.0,7.800000000000001,1.2000000000000002,0.9535953020018503,1.1449454135459909,1.6706142104028685,2.772615371810522,4.430011286667337
2023-10-07 23:45:00,36163.56323171904,13.862036448975982,3.0861580131963233,9.158989550654915,0.3667222015510356,1.0440555021026925,3.0,7.800000000000001,1.2000000000000002,1.1117774057786927,1.2797202819366427,1.8004483441631975,2.71673995811156,4.108758449945677
2023-10-07 23:50:00,36163.52341780557,14.121435827142477,2.6724674878887327,10.052884918896034,0.406360556157962,0.9936901988492272,3.0,7.800000000000001,1.2000000000000002,1.1117774057786927,1.2797202819366427,1.8004483441631975,2.71673995811156,4.108758449945677
2023-10-07 23:55:00,33812.79267854198,11.664467812586297,2.333170181751421,8.118917865454765,0.4095238259198534,1.0235188142935774,3.0,7.800000000000001,1.2000000000000002,1.1117774057786927,1.2797202819366427,1.8004483441631975,2.71673995811156,4.108758449945677
2023-10-08 00:00:00,1158528.0880000002,63.239320719999995,15.339260352,38.895371761322025,3.8641953000000004,8.0085699,0.0823771813064759,0.2931391478462063,0.06977822009767803,1.1117774057786927,1.2797202819366427,1.8004483441631975,2.71673995811156,4.108758449945677
2023-10-08 00:15:00,29253.187727218996,4.718378803109884,0.8135547981968416,3.5424166354238897,0.42231918074461317,0.8170924069674983,3.0,7.800000000000001,1.2000000000000002,0.9315556880831118,1.0779726341609976,1.5046459251265725,2.385698220647364,3.708984227521061
2023-10-08 00:20:00,29513.212006221762,2.468463978099515,0.46952407929591916,1.8768701442655638,0.4287989413225242,0.8030461682073449,3.0,7.800000000000001,1.2000000000000002,0.9315556880831118,1.0779726341609976,1.5046459251265725,2.385698220647364,3.708984227521061
2023-10-08 00:25:00,29383.138471144986,1.7889765358716259,0.45106741828542035,1.247649142412579,0.4063530697979034,0.803039413166025,3.0,7.800000000000001,1.2000000000000002,0.9315556880831118,1.0779726341609976,1.5046459251265725,2.385698220647364,3.708984227521061
2023-10-08 00:30:00,30163.578358721163,2.0719970325352497,0.4742182852574347,1.4809978638290928,0.40951620975407754,0.8057219096308028,0.06768308503607087,0.2645067863023556,0.061773780845922,0.8586058467073236,0.9818477478713286,1.4079810225993814,1.9550959055759898,2.7629325000803044
2023-10-08 00:35:00,29643.183611874378,2.7064588768712783,0.4765720485827858,2.09932749625379,0.4095151036789086,0.8200407673430786,3.0,7.800000000000001,1.2000000000000002,0.8586058467073236,0.9818477478713286,1.4079810225993814,1.9550959055759898,2.7629325000803044
2023-10-08 00:40:00,32768.90606883544,4.871903302532323,0.6969012837699881,3.882923208749669,0.4386099464360518,0.8636875939061723,3.0,7.800000000000001,1.2000000000000002,0.8586058467073236,0.9818477478713286,1.4079810225993814,1.9550959055759898,2.7629325000803044
2023-10-08 00:45:00,32247.374427069077,7.969669548725527,1.218241622874367,6.149554780847394,0.46867032549792675,0.9885909662395497,3.0,7.800000000000001,1.2000000000000002,0.8408186486989927,0.954446960286427,1.3515825390999987,1.882134493068973,2.640601446640519
2023-10-08 00:50:00,29903.242732928033,17.774663713591277,5.010281765259197,10.12155905693107,0.5810866009100875,1.0489220337941856,3.0,7.800000000000001,1.2000000000000002,0.8408186486989927,0.954446960286427,1.3515825390999987,1.882134493068973,2.640601446640519
2023-10-08 00:55:00,32638.414844556813,13.357934634087707,2.5740883448597507,9.440936764659176,0.6802740581302958,0.978920662950553,3.0,7.800000000000001,1.2000000000000002,0.8408186486989927,0.954446960286427,1.3515825390999987,1.882134493068973,2.640601446640519
2023-10-08 01:00:00,31335.130727873802,13.6424324278818,2.6890855027411735,9.548682118688026,0.6839971957927221,0.8711127046140987,0.05894064811316551,0.26093033553038636,0.05788134414472422,0.8137346004687277,0.9400085105997712,1.345598692032658,1.9127284830837856,2.679440240050149
2023-10-08 01:05:00,29512.96108657502,9.353254793182147,1.5292169937181506,7.048735160483327,0.6028572439537361,0.8390284470280334,3.0,7.800000000000001,1.2000000000000002,0.8137346004687277,0.9400085105997712,1.345598692032658,1.9127284830837856,2.679440240050149
2023-10-08 01:10:00,31465.34402960392,5.846986521062618,0.6383544653140967,4.951945724736886,0.5452042796183949,0.8170037960365208,3.0,7.800000000000001,1.2000000000000002,0.8137346004687277,0.9400085105997712,1.345598692032658,1.9127284830837856,2.679440240050149
2023-10-08 01:15:00,29382.887584396594,3.544625632136455,0.31991453991431534,3.2424692936827273,0.5099493074679512,0.8169957381815215,3.0,7.800000000000001,1.2000000000000002,0.8019532405321398,0.9248156573069035,1.3267295730479514,1.8416466137671472,2.57390753524675
2023-10-08 01:20:00,29252.831251300846,4.354625647070032,0.4087523786666818,3.863391222513639,0.4960498588800743,0.7928254310727103,3.0,7.800000000000001,1.2000000000000002,0.8019532405321398,0.9248156573069035,1.3267295730479514,1.8416466137671472,2.57390753524675
2023-10-08 01:25:00,29122.80551833967,3.1054737044084613,0.3958399273905584,2.642984975009142,0.5029812301243592,1.25,3.0,7.800000000000001,1.2000000000000002,0.8019532405321398,0.9248156573069035,1.3267295730479514,1.8416466137671472,2.57390753524675
2023-10-08 01:30:00,30944.258976557823,1.5636692594771364,0.3668084057607781,1.1817596528041836,0.43859735742582706,0.7881173723511745,0.04743416490252569,0.1718389944104655,0.043500000000000004,0.8011716420343397,0.9197738852565885,1.3079856879950942,1.9076163791496445,2.7433308221940718
2023-10-08 01:35:00,30814.023997195727,1.6950961412437326,0.3688384419551289,1.304284415308671,0.40633803442096406,0.7928081658491908,3.0,7.800000000000001,1.2000000000000002,0.8011716420343397,0.9197738852565885,1.3079856879950942,1.9076163791496445,2.7433308221940718
2023-10-08 01:40:00,30813.997552365247,2.7255076429552507,0.4908887885275338,2.0932914955513287,0.4095009144720296,0.8003126131681857,3.0,7.800000000000001,1.2000000000000002,0.8011716420343397,0.9197738852565885,1.3079856879950942,1.9076163791496445,2.7433308221940718
2023-10-08 01:45:00,30813.957885120668,2.6883415433874376,0.49802138842607946,2.0443183818485964,0.4031869189791212,0.8083617703528949,3.0,7.800000000000001,1.2000000000000002,0.8272127900365178,0.9723970382513514,1.4212078806423782,2.1767917332625095,3.2832599653393273
2023-10-08 01:50:00,30163.129061746447,2.964416557831543,0.6638713825313077,2.042853178501347,0.40633482607895804,0.8029247091387974,3.0,7.800000000000001,1.2000000000000002,0.8272127900365178,0.9723970382513514,1.4212078806423782,2.1767917332625095,3.2832599653393273
2023-10-08 01:55:00,30032.986295314146,2.8570164043933652,0.5512162055856219,2.1208525128930846,0.369639872997341,0.7927851505316128,3.0,7.800000000000001,1.2000000000000002,0.8272127900365178,0.9723970382513514,1.4212078806423782,2.1767917332625095,3.2832599653393273
2023-10-08 02:00:00,30553.51956224725,2.4005293149950435,0.35694398269488664,2.020797648540221,0.3755767838892716,0.7977227837751661,0.05028916384272063,0.20381992051808873,0.050400892849234324,0.8137346004687277,0.9206133824793121,1.3099526709007465,1.8416466137671472,2.5861546744152797
2023-10-08 02:05:00,30293.181966119737,2.7249173325414486,0.462865545247765,2.141658181840102,0.372597328656535,0.7903955436442192,3.0,7.800000000000001,1.2000000000000002,0.8137346004687277,0.9206133824793121,1.3099526709007465,1.8416466137671472,2.5861546744152797
2023-10-08 02:10:00,30032.920230353346,3.0424125251235132,0.46519689699008054,2.4521499737759482,0.36963731606215594,0.7977102974341608,3.0,7.800000000000001,1.2000000000000002,0.8137346004687277,0.9206133824793121,1.3099526709007465,1.8416466137671472,2.5861546744152797
2023-10-08 02:15:00,30943.994498248543,2.7123296152862655,0.34539610537224213,2.3547976194891516,0.3907415626003271,0.8355844145877249,3.0,7.800000000000001,1.2000000000000002,0.8288069739088831,0.9570036572552898,1.3897481786280563,2.0985768987578224,3.135901146401143
2023-10-08 02:20:00,30813.75954891854,2.5395175926588345,0.37098090913784215,2.1298457613207957,0.3755732107598329,0.8388788381491459,3.0,7.800000000000001,1.2000000000000002,0.8288069739088831,0.9570036572552898,1.3897481786280563,2.0985768987578224,3.135901146401143
2023-10-08 02:25:00,31074.16479164934,2.539399618105231,0.3938725853004041,2.084727710192235,0.3637766050323274,0.8708983955180609,3.0,7.800000000000001,1.2000000000000002,0.8288069739088831,0.9570036572552898,1.3897481786280563,2.0985768987578224,3.135901146401143
2023-10-08 02:30:00,30813.71988168225,2.1872747929739083,0.377143444402799,1.7693132961012916,0.3385056174458173,0.8422151487532896,0.05894064811316551,0.34689963966542253,0.07800000000000001,0.8074379233105168,0.9273408219203985,1.3555783415206957,2.0303420894026702,3.057220960284029
2023-10-08 02:35:00,30032.7748874542,1.9798046031751366,0.38129202148405994,1.5574589110634587,0.3467168596027822,0.8228717984565251,3.0,7.800000000000001,1.2000000000000002,0.8074379233105168,0.9273408219203985,1.3555783415206957,2.0303420894026702,3.057220960284029
2023-10-08 02:40:00,30032.748461474686,1.7136347336617008,0.36698689154867514,1.3257919597713161,0.34671614080613394,0.8168590605137924,3.0,7.800000000000001,1.2000000000000002,0.8074379233105168,0.9273408219203985,1.3555783415206957,2.0303420894026702,3.057220960284029
2023-10-08 02:45:00,30813.62732480296,1.5818304559813483,0.3771823175160187,1.1796864270216083,0.3331572733113901,0.8198246196710282,3.0,7.800000000000001,1.2000000000000002,0.7802570089400032,0.8972318540934668,1.3011126930439192,1.9332279353454418,2.8147795650814293
2023-10-08 02:50:00,31334.50899742716,1.6254934754437387,0.3875988328396729,1.2022706465434074,0.3202766782729504,0.8421742158597849,3.0,7.800000000000001,1.2000000000000002,0.7802570089400032,0.8972318540934668,1.3011126930439192,1.9332279353454418,2.8147795650814293
2023-10-08 02:55:00,32246.593388496844,2.150011489476061,0.37310759452842535,1.7405469629023098,0.3202761794740736,0.8525379959575973,3.0,7.800000000000001,1.2000000000000002,0.7802570089400032,0.8972318540934668,1.3011126930439192,1.9332279353454418,2.8147795650814293
2023-10-08 03:00:00,35770.29698758859,2.472908610923763,0.42442556803898573,1.9617060049692436,0.3129082634760054,0.9458392593343122,0.05894064811316551,0.28955828428832764,0.06574382100243337,0.7833319858144439,0.9030526009042884,1.3060201529838655,1.9705846848080393,2.9300170647967225
2023-10-08 03:05:00,76222.5434752113,2.019664619939104,0.4090403533882768,1.5444845802416758,0.30583486732311915,1.185535924614784,3.0,7.800000000000001,1.2000000000000002,0.7833319858144439,0.9030526009042884,1.3060201529838655,1.9705846848080393,2.9300170647967225
2023-10-08 03:10:00,74116.02321720128,1.8859429486441184,0.3793114431656913,1.4695450580475686,0.3081580588780667,1.1569634589748459,3.0,7.800000000000001,1.2000000000000002,0.7833319858144439,0.9030526009042884,1.3060201529838655,1.9705846848080393,2.9300170647967225
2023-10-08 03:15:00,167834.85650594466,1.8212980681654625,0.38977108622652956,1.3869277733545402,0.30583399396193844,1.9934951619835255,3.0,7.800000000000001,1.2000000000000002,0.7748961220705649,0.8897730047602029,1.2932799232958037,1.9563849953421744,2.957177708559295
2023-10-08 03:20:00,158602.8428070572,2.047735855442801,0.4538624274913478,1.4922750905707063,0.30815717240547796,2.8037447070261274,3.0,7.800000000000001,1.2000000000000002,0.7748961220705649,0.8897730047602029,1.2932799232958037,1.9563849953421744,2.957177708559295
2023-10-08 03:25:00,125109.74480788867,2.031377434719356,0.404755561042485,1.5637984893937524,0.3081567291710248,2.50429707027286,3.0,7.800000000000001,1.2000000000000002,0.7748961220705649,0.8897730047602029,1.2932799232958037,1.9563849953421744,2.957177708559295
2023-10-08 03:30:00,207799.5588312084,1.9947468550645608,0.3772997034596613,1.5797936026989414,0.3081562859377992,2.9398170955817227,0.06184658438426492,0.32538592471094996,0.08217207554881403,0.7787226720726705,0.9013878188659973,1.3198090771016844,1.9550959055759898,2.8291242461228174
2023-10-08 03:35:00,150294.24520901227,2.0880296334571806,0.3236864614681237,1.7841101434460098,0.32027191479313716,2.6676591872953157,3.0,7.800000000000001,1.2000000000000002,0.7787226720726705,0.9013878188659973,1.3198090771016844,1.9550959055759898,2.8291242461228174
2023-10-08 03:40:00,232466.45941819894,2.0553959277904115,0.4245375217598614,1.551309814207899,0.32027139106649655,3.3436078430347105,3.0,7.800000000000001,1.2000000000000002,0.7787226720726705,0.9013878188659973,1.3198090771016844,1.9550959055759898,2.8291242461228174
2023-10-08 03:45:00,210568.94934851647,1.9579308673170248,0.3835572543580444,1.531726849767817,0.31778375420733435,3.076192235238448,3.0,7.800000000000001,1.2000000000000002,0.7787226720726705,0.9080550644096425,1.340621288806052,1.9757570700873122,3.1047486210641924
2023-10-08 03:50:00,181550.42445566907,1.9537658280644203,0.40051222037828194,1.4958558579212418,0.32027031867801914,2.5251021417623933,3.0,7.800000000000001,1.2000000000000002,0.7787226720726705,0.9080550644096425,1.340621288806052,1.9757570700873122,3.1047486210641924
2023-10-08 03:55:00,188145.09781949647,2.038802142058882,0.49603001396789237,1.4123305547104583,0.2990734140170164,2.5747133193568175,3.0,7.800000000000001,1.2000000000000002,0.7787226720726705,0.9080550644096425,1.340621288806052,1.9757570700873122,3.1047486210641924
2023-10-08 04:00:00,203181.81257130162,2.3035864311203818,0.447114326338817,1.7541167045021755,0.2968944756615949,2.3834439385646906,0.07354590403278757,0.47255323509632224,0.19136614120580475,0.8043009387039157,0.9408554618005892,1.380668186060648,2.046026637167757,3.029867983922732
2023-10-08 04:05:00,163217.44892503292,2.2381001490774266,0.4403127964251259,1.7019156576294068,0.2968941097875021,1.9241496790498296,3.0,7.800000000000001,1.2000000000000002,0.8043009387039157,0.9408554618005892,1.380668186060648,2.046026637167757,3.029867983922732
2023-10-08 04:10:00,114562.42203053489,1.9249764292443097,0.39842159085561407,1.4716643869067112,0.29689374391450807,1.3836401075888611,3.0,7.800000000000001,1.2000000000000002,0.8043009387039157,0.9408554618005892,1.380668186060648,2.046026637167757,3.029867983922732
2023-10-08 04:15:00,151743.86602401768,1.8320055133141455,0.33818217284604307,1.4997080898668818,0.2968933780426129,1.5559429956408115,3.0,7.800000000000001,1.2000000000000002,0.7996099048911289,0.9214532001138203,1.3336670649003821,2.0029878307169016,3.233392026958686
2023-10-08 04:20:00,120362.51937015937,2.5284813788979332,0.5297134344355121,1.8333197495788578,0.2968930121718165,1.4528905653424005,3.0,7.800000000000001,1.2000000000000002,0.7996099048911289,0.9214532001138203,1.3336670649003821,2.0029878307169016,3.233392026958686
2023-10-08 04:25:00,141062.40311448206,2.3725562573815946,0.4563473024155443,1.8055935931065896,0.2947524372327966,1.5040488333180675,3.0,7.800000000000001,1.2000000000000002,0.7996099048911289,0.9214532001138203,1.3336670649003821,2.0029878307169016,3.233392026958686
2023-10-08 04:30:00,153457.74327841122,2.2171088187013916,0.40493303785045853,1.7456171488015946,0.2947520990568053,1.6015347492917194,0.07648529270389179,0.6199263182024135,0.2582484269071159,0.8027353237524807,0.9256570639281051,1.3446025435049571,1.9900050879331943,3.0244034122451326
2023-10-08 04:35:00,157150.07394189207,2.2619014519774376,0.4180503198573198,1.765435771709565,0.29475173974590435,1.608046465348079,3.0,7.800000000000001,1.2000000000000002,0.8027353237524807,0.9256570639281051,1.3446025435049571,1.9900050879331943,3.0244034122451326
2023-10-08 04:40:00,137369.87136592844,2.3476447774633455,0.4495112743889511,1.793159998347388,0.30582666252272245,1.5167928111799798,3.0,7.800000000000001,1.2000000000000002,0.8027353237524807,0.9256570639281051,1.3446025435049571,1.9900050879331943,3.0244034122451326
2023-10-08 04:45:00,129326.93361218748,2.7581993825958184,0.5615605408962202,2.0062318323231185,0.30128545184965105,1.5556295594334275,3.0,7.800000000000001,1.2000000000000002,0.8074379233105168,0.9340883255881106,1.3585786101657862,2.0042876540057812,2.944495882150288
2023-10-08 04:50:00,132491.09637790537,2.6510606726168757,0.49381941761472864,2.0147526414714485,0.2809132507996612,1.621035575841875,3.0,7.800000000000001,1.2000000000000002,0.8074379233105168,0.9340883255881106,1.3585786101657862,2.0042876540057812,2.944495882150288
2023-10-08 04:55:00,160050.803266225,2.70031830399253,0.4247471493244191,2.186046550484245,0.29689042958568407,1.6209799240532994,3.0,7.800000000000001,1.2000000000000002,0.8074379233105168,0.9340883255881106,1.3585786101657862,2.0042876540057812,2.944495882150288
2023-10-08 05:00:00,155830.71390848627,2.737252437348056,0.41811974069110064,2.234920403647883,0.28091275949927097,1.6209248711831186,0.08532877591996735,0.7709838908822935,0.21807338214463495,0.8129458776573014,0.9552989061021687,1.3877282731140128,2.2235548115573853,3.671349070845757
2023-10-08 05:05:00,127744.35958420267,2.5110023457252773,0.43822188603081813,1.974251579769641,0.2756426366966677,1.4208005646283373,3.0,7.800000000000001,1.2000000000000002,0.8129458776573014,0.9552989061021687,1.3877282731140128,2.2235548115573853,3.671349070845757
2023-10-08 05:10:00,126425.84308227256,2.8194153725919096,0.5469114810027388,2.0909344822708404,0.28465290589902226,1.290947809467758,3.0,7.800000000000001,1.2000000000000002,0.8129458776573014,0.9552989061021687,1.3877282731140128,2.2235548115573853,3.671349070845757
2023-10-08 05:15:00,137632.73939947772,3.2778732558348396,0.6645112345978402,2.3510147658480554,0.27910905186459445,1.1846767165364211,3.0,7.800000000000001,1.2000000000000002,0.8376061126806561,0.9621247320384193,1.3756344863371228,1.9447940765027025,2.761149036180409
2023-10-08 05:20:00,137368.93398747937,2.856284131672532,0.5154050751969799,2.1804878588840806,0.2791088212279961,1.2728064946662223,3.0,7.800000000000001,1.2000000000000002,0.8376061126806561,0.9621247320384193,1.3756344863371228,1.9447940765027025,2.761149036180409
2023-10-08 05:25:00,128534.97341398915,5.732251476578079,2.134609918444409,2.5161543479099984,0.3153179147954036,1.2787742015206214,3.0,7.800000000000001,1.2000000000000002,0.8376061126806561,0.9621247320384193,1.3756344863371228,1.9447940765027025,2.761149036180409
2023-10-08 05:30:00,130248.82533785584,3.099646310679924,0.7132388407776653,2.097204994277979,0.28275937983075183,1.5812404745635313,0.09420191080864548,0.8825100565999233,0.2582484269071159,0.8224408793341926,0.954446960286427,1.3857095799625547,2.0972582697417117,3.3017625596035822
2023-10-08 05:35:00,204101.57920551786,3.8787049797190036,1.189553519179415,2.126081455025206,0.2865873360099369,2.5514840432974766,3.0,7.800000000000001,1.2000000000000002,0.8224408793341926,0.954446960286427,1.3857095799625547,2.0972582697417117,3.3017625596035822
2023-10-08 05:40:00,269134.1272515095,3.6959118455635114,1.0101836899730112,2.221005037427318,0.28275885786037164,3.463638015260832,3.0,7.800000000000001,1.2000000000000002,0.8224408793341926,0.954446960286427,1.3857095799625547,2.0972582697417117,3.3017625596035822
2023-10-08 05:45:00,217423.7230295217,2.690906250211538,0.5519152648951182,1.9559786513982147,0.2773508461664271,3.4345222027523894,3.0,7.800000000000001,1.2000000000000002,0.8304029142530751,0.9655444060218049,1.3937916056570292,2.1634792002697876,3.3406741834545914
2023-10-08 05:50:00,187086.20405445964,3.7620797763166545,1.2865534428405845,1.8654885366930267,0.2773506215605076,2.7719684237686955,3.0,7.800000000000001,1.2000000000000002,0.8304029142530751,0.9655444060218049,1.3937916056570292,2.1634792002697876,3.3406741834545914
2023-10-08 05:55:00,175215.7871329026,4.002859286334975,1.286568623066119,2.1003933954637275,0.28658618507509015,3.7827529000365283,3.0,7.800000000000001,1.2000000000000002,0.8304029142530751,0.9655444060218049,1.3937916056570292,2.1634792002697876,3.3406741834545914
2023-10-08 06:00:00,327707.14003355504,4.8558075102306075,1.6686271158861783,2.358677954574292,0.29264500231028023,4.658970981202143,0.10012991560967183,0.9076958962119417,0.26718953946590046,0.8280096617793781,0.9723970382513514,1.4120456649839623,2.122353410721221,3.6168682585905727
2023-10-08 06:05:00,168753.02101195295,3.620629623465359,0.9146744809177403,2.2945196208545027,0.29058386464127056,2.7430847441156683,3.0,7.800000000000001,1.2000000000000002,0.8280096617793781,0.9723970382513514,1.4120456649839623,2.122353410721221,3.6168682585905727
2023-10-08 06:10:00,222830.96939455695,3.5168350003214846,0.8856321300688464,2.2374031229850107,0.2926443386093795,2.843070720467467,3.0,7.800000000000001,1.2000000000000002,0.8280096617793781,0.9723970382513514,1.4120456649839623,2.122353410721221,3.6168682585905727
2023-10-08 06:15:00,234438.88886359724,4.2934223921197985,1.2542775054731365,2.435005930973937,0.3104987921811376,2.6359721948680774,3.0,7.800000000000001,1.2000000000000002,0.8280096617793781,0.9604165762834375,1.4018927776402872,2.0775083634007347,3.2407715130814148
2023-10-08 06:20:00,179435.51043903088,3.5373257673360086,0.8619496513041689,2.2944863770426975,0.27563952774834233,1.9977067590350042,3.0,7.800000000000001,1.2000000000000002,0.8280096617793781,0.9604165762834375,1.4018927776402872,2.0775083634007347,3.2407715130814148
2023-10-08 06:25:00,191965.18702098986,4.467936665681147,1.5437528108297638,2.1668983653066354,0.28658442944010853,1.9907586911367994,3.0,7.800000000000001,1.2000000000000002,0.8280096617793781,0.9604165762834375,1.4018927776402872,2.0775083634007347,3.2407715130814148
2023-10-08 06:30:00,174027.69447718922,4.94257410264995,1.8320119568670687,2.1972913167961097,0.28275622941911044,2.01821301370879,3.0,7.800000000000001,1.2000000000000002,0.8320006009613214,0.978407379367102,1.403921023419765,2.1968013109974236,3.4224400652166285
2023-10-08 06:35:00,175610.25678427742,3.744395977468029,0.9784186675455975,2.317724264614358,0.2692869434805124,1.9289153905540783,3.0,7.800000000000001,1.2000000000000002,0.8320006009613214,0.978407379367102,1.403921023419765,2.1968013109974236,3.4224400652166285
2023-10-08 06:40:00,221246.9551682068,3.383507185238646,0.7912512428388617,2.253589953595264,0.2678248867707108,2.8997262757528266,3.0,7.800000000000001,1.2000000000000002,0.8320006009613214,0.978407379367102,1.403921023419765,2.1968013109974236,3.4224400652166285
2023-10-08 06:45:00,246045.86478224574,3.4041008910424826,0.9015825302550999,2.101801493704688,0.27734818550078566,3.1295779813843536,3.0,7.800000000000001,1.2000000000000002,0.8320006009613214,0.9723970382513514,1.4029067538507325,2.1355957014378917,3.2057454671261723
2023-10-08 06:50:00,203571.36679081892,3.07294555885779,0.7006289064012079,2.0909649034490814,0.2773479609042032,2.6708625946210716,3.0,7.800000000000001,1.2000000000000002,0.8320006009613214,0.9723970382513514,1.4029067538507325,2.1355957014378917,3.2057454671261723
2023-10-08 06:55:00,217157.26760044484,3.2051406891157224,0.8752272072246362,1.9474965060071592,0.2707994704348739,2.5570460647276754,3.0,7.800000000000001,1.2000000000000002,0.8320006009613214,0.9723970382513514,1.4029067538507325,2.1355957014378917,3.2057454671261723
2023-10-08 07:00:00,216497.62705437193,3.0933721141819475,0.9466326684155066,1.729223256914751,0.27734752898991394,2.663542208824161,3.0,1.5770853623060481,0.549819061146483,0.8553572353116562,1.0077822185373186,1.4539667671580394,2.376169238501332,4.089710992234048
2023-10-08 07:05:00,210825.48708363366,2.8620450626761262,0.8647235888715289,1.6297267746586226,0.2773473043956355,2.663441817346976,3.0,7.800000000000001,1.2000000000000002,0.8553572353116562,1.0077822185373186,1.4539667671580394,2.376169238501332,4.089710992234048
2023-10-08 07:10:00,140794.57184139112,3.018761475999589,0.938710067241675,1.6689616668820357,0.2773470798021453,1.7523404776209346,3.0,7.800000000000001,1.2000000000000002,0.8553572353116562,1.0077822185373186,1.4539667671580394,2.376169238501332,4.089710992234048
2023-10-08 07:15:00,126950.41925120383,3.8264674241690892,1.133473114091102,2.1603158410377876,0.28658152296413153,1.3758022981846012,3.0,7.800000000000001,1.2000000000000002,0.8798727180677897,1.0321865141533288,1.501526103669197,2.414333500161069,3.9794200582496946
2023-10-08 07:20:00,134597.27769590804,5.316506241373622,1.98481849307148,2.3336650218328456,0.2990577349562144,1.4132798149111598,3.0,7.800000000000001,1.2000000000000002,0.8798727180677897,1.0321865141533288,1.501526103669197,2.414333500161069,3.9794200582496946
2023-10-08 07:25:00,118644.8986247897,5.862846310988964,2.45475339020993,2.1627372590741847,0.3012726929158331,1.3695033506576229,3.0,7.800000000000001,1.2000000000000002,0.8798727180677897,1.0321865141533288,1.501526103669197,2.414333500161069,3.9794200582496946
2023-10-08 07:30:00,118908.45719329485,6.839712304059932,2.9037507921520134,2.4455309385333885,0.3058120236860574,1.2479837569896903,0.1388128236151113,1.2351643777246817,0.44201923035089774,0.893913306758547,1.054127127058212,1.5370070136469773,2.391147005100272,3.89218396276435
2023-10-08 07:35:00,108890.62765797401,6.981619092780218,2.7449028461552802,2.82482197361184,0.29687870102936337,1.206853806230069,3.0,7.800000000000001,1.2000000000000002,0.893913306758547,1.054127127058212,1.5370070136469773,2.391147005100272,3.89218396276435
2023-10-08 07:40:00,106649.9637274125,6.321627849607522,2.3180628376771955,2.8195274059627695,0.3012714905648192,1.1108049699682883,3.0,7.800000000000001,1.2000000000000002,0.893913306758547,1.054127127058212,1.5370070136469773,2.391147005100272,3.89218396276435
2023-10-08 07:45:00,84251.39875458405,7.039859106102877,2.7668367375956544,2.8491164626513905,0.29473840376512006,1.0213282714466014,3.0,7.800000000000001,1.2000000000000002,0.9307120929696788,1.1117774057786927,1.6172247339191914,2.4690699159805094,3.8108398024582457
2023-10-08 07:50:00,83987.92561936626,7.173429712574473,2.821622959728232,2.8980752581478053,0.3012707112689034,1.0213049046148512,3.0,7.800000000000001,1.2000000000000002,0.9307120929696788,1.1117774057786927,1.6172247339191914,2.4690699159805094,3.8108398024582457
2023-10-08 07:55:00,88334.48491526599,7.541020164711855,3.016154284681224,2.9666790573835344,0.31048951645787826,1.0519911912416497,3.0,7.800000000000001,1.2000000000000002,0.9307120929696788,1.1117774057786927,1.6172247339191914,2.4690699159805094,3.8108398024582457
2023-10-08 08:00:00,79378.55038177193,8.937173686140738,3.7592932718102863,3.221544757216675,0.32276048899447934,1.0013623920066959,0.21352751579129092,1.7210614864088964,0.40162202379849643,0.9264987857520376,1.1422473462433607,1.741747398447892,2.6707774617140982,4.278663810116425
2023-10-08 08:05:00,72269.32559247884,8.711244328011789,3.611160888613307,3.222473274290803,0.31530198869263454,0.9492622567527846,3.0,7.800000000000001,1.2000000000000002,0.9264987857520376,1.1422473462433607,1.741747398447892,2.6707774617140982,4.278663810116425
2023-10-08 08:10:00,70426.67777961203,7.615866247693073,3.106628052395754,2.903693075968439,0.31048812041110296,0.9357729122258521,3.0,7.800000000000001,1.2000000000000002,0.9264987857520376,1.1422473462433607,1.741747398447892,2.6707774617140982,4.278663810116425
2023-10-08 08:15:00,65689.65791982033,7.7453030026867955,3.081976045174875,3.068890155932512,0.29687577444644375,0.9098495066423616,3.0,7.800000000000001,1.2000000000000002,0.945094704249262,1.2055741370815818,1.8387140723886355,2.821645309035138,4.739797885986279
2023-10-08 08:20:00,38644.51156150249,7.122550009151556,2.742283006765093,2.967951688274761,0.30126830661246223,0.8253505429030823,3.0,7.800000000000001,1.2000000000000002,0.945094704249262,1.2055741370815818,1.8387140723886355,2.821645309035138,4.739797885986279
2023-10-08 08:25:00,34070.68524192632,4.302763378257202,1.2951257498746336,2.3818404878395696,0.28090258849676164,0.8163073947728191,3.0,7.800000000000001,1.2000000000000002,0.945094704249262,1.2055741370815818,1.8387140723886355,2.821645309035138,4.739797885986279
2023-10-08 08:30:00,38644.445124671816,3.070568416154171,0.9363121463086995,1.7227850038254833,0.27734355551522416,0.8162994271414614,0.29138634147811393,2.0810162517385584,0.5408326913195984,0.9595629213345,1.3518638984749909,2.1296352363726516,3.600650080193853,5.886255516030544
2023-10-08 08:35:00,33157.327242727115,2.818685290383922,0.9283808331314692,1.4919101400977184,0.2739723166334732,0.8162914599313382,3.0,7.800000000000001,1.2000000000000002,0.9595629213345,1.3518638984749909,2.1296352363726516,3.600650080193853,5.886255516030544
2023-10-08 08:40:00,41655.28590677144,2.1990400022752583,0.5746247017625788,1.4392450341147482,0.27734310635534654,0.7947433003520173,3.0,7.800000000000001,1.2000000000000002,0.9595629213345,1.3518638984749909,2.1296352363726516,3.600650080193853,5.886255516030544
2023-10-08 08:45:00,31723.29816391959,2.1826123702085827,0.5232505068501112,1.506472980342103,0.277342899051851,0.8162755800601854,3.0,7.800000000000001,1.2000000000000002,1.0086505837008175,1.5167808015662647,2.499572635471912,4.126501211680423,6.619101147436863
2023-10-08 08:50:00,39691.166369238956,2.0725838729871997,0.489792634123749,1.4553526073283607,0.27563329353659805,0.8162676407522903,3.0,7.800000000000001,1.2000000000000002,1.0086505837008175,1.5167808015662647,2.499572635471912,4.126501211680423,6.619101147436863
2023-10-08 08:55:00,40738.45291561022,2.1457057429000463,0.540267961439117,1.4430265168409062,0.2637522175564863,0.7997512767874224,3.0,7.800000000000001,1.2000000000000002,1.0086505837008175,1.5167808015662647,2.499572635471912,4.126501211680423,6.619101147436863
2023-10-08 09:00:00,56221.84387643971,2.6904179244881425,0.8021362886030091,1.5593992693570486,0.27397135363942887,0.8023484098018511,0.1268897158953396,0.7026407332342752,0.2537794317906792,0.9904670615421798,1.4706083775091179,2.384234518666316,3.820205360972103,6.340438155206626
2023-10-08 09:05:00,32896.31050812463,3.467053482395751,1.2925516456344468,1.5716369106070258,0.2773420007444651,0.794713674278742,3.0,7.800000000000001,1.2000000000000002,0.9904670615421798,1.4706083775091179,2.384234518666316,3.820205360972103,6.340438155206626
2023-10-08 09:10:00,36029.20942594667,2.8549602638539757,0.9842251685969075,1.4433067438933291,0.27734179344455173,0.7899297433283292,3.0,7.800000000000001,1.2000000000000002,0.9904670615421798,1.4706083775091179,2.384234518666316,3.820205360972103,6.340438155206626
2023-10-08 09:15:00,32244.395892641263,2.579038950289259,0.8967734509112585,1.3111326727929224,0.28090011418951627,0.7899243190702675,3.0,7.800000000000001,1.2000000000000002,0.9939220291350827,1.4932009241893738,2.446972137152362,4.036336240949209,6.772358230336018
2023-10-08 09:20:00,30941.62742007902,2.435281033162651,0.84411474168725,1.2535206120982456,0.29473172578884044,0.7899188739664607,3.0,7.800000000000001,1.2000000000000002,0.9939220291350827,1.4932009241893738,2.446972137152362,4.036336240949209,6.772358230336018
2023-10-08 09:25:00,30551.060765223563,2.1572279696230745,0.6323078769861321,1.3088843649433421,0.28657397436767545,0.7899134292060924,3.0,7.800000000000001,1.2000000000000002,0.9939220291350827,1.4932009241893738,2.446972137152362,4.036336240949209,6.772358230336018
2023-10-08 09:30:00,32113.969235081713,2.01074703079314,0.574777978813325,1.2590284986373805,0.27734091242741293,0.7899079847891697,0.07942921376924236,0.4186761994668433,0.1382931668593933,0.9518928511129812,1.4162009038268548,2.3466778560339296,3.6915257347064507,5.985968259187481
2023-10-08 09:35:00,32896.138332058516,2.2508101797096582,0.6729742476954171,1.335457433911296,0.2846382542475919,0.8133011842686115,3.0,7.800000000000001,1.2000000000000002,0.9518928511129812,1.4162009038268548,2.3466778560339296,3.6915257347064507,5.985968259187481
2023-10-08 09:40:00,33939.71894942093,2.018629073004625,0.6197500821992773,1.1972313179684018,0.2990470278668565,0.7922536293392173,3.0,7.800000000000001,1.2000000000000002,0.9518928511129812,1.4162009038268548,2.3466778560339296,3.6915257347064507,5.985968259187481
2023-10-08 09:45:00,31071.691645244515,2.209761189653548,0.7217717629620277,1.2230664696729665,0.29686918989204475,0.7946663403496006,3.0,7.800000000000001,1.2000000000000002,0.9105608162006534,1.3064643125627275,2.1453671014537345,3.1864792875523293,4.90785248352067
2023-10-08 09:50:00,33156.87685264483,2.6604368895030577,0.9418652671183341,1.321500252224657,0.3012611374257357,0.7898861893775904,3.0,7.800000000000001,1.2000000000000002,0.9105608162006534,1.3064643125627275,2.1453671014537345,3.1864792875523293,4.90785248352067
2023-10-08 09:55:00,32765.621785583135,3.503161235097171,1.4278409408236967,1.4076106431599842,0.31774570183464806,0.7898807678564868,3.0,7.800000000000001,1.2000000000000002,0.9105608162006534,1.3064643125627275,2.1453671014537345,3.1864792875523293,4.90785248352067
2023-10-08 10:00:00,33156.823865585684,3.590114490678238,1.3332114891864366,1.6295144010934717,0.32023101825792366,0.7898753466762032,0.09420191080864548,0.47255323509632224,0.14709180806557515,0.8864671454712804,1.2696019061107304,2.085898597727128,3.283482335874521,5.433732050810014
2023-10-08 10:05:00,30030.330487154897,2.4998447429352666,0.7528747444409866,1.4513230791904284,0.301259957440481,0.8076412871546894,3.0,7.800000000000001,1.2000000000000002,0.8864671454712804,1.2696019061107304,2.085898597727128,3.283482335874521,5.433732050810014
2023-10-08 10:10:00,32113.73097651349,2.2214182742325295,0.6223600576146154,1.3855167502711911,0.31047699977378457,0.7922195541875265,3.0,7.800000000000001,1.2000000000000002,0.8864671454712804,1.2696019061107304,2.085898597727128,3.283482335874521,5.433732050810014
2023-10-08 10:15:00,30941.310046838822,2.278469236531019,0.5997953866816996,1.4757953260575924,0.338444854729086,0.7898590216648911,3.0,7.800000000000001,1.2000000000000002,0.8521150157109074,1.1919412737211512,1.9135067703041972,3.1281457766542786,5.136421322282665
2023-10-08 10:20:00,29770.09405437672,2.466673277911181,0.6375337474735786,1.5981311956416981,0.32529114855368163,1.25,3.0,7.800000000000001,1.2000000000000002,0.8521150157109074,1.1919412737211512,1.9135067703041972,3.1281457766542786,5.136421322282665
2023-10-08 10:25:00,29900.13806921572,2.347750403266518,0.6629310983294678,1.4435737354114466,0.34665043302414233,1.25,3.0,7.800000000000001,1.2000000000000002,0.8521150157109074,1.1919412737211512,1.9135067703041972,3.1281457766542786,5.136421322282665
2023-10-08 10:30:00,33547.974388542054,2.7171040263247095,0.8390844819673208,1.5289183995947686,0.34664974201694587,0.7875511767466783,0.07354590403278757,0.3863664581715137,0.11208925015361643,0.7381388758221585,0.9510420600583341,1.5004866410601594,2.254422376130968,3.6600683053735485
2023-10-08 10:35:00,33417.49085699171,2.8447009489441517,0.8891066433448694,1.5759996001710208,0.36080038750614324,0.789837280958871,3.0,7.800000000000001,1.2000000000000002,0.7381388758221585,0.9510420600583341,1.5004866410601594,2.254422376130968,3.6600683053735485
2023-10-08 10:40:00,30160.235065176617,2.3842404321153796,0.7296883418548232,1.376111386582472,0.34664833236689435,0.7921855134262101,3.0,7.800000000000001,1.2000000000000002,0.7381388758221585,0.9510420600583341,1.5004866410601594,2.254422376130968,3.6600683053735485
2023-10-08 10:45:00,30810.95640095387,2.7167495773816777,0.8050805932465438,1.580303336473006,0.3278633469652609,0.7898264020811954,3.0,7.800000000000001,1.2000000000000002,0.7134991240359024,0.8724820915067542,1.3247505425550878,1.9667084811938955,2.9065230086823672
2023-10-08 10:50:00,31983.185149386605,2.74957143096261,0.8654339872731365,1.520266864034066,0.31774003771318915,0.7945894633579325,3.0,7.800000000000001,1.2000000000000002,0.7134991240359024,0.8724820915067542,1.3247505425550878,1.9667084811938955,2.9065230086823672
2023-10-08 10:55:00,32113.479481405782,2.5684669120673047,0.7816268339937641,1.4733632039130786,0.32528719175145265,0.7898155457388796,3.0,7.800000000000001,1.2000000000000002,0.7134991240359024,0.8724820915067542,1.3247505425550878,1.9667084811938955,2.9065230086823672
2023-10-08 11:00:00,31983.11897318409,2.461632533813875,0.7660298771685651,1.3948368826168007,0.3152846052649143,0.7921628483368213,0.07061161377563893,0.3433132680220792,0.0863770802933278,0.7242761904135743,0.9130695482820572,1.4191698418441676,2.315112092318642,3.935774891936784
2023-10-08 11:05:00,31592.223816487905,2.5600159092412396,0.8051437048937673,1.4296719725876659,0.3227401999106903,0.8021820935750155,3.0,7.800000000000001,1.2000000000000002,0.7242761904135743,0.9130695482820572,1.4191698418441676,2.315112092318642,3.935774891936784
2023-10-08 11:10:00,29639.762744093274,2.4163074594855654,0.7323666736323692,1.40263109682407,0.3128611667065503,0.7921515070326797,3.0,7.800000000000001,1.2000000000000002,0.7242761904135743,0.9130695482820572,1.4191698418441676,2.315112092318642,3.935774891936784
2023-10-08 11:15:00,30680.617669936943,4.527519931504631,1.7375641662877612,1.9339930443639932,0.3035056185492337,0.8281573919208178,3.0,7.800000000000001,1.2000000000000002,0.7177917525299382,0.8806957476904269,1.3766406066944268,2.090668792515926,3.1487457820535463
2023-10-08 11:20:00,30160.023631944863,3.563316684521917,0.9793168692344348,2.138209852496935,0.36079322406730174,0.7897883791406963,3.0,7.800000000000001,1.2000000000000002,0.7177917525299382,0.8806957476904269,1.3766406066944268,2.090668792515926,3.1487457820535463
2023-10-08 11:25:00,30680.538344796583,3.074672947936483,0.9819913013038346,1.6575869219011352,0.3202219672603835,0.7945481394781313,3.0,7.800000000000001,1.2000000000000002,0.7177917525299382,0.8806957476904269,1.3766406066944268,2.090668792515926,3.1487457820535463
2023-10-08 11:30:00,30680.511903084363,5.568974581071118,1.8574125886411257,2.775090615373326,0.32273744942346516,0.8102932367101057,0.06184658438426492,0.3433132680220792,0.09061042986323373,0.702876945133357,0.8643060800434069,1.345598692032658,2.143552192040119,3.6882787313325447
2023-10-08 11:35:00,30550.333702630807,3.919896947250866,1.0833901106145007,2.32886101549639,0.366603904757466,0.7897721129092381,3.0,7.800000000000001,1.2000000000000002,0.702876945133357,0.8643060800434069,1.345598692032658,2.143552192040119,3.6882787313325447
2023-10-08 11:40:00,30159.904700770392,2.9339089532855347,0.8052542701796268,1.7907081831787641,0.32273636437854464,0.8047909610109669,3.0,7.800000000000001,1.2000000000000002,0.702876945133357,0.8643060800434069,1.345598692032658,2.143552192040119,3.6882787313325447
2023-10-08 11:45:00,30550.280825369908,2.9915824573634557,0.8235874856419717,1.8186027747147961,0.30350312994520756,0.8047840823293322,3.0,7.800000000000001,1.2000000000000002,0.6931089380465383,0.859418989783214,1.3675967826812112,2.1807897651997545,3.5849825662058667
2023-10-08 11:50:00,30550.254386740402,9.52524149919847,3.268910483638483,4.551409242898169,0.3550608066427484,1.0052719464183137,3.0,7.800000000000001,1.2000000000000002,0.6931089380465383,0.859418989783214,1.3675967826812112,2.1807897651997545,3.5849825662058667
2023-10-08 11:55:00,32243.46923886838,22.588518782721582,8.621836543969996,9.406551291214411,0.7248194098468365,1.2225388077602373,3.0,7.800000000000001,1.2000000000000002,0.6931089380465383,0.859418989783214,1.3675967826812112,2.1807897651997545,3.5849825662058667
2023-10-08 12:00:00,32634.495268893806,23.92825338039517,9.157790055332079,9.925326013577113,1.4149518112454549,1.2998382551686958,0.07061161377563893,0.31821728425715656,0.07386643351347078,0.6767096866456102,0.8137346004687277,1.2602634010396396,1.935796024895185,3.10291798151353
2023-10-08 12:05:00,31461.613249219507,19.803951837714358,7.025190998828679,9.066551455215402,2.1675254925244176,0.8887433347658684,3.0,7.800000000000001,1.2000000000000002,0.6767096866456102,0.8137346004687277,1.2602634010396396,1.935796024895185,3.10291798151353
2023-10-08 12:10:00,29639.445753069605,5.234392322182407,1.3174111290775057,3.2693239658449476,1.0623390436343685,0.7944950504908477,3.0,7.800000000000001,1.2000000000000002,0.6767096866456102,0.8137346004687277,1.2602634010396396,1.935796024895185,3.10291798151353
2023-10-08 12:15:00,29379.375176627298,3.441791371734904,0.8499212567521197,2.2191252540456277,0.598934351038951,0.7969618119648199,3.0,7.800000000000001,1.2000000000000002,0.6529931086925803,0.7567192345910073,1.1377835294993508,1.782856135530851,2.695374556531986
2023-10-08 12:20:00,30289.811836921315,2.8257254629940634,0.8132253606694055,1.6732588798493127,0.49930255482729735,0.8102192882749943,3.0,7.800000000000001,1.2000000000000002,0.6529931086925803,0.7567192345910073,1.1377835294993508,1.782856135530851,2.695374556531986
2023-10-08 12:25:00,33677.740618346936,2.66089350084793,0.6991105147247546,1.6899517866228617,0.4752592177242257,0.8926796744080434,3.0,7.800000000000001,1.2000000000000002,0.6529931086925803,0.7567192345910073,1.1377835294993508,1.782856135530851,2.695374556531986
2023-10-08 12:30:00,30680.18138173417,9.398770175424554,2.6115476730232565,5.430045810754485,0.6355136260782399,0.8967004445369857,0.07061161377563893,0.31821728425715656,0.07386643351347078,0.6447084612443054,0.7447845325998653,1.1404931564897705,1.6957388507668274,2.6759028382958903
2023-10-08 12:35:00,30680.168160882185,5.008713235733223,1.9311902843649984,2.1129865432188937,0.5132166886743326,0.9304538446878996,3.0,7.800000000000001,1.2000000000000002,0.6447084612443054,0.7447845325998653,1.1404931564897705,1.6957388507668274,2.6759028382958903
2023-10-08 12:40:00,30940.50339024619,23.248835735176556,7.528094661899368,11.739103220916439,0.8461488514402814,0.9348353921215993,3.0,7.800000000000001,1.2000000000000002,0.6447084612443054,0.7447845325998653,1.1404931564897705,1.6957388507668274,2.6759028382958903
2023-10-08 12:45:00,29379.2167224367,2.882859202397025,0.6379842689186532,2.004223713780412,1.011820391354785,0.7896962163365611,3.0,7.800000000000001,1.2000000000000002,0.6478765314471577,0.7672835199585614,1.1733821883768305,1.9473677105261862,3.336965088220133
2023-10-08 12:50:00,29249.18728274789,2.2054470014397007,0.5556611678520493,1.4758230038037394,0.5202161557919329,0.7896907856445541,3.0,7.800000000000001,1.2000000000000002,0.6478765314471577,0.7672835199585614,1.1733821883768305,1.9473677105261862,3.336965088220133
2023-10-08 12:55:00,30549.884245993468,1.4102804204420099,0.3976992389812647,0.9821118192136506,0.45166715846827654,0.8046877970973272,3.0,7.800000000000001,1.2000000000000002,0.6478765314471577,0.7672835199585614,1.1733821883768305,1.9473677105261862,3.336965088220133
2023-10-08 13:00:00,29509.13126821292,2.1318612605432516,0.5828612350279087,1.3616995455515284,0.42861632422643914,0.8376135001316241,0.06184658438426492,0.2859779012441346,0.061773780845922,0.6562202374203344,0.7627424204802038,1.1495605421203356,1.8315813522745856,3.1505815336220078
2023-10-08 13:05:00,29249.094863433278,4.162925281849264,1.1560327456127582,2.456823708110151,0.46171090287446426,0.8101528585461302,3.0,7.800000000000001,1.2000000000000002,0.6562202374203344,0.7627424204802038,1.1495605421203356,1.8315813522745856,3.1505815336220078
2023-10-08 13:10:00,29769.169379205465,3.6187447435345144,0.9929616832981022,2.1716563899624486,0.41892087862310384,0.799425230679863,3.0,7.800000000000001,1.2000000000000002,0.6562202374203344,0.7627424204802038,1.1495605421203356,1.8315813522745856,3.1505815336220078
2023-10-08 13:15:00,29509.06523699067,6.0462399526820825,1.6400309754039633,3.5799689406692576,0.4286127267417664,0.8476980228553692,3.0,7.800000000000001,1.2000000000000002,0.6403124237432849,0.741824777154282,1.1287873847629588,1.7457837781351961,2.714884896270927
2023-10-08 13:20:00,31330.924132416043,10.058343760168352,2.387359497375731,6.431729923556685,0.9074886765006822,0.9173443649873734,3.0,7.800000000000001,1.2000000000000002,0.6403124237432849,0.741824777154282,1.1287873847629588,1.7457837781351961,2.714884896270927
2023-10-08 13:25:00,31330.897675887536,12.409525778523669,2.7129765510028943,8.280153806964849,1.8338908746277884,0.8885208623033849,3.0,7.800000000000001,1.2000000000000002,0.6403124237432849,0.741824777154282,1.1287873847629588,1.7457837781351961,2.714884896270927
2023-10-08 13:30:00,38511.53550813164,11.354954511859102,2.9704356146222937,6.832290792322617,1.3715435452893112,0.9571943218213161,0.05604462507680821,0.16829545448407096,0.054083269131959835,0.6109017924347578,0.6931089380465383,1.068324220449953,1.5334295712552304,2.2592972358678263
2023-10-08 13:35:00,31070.395559913486,9.924116922376417,2.442094294991083,6.213798366102775,1.4148414562912222,0.900585622325748,3.0,7.800000000000001,1.2000000000000002,0.6109017924347578,0.6931089380465383,1.068324220449953,1.5334295712552304,2.2592972358678263
2023-10-08 13:40:00,30159.25718683087,11.601557123542396,3.6887585553944158,5.979244463997608,1.1441073887060673,0.9617697655940292,3.0,7.800000000000001,1.2000000000000002,0.6109017924347578,0.6931089380465383,1.068324220449953,1.5334295712552304,2.2592972358678263
2023-10-08 13:45:00,29768.984444271257,15.966568378510575,4.108566073477797,9.695340301877652,0.9923965349017045,0.9005559539440106,3.0,7.800000000000001,1.2000000000000002,0.6063406633238447,0.6882797396407947,1.0708909188147968,1.5597464537545838,2.8416903420323614
2023-10-08 13:50:00,30159.19111400198,16.707362127598383,4.6465870724067,9.611829570178024,0.9074675806778109,0.9525414905132312,3.0,7.800000000000001,1.2000000000000002,0.6063406633238447,0.6882797396407947,1.0708909188147968,1.5597464537545838,2.8416903420323614
2023-10-08 13:55:00,29768.91839608856,10.571975851446883,2.548837641203957,6.696781657825967,1.1362849803283517,0.9046410382796358,3.0,7.800000000000001,1.2000000000000002,0.6063406633238447,0.6882797396407947,1.0708909188147968,1.5597464537545838,2.8416903420323614
2023-10-08 14:00:00,30940.053778619655,11.693095360336379,3.1102579194866107,6.955705703864718,1.089489326328283,1.034754387918661,3.0,7.800000000000001,1.2000000000000002,0.6097548687792497,0.6993718610295956,1.0649112639088762,1.851734929734815,3.398249549400397
2023-10-08 14:05:00,37988.10594691349,15.719075514071848,4.517584094285154,8.821965929029506,1.1753437801950843,0.9663199460015677,3.0,7.800000000000001,1.2000000000000002,0.6097548687792497,0.6993718610295956,1.0649112639088762,1.851734929734815,3.398249549400397
2023-10-08 14:10:00,36288.5831180663,10.605065937109913,2.666558085339975,6.54933141445509,0.7889463930196031,0.8767045432824516,3.0,7.800000000000001,1.2000000000000002,0.6097548687792497,0.6993718610295956,1.0649112639088762,1.851734929734815,3.398249549400397
2023-10-08 14:15:00,33416.165941658895,3.9035867413442915,0.9586169428620199,2.5054853700148256,0.5520408251436646,0.8923672175622002,3.0,7.800000000000001,1.2000000000000002,0.6178745827431324,0.7134991240359024,1.0977534149343375,1.782856135530851,3.035334577933708
2023-10-08 14:20:00,33024.839241337184,11.700953551187142,4.122365885152495,5.415938029053064,0.6835946230320169,0.9997052098933985,3.0,7.800000000000001,1.2000000000000002,0.6178745827431324,0.7134991240359024,1.0977534149343375,1.782856135530851,3.035334577933708
2023-10-08 14:25:00,35765.87860078767,13.098467160303436,4.322731919729848,6.5035233879663075,1.2614820801380127,0.9004375640143342,3.0,7.800000000000001,1.2000000000000002,0.6178745827431324,0.7134991240359024,1.0977534149343375,1.782856135530851,3.035334577933708
2023-10-08 14:30:00,57138.43434192969,10.391213205203345,3.472204253089508,5.103490220001853,2.4337676233527286,0.9433508513379785,3.0,0.2967204745210549,0.050400892849234324,0.6149504045042983,0.6958850479784718,1.0598119833253443,1.6333928645613705,2.4956161563830284
2023-10-08 14:35:00,31070.064926130566,6.194542965920996,1.2746944684101162,4.290597421319284,1.667449089859798,0.8843862062797578,3.0,7.800000000000001,1.2000000000000002,0.6149504045042983,0.6958850479784718,1.0598119833253443,1.6333928645613705,2.4956161563830284
2023-10-08 14:40:00,29508.6162247952,8.417068500390215,2.1798854595339017,5.1125228924682995,0.8231643076785843,0.8309453287634423,3.0,7.800000000000001,1.2000000000000002,0.6149504045042983,0.6958850479784718,1.0598119833253443,1.6333928645613705,2.4956161563830284
2023-10-08 14:45:00,31330.447914992266,7.330282888965023,1.8252977082675432,4.573425849810147,0.6650011902995122,0.8440889403413563,3.0,7.800000000000001,1.2000000000000002,0.6109017924347578,0.6848532689562049,1.0363450390675877,1.5186997728320104,2.3331095130747723
2023-10-08 14:50:00,30679.4145725759,5.664205726340287,1.6430331728240362,3.1961473582968347,0.5484633168756106,0.8246700758732083,3.0,7.800000000000001,1.2000000000000002,0.6109017924347578,0.6848532689562049,1.0363450390675877,1.5186997728320104,2.3331095130747723
2023-10-08 14:55:00,30419.086912502964,5.026140752260717,1.3341208450176467,3.0370159879927936,0.5988672747253154,0.7895556786003423,3.0,7.800000000000001,1.2000000000000002,0.6109017924347578,0.6848532689562049,1.0363450390675877,1.5186997728320104,2.3331095130747723
2023-10-08 15:00:00,30288.926353736973,4.047919752198775,1.164446295440075,2.3306182066349543,0.38447707300892314,0.7992852879517806,0.06476109943476871,0.3648355245860797,0.061773780845922,0.6353455752580638,0.7242761904135743,1.068324220449953,1.8504726423268194,3.555008298161905
2023-10-08 15:05:00,29898.61876907637,4.197452882240004,1.2289899089497516,2.3791205432226397,0.3522013172298123,0.7850503286635893,3.0,7.800000000000001,1.2000000000000002,0.6353455752580638,0.7242761904135743,1.068324220449953,1.8504726423268194,3.555008298161905
2023-10-08 15:10:00,30158.76824799401,3.7486425412640347,1.0840643118708129,2.1594457700254255,0.32783247516836106,1.25,3.0,7.800000000000001,1.2000000000000002,0.6353455752580638,0.7242761904135743,1.068324220449953,1.8504726423268194,3.555008298161905
2023-10-08 15:15:00,29898.56592389409,2.7433080304932593,0.7824463152721631,1.640677503888024,0.3201975839153188,1.25,3.0,7.800000000000001,1.2000000000000002,0.6149504045042983,0.6910347313992257,1.0174938623893512,1.66080582850615,2.707785811322602
2023-10-08 15:20:00,29508.378512538184,2.4473266705879504,0.6082453161488034,1.6258741597148443,0.3227122676985113,1.25,3.0,7.800000000000001,1.2000000000000002,0.6149504045042983,0.6910347313992257,1.0174938623893512,1.66080582850615,2.707785811322602
2023-10-08 15:25:00,29768.44284929867,1.9498561765012634,0.5052263176791392,1.3117644857404738,0.32019651191248294,1.25,3.0,7.800000000000001,1.2000000000000002,0.6149504045042983,0.6910347313992257,1.0174938623893512,1.66080582850615,2.707785811322602
2023-10-08 15:30:00,29768.416430039037,2.1283715271319306,0.6082760344919025,1.3186072574732417,0.30809191352254556,0.7895179231013558,0.06768308503607087,0.41149503034666157,0.05788134414472422,0.609183059514954,0.6807672142516853,1.0338638981993713,1.511937829409662,2.3500212764994277
2023-10-08 15:35:00,30158.622887842484,2.866459378256876,0.7929382680207356,1.7440653808193267,0.3080914704689135,0.7895125247959995,3.0,7.800000000000001,1.2000000000000002,0.609183059514954,0.6807672142516853,1.0338638981993713,1.511937829409662,2.3500212764994277
2023-10-08 15:40:00,30288.714895173354,2.91583871932506,0.8164730751099848,1.7557953331118001,0.2926060789796248,0.7942481892401059,3.0,7.800000000000001,1.2000000000000002,0.609183059514954,0.6807672142516853,1.0338638981993713,1.511937829409662,2.3500212764994277
2023-10-08 15:45:00,30548.9456753671,2.6726290544940734,0.6562958097140313,1.7688803268593856,0.29684279069697084,0.7895017713767907,3.0,7.800000000000001,1.2000000000000002,0.599634055070257,0.6640549676043392,1.0006366773209945,1.5425466767654066,2.516417294488337
2023-10-08 15:50:00,30548.919236769398,2.075027360032296,0.4423178375337442,1.538930288261348,0.31525579854279273,0.7894963740926808,3.0,7.800000000000001,1.2000000000000002,0.599634055070257,0.6640549676043392,1.0006366773209945,1.5425466767654066,2.516417294488337
2023-10-08 15:55:00,30939.40580923077,1.9370226216835222,0.38758147571764984,1.5036631709799402,0.2990183705277021,1.25,3.0,7.800000000000001,1.2000000000000002,0.599634055070257,0.6640549676043392,1.0006366773209945,1.5425466767654066,2.516417294488337
2023-10-08 16:00:00,30418.73003352078,1.8399867466113713,0.3512307734846644,1.480186301049608,0.29470366562493816,1.25,0.06768308503607087,0.4617755298843801,0.09061042986323373,0.6063406633238447,0.6869068350220429,1.0513677948272906,1.5736025546496801,2.264297683609644
2023-10-08 16:05:00,31199.773095459175,1.6433340544555672,0.3307012238431113,1.3315523138957936,0.2885272416315341,0.8044272678119055,3.0,7.800000000000001,1.2000000000000002,0.6063406633238447,0.6869068350220429,1.0513677948272906,1.5736025546496801,2.264297683609644
2023-10-08 16:10:00,31851.038137829975,1.807538377345264,0.3417390718924698,1.4681862565430492,0.29901721035722034,0.7966743693060885,3.0,7.800000000000001,1.2000000000000002,0.6063406633238447,0.6869068350220429,1.0513677948272906,1.5736025546496801,2.264297683609644
2023-10-08 16:15:00,31590.45084881671,2.062256173617866,0.33988244799977413,1.7224886765435157,0.29684059640067084,0.8017720741800365,3.0,7.800000000000001,1.2000000000000002,0.6353455752580638,0.7192280584070674,1.0855464246175748,1.618018541302911,2.6388398966212403
2023-10-08 16:20:00,31460.157983382822,2.2005503288160497,0.3571221800654209,1.8226194411751875,0.308087436405509,0.8098656876972743,3.0,7.800000000000001,1.2000000000000002,0.6353455752580638,0.7192280584070674,1.0855464246175748,1.618018541302911,2.6388398966212403
2023-10-08 16:25:00,31720.664896592854,2.2126710585292746,0.37112274496004605,1.8062429586276194,0.29901607208690784,0.8126745530357806,3.0,7.800000000000001,1.2000000000000002,0.6353455752580638,0.7192280584070674,1.0855464246175748,1.618018541302911,2.6388398966212403
2023-10-08 16:30:00,31460.10506465799,2.5934459931273484,0.411251167925578,2.105276778433044,0.3012293036710394,0.8043930787473563,0.06184658438426492,0.1931440912893791,0.061773780845922,0.630441115410472,0.7127860829168875,1.0649112639088762,1.7176181909842478,2.8704626804750486
2023-10-08 16:35:00,30288.410923560612,2.844422294065257,0.42670644245866485,2.3252938140340795,0.3012289030138699,0.7917849347855618,3.0,7.800000000000001,1.2000000000000002,0.630441115410472,0.7127860829168875,1.0649112639088762,1.7176181909842478,2.8704626804750486
2023-10-08 16:40:00,30548.641631531576,2.2245612314653345,0.38980651380410575,1.7815188175571794,0.3080856642479998,0.7991584144235765,3.0,7.800000000000001,1.2000000000000002,0.630441115410472,0.7127860829168875,1.0649112639088762,1.7176181909842478,2.8704626804750486
2023-10-08 16:45:00,29898.063894796585,1.9399143158491876,0.38981972790914166,1.5022667985276466,0.2990145398158404,0.809828965445867,3.0,7.800000000000001,1.2000000000000002,0.625,0.7170746125752884,1.078626459901666,1.8265574860923484,2.9589903683520165
2023-10-08 16:50:00,30158.213236612875,2.2651546786756436,0.45160523308749057,1.708489467105285,0.2905425460655096,0.7941662271015206,3.0,7.800000000000001,1.2000000000000002,0.625,0.7170746125752884,1.078626459901666,1.8265574860923484,2.9589903683520165
2023-10-08 16:55:00,29247.88021040103,2.757416487997814,0.41569963384607583,2.2594250742532664,0.29901377368714543,0.8043589237407798,3.0,7.800000000000001,1.2000000000000002,0.625,0.7170746125752884,1.078626459901666,1.8265574860923484,2.9589903683520165
2023-10-08 17:00:00,29377.843453852704,2.765535816595706,0.3752955799119786,2.3454943429305684,0.2846136879202498,0.8017128152557431,0.07061161377563893,0.21450818166214541,0.061773780845922,0.6274081606099813,0.7049886523909445,1.0530511098707411,1.6524346431856238,2.4559104218191674
2023-10-08 17:05:00,30418.37315465487,3.3851498945664664,0.47712849619204567,2.7715379134732934,0.27907581269259746,0.8506693503103695,3.0,7.800000000000001,1.2000000000000002,0.6274081606099813,0.7049886523909445,1.0530511098707411,1.6524346431856238,2.4559104218191674
2023-10-08 17:10:00,30158.10752019205,5.231255241669932,0.9353028893651416,3.860471340439374,0.2946987642515366,0.8839661670294461,3.0,7.800000000000001,1.2000000000000002,0.6274081606099813,0.7049886523909445,1.0530511098707411,1.6524346431856238,2.4559104218191674
2023-10-08 17:15:00,29767.848416121444,5.160270659577848,0.8115403883588567,3.9858557135357437,0.29469840510740347,0.8839526627784816,3.0,7.800000000000001,1.2000000000000002,0.6256005115087423,0.7071067811865476,1.078626459901666,1.6488544508233587,2.4284200625097796
2023-10-08 17:20:00,29767.821996877126,4.7435103782474854,0.5737414099351783,3.9584510297887023,0.2968358422277973,0.8686680658597481,3.0,7.800000000000001,1.2000000000000002,0.6256005115087423,0.7071067811865476,1.078626459901666,1.6488544508233587,2.4284200625097796
2023-10-08 17:25:00,30158.028232883305,4.959995467818602,0.5491417426259175,4.216193531494152,0.29469770794847,0.8541346603484975,3.0,7.800000000000001,1.2000000000000002,0.6256005115087423,0.7071067811865476,1.078626459901666,1.6488544508233587,2.4284200625097796
2023-10-08 17:30:00,31069.073025343052,5.685324271251326,0.5008262758022168,5.024073710947261,0.29259869818957907,0.9123199562300408,0.09420191080864548,0.2967204745210549,0.08217207554881403,0.6384426364208455,0.7381388758221585,1.1030219580769913,2.0512632693050397,4.042132605444804
2023-10-08 17:35:00,43223.38072290379,6.749614253806556,0.7232475768585747,5.7143229432828555,0.29683474513736674,1.0337253553829904,3.0,7.800000000000001,1.2000000000000002,0.6384426364208455,0.7381388758221585,1.1030219580769913,2.0512632693050397,4.042132605444804
2023-10-08 17:40:00,41389.3291802571,6.84972444346963,1.488850814888209,4.61237564328957,0.2968343794427555,1.11828853816909,3.0,7.800000000000001,1.2000000000000002,0.6384426364208455,0.7381388758221585,1.1030219580769913,2.0512632693050397,4.042132605444804
2023-10-08 17:45:00,40734.56970084295,4.430688457086026,0.39209352980434026,3.9717041254386496,0.2846112087973868,0.9654643278077152,3.0,7.800000000000001,1.2000000000000002,0.6434477445760456,0.7352013329694119,1.0968774589716028,1.8152754611903945,2.879468006420631
2023-10-08 17:50:00,34458.74456937556,5.492963500582326,0.7751232038406536,4.3759285493746765,0.2827206142821182,0.8917587947186976,3.0,7.800000000000001,1.2000000000000002,0.6434477445760456,0.7352013329694119,1.0968774589716028,1.8152754611903945,2.879468006420631
2023-10-08 17:55:00,29637.59664074415,8.959893876330911,2.1886317427869266,5.640472332718576,0.3226952880997671,0.8042770398621187,3.0,7.800000000000001,1.2000000000000002,0.6434477445760456,0.7352013329694119,1.0968774589716028,1.8152754611903945,2.879468006420631
2023-10-08 18:00:00,29767.610642947046,6.531848737854874,1.6517548348148723,4.044902240215623,0.29053807360251466,1.25,0.2644257929930437,0.7422065480713573,0.15150000000000002,0.6359630492410703,0.7149272690281159,1.061509039057134,1.6476620557626493,2.4869660230891775
2023-10-08 18:05:00,29767.584223708855,2.7187058253299132,0.43142781423990745,2.191997963496761,0.29683255098619116,0.8016273923733306,3.0,7.800000000000001,1.2000000000000002,0.6359630492410703,0.7149272690281159,1.061509039057134,1.6476620557626493,2.4869660230891775
2023-10-08 18:10:00,30548.139298420614,3.8273468248165496,0.8012585826296065,2.6765942843870683,0.28460981670652674,0.7965283017848995,3.0,7.800000000000001,1.2000000000000002,0.6359630492410703,0.7149272690281159,1.061509039057134,1.6476620557626493,2.4869660230891775
2023-10-08 18:15:00,29377.447319040097,3.864598427813472,0.9886012186360283,2.4204961060986467,0.2790725322160289,0.8182994192449826,3.0,7.800000000000001,1.2000000000000002,0.6347290760631658,0.7149272690281159,1.0777643527228018,1.6097770808406984,2.358495283014151
2023-10-08 18:20:00,30027.635046915293,3.98493283898879,0.5615835616271263,3.2228486417878646,0.2692647066793217,0.8540119197514544,3.0,7.800000000000001,1.2000000000000002,0.6347290760631658,0.7149272690281159,1.0777643527228018,1.6097770808406984,2.358495283014151
2023-10-08 18:25:00,29377.394501077128,5.179406590072063,0.6163461413689066,4.322030427178301,0.2865425774431163,0.8402809031384636,3.0,7.800000000000001,1.2000000000000002,0.6347290760631658,0.7149272690281159,1.0777643527228018,1.6097770808406984,2.358495283014151
2023-10-08 18:30:00,31068.742391934313,3.8974607617653687,0.5010047162623597,3.23959443449247,0.2773170777459659,0.9336282280826782,0.07354590403278757,0.26093033553038636,0.07386643351347078,0.6453402203489258,0.7286288492778749,1.0708909188147968,1.8077710031970309,3.10291798151353
2023-10-08 18:35:00,62525.915732276044,12.10029857699832,2.820581250314711,7.80622803924933,0.3201763692733971,1.1456027988971569,3.0,7.800000000000001,1.2000000000000002,0.6453402203489258,0.7286288492778749,1.0708909188147968,1.8077710031970309,3.10291798151353
2023-10-08 18:40:00,74761.98205818309,8.356735964147246,1.7633750277410962,5.6922716327243625,0.3665331410160024,1.3761005329498315,3.0,7.800000000000001,1.2000000000000002,0.6453402203489258,0.7286288492778749,1.0708909188147968,1.8077710031970309,3.10291798151353
2023-10-08 18:45:00,119158.06629287917,11.957783055876662,2.544152925764394,8.087943431501163,0.40927749670859537,2.131327244420639,3.0,7.800000000000001,1.2000000000000002,0.6523503659844149,0.7381388758221585,1.099507162323193,1.7630382865950474,2.8578663369723927
2023-10-08 18:50:00,330961.4908998302,9.008691211703129,1.459261194468314,6.812871853265368,0.4683615933096786,3.2342979962442406,3.0,7.800000000000001,1.2000000000000002,0.6523503659844149,0.7381388758221585,1.099507162323193,1.7630382865950474,2.8578663369723927
2023-10-08 18:55:00,210271.95523000686,4.495580249977199,0.6114173312629737,3.6481695211616363,0.38140260460171604,2.2420730172952488,3.0,7.800000000000001,1.2000000000000002,0.6523503659844149,0.7381388758221585,1.099507162323193,1.7630382865950474,2.8578663369723927
2023-10-08 19:00:00,67260.77947536408,8.707403932436511,1.6057527195402839,6.2854000222253665,0.5306459542940212,1.320746848606225,0.07061161377563893,0.2537794317906792,0.05788134414472422,0.6620845867409995,0.7589736490814422,1.1459271181013215,1.787826613517094,2.9862089679056285
2023-10-08 19:05:00,63183.10639927231,8.65292583962778,1.6845668139273735,6.109368763421822,0.6797297184660464,1.296520969990239,3.0,7.800000000000001,1.2000000000000002,0.6620845867409995,0.7589736490814422,1.1459271181013215,1.787826613517094,2.9862089679056285
2023-10-08 19:10:00,104001.58920112121,4.682545392502355,0.6265532538299645,3.809461742513156,0.40296682872873396,1.4319725015310734,3.0,7.800000000000001,1.2000000000000002,0.6620845867409995,0.7589736490814422,1.1459271181013215,1.787826613517094,2.9862089679056285
2023-10-08 19:15:00,88850.79345043586,4.657444133251816,0.48455497758571925,4.026430480630204,0.41563452500362874,1.345022566301882,3.0,7.800000000000001,1.2000000000000002,0.7381388758221585,0.8586058467073236,1.271864709786383,2.0120924432043372,3.132233069233514
2023-10-08 19:20:00,45713.21109029963,11.300015391574465,2.232576343009484,7.909413687476635,0.4383285055847201,1.0906378992610346,3.0,7.800000000000001,1.2000000000000002,0.7381388758221585,0.8586058467073236,1.271864709786383,2.0120924432043372,3.132233069233514
2023-10-08 19:25:00,49255.2756920845,10.981935453564173,1.9951000237639982,7.95694077287715,0.4383272601746076,1.1397311404178014,3.0,7.800000000000001,1.2000000000000002,0.7381388758221585,0.8586058467073236,1.271864709786383,2.0120924432043372,3.132233069233514
2023-10-08 19:30:00,51486.858315628546,14.24146195518725,2.9987601675493174,9.672143288213412,0.4649722706530196,1.1341574134671961,0.10012991560967183,0.5731856243835849,0.16918111596747434,0.8027353237524807,0.941702713174386,1.3495866033715656,2.1634792002697876,3.573738098965843
2023-10-08 19:35:00,104923.55007196957,13.973485538441038,3.020688858740599,9.370737227590121,0.5235900555582098,1.3942328821442456,3.0,7.800000000000001,1.2000000000000002,0.8027353237524807,0.941702713174386,1.3495866033715656,2.1634792002697876,3.573738098965843
2023-10-08 19:40:00,71997.26474819961,12.713730834342671,2.2927428601940285,9.229446366399252,0.635317377273367,1.3325946189324944,3.0,7.800000000000001,1.2000000000000002,0.8027353237524807,0.941702713174386,1.3495866033715656,2.1634792002697876,3.573738098965843
2023-10-08 19:45:00,75682.5583640556,12.215664212725628,1.891560033708293,9.349266729290168,0.6722762012180619,1.1563637752880256,3.0,7.800000000000001,1.2000000000000002,0.7477539702335253,0.8610464563541274,1.2496800230458995,1.9447940765027025,3.28510943501126
2023-10-08 19:50:00,80685.29312409376,8.74377922374326,0.9862406323420353,7.28655523987557,0.5483525164672359,1.598124907871625,3.0,7.800000000000001,1.2000000000000002,0.7477539702335253,0.8610464563541274,1.2496800230458995,1.9447940765027025,3.28510943501126
2023-10-08 19:55:00,388470.4408131726,6.762863781285162,0.8408678340957575,5.538259849462236,0.4582395817353334,4.069815329049515,3.0,7.800000000000001,1.2000000000000002,0.7477539702335253,0.8610464563541274,1.2496800230458995,1.9447940765027025,3.28510943501126
2023-10-08 20:00:00,260520.80323241197,4.227762719918157,0.571757359039416,3.4475782602729015,0.4220433474188439,3.859630338288536,0.08532877591996735,0.3110500924288562,0.08217207554881403,0.7741324176134211,0.8988932083401231,1.3188218378537715,2.0512632693050397,3.286959080974389
2023-10-08 20:05:00,247067.00274437948,3.1573775638373536,0.4031592619054341,2.6805211661175767,0.40610018716552465,3.25398627573268,3.0,7.800000000000001,1.2000000000000002,0.7741324176134211,0.8988932083401231,1.3188218378537715,2.0512632693050397,3.286959080974389
2023-10-08 20:10:00,190750.89175315146,3.600389922299794,0.44079145060385116,3.051137587121309,0.3813887435463231,2.654874771355945,3.0,7.800000000000001,1.2000000000000002,0.7741324176134211,0.8988932083401231,1.3188218378537715,2.0512632693050397,3.286959080974389
2023-10-08 20:15:00,166090.82508597613,2.8103623375313838,0.3537962298568657,2.4342917846366503,0.3665173557568597,2.10234708535324,3.0,7.800000000000001,1.2000000000000002,0.7825624575712791,0.9197738852565885,1.3555783415206957,2.182122876925128,3.7976171476335003
2023-10-08 20:20:00,112302.55347722236,2.370648485985334,0.3404631179650178,2.0262662593244745,0.3465664451314414,1.5266492299657282,3.0,7.800000000000001,1.2000000000000002,0.7825624575712791,0.9197738852565885,1.3555783415206957,2.182122876925128,3.7976171476335003
2023-10-08 20:25:00,76208.57064080554,7.547488451906585,2.0307346441539638,4.474637531449278,0.34656575430578834,1.488219662442686,3.0,7.800000000000001,1.2000000000000002,0.7825624575712791,0.9197738852565885,1.3555783415206957,2.182122876925128,3.7976171476335003
2023-10-08 20:30:00,59369.201349648356,23.420115760455715,6.5615391797478,13.389309324049497,0.4615876322845596,1.1504817794349462,0.1268897158953396,0.6379058237702491,0.21361706392514618,0.8035178902799862,0.935778285706609,1.3515825390999987,2.348989197506025,4.6530445946713215
2023-10-08 20:35:00,39686.12823194839,3.7865023709719794,0.675036295932981,2.838089736649968,0.48193799971681656,0.9117420430906225,3.0,7.800000000000001,1.2000000000000002,0.8035178902799862,0.935778285706609,1.3515825390999987,2.348989197506025,4.6530445946713215
2023-10-08 20:40:00,42304.81695673829,2.1089557788523177,0.27434257233755377,1.941412495268675,0.46495262390030573,0.8681760227043278,3.0,7.800000000000001,1.2000000000000002,0.8035178902799862,0.935778285706609,1.3515825390999987,2.348989197506025,4.6530445946713215
2023-10-08 20:45:00,41780.843483174474,2.587439181947443,0.36976177440149416,2.1798318609220804,0.435027443049556,1.053314536799811,3.0,7.800000000000001,1.2000000000000002,0.8168941179859236,0.9433981132056605,1.356578106855628,2.3272950500527427,4.541415638322483
2023-10-08 20:50:00,169386.42984021455,2.7395092872121025,0.3519422886783977,2.3677714555147404,0.39360468203388665,2.590496773503811,3.0,7.800000000000001,1.2000000000000002,0.8168941179859236,0.9433981132056605,1.356578106855628,2.3272950500527427,4.541415638322483
2023-10-08 20:55:00,112829.0151500036,2.1452402764027827,0.27214546125753497,1.9855709133164883,0.3753753314278422,2.4356013497572606,3.0,7.800000000000001,1.2000000000000002,0.8168941179859236,0.9433981132056605,1.356578106855628,2.3272950500527427,4.541415638322483
2023-10-08 21:00:00,81210.98779887207,2.027223530563118,0.4166666666666667,1.9046613727848503,0.3665098572365419,1.6825942404587626,0.08828363381737295,0.33614139881900895,0.12952219886953742,0.8392115347157713,1.0051785910971245,1.5181897114655993,2.415698863683137,3.718400731497347
2023-10-08 21:05:00,40078.56191339408,2.014935362666019,0.27437897108321596,1.8478056344520208,0.36359418691109807,1.0688573889215764,3.0,7.800000000000001,1.2000000000000002,0.8392115347157713,1.0051785910971245,1.5181897114655993,2.415698863683137,3.718400731497347
2023-10-08 21:10:00,38900.79936779142,2.4104271055697164,0.2790979869283134,2.2250090885114027,0.3465593987798796,0.9834831838808487,3.0,7.800000000000001,1.2000000000000002,0.8392115347157713,1.0051785910971245,1.5181897114655993,2.415698863683137,3.718400731497347
2023-10-08 21:15:00,51748.48995269857,2.804822042937362,0.3012497362732402,2.5521142323617445,0.34655868033708026,1.289507692393667,3.0,7.800000000000001,1.2000000000000002,0.8296047251552995,0.977547952787995,1.4406248644251562,2.3340696219264756,3.924398043012457
2023-10-08 21:20:00,218707.37346428208,3.694120847544185,0.4120489207404901,3.198165954286526,0.3465579895282202,2.3721217090283186,3.0,7.800000000000001,1.2000000000000002,0.8296047251552995,0.977547952787995,1.4406248644251562,2.3340696219264756,3.924398043012457
2023-10-08 21:25:00,139191.61524881996,3.3333905675060906,0.2997440109971007,3.0834007956696046,0.33039002922792843,1.998387457105228,3.0,7.800000000000001,1.2000000000000002,0.8296047251552995,0.977547952787995,1.4406248644251562,2.3340696219264756,3.924398043012457
2023-10-08 21:30:00,49254.16923748545,2.7179800177924154,0.4166666666666667,2.5933541207848014,0.32521547080147195,1.1334390916682024,3.0,7.800000000000001,1.2000000000000002,0.8384086115969946,0.9835695196578634,1.4652909062708332,2.2813483403461206,3.553136079578152
2023-10-08 21:35:00,120472.58576498262,2.7096305291862515,0.4166666666666667,2.6386748753785074,0.312801204230563,1.7086313744970165,3.0,7.800000000000001,1.2000000000000002,0.8384086115969946,0.9835695196578634,1.4652909062708332,2.2813483403461206,3.553136079578152
2023-10-08 21:40:00,126272.21191822144,2.4138195821578896,0.4166666666666667,2.363733396213152,0.3080588744194248,1.6361158166003718,3.0,7.800000000000001,1.2000000000000002,0.8384086115969946,0.9835695196578634,1.4652909062708332,2.2813483403461206,3.553136079578152
2023-10-08 21:45:00,68048.17499888068,2.3195612785500277,0.4166666666666667,2.2777532335673962,0.28459795626251455,0.9785888450381622,3.0,7.800000000000001,1.2000000000000002,0.8529249673916224,0.9870162106064925,1.4273287497980274,2.280000219298235,3.4597075020874235
2023-10-08 21:50:00,45056.399491882396,2.709275739126026,0.4166666666666667,2.67129554340222,0.2925812641090503,0.9738512065479596,3.0,7.800000000000001,1.2000000000000002,0.8529249673916224,0.9870162106064925,1.4273287497980274,2.280000219298235,3.4597075020874235
2023-10-08 21:55:00,45711.94572816147,2.6474473731995123,0.4166666666666667,2.621861602607578,0.29467878064526437,1.0224134550570432,3.0,7.800000000000001,1.2000000000000002,0.8529249673916224,0.9870162106064925,1.4273287497980274,2.280000219298235,3.4597075020874235
2023-10-08 22:00:00,126008.13142569325,2.2987689023385514,0.4166666666666667,2.1954049973509187,0.2968153433300762,1.9162115314064727,3.0,0.3863664581715137,0.15150000000000002,0.8586058467073236,0.994786409235671,1.4447252472356118,2.2665295056539634,3.510113958264033
2023-10-08 22:05:00,265922.9762476969,2.168051910475161,0.4166666666666667,2.0282876446069045,0.286529807297108,3.0292160530984087,3.0,7.800000000000001,1.2000000000000002,0.8586058467073236,0.994786409235671,1.4447252472356118,2.2665295056539634,3.510113958264033
2023-10-08 22:10:00,182834.59859125005,5.361528658203018,0.6271110570857285,4.485916871051409,0.2946777245261048,2.603060203671644,3.0,7.800000000000001,1.2000000000000002,0.8586058467073236,0.994786409235671,1.4447252472356118,2.2665295056539634,3.510113958264033
2023-10-08 22:15:00,119549.10990525786,8.108936351982504,0.8886776543307905,6.806746273353487,0.2968142464245671,1.8686538708135068,3.0,7.800000000000001,1.2000000000000002,0.9122329746287403,1.0903948825998773,1.5759111650089928,2.649927546179329,4.47032034646288
2023-10-08 22:20:00,130885.03253151615,5.0903369498477415,0.4299067654020139,4.557965820629929,0.2968138807915967,1.741275338475022,3.0,7.800000000000001,1.2000000000000002,0.9122329746287403,1.0903948825998773,1.5759111650089928,2.649927546179329,4.47032034646288
2023-10-08 22:25:00,122712.26841977495,4.107858230288753,0.32798783073586624,3.78554938650599,0.2968135151597261,1.609483232086273,3.0,7.800000000000001,1.2000000000000002,0.9122329746287403,1.0903948825998773,1.5759111650089928,2.649927546179329,4.47032034646288
2023-10-08 22:30:00,121130.44393105226,5.494473746488261,0.3620006089949857,5.0955801422059555,0.29681314952895516,1.405136503708362,0.09716480844420988,0.4474069288690107,0.15150000000000002,0.941702713174386,1.0753157675771337,1.54434452114805,2.3137593327742625,3.4746314912519862
2023-10-08 22:35:00,116121.88045848307,3.982954565582494,0.30140673503521304,3.727462827504704,0.29681278389928395,1.2769384744258983,3.0,7.800000000000001,1.2000000000000002,0.941702713174386,1.0753157675771337,1.54434452114805,2.3137593327742625,3.4746314912519862
2023-10-08 22:40:00,88715.88230224981,3.190905830285709,0.2911048571564475,2.9656937130502707,0.29681241827071236,1.3008644352236058,3.0,7.800000000000001,1.2000000000000002,0.941702713174386,1.0753157675771337,1.54434452114805,2.3137593327742625,3.4746314912519862
2023-10-08 22:45:00,43745.14996418979,3.1039637642722955,0.28833564258081945,2.8871920697605153,0.2925775744974621,0.9830925418274379,3.0,7.800000000000001,1.2000000000000002,0.941702713174386,1.0957303500405564,1.5611561869332613,2.391147005100272,3.5999827777365825
2023-10-08 22:50:00,60025.00305008937,2.8108156809477367,0.28174788510117094,2.615374720711965,0.2790596778045565,1.0373011462942308,3.0,7.800000000000001,1.2000000000000002,0.941702713174386,1.0957303500405564,1.5611561869332613,2.391147005100272,3.5999827777365825
2023-10-08 22:55:00,47547.668891270965,2.9632963958956884,0.4166666666666667,2.8337049968519885,0.2773054054483864,0.9689121028709204,3.0,7.800000000000001,1.2000000000000002,0.941702713174386,1.0957303500405564,1.5611561869332613,2.391147005100272,3.5999827777365825
2023-10-08 23:00:00,40470.43138546372,3.0168496200623216,0.274546657843195,2.845733920527122,0.27730518100202134,0.9240216722341963,0.1030970416646375,0.5480217513931359,0.18692311253560911,1.2393369194855772,1.3993745031263076,1.9223423212320954,2.8820494444058378,4.3016224845981075
2023-10-08 23:05:00,40470.40479078607,3.9116147828323076,0.3334780409773315,3.5768792896820956,0.27730497382146124,0.8830098597838292,3.0,7.800000000000001,1.2000000000000002,1.2393369194855772,1.3993745031263076,1.9223423212320954,2.8820494444058378,4.3016224845981075
2023-10-08 23:10:00,43744.950281456324,3.9405695184427656,0.2757090792390276,3.7641513371608513,0.27393829562386973,0.8829964644403286,3.0,7.800000000000001,1.2000000000000002,1.2393369194855772,1.3993745031263076,1.9223423212320954,2.8820494444058378,4.3016224845981075
2023-10-08 23:15:00,42303.659328035435,3.595960479391258,0.4166666666666667,3.5364020719559024,0.27393809988039036,0.9154473217949111,3.0,7.800000000000001,1.2000000000000002,1.0629412025131024,1.231107225224513,1.7764819616309082,2.8020182458363827,4.987191995502078
2023-10-08 23:20:00,55030.78890062717,3.413472780434516,0.4166666666666667,3.3289953365598475,0.26503349142461063,1.1775839349759323,3.0,7.800000000000001,1.2000000000000002,1.0629412025131024,1.231107225224513,1.7764819616309082,2.8020182458363827,4.987191995502078
2023-10-08 23:25:00,81735.58530571061,2.9336955280010386,0.4166666666666667,2.8578173700761256,0.2773040933115768,1.4864750425481605,3.0,7.800000000000001,1.2000000000000002,1.0629412025131024,1.231107225224513,1.7764819616309082,2.8020182458363827,4.987191995502078
2023-10-08 23:30:00,74100.06007442139,2.2231568467283678,0.4166666666666667,2.107245999267105,0.2773038688698219,1.2646340809494667,0.09420191080864548,0.663078999818272,0.12078493283518438,1.0832917427913868,1.2494098606942399,1.755839901585563,2.7390691849604676,4.248070150079917
2023-10-08 23:35:00,53060.35329930163,2.1252337259467353,0.3110463750519974,1.851147992357925,0.28270257988721786,1.047310394702428,3.0,7.800000000000001,1.2000000000000002,1.0832917427913868,1.2494098606942399,1.755839901585563,2.7390691849604676,4.248070150079917
2023-10-08 23:40:00,47416.09292551644,2.0072895646797075,0.3211444125146266,1.7102360211741856,0.29051630364445,1.0370605654911291,3.0,7.800000000000001,1.2000000000000002,1.0832917427913868,1.2494098606942399,1.755839901585563,2.7390691849604676,4.248070150079917
2023-10-08 23:45:00,56869.99895332802,1.9666462809110736,0.3335706612727037,1.642020697579777,0.27905710721104776,0.9972650309374228,3.0,7.800000000000001,1.2000000000000002,1.0550075829111372,1.2119471935690926,1.7125618704151975,2.6055394834851375,3.9547444923787434
2023-10-08 23:50:00,47153.65954077177,2.145239904923457,0.40161632230835387,1.6811840236420892,0.2827017974965424,0.9028551055145764,3.0,7.800000000000001,1.2000000000000002,1.0550075829111372,1.2119471935690926,1.7125618704151975,2.6055394834851375,3.9547444923787434
2023-10-08 23:55:00,41517.50886568011,1.7566912422410883,0.3194588582239622,1.467461920959886,0.27905662855943997,0.8867823965004844,3.0,7.800000000000001,1.2000000000000002,1.0550075829111372,1.2119471935690926,1.7125618704151975,2.6055394834851375,3.9547444923787434
2023-10-09 00:00:00,1158528.0880000002,63.239320719999995,15.339260352,38.895371761322025,3.8641953000000004,8.0085699,0.09420191080864548,0.7206247289678589,0.12078493283518438,1.0550075829111372,1.2119471935690926,1.7125618704151975,2.6055394834851375,3.9547444923787434
2023-10-09 00:15:00,45448.55989569687,1.5170656808906575,0.3144336102840826,1.245229594498152,0.27559494484577723,0.8789611104552124,3.0,7.800000000000001,1.2000000000000002,0.9055523176492897,1.037439636798209,1.4807829820740106,2.1901260808455754,3.2629275198814947
2023-10-09 00:20:00,42172.17160437895,1.1300600117518083,0.28447644897717705,0.9482161722776383,0.27730165902388093,0.8462924253077949,3.0,7.800000000000001,1.2000000000000002,0.9055523176492897,1.037439636798209,1.4807829820740106,2.1901260808455754,3.2629275198814947
2023-10-09 00:25:00,36284.57491972664,1.0925581526507637,0.4166666666666667,0.9770160760193203,0.2773014345906792,0.8462819499086798,3.0,7.800000000000001,1.2000000000000002,0.9055523176492897,1.037439636798209,1.4807829820740106,2.1901260808455754,3.2629275198814947
2023-10-09 00:30:00,36153.875204634365,1.4104772317303789,0.2899021344040857,1.2030698092967087,0.29257054800107174,0.8428869435968456,0.07942921376924236,0.6882541391085126,0.10344563789740001,0.8667548673067836,0.9965159306303135,1.4406248644251562,2.168801569992054,3.2647750305342633
2023-10-09 00:35:00,38376.13602778615,2.05471935625089,0.3178413809006235,1.7648772833752504,0.2808545363033175,0.823661745995647,3.0,7.800000000000001,1.2000000000000002,0.8667548673067836,0.9965159306303135,1.4406248644251562,2.168801569992054,3.2647750305342633
2023-10-09 00:40:00,38376.09617045052,1.8885379707991683,0.31616203587766506,1.6048192667458907,0.27559390374633064,0.8147744806770711,3.0,7.800000000000001,1.2000000000000002,0.8667548673067836,0.9965159306303135,1.4406248644251562,2.168801569992054,3.2647750305342633
2023-10-09 00:45:00,33934.17887481951,1.6195757111470777,0.3095635744369466,1.3565645158260917,0.28458804206041716,0.8011047621286498,3.0,7.800000000000001,1.2000000000000002,0.8815191432975237,1.0043112067481874,1.4508838685435854,2.1276475271999353,3.1047486210641924
2023-10-09 00:50:00,35500.63625229078,1.4374780688259265,0.28993780277240144,1.2292584567529292,0.27559350074499883,0.8147589729342888,3.0,7.800000000000001,1.2000000000000002,0.8815191432975237,1.0043112067481874,1.4508838685435854,2.1276475271999353,3.1047486210641924
2023-10-09 00:55:00,36153.729221051624,1.5122136389407426,0.32655278998549103,1.2134354070791957,0.2905115071553235,0.814751193306336,3.0,7.800000000000001,1.2000000000000002,0.8815191432975237,1.0043112067481874,1.4508838685435854,2.1276475271999353,3.1047486210641924
2023-10-09 01:00:00,35369.96681276485,1.3902530844576373,0.29277894844771324,1.1756440881750505,0.2755930809548565,0.820605118962156,0.07354590403278757,0.3971347378409499,0.07800000000000001,0.8906003593082591,1.025195103382766,1.4797484110483106,2.242331153063704,3.3740859502982437
2023-10-09 01:05:00,40469.52716657591,1.3239659303631441,0.2899645687204774,1.1190181915180504,0.2772996736806176,0.8461980700273453,3.0,7.800000000000001,1.2000000000000002,0.8906003593082591,1.025195103382766,1.4797484110483106,2.242331153063704,3.3740859502982437
2023-10-09 01:10:00,38637.4958429257,1.3900313815156686,0.3001811871453205,1.1563783625439388,0.2755926611676851,0.867515336571697,3.0,7.800000000000001,1.2000000000000002,0.8906003593082591,1.025195103382766,1.4797484110483106,2.242331153063704,3.3740859502982437
2023-10-09 01:15:00,37591.260769001994,1.35482326652977,0.29280644016163465,1.1412537982575846,0.27729924209242207,0.8712242779048258,3.0,7.800000000000001,1.2000000000000002,0.8733017806004979,0.9939220291350827,1.4457510159083409,2.0394867614181758,2.9119409334668864
2023-10-09 01:20:00,39291.55081970012,1.3313941384860037,0.2747514927697379,1.1715735997945396,0.27905265765259907,0.8530801544893263,3.0,7.800000000000001,1.2000000000000002,0.8733017806004979,0.9939220291350827,1.4457510159083409,2.0394867614181758,2.9119409334668864
2023-10-09 01:25:00,70940.14925185614,1.3390492188226861,0.2986972840941675,1.1109069764682884,0.2826968239089198,0.9499827961971026,3.0,7.800000000000001,1.2000000000000002,0.8733017806004979,0.9939220291350827,1.4457510159083409,2.0394867614181758,2.9119409334668864
2023-10-09 01:30:00,35630.970473776055,1.2386077019012112,0.27363708526307357,1.085009386522536,0.28458556369227866,0.8266344194717992,0.06768308503607087,0.379188607423799,0.07386643351347078,0.8553572353116562,0.9930579036491277,1.4242670536103823,2.277304547046793,3.708984227521061
2023-10-09 01:35:00,34716.9153447811,1.3078122713747522,0.2832993673872752,1.1220692977875133,0.27905196631283735,0.7984853402955074,3.0,7.800000000000001,1.2000000000000002,0.8553572353116562,0.9930579036491277,1.4242670536103823,2.277304547046793,3.708984227521061
2023-10-09 01:40:00,111900.89999414078,1.4010932956352662,0.3526551663828692,1.0542807558548832,0.26779156613839905,1.1597577491438633,3.0,7.800000000000001,1.2000000000000002,0.8553572353116562,0.9930579036491277,1.4242670536103823,2.277304547046793,3.708984227521061
2023-10-09 01:45:00,146172.47444550003,1.5705012031375571,0.3685076876443958,1.185078561623388,0.2723219646991236,1.5748763233157586,3.0,7.800000000000001,1.2000000000000002,0.8733017806004979,0.9956510432877576,1.443699747177369,2.143552192040119,3.6807531837926866
2023-10-09 01:50:00,97406.71754901212,2.285218759533091,0.41718040436784687,1.78996833888395,0.28458445798233795,1.2109507809594284,3.0,7.800000000000001,1.2000000000000002,0.8733017806004979,0.9956510432877576,1.443699747177369,2.143552192040119,3.6807531837926866
2023-10-09 01:55:00,108869.69216769228,2.1464033962791818,0.42604749552237514,1.637568222636538,0.2808505727607135,1.3234806773412922,3.0,7.800000000000001,1.2000000000000002,0.8733017806004979,0.9956510432877576,1.443699747177369,2.143552192040119,3.6807531837926866
2023-10-09 02:00:00,107024.76599534093,1.4791821414399307,0.3431477299400146,1.1470827621773731,0.27729725682428724,1.5040646307957748,0.07942921376924236,0.44022339783341824,0.08217207554881403,0.8856415753565321,1.0147359262389402,1.4498567653392522,2.200808998981965,3.361086133975147
2023-10-09 02:05:00,199970.15110222687,1.510640091535563,0.4084724207420993,1.056866098637573,0.27729703240655446,2.0970227689108585,3.0,7.800000000000001,1.2000000000000002,0.8856415753565321,1.0147359262389402,1.4498567653392522,2.200808998981965,3.361086133975147
2023-10-09 02:10:00,245600.80887246382,1.601727671272004,0.43729351563454444,1.0935840435998194,0.2650292791268912,3.402646828350284,3.0,7.800000000000001,1.2000000000000002,0.8856415753565321,1.0147359262389402,1.4498567653392522,2.200808998981965,3.361086133975147
2023-10-09 02:15:00,256811.03653410263,1.3108036532470435,0.30495394350757615,1.0686176738418773,0.273931102508877,4.637581391726625,3.0,7.800000000000001,1.2000000000000002,0.8659382195052948,1.0077822185373186,1.4611693946972744,2.277304547046793,3.523199682107161
2023-10-09 02:20:00,405724.1182823409,1.353386563509361,0.34319558944191425,1.0276349821711563,0.27232069905923445,6.816797744079625,3.0,7.800000000000001,1.2000000000000002,0.8659382195052948,1.0077822185373186,1.4611693946972744,2.277304547046793,3.523199682107161
2023-10-09 02:25:00,367867.59918613377,1.3766542051319701,0.37471140752626286,0.9908674457678333,0.27558957162550696,5.000462499574409,3.0,7.800000000000001,1.2000000000000002,0.8659382195052948,1.0077822185373186,1.4611693946972744,2.277304547046793,3.523199682107161
2023-10-09 02:30:00,243753.4687169829,1.3570574314181543,0.3606198958165536,0.998098006672163,0.27393053166705617,2.9377612533811566,0.07354590403278757,0.443815096633722,0.1382931668593933,0.8480713413386871,0.978407379367102,1.428349873105326,2.151516906742775,3.379659746187477
2023-10-09 02:35:00,248105.55889771917,1.2295386131878228,0.34702135416245267,0.9055060500481629,0.26248209402504186,2.802784076447749,3.0,7.800000000000001,1.2000000000000002,0.8480713413386871,0.978407379367102,1.428349873105326,2.151516906742775,3.379659746187477
2023-10-09 02:40:00,297564.6226474219,1.0822753084933598,0.32678942934973904,0.8103963206023977,0.26778982147838043,2.980220394944322,3.0,7.800000000000001,1.2000000000000002,0.8480713413386871,0.978407379367102,1.428349873105326,2.151516906742775,3.379659746187477
2023-10-09 02:45:00,202869.95518654038,1.0268749972387574,0.3098121918085366,0.7940616570776742,0.2650284049441516,2.1376746466401597,3.0,7.800000000000001,1.2000000000000002,0.8972318540934668,1.0348120602312287,1.5140181769054164,2.081453878902917,2.8866769822756413
2023-10-09 02:50:00,136547.25810468645,1.1683251255807838,0.37477630025873204,0.8032156507134133,0.27729506446944807,1.3657531585095786,3.0,7.800000000000001,1.2000000000000002,0.8972318540934668,1.0348120602312287,1.5140181769054164,2.081453878902917,2.8866769822756413
2023-10-09 02:55:00,135756.12012699887,1.2214585619146359,0.43516809192318834,0.7576974600927356,0.27558831234742015,1.4465462351544474,3.0,7.800000000000001,1.2000000000000002,0.8972318540934668,1.0348120602312287,1.5140181769054164,2.081453878902917,2.8866769822756413
2023-10-09 03:00:00,143533.9798278511,0.9865901544429461,0.34518088114586365,0.6974450273825366,0.2723192277924987,1.484399081164901,0.09716480844420988,0.972462852760968,0.36124783736376886,0.8749422838107666,1.0156062229033456,1.4642601408219784,2.2759569965181683,3.480230452139628
2023-10-09 03:05:00,112953.49947330324,1.033782531572705,0.33041380818882743,0.7613732921654519,0.2772943912417291,1.3594881412345687,3.0,7.800000000000001,1.2000000000000002,0.8749422838107666,1.0156062229033456,1.4642601408219784,2.2759569965181683,3.480230452139628
2023-10-09 03:10:00,120729.1224054579,1.167895652091366,0.3082480347383301,0.926057284764366,0.27729418409616663,1.4970092418724161,3.0,7.800000000000001,1.2000000000000002,0.8749422838107666,1.0156062229033456,1.4642601408219784,2.2759569965181683,3.480230452139628
2023-10-09 03:15:00,190341.2608533265,1.130088788071053,0.29160216884933376,0.929641288855825,0.2692478440095638,2.526855345556375,3.0,7.800000000000001,1.2000000000000002,0.8790500554575946,1.0260682238525858,1.4797484110483106,2.254422376130968,3.9168155432698124
2023-10-09 03:20:00,294265.20975433366,1.1525669336468851,0.3647286359655412,0.8058884857163129,0.27729373528308665,3.753034024194334,3.0,7.800000000000001,1.2000000000000002,0.8790500554575946,1.0260682238525858,1.4797484110483106,2.254422376130968,3.9168155432698124
2023-10-09 03:25:00,187703.590175085,1.2246296054054868,0.406520668802001,0.8021927260306264,0.27729351087772963,3.4007144555424142,3.0,7.800000000000001,1.2000000000000002,0.8790500554575946,1.0260682238525858,1.4797484110483106,2.254422376130968,3.9168155432698124
2023-10-09 03:30:00,501482.004738254,1.398648130345695,0.38314305128282733,0.996402121837406,0.2739281994320814,7.1201045079087315,0.06768308503607087,0.4941115663491395,0.17804564021620972,0.8856415753565321,1.0339366518312427,1.5119338080749434,2.355777790879267,4.009812963219108
2023-10-09 03:35:00,344121.25832247664,1.2397209313724233,0.3341037924292173,0.9393374557566162,0.2772930793311828,5.390560357859071,3.0,7.800000000000001,1.2000000000000002,0.8856415753565321,1.0339366518312427,1.5119338080749434,2.355777790879267,4.009812963219108
2023-10-09 03:40:00,248234.7086774634,1.0514258926010518,0.33229821708707724,0.7732915393510325,0.2739278080177306,4.837787998487814,3.0,7.800000000000001,1.2000000000000002,0.8856415753565321,1.0339366518312427,1.5119338080749434,2.355777790879267,4.009812963219108
2023-10-09 03:45:00,697891.1173332976,1.095784389005489,0.30513510920797915,0.8661905500857348,0.26248064728149695,8.099382379638435,3.0,7.800000000000001,1.2000000000000002,0.9130695482820572,1.053246884638165,1.52445394814012,2.280000219298235,3.4168552793467857
2023-10-09 03:50:00,369708.85793432395,1.1406211154762589,0.33596858688229886,0.8454014326196638,0.2707569041969975,6.301024896898479,3.0,7.800000000000001,1.2000000000000002,0.9130695482820572,1.053246884638165,1.52445394814012,2.280000219298235,3.4168552793467857
2023-10-09 03:55:00,265775.0664145922,1.051112714926847,0.3323327828922705,0.7729587642032072,0.2624804406102081,4.1922674357262935,3.0,7.800000000000001,1.2000000000000002,0.9130695482820572,1.053246884638165,1.52445394814012,2.280000219298235,3.4168552793467857
2023-10-09 04:00:00,207614.82637868638,1.069470934384595,0.29168376268103124,0.8728270824287737,0.26248034335368126,3.4069818676935286,0.0912414379544733,0.5659956183575983,0.30298886118139723,0.9038855015985157,1.047091209016674,1.4994474182177915,2.2961901053701976,3.513852017373527
2023-10-09 04:05:00,196405.54613895115,1.3978704327333955,0.3453374338989427,1.0653921407193632,0.26248023394050946,3.600672267713805,3.0,7.800000000000001,1.2000000000000002,0.9038855015985157,1.047091209016674,1.4994474182177915,2.2961901053701976,3.513852017373527
2023-10-09 04:10:00,100961.41827874677,1.6547966045790927,0.4023221041118098,1.2037767896462488,0.2692461106998254,1.8976735776794937,3.0,7.800000000000001,1.2000000000000002,0.9038855015985157,1.047091209016674,1.4994474182177915,2.2961901053701976,3.513852017373527
2023-10-09 04:15:00,91871.6892242101,1.7587728313933817,0.4744100367484358,1.180276763192611,0.2790444861074975,1.0614169041766952,3.0,7.800000000000001,1.2000000000000002,0.9206133824793121,1.0832917427913868,1.567474707929924,2.3925096133558164,3.6243763601480468
2023-10-09 04:20:00,84496.45532843858,1.1815478374139907,0.36890432943914303,0.8243210407687335,0.4166666666666667,1.4457596078536026,3.0,7.800000000000001,1.2000000000000002,0.9206133824793121,1.0832917427913868,1.567474707929924,2.3925096133558164,3.6243763601480468
2023-10-09 04:25:00,197459.65222244835,0.9561436974514934,0.2975447538342977,0.756762663906423,0.4166666666666667,1.9583918114616548,3.0,7.800000000000001,1.2000000000000002,0.9206133824793121,1.0832917427913868,1.567474707929924,2.3925096133558164,3.6243763601480468
2023-10-09 04:30:00,99907.08868857725,0.858301809859996,0.29460930482982006,0.6787882411745185,0.2624797233516005,1.1699346870341332,0.08828363381737295,0.6127348529339587,0.38367466687285984,0.9005559394063204,1.053246884638165,1.5391023357788787,2.2665295056539634,3.2980606422562944
2023-10-09 04:35:00,72516.84749305667,1.1358990687338208,0.40023985966071934,0.7370964085008597,0.26128907423540926,0.9315630508806735,3.0,7.800000000000001,1.2000000000000002,0.9005559394063204,1.053246884638165,1.5391023357788787,2.2665295056539634,3.2980606422562944
2023-10-09 04:40:00,60547.0978319384,1.4323467325680825,0.4956797383358542,0.8498376125131217,0.2624795166874206,0.8939136145893991,3.0,7.800000000000001,1.2000000000000002,0.9005559394063204,1.053246884638165,1.5391023357788787,2.2665295056539634,3.2980606422562944
2023-10-09 04:45:00,47938.2497573159,1.292046692473054,0.37712774653567027,0.9090960486945542,0.26247940727761615,0.84236835388993,3.0,7.800000000000001,1.2000000000000002,0.9374694661694322,1.0921726054063066,1.5981193447299236,2.32187860363112,3.3592296736007796
2023-10-09 04:50:00,57392.52921825155,1.3112673104904482,0.3629592299372441,0.9514541435804761,0.2650253190003638,0.8706886606261698,3.0,7.800000000000001,1.2000000000000002,0.9374694661694322,1.0921726054063066,1.5981193447299236,2.32187860363112,3.3592296736007796
2023-10-09 04:55:00,47938.156468921545,1.597992700567634,0.3730557183633476,1.2028289222752115,0.2677858748271838,0.8633063107161174,3.0,7.800000000000001,1.2000000000000002,0.9374694661694322,1.0921726054063066,1.5981193447299236,2.32187860363112,3.3592296736007796
2023-10-09 05:00:00,53845.28540469956,1.7016239645442188,0.35314757096459387,1.341439876241342,0.2624791033638311,0.8293746388359229,3.0,7.800000000000001,1.2000000000000002,0.9801270325830218,1.1350599103131076,1.6214788805285132,2.3367806914642206,3.579359719279413
2023-10-09 05:05:00,48725.300559329815,2.2112633557877506,0.38548119389860735,1.776732156266873,0.2624789939557104,0.8820479495647079,3.0,7.800000000000001,1.2000000000000002,0.9801270325830218,1.1350599103131076,1.6214788805285132,2.3367806914642206,3.579359719279413
2023-10-09 05:10:00,53845.178667879285,2.620746100033066,0.44459750221322747,2.071194732309223,0.26247889670442165,0.9314443950571281,3.0,7.800000000000001,1.2000000000000002,0.9801270325830218,1.1350599103131076,1.6214788805285132,2.3367806914642206,3.579359719279413
2023-10-09 05:15:00,64622.86335125093,4.043962242704515,0.934939952560134,2.6811922498918936,0.2637244975316191,1.0559278698031425,3.0,7.800000000000001,1.2000000000000002,0.9638340106055607,1.1216131240316334,1.5875328783996885,2.4924062670439584,4.1583237007236455
2023-10-09 05:20:00,37458.854036256416,3.2848056302519093,0.5586747512062904,2.5317538995961173,0.4166666666666667,0.849083968499479,3.0,7.800000000000001,1.2000000000000002,0.9638340106055607,1.1216131240316334,1.5875328783996885,2.4924062670439584,4.1583237007236455
2023-10-09 05:25:00,48200.291366517995,2.743809460098164,0.46762560028063055,2.1519452019050815,0.4166666666666667,0.8389701456225369,3.0,7.800000000000001,1.2000000000000002,0.9638340106055607,1.1216131240316334,1.5875328783996885,2.4924062670439584,4.1583237007236455
2023-10-09 05:30:00,69489.74009896266,3.288705762653982,0.615890796599693,2.4407943142063786,0.27392353525910196,1.0055123553071608,3.0,0.5084857520127776,0.12514891130169692,0.9638340106055607,1.1198232003311952,1.6129736513657003,2.3462749732288413,3.530680387687337
2023-10-09 05:35:00,47413.09473621252,2.6242676578149724,0.4446687133593559,2.074548475865598,0.27728779743778886,1.0054903253134588,3.0,7.800000000000001,1.2000000000000002,0.9638340106055607,1.1198232003311952,1.6129736513657003,2.3462749732288413,3.530680387687337
2023-10-09 05:40:00,69752.75777776584,2.661155387695747,0.40906168966350587,2.176448858693645,0.27231342224182037,1.0925943382308234,3.0,7.800000000000001,1.2000000000000002,0.9638340106055607,1.1198232003311952,1.6129736513657003,2.3462749732288413,3.530680387687337
2023-10-09 05:45:00,61203.70949504711,2.957696525628279,0.37523005686309624,2.5366478227454503,0.2739229644958964,1.3155967128349326,3.0,7.800000000000001,1.2000000000000002,0.9818477478713286,1.1485451667217967,1.6888677390488576,2.470441458525176,3.8316294184067434
2023-10-09 05:50:00,69621.06786154819,3.5367524707270075,0.458444167217574,2.955708307346008,0.26502382248834133,1.6502884712417072,3.0,7.800000000000001,1.2000000000000002,0.9818477478713286,1.1485451667217967,1.6888677390488576,2.470441458525176,3.8316294184067434
2023-10-09 05:55:00,125865.90884967275,3.988987969568719,0.5612409568037594,3.227465066260377,0.26247796067877377,1.9979019553270747,3.0,7.800000000000001,1.2000000000000002,0.9818477478713286,1.1485451667217967,1.6888677390488576,2.470441458525176,3.8316294184067434
2023-10-09 06:00:00,46363.6226100201,3.5862632921508113,0.3456145449889926,3.225004776442839,0.2755806565122022,1.146983105688327,0.07942921376924236,0.45459098099280415,0.11643131022195018,0.964689069078737,1.1350599103131076,1.6353257290215915,2.4663272795799016,3.937671393095163
2023-10-09 06:05:00,39289.5438704105,5.391640539300954,0.5959697421696603,4.567882559300267,0.2772864684027112,0.9058386375186818,3.0,7.800000000000001,1.2000000000000002,0.964689069078737,1.1350599103131076,1.6353257290215915,2.4663272795799016,3.937671393095163
2023-10-09 06:10:00,37197.09360039029,6.100646256824634,0.5441281960775286,5.363816613948935,0.2845701231959153,0.8857593338371389,3.0,7.800000000000001,1.2000000000000002,0.964689069078737,1.1350599103131076,1.6353257290215915,2.4663272795799016,3.937671393095163
2023-10-09 06:15:00,41514.66213840973,6.17147338919585,0.5198835868435547,5.476437075252184,0.26372313824937804,0.905808469828112,3.0,7.800000000000001,1.2000000000000002,0.9612705134352142,1.1512467155219162,1.6556195215084897,2.7894114074478145,4.7050819333992475
2023-10-09 06:20:00,48462.21518857656,6.526162226410383,0.7957279496921668,5.374134920860472,0.27075181784210145,1.0151294241000457,3.0,7.800000000000001,1.2000000000000002,0.9612705134352142,1.1512467155219162,1.6556195215084897,2.7894114074478145,4.7050819333992475
2023-10-09 06:25:00,42431.3737536908,5.774831751957397,0.7205075081671074,4.745367619435173,0.2624773407316939,0.9859611109103811,3.0,7.800000000000001,1.2000000000000002,0.9612705134352142,1.1512467155219162,1.6556195215084897,2.7894114074478145,4.7050819333992475
2023-10-09 06:30:00,42562.32724445881,4.72436147008464,0.5199286697727156,4.03125669604785,0.2624772434863917,1.0503982621853558,0.11795761950802502,0.8789121457802254,0.20471016095934275,0.9801270325830218,1.1756257908024985,1.7136407558178581,2.9144306905466113,5.2548373904432095
2023-10-09 06:35:00,40859.8594187304,6.170982229268216,1.0308773201598695,4.647062017959882,0.2677829579908584,1.0869679853861944,3.0,7.800000000000001,1.2000000000000002,0.9801270325830218,1.1756257908024985,1.7136407558178581,2.9144306905466113,5.2548373904432095
2023-10-09 06:40:00,34845.545264698514,6.993362152668331,1.229202277094446,5.157845550854675,0.26778281501423,0.9140446161313883,3.0,7.800000000000001,1.2000000000000002,0.9801270325830218,1.1756257908024985,1.7136407558178581,2.9144306905466113,5.2548373904432095
2023-10-09 06:45:00,43217.25810925361,7.816238640986726,1.4100169842754018,5.698439429918032,0.26247692744159157,0.905718055583985,3.0,7.800000000000001,1.2000000000000002,0.9844308000057699,1.1521475599939446,1.6631125518136167,2.6610441559658495,4.064962976461163
2023-10-09 06:50:00,39550.899986756034,9.760004185710914,2.1007433300854617,6.573997161299537,0.2790372548360064,0.9311058748450038,3.0,7.800000000000001,1.2000000000000002,0.9844308000057699,1.1521475599939446,1.6631125518136167,2.6610441559658495,4.064962976461163
2023-10-09 06:55:00,36282.01339348811,10.604684361928795,2.5379332639363095,6.746159154104467,0.27728427641829967,0.9670410688645719,3.0,7.800000000000001,1.2000000000000002,0.9844308000057699,1.1521475599939446,1.6631125518136167,2.6610441559658495,4.064962976461163
2023-10-09 07:00:00,35890.088494197014,11.909689504490208,3.2114795202852364,7.0169363520801875,0.2967758394667031,0.9670216386134936,0.16269296235547498,0.900499861188218,0.27166155414412246,0.9982464625532115,1.2019355223971042,1.7547549572518666,3.1210402512623894,5.774906406167983
2023-10-09 07:05:00,37588.896763453035,12.14384768404084,3.260819811917303,7.1751634721312465,0.30340714797017887,0.9953843029803602,3.0,7.800000000000001,1.2000000000000002,0.9982464625532115,1.2019355223971042,1.7547549572518666,3.1210402512623894,5.774906406167983
2023-10-09 07:10:00,36020.63680741827,11.721177273688141,2.7787662556045842,7.491699002294896,0.29048754841915575,0.9857753544809221,3.0,7.800000000000001,1.2000000000000002,0.9982464625532115,1.2019355223971042,1.7547549572518666,3.1210402512623894,5.774906406167983
2023-10-09 07:15:00,35759.36382208073,13.022214782021619,3.5870355584699776,7.552756471293076,0.2790360851431349,0.9442322355611347,3.0,7.800000000000001,1.2000000000000002,1.0017105370315318,1.2083045973594573,1.7743066251355766,2.938395650691037,4.8614508122575915
2023-10-09 07:20:00,38242.564837456,12.729201331245482,3.7735140008468084,6.974840438351709,0.2864976267829463,0.9715925030145841,3.0,7.800000000000001,1.2000000000000002,1.0017105370315318,1.2083045973594573,1.7743066251355766,2.938395650691037,4.8614508122575915
2023-10-09 07:25:00,36020.5439154865,13.616130345008205,4.544437525185154,6.681186585806854,0.2826780128035467,0.9857133295554998,3.0,7.800000000000001,1.2000000000000002,1.0017105370315318,1.2083045973594573,1.7743066251355766,2.938395650691037,4.8614508122575915
2023-10-09 07:30:00,35628.66194608221,12.58668912735977,3.9463276754127907,6.56829127037415,0.33294439567189077,0.9441788042927601,0.18062391868188443,0.9040978708082438,0.22253145845026046,1.0655895082066076,1.3166335860823237,1.9234472802757032,3.635247584415675,6.538594956104867
2023-10-09 07:35:00,36804.42379086625,12.155630034162115,3.540475352252499,6.758871870128103,0.30340466107154185,0.9223358417219583,3.0,7.800000000000001,1.2000000000000002,1.0655895082066076,1.3166335860823237,1.9234472802757032,3.635247584415675,6.538594956104867
2023-10-09 07:40:00,34975.72360158034,11.06783517647939,2.9677694045321155,6.5497731148589775,0.301156959669633,1.070797718521024,3.0,7.800000000000001,1.2000000000000002,1.0655895082066076,1.3166335860823237,1.9234472802757032,3.635247584415675,6.538594956104867
2023-10-09 07:45:00,35236.80024066194,20.931684360115813,8.210600026139659,8.380564677090849,0.38428795154238493,1.081293578583652,3.0,7.800000000000001,1.2000000000000002,1.0391924749535093,1.2880097049323813,1.9444629078488485,3.430965461790602,6.058356542825786
2023-10-09 07:50:00,34453.52085273816,16.561652976389574,5.329535259752535,8.421358352362038,0.33827600375400624,1.0347181154499276,3.0,7.800000000000001,1.2000000000000002,1.0391924749535093,1.2880097049323813,1.9444629078488485,3.430965461790602,6.058356542825786
2023-10-09 07:55:00,33801.07735026399,14.452266572012974,4.352412354262914,7.809490589362252,0.3103562107636236,0.9530727512787163,3.0,7.800000000000001,1.2000000000000002,1.0391924749535093,1.2880097049323813,1.9444629078488485,3.430965461790602,6.058356542825786
2023-10-09 08:00:00,36281.60195695744,11.97927469709888,3.1321745391851494,7.207859096681543,0.2884690153380654,0.889382191470294,0.24346252278328184,1.7066636927057421,0.2940344367586899,1.0594130450395636,1.3342297403370982,1.9888348347713543,3.6828630506713114,6.7448412879770565
2023-10-09 08:05:00,33409.71362118636,9.130913136746598,1.953675612126698,6.17208016634857,0.29677108782610845,0.8815699334122157,3.0,7.800000000000001,1.2000000000000002,1.0594130450395636,1.3342297403370982,1.9888348347713543,3.6828630506713114,6.7448412879770565
2023-10-09 08:10:00,33279.25570347399,8.48700078890663,1.6162743765914847,6.0491036191446526,0.2845635094302395,0.8815567013215468,3.0,7.800000000000001,1.2000000000000002,1.0594130450395636,1.3342297403370982,1.9888348347713543,3.6828630506713114,6.7448412879770565
2023-10-09 08:15:00,32106.04054298593,6.8114402468474635,0.9779536620443582,5.3694177206740425,0.2755750831487978,0.873922901493403,3.0,7.800000000000001,1.2000000000000002,1.0957303500405564,1.3314488349163103,1.9588650183205578,3.242075878199028,6.1229515758333415
2023-10-09 08:20:00,33800.93157186421,5.692767277485681,0.8039385061525426,4.529067343546724,0.27230761735481,0.8893268697493137,3.0,7.800000000000001,1.2000000000000002,1.0957303500405564,1.3314488349163103,1.9588650183205578,3.242075878199028,6.1229515758333415
2023-10-09 08:25:00,41513.7043616563,5.3340272367478185,0.9143700433684909,3.9958717478127435,0.2707475898472084,0.9439829202141794,3.0,7.800000000000001,1.2000000000000002,1.0957303500405564,1.3314488349163103,1.9588650183205578,3.242075878199028,6.1229515758333415
2023-10-09 08:30:00,42430.4289823273,4.858873874342214,0.9302588285974308,3.4976635501305533,0.2637200769159262,0.9998581723778919,0.23747420912595965,1.7426582453252273,0.41059743058134207,1.0647065323364933,1.3258898898475695,1.9577565119288967,3.4654183008693193,6.027048697331058
2023-10-09 08:35:00,42168.43276524029,5.454691154895949,1.1999740350890262,3.669748346063719,0.26501974384637966,0.9806832991424453,3.0,7.800000000000001,1.2000000000000002,1.0647065323364933,1.3258898898475695,1.9577565119288967,3.4654183008693193,6.027048697331058
2023-10-09 08:40:00,34583.72108378947,4.912779874774774,0.8985663538718468,3.601236478238691,0.26247455722415464,0.8932334024049012,3.0,7.800000000000001,1.2000000000000002,1.0647065323364933,1.3258898898475695,1.9577565119288967,3.4654183008693193,6.027048697331058
2023-10-09 08:45:00,32757.503812677318,3.90182886805662,0.6442455851813462,3.0028585843785454,0.266372913355229,0.8892576660478373,3.0,7.800000000000001,1.2000000000000002,1.045334396257963,1.2429979887352998,1.793905281780507,2.792212205402734,4.801561829238483
2023-10-09 08:50:00,31845.268187087036,4.500359823270126,0.7857706460842656,3.3697071824490594,0.2808300493890795,1.493700522023424,3.0,7.800000000000001,1.2000000000000002,1.045334396257963,1.2429979887352998,1.793905281780507,2.792212205402734,4.801561829238483
2023-10-09 08:55:00,31845.241719483947,4.579309635648938,0.7132505290298832,3.564827815750002,0.2808298131037087,2.138818143525122,3.0,7.800000000000001,1.2000000000000002,1.045334396257963,1.2429979887352998,1.793905281780507,2.792212205402734,4.801561829238483
2023-10-09 09:00:00,32236.082507975414,4.250530317872259,0.5618048407369597,3.4870611995443253,0.27557321988214517,0.9483281062510047,0.1030970416646375,0.5516163884439982,0.22253145845026046,1.0717760960200597,1.267763779258581,1.783011430137227,2.8764229522099143,5.053050167967859
2023-10-09 09:05:00,31845.188784279446,4.708111608000065,0.5741590857873389,3.922435841696975,0.27391520270507713,0.8775813413084532,3.0,7.800000000000001,1.2000000000000002,1.0717760960200597,1.267763779258581,1.783011430137227,2.8764229522099143,5.053050167967859
2023-10-09 09:10:00,31584.6424129395,5.220387768585732,0.6417911918178992,4.320771527149557,0.29253573316496834,0.8485935486505973,3.0,7.800000000000001,1.2000000000000002,1.0717760960200597,1.267763779258581,1.783011430137227,2.8764229522099143,5.053050167967859
2023-10-09 09:15:00,32626.973952695535,5.678908734791353,0.7391166314481827,4.619486293389202,0.2772781151015576,0.930616343350541,3.0,7.800000000000001,1.2000000000000002,1.1001818031580055,1.333302666313992,1.9566481134838731,3.0316734652663366,4.9426737703392885
2023-10-09 09:20:00,31584.58948882081,5.858157230583506,0.9092575394000447,4.52654078055873,0.2864906698235845,0.9996427748649099,3.0,7.800000000000001,1.2000000000000002,1.1001818031580055,1.333302666313992,1.9566481134838731,3.0316734652663366,4.9426737703392885
2023-10-09 09:25:00,31454.336937482753,5.682835675665602,0.9436762662051971,4.297338590197982,0.27903000660597477,1.0807607875422756,3.0,7.800000000000001,1.2000000000000002,1.1001818031580055,1.333302666313992,1.9566481134838731,3.0316734652663366,4.9426737703392885
2023-10-09 09:30:00,31714.78968705792,5.165722791737058,0.8644629077457915,3.907109732751515,0.2637187178356853,1.080735029190782,0.1298691649314802,0.5767807208983324,0.2627184805071771,1.133264752826982,1.4143298766553722,2.084778894751192,3.752208982719379,7.666589593815493
2023-10-09 09:35:00,32235.870702686883,5.173935311048647,0.9437077955603833,3.790148918167792,0.2663715636296301,0.9349071203365977,3.0,7.800000000000001,1.2000000000000002,1.133264752826982,1.4143298766553722,2.084778894751192,3.752208982719379,7.666589593815493
2023-10-09 09:40:00,32757.185981108854,4.973806831021994,0.9463738772472536,3.5867071969644493,0.27557155809914935,0.8970647889423979,3.0,7.800000000000001,1.2000000000000002,1.133264752826982,1.4143298766553722,2.084778894751192,3.752208982719379,7.666589593815493
2023-10-09 09:45:00,31584.443947506163,4.6405361380296695,0.8068194405964649,3.475651250717347,0.27557135667407406,0.8890917473038258,3.0,7.800000000000001,1.2000000000000002,1.117139651073222,1.4003085374302338,2.061286006356226,3.7074114959092412,7.169804739321706
2023-10-09 09:50:00,31323.966085538428,4.727840952718603,0.8935086947676555,3.425166934410598,0.27557115524968345,0.8451053347414624,3.0,7.800000000000001,1.2000000000000002,1.117139651073222,1.4003085374302338,2.061286006356226,3.7074114959092412,7.169804739321706
2023-10-09 09:55:00,30933.36252041735,5.2484694707148325,1.0662043763529017,3.6725143517605594,0.277276354834604,0.8662425656887879,3.0,7.800000000000001,1.2000000000000002,1.117139651073222,1.4003085374302338,2.061286006356226,3.7074114959092412,7.169804739321706
2023-10-09 10:00:00,33409.0114196539,4.898343273318854,0.9756274192654725,3.4657208263881736,0.2637180446694092,0.8930075257008028,0.11795761950802502,0.7961654099494653,0.307467071407655,1.0957303500405564,1.3648809471891679,2.0055173896029923,3.6871941907092443,6.491486732636832
2023-10-09 10:05:00,31584.338099288165,3.8625378231310403,0.801657936684974,2.710838113064316,0.2612828914293355,0.8197083471294486,3.0,7.800000000000001,1.2000000000000002,1.0957303500405564,1.3648809471891679,2.0055173896029923,3.6871941907092443,6.491486732636832
2023-10-09 10:10:00,32887.37062518103,3.509809305828302,0.8909336980676967,2.2222456132164585,0.2663706271150501,0.8288165944412107,3.0,7.800000000000001,1.2000000000000002,1.0957303500405564,1.3648809471891679,2.0055173896029923,3.6871941907092443,6.491486732636832
2023-10-09 10:15:00,31844.778536519923,4.0866033672604045,1.294521817955936,2.170376430170257,0.265017267775449,0.825715226151824,3.0,7.800000000000001,1.2000000000000002,1.053246884638165,1.3407221934465021,1.9821682673274736,3.425226415873847,6.338477419696312
2023-10-09 10:20:00,30803.062667574148,4.173767806467051,1.2568071786163741,2.3133502885422605,0.2826688882425084,0.8167544678556807,3.0,7.800000000000001,1.2000000000000002,1.053246884638165,1.3407221934465021,1.9821682673274736,3.425226415873847,6.338477419696312
2023-10-09 10:25:00,30803.03622299818,3.920192473572477,1.1090935564149353,2.2897078738740984,0.29676087565320236,0.81387291945815,3.0,7.800000000000001,1.2000000000000002,1.053246884638165,1.3407221934465021,1.9821682673274736,3.425226415873847,6.338477419696312
2023-10-09 10:30:00,30802.996556135397,4.131958679416798,1.1251809588280937,2.473666089096395,0.3033902153038453,0.8138652656488155,0.10606601717798213,0.5767807208983324,0.22253145845026046,0.9878785350436561,1.3110850468219062,1.9533235676661458,3.8346843416375225,7.146173521542841
2023-10-09 10:35:00,31063.306792108342,3.36008163713508,0.9068517601802839,2.050459149611645,0.3200746393231975,0.8110404888966598,3.0,7.800000000000001,1.2000000000000002,0.9878785350436561,1.3110850468219062,1.9533235676661458,3.8346843416375225,7.146173521542841
2023-10-09 10:40:00,30933.11126839525,3.277176337792862,0.9837254509516601,1.8514880595259777,0.33557425182133727,0.8029245163316986,3.0,7.800000000000001,1.2000000000000002,0.9878785350436561,1.3110850468219062,1.9533235676661458,3.8346843416375225,7.146173521542841
2023-10-09 10:45:00,30542.6400876573,3.2729190230434666,0.9121681574489722,1.956885052324712,0.33825321126025304,0.8110257174912288,3.0,7.800000000000001,1.2000000000000002,0.8815191432975237,1.2283663948513084,1.885943837976094,4.040696103396047,7.737635039209333
2023-10-09 10:50:00,30672.751287428004,3.2107448157383685,0.791362072657136,2.0833484231116777,0.34368861158821395,0.8055560188745294,3.0,7.800000000000001,1.2000000000000002,0.8815191432975237,1.2283663948513084,1.885943837976094,4.040696103396047,7.737635039209333
2023-10-09 10:55:00,31584.04701673567,3.1858118827081996,0.8752604562064902,1.9285379851474775,0.3464431149947962,0.8029045866073892,3.0,7.800000000000001,1.2000000000000002,0.8815191432975237,1.2283663948513084,1.885943837976094,4.040696103396047,7.737635039209333
2023-10-09 11:00:00,31193.358110927817,4.160331328716842,1.4865942844554056,1.9525278346289656,0.34368724260051114,0.835065537540361,0.07354590403278757,0.36124783736376886,0.1559134375222354,0.9097252332435327,1.1864973662001952,1.8299531797289241,3.0784464020021525,5.182991414231747
2023-10-09 11:05:00,31323.5295554272,4.235041942400595,1.4893185695889073,2.021258285805579,0.34644173387880417,0.8138117527366613,3.0,7.800000000000001,1.2000000000000002,0.9097252332435327,1.1864973662001952,1.8299531797289241,3.0784464020021525,5.182991414231747
2023-10-09 11:10:00,31063.108413031063,3.823612994161866,1.1012035116598597,2.20683866849899,0.32512295645640577,0.8225838067822671,3.0,7.800000000000001,1.2000000000000002,0.9097252332435327,1.1864973662001952,1.8299531797289241,3.0784464020021525,5.182991414231747
2023-10-09 11:15:00,30282.26542885377,4.247275530780941,1.2381300036037481,2.4142217673766373,0.3436851891304457,0.7977664401756814,3.0,7.800000000000001,1.2000000000000002,0.9088899823410973,1.2247138441284968,1.9223423212320954,3.4410109343040456,6.656421260707589
2023-10-09 11:20:00,29761.99657013063,3.5827488282298177,0.99980858313296,2.1257783586467935,0.3382486691091966,0.7905408658970055,3.0,7.800000000000001,1.2000000000000002,0.9088899823410973,1.2247138441284968,1.9223423212320954,3.4410109343040456,6.656421260707589
2023-10-09 11:25:00,30022.059207145212,2.9455053793535044,0.6983001108925161,1.9694107033470907,0.32769117731028363,0.8137812052851228,3.0,7.800000000000001,1.2000000000000002,0.9088899823410973,1.2247138441284968,1.9223423212320954,3.4410109343040456,6.656421260707589
2023-10-09 11:30:00,30022.019568579606,3.706933727111527,0.9175975444851409,2.375075174264676,0.3302888885796923,0.8109592529867891,0.07061161377563893,0.5012984739653612,0.10776015033397085,0.8889460051094217,1.252159734219241,2.014424026862269,3.6828630506713114,6.778255232727668
2023-10-09 11:35:00,30021.99314287002,3.872833457230992,0.9414359605925252,2.501805598408219,0.3302882888492563,0.8054940825139658,3.0,7.800000000000001,1.2000000000000002,0.8889460051094217,1.252159734219241,2.014424026862269,3.6828630506713114,6.778255232727668
2023-10-09 11:40:00,29631.864414015963,3.8644090332197085,0.859612353448592,2.621327502588562,0.3355666396825871,0.8137582858436501,3.0,7.800000000000001,1.2000000000000002,0.8889460051094217,1.252159734219241,2.014424026862269,3.6828630506713114,6.778255232727668
2023-10-09 11:45:00,30021.953504306897,3.835226744166582,0.7941435626066601,2.6956699769276953,0.33291301273557394,0.8225248767118621,3.0,7.800000000000001,1.2000000000000002,0.893913306758547,1.2686827814706088,2.0702309436388973,3.8998884919956365,6.941475635626765
2023-10-09 11:50:00,29761.838055579858,3.70230537097944,0.8176731038342434,2.5268687522215796,0.3302864635917008,0.8137430169685406,3.0,7.800000000000001,1.2000000000000002,0.893913306758547,1.2686827814706088,2.0702309436388973,3.8998884919956365,6.941475635626765
2023-10-09 11:55:00,29891.841396383734,3.3374714378813537,0.7629431965998379,2.252813263412305,0.3436797132776745,0.8081658979111885,3.0,7.800000000000001,1.2000000000000002,0.893913306758547,1.2686827814706088,2.0702309436388973,3.8998884919956365,6.941475635626765
2023-10-09 12:00:00,29371.769404239916,3.180129253881739,0.7164054630371427,2.1714300319973714,0.3302852902189891,0.8081588073337973,0.06184658438426492,0.3289707585789351,0.06977822009767803,0.9587095493422395,1.365811480402768,2.1701209551543434,3.811519906808831,6.495411919193424
2023-10-09 12:05:00,29631.732335442037,3.221366984603395,0.84130371987241,2.0159073747171186,0.3103330893444476,0.8109076291036503,3.0,7.800000000000001,1.2000000000000002,0.9587095493422395,1.365811480402768,2.1701209551543434,3.811519906808831,6.495411919193424
2023-10-09 12:10:00,30021.80816292154,3.7018261900943537,1.0639561975742153,2.144272537051119,0.33028409077710835,0.7904864697540728,3.0,7.800000000000001,1.2000000000000002,0.9587095493422395,1.365811480402768,2.1701209551543434,3.811519906808831,6.495411919193424
2023-10-09 12:15:00,30932.58231694873,4.038007138238476,1.1630543538828706,2.3229924942707036,0.3103321910304599,0.8137048649445675,3.0,7.800000000000001,1.2000000000000002,0.8955718843286674,1.2723600119463043,2.0791817236595747,3.8882909163281494,7.110731326663946
2023-10-09 12:20:00,29891.70928429502,4.940765114091549,1.511224820652093,2.6814443999997266,0.317583083769938,0.810885506866371,3.0,7.800000000000001,1.2000000000000002,0.8955718843286674,1.2723600119463043,2.0791817236595747,3.8882909163281494,7.110731326663946
2023-10-09 12:25:00,30021.7156729595,4.237268608094701,1.2222020545459682,2.428721546646458,0.32006300416060113,0.797680455822855,3.0,7.800000000000001,1.2000000000000002,0.8955718843286674,1.2723600119463043,2.0791817236595747,3.8882909163281494,7.110731326663946
2023-10-09 12:30:00,29371.624155686277,3.2290444356756196,0.8834646288068321,1.9581764645331898,0.33556030526978253,0.7904647420632347,3.0,7.800000000000001,1.2000000000000002,0.8176851472296657,1.099291135232155,1.7536701628299434,3.159431752704907,5.466825770042429
2023-10-09 12:35:00,29501.57732472378,2.9355930343338454,0.8597862095314603,1.7084955632934873,0.3127149898413294,0.805411630965845,3.0,7.800000000000001,1.2000000000000002,0.8176851472296657,1.099291135232155,1.7536701628299434,3.159431752704907,5.466825770042429
2023-10-09 12:40:00,29631.547425467536,2.6306921182564897,0.7371749046180568,1.6014453497202767,0.3329062149209092,0.8136667753687723,3.0,7.800000000000001,1.2000000000000002,0.8176851472296657,1.099291135232155,1.7536701628299434,3.159431752704907,5.466825770042429
2023-10-09 12:45:00,29501.524500145486,2.745763750970131,0.7501315810164094,1.6929701920815672,0.34367284122118164,0.8136591324886548,3.0,7.800000000000001,1.2000000000000002,0.7980501237391046,1.0735455276791945,1.7071698685250978,3.2463567656682466,6.344359699764824
2023-10-09 12:50:00,29761.50781701116,3.1086663212799213,0.8888010078089892,1.8323834263905165,0.34920574512759717,0.8481269238133756,3.0,7.800000000000001,1.2000000000000002,0.7980501237391046,1.0735455276791945,1.7071698685250978,3.2463567656682466,6.344359699764824
2023-10-09 12:55:00,29631.46817834596,4.07028610943764,1.2492087670624896,2.2232395203248903,0.37520535317990283,0.8694901245896758,3.0,7.800000000000001,1.2000000000000002,0.7980501237391046,1.0735455276791945,1.7071698685250978,3.2463567656682466,6.344359699764824
2023-10-09 13:00:00,28851.695032462492,4.0743198368944125,1.2761620379917373,2.1862109294454646,0.37223357401789553,0.8165019728321994,3.0,0.2967204745210549,0.07800000000000001,0.8200609733428363,1.0975103644157536,1.7482484491627612,3.1807829617878673,5.841312866128642
2023-10-09 13:05:00,29111.518703011865,2.873014669111924,0.9788667959118889,1.4684919660923705,0.3605475890646747,0.8223904356003799,3.0,7.800000000000001,1.2000000000000002,0.8200609733428363,1.0975103644157536,1.7482484491627612,3.1807829617878673,5.841312866128642
2023-10-09 13:10:00,29241.43729362578,2.6094349038563553,0.8730531115396696,1.3750040592211317,0.3548301094816591,0.8136210550063687,3.0,7.800000000000001,1.2000000000000002,0.8200609733428363,1.0975103644157536,1.7482484491627612,3.1807829617878673,5.841312866128642
2023-10-09 13:15:00,29371.386476281095,2.629867417209037,0.7866057637257788,1.5247690472241748,0.34920215148177386,0.8380494860760765,3.0,7.800000000000001,1.2000000000000002,0.7612332099954653,1.0112571384173266,1.6193514257257442,2.7376727799355423,4.871115272707063
2023-10-09 13:20:00,29241.38448300917,2.9634104824095897,0.831050669953615,1.779640871491351,0.3634357424543391,0.822365238241431,3.0,7.800000000000001,1.2000000000000002,0.7612332099954653,1.0112571384173266,1.6193514257257442,2.7376727799355423,4.871115272707063
2023-10-09 13:25:00,29111.413096010925,3.0995694032509196,0.8415563482156327,1.8962663549020078,0.366346206856749,0.8135982133522882,3.0,7.800000000000001,1.2000000000000002,0.7612332099954653,1.0112571384173266,1.6193514257257442,2.7376727799355423,4.871115272707063
2023-10-09 13:30:00,28851.536665528685,2.9838103019241786,0.8049159360213982,1.8399024309254624,0.3491999785985119,0.7976007207160972,0.053160135440008055,0.22163970763380825,0.11208925015361643,0.8488792611437742,1.1792472175078472,1.904678618560097,3.690081841910827,6.770392603091789
2023-10-09 13:40:00,28981.406548717387,2.6210569619171293,0.7762698779515895,1.5320656923454874,0.3464198854197932,0.8001078461367381,3.0,7.800000000000001,1.2000000000000002,0.8488792611437742,1.1792472175078472,1.904678618560097,3.690081841910827,6.770392603091789
2023-10-09 13:45:00,28981.380150577235,2.950437829286183,0.9048094432647164,1.6542766333960044,0.35199986414816153,0.7903832952383991,3.0,7.800000000000001,1.2000000000000002,0.8488792611437742,1.1792472175078472,1.904678618560097,3.690081841910827,6.770392603091789
2023-10-09 14:00:00,29241.173240571436,3.807079089032337,1.1902360676296277,2.054901399621714,0.375193839018666,0.8107382618337453,0.05894064811316551,0.2323449160192665,0.09061042986323373,0.8296047251552995,1.112670661067326,1.7819228266117475,2.900345884545496,4.74751513952299
2023-10-09 14:05:00,29241.146835269956,3.7530069351162165,1.192938131094848,1.9979380953713737,0.35199691486928514,0.8135373200067961,3.0,7.800000000000001,1.2000000000000002,0.8296047251552995,1.112670661067326,1.7819228266117475,2.900345884545496,4.74751513952299
2023-10-09 14:10:00,29241.12042996918,3.9397018104968144,1.18220769745533,2.1971040111608877,0.3464156871516572,0.8193092200558035,3.0,7.800000000000001,1.2000000000000002,0.8296047251552995,1.112670661067326,1.7819228266117475,2.900345884545496,4.74751513952299
2023-10-09 14:15:00,29241.09402466914,3.5080938569847078,1.0536665753059455,1.970244239996661,0.360536491547824,0.8135221268495532,3.0,7.800000000000001,1.2000000000000002,0.8488792611437742,1.1404494727957044,1.8091801900308329,3.4539305146455965,7.0241187347595435
2023-10-09 14:20:00,29241.067619369805,3.180931664884256,0.9075614898429916,1.8740806830990118,0.36342601187244206,0.8135145177998704,3.0,7.800000000000001,1.2000000000000002,0.8488792611437742,1.1404494727957044,1.8091801900308329,3.4539305146455965,7.0241187347595435
2023-10-09 14:25:00,29241.02801142215,3.1560061459114768,0.8680248932442038,1.9105566231999378,0.3933946634601047,0.8079525954967439,3.0,7.800000000000001,1.2000000000000002,0.8488792611437742,1.1404494727957044,1.8091801900308329,3.4539305146455965,7.0241187347595435
2023-10-09 14:30:00,29241.014808773296,3.6652846962810144,1.101829459313845,2.0505990593037406,0.425011096981807,0.8134993009098368,0.07648529270389179,0.3504862907447308,0.13390388343883083,0.8553572353116562,1.1485451667217967,1.8102722889112566,3.4338353192894964,6.148406297570128
2023-10-09 14:35:00,29111.043471599318,3.78133682275366,1.0991690116579076,2.168433971292108,0.38421089805757314,0.8134916930695084,3.0,7.800000000000001,1.2000000000000002,0.8553572353116562,1.1485451667217967,1.8102722889112566,3.4338353192894964,6.148406297570128
2023-10-09 14:40:00,29240.961998179664,3.4122076443467604,0.9473192730959371,2.0391982334322725,0.37518678784992343,0.8134841117740264,3.0,7.800000000000001,1.2000000000000002,0.8553572353116562,1.1485451667217967,1.8102722889112566,3.4338353192894964,6.148406297570128
2023-10-09 14:45:00,29500.890605424167,3.9886999394289844,1.0244202349752851,2.4875851759474767,0.3751858953044634,0.8163367907147054,3.0,7.800000000000001,1.2000000000000002,0.8626754893933176,1.1638732748886367,1.8562607575445857,3.4797828955266734,6.581788814600481
2023-10-09 14:50:00,29760.860549725243,4.624825111640273,1.0992159219532185,3.001450818654419,0.3903122087106433,0.8252384902561289,3.0,7.800000000000001,1.2000000000000002,0.8626754893933176,1.1638732748886367,1.8562607575445857,3.4797828955266734,6.581788814600481
2023-10-09 14:55:00,29500.824574747203,5.270338789089526,1.3277592624083454,3.289072367927887,0.40585862163623265,0.8346204573044205,3.0,7.800000000000001,1.2000000000000002,0.8626754893933176,1.1638732748886367,1.8562607575445857,3.4797828955266734,6.581788814600481
2023-10-09 15:00:00,29500.79816247763,5.153525907770857,1.3763864873205525,3.0983738352085557,3.8641953000000004,0.825221229635505,0.0823771813064759,0.34689963966542253,0.1426893478855377,0.8626754893933176,1.1638732748886367,1.8562607575445857,3.4797828955266734,6.581788814600481
2023-10-09 15:15:00,29630.715331000785,4.578436289581439,0.9952269614313117,3.1171100227270268,0.3751805995696112,0.797472215745914,3.0,7.800000000000001,1.2000000000000002,0.9139064503547396,1.2429979887352998,1.9843900423051914,3.690081841910827,7.209195516838201
2023-10-09 15:20:00,29500.692513406368,4.569991516723912,1.0192009588732716,3.071347466334094,0.3722093340767976,0.8106207284825528,3.0,7.800000000000001,1.2000000000000002,0.9139064503547396,1.2429979887352998,1.9843900423051914,3.690081841910827,7.209195516838201
2023-10-09 15:25:00,29890.705232970067,4.486643871612416,1.0352092064107312,2.9637365186932705,0.36341544171384677,0.8134157413578011,3.0,7.800000000000001,1.2000000000000002,0.9139064503547396,1.2429979887352998,1.9843900423051914,3.690081841910827,7.209195516838201
2023-10-09 15:30:00,29890.67881057989,5.423724210038695,1.3197714250692612,3.45373922282859,0.3464044183895732,0.8162661222075167,0.08532877591996735,0.37201161272196864,0.12952219886953742,0.8831670283700588,1.2101256133145848,1.9400352161752115,3.6756453855071487,6.577861658624329
2023-10-09 15:35:00,31582.446063929645,6.186946962552435,1.4874303529343866,3.954396315704479,0.366324654092546,0.8443946666226269,3.0,7.800000000000001,1.2000000000000002,0.8831670283700588,1.2101256133145848,1.9400352161752115,3.6756453855071487,6.577861658624329
2023-10-09 15:40:00,30541.014124312278,6.850574031210897,1.7807090899719187,4.1641383132254,0.37517616666892095,0.8282272512492875,3.0,7.800000000000001,1.2000000000000002,0.8831670283700588,1.2101256133145848,1.9400352161752115,3.6756453855071487,6.577861658624329
2023-10-09 15:45:00,31582.39313990556,6.057340989210048,1.3738223720667107,4.00057919074074,0.37220498876107927,0.8251435358360801,3.0,7.800000000000001,1.2000000000000002,0.8947424210352385,1.2292798704932901,1.9910578494860462,3.7319727022045592,7.114669071713738
2023-10-09 15:50:00,31582.366677894384,5.552489568105189,0.9767295674112331,4.115379220462003,0.39337775065388586,0.8443639358096242,3.0,7.800000000000001,1.2000000000000002,0.8947424210352385,1.2292798704932901,1.9910578494860462,3.7319727022045592,7.114669071713738
2023-10-09 15:55:00,31973.086700573174,6.645607849855619,1.158373538588526,4.921187005100417,0.42499102705284997,0.8377384166641215,3.0,7.800000000000001,1.2000000000000002,0.8947424210352385,1.2292798704932901,1.9910578494860462,3.7319727022045592,7.114669071713738
2023-10-09 16:00:00,30410.799419479314,6.344925662898946,1.17717906317501,4.591981326209004,0.4249898654645967,0.8251176737642014,0.09716480844420988,0.4043145310275158,0.13390388343883083,0.8980623586366372,1.23659249552955,1.9943931407824285,3.8086250799993424,6.7644958422634875
2023-10-09 16:05:00,30540.88193227519,6.1486518598877185,1.365778151235202,4.103923819244508,0.44791293354966394,0.8443331471705622,3.0,7.800000000000001,1.2000000000000002,0.8980623586366372,1.23659249552955,1.9943931407824285,3.8086250799993424,6.7644958422634875
2023-10-09 16:10:00,30540.85549386967,8.341273666727899,2.170571862876368,5.051240541696968,0.4512330271344915,0.8764869564433633,3.0,7.800000000000001,1.2000000000000002,0.8980623586366372,1.23659249552955,1.9943931407824285,3.8086250799993424,6.7644958422634875
2023-10-09 16:15:00,35755.88751400157,5.939782315158033,0.8710038292851527,4.668615366104159,0.415351240017057,0.9040104140922627,3.0,7.800000000000001,1.2000000000000002,0.9080550644096425,1.2898530924101397,2.108311210424116,3.975330961064751,6.9670521743417435
2023-10-09 16:20:00,32363.82055868278,7.1419192966891085,1.2283127364151345,5.30747835126651,0.42498515459612535,0.9335236391716416,3.0,7.800000000000001,1.2000000000000002,0.9080550644096425,1.2898530924101397,2.108311210424116,3.975330961064751,6.9670521743417435
2023-10-09 16:25:00,32754.789003732814,9.369214858776369,2.0560100040300604,6.252618375534001,0.4479077026915068,0.8689753091988788,3.0,7.800000000000001,1.2000000000000002,0.9080550644096425,1.2898530924101397,2.108311210424116,3.975330961064751,6.9670521743417435
2023-10-09 16:30:00,31451.902690204617,7.237733015907114,1.1450703281371857,5.532886204731017,0.4249827991722515,0.8652951371506712,0.1030970416646375,0.4653679834281683,0.1603316874482396,0.9097252332435327,1.2815615474880635,2.066875903386558,4.020352720844279,7.91137434331103
2023-10-09 16:35:00,31582.10205781388,7.375452729624264,1.2391230124740993,5.523744830795535,0.4282196577167979,0.9039509129822545,3.0,7.800000000000001,1.2000000000000002,0.9097252332435327,1.2815615474880635,2.066875903386558,4.020352720844279,7.91137434331103
2023-10-09 16:40:00,66061.61106711585,7.713716776232249,1.3820987140504322,5.639365581826741,0.43146918573930065,1.0222235540140305,3.0,7.800000000000001,1.2000000000000002,0.9097252332435327,1.2815615474880635,2.066875903386558,4.020352720844279,7.91137434331103
2023-10-09 16:45:00,32885.026398723036,6.527483871138619,0.9371153301450306,5.150404574760406,0.3995696349648667,0.8840467391176392,3.0,7.800000000000001,1.2000000000000002,0.9197738852565885,1.290774961021479,2.0948594224911607,3.9913025442830063,7.368795288240813
2023-10-09 16:50:00,31321.57178597569,6.2643985719595054,1.0301438670054963,4.74139927006216,0.40898935046962126,0.8220136220380393,3.0,7.800000000000001,1.2000000000000002,0.9197738852565885,1.290774961021479,2.0948594224911607,3.9913025442830063,7.368795288240813
2023-10-09 16:55:00,31451.757164706843,5.763593736509072,0.9159785168559051,4.421592285859336,0.37516289796786845,0.8442307346351619,3.0,7.800000000000001,1.2000000000000002,0.9197738852565885,1.290774961021479,2.0948594224911607,3.9913025442830063,7.368795288240813
2023-10-09 17:00:00,41378.94044430019,5.30480811642718,0.8186506080138894,4.118602946352841,0.36631053894345394,0.872601706287246,0.17464535493393457,0.8285433000151531,0.23591523901605,0.9681120802882277,1.3231118622399243,2.125143421042448,3.8057304160962317,6.849033216447414
2023-10-09 17:05:00,40200.801964635,5.558999065199299,1.0301910840362793,4.038017381124406,0.3633992250211566,0.9247469845869289,3.0,7.800000000000001,1.2000000000000002,0.9681120802882277,1.3231118622399243,2.125143421042448,3.8057304160962317,6.849033216447414
2023-10-09 17:10:00,74086.23605896017,6.998685046115655,1.282325290051979,5.08058946242722,0.3463903606151284,1.668772095404981,3.0,7.800000000000001,1.2000000000000002,0.9681120802882277,1.3231118622399243,2.125143421042448,3.8057304160962317,6.849033216447414
2023-10-09 17:15:00,87118.36490244686,8.548625540583995,1.5229615698996293,6.254810998763254,0.3250818653555565,1.8337116686502706,3.0,7.800000000000001,1.2000000000000002,1.037439636798209,1.429307874462322,2.3284929375027104,4.0625,7.544275975864087
2023-10-09 17:20:00,151157.93559634086,7.733615349556535,1.3282063926179701,5.742823974460219,0.31755235271614657,2.233937074725112,3.0,7.800000000000001,1.2000000000000002,1.037439636798209,1.429307874462322,2.3284929375027104,4.0625,7.544275975864087
2023-10-09 17:25:00,200861.24165950983,13.395592599835318,4.663664983334717,6.278959957428481,0.3547915185979977,2.9251914787826516,3.0,7.800000000000001,1.2000000000000002,1.037439636798209,1.429307874462322,2.3284929375027104,4.0625,7.544275975864087
2023-10-09 17:30:00,136526.36812589868,15.989778785961047,6.596248427913881,5.9151620069104025,0.38115280228620796,2.3580452030115038,0.11795761950802502,0.5588058696900025,0.17361163555476342,1.0278151584793835,1.4218160921863279,2.2751712023493966,4.219703810695722,7.798827091300333
2023-10-09 17:35:00,123610.18515134415,9.28802303679065,2.6080469820750256,5.324979533900421,0.3250795954889915,1.9676757078710279,3.0,7.800000000000001,1.2000000000000002,1.0278151584793835,1.4218160921863279,2.2751712023493966,4.219703810695722,7.798827091300333
2023-10-09 17:40:00,78297.32814202728,9.154115420260114,2.588914455751035,5.220763933921874,0.2989005462791522,2.281840011951022,3.0,7.800000000000001,1.2000000000000002,1.0278151584793835,1.4218160921863279,2.2751712023493966,4.219703810695722,7.798827091300333
2023-10-09 17:45:00,328641.145609097,8.029655911893252,1.881799153617654,5.183774820477986,0.2967287397894916,3.9004142009646423,3.0,7.800000000000001,1.2000000000000002,0.9638340106055607,1.2760391843513272,2.013310348654673,3.106834763871423,4.701225797597899
2023-10-09 17:50:00,328640.87764011585,8.831981248035435,2.2828069897832424,5.36844671825714,0.3056349988199059,6.181178770740776,3.0,7.800000000000001,1.2000000000000002,0.9638340106055607,1.2760391843513272,2.013310348654673,3.106834763871423,4.701225797597899
2023-10-09 17:55:00,269033.24267248873,8.484933945964102,1.8464283308645015,5.692348566565944,0.27555110016671486,4.885832238981793,3.0,7.800000000000001,1.2000000000000002,0.9638340106055607,1.2760391843513272,2.013310348654673,3.106834763871423,4.701225797597899
2023-10-09 18:00:00,313869.97193592886,9.676224276768023,2.4385837682511324,5.971803156611097,0.2650057637810374,5.579496409464147,0.24945139807184888,1.3107433616082136,0.44650895847675887,1.0190897899596485,1.35836997905578,2.1543639803895718,3.5790406885085844,5.679269319199434
2023-10-09 18:05:00,325606.8021247838,10.52497398229551,3.40220513985034,5.343710072679168,0.2864602565128177,5.391188687326814,3.0,7.800000000000001,1.2000000000000002,1.0190897899596485,1.35836997905578,2.1543639803895718,3.5790406885085844,5.679269319199434
2023-10-09 18:10:00,378753.98839078686,10.474660606459079,3.4405831032393945,5.23493637862197,0.2845304865047871,5.253615263604317,3.0,7.800000000000001,1.2000000000000002,1.0190897899596485,1.35836997905578,2.1543639803895718,3.5790406885085844,5.679269319199434
2023-10-09 18:15:00,401832.9226602651,13.411037561969694,5.542026690898265,4.9538572465333175,0.30794880120941204,6.136519489303058,3.0,7.800000000000001,1.2000000000000002,0.9835695196578634,1.3212603831190883,2.089258241577618,3.557442339659211,6.007484997900536
2023-10-09 18:20:00,397612.3868953012,12.373372206389726,4.556764097142026,5.4229753753621,0.2864593994004616,4.459671684145587,3.0,7.800000000000001,1.2000000000000002,0.9835695196578634,1.3212603831190883,2.089258241577618,3.557442339659211,6.007484997900536
2023-10-09 18:25:00,266394.4390346581,10.482646759380012,3.5667030687474055,5.05029691746732,0.2772539415647594,3.2638881129962094,3.0,7.800000000000001,1.2000000000000002,0.9835695196578634,1.3212603831190883,2.089258241577618,3.557442339659211,6.007484997900536
2023-10-09 18:30:00,420031.72271133226,9.662925571397428,3.2351225793720726,4.740042200231732,0.288430681809455,4.272313520957307,0.2704163456597992,1.2963471757210718,0.5677930961186478,0.9476418099683025,1.2439135822073815,1.9168192403041031,3.547366946060134,6.511113576032905
2023-10-09 18:35:00,385214.378830538,9.537368558345129,3.185824481372454,4.690274552667377,0.3011049785541922,5.650377132969113,3.0,7.800000000000001,1.2000000000000002,0.9476418099683025,1.2439135822073815,1.9168192403041031,3.547366946060134,6.511113576032905
2023-10-09 18:40:00,593856.2532378704,9.57486772283014,3.232407593283115,4.656509461350071,0.31029661693461924,7.870144574641914,3.0,7.800000000000001,1.2000000000000002,0.9476418099683025,1.2439135822073815,1.9168192403041031,3.547366946060134,6.511113576032905
2023-10-09 18:45:00,608231.4097357158,10.477957325331563,3.8107455296135773,4.673259265237182,0.29672435535497854,7.0127414128085634,3.0,7.800000000000001,1.2000000000000002,0.9973810706044105,1.3175587273438707,2.0467631421344286,3.3449759341436227,5.31313429154581
2023-10-09 18:50:00,481751.79367015924,12.606873368311986,5.487183615680478,4.237423302506103,0.33819013837395706,5.758293986793669,3.0,7.800000000000001,1.2000000000000002,0.9973810706044105,1.3175587273438707,2.0467631421344286,3.3449759341436227,5.31313429154581
2023-10-09 18:55:00,453132.50658963586,14.30957275898518,6.832518032290706,3.8833422830540814,0.3225313135885969,5.345774917113817,3.0,7.800000000000001,1.2000000000000002,0.9973810706044105,1.3175587273438707,2.0467631421344286,3.3449759341436227,5.31313429154581
2023-10-09 19:00:00,433745.279714871,13.723671554319624,6.362978910494722,4.015119902149997,0.3200212276731463,4.796884380193465,0.2524460338369371,1.3647297754500705,0.6576845748533259,0.8856415753565321,1.1082062082482664,1.7050142052194168,2.6763419531143624,4.2729259296177835
2023-10-09 19:05:00,285645.6018722821,13.296788951388123,5.973115157144392,4.183832892460516,0.3328588723314815,3.419405177464359,3.0,7.800000000000001,1.2000000000000002,0.8856415753565321,1.1082062082482664,1.7050142052194168,2.6763419531143624,4.2729259296177835
2023-10-09 19:10:00,279579.2996095946,12.07507762145175,5.5613361069329335,3.596907227244386,0.3225296749804857,2.753943732620556,3.0,7.800000000000001,1.2000000000000002,0.8856415753565321,1.1082062082482664,1.7050142052194168,2.6763419531143624,4.2729259296177835
2023-10-09 19:15:00,222613.40823850327,14.363443986219936,6.6622954918574,4.195518696885481,0.32763662641514457,2.129268260765282,3.0,7.800000000000001,1.2000000000000002,0.876584280032445,1.1019637017615418,1.6727591099736985,2.779611888375785,4.7340105618809085
2023-10-09 19:20:00,206263.16109888,10.205249817128324,4.414224847603635,3.4841552796955293,0.310292953585717,2.1839377571077776,3.0,7.800000000000001,1.2000000000000002,0.876584280032445,1.1019637017615418,1.6727591099736985,2.779611888375785,4.7340105618809085
2023-10-09 19:25:00,333646.680885181,10.054585713752752,4.3511390046649945,3.4305838559672917,0.2967214324866911,2.859134528324524,3.0,7.800000000000001,1.2000000000000002,0.876584280032445,1.1019637017615418,1.6727591099736985,2.779611888375785,4.7340105618809085
2023-10-09 19:30:00,317953.24438726716,9.226606996463357,4.05216778603984,3.064295580629681,0.29889217032140586,3.7541888089165276,0.3782975019743059,2.239400955612907,0.9904544411531507,0.8848163651289458,1.1108843324126954,1.7039366185395513,2.779611888375785,4.362900411423575
2023-10-09 19:35:00,235534.89467292343,11.133304580943134,4.768197517535503,3.867087096462895,0.3302308779449195,3.276381765846475,3.0,7.800000000000001,1.2000000000000002,0.8848163651289458,1.1108843324126954,1.7039366185395513,2.779611888375785,4.362900411423575
2023-10-09 19:40:00,247006.71509669296,12.856600231646631,5.940226913351673,3.7967831501583977,0.3463692613084563,3.162705003980019,3.0,7.800000000000001,1.2000000000000002,0.8848163651289458,1.1108843324126954,1.7039366185395513,2.779611888375785,4.362900411423575
2023-10-09 19:45:00,284192.99759842805,16.835741078480442,8.233185865861504,4.263079587432186,0.3519466405564372,3.4611082154938124,3.0,7.800000000000001,1.2000000000000002,0.9139064503547396,1.1485451667217967,1.7666975292901723,2.853932199615121,4.753303693222221
2023-10-09 19:50:00,208239.88957800885,16.120008144477897,7.727841998314943,4.320406052649492,0.38415175970486803,3.0420947780373644,3.0,7.800000000000001,1.2000000000000002,0.9139064503547396,1.1485451667217967,1.7666975292901723,2.853932199615121,4.753303693222221
2023-10-09 19:55:00,380725.22549298167,13.676220588223147,6.494855076282039,3.7677256523427367,0.34636713488517773,4.004054311649659,3.0,7.800000000000001,1.2000000000000002,0.9139064503547396,1.1485451667217967,1.7666975292901723,2.853932199615121,4.753303693222221
2023-10-09 20:00:00,362921.31836183433,13.734669673490636,6.7447333971413626,3.4466511805716364,0.36337081841778934,4.326886016687412,3.0,7.800000000000001,1.2000000000000002,0.9400085105997712,1.1656796300871006,1.761266862232978,2.918657910752817,4.6761668062634385
2023-10-09 20:05:00,366481.76569632266,13.872610968648347,6.87654561549039,3.383502946866151,0.35476728461965645,4.1543670656823615,3.0,7.800000000000001,1.2000000000000002,0.9400085105997712,1.1656796300871006,1.761266862232978,2.918657910752817,4.6761668062634385
2023-10-09 20:10:00,447851.48990789586,12.035895245189975,6.01988942940791,2.8642993890453026,0.3463650360917076,5.2127404008175215,3.0,7.800000000000001,1.2000000000000002,0.9400085105997712,1.1656796300871006,1.761266862232978,2.918657910752817,4.6761668062634385
2023-10-09 20:15:00,358172.8150547881,11.876813116244122,5.797527968520351,3.0430759391706945,0.3302261073418285,5.364209929047157,3.0,7.800000000000001,1.2000000000000002,0.9561511386804913,1.157556046159321,1.7374164267670547,2.611081002190472,3.9927138640278246
2023-10-09 20:20:00,378349.74565696553,11.931062677842938,5.660279016387185,3.304316382804438,0.3225220115027356,5.935257085042904,3.0,7.800000000000001,1.2000000000000002,0.9561511386804913,1.157556046159321,1.7374164267670547,2.611081002190472,3.9927138640278246
2023-10-09 20:25:00,577623.6827923262,12.207019168721251,5.857940398716658,3.278022995012061,0.33284902026673396,7.152526456100389,3.0,7.800000000000001,1.2000000000000002,0.9561511386804913,1.157556046159321,1.7374164267670547,2.611081002190472,3.9927138640278246
2023-10-09 20:30:00,365952.64901880425,12.554103595298818,5.992467199516073,3.4177356397737704,0.35193998467323917,5.19751233522178,3.0,2.901755082704259,1.0939114452276288,1.0691234727570058,1.2935412633542078,1.8903489201732044,2.9722720265816855,4.766812352086036
2023-10-09 20:35:00,268762.07356342825,12.855184083924076,6.220350407111228,3.3705138310663023,0.33817648833191405,3.773794612876924,3.0,7.800000000000001,1.2000000000000002,1.0691234727570058,1.2935412633542078,1.8903489201732044,2.9722720265816855,4.766812352086036
2023-10-09 20:40:00,419362.842182811,13.629037062468472,7.041347374570983,2.8937599386479964,0.36627405756294934,4.620421139377543,3.0,7.800000000000001,1.2000000000000002,1.0691234727570058,1.2935412633542078,1.8903489201732044,2.9722720265816855,4.766812352086036
2023-10-09 20:45:00,452992.08314175,13.946888674059716,7.4258108957357365,2.627554036635048,0.37215305512032915,4.728244258262417,3.0,7.800000000000001,1.2000000000000002,1.0348120602312287,1.2375071716963908,1.8157348264545679,2.7698175030135106,4.196490915038421
2023-10-09 20:50:00,342081.7269273439,14.360973944409706,7.648259213061041,2.699954605922199,0.3781094106909142,3.9808996326774775,3.0,7.800000000000001,1.2000000000000002,1.0348120602312287,1.2375071716963908,1.8157348264545679,2.7698175030135106,4.196490915038421
2023-10-09 20:55:00,296189.7096886218,15.310681492788865,8.203033171465552,2.7990459681058915,0.3751204763403734,4.059572943071734,3.0,7.800000000000001,1.2000000000000002,1.0348120602312287,1.2375071716963908,1.8157348264545679,2.7698175030135106,4.196490915038421
2023-10-09 21:00:00,382171.6312173395,15.532327357448672,8.24972673032349,2.9470178020818985,0.3751195839209309,4.32492359255376,0.3213502761785028,1.7462577129393013,0.8825100565999233,1.0779726341609976,1.3194093375446454,1.9488923623432874,3.339250814179731,5.751477723159502
2023-10-09 21:05:00,384413.2604638797,13.448485780890126,7.096299854665558,2.633311673418258,0.3841376729175007,3.7229209644644614,3.0,7.800000000000001,1.2000000000000002,1.0779726341609976,1.3194093375446454,1.9488923623432874,3.339250814179731,5.751477723159502
2023-10-09 21:10:00,343663.1607500138,12.444309249200979,6.6240090319939355,2.35741088054836,0.37511782883430994,3.3166570126615076,3.0,7.800000000000001,1.2000000000000002,1.0779726341609976,1.3194093375446454,1.9488923623432874,3.339250814179731,5.751477723159502
2023-10-09 21:15:00,329024.7432573461,12.109527453994247,6.478495975540603,2.2478927132747577,0.37511693641990057,3.2597285321248446,3.0,7.800000000000001,1.2000000000000002,1.0735455276791945,1.2834032881366637,1.8430976534085217,3.0784464020021525,5.029799598393558
2023-10-09 21:20:00,351179.38014900405,12.552821093791588,6.62677013622512,2.4595060003582367,0.37511604400718773,3.2312265000678995,3.0,7.800000000000001,1.2000000000000002,1.0735455276791945,1.2834032881366637,1.8430976534085217,3.0784464020021525,5.029799598393558
2023-10-09 21:25:00,446395.00098402996,12.607075669018366,6.684439424739116,2.426201862573086,0.3751151515961714,4.2451308685013736,3.0,7.800000000000001,1.2000000000000002,1.0735455276791945,1.2834032881366637,1.8430976534085217,3.0784464020021525,5.029799598393558
2023-10-09 21:30:00,328496.4423666695,11.410603986062087,6.105122655868877,2.1236050618553604,0.38717499507115555,3.786524095479143,0.3573149870912218,2.1098132997969277,0.8240462669049597,1.2219758590086796,1.4452459998214837,2.0948594224911607,2.9906424477024998,4.261452334592047
2023-10-09 21:35:00,420282.1509769343,10.703658347928087,5.646681642475273,2.118344794352031,0.3751133965261221,4.14437232119684,3.0,7.800000000000001,1.2000000000000002,1.2219758590086796,1.4452459998214837,2.0948594224911607,2.9906424477024998,4.261452334592047
2023-10-09 21:40:00,375311.42915164056,10.778811690840614,5.643943723123891,2.195610386369764,0.3547529035447215,3.4723549543684262,3.0,7.800000000000001,1.2000000000000002,1.2219758590086796,1.4452459998214837,2.0948594224911607,2.9906424477024998,4.261452334592047
2023-10-09 21:45:00,394960.7379835517,10.891602964267621,5.869052460683927,1.9704806862233968,0.3604650840086608,3.6504128298796017,3.0,7.800000000000001,1.2000000000000002,1.1683903457321103,1.3900392080801176,2.0032917311265477,3.0869597098115804,4.666531474232228
2023-10-09 21:50:00,466834.5368502823,11.945493424610268,6.525221460233321,2.018740042609369,0.3604643079117567,3.971937429100057,3.0,7.800000000000001,1.2000000000000002,1.1683903457321103,1.3900392080801176,2.0032917311265477,3.0869597098115804,4.666531474232228
2023-10-09 21:55:00,412499.85815386527,11.108831692983234,5.94044387296085,2.0752188404708773,0.3463502620816913,3.928839237074198,3.0,7.800000000000001,1.2000000000000002,1.1683903457321103,1.3900392080801176,2.0032917311265477,3.0869597098115804,4.666531474232228
2023-10-09 22:00:00,423709.0944000217,10.473023694843612,5.649466941977133,1.8906454519018656,0.3721400504745129,3.671408014071772,0.36930475220338016,2.1530090199532372,0.8375374618487225,1.1404494727957044,1.3472197296655064,1.9179236272594382,3.0090270852885324,4.689658836205466
2023-10-09 22:05:00,372936.089313712,11.292600405788058,6.206758222182105,1.858626039582977,0.36918967128803537,3.350805239695089,3.0,7.800000000000001,1.2000000000000002,1.1404494727957044,1.3472197296655064,1.9179236272594382,3.0090270852885324,4.689658836205466
2023-10-09 22:10:00,400366.13863903016,11.23810456199298,6.091458568293592,1.97645626865727,0.37213830669815245,3.721098162379031,3.0,7.800000000000001,1.2000000000000002,1.1404494727957044,1.3472197296655064,1.9179236272594382,3.0090270852885324,4.689658836205466
2023-10-09 22:15:00,402607.65079400374,10.70264715310789,5.808707148264151,1.8770883778090446,0.37510634656509795,4.487685657537815,3.0,7.800000000000001,1.2000000000000002,1.194665225073535,1.4021768789992224,1.9810575357621494,2.9496821862702425,4.362900411423575
2023-10-09 22:20:00,388364.5895844388,10.501786110125392,5.641265651530336,1.9305625881004136,0.3751054541725185,5.814199075055672,3.0,7.800000000000001,1.2000000000000002,1.194665225073535,1.4021768789992224,1.9810575357621494,2.9496821862702425,4.362900411423575
2023-10-09 22:25:00,529870.5791914401,10.418025332286307,5.512267419705926,2.040661150264517,0.3721357353791709,8.212375800902503,3.0,7.800000000000001,1.2000000000000002,1.194665225073535,1.4021768789992224,1.9810575357621494,2.9496821862702425,4.362900411423575
2023-10-09 22:30:00,515363.19731009065,10.530808171418126,5.512272406569192,2.150301129883522,0.35474531691016,6.812436897189512,0.3812951612596205,2.16740763124983,0.9049973756868025,1.3221860686000289,1.587781156205099,2.2751712023493966,3.5114037079208082,5.32674234405983
2023-10-09 22:35:00,343394.3852236264,11.174732813974677,5.822464850744669,2.3154062363959356,0.3519215342243531,4.393618613716238,3.0,7.800000000000001,1.2000000000000002,1.3221860686000289,1.587781156205099,2.2751712023493966,3.5114037079208082,5.32674234405983
2023-10-09 22:40:00,382692.57868749875,11.136960449746368,6.064050744539688,1.9191790979924226,0.3691837406293433,4.501209337798232,3.0,7.800000000000001,1.2000000000000002,1.3221860686000289,1.587781156205099,2.2751712023493966,3.5114037079208082,5.32674234405983
2023-10-09 22:45:00,443091.9757452708,10.831528458584547,5.863658517376344,1.9203482505928806,0.33815958792031464,4.5154131132200055,3.0,7.800000000000001,1.2000000000000002,1.3268161138605454,1.5820875449860543,2.2627132032142296,3.294914300858218,5.243182621271169
2023-10-09 22:50:00,270997.4798163675,10.998691705884765,5.943276818112929,1.9641963226073096,0.3547423162705201,3.2219604942655997,3.0,7.800000000000001,1.2000000000000002,1.3268161138605454,1.5820875449860543,2.2627132032142296,3.294914300858218,5.243182621271169
2023-10-09 22:55:00,215484.9924902071,11.609205295434812,6.344106305506212,1.9614442683811693,0.3691811863606071,2.819528806321734,3.0,7.800000000000001,1.2000000000000002,1.3268161138605454,1.5820875449860543,2.2627132032142296,3.294914300858218,5.243182621271169
2023-10-09 23:00:00,345898.4476621526,11.59234803480834,6.2288025258071436,2.1162923020805042,0.34634112186919386,3.0095425291902425,0.4052776825831889,2.538177298771699,1.0849148584105575,1.4630874888399532,1.7288796950626728,2.451541555837877,3.7319727022045592,6.2502700741647965
2023-10-09 23:05:00,255964.45156570972,11.278529895506297,6.036638143972574,2.0970815188138765,0.34085981890749334,2.8896269232395175,3.0,7.800000000000001,1.2000000000000002,1.4630874888399532,1.7288796950626728,2.451541555837877,3.7319727022045592,6.2502700741647965
2023-10-09 23:10:00,275479.96708786243,11.219843991703197,5.795071696390046,2.400543267164145,0.3463397135818365,2.8192151791951616,3.0,7.800000000000001,1.2000000000000002,1.4630874888399532,1.7288796950626728,2.451541555837877,3.7319727022045592,6.2502700741647965
2023-10-09 23:15:00,257678.25467522012,11.382832611595374,5.921353975120605,2.3709191962915,0.34633902324717203,2.5672058175109402,3.0,7.800000000000001,1.2000000000000002,1.6067759644704673,1.8460035211234025,2.5190401028963394,3.5660803412149873,5.3987039185345225
2023-10-09 23:20:00,252799.17919976322,11.717318770286932,6.195889496984105,2.287197852989554,0.3435857629246731,2.2281151852820296,3.0,7.800000000000001,1.2000000000000002,1.6067759644704673,1.8460035211234025,2.5190401028963394,3.5660803412149873,5.3987039185345225
2023-10-09 23:25:00,182522.89741114678,11.336571448829034,6.011963993626857,2.190328782527083,0.34633761496909804,1.8356410550801292,3.0,7.800000000000001,1.2000000000000002,1.6067759644704673,1.8460035211234025,2.5190401028963394,3.5660803412149873,5.3987039185345225
2023-10-09 23:30:00,276138.3348774815,11.96803460993995,6.495159362621249,2.085274489159817,0.3491134369797961,2.0302518706895456,0.4382567740491868,2.5489765475578623,0.8915049074458311,1.609627286051029,1.8855036462441541,2.6177402468541446,4.082857118489453,6.589643389440737
2023-10-09 23:35:00,255435.65469158333,11.662563384911232,6.297492569110505,2.082367394927187,0.3604476365744605,2.036951432100988,3.0,7.800000000000001,1.2000000000000002,1.609627286051029,1.8855036462441541,2.6177402468541446,4.082857118489453,6.589643389440737
2023-10-09 23:40:00,247787.77553116097,10.39103387317197,5.6194446980528046,1.855863419694618,0.3276058874674117,2.036878633061413,3.0,7.800000000000001,1.2000000000000002,1.609627286051029,1.8855036462441541,2.6177402468541446,4.082857118489453,6.589643389440737
2023-10-09 23:45:00,234601.79582651553,10.340729615554636,5.641412770854644,1.7750965333309565,0.33815179634051007,2.172925364152411,3.0,7.800000000000001,1.2000000000000002,1.5489209147015868,1.759536586718219,2.427562036282492,3.3750484811332706,4.867249325851306
2023-10-09 23:50:00,224844.3528882091,10.198427865274025,5.3889028135534,2.010761523855112,0.34358165736181173,2.1796845163146146,3.0,7.800000000000001,1.2000000000000002,1.5489209147015868,1.759536586718219,2.427562036282492,3.3750484811332706,4.867249325851306
2023-10-09 23:55:00,252797.5715143134,9.8052578005579,5.139165763152154,2.000089357975781,0.338150506720589,2.5734160830267014,3.0,7.800000000000001,1.2000000000000002,1.5489209147015868,1.759536586718219,2.427562036282492,3.3750484811332706,4.867249325851306
2023-10-10 00:00:00,1158528.0880000002,63.239320719999995,15.339260352,38.895371761322025,3.8641953000000004,8.0085699,0.4772357907785208,2.530977803142493,0.8150522989354734,1.5489209147015868,1.759536586718219,2.427562036282492,3.3750484811332706,4.867249325851306
